gene,symbol,importance,rank,direction_rho,direction,top50_fold_frequency
ENSG00000132002,DNAJB1,0.00046482738894641047,1,0.6180783910764029,higher rank -> more PD-like,0.56
ENSG00000164434,FABP7,0.00033662600263617337,2,-0.4826228878647968,higher rank -> less PD-like,0.52
ENSG00000151929,BAG3,0.0003272822407424049,3,0.5345926290782741,higher rank -> more PD-like,0.2
ENSG00000175265,GOLGA8A,0.00030160787242090284,4,-0.32685291858677173,higher rank -> less PD-like,0.2
ENSG00000149743,TRPT1,0.00030159746620100246,5,-0.5020161290322306,higher rank -> less PD-like,0.28
ENSG00000148219,ASTN2,0.0002991663458993247,6,-0.4037538402457535,higher rank -> less PD-like,0.6
ENSG00000145934,TENM2,0.000295541617241844,7,0.31435189076631603,higher rank -> more PD-like,0.48
ENSG00000118946,PCDH17,0.00029225528976387766,8,-0.23219086021504107,higher rank -> less PD-like,0.48
ENSG00000182747,SLC35D3,0.0002835267982153638,9,-0.44138824884790206,higher rank -> less PD-like,0.48
ENSG00000171617,ENC1,0.00028241858349986604,10,0.420170890936997,higher rank -> more PD-like,0.6
ENSG00000127922,SEM1,0.00027753374750764996,11,-0.38560867895543194,higher rank -> less PD-like,0.36
ENSG00000188848,BEND4,0.0002757564671369215,12,0.24659178187402653,higher rank -> more PD-like,0.08
ENSG00000116741,RGS2,0.0002756691885571133,13,0.3950460235262118,higher rank -> more PD-like,0.36
ENSG00000170017,ALCAM,0.0002735436331200815,14,-0.3234927035330084,higher rank -> less PD-like,0.36
ENSG00000183166,CALN1,0.0002709981553915008,15,-0.5782279453654515,higher rank -> less PD-like,0.4
ENSG00000162413,KLHL21,0.00027040526315396686,16,0.40072964669736666,higher rank -> more PD-like,0.12
ENSG00000130766,SESN2,0.0002702558627395302,17,0.3675595238095036,higher rank -> more PD-like,0.28
ENSG00000111879,FAM184A,0.00026697784472078903,18,-0.2786098310291706,higher rank -> less PD-like,0.32
ENSG00000003402,CFLAR,0.000261426478743825,19,0.39549731182793535,higher rank -> more PD-like,0.24
ENSG00000101333,PLCB4,0.0002602988398572759,20,0.3832565284177977,higher rank -> more PD-like,0.4
ENSG00000103429,BFAR,0.0002592378243062165,21,0.34311019379585955,higher rank -> more PD-like,0.12
ENSG00000162374,ELAVL4,0.0002580919258634459,22,0.3750960061443726,higher rank -> more PD-like,0.16
ENSG00000145882,PCYOX1L,0.00025146271125578445,23,-0.4152745775729419,higher rank -> less PD-like,0.04
ENSG00000107651,SEC23IP,0.00025142556574599866,24,-0.33292930265095594,higher rank -> less PD-like,0.08
ENSG00000017427,IGF1,0.0002502256496386488,25,0.4029377880184112,higher rank -> more PD-like,0.4
ENSG00000105993,DNAJB6,0.00024926963479792233,26,0.28151739534230136,higher rank -> more PD-like,0.0
ENSG00000099622,CIRBP,0.0002485814933861229,27,-0.3211885560675708,higher rank -> less PD-like,0.08
ENSG00000048540,LMO3,0.0002483903362085417,28,-0.38388056835635387,higher rank -> less PD-like,0.2
ENSG00000132640,BTBD3,0.0002480369833370122,29,-0.4628936251919869,higher rank -> less PD-like,0.16
ENSG00000066933,MYO9A,0.0002474937538764791,30,0.3967501530401774,higher rank -> more PD-like,0.12
ENSG00000177311,ZBTB38,0.00024568642772109965,31,0.22959869431642374,higher rank -> more PD-like,0.12
ENSG00000100227,POLDIP3,0.00024525896661086876,32,0.1729832225734005,higher rank -> more PD-like,0.24
ENSG00000118507,AKAP7,0.00024416600935455867,33,-0.1838517665130468,higher rank -> less PD-like,0.08
ENSG00000136816,TOR1B,0.0002436008087077813,34,-0.3718317972350026,higher rank -> less PD-like,0.24
ENSG00000187398,LUZP2,0.00024260354662869737,35,-0.23051075268815938,higher rank -> less PD-like,0.32
ENSG00000196428,TSC22D2,0.00024238573829425523,36,0.30433947772655784,higher rank -> more PD-like,0.08
ENSG00000188811,NHLRC3,0.00024232969721475116,37,-0.33552149965811495,higher rank -> less PD-like,0.28
ENSG00000135541,AHI1,0.00024176548207335946,38,-0.21826996927802186,higher rank -> less PD-like,0.04
ENSG00000077782,FGFR1,0.00024097321498212405,39,0.3576228878648038,higher rank -> more PD-like,0.24
ENSG00000111912,NCOA7,0.00023945796132276263,40,0.3152399582595094,higher rank -> more PD-like,0.24
ENSG00000187094,CCK,0.00023825913694841913,41,-0.3066233033931196,higher rank -> less PD-like,0.4
ENSG00000147274,RBMX,0.00023747708917441695,42,-0.14823348694315622,higher rank -> less PD-like,0.0
ENSG00000115652,UXS1,0.0002368991844937923,43,0.4252592165898385,higher rank -> more PD-like,0.16
ENSG00000145990,GFOD1,0.0002359734461247131,44,0.36933563748077847,higher rank -> more PD-like,0.08
ENSG00000155849,ELMO1,0.0002356986671762382,45,-0.286098310291843,higher rank -> less PD-like,0.16
ENSG00000152137,HSPB8,0.00023500644966851638,46,0.3693836405529751,higher rank -> more PD-like,0.12
ENSG00000181192,DHTKD1,0.00023422843971844425,47,-0.2525441628264071,higher rank -> less PD-like,0.08
ENSG00000069248,NUP133,0.00023373218353696355,48,-0.10224654377879623,higher rank -> less PD-like,0.0
ENSG00000110172,CHORDC1,0.00023290448957638443,49,0.41743471582178965,higher rank -> more PD-like,0.12
ENSG00000043143,JADE2,0.00023262855161985068,50,0.28014592933946236,higher rank -> more PD-like,0.32
ENSG00000197448,GSTK1,0.00023095612201139298,51,0.4920853985256938,higher rank -> more PD-like,0.36
ENSG00000168002,POLR2G,0.00023079541173792658,52,-0.18620615168092536,higher rank -> less PD-like,0.0
ENSG00000113361,CDH6,0.00022885226162161823,53,0.3309131494231655,higher rank -> more PD-like,0.2
ENSG00000245532,NEAT1,0.00022875407406143397,54,0.38052035330259054,higher rank -> more PD-like,0.12
ENSG00000086589,RBM22,0.0002285692505949456,55,-0.328821044546833,higher rank -> less PD-like,0.08
ENSG00000175497,DPP10,0.00022851550644099246,56,-0.5313940092165608,higher rank -> less PD-like,0.28
ENSG00000089169,RPH3A,0.00022685565458677206,57,0.3822004608294721,higher rank -> more PD-like,0.2
ENSG00000108599,AKAP10,0.0002263523549914949,58,0.24102342549921874,higher rank -> more PD-like,0.16
ENSG00000077684,JADE1,0.00022249442711105418,59,0.383981182597505,higher rank -> more PD-like,0.16
ENSG00000172403,SYNPO2,0.00022223785412509397,60,0.3710157450076602,higher rank -> more PD-like,0.16
ENSG00000115271,GCA,0.0002218523122779665,61,-0.4478206605222489,higher rank -> less PD-like,0.12
ENSG00000113758,DBN1,0.000219478361047548,62,-0.208573348694305,higher rank -> less PD-like,0.16
ENSG00000171723,GPHN,0.00021885643082669804,63,-0.2753936251919972,higher rank -> less PD-like,0.08
ENSG00000156050,FAM161B,0.0002186604663378828,64,0.14895353302610553,higher rank -> more PD-like,0.28
ENSG00000047188,YTHDC2,0.00021784083334109824,65,-0.29349078341012214,higher rank -> less PD-like,0.12
ENSG00000166501,PRKCB,0.0002178127649408216,66,0.3691764876372239,higher rank -> more PD-like,0.12
ENSG00000134324,LPIN1,0.00021657394368106782,67,0.41618663594467764,higher rank -> more PD-like,0.08
ENSG00000117614,SYF2,0.00021584563023152275,68,-0.17674731182794728,higher rank -> less PD-like,0.0
ENSG00000165092,ALDH1A1,0.00021473351906911342,69,-0.34737840078345367,higher rank -> less PD-like,0.16
ENSG00000134283,PPHLN1,0.00021413621164784755,70,-0.46442972350227874,higher rank -> less PD-like,0.16
ENSG00000078328,RBFOX1,0.0002138316958982853,71,0.3293010752687991,higher rank -> more PD-like,0.04
ENSG00000101882,NKAP,0.0002137073533934353,72,-0.2821894464182315,higher rank -> less PD-like,0.04
ENSG00000157600,TMEM164,0.00021297048689216823,73,0.049203149001533386,higher rank -> more PD-like,0.04
ENSG00000136383,ALPK3,0.00021259549762920463,74,0.1952284946236452,higher rank -> more PD-like,0.0
ENSG00000164163,ABCE1,0.00021250783576825906,75,-0.3591109831028989,higher rank -> less PD-like,0.08
ENSG00000136367,ZFHX2,0.00021219816674073193,76,0.25009600614437966,higher rank -> more PD-like,0.16
ENSG00000131504,DIAPH1,0.00021052705211474566,77,0.23742319508447238,higher rank -> more PD-like,0.08
ENSG00000124831,LRRFIP1,0.00021042514856883565,78,0.3250366033146927,higher rank -> more PD-like,0.24
ENSG00000124785,NRN1,0.0002097340369146012,79,-0.3673479184682345,higher rank -> less PD-like,0.24
ENSG00000164330,EBF1,0.00020887545219654819,80,-0.1155433947772594,higher rank -> less PD-like,0.36
ENSG00000070495,JMJD6,0.00020833307427420403,81,0.38080837173577026,higher rank -> more PD-like,0.04
ENSG00000108684,ASIC2,0.00020631546977501502,82,0.02390552995391574,higher rank -> more PD-like,0.12
ENSG00000144619,CNTN4,0.00020610396286768425,83,-0.4207999808288199,higher rank -> less PD-like,0.36
ENSG00000185565,LSAMP,0.00020546732827599013,84,0.4519489247311581,higher rank -> more PD-like,0.0
ENSG00000168591,TMUB2,0.00020538602093424615,85,-0.30707933805178644,higher rank -> less PD-like,0.04
ENSG00000109920,FNBP4,0.0002046418296388799,86,-0.23761805898957997,higher rank -> less PD-like,0.0
ENSG00000022567,SLC45A4,0.00020451780963106847,87,0.3474264044317343,higher rank -> more PD-like,0.2
ENSG00000127527,EPS15L1,0.0002038373468251261,88,0.3642080504133175,higher rank -> more PD-like,0.08
ENSG00000144891,AGTR1,0.00020365346741621937,89,-0.28768241167433145,higher rank -> less PD-like,0.4
ENSG00000231721,LINC-PINT,0.00020343966934553657,90,0.2758529648451759,higher rank -> more PD-like,0.04
ENSG00000171735,CAMTA1,0.00020292156286988642,91,0.3937211981566605,higher rank -> more PD-like,0.24
ENSG00000135298,ADGRB3,0.00020282998785824068,92,-0.4144105222734028,higher rank -> less PD-like,0.16
ENSG00000134986,NREP,0.00020197229011121142,93,-0.22825460829491837,higher rank -> less PD-like,0.16
ENSG00000120697,ALG5,0.000200595368045371,94,-0.2451036866359312,higher rank -> less PD-like,0.0
ENSG00000143013,LMO4,0.00020049691398668293,95,0.4424923195084242,higher rank -> more PD-like,0.16
ENSG00000117625,RCOR3,0.00020032076145100306,96,-0.2025249615975312,higher rank -> less PD-like,0.04
ENSG00000135334,AKIRIN2,0.00020010239026599873,97,0.380328341013804,higher rank -> more PD-like,0.0
ENSG00000120694,HSPH1,0.0001999687523849944,98,0.44172957147921516,higher rank -> more PD-like,0.0
ENSG00000135597,REPS1,0.00019996243519811155,99,-0.19254263325398088,higher rank -> less PD-like,0.0
ENSG00000120885,CLU,0.0001996211232151331,100,0.43217165898615145,higher rank -> more PD-like,0.12
ENSG00000135549,PKIB,0.00019939545757556313,101,0.1923003072196515,higher rank -> more PD-like,0.0
ENSG00000144647,POMGNT2,0.00019913506304988058,102,0.15927419354837835,higher rank -> more PD-like,0.0
ENSG00000033122,LRRC7,0.00019877523029363374,103,-0.21764592933946578,higher rank -> less PD-like,0.04
ENSG00000142892,PIGK,0.00019820743300272633,104,-0.15380184331796393,higher rank -> less PD-like,0.0
ENSG00000117115,PADI2,0.0001980668658401081,105,-0.12720814132103758,higher rank -> less PD-like,0.04
ENSG00000157152,SYN2,0.0001980029519661483,106,0.3227726574500592,higher rank -> more PD-like,0.24
ENSG00000162434,JAK1,0.00019776319302053965,107,0.3299731182795517,higher rank -> more PD-like,0.08
ENSG00000114770,ABCC5,0.00019769597979794063,108,0.2982466667681334,higher rank -> more PD-like,0.12
ENSG00000116918,TSNAX,0.00019760178210080339,109,-0.11011904761904155,higher rank -> less PD-like,0.08
ENSG00000166295,ANAPC16,0.00019689060161669824,110,0.25338725744979756,higher rank -> more PD-like,0.28
ENSG00000184226,PCDH9,0.00019595043273062647,111,-0.1547619047618963,higher rank -> less PD-like,0.12
ENSG00000049759,NEDD4L,0.00019591196690545002,112,0.1815956221198057,higher rank -> more PD-like,0.04
ENSG00000118473,SGIP1,0.00019563495864268526,113,-0.4971198156681755,higher rank -> less PD-like,0.0
ENSG00000137200,CMTR1,0.0001956208894574181,114,-0.329205069124406,higher rank -> less PD-like,0.04
ENSG00000165271,NOL6,0.00019539609426509733,115,-0.3109639016896912,higher rank -> less PD-like,0.04
ENSG00000138036,DYNC2LI1,0.00019494759260602602,116,-0.18269969278032797,higher rank -> less PD-like,0.4
ENSG00000136235,GPNMB,0.00019479381371983293,117,0.505238398154612,higher rank -> more PD-like,0.08
ENSG00000076513,ANKRD13A,0.00019477381186544122,118,-0.24222350230413417,higher rank -> less PD-like,0.16
ENSG00000110958,PTGES3,0.00019465460867284782,119,0.33021313364053484,higher rank -> more PD-like,0.08
ENSG00000110315,RNF141,0.00019387744488241152,120,-0.16345242239586255,higher rank -> less PD-like,0.04
ENSG00000101040,ZMYND8,0.00019266618214893512,121,0.4587653609830779,higher rank -> more PD-like,0.44
ENSG00000150627,WDR17,0.00019144162656335977,122,-0.34713838254205,higher rank -> less PD-like,0.04
ENSG00000009335,UBE3C,0.0001913171552339927,123,-0.18164362519200233,higher rank -> less PD-like,0.04
ENSG00000158555,GDPD5,0.0001910025276721795,124,-0.3881048387096561,higher rank -> less PD-like,0.28
ENSG00000064042,LIMCH1,0.00019021553687922292,125,0.29750261021978225,higher rank -> more PD-like,0.0
ENSG00000156253,RWDD2B,0.00019012457901852178,126,-0.27508490647268447,higher rank -> less PD-like,0.0
ENSG00000115128,SF3B6,0.00018993580895235212,127,-0.18922811059906797,higher rank -> less PD-like,0.0
ENSG00000124535,WRNIP1,0.00018960422169833873,128,0.2382872503840115,higher rank -> more PD-like,0.0
ENSG00000110318,CEP126,0.00018911595838494604,129,0.3808129418109773,higher rank -> more PD-like,0.16
ENSG00000103351,CLUAP1,0.0001884789730388451,130,-0.2637768817204156,higher rank -> less PD-like,0.0
ENSG00000182901,RGS7,0.00018754706061953184,131,-0.3392857142856956,higher rank -> less PD-like,0.08
ENSG00000132164,SLC6A11,0.0001870271676736959,132,-0.06427688504788838,higher rank -> less PD-like,0.08
ENSG00000165813,CCDC186,0.00018695887299633888,133,-0.26972926267279634,higher rank -> less PD-like,0.0
ENSG00000153406,NMRAL1,0.00018665293319334306,134,-0.11151113671274351,higher rank -> less PD-like,0.0
ENSG00000170088,TMEM192,0.00018648359068284458,135,-0.2206221198156561,higher rank -> less PD-like,0.08
ENSG00000198231,DDX42,0.0001863987201241227,136,-0.2632008448540562,higher rank -> less PD-like,0.0
ENSG00000124225,PMEPA1,0.0001857357215565999,137,0.34490207373269993,higher rank -> more PD-like,0.0
ENSG00000153561,RMND5A,0.0001856953913369933,138,0.28526167990819784,higher rank -> more PD-like,0.0
ENSG00000136936,XPA,0.00018540385554435942,139,-0.32104454685098094,higher rank -> less PD-like,0.12
ENSG00000152127,MGAT5,0.00018521859384222855,140,-0.3044834869431477,higher rank -> less PD-like,0.04
ENSG00000160753,RUSC1,0.00018429916839960388,141,0.25591052019947214,higher rank -> more PD-like,0.04
ENSG00000047648,ARHGAP6,0.00018368928264976528,142,0.15245775729645863,higher rank -> more PD-like,0.0
ENSG00000118263,KLF7,0.00018345199951918509,143,0.16278037131993245,higher rank -> more PD-like,0.08
ENSG00000173120,KDM2A,0.00018333208953023175,144,0.2274865591397725,higher rank -> more PD-like,0.0
ENSG00000187098,MITF,0.00018295067224745857,145,0.27424155145927837,higher rank -> more PD-like,0.08
ENSG00000147408,CSGALNACT1,0.00018258835860116387,146,-0.31864439324115,higher rank -> less PD-like,0.28
ENSG00000163630,SYNPR,0.00018255479855240207,147,-0.3852726574500557,higher rank -> less PD-like,0.28
ENSG00000147526,TACC1,0.00018203870382201972,148,0.2265264976958401,higher rank -> more PD-like,0.0
ENSG00000089057,SLC23A2,0.00018159772616556643,149,-0.4022657450076585,higher rank -> less PD-like,0.08
ENSG00000113269,RNF130,0.00018154242721375277,150,0.3368375576036682,higher rank -> more PD-like,0.12
ENSG00000154822,PLCL2,0.00018142344266584563,151,0.39098502304145316,higher rank -> more PD-like,0.0
ENSG00000124596,OARD1,0.0001813920665865472,152,-0.27998127859731825,higher rank -> less PD-like,0.0
ENSG00000140403,DNAJA4,0.00018137305139872618,153,0.25518433179722105,higher rank -> more PD-like,0.0
ENSG00000131323,TRAF3,0.00018133626602949828,154,0.29277425086413095,higher rank -> more PD-like,0.16
ENSG00000162630,B3GALT2,0.00018124731536866897,155,0.25772849462364184,higher rank -> more PD-like,0.08
ENSG00000165655,ZNF503,0.00018117700465865682,156,-0.20958141321043405,higher rank -> less PD-like,0.28
ENSG00000168314,MOBP,0.00018087971144378474,157,-0.22211021505375125,higher rank -> less PD-like,0.0
ENSG00000125144,MT1G,0.0001808312684054266,158,0.3605030721966008,higher rank -> more PD-like,0.04
ENSG00000151461,UPF2,0.00018058394932617326,159,0.23982334869430327,higher rank -> more PD-like,0.08
ENSG00000170899,GSTA4,0.00018037449297738978,160,-0.36847158218123943,higher rank -> less PD-like,0.0
ENSG00000162616,DNAJB4,0.00017960208427045477,161,0.40006240477154736,higher rank -> more PD-like,0.0
ENSG00000164904,ALDH7A1,0.00017958342516971097,162,-0.04195468509984409,higher rank -> less PD-like,0.0
ENSG00000196968,FUT11,0.0001794453550252029,163,-0.16738671274960681,higher rank -> less PD-like,0.0
ENSG00000138386,NAB1,0.00017919591768731868,164,0.24366359447003272,higher rank -> more PD-like,0.04
ENSG00000153234,NR4A2,0.00017850361290975498,165,-0.010752817214881976,higher rank -> less PD-like,0.12
ENSG00000081803,CADPS2,0.00017845784140581468,166,0.4291526156296656,higher rank -> more PD-like,0.08
ENSG00000135838,NPL,0.00017828430624171904,167,-0.20929339477725423,higher rank -> less PD-like,0.08
ENSG00000143321,HDGF,0.00017824663297094428,168,0.4222830261136481,higher rank -> more PD-like,0.0
ENSG00000147324,MFHAS1,0.00017776414308290939,169,0.2824980798770967,higher rank -> more PD-like,0.0
ENSG00000153904,DDAH1,0.00017774000525530473,170,-0.17648541290407893,higher rank -> less PD-like,0.0
ENSG00000100504,PYGL,0.00017721949375699557,171,-0.3282450076804736,higher rank -> less PD-like,0.04
ENSG00000121579,NAA50,0.00017721583141319406,172,0.16853878648232568,higher rank -> more PD-like,0.04
ENSG00000109501,WFS1,0.00017718554704928812,173,0.10973502304146865,higher rank -> more PD-like,0.0
ENSG00000182919,C11orf54,0.00017690544073124156,174,-0.2988671274961433,higher rank -> less PD-like,0.04
ENSG00000066557,LRRC40,0.00017573371544044706,175,-0.446433929010726,higher rank -> less PD-like,0.16
ENSG00000184349,EFNA5,0.00017571041124509094,176,0.29488287250382406,higher rank -> more PD-like,0.04
ENSG00000112294,ALDH5A1,0.0001752208814080383,177,-0.10325460829492525,higher rank -> less PD-like,0.04
ENSG00000019995,ZRANB1,0.00017520235432620605,178,0.31355606758830856,higher rank -> more PD-like,0.2
ENSG00000151806,GUF1,0.00017505982191728348,179,-0.12639208909369504,higher rank -> less PD-like,0.24
ENSG00000177054,ZDHHC13,0.00017480002455573122,180,-0.05393209884339255,higher rank -> less PD-like,0.04
ENSG00000113141,IK,0.0001747632466059404,181,-0.3349174347158035,higher rank -> less PD-like,0.0
ENSG00000130224,LRCH2,0.0001747427968991596,182,-0.2907546082949149,higher rank -> less PD-like,0.04
ENSG00000166073,GPR176,0.00017461342400421442,183,-0.06019585253455889,higher rank -> less PD-like,0.0
ENSG00000145390,USP53,0.00017369186068503964,184,-0.23007872503838983,higher rank -> less PD-like,0.0
ENSG00000110693,SOX6,0.0001736878887961318,185,-0.34658218125958157,higher rank -> less PD-like,0.32
ENSG00000059145,UNKL,0.00017352451198534034,186,0.1783314132104357,higher rank -> more PD-like,0.08
ENSG00000183114,FAM43B,0.00017329676806116702,187,0.06101190476190141,higher rank -> more PD-like,0.0
ENSG00000123178,SPRYD7,0.00017317221290360585,188,-0.3714957757296265,higher rank -> less PD-like,0.04
ENSG00000135503,ACVR1B,0.00017307806693868776,189,-0.05438748079876813,higher rank -> less PD-like,0.0
ENSG00000119707,RBM25,0.00017304018375640393,190,0.018193382698394107,higher rank -> more PD-like,0.0
ENSG00000119938,PPP1R3C,0.00017291877401637276,191,0.23867127496158444,higher rank -> more PD-like,0.04
ENSG00000063322,MED29,0.00017291749450508784,192,-0.3096678187403824,higher rank -> less PD-like,0.0
ENSG00000079156,OSBPL6,0.00017278276423624326,193,0.25945971895730907,higher rank -> more PD-like,0.0
ENSG00000165300,SLITRK5,0.00017256889199172476,194,-0.4244962617464355,higher rank -> less PD-like,0.04
ENSG00000213079,SCAF8,0.00017228599585559915,195,-0.191868279569882,higher rank -> less PD-like,0.0
ENSG00000139174,PRICKLE1,0.00017209823301189922,196,0.3328052995391522,higher rank -> more PD-like,0.28
ENSG00000116754,SRSF11,0.0001720292027075712,197,-0.2308467741935357,higher rank -> less PD-like,0.04
ENSG00000151490,PTPRO,0.00017201821129177755,198,0.2440505478591969,higher rank -> more PD-like,0.04
ENSG00000069509,FUNDC1,0.00017130648684833037,199,-0.3545026881720236,higher rank -> less PD-like,0.0
ENSG00000148672,GLUD1,0.00017121479071460674,200,-0.26219278033792726,higher rank -> less PD-like,0.16
ENSG00000022355,GABRA1,0.00017076710985850432,201,-0.16421850998463,higher rank -> less PD-like,0.12
ENSG00000137766,UNC13C,0.00017020608358189,202,-0.39280913978492465,higher rank -> less PD-like,0.12
ENSG00000111249,CUX2,0.00017018316310803036,203,0.09125384024577074,higher rank -> more PD-like,0.24
ENSG00000139874,SSTR1,0.00016985325189115092,204,-0.5314420122887574,higher rank -> less PD-like,0.4
ENSG00000168264,IRF2BP2,0.00016968648283074904,205,0.14384465837135968,higher rank -> more PD-like,0.0
ENSG00000129128,SPCS3,0.00016966693624316664,206,-0.31044331910147943,higher rank -> less PD-like,0.04
ENSG00000155827,RNF20,0.00016939685499456648,207,-0.31859639016895336,higher rank -> less PD-like,0.04
ENSG00000117152,RGS4,0.00016938215259201448,208,0.03684280005545507,higher rank -> more PD-like,0.08
ENSG00000100100,PIK3IP1,0.00016920571290260012,209,-0.062476748237361275,higher rank -> less PD-like,0.0
ENSG00000101391,CDK5RAP1,0.00016901895497699484,210,-0.23846384653918087,higher rank -> less PD-like,0.0
ENSG00000168214,RBPJ,0.0001689063336351912,211,0.34019777265743145,higher rank -> more PD-like,0.04
ENSG00000065911,MTHFD2,0.00016883806906556415,212,0.25828362957443135,higher rank -> more PD-like,0.04
ENSG00000101464,PIGU,0.00016867697931943878,213,-0.3205645161290147,higher rank -> less PD-like,0.04
ENSG00000100908,EMC9,0.00016820034489732437,214,-0.2043970814131993,higher rank -> less PD-like,0.0
ENSG00000127334,DYRK2,0.0001680561701953245,215,0.09735023041474121,higher rank -> more PD-like,0.04
ENSG00000127952,STYXL1,0.0001675894345414086,216,0.0935579877112084,higher rank -> more PD-like,0.0
ENSG00000120533,ENY2,0.00016753310113333357,217,-0.3131720430107355,higher rank -> less PD-like,0.0
ENSG00000124160,NCOA5,0.00016750664561591004,218,0.27762909983156275,higher rank -> more PD-like,0.04
ENSG00000166908,PIP4K2C,0.0001674913113940307,219,0.3317492319508267,higher rank -> more PD-like,0.0
ENSG00000112419,PHACTR2,0.00016734411090852904,220,0.3837411643561015,higher rank -> more PD-like,0.0
ENSG00000196470,SIAH1,0.00016723730482751602,221,0.22806259600613182,higher rank -> more PD-like,0.0
ENSG00000114805,PLCH1,0.0001671691163777334,222,-0.13181643625191292,higher rank -> less PD-like,0.0
ENSG00000176055,MBLAC2,0.0001670845121378489,223,-0.39290514592931797,higher rank -> less PD-like,0.12
ENSG00000134905,CARS2,0.0001667051417755117,224,0.3205645161290148,higher rank -> more PD-like,0.08
ENSG00000169375,SIN3A,0.00016651277777647585,225,-0.2533602150537495,higher rank -> less PD-like,0.04
ENSG00000137815,RTF1,0.00016623894835059757,226,-0.34524223843496143,higher rank -> less PD-like,0.04
ENSG00000164742,ADCY1,0.00016619252213289737,227,0.06202071357869439,higher rank -> more PD-like,0.0
ENSG00000143106,PSMA5,0.00016608918601505532,228,-0.32390461677418003,higher rank -> less PD-like,0.04
ENSG00000119820,YIPF4,0.00016576558196997808,229,-0.024721878864572486,higher rank -> less PD-like,0.12
ENSG00000243156,MICAL3,0.00016528749912568107,230,0.14064900153609056,higher rank -> more PD-like,0.0
ENSG00000178425,NT5DC1,0.00016514169442771536,231,-0.24495967741934146,higher rank -> less PD-like,0.24
ENSG00000103264,FBXO31,0.00016509475012214736,232,0.08184622031863312,higher rank -> more PD-like,0.08
ENSG00000105793,GTPBP10,0.00016469224557118554,233,-0.14151305683562976,higher rank -> less PD-like,0.0
ENSG00000152223,EPG5,0.00016449203470488287,234,-0.08842165898617026,higher rank -> less PD-like,0.04
ENSG00000215218,UBE2QL1,0.00016444347158899793,235,0.20778379158311047,higher rank -> more PD-like,0.0
ENSG00000100632,ERH,0.00016432793666820676,236,0.0004800307219661719,higher rank -> more PD-like,0.0
ENSG00000145242,EPHA5,0.0001640839968643738,237,0.038306451612901096,higher rank -> more PD-like,0.08
ENSG00000127980,PEX1,0.0001639584355023938,238,-0.15337165625691065,higher rank -> less PD-like,0.0
ENSG00000164751,PEX2,0.00016389105665791853,239,-0.22472907942620576,higher rank -> less PD-like,0.0
ENSG00000168395,ING5,0.0001637374055208923,240,-0.23689800426536908,higher rank -> less PD-like,0.04
ENSG00000167614,TTYH1,0.00016367065944761388,241,-0.05409946236558843,higher rank -> less PD-like,0.04
ENSG00000117676,RPS6KA1,0.00016365861807347823,242,-0.1937403993855501,higher rank -> less PD-like,0.0
ENSG00000110713,NUP98,0.00016360422521106277,243,0.24301846942116134,higher rank -> more PD-like,0.0
ENSG00000113068,PFDN1,0.00016352721518306286,244,-0.22619047619046379,higher rank -> less PD-like,0.0
ENSG00000100591,AHSA1,0.00016328860454415967,245,0.5042242703532751,higher rank -> more PD-like,0.0
ENSG00000144724,PTPRG,0.00016324110706618638,246,0.22652921623673294,higher rank -> more PD-like,0.04
ENSG00000186432,KPNA4,0.00016299796826075384,247,0.2153417818740281,higher rank -> more PD-like,0.0
ENSG00000166228,PCBD1,0.00016286730038071298,248,0.20967741935482723,higher rank -> more PD-like,0.0
ENSG00000137177,KIF13A,0.00016275451440959002,249,-0.052876653160705035,higher rank -> less PD-like,0.04
ENSG00000134294,SLC38A2,0.00016274477472974494,250,0.38656874039936434,higher rank -> more PD-like,0.04
ENSG00000145864,GABRB2,0.00016262213095515933,251,-0.087701612903221,higher rank -> less PD-like,0.32
ENSG00000128581,IFT22,0.00016212689293300378,252,-0.13796248515879853,higher rank -> less PD-like,0.0
ENSG00000263753,LINC00667,0.0001620391795033631,253,-0.2075172811059794,higher rank -> less PD-like,0.04
ENSG00000169641,LUZP1,0.00016185012635807597,254,0.24294354838708346,higher rank -> more PD-like,0.04
ENSG00000140374,ETFA,0.00016175389712778793,255,-0.2718959269198669,higher rank -> less PD-like,0.0
ENSG00000153187,HNRNPU,0.00016113212879302432,256,0.35834293394775296,higher rank -> more PD-like,0.0
ENSG00000165732,DDX21,0.00016090690933492037,257,0.10114247311827405,higher rank -> more PD-like,0.04
ENSG00000144218,AFF3,0.00016089545346546018,258,-0.218125960061432,higher rank -> less PD-like,0.08
ENSG00000128573,FOXP2,0.000160787967942143,259,0.1724750384024483,higher rank -> more PD-like,0.0
ENSG00000116147,TNR,0.00016057683337331282,260,-0.07718986643540296,higher rank -> less PD-like,0.0
ENSG00000069667,RORA,0.0001603269060546746,261,0.005136328725038133,higher rank -> more PD-like,0.08
ENSG00000173065,FAM222B,0.0001601903204721098,262,0.07666090629799886,higher rank -> more PD-like,0.0
ENSG00000168280,KIF5C,0.00016004790368750373,263,0.3304051459293214,higher rank -> more PD-like,0.0
ENSG00000100811,YY1,0.00015972192009601157,264,0.4169066820276269,higher rank -> more PD-like,0.0
ENSG00000173114,LRRN3,0.00015968463091796566,265,-0.25412826420889545,higher rank -> less PD-like,0.04
ENSG00000114439,BBX,0.00015963452849142895,266,0.29680299539168886,higher rank -> more PD-like,0.0
ENSG00000160049,DFFA,0.00015933769664521044,267,0.30880746938989256,higher rank -> more PD-like,0.0
ENSG00000160191,PDE9A,0.0001593236555604993,268,0.11064708141320434,higher rank -> more PD-like,0.0
ENSG00000196562,SULF2,0.00015923392829598492,269,0.056787634408599005,higher rank -> more PD-like,0.04
ENSG00000178662,CSRNP3,0.0001591171473541139,270,0.28715437788016857,higher rank -> more PD-like,0.04
ENSG00000183779,ZNF703,0.00015901529186331957,271,0.17789938556066612,higher rank -> more PD-like,0.0
ENSG00000052723,SIKE1,0.00015888023829071428,272,0.22331029185866666,higher rank -> more PD-like,0.0
ENSG00000048828,FAM120A,0.0001588048217116953,273,0.23079877112133912,higher rank -> more PD-like,0.0
ENSG00000131831,RAI2,0.00015845634800919195,274,0.21658986175114023,higher rank -> more PD-like,0.0
ENSG00000186487,MYT1L,0.00015827884505841976,275,0.24522663724207464,higher rank -> more PD-like,0.04
ENSG00000128655,PDE11A,0.00015815305886659903,276,-0.23180683563746807,higher rank -> less PD-like,0.0
ENSG00000173611,SCAI,0.00015757779560433277,277,-0.32046850998462145,higher rank -> less PD-like,0.08
ENSG00000125772,GPCPD1,0.00015740827988837433,278,-0.23823924731181487,higher rank -> less PD-like,0.0
ENSG00000120658,ENOX1,0.0001571476654547889,279,0.03506666506906831,higher rank -> more PD-like,0.04
ENSG00000138814,PPP3CA,0.0001571400501258618,280,0.3131720430107355,higher rank -> more PD-like,0.0
ENSG00000186815,TPCN1,0.00015678370756445206,281,-0.13196202912370814,higher rank -> less PD-like,0.04
ENSG00000171222,SCAND1,0.00015652445221792677,282,-0.27213268210341995,higher rank -> less PD-like,0.0
ENSG00000104219,ZDHHC2,0.00015641790671180907,283,0.14600309624581972,higher rank -> more PD-like,0.04
ENSG00000105379,ETFB,0.00015628957459320054,284,-0.2756816436251769,higher rank -> less PD-like,0.0
ENSG00000140044,JDP2,0.00015580488042478795,285,0.21671247016332493,higher rank -> more PD-like,0.0
ENSG00000001629,ANKIB1,0.0001557248668981539,286,0.09312596006143883,higher rank -> more PD-like,0.04
ENSG00000129484,PARP2,0.00015566800823631465,287,-0.1791474654377782,higher rank -> less PD-like,0.0
ENSG00000164076,CAMKV,0.0001556668451270707,288,0.2062211981566707,higher rank -> more PD-like,0.04
ENSG00000176401,EID2B,0.00015561866430043245,289,-0.1828938999495555,higher rank -> less PD-like,0.0
ENSG00000143603,KCNN3,0.00015556410673737636,290,-0.0008400638449126758,higher rank -> less PD-like,0.2
ENSG00000112149,CD83,0.00015550550492250342,291,0.26920122887863346,higher rank -> more PD-like,0.0
ENSG00000110917,MLEC,0.0001554436751813706,292,0.28657834101380913,higher rank -> more PD-like,0.0
ENSG00000052841,TTC17,0.00015544367439301025,293,0.26857718894007737,higher rank -> more PD-like,0.0
ENSG00000123739,PLA2G12A,0.00015537707002925583,294,-0.030145929339476095,higher rank -> less PD-like,0.0
ENSG00000188559,RALGAPA2,0.0001551855465795984,295,0.3342933947772474,higher rank -> more PD-like,0.0
ENSG00000186732,MPPED1,0.00015442430233907469,296,0.10095046082948758,higher rank -> more PD-like,0.0
ENSG00000158480,SPATA2,0.00015438076258280476,297,0.3435099846389982,higher rank -> more PD-like,0.0
ENSG00000100413,POLR3H,0.00015432370719004263,298,0.172763056835628,higher rank -> more PD-like,0.0
ENSG00000136111,TBC1D4,0.00015428832224641178,299,0.2713133640552846,higher rank -> more PD-like,0.08
ENSG00000135823,STX6,0.00015428507084225466,300,0.04819508448540446,higher rank -> more PD-like,0.0
ENSG00000104738,MCM4,0.0001542822078554704,301,0.15725806451612043,higher rank -> more PD-like,0.0
ENSG00000119138,KLF9,0.0001541224020720108,302,-0.10474270353302038,higher rank -> less PD-like,0.2
ENSG00000148300,REXO4,0.00015409220523796948,303,0.2497119815668066,higher rank -> more PD-like,0.04
ENSG00000151892,GFRA1,0.00015381356225922124,304,0.11251920122887249,higher rank -> more PD-like,0.0
ENSG00000036054,TBC1D23,0.0001536624996481168,305,-0.11885560675882606,higher rank -> less PD-like,0.04
ENSG00000176697,BDNF,0.00015357422651516848,306,0.17458717357909956,higher rank -> more PD-like,0.0
ENSG00000117448,AKR1A1,0.0001534464694928185,307,-0.15264976958524512,higher rank -> less PD-like,0.0
ENSG00000171867,PRNP,0.00015341135645177196,308,0.25897968247450176,higher rank -> more PD-like,0.0
ENSG00000128563,PRKRIP1,0.00015325681205955748,309,-0.1409370199692703,higher rank -> less PD-like,0.0
ENSG00000131732,ZCCHC9,0.00015323485503897918,310,0.052227342549920314,higher rank -> more PD-like,0.0
ENSG00000110002,VWA5A,0.00015321857334632094,311,0.4099462365591173,higher rank -> more PD-like,0.2
ENSG00000119844,AFTPH,0.00015319939812649916,312,0.24452764976957184,higher rank -> more PD-like,0.04
ENSG00000134709,HOOK1,0.00015312587207631301,313,0.07894199959764932,higher rank -> more PD-like,0.0
ENSG00000094975,SUCO,0.0001531250272027351,314,0.1558678459675083,higher rank -> more PD-like,0.08
ENSG00000180190,TDRP,0.00015301253894246653,315,-0.07217435136370409,higher rank -> less PD-like,0.0
ENSG00000175029,CTBP2,0.0001529868996573797,316,0.2509150695633403,higher rank -> more PD-like,0.0
ENSG00000188419,CHM,0.00015281707187239315,317,-0.39955836646459986,higher rank -> less PD-like,0.0
ENSG00000153786,ZDHHC7,0.00015278458447428767,318,0.20718125960060307,higher rank -> more PD-like,0.0
ENSG00000164199,ADGRV1,0.0001526063062633532,319,0.2517761136712612,higher rank -> more PD-like,0.04
ENSG00000119396,RAB14,0.00015251491715046733,320,0.06725230414746174,higher rank -> more PD-like,0.0
ENSG00000171444,MCC,0.00015248350103618053,321,-0.3561827956989052,higher rank -> less PD-like,0.04
ENSG00000100714,MTHFD1,0.00015245564369737756,322,-0.31912442396311624,higher rank -> less PD-like,0.0
ENSG00000129244,ATP1B2,0.00015245376488572866,323,0.03523425499231757,higher rank -> more PD-like,0.0
ENSG00000140382,HMG20A,0.00015216434841989064,324,-0.3584869431643429,higher rank -> less PD-like,0.0
ENSG00000130517,PGPEP1,0.00015206495898652895,325,0.1386105344105883,higher rank -> more PD-like,0.0
ENSG00000090863,GLG1,0.00015199808928674442,326,-0.29233870967740344,higher rank -> less PD-like,0.0
ENSG00000174460,ZCCHC12,0.00015185548210582312,327,-0.19479646697387568,higher rank -> less PD-like,0.0
ENSG00000141582,CBX4,0.00015177033762069775,328,-0.2099174347158103,higher rank -> less PD-like,0.0
ENSG00000149532,CPSF7,0.00015159849926900547,329,-0.33343334095790345,higher rank -> less PD-like,0.0
ENSG00000157617,C2CD2,0.00015138678688928416,330,-0.19643092876471943,higher rank -> less PD-like,0.2
ENSG00000162623,TYW3,0.00015137972780597376,331,0.1733171721175512,higher rank -> more PD-like,0.04
ENSG00000078967,UBE2D4,0.0001512533795890657,332,0.09667934763737657,higher rank -> more PD-like,0.0
ENSG00000107341,UBE2R2,0.00015110893035345883,333,0.200028801843307,higher rank -> more PD-like,0.0
ENSG00000171681,ATF7IP,0.00015109197228403327,334,0.1759093691247103,higher rank -> more PD-like,0.04
ENSG00000167522,ANKRD11,0.0001508696873128424,335,0.15466589861750302,higher rank -> more PD-like,0.04
ENSG00000219626,FAM228B,0.00015081604212265938,336,-0.15500192012287936,higher rank -> less PD-like,0.0
ENSG00000102054,RBBP7,0.00015067346264920108,337,-0.19268433179722444,higher rank -> less PD-like,0.04
ENSG00000215475,SIAH3,0.00015065795244529142,338,-0.07416474654377475,higher rank -> less PD-like,0.04
ENSG00000122012,SV2C,0.00015059970404370074,339,0.025129909874958598,higher rank -> more PD-like,0.0
ENSG00000198216,CACNA1E,0.00015032858982241525,340,-0.05481950844853771,higher rank -> less PD-like,0.0
ENSG00000107105,ELAVL2,0.00015030206628719267,341,-0.16796274961596622,higher rank -> less PD-like,0.0
ENSG00000000003,TSPAN6,0.00015018943000598013,342,0.012888979563374186,higher rank -> more PD-like,0.0
ENSG00000162104,ADCY9,0.00015018220874412496,343,0.16057027649768707,higher rank -> more PD-like,0.0
ENSG00000172137,CALB2,0.00015010003616662863,344,0.42884059191584095,higher rank -> more PD-like,0.28
ENSG00000140332,TLE3,0.00014982755414147153,345,0.3357615178995187,higher rank -> more PD-like,0.08
ENSG00000144339,TMEFF2,0.00014960885397652182,346,0.27494089552784223,higher rank -> more PD-like,0.04
ENSG00000128607,KLHDC10,0.00014954852531674458,347,0.26732910906296536,higher rank -> more PD-like,0.0
ENSG00000119314,PTBP3,0.00014932135227303168,348,0.25412826420889545,higher rank -> more PD-like,0.08
ENSG00000196730,DAPK1,0.00014859158347664775,349,0.1705549155145836,higher rank -> more PD-like,0.0
ENSG00000150787,PTS,0.00014856690289601125,350,-0.3442780337941439,higher rank -> less PD-like,0.0
ENSG00000221866,PLXNA4,0.00014844893121190855,351,0.15783410138247989,higher rank -> more PD-like,0.0
ENSG00000171435,KSR2,0.0001483548071737387,352,0.04910773219117985,higher rank -> more PD-like,0.0
ENSG00000146587,RBAK,0.00014827741636924447,353,-0.12464147276089786,higher rank -> less PD-like,0.04
ENSG00000198142,SOWAHC,0.00014817369522657572,354,-0.1330165130568284,higher rank -> less PD-like,0.08
ENSG00000170743,SYT9,0.00014811211995254236,355,-0.1391129032257989,higher rank -> less PD-like,0.0
ENSG00000075089,ACTR6,0.0001480136723550502,356,-0.31134792626726404,higher rank -> less PD-like,0.0
ENSG00000120594,PLXDC2,0.00014795013295174973,357,0.12908026113670565,higher rank -> more PD-like,0.0
ENSG00000166135,HIF1AN,0.00014766244558110317,358,0.30841973886327034,higher rank -> more PD-like,0.0
ENSG00000173221,GLRX,0.00014765686935295724,359,-0.12231182795698256,higher rank -> less PD-like,0.0
ENSG00000111728,ST8SIA1,0.0001474050944169667,360,0.1489055299539089,higher rank -> more PD-like,0.0
ENSG00000184602,SNN,0.00014721765444733072,361,0.2271025345621995,higher rank -> more PD-like,0.0
ENSG00000157542,KCNJ6,0.00014716471006313462,362,0.10815092165898031,higher rank -> more PD-like,0.0
ENSG00000089195,TRMT6,0.0001471162169980347,363,-0.2887384792626569,higher rank -> less PD-like,0.0
ENSG00000100387,RBX1,0.00014709770282960168,364,-0.4492607526881474,higher rank -> less PD-like,0.0
ENSG00000144029,MRPS5,0.00014697635025814464,365,0.24913594470044714,higher rank -> more PD-like,0.04
ENSG00000103342,GSPT1,0.00014691872465563986,366,0.23147081413209172,higher rank -> more PD-like,0.0
ENSG00000025772,TOMM34,0.00014690982533893419,367,0.1663786482334778,higher rank -> more PD-like,0.0
ENSG00000167081,PBX3,0.00014689309793255957,368,0.3532066052227149,higher rank -> more PD-like,0.0
ENSG00000006116,CACNG3,0.00014663766232706927,369,0.2830261136712595,higher rank -> more PD-like,0.0
ENSG00000101407,TTI1,0.00014663576667276376,370,0.18791028119489103,higher rank -> more PD-like,0.0
ENSG00000135744,AGT,0.0001466131001283989,371,-0.10493471582180681,higher rank -> less PD-like,0.0
ENSG00000068615,REEP1,0.0001464430477240121,372,0.08035714285713846,higher rank -> more PD-like,0.0
ENSG00000185742,C11orf87,0.0001462626061273702,373,0.1520737327188857,higher rank -> more PD-like,0.0
ENSG00000164066,INTU,0.00014617984174681144,374,-0.07296466973885928,higher rank -> less PD-like,0.0
ENSG00000106144,CASP2,0.00014615237276553194,375,0.2084773425499118,higher rank -> more PD-like,0.0
ENSG00000127124,HIVEP3,0.00014610415804599362,376,0.18903609831028154,higher rank -> more PD-like,0.0
ENSG00000168913,ENHO,0.00014596467289664287,377,-0.1386808755760293,higher rank -> less PD-like,0.04
ENSG00000162688,AGL,0.00014590474942826134,378,-0.29080261136711166,higher rank -> less PD-like,0.08
ENSG00000121390,PSPC1,0.00014589125156802793,379,-0.1739151305683469,higher rank -> less PD-like,0.0
ENSG00000163781,TOPBP1,0.00014588203311767745,380,-0.32714486303312884,higher rank -> less PD-like,0.0
ENSG00000139697,SBNO1,0.00014582157141581055,381,0.3162000312251238,higher rank -> more PD-like,0.0
ENSG00000198799,LRIG2,0.00014576580460279624,382,-0.11532876499443749,higher rank -> less PD-like,0.0
ENSG00000177551,NHLH2,0.0001457135897080956,383,0.38359254992317415,higher rank -> more PD-like,0.0
ENSG00000101928,MOSPD1,0.00014567816540151757,384,-0.21231758832564115,higher rank -> less PD-like,0.0
ENSG00000144840,RABL3,0.00014562421111923065,385,-0.013392857142856365,higher rank -> less PD-like,0.0
ENSG00000036565,SLC18A1,0.00014552147610169102,386,0.26372887864821903,higher rank -> more PD-like,0.08
ENSG00000184220,CMSS1,0.00014540569193215394,387,-0.17065092165897683,higher rank -> less PD-like,0.0
ENSG00000115977,AAK1,0.00014539622651522333,388,0.4359639016896843,higher rank -> more PD-like,0.0
ENSG00000081307,UBA5,0.0001453080716799813,389,-0.10870426153169775,higher rank -> less PD-like,0.0
ENSG00000156475,PPP2R2B,0.00014523117412434527,390,-0.3702956989247108,higher rank -> less PD-like,0.0
ENSG00000154370,TRIM11,0.000145089524918507,391,-0.16585260480989877,higher rank -> less PD-like,0.0
ENSG00000171824,EXOSC10,0.00014505093660034668,392,-0.1605222734254904,higher rank -> less PD-like,0.0
ENSG00000113583,C5orf15,0.0001450238314653925,393,-0.175403225806442,higher rank -> less PD-like,0.0
ENSG00000049656,CLPTM1L,0.0001450069269754281,394,0.17017089093701065,higher rank -> more PD-like,0.0
ENSG00000124228,DDX27,0.00014493409963372056,395,0.2799812785973182,higher rank -> more PD-like,0.0
ENSG00000119946,CNNM1,0.00014460376105381113,396,0.28643433179721933,higher rank -> more PD-like,0.0
ENSG00000101347,SAMHD1,0.00014436573838529814,397,0.08851872742965367,higher rank -> more PD-like,0.0
ENSG00000150995,ITPR1,0.00014428150666496856,398,-0.21527236071490335,higher rank -> less PD-like,0.16
ENSG00000172379,ARNT2,0.0001442303559918682,399,-0.29094662058370147,higher rank -> less PD-like,0.08
ENSG00000108551,RASD1,0.0001439909394520211,400,0.12341589861750475,higher rank -> more PD-like,0.0
ENSG00000105671,DDX49,0.0001436806030568845,401,-0.2229049407915383,higher rank -> less PD-like,0.0
ENSG00000073614,KDM5A,0.00014364182987722807,402,0.2742415514592784,higher rank -> more PD-like,0.0
ENSG00000160305,DIP2A,0.00014363068840609946,403,0.36957565284176164,higher rank -> more PD-like,0.08
ENSG00000171988,JMJD1C,0.00014359553299032928,404,-0.15788210445467643,higher rank -> less PD-like,0.0
ENSG00000163818,LZTFL1,0.00014348965768624136,405,-0.16997887864822417,higher rank -> less PD-like,0.0
ENSG00000186377,CYP4X1,0.00014319233521787575,406,-0.23099078341012563,higher rank -> less PD-like,0.0
ENSG00000114302,PRKAR2A,0.00014312658501864321,407,0.35944700460827517,higher rank -> more PD-like,0.16
ENSG00000063587,ZNF275,0.00014304935292858034,408,0.30337941628262544,higher rank -> more PD-like,0.0
ENSG00000146433,TMEM181,0.0001429493517735188,409,-0.25019201228877275,higher rank -> less PD-like,0.04
ENSG00000156642,NPTN,0.0001428315189093911,410,0.11688748079876467,higher rank -> more PD-like,0.0
ENSG00000163166,IWS1,0.0001428079700351666,411,0.15370583717357067,higher rank -> more PD-like,0.0
ENSG00000135677,GNS,0.00014275577951214588,412,-0.18020569564583497,higher rank -> less PD-like,0.0
ENSG00000125249,RAP2A,0.00014265129644158042,413,-0.29524643875058826,higher rank -> less PD-like,0.12
ENSG00000129493,HEATR5A,0.00014264951434424928,414,-0.16733870967741019,higher rank -> less PD-like,0.08
ENSG00000111875,ASF1A,0.0001425525835408718,415,-0.2397753456221067,higher rank -> less PD-like,0.0
ENSG00000121879,PIK3CA,0.0001424881825750034,416,0.08134315822134787,higher rank -> more PD-like,0.0
ENSG00000138411,HECW2,0.0001424430093240241,417,0.1642665130568267,higher rank -> more PD-like,0.0
ENSG00000058335,RASGRF1,0.00014236325010960586,418,-0.22979346431982206,higher rank -> less PD-like,0.08
ENSG00000095787,WAC,0.00014226534934148573,419,0.14746543778801036,higher rank -> more PD-like,0.0
ENSG00000082397,EPB41L3,0.000142197796170234,420,0.22991623269468614,higher rank -> more PD-like,0.0
ENSG00000112146,FBXO9,0.00014216183571350894,421,-0.3302410983472354,higher rank -> less PD-like,0.0
ENSG00000255248,MIR100HG,0.0001421433416670801,422,0.25945660522271996,higher rank -> more PD-like,0.08
ENSG00000003147,ICA1,0.00014171916093532567,423,-0.1553379416282557,higher rank -> less PD-like,0.04
ENSG00000169905,TOR1AIP2,0.0001415351206326884,424,-0.227678571428559,higher rank -> less PD-like,0.0
ENSG00000140937,CDH11,0.00014144259345711644,425,-0.26176075268815774,higher rank -> less PD-like,0.2
ENSG00000171608,PIK3CD,0.00014142190188768528,426,0.3880568356374595,higher rank -> more PD-like,0.04
ENSG00000107854,TNKS2,0.0001413712221367669,427,0.3230126728110422,higher rank -> more PD-like,0.04
ENSG00000155016,CYP2U1,0.00014135555379555343,428,0.29416282642087493,higher rank -> more PD-like,0.08
ENSG00000196338,NLGN3,0.00014132910776384973,429,-0.19503648233485874,higher rank -> less PD-like,0.0
ENSG00000134759,ELP2,0.0001412528572645412,430,-0.13755445414841241,higher rank -> less PD-like,0.0
ENSG00000133401,PDZD2,0.0001412326819710056,431,0.20636520737326056,higher rank -> more PD-like,0.12
ENSG00000122584,NXPH1,0.00014114444768596236,432,-0.06526095983764321,higher rank -> less PD-like,0.0
ENSG00000176720,BOK,0.0001411351641408763,433,0.263104838709663,higher rank -> more PD-like,0.12
ENSG00000155380,SLC16A1,0.00014111360461847963,434,-0.15586784596750827,higher rank -> less PD-like,0.04
ENSG00000181234,TMEM132C,0.00014101456859414146,435,0.40236175115205175,higher rank -> more PD-like,0.0
ENSG00000091513,TF,0.00014090238860469938,436,-0.09178187403993354,higher rank -> less PD-like,0.0
ENSG00000125247,TMTC4,0.000140776710865346,437,-0.09091781874039437,higher rank -> less PD-like,0.0
ENSG00000113569,NUP155,0.00014075286267078898,438,-0.25312019969276645,higher rank -> less PD-like,0.0
ENSG00000176407,KCMF1,0.0001407186952586478,439,0.25091205837172204,higher rank -> more PD-like,0.0
ENSG00000013392,RWDD2A,0.00014069161430744806,440,-0.029665898617509893,higher rank -> less PD-like,0.0
ENSG00000188725,SMIM15,0.00014059824046579224,441,-0.056259600614436245,higher rank -> less PD-like,0.0
ENSG00000112996,MRPS30,0.00014058458074248442,442,-0.17343509984638067,higher rank -> less PD-like,0.0
ENSG00000002834,LASP1,0.00014057680825027737,443,-0.018577188940091145,higher rank -> less PD-like,0.0
ENSG00000158161,EYA3,0.00014054591473808847,444,0.2508910677391999,higher rank -> more PD-like,0.0
ENSG00000177606,JUN,0.00014039005890243914,445,0.26766513056834174,higher rank -> more PD-like,0.0
ENSG00000120616,EPC1,0.0001403791421829119,446,0.3306971330059023,higher rank -> more PD-like,0.04
ENSG00000173914,RBM4B,0.00014011848475102288,447,0.4242322416808915,higher rank -> more PD-like,0.0
ENSG00000109475,RPL34,0.00013996774494308607,448,-0.15279377880183495,higher rank -> less PD-like,0.0
ENSG00000111481,COPZ1,0.0001399547487442102,449,-0.38680875576034757,higher rank -> less PD-like,0.0
ENSG00000112983,BRD8,0.0001399377804194452,450,-0.23464183279617512,higher rank -> less PD-like,0.0
ENSG00000125510,OPRL1,0.00013991879043335164,451,-0.10952032355247006,higher rank -> less PD-like,0.0
ENSG00000182199,SHMT2,0.00013982047686235825,452,0.3738479262672606,higher rank -> more PD-like,0.04
ENSG00000082458,DLG3,0.00013981187711440045,453,-0.19935675883255435,higher rank -> less PD-like,0.0
ENSG00000118579,MED28,0.0001398018095945679,454,0.04377880184331554,higher rank -> more PD-like,0.08
ENSG00000109046,WSB1,0.00013970275289644358,455,-0.11657685984973634,higher rank -> less PD-like,0.0
ENSG00000167037,SGSM1,0.00013967937080640506,456,0.3103878648233317,higher rank -> more PD-like,0.04
ENSG00000151414,NEK7,0.00013960832573013692,457,-0.1119911674347097,higher rank -> less PD-like,0.0
ENSG00000133935,ERG28,0.00013940683355587836,458,-0.05402810613995395,higher rank -> less PD-like,0.04
ENSG00000125447,GGA3,0.00013939728504455768,459,0.10834293394776673,higher rank -> more PD-like,0.0
ENSG00000154945,ANKRD40,0.00013937680668733992,460,0.02412183326106339,higher rank -> more PD-like,0.0
ENSG00000085719,CPNE3,0.0001392547504368482,461,-0.03177803379416106,higher rank -> less PD-like,0.04
ENSG00000189337,KAZN,0.0001391736222402091,462,0.11314324116742852,higher rank -> more PD-like,0.0
ENSG00000038382,TRIO,0.0001391618275902296,463,0.44842608041437604,higher rank -> more PD-like,0.0
ENSG00000161526,SAP30BP,0.00013914648604482286,464,-0.07872503840245347,higher rank -> less PD-like,0.04
ENSG00000182836,PLCXD3,0.00013910634354681093,465,-0.1619143625191924,higher rank -> less PD-like,0.0
ENSG00000142676,RPL11,0.0001390960901106867,466,-0.08150921658985731,higher rank -> less PD-like,0.04
ENSG00000138613,APH1B,0.00013907990840254022,467,0.06974846390168589,higher rank -> more PD-like,0.0
ENSG00000067248,DHX29,0.00013902548933297703,468,-0.16786674347157293,higher rank -> less PD-like,0.0
ENSG00000072274,TFRC,0.00013899156959575783,469,-0.21133606155588397,higher rank -> less PD-like,0.04
ENSG00000105499,PLA2G4C,0.0001389493802157191,470,0.28824136532315336,higher rank -> more PD-like,0.0
ENSG00000153214,TMEM87B,0.00013892646761915866,471,-0.21546954709433588,higher rank -> less PD-like,0.0
ENSG00000108671,PSMD11,0.00013892291963016839,472,0.046322964669736316,higher rank -> more PD-like,0.0
ENSG00000109654,TRIM2,0.00013890407000447295,473,0.24121543778800525,higher rank -> more PD-like,0.0
ENSG00000181191,PJA1,0.00013886617908753513,474,0.21068801230409426,higher rank -> more PD-like,0.08
ENSG00000175426,PCSK1,0.00013870455006147013,475,-0.2714846328516302,higher rank -> less PD-like,0.0
ENSG00000149571,KIRREL3,0.0001387011729736627,476,-0.04286674347157985,higher rank -> less PD-like,0.08
ENSG00000103876,FAH,0.00013863805877162625,477,-0.031778033794161095,higher rank -> less PD-like,0.0
ENSG00000173889,PHC3,0.00013862532727186311,478,-0.09480606758832046,higher rank -> less PD-like,0.0
ENSG00000108306,FBXL20,0.00013854633186338863,479,0.00115207373271883,higher rank -> more PD-like,0.04
ENSG00000237515,SHISA9,0.00013843618858193314,480,0.10675883256527832,higher rank -> more PD-like,0.0
ENSG00000164978,NUDT2,0.00013841540237195416,481,-0.312740015360966,higher rank -> less PD-like,0.0
ENSG00000198937,CCDC167,0.0001384091770439101,482,0.16066628264208022,higher rank -> more PD-like,0.04
ENSG00000050393,MCUR1,0.00013830256324031957,483,0.22239823348693097,higher rank -> more PD-like,0.0
ENSG00000078804,TP53INP2,0.00013827916141565872,484,0.09240591397848956,higher rank -> more PD-like,0.0
ENSG00000145687,SSBP2,0.00013824590332021643,485,-0.13796248515879858,higher rank -> less PD-like,0.0
ENSG00000172260,NEGR1,0.00013823212705523942,486,0.20238095238094134,higher rank -> more PD-like,0.0
ENSG00000158258,CLSTN2,0.00013818873762490178,487,-0.25484831029184474,higher rank -> less PD-like,0.0
ENSG00000173068,BNC2,0.00013812968887122088,488,0.020449554167588122,higher rank -> more PD-like,0.04
ENSG00000171150,SOCS5,0.00013802715446810328,489,0.14185078066953716,higher rank -> more PD-like,0.0
ENSG00000146021,KLHL3,0.00013798516589192845,490,0.20871735791089485,higher rank -> more PD-like,0.04
ENSG00000186469,GNG2,0.00013791697193171098,491,0.17252304147464495,higher rank -> more PD-like,0.04
ENSG00000066136,NFYC,0.0001379068506230288,492,0.21316020019055146,higher rank -> more PD-like,0.0
ENSG00000128829,EIF2AK4,0.00013783513933785007,493,0.022705453149000295,higher rank -> more PD-like,0.0
ENSG00000162889,MAPKAPK2,0.0001378119313541594,494,0.04617895545314646,higher rank -> more PD-like,0.0
ENSG00000146476,ARMT1,0.00013774777131469925,495,-0.34922235023039566,higher rank -> less PD-like,0.0
ENSG00000171467,ZNF318,0.00013773720587172396,496,0.1874519969277931,higher rank -> more PD-like,0.0
ENSG00000166974,MAPRE2,0.00013768065553324221,497,-0.0658602150537598,higher rank -> less PD-like,0.0
ENSG00000071082,RPL31,0.00013767685533336708,498,-0.06984447004607913,higher rank -> less PD-like,0.04
ENSG00000105784,RUNDC3B,0.0001376603223531603,499,0.1574519663607722,higher rank -> more PD-like,0.0
ENSG00000179242,CDH4,0.00013759204777859295,500,0.13488863287249644,higher rank -> more PD-like,0.24
ENSG00000111358,GTF2H3,0.00013752916309180184,501,0.015937019969277173,higher rank -> more PD-like,0.04
ENSG00000152484,USP12,0.00013748493854304753,502,-0.37629608294928807,higher rank -> less PD-like,0.12
ENSG00000105618,PRPF31,0.00013747121791044158,503,-0.022153949553940438,higher rank -> less PD-like,0.0
ENSG00000134115,CNTN6,0.00013744621074644484,504,-0.3561827956989052,higher rank -> less PD-like,0.0
ENSG00000177108,ZDHHC22,0.00013728983649771633,505,0.32728494623654125,higher rank -> more PD-like,0.0
ENSG00000173786,CNP,0.00013728509393102,506,-0.13618471582180514,higher rank -> less PD-like,0.0
ENSG00000110911,SLC11A2,0.00013727900071722942,507,-0.24947496011491854,higher rank -> less PD-like,0.0
ENSG00000172331,BPGM,0.000136985411626485,508,-0.08448540706604754,higher rank -> less PD-like,0.0
ENSG00000013375,PGM3,0.00013695442511734153,509,0.11933706962587794,higher rank -> more PD-like,0.0
ENSG00000138686,BBS7,0.00013685379887438097,510,-0.3534466205836979,higher rank -> less PD-like,0.0
ENSG00000132664,POLR3F,0.00013681876590251053,511,-0.09091781874039438,higher rank -> less PD-like,0.0
ENSG00000064115,TM7SF3,0.00013674632351476091,512,0.3137960829492915,higher rank -> more PD-like,0.0
ENSG00000137601,NEK1,0.00013666324839289482,513,-0.011472734254991707,higher rank -> less PD-like,0.0
ENSG00000161048,NAPEPLD,0.00013660450791234597,514,0.15265343354611174,higher rank -> more PD-like,0.0
ENSG00000148248,SURF4,0.0001365895770037525,515,0.269876510634226,higher rank -> more PD-like,0.0
ENSG00000112576,CCND3,0.00013643642096553156,516,0.12672811059907138,higher rank -> more PD-like,0.0
ENSG00000198382,UVRAG,0.00013637842742724682,517,-0.16493855606757926,higher rank -> less PD-like,0.0
ENSG00000117114,ADGRL2,0.00013624481507747347,518,0.08669354838709199,higher rank -> more PD-like,0.0
ENSG00000099901,RANBP1,0.00013618551057134688,519,-0.18932411674346122,higher rank -> less PD-like,0.0
ENSG00000125834,STK35,0.00013617247002923824,520,0.2020929339477616,higher rank -> more PD-like,0.0
ENSG00000107551,RASSF4,0.00013586927754905947,521,-0.04771505376343823,higher rank -> less PD-like,0.0
ENSG00000110906,KCTD10,0.00013576164416446225,522,-0.19335637480797715,higher rank -> less PD-like,0.0
ENSG00000022840,RNF10,0.00013575691733235806,523,0.19825506739938695,higher rank -> more PD-like,0.0
ENSG00000106477,CEP41,0.00013556655158752438,524,0.37192780337939596,higher rank -> more PD-like,0.0
ENSG00000056097,ZFR,0.00013547622349898512,525,0.21298963133639381,higher rank -> more PD-like,0.0
ENSG00000163257,DCAF16,0.0001353016919491394,526,-0.2968509984638853,higher rank -> less PD-like,0.04
ENSG00000111962,UST,0.00013527209244212844,527,0.034562211981564936,higher rank -> more PD-like,0.0
ENSG00000112592,TBP,0.00013523843969020756,528,-0.24673579109061633,higher rank -> less PD-like,0.0
ENSG00000165671,NSD1,0.0001351993111789525,529,0.2772930742935977,higher rank -> more PD-like,0.0
ENSG00000136521,NDUFB5,0.00013517404996349466,530,-0.4053859447004386,higher rank -> less PD-like,0.0
ENSG00000099875,MKNK2,0.00013509132900431205,531,0.34245391705067246,higher rank -> more PD-like,0.0
ENSG00000198160,MIER1,0.00013505243707268814,532,-0.03149001536098135,higher rank -> less PD-like,0.04
ENSG00000174173,TRMT10C,0.00013489386351837014,533,-0.3151881720429935,higher rank -> less PD-like,0.0
ENSG00000196177,ACADSB,0.00013482084899336873,534,-0.25427227342548525,higher rank -> less PD-like,0.0
ENSG00000153944,MSI2,0.00013479613727271751,535,-0.13848886328724283,higher rank -> less PD-like,0.12
ENSG00000156052,GNAQ,0.00013479605690153412,536,0.3114236682211919,higher rank -> more PD-like,0.0
ENSG00000124155,PIGT,0.00013455651839782145,537,0.07164544505897945,higher rank -> more PD-like,0.12
ENSG00000182718,ANXA2,0.00013454433853726797,538,0.4065380184331574,higher rank -> more PD-like,0.08
ENSG00000117133,RPF1,0.0001345243372006425,539,-0.1415627587798528,higher rank -> less PD-like,0.0
ENSG00000181904,C5orf24,0.0001343663260434428,540,0.15308179723501467,higher rank -> more PD-like,0.0
ENSG00000119661,DNAL1,0.00013420435009465934,541,-0.11568879235654295,higher rank -> less PD-like,0.04
ENSG00000175785,PRIMA1,0.00013394773473310092,542,0.07483768766964752,higher rank -> more PD-like,0.12
ENSG00000111666,CHPT1,0.00013387293502238745,543,0.2572964669738722,higher rank -> more PD-like,0.0
ENSG00000151292,CSNK1G3,0.00013380795099048165,544,0.21759792626726915,higher rank -> more PD-like,0.0
ENSG00000053254,FOXN3,0.00013377194238607852,545,0.2508640552995255,higher rank -> more PD-like,0.0
ENSG00000183036,PCP4,0.00013369968395054958,546,0.22393433179722275,higher rank -> more PD-like,0.0
ENSG00000171365,CLCN5,0.00013362460241239936,547,0.0032162058371734076,higher rank -> more PD-like,0.0
ENSG00000138442,WDR12,0.0001335377993722678,548,0.0211213517665119,higher rank -> more PD-like,0.0
ENSG00000168243,GNG4,0.00013345057434875756,549,-0.028033794162824886,higher rank -> less PD-like,0.0
ENSG00000114796,KLHL24,0.00013343633577341449,550,0.2763536866359296,higher rank -> more PD-like,0.04
ENSG00000107864,CPEB3,0.0001334230585330816,551,0.1166728671462978,higher rank -> more PD-like,0.0
ENSG00000197912,SPG7,0.00013334386789788164,552,-0.18625862598329582,higher rank -> less PD-like,0.0
ENSG00000102466,FGF14,0.0001332337188396308,553,0.32006432491172215,higher rank -> more PD-like,0.12
ENSG00000171311,EXOSC1,0.00013322371355499476,554,0.20276497695851423,higher rank -> more PD-like,0.04
ENSG00000143179,UCK2,0.00013309156771843143,555,0.08789362519200745,higher rank -> more PD-like,0.0
ENSG00000089280,FUS,0.00013294989027107568,556,0.33712557603684795,higher rank -> more PD-like,0.04
ENSG00000165156,ZHX1,0.00013292889372424612,557,0.19249462960570007,higher rank -> more PD-like,0.0
ENSG00000175575,PAAF1,0.00013291922695825534,558,-0.2370928642403289,higher rank -> less PD-like,0.0
ENSG00000130208,APOC1,0.00013291801262093613,559,-0.11016705069123818,higher rank -> less PD-like,0.04
ENSG00000101596,SMCHD1,0.00013289558799345471,560,-0.025009600614437938,higher rank -> less PD-like,0.0
ENSG00000185559,DLK1,0.00013278011985605755,561,-0.014016897081412431,higher rank -> less PD-like,0.0
ENSG00000076716,GPC4,0.00013274724376509834,562,-0.16551459293393872,higher rank -> less PD-like,0.0
ENSG00000022267,FHL1,0.00013272923681581877,563,0.31168394777264025,higher rank -> more PD-like,0.0
ENSG00000169169,CPT1C,0.00013272386137762782,564,0.010368663594469505,higher rank -> more PD-like,0.0
ENSG00000119977,TCTN3,0.00013252438815545355,565,-0.17614938736611385,higher rank -> less PD-like,0.16
ENSG00000206560,ANKRD28,0.00013250682780144025,566,0.19904712759601886,higher rank -> more PD-like,0.0
ENSG00000124299,PEPD,0.00013240827711976814,567,-0.04142665130568127,higher rank -> less PD-like,0.0
ENSG00000136828,RALGPS1,0.00013240729291773832,568,-0.0542434715821783,higher rank -> less PD-like,0.04
ENSG00000133083,DCLK1,0.0001323663355804331,569,0.23308171422705162,higher rank -> more PD-like,0.0
ENSG00000137409,MTCH1,0.0001322562304303778,570,0.3909897152464906,higher rank -> more PD-like,0.0
ENSG00000134504,KCTD1,0.0001321923696081227,571,0.040466589861748926,higher rank -> more PD-like,0.0
ENSG00000135821,GLUL,0.0001321760379292928,572,-0.14832949308754947,higher rank -> less PD-like,0.0
ENSG00000150540,HNMT,0.00013214798551269548,573,-0.18725998463900662,higher rank -> less PD-like,0.0
ENSG00000171953,ATPAF2,0.00013200269797503735,574,-0.15046743553592698,higher rank -> less PD-like,0.0
ENSG00000119771,KLHL29,0.00013198876501133484,575,0.3593553110294941,higher rank -> more PD-like,0.0
ENSG00000117713,ARID1A,0.00013189070385743608,576,0.049443164362516515,higher rank -> more PD-like,0.04
ENSG00000128699,ORMDL1,0.00013177800402389456,577,-0.13004032258063805,higher rank -> less PD-like,0.0
ENSG00000115170,ACVR1,0.00013176262248475876,578,-0.24402654603505652,higher rank -> less PD-like,0.08
ENSG00000198722,UNC13B,0.00013164932376376904,579,-0.16618663594469132,higher rank -> less PD-like,0.0
ENSG00000217128,FNIP1,0.00013164043172674106,580,-0.14434523809523023,higher rank -> less PD-like,0.0
ENSG00000143811,PYCR2,0.00013160401674221252,581,-0.21356566820275322,higher rank -> less PD-like,0.0
ENSG00000198586,TLK1,0.00013159900004345334,582,0.16131819604770709,higher rank -> more PD-like,0.0
ENSG00000118873,RAB3GAP2,0.0001315478215893291,583,0.30957181259598915,higher rank -> more PD-like,0.0
ENSG00000198700,IPO9,0.0001315202858128896,584,0.06000384024577244,higher rank -> more PD-like,0.0
ENSG00000040731,CDH10,0.00013146880318789308,585,-0.0017281105990782659,higher rank -> less PD-like,0.04
ENSG00000184408,KCND2,0.00013135707883970887,586,-0.1377688172042935,higher rank -> less PD-like,0.08
ENSG00000006451,RALA,0.00013130403565799628,587,0.11117511520736718,higher rank -> more PD-like,0.0
ENSG00000106078,COBL,0.00013130210430116704,588,0.31014784946234863,higher rank -> more PD-like,0.0
ENSG00000179958,DCTPP1,0.00013121833454410377,589,-0.22182219662057162,higher rank -> less PD-like,0.0
ENSG00000035862,TIMP2,0.00013115334785945582,590,0.12893625192011585,higher rank -> more PD-like,0.12
ENSG00000168743,NPNT,0.0001311177533761087,591,0.011376864642531428,higher rank -> more PD-like,0.0
ENSG00000023191,RNH1,0.0001310789701422607,592,-0.06857403453478636,higher rank -> less PD-like,0.0
ENSG00000253738,OTUD6B-AS1,0.00013107180113508104,593,-0.1968125960061336,higher rank -> less PD-like,0.0
ENSG00000129682,FGF13,0.00013084117874149014,594,0.003792242703532827,higher rank -> more PD-like,0.0
ENSG00000103485,QPRT,0.00013080819907021075,595,0.09326996927802866,higher rank -> more PD-like,0.0
ENSG00000100095,SEZ6L,0.00013077994592608792,596,0.11835299483612312,higher rank -> more PD-like,0.0
ENSG00000177614,PGBD5,0.00013076018868738023,597,0.25806451612901815,higher rank -> more PD-like,0.0
ENSG00000146223,RPL7L1,0.00013072034700587222,598,0.07858102918586359,higher rank -> more PD-like,0.0
ENSG00000143401,ANP32E,0.00013071416630510476,599,-0.21529377880183154,higher rank -> less PD-like,0.0
ENSG00000143147,GPR161,0.00013065769482698496,600,0.09567012288785956,higher rank -> more PD-like,0.0
ENSG00000122574,WIPF3,0.00013065462517328837,601,0.10608678955452563,higher rank -> more PD-like,0.0
ENSG00000122912,SLC25A16,0.0001305906362569354,602,-0.27980990783408605,higher rank -> less PD-like,0.0
ENSG00000091542,ALKBH5,0.0001305861587335017,603,0.2160138248847808,higher rank -> more PD-like,0.0
ENSG00000116251,RPL22,0.00013054221127352882,604,-0.11943164362518545,higher rank -> less PD-like,0.0
ENSG00000135333,EPHA7,0.0001304970205020451,605,-0.24443164362517864,higher rank -> less PD-like,0.0
ENSG00000005700,IBTK,0.00013043877836791147,606,-0.3808563748079668,higher rank -> less PD-like,0.08
ENSG00000164089,ETNPPL,0.00013039682607499009,607,-0.06432411674346807,higher rank -> less PD-like,0.0
ENSG00000087338,GMCL1,0.00013038821891788593,608,-0.13421820059290213,higher rank -> less PD-like,0.0
ENSG00000110075,PPP6R3,0.0001303640965722607,609,-0.13042434715821097,higher rank -> less PD-like,0.0
ENSG00000145246,ATP10D,0.00013027965461355218,610,0.24145835085203787,higher rank -> more PD-like,0.0
ENSG00000139211,AMIGO2,0.00013025253225070602,611,0.03607474168296348,higher rank -> more PD-like,0.0
ENSG00000110987,BCL7A,0.0001302187259630554,612,0.2460667010869872,higher rank -> more PD-like,0.0
ENSG00000242265,PEG10,0.00013013189269030725,613,-0.06864439324116371,higher rank -> less PD-like,0.0
ENSG00000259974,LINC00261,0.00013010587818078188,614,0.24169546850997142,higher rank -> more PD-like,0.04
ENSG00000144228,SPOPL,0.00013007214675596484,615,0.22172885140866055,higher rank -> more PD-like,0.0
ENSG00000164576,SAP30L,0.00012995318746891716,616,0.13273008749619966,higher rank -> more PD-like,0.0
ENSG00000111880,RNGTT,0.00012993141409457204,617,0.020065284178186284,higher rank -> more PD-like,0.08
ENSG00000133597,ADCK2,0.00012991705672260527,618,0.12317588325652166,higher rank -> more PD-like,0.0
ENSG00000153879,CEBPG,0.00012983361646049668,619,0.17698732718893037,higher rank -> more PD-like,0.0
ENSG00000163596,ICA1L,0.00012980553161676705,620,-0.14271313364054522,higher rank -> less PD-like,0.0
ENSG00000184613,NELL2,0.00012962811991485781,621,-0.3004308327649063,higher rank -> less PD-like,0.0
ENSG00000137266,SLC22A23,0.0001295873442135478,622,0.05129189818795276,higher rank -> more PD-like,0.0
ENSG00000133835,HSD17B4,0.00012945056736163727,623,0.015024961597541417,higher rank -> more PD-like,0.0
ENSG00000181754,AMIGO1,0.00012942172581328763,624,-0.1767473118279473,higher rank -> less PD-like,0.0
ENSG00000057704,TMCC3,0.00012933954779142262,625,0.1622043275405638,higher rank -> more PD-like,0.08
ENSG00000184144,CNTN2,0.00012922163819164555,626,-0.1498175883256446,higher rank -> less PD-like,0.0
ENSG00000108379,WNT3,0.00012918791599475792,627,-0.28902649769583666,higher rank -> less PD-like,0.24
ENSG00000136986,DERL1,0.0001291513062545461,628,-0.08950387636689479,higher rank -> less PD-like,0.0
ENSG00000102931,ARL2BP,0.00012913216406535872,629,0.045963493228792465,higher rank -> more PD-like,0.0
ENSG00000139842,CUL4A,0.00012912570864011063,630,0.2927227342549763,higher rank -> more PD-like,0.0
ENSG00000160310,PRMT2,0.0001290876280684275,631,0.40423872217197027,higher rank -> more PD-like,0.04
ENSG00000159200,RCAN1,0.00012893771351716641,632,0.27208141321043056,higher rank -> more PD-like,0.0
ENSG00000100225,FBXO7,0.00012893264778374497,633,-0.021985407066051028,higher rank -> less PD-like,0.0
ENSG00000117475,BLZF1,0.0001288555683002204,634,-0.1258910784511566,higher rank -> less PD-like,0.0
ENSG00000149485,FADS1,0.00012884279783519661,635,0.08501344086021043,higher rank -> more PD-like,0.0
ENSG00000108861,DUSP3,0.00012870888976216664,636,-0.0318740399385543,higher rank -> less PD-like,0.0
ENSG00000021776,AQR,0.0001286743529245208,637,-0.14309715821811814,higher rank -> less PD-like,0.0
ENSG00000120992,LYPLA1,0.00012854210227450694,638,-0.16710069966519756,higher rank -> less PD-like,0.0
ENSG00000185518,SV2B,0.0001285345351526619,639,-0.19148425499230903,higher rank -> less PD-like,0.0
ENSG00000182054,IDH2,0.00012849619773184728,640,-0.057364359695464245,higher rank -> less PD-like,0.0
ENSG00000187239,FNBP1,0.0001284744958075157,641,0.099510368663589,higher rank -> more PD-like,0.0
ENSG00000173273,TNKS,0.0001284655099644559,642,0.3665318564474621,higher rank -> more PD-like,0.04
ENSG00000148541,FAM13C,0.0001283939825829565,643,-0.0521793394777237,higher rank -> less PD-like,0.0
ENSG00000171302,CANT1,0.00012839019832991064,644,-0.08755760368663117,higher rank -> less PD-like,0.0
ENSG00000197177,ADGRA1,0.00012837785633417964,645,0.2890264976958367,higher rank -> more PD-like,0.04
ENSG00000198900,TOP1,0.00012822233103462172,646,0.038978494623653756,higher rank -> more PD-like,0.0
ENSG00000114416,FXR1,0.000128169355271875,647,0.1762672811059811,higher rank -> more PD-like,0.0
ENSG00000007944,MYLIP,0.00012816707072872162,648,0.046178955453146486,higher rank -> more PD-like,0.0
ENSG00000093183,SEC22C,0.0001281530613763607,649,-0.1969853347661854,higher rank -> less PD-like,0.0
ENSG00000185043,CIB1,0.00012806372112902117,650,-0.3236367127495982,higher rank -> less PD-like,0.0
ENSG00000172508,CARNS1,0.00012804008744220205,651,-0.15461789554530644,higher rank -> less PD-like,0.0
ENSG00000213024,NUP62,0.0001280039516651165,652,0.24687980030720616,higher rank -> more PD-like,0.0
ENSG00000080493,SLC4A4,0.00012799891822330318,653,-0.06029185867895215,higher rank -> less PD-like,0.0
ENSG00000101439,CST3,0.0001279909558655435,654,0.03825844854070451,higher rank -> more PD-like,0.0
ENSG00000143248,RGS5,0.00012797313264649587,655,-0.15120967741934654,higher rank -> less PD-like,0.0
ENSG00000185010,F8,0.00012791992918899218,656,-0.1570660522273339,higher rank -> less PD-like,0.0
ENSG00000091972,CD200,0.00012789738460055702,657,0.030434313009978526,higher rank -> more PD-like,0.0
ENSG00000188803,SHISA6,0.00012789182033427592,658,0.41042626728108356,higher rank -> more PD-like,0.0
ENSG00000044574,HSPA5,0.00012774014992904473,659,0.3671559038751117,higher rank -> more PD-like,0.0
ENSG00000181045,SLC26A11,0.00012759628019820072,660,0.04382680491551219,higher rank -> more PD-like,0.0
ENSG00000177189,RPS6KA3,0.00012756909764388932,661,-0.16465053763439955,higher rank -> less PD-like,0.0
ENSG00000124151,NCOA3,0.00012754644022894333,662,0.18677995391704047,higher rank -> more PD-like,0.0
ENSG00000067369,TP53BP1,0.00012751431040081861,663,-0.0290902108581183,higher rank -> less PD-like,0.0
ENSG00000105939,ZC3HAV1,0.00012737365005031608,664,0.3990495391704849,higher rank -> more PD-like,0.0
ENSG00000244005,NFS1,0.00012731149133956207,665,0.19407642089092642,higher rank -> more PD-like,0.0
ENSG00000185187,SIGIRR,0.0001272792976537848,666,-0.08040514592933505,higher rank -> less PD-like,0.0
ENSG00000129292,PHF20L1,0.00012723085223749256,667,0.21894201228877452,higher rank -> more PD-like,0.12
ENSG00000130844,ZNF331,0.00012721898919540892,668,0.30107526881718777,higher rank -> more PD-like,0.04
ENSG00000108830,RND2,0.00012717968005765477,669,0.4918394777265475,higher rank -> more PD-like,0.0
ENSG00000114021,NIT2,0.00012710766435411125,670,-0.34864631336403623,higher rank -> less PD-like,0.0
ENSG00000169213,RAB3B,0.00012704731701761196,671,-0.06377361209622939,higher rank -> less PD-like,0.04
ENSG00000138443,ABI2,0.0001270451123296375,672,0.2561443932411534,higher rank -> more PD-like,0.0
ENSG00000168003,SLC3A2,0.00012703323407384267,673,0.14482526881719637,higher rank -> more PD-like,0.0
ENSG00000173875,ZNF791,0.00012700226838682747,674,-0.035378264208907426,higher rank -> less PD-like,0.0
ENSG00000112981,NME5,0.00012698637141308325,675,-0.3050391829998558,higher rank -> less PD-like,0.0
ENSG00000132031,MATN3,0.00012695926145969895,676,-0.23665514592932652,higher rank -> less PD-like,0.04
ENSG00000144283,PKP4,0.0001269242803483412,677,0.10539200980032785,higher rank -> more PD-like,0.0
ENSG00000052749,RRP12,0.00012681644194535813,678,-0.009792626728110071,higher rank -> less PD-like,0.0
ENSG00000170456,DENND5B,0.0001267725400612584,679,0.25885967335379995,higher rank -> more PD-like,0.0
ENSG00000188674,C2orf80,0.00012668035014199773,680,-0.1932603686635839,higher rank -> less PD-like,0.0
ENSG00000133961,NUMB,0.00012665336638181097,681,0.22076612903224596,higher rank -> more PD-like,0.0
ENSG00000005175,RPAP3,0.00012655095088394893,682,-0.012168924839163325,higher rank -> less PD-like,0.0
ENSG00000102763,VWA8,0.00012654551628431837,683,-0.243759600614426,higher rank -> less PD-like,0.0
ENSG00000064726,BTBD1,0.00012641315552712934,684,0.280577956989232,higher rank -> more PD-like,0.0
ENSG00000115548,KDM3A,0.00012638336208434115,685,0.23785522273424192,higher rank -> more PD-like,0.0
ENSG00000101489,CELF4,0.0001263787464066167,686,0.0878717327377854,higher rank -> more PD-like,0.0
ENSG00000130313,PGLS,0.00012635641783243173,687,0.18541409148429344,higher rank -> more PD-like,0.0
ENSG00000106484,MEST,0.00012628964018733752,688,0.2522081413210307,higher rank -> more PD-like,0.04
ENSG00000164331,ANKRA2,0.00012628773703915084,689,-0.2739535330260987,higher rank -> less PD-like,0.0
ENSG00000130707,ASS1,0.00012624168958300693,690,0.33573751607537833,higher rank -> more PD-like,0.08
ENSG00000143753,DEGS1,0.0001261901692429032,691,-0.11640745007679854,higher rank -> less PD-like,0.0
ENSG00000084090,STARD7,0.00012615929217882428,692,0.22571044546849758,higher rank -> more PD-like,0.0
ENSG00000157764,BRAF,0.00012614946356610143,693,-0.026786357207147903,higher rank -> less PD-like,0.12
ENSG00000171793,CTPS1,0.0001261412512244199,694,-0.24033026511744085,higher rank -> less PD-like,0.0
ENSG00000141027,NCOR1,0.00012611946397501447,695,0.38198903119385497,higher rank -> more PD-like,0.0
ENSG00000123352,SPATS2,0.000126105584292432,696,0.21874999999998804,higher rank -> more PD-like,0.0
ENSG00000241258,CRCP,0.0001261034059101654,697,0.14640937019968472,higher rank -> more PD-like,0.04
ENSG00000120709,FAM53C,0.0001260776373088663,698,0.027889784946235043,higher rank -> more PD-like,0.0
ENSG00000115514,TXNDC9,0.0001259517282206179,699,-0.23730603527575528,higher rank -> less PD-like,0.0
ENSG00000110925,CSRNP2,0.00012579614698818745,700,0.1863959293394675,higher rank -> more PD-like,0.0
ENSG00000177731,FLII,0.00012576811066899549,701,0.2227822580645039,higher rank -> more PD-like,0.0
ENSG00000135341,MAP3K7,0.00012576083388409384,702,0.18272808012367114,higher rank -> more PD-like,0.04
ENSG00000121774,KHDRBS1,0.00012573625675180476,703,-0.13352214769283166,higher rank -> less PD-like,0.08
ENSG00000188042,ARL4C,0.00012572379232038362,704,0.3922811059907619,higher rank -> more PD-like,0.08
ENSG00000174080,CTSF,0.00012563819248092423,705,-0.39098971524649073,higher rank -> less PD-like,0.0
ENSG00000186591,UBE2H,0.0001256342251437992,706,0.14597734254991515,higher rank -> more PD-like,0.0
ENSG00000107021,TBC1D13,0.00012557515161337092,707,-0.08558947772656983,higher rank -> less PD-like,0.0
ENSG00000101224,CDC25B,0.00012556102267425608,708,0.21961405529952713,higher rank -> more PD-like,0.04
ENSG00000198522,GPN1,0.0001254801559737353,709,0.26125985576783617,higher rank -> more PD-like,0.0
ENSG00000172794,RAB37,0.00012547227650775442,710,-0.1599260735405256,higher rank -> less PD-like,0.0
ENSG00000144451,SPAG16,0.00012544055711317928,711,-0.2538672939326048,higher rank -> less PD-like,0.04
ENSG00000108679,LGALS3BP,0.00012543281969577263,712,0.08400638449126566,higher rank -> more PD-like,0.0
ENSG00000137692,DCUN1D5,0.00012524391934854825,713,-0.1934066989230339,higher rank -> less PD-like,0.04
ENSG00000196498,NCOR2,0.0001251939182562798,714,0.15456989247310984,higher rank -> more PD-like,0.0
ENSG00000085449,WDFY1,0.00012516451329528988,715,0.12999231950844142,higher rank -> more PD-like,0.0
ENSG00000152413,HOMER1,0.00012515936605006717,716,0.14780145929338673,higher rank -> more PD-like,0.0
ENSG00000108828,VAT1,0.00012500898328065646,717,-0.004560291858678709,higher rank -> less PD-like,0.0
ENSG00000122417,ODF2L,0.00012500045752927405,718,-0.17487519201227922,higher rank -> less PD-like,0.04
ENSG00000089048,ESF1,0.00012494887315354445,719,0.13537028815163948,higher rank -> more PD-like,0.04
ENSG00000067048,DDX3Y,0.0001247831046325469,720,0.2277745775729522,higher rank -> more PD-like,0.0
ENSG00000130287,NCAN,0.00012467774667413077,721,-0.31845238095236345,higher rank -> less PD-like,0.0
ENSG00000140600,SH3GL3,0.00012465853036584555,722,-0.40456989247309616,higher rank -> less PD-like,0.0
ENSG00000163389,POGLUT1,0.00012463513696445863,723,0.3414739520449247,higher rank -> more PD-like,0.12
ENSG00000085377,PREP,0.00012456761271421166,724,-0.09509408602150017,higher rank -> less PD-like,0.0
ENSG00000170153,RNF150,0.00012456592320121354,725,0.3279569892472939,higher rank -> more PD-like,0.0
ENSG00000099204,ABLIM1,0.000124483723168208,726,0.1345046082949235,higher rank -> more PD-like,0.0
ENSG00000163807,KIAA1143,0.0001243485504302523,727,-0.25292818740398004,higher rank -> less PD-like,0.0
ENSG00000075035,WSCD2,0.00012431239796028675,728,0.14290514592933162,higher rank -> more PD-like,0.0
ENSG00000101187,SLCO4A1,0.0001242173116252397,729,0.19935675883255435,higher rank -> more PD-like,0.0
ENSG00000127419,TMEM175,0.00012420366718201534,730,-0.12005568356374151,higher rank -> less PD-like,0.0
ENSG00000107643,MAPK8,0.00012418464990421064,731,-0.2067492319508335,higher rank -> less PD-like,0.0
ENSG00000110841,PPFIBP1,0.00012417500457682145,732,0.18466781874038926,higher rank -> more PD-like,0.12
ENSG00000112685,EXOC2,0.0001241709722425241,733,0.1259630847877349,higher rank -> more PD-like,0.0
ENSG00000131242,RAB11FIP4,0.00012413823163591955,734,0.09394201228878134,higher rank -> more PD-like,0.0
ENSG00000180881,CAPS2,0.0001240086154970476,735,0.060003840245772426,higher rank -> more PD-like,0.0
ENSG00000164929,BAALC,0.00012398414173921563,736,-0.06283602150537294,higher rank -> less PD-like,0.0
ENSG00000150394,CDH8,0.00012397716884800174,737,-0.273281490015346,higher rank -> less PD-like,0.0
ENSG00000175130,MARCKSL1,0.0001238726263870841,738,-0.014736943164361683,higher rank -> less PD-like,0.0
ENSG00000114446,IFT57,0.00012379298726592088,739,-0.3175681352011245,higher rank -> less PD-like,0.0
ENSG00000151353,TMEM18,0.00012378273128699915,740,-0.2677131336405384,higher rank -> less PD-like,0.0
ENSG00000146242,TPBG,0.00012367318410503927,741,-0.35095046082947384,higher rank -> less PD-like,0.0
ENSG00000102678,FGF9,0.00012363825975103855,742,-0.053763440860212085,higher rank -> less PD-like,0.0
ENSG00000108848,LUC7L3,0.00012363254811462352,743,0.11170314900152999,higher rank -> more PD-like,0.0
ENSG00000175352,NRIP3,0.00012360716375608104,744,0.056115591397846394,higher rank -> more PD-like,0.0
ENSG00000076554,TPD52,0.00012358835692902046,745,0.20223694316435142,higher rank -> more PD-like,0.0
ENSG00000069849,ATP1B3,0.00012351432753074623,746,0.2291186635944575,higher rank -> more PD-like,0.0
ENSG00000163466,ARPC2,0.000123435314031576,747,0.23380176895126245,higher rank -> more PD-like,0.04
ENSG00000157224,CLDN12,0.00012342729457582162,748,0.2760176651305532,higher rank -> more PD-like,0.0
ENSG00000174013,FBXO45,0.00012341320361926273,749,0.0012000768049154477,higher rank -> more PD-like,0.0
ENSG00000156709,AIFM1,0.00012327638639534678,750,0.07404562747301556,higher rank -> more PD-like,0.0
ENSG00000104341,LAPTM4B,0.0001231176866588604,751,0.21131205973174363,higher rank -> more PD-like,0.0
ENSG00000165185,KIAA1958,0.00012306242919569738,752,-0.062380740940799845,higher rank -> less PD-like,0.0
ENSG00000132334,PTPRE,0.00012301754199514175,753,0.24131144393239848,higher rank -> more PD-like,0.08
ENSG00000162408,NOL9,0.00012300308712765486,754,0.09591013824884265,higher rank -> more PD-like,0.0
ENSG00000164124,TMEM144,0.00012298312769696526,755,-0.1457373271889321,higher rank -> less PD-like,0.0
ENSG00000102858,MGRN1,0.00012297950562838002,756,-0.2993747525027303,higher rank -> less PD-like,0.04
ENSG00000158201,ABHD3,0.00012297618258223425,757,0.1293218284682684,higher rank -> more PD-like,0.0
ENSG00000140836,ZFHX3,0.0001229381324578693,758,0.28943799730862063,higher rank -> more PD-like,0.0
ENSG00000170500,LONRF2,0.00012293332420110765,759,0.34192588325650974,higher rank -> more PD-like,0.0
ENSG00000162512,SDC3,0.0001228974831415153,760,0.1931449968153398,higher rank -> more PD-like,0.0
ENSG00000165113,GKAP1,0.00012287792324339452,761,0.2171658986174997,higher rank -> more PD-like,0.0
ENSG00000174136,RGMB,0.00012285343842125673,762,0.18365975422426029,higher rank -> more PD-like,0.0
ENSG00000175931,UBE2O,0.00012278969440177926,763,0.20161290322579548,higher rank -> more PD-like,0.0
ENSG00000204128,C2orf72,0.00012278538345488605,764,-0.06427842788444149,higher rank -> less PD-like,0.0
ENSG00000155903,RASA2,0.00012277938756465474,765,0.03864247311827745,higher rank -> more PD-like,0.0
ENSG00000198838,RYR3,0.00012276547778852616,766,-0.21087749615974272,higher rank -> less PD-like,0.04
ENSG00000105290,APLP1,0.0001226925262221305,767,0.1334485407065979,higher rank -> more PD-like,0.04
ENSG00000113504,SLC12A7,0.00012268848769757924,768,0.0721486175115168,higher rank -> more PD-like,0.0
ENSG00000064652,SNX24,0.0001226258223018847,769,-0.3413299411000825,higher rank -> less PD-like,0.0
ENSG00000196482,ESRRG,0.0001226053433561759,770,0.07234062980030327,higher rank -> more PD-like,0.0
ENSG00000151835,SACS,0.000122572527957149,771,0.09787826420890403,higher rank -> more PD-like,0.0
ENSG00000171703,TCEA2,0.0001225240548652785,772,-0.2781571399626507,higher rank -> less PD-like,0.0
ENSG00000071794,HLTF,0.00012240596321108318,773,-0.2971870199692617,higher rank -> less PD-like,0.0
ENSG00000189171,S100A13,0.0001223590656762983,774,-0.04490795191270046,higher rank -> less PD-like,0.04
ENSG00000115233,PSMD14,0.00012232664582603002,775,-0.3637956484954609,higher rank -> less PD-like,0.0
ENSG00000158186,MRAS,0.00012229659672761573,776,0.14595509259753897,higher rank -> more PD-like,0.0
ENSG00000213064,SFT2D2,0.0001222880862829207,777,-0.1418970814132027,higher rank -> less PD-like,0.0
ENSG00000184164,CRELD2,0.00012228685559644446,778,-0.016273236767165182,higher rank -> less PD-like,0.0
ENSG00000109171,SLAIN2,0.00012225969033105558,779,0.2720814132104306,higher rank -> more PD-like,0.0
ENSG00000158457,TSPAN33,0.00012225543890276712,780,0.060531874039935235,higher rank -> more PD-like,0.0
ENSG00000213015,ZNF580,0.00012225288121035674,781,-0.056403609831026116,higher rank -> less PD-like,0.0
ENSG00000163320,CGGBP1,0.00012223390179173964,782,0.38143241167432623,higher rank -> more PD-like,0.0
ENSG00000112186,CAP2,0.00012222872119701516,783,0.28173003072195074,higher rank -> more PD-like,0.0
ENSG00000135926,TMBIM1,0.00012211665895807508,784,-0.21404569892471947,higher rank -> less PD-like,0.0
ENSG00000114757,PEX5L,0.000122105997031891,785,-0.23985598575400446,higher rank -> less PD-like,0.0
ENSG00000123124,WWP1,0.00012206816900930206,786,0.10378264208908802,higher rank -> more PD-like,0.04
ENSG00000101751,POLI,0.00012206654063657875,787,-0.03033794162826251,higher rank -> less PD-like,0.0
ENSG00000104343,UBE2W,0.0001220260901836472,788,-0.18771826660176816,higher rank -> less PD-like,0.0
ENSG00000116983,HPCAL4,0.00012200895658330875,789,0.0727246543778762,higher rank -> more PD-like,0.0
ENSG00000204856,FAM216A,0.00012197057074019665,790,-0.14429723502303357,higher rank -> less PD-like,0.0
ENSG00000122729,ACO1,0.00012196669949482546,791,0.11453533026113043,higher rank -> more PD-like,0.08
ENSG00000102547,CAB39L,0.00012191404001751611,792,-0.06648425499231592,higher rank -> less PD-like,0.0
ENSG00000137824,RMDN3,0.00012185240068016647,793,-0.0783410138248805,higher rank -> less PD-like,0.0
ENSG00000109854,HTATIP2,0.00012183664157182199,794,0.23833525345620815,higher rank -> more PD-like,0.0
ENSG00000169851,PCDH7,0.00012181920665013733,795,0.16748271889400004,higher rank -> more PD-like,0.0
ENSG00000144524,COPS7B,0.00012179919644734327,796,-0.012672811059907132,higher rank -> less PD-like,0.0
ENSG00000121064,SCPEP1,0.00012179690962757088,797,-0.05045122887864548,higher rank -> less PD-like,0.04
ENSG00000138650,PCDH10,0.0001217382884340613,798,-0.007680491551458853,higher rank -> less PD-like,0.0
ENSG00000136040,PLXNC1,0.00012165655585460161,799,0.5048844299752296,higher rank -> more PD-like,0.08
ENSG00000012174,MBTPS2,0.00012163679824003516,800,-0.258592549923181,higher rank -> less PD-like,0.0
ENSG00000128585,MKLN1,0.00012162585865375335,801,0.3140841013824713,higher rank -> more PD-like,0.04
ENSG00000177301,KCNA2,0.00012158130525724701,802,-0.011952908421900109,higher rank -> less PD-like,0.0
ENSG00000179431,FJX1,0.00012154825463631962,803,-0.21990207373270687,higher rank -> less PD-like,0.0
ENSG00000117481,NSUN4,0.00012153997924178585,804,0.0020641321044545615,higher rank -> more PD-like,0.0
ENSG00000169855,ROBO1,0.00012146165001600597,805,0.06235673911665946,higher rank -> more PD-like,0.04
ENSG00000111731,C2CD5,0.00012140506169260135,806,-0.12132922102952795,higher rank -> less PD-like,0.0
ENSG00000119669,IRF2BPL,0.00012138857185726138,807,0.1731950844853976,higher rank -> more PD-like,0.0
ENSG00000030582,GRN,0.0001213606221147205,808,0.1792456226802205,higher rank -> more PD-like,0.0
ENSG00000135090,TAOK3,0.0001212752932641613,809,0.3413978494623469,higher rank -> more PD-like,0.0
ENSG00000169862,CTNND2,0.00012124435938568674,810,-0.08189324116743016,higher rank -> less PD-like,0.0
ENSG00000171385,KCND3,0.00012119657412215129,811,0.268769201228864,higher rank -> more PD-like,0.0
ENSG00000167601,AXL,0.00012119544705969088,812,-0.004800307219661777,higher rank -> less PD-like,0.0
ENSG00000198315,ZKSCAN8,0.00012118759690197998,813,0.030651065126374815,higher rank -> more PD-like,0.04
ENSG00000125170,DOK4,0.00012117702737587431,814,0.0944220430107475,higher rank -> more PD-like,0.0
ENSG00000116809,ZBTB17,0.00012111545482244215,815,0.1922043010752583,higher rank -> more PD-like,0.0
ENSG00000163029,SMC6,0.00012110966014045345,816,-0.16604262672810152,higher rank -> less PD-like,0.0
ENSG00000166855,CLPX,0.0001210634351369968,817,-0.14228110599077565,higher rank -> less PD-like,0.0
ENSG00000151779,NBAS,0.00012106085944654853,818,0.18059189213851332,higher rank -> more PD-like,0.04
ENSG00000115526,CHST10,0.00012104561557671851,819,0.06149193548386762,higher rank -> more PD-like,0.0
ENSG00000092847,AGO1,0.00012104552031501619,820,0.03849846390168762,higher rank -> more PD-like,0.0
ENSG00000119862,LGALSL,0.00012099061514919061,821,-0.3187442245840022,higher rank -> less PD-like,0.0
ENSG00000168785,TSPAN5,0.00012098881127479908,822,0.23343894009215307,higher rank -> more PD-like,0.04
ENSG00000103404,USP31,0.00012097615899632103,823,0.2743855606758682,higher rank -> more PD-like,0.0
ENSG00000001084,GCLC,0.0001208710462410741,824,-0.30486751152072056,higher rank -> less PD-like,0.0
ENSG00000083312,TNPO1,0.00012077870416360045,825,0.13858486943163606,higher rank -> more PD-like,0.0
ENSG00000151366,NDUFC2,0.00012075514384954738,826,0.2442876344085888,higher rank -> more PD-like,0.16
ENSG00000153132,CLGN,0.00012072731883482304,827,-0.05894777265744688,higher rank -> less PD-like,0.0
ENSG00000137414,FAM8A1,0.00012067428055306132,828,0.043539308990615956,higher rank -> more PD-like,0.0
ENSG00000176454,LPCAT4,0.00012059128009032231,829,0.25139510604614757,higher rank -> more PD-like,0.0
ENSG00000170852,KBTBD2,0.00012058746964026199,830,0.1660906298002981,higher rank -> more PD-like,0.0
ENSG00000196967,ZNF585A,0.00012057966678764354,831,0.2291186635944575,higher rank -> more PD-like,0.0
ENSG00000168566,SNRNP48,0.00012055550935070921,832,0.28492565437023276,higher rank -> more PD-like,0.0
ENSG00000204842,ATXN2,0.00012050032116867595,833,0.22609447004607058,higher rank -> more PD-like,0.0
ENSG00000111802,TDP2,0.00012049666209995035,834,0.053187403993852675,higher rank -> more PD-like,0.0
ENSG00000136146,MED4,0.00012043644271301406,835,-0.32822494511944506,higher rank -> less PD-like,0.0
ENSG00000025800,KPNA6,0.00012034546441386701,836,0.07742895545314475,higher rank -> more PD-like,0.0
ENSG00000181523,SGSH,0.00012029059855746717,837,-0.2152723607149033,higher rank -> less PD-like,0.0
ENSG00000068697,LAPTM4A,0.00012026765858703977,838,0.22777457757295214,higher rank -> more PD-like,0.04
ENSG00000196704,AMZ2,0.00012026415184497568,839,-0.12884024577572256,higher rank -> less PD-like,0.0
ENSG00000179456,ZBTB18,0.00012026086978348404,840,0.2340149769585125,higher rank -> more PD-like,0.0
ENSG00000147400,CETN2,0.00012019408908703248,841,-0.23142281105989515,higher rank -> less PD-like,0.0
ENSG00000133805,AMPD3,0.00012006830602152162,842,-0.2979106412301683,higher rank -> less PD-like,0.0
ENSG00000110330,BIRC2,0.00012000640383639765,843,0.1510194774911553,higher rank -> more PD-like,0.04
ENSG00000120306,CYSTM1,0.00011993233788731947,844,0.0063364055299535245,higher rank -> more PD-like,0.0
ENSG00000198721,ECI2,0.00011993076817312118,845,-0.17578936000400847,higher rank -> less PD-like,0.0
ENSG00000152954,NRSN1,0.00011988732939634477,846,-0.26675307219660593,higher rank -> less PD-like,0.04
ENSG00000232956,SNHG15,0.0001198444755072365,847,-0.2704973118279421,higher rank -> less PD-like,0.0
ENSG00000176148,TCP11L1,0.0001197707913795941,848,-0.2376152073732588,higher rank -> less PD-like,0.0
ENSG00000182944,EWSR1,0.00011973642510631004,849,-0.28278949202174053,higher rank -> less PD-like,0.0
ENSG00000152102,FAM168B,0.00011973441399899474,850,0.11201651326306761,higher rank -> more PD-like,0.0
ENSG00000157657,ZNF618,0.00011954362063124453,851,0.11566479053240264,higher rank -> more PD-like,0.0
ENSG00000120832,MTERF2,0.0001195019867437812,852,-0.051747311827954154,higher rank -> less PD-like,0.0
ENSG00000138802,SEC24B,0.00011949750257869405,853,0.04977918586789284,higher rank -> more PD-like,0.0
ENSG00000196372,ASB13,0.00011946625328111673,854,-0.21594441179083337,higher rank -> less PD-like,0.0
ENSG00000182208,MOB2,0.00011945410773066396,855,0.14304915514592148,higher rank -> more PD-like,0.0
ENSG00000012061,ERCC1,0.0001194469767878146,856,-0.07728494623655492,higher rank -> less PD-like,0.0
ENSG00000163288,GABRB1,0.00011944323804138394,857,-0.005568356374807684,higher rank -> less PD-like,0.0
ENSG00000148730,EIF4EBP2,0.00011943910688404101,858,0.11439132104454058,higher rank -> more PD-like,0.0
ENSG00000085831,TTC39A,0.00011939968336263663,859,0.2900140410879894,higher rank -> more PD-like,0.0
ENSG00000156587,UBE2L6,0.00011928837652880193,860,0.2060291858678842,higher rank -> more PD-like,0.0
ENSG00000145050,MANF,0.00011927440143881577,861,0.27404953917049196,higher rank -> more PD-like,0.0
ENSG00000187742,SECISBP2,0.00011927297463336138,862,-0.0005280337941627938,higher rank -> less PD-like,0.0
ENSG00000151491,EPS8,0.00011919899217774606,863,0.0033602150537632735,higher rank -> more PD-like,0.0
ENSG00000071051,NCK2,0.00011916467250378192,864,0.05237135176651017,higher rank -> more PD-like,0.0
ENSG00000196367,TRRAP,0.00011911077725459635,865,0.46615783410135697,higher rank -> more PD-like,0.16
ENSG00000198168,SVIP,0.0001190401310319238,866,0.15802611367126632,higher rank -> more PD-like,0.0
ENSG00000163697,APBB2,0.00011901576315490248,867,0.09480606758832047,higher rank -> more PD-like,0.08
ENSG00000169398,PTK2,0.00011901102742986514,868,-0.15298579109062144,higher rank -> less PD-like,0.0
ENSG00000131116,ZNF428,0.00011893833043426386,869,-0.13570468509983896,higher rank -> less PD-like,0.08
ENSG00000145781,COMMD10,0.00011892392457045024,870,0.04161916305938702,higher rank -> more PD-like,0.0
ENSG00000184677,ZBTB40,0.00011892283131223002,871,0.06518817204300721,higher rank -> more PD-like,0.0
ENSG00000162852,CNST,0.00011888049586520214,872,0.11208717357910292,higher rank -> more PD-like,0.0
ENSG00000143847,PPFIA4,0.00011881156512531845,873,0.31379984881108774,higher rank -> more PD-like,0.12
ENSG00000198740,ZNF652,0.00011880354060624873,874,0.03869047619047407,higher rank -> more PD-like,0.0
ENSG00000135916,ITM2C,0.00011878524138196995,875,0.0025681951830186915,higher rank -> more PD-like,0.0
ENSG00000164181,ELOVL7,0.00011873566886698352,876,-0.3540226574500574,higher rank -> less PD-like,0.12
ENSG00000114098,ARMC8,0.00011872601803813553,877,-0.05789170506912124,higher rank -> less PD-like,0.0
ENSG00000164190,NIPBL,0.00011867275489231971,878,0.21087749615974263,higher rank -> more PD-like,0.0
ENSG00000120798,NR2C1,0.00011863983085098571,879,-0.17394121954520056,higher rank -> less PD-like,0.0
ENSG00000078295,ADCY2,0.00011859313812840819,880,0.1186650185499478,higher rank -> more PD-like,0.0
ENSG00000113140,SPARC,0.000118547565791504,881,0.05750837064030645,higher rank -> more PD-like,0.0
ENSG00000186187,ZNRF1,0.00011852915540788921,882,0.0034562626762120728,higher rank -> more PD-like,0.0
ENSG00000197442,MAP3K5,0.00011842487692234815,883,-0.003552227342549736,higher rank -> less PD-like,0.0
ENSG00000197548,ATG7,0.00011833752688526331,884,0.20338901689707026,higher rank -> more PD-like,0.0
ENSG00000006007,GDE1,0.00011833625524715208,885,-0.10839093701996334,higher rank -> less PD-like,0.0
ENSG00000088205,DDX18,0.0001182591390955791,886,-0.05851574500767731,higher rank -> less PD-like,0.08
ENSG00000105364,MRPL4,0.00011824818240874819,887,0.05477150537634109,higher rank -> more PD-like,0.0
ENSG00000064933,PMS1,0.00011820584860419372,888,-0.13090437788017717,higher rank -> less PD-like,0.0
ENSG00000145734,BDP1,0.00011818022915786415,889,-0.06163668439244863,higher rank -> less PD-like,0.0
ENSG00000112237,CCNC,0.00011816559070813089,890,-0.3341493855606576,higher rank -> less PD-like,0.0
ENSG00000205138,SDHAF1,0.00011814993967644288,891,-0.18498427866979295,higher rank -> less PD-like,0.0
ENSG00000122335,SERAC1,0.00011807649515184105,892,-0.007752589197336809,higher rank -> less PD-like,0.0
ENSG00000124193,SRSF6,0.00011807636492265465,893,-0.01953725038402356,higher rank -> less PD-like,0.0
ENSG00000196776,CD47,0.00011805593672093839,894,-0.20785330261135573,higher rank -> less PD-like,0.04
ENSG00000139132,FGD4,0.0001179640853741897,895,0.043659842078675605,higher rank -> more PD-like,0.0
ENSG00000090621,PABPC4,0.00011795074310570916,896,0.235839093701984,higher rank -> more PD-like,0.0
ENSG00000182568,SATB1,0.00011790059322894339,897,0.021121351766511882,higher rank -> more PD-like,0.08
ENSG00000117069,ST6GALNAC5,0.00011784896173738365,898,0.1019117452999754,higher rank -> more PD-like,0.0
ENSG00000160570,DEDD2,0.00011778751182872479,899,0.05683563748079564,higher rank -> more PD-like,0.0
ENSG00000167196,FBXO22,0.0001177801474144491,900,-0.07901305683563316,higher rank -> less PD-like,0.0
ENSG00000188342,GTF2F2,0.00011772178340602638,901,-0.23439900153608542,higher rank -> less PD-like,0.0
ENSG00000138709,LARP1B,0.0001176971221345851,902,0.040323064555807496,higher rank -> more PD-like,0.0
ENSG00000125675,GRIA3,0.00011769440211586986,903,-0.1718509984638922,higher rank -> less PD-like,0.08
ENSG00000066651,TRMT11,0.00011768875155742719,904,-0.14616935483870167,higher rank -> less PD-like,0.0
ENSG00000174306,ZHX3,0.0001176725051329784,905,0.14933755760367845,higher rank -> more PD-like,0.0
ENSG00000214022,REPIN1,0.00011757429295537011,906,0.20367703533024997,higher rank -> more PD-like,0.0
ENSG00000233016,SNHG7,0.00011751472080553436,907,-0.13378456221197427,higher rank -> less PD-like,0.0
ENSG00000184992,BRI3BP,0.00011750825943263942,908,0.231713610251051,higher rank -> more PD-like,0.0
ENSG00000185946,RNPC3,0.00011745818053464069,909,-0.01339285714285639,higher rank -> less PD-like,0.0
ENSG00000170310,STX8,0.00011737196366062684,910,0.02894585253456062,higher rank -> more PD-like,0.0
ENSG00000100221,JOSD1,0.00011736782790796238,911,0.1437211981566742,higher rank -> more PD-like,0.0
ENSG00000133424,LARGE1,0.00011733250339321434,912,0.06646184866182131,higher rank -> more PD-like,0.0
ENSG00000154229,PRKCA,0.00011724006793068,913,0.02870583717357757,higher rank -> more PD-like,0.0
ENSG00000133114,GPALPP1,0.00011719515284808229,914,-0.18754800307218636,higher rank -> less PD-like,0.0
ENSG00000106355,LSM5,0.0001171797989694214,915,-0.146555138201048,higher rank -> less PD-like,0.0
ENSG00000118217,ATF6,0.00011710860652345431,916,0.07755082449488788,higher rank -> more PD-like,0.04
ENSG00000183091,NEB,0.00011706959173126704,917,-0.051075268817201494,higher rank -> less PD-like,0.08
ENSG00000132294,EFR3A,0.00011698807533384894,918,0.25043202764975586,higher rank -> more PD-like,0.0
ENSG00000115902,SLC1A4,0.00011697859024550085,919,0.06278801843317629,higher rank -> more PD-like,0.0
ENSG00000178538,CA8,0.00011697616935815319,920,0.3485023041474463,higher rank -> more PD-like,0.0
ENSG00000005801,ZNF195,0.00011697296540386582,921,0.26092383022987103,higher rank -> more PD-like,0.0
ENSG00000021355,SERPINB1,0.00011693244035549729,922,-0.029665898617509887,higher rank -> less PD-like,0.0
ENSG00000111790,FGFR1OP2,0.00011693053551108122,923,0.0019681495795096605,higher rank -> more PD-like,0.0
ENSG00000169933,FRMPD4,0.00011689107692051854,924,0.18130760368662602,higher rank -> more PD-like,0.0
ENSG00000157827,FMNL2,0.00011684500469213128,925,-0.025345622119814244,higher rank -> less PD-like,0.0
ENSG00000119471,HSDL2,0.00011683300978597007,926,-0.06778033794162454,higher rank -> less PD-like,0.0
ENSG00000144028,SNRNP200,0.00011676865390700164,927,0.19604454685098768,higher rank -> more PD-like,0.04
ENSG00000014919,COX15,0.0001167262309738269,928,-0.0853014592933901,higher rank -> less PD-like,0.0
ENSG00000166532,RIMKLB,0.0001167213580522088,929,0.01814516129032159,higher rank -> more PD-like,0.0
ENSG00000116539,ASH1L,0.00011669754334119864,930,0.2373751920122758,higher rank -> more PD-like,0.04
ENSG00000101109,STK4,0.00011669162858969113,931,0.06235599078340672,higher rank -> more PD-like,0.0
ENSG00000168724,DNAJC21,0.00011664600181107811,932,0.08534946236558674,higher rank -> more PD-like,0.0
ENSG00000126216,TUBGCP3,0.00011663280865283145,933,-0.1308579452132515,higher rank -> less PD-like,0.04
ENSG00000181090,EHMT1,0.00011662496832049375,934,0.07111740492789147,higher rank -> more PD-like,0.04
ENSG00000164902,PHAX,0.00011662084025253066,935,0.2473927394342564,higher rank -> more PD-like,0.32
ENSG00000244462,RBM12,0.00011660770343173376,936,-0.1846678187403892,higher rank -> less PD-like,0.0
ENSG00000160307,S100B,0.00011659615400390747,937,-0.031442012288784744,higher rank -> less PD-like,0.0
ENSG00000143061,IGSF3,0.00011658430246803389,938,0.19369704539577387,higher rank -> more PD-like,0.0
ENSG00000163602,RYBP,0.00011656720640796538,939,0.26718509984637556,higher rank -> more PD-like,0.04
ENSG00000171587,DSCAM,0.00011653565068099195,940,0.34341397849460487,higher rank -> more PD-like,0.04
ENSG00000197702,PARVA,0.00011650415427163721,941,0.10236900850222744,higher rank -> more PD-like,0.0
ENSG00000198399,ITSN2,0.00011640295921097751,942,0.27721774193546866,higher rank -> more PD-like,0.0
ENSG00000077232,DNAJC10,0.00011638645690486367,943,-0.19614055299538094,higher rank -> less PD-like,0.0
ENSG00000149212,SESN3,0.00011636688586633571,944,-0.011688888356356055,higher rank -> less PD-like,0.0
ENSG00000164733,CTSB,0.00011634238189494315,945,0.27980990783408605,higher rank -> more PD-like,0.0
ENSG00000147133,TAF1,0.00011631685500552922,946,0.16105030721965324,higher rank -> more PD-like,0.0
ENSG00000119541,VPS4B,0.00011621968084981467,947,-0.18397398203587176,higher rank -> less PD-like,0.0
ENSG00000132612,VPS4A,0.00011621148977574174,948,-0.19350038402456693,higher rank -> less PD-like,0.0
ENSG00000234741,GAS5,0.00011620084739888845,949,-0.06394009216589513,higher rank -> less PD-like,0.0
ENSG00000164096,C4orf3,0.00011615788562464914,950,0.21850998463900495,higher rank -> more PD-like,0.0
ENSG00000048052,HDAC9,0.00011614546975667242,951,-0.20622119815667073,higher rank -> less PD-like,0.04
ENSG00000129460,NGDN,0.00011614412302825408,952,-0.1418010752688094,higher rank -> less PD-like,0.0
ENSG00000160179,ABCG1,0.00011606858310358103,953,-0.22374231950843623,higher rank -> less PD-like,0.0
ENSG00000106344,RBM28,0.0001160581088910777,954,0.029882271054750203,higher rank -> more PD-like,0.0
ENSG00000138604,GLCE,0.00011601107364518032,955,-0.08213325652841331,higher rank -> less PD-like,0.0
ENSG00000074582,BCS1L,0.00011589685950244807,956,-0.3852726574500557,higher rank -> less PD-like,0.0
ENSG00000015592,STMN4,0.00011585463490723934,957,0.042507230552580426,higher rank -> more PD-like,0.08
ENSG00000142534,RPS11,0.00011583985338913503,958,0.02299347158218002,higher rank -> more PD-like,0.0
ENSG00000100372,SLC25A17,0.00011582197325748441,959,0.15845814132103592,higher rank -> more PD-like,0.0
ENSG00000080815,PSEN1,0.00011582176803769402,960,-0.01963325652841677,higher rank -> less PD-like,0.0
ENSG00000106609,TMEM248,0.0001158158675479554,961,0.1813556067588226,higher rank -> more PD-like,0.0
ENSG00000188706,ZDHHC9,0.00011579114179908956,962,-0.11434331797234397,higher rank -> less PD-like,0.0
ENSG00000013588,GPRC5A,0.00011578669444829258,963,0.347190552868633,higher rank -> more PD-like,0.0
ENSG00000184205,TSPYL2,0.00011577706088139874,964,-0.06113264608550105,higher rank -> less PD-like,0.0
ENSG00000104408,EIF3E,0.0001157544739558171,965,0.3220564763153721,higher rank -> more PD-like,0.0
ENSG00000196220,SRGAP3,0.00011574847518473033,966,0.02880184331797077,higher rank -> more PD-like,0.0
ENSG00000166448,TMEM130,0.00011571491310772151,967,0.01833717357910804,higher rank -> more PD-like,0.0
ENSG00000135972,MRPS9,0.00011568772602254862,968,-0.2742415514592784,higher rank -> less PD-like,0.0
ENSG00000182621,PLCB1,0.00011566855312791999,969,-0.004872370300493396,higher rank -> less PD-like,0.0
ENSG00000157014,TATDN2,0.0001156353657215927,970,0.16911482334868505,higher rank -> more PD-like,0.0
ENSG00000160321,ZNF208,0.00011562318254793574,971,0.006576499814459055,higher rank -> more PD-like,0.0
ENSG00000131469,RPL27,0.0001155729564061673,972,-0.03842692044871891,higher rank -> less PD-like,0.0
ENSG00000084676,NCOA1,0.00011554504441936149,973,0.09355798771120842,higher rank -> more PD-like,0.0
ENSG00000115084,SLC35F5,0.00011533773095914588,974,-0.014688940092165089,higher rank -> less PD-like,0.0
ENSG00000166002,SMCO4,0.0001153068707479238,975,0.027553763440858678,higher rank -> more PD-like,0.0
ENSG00000090686,USP48,0.00011527289350274975,976,0.10001560119288681,higher rank -> more PD-like,0.0
ENSG00000164151,ICE1,0.00011526252159970837,977,0.3396697388632686,higher rank -> more PD-like,0.0
ENSG00000112855,HARS2,0.00011521076782801631,978,-0.010080645161289753,higher rank -> less PD-like,0.0
ENSG00000159445,THEM4,0.0001151899746397269,979,-0.015216973886327902,higher rank -> less PD-like,0.0
ENSG00000189184,PCDH18,0.00011518586653161224,980,-0.3445180491551271,higher rank -> less PD-like,0.0
ENSG00000137055,PLAA,0.00011508652681219515,981,0.09934474236593656,higher rank -> more PD-like,0.0
ENSG00000116752,BCAS2,0.00011504998485527424,982,-0.2644761002026446,higher rank -> less PD-like,0.0
ENSG00000075856,SART3,0.00011500648675063961,983,0.15783410138247983,higher rank -> more PD-like,0.0
ENSG00000135447,PPP1R1A,0.00011499355489136375,984,-0.1072868663594411,higher rank -> less PD-like,0.0
ENSG00000163513,TGFBR2,0.00011495593102028013,985,-0.16796274961596624,higher rank -> less PD-like,0.0
ENSG00000164683,HEY1,0.00011494721478269061,986,0.1729070660522179,higher rank -> more PD-like,0.0
ENSG00000127483,HP1BP3,0.00011491564467059742,987,0.00307219662058353,higher rank -> more PD-like,0.0
ENSG00000139190,VAMP1,0.00011488507576892462,988,0.2534562211981428,higher rank -> more PD-like,0.0
ENSG00000135457,TFCP2,0.00011483152996949954,989,-0.04742703533025853,higher rank -> less PD-like,0.0
ENSG00000087258,GNAO1,0.00011480539333931859,990,0.2570595365432729,higher rank -> more PD-like,0.04
ENSG00000126247,CAPNS1,0.00011477233842183608,991,-0.25931259600613016,higher rank -> less PD-like,0.04
ENSG00000105270,CLIP3,0.00011473905607638748,992,-0.21855798771120155,higher rank -> less PD-like,0.0
ENSG00000171843,MLLT3,0.00011472744560272134,993,0.153033794162818,higher rank -> more PD-like,0.0
ENSG00000108773,KAT2A,0.00011466789804703142,994,0.24529569892471775,higher rank -> more PD-like,0.04
ENSG00000164466,SFXN1,0.00011465579666807365,995,0.10306259600613875,higher rank -> more PD-like,0.0
ENSG00000127603,MACF1,0.00011465353563283132,996,0.09605414746543255,higher rank -> more PD-like,0.0
ENSG00000154556,SORBS2,0.0001144818833932367,997,0.19242262413327904,higher rank -> more PD-like,0.0
ENSG00000116641,DOCK7,0.00011446995405287134,998,0.2634408602150393,higher rank -> more PD-like,0.0
ENSG00000250317,SMIM20,0.00011442549452147686,999,-0.34898233486941255,higher rank -> less PD-like,0.0
ENSG00000110429,FBXO3,0.00011436187649243985,1000,-0.3350414631753077,higher rank -> less PD-like,0.0
ENSG00000136802,LRRC8A,0.00011435421000443007,1001,0.22719854070659276,higher rank -> more PD-like,0.0
ENSG00000076248,UNG,0.0001142987893911716,1002,0.15264976958524512,higher rank -> more PD-like,0.0
ENSG00000148842,CNNM2,0.0001142851346589446,1003,-0.061539938556064225,higher rank -> less PD-like,0.0
ENSG00000137478,FCHSD2,0.00011427775872602944,1004,-0.16436251920121986,higher rank -> less PD-like,0.04
ENSG00000147010,SH3KBP1,0.00011427562623422547,1005,0.0025921658986173585,higher rank -> more PD-like,0.0
ENSG00000136478,TEX2,0.00011425514438195837,1006,0.015649001536097426,higher rank -> more PD-like,0.0
ENSG00000139343,SNRPF,0.00011424851560876577,1007,-0.22014208909368993,higher rank -> less PD-like,0.0
ENSG00000196091,MYBPC1,0.00011423005433681683,1008,0.22316628264207686,higher rank -> more PD-like,0.0
ENSG00000163629,PTPN13,0.00011418750409431266,1009,-0.2878538769153568,higher rank -> less PD-like,0.16
ENSG00000188227,ZNF793,0.00011417495722751066,1010,0.07013333013813661,higher rank -> more PD-like,0.0
ENSG00000106348,IMPDH1,0.00011416841615715233,1011,0.06917242703532643,higher rank -> more PD-like,0.0
ENSG00000196911,KPNA5,0.00011411962097541448,1012,0.05491551459293093,higher rank -> more PD-like,0.0
ENSG00000175782,SLC35E3,0.00011406630740336953,1013,-0.2580165130568216,higher rank -> less PD-like,0.0
ENSG00000184575,XPOT,0.00011396690901570055,1014,0.1654665898617421,higher rank -> more PD-like,0.0
ENSG00000146540,C7orf50,0.00011393716006975338,1015,-0.057005016457864044,higher rank -> less PD-like,0.0
ENSG00000167986,DDB1,0.00011393660496993446,1016,-0.2634408602150393,higher rank -> less PD-like,0.0
ENSG00000070785,EIF2B3,0.00011391383092980156,1017,-0.30621159754222593,higher rank -> less PD-like,0.0
ENSG00000153982,GDPD1,0.00011390758376715706,1018,0.032210061443930675,higher rank -> more PD-like,0.0
ENSG00000130338,TULP4,0.00011388208287040549,1019,-0.2840341781873884,higher rank -> less PD-like,0.0
ENSG00000144935,TRPC1,0.00011387909189990706,1020,0.00091205837173574,higher rank -> more PD-like,0.0
ENSG00000166206,GABRB3,0.0001138710748150251,1021,-0.08544546850997996,higher rank -> less PD-like,0.0
ENSG00000160075,SSU72,0.00011382937828931034,1022,0.12082373271888736,higher rank -> more PD-like,0.0
ENSG00000205758,CRYZL1,0.00011380312502822774,1023,-0.2283506144393116,higher rank -> less PD-like,0.04
ENSG00000010818,HIVEP2,0.00011379825397672118,1024,0.14746543778801033,higher rank -> more PD-like,0.0
ENSG00000109180,OCIAD1,0.00011379127354648846,1025,0.05078785988100514,higher rank -> more PD-like,0.2
ENSG00000064225,ST3GAL6,0.00011378696582382612,1026,0.292318216205464,higher rank -> more PD-like,0.0
ENSG00000150593,PDCD4,0.00011377134131109318,1027,0.36943164362517183,higher rank -> more PD-like,0.0
ENSG00000162174,ASRGL1,0.00011376606015951919,1028,0.08885368663593982,higher rank -> more PD-like,0.0
ENSG00000070444,MNT,0.00011365880921375899,1029,-0.07944508448540272,higher rank -> less PD-like,0.0
ENSG00000214026,MRPL23,0.00011363044470626718,1030,-0.32056451612901465,higher rank -> less PD-like,0.0
ENSG00000125962,ARMCX5,0.0001135487269329582,1031,-0.22974270353301354,higher rank -> less PD-like,0.0
ENSG00000182287,AP1S2,0.0001135146272588013,1032,0.13964428873762236,higher rank -> more PD-like,0.16
ENSG00000137393,RNF144B,0.0001134887716950802,1033,0.012528801843317307,higher rank -> more PD-like,0.0
ENSG00000213672,NCKIPSD,0.0001134661328779063,1034,-0.01555299539170424,higher rank -> less PD-like,0.04
ENSG00000138073,PREB,0.00011343939420358061,1035,-0.17475728156597292,higher rank -> less PD-like,0.0
ENSG00000053747,LAMA3,0.00011343843400657892,1036,0.1814537905011338,higher rank -> more PD-like,0.0
ENSG00000117906,RCN2,0.000113438062104642,1037,0.025777649769583844,higher rank -> more PD-like,0.0
ENSG00000086200,IPO11,0.00011341666142136546,1038,0.08890168970813644,higher rank -> more PD-like,0.0
ENSG00000100034,PPM1F,0.00011331811979400154,1039,0.19619797439916728,higher rank -> more PD-like,0.0
ENSG00000126705,AHDC1,0.00011331476231545134,1040,-0.0068164362519197415,higher rank -> less PD-like,0.04
ENSG00000172262,ZNF131,0.000113278801143279,1041,0.1782834101382391,higher rank -> more PD-like,0.0
ENSG00000129315,CCNT1,0.00011327159834144499,1042,0.08986175115206883,higher rank -> more PD-like,0.0
ENSG00000116133,DHCR24,0.00011322962659834486,1043,0.10138248847925711,higher rank -> more PD-like,0.0
ENSG00000163637,PRICKLE2,0.00011321482410038696,1044,0.221224813101713,higher rank -> more PD-like,0.0
ENSG00000185513,L3MBTL1,0.00011320782317056328,1045,0.2939228110598917,higher rank -> more PD-like,0.08
ENSG00000100603,SNW1,0.00011320660953784615,1046,0.1718509984638923,higher rank -> more PD-like,0.0
ENSG00000111653,ING4,0.00011318787842903017,1047,0.27328149001534596,higher rank -> more PD-like,0.0
ENSG00000119866,BCL11A,0.00011317222423987868,1048,0.3954013056835421,higher rank -> more PD-like,0.16
ENSG00000215021,PHB2,0.00011315456952262007,1049,-0.2868663594469889,higher rank -> less PD-like,0.0
ENSG00000177885,GRB2,0.00011315339506032319,1050,0.12427995391704384,higher rank -> more PD-like,0.0
ENSG00000172350,ABCG4,0.00011312624936958577,1051,0.2352898820479649,higher rank -> more PD-like,0.0
ENSG00000137193,PIM1,0.00011310841352050483,1052,0.23756720430106215,higher rank -> more PD-like,0.0
ENSG00000166452,AKIP1,0.0001130898579266477,1053,0.08434241002923067,higher rank -> more PD-like,0.0
ENSG00000117054,ACADM,0.0001130204170091115,1054,-0.08453341013824424,higher rank -> less PD-like,0.0
ENSG00000132953,XPO4,0.00011301639254077154,1055,-0.046610983102916045,higher rank -> less PD-like,0.0
ENSG00000157106,SMG1,0.00011297812697123732,1056,0.27596966205835666,higher rank -> more PD-like,0.0
ENSG00000004534,RBM6,0.00011296344959501144,1057,0.19359639016896024,higher rank -> more PD-like,0.0
ENSG00000179889,PDXDC1,0.00011290606612083176,1058,0.33688556067586484,higher rank -> more PD-like,0.0
ENSG00000125798,FOXA2,0.0001128962541210718,1059,0.1850562850063713,higher rank -> more PD-like,0.0
ENSG00000136160,EDNRB,0.00011289398013806918,1060,0.03173003072196448,higher rank -> more PD-like,0.04
ENSG00000114993,RTKN,0.0001128755583096174,1061,0.05049923195084209,higher rank -> more PD-like,0.0
ENSG00000110696,C11orf58,0.00011284207678057989,1062,-0.25576036866358043,higher rank -> less PD-like,0.0
ENSG00000206538,VGLL3,0.0001128084387000739,1063,-0.1456413210445389,higher rank -> less PD-like,0.04
ENSG00000149557,FEZ1,0.00011277477984487413,1064,0.1923003072196515,higher rank -> more PD-like,0.0
ENSG00000196581,AJAP1,0.00011276288075209805,1065,0.05568423200563896,higher rank -> more PD-like,0.0
ENSG00000219481,NBPF1,0.00011274945982141437,1066,0.23946619944838782,higher rank -> more PD-like,0.0
ENSG00000184939,ZFP90,0.00011274167500919093,1067,-0.11748892916707009,higher rank -> less PD-like,0.0
ENSG00000128881,TTBK2,0.00011271915186337713,1068,0.0793010752688128,higher rank -> more PD-like,0.04
ENSG00000138642,HERC6,0.00011268266661786326,1069,-0.22623847926266044,higher rank -> less PD-like,0.0
ENSG00000108349,CASC3,0.00011266738397604577,1070,0.31432411674345434,higher rank -> more PD-like,0.0
ENSG00000136240,KDELR2,0.00011262430874521018,1071,0.31329957045242085,higher rank -> more PD-like,0.0
ENSG00000152749,GPR180,0.0001126054078677557,1072,0.2615207373271746,higher rank -> more PD-like,0.0
ENSG00000031003,FAM13B,0.0001125520107349599,1073,0.029114212682258632,higher rank -> more PD-like,0.0
ENSG00000135164,DMTF1,0.00011254232335747351,1074,-0.16230033483712522,higher rank -> less PD-like,0.0
ENSG00000055483,USP36,0.0001125341291387676,1075,0.10743087557603098,higher rank -> more PD-like,0.0
ENSG00000106615,RHEB,0.00011252283719709986,1076,-0.1278112474265794,higher rank -> less PD-like,0.0
ENSG00000128482,RNF112,0.00011252099040535346,1077,-0.1345046082949235,higher rank -> less PD-like,0.0
ENSG00000131626,PPFIA1,0.00011248343105536854,1078,0.02380952380952252,higher rank -> more PD-like,0.04
ENSG00000168781,PPIP5K1,0.00011243594022577217,1079,0.093919137861235,higher rank -> more PD-like,0.0
ENSG00000156011,PSD3,0.00011242874464249282,1080,-0.11789554531489375,higher rank -> less PD-like,0.0
ENSG00000164587,RPS14,0.0001124036647713919,1081,-0.0443068356374784,higher rank -> less PD-like,0.0
ENSG00000102572,STK24,0.00011240343905868783,1082,0.2351670506912313,higher rank -> more PD-like,0.0
ENSG00000176022,B3GALT6,0.00011239932340172804,1083,-0.2533632556256572,higher rank -> less PD-like,0.0
ENSG00000128203,ASPHD2,0.00011237805217076082,1084,0.14050499231950075,higher rank -> more PD-like,0.0
ENSG00000183454,GRIN2A,0.00011228082667182591,1085,0.30126728110597434,higher rank -> more PD-like,0.0
ENSG00000163728,TTC14,0.00011226404394430098,1086,-0.08222926267280654,higher rank -> less PD-like,0.0
ENSG00000065183,WDR3,0.00011224503846017872,1087,-0.05491617363314738,higher rank -> less PD-like,0.0
ENSG00000185104,FAF1,0.00011223741172770941,1088,-0.2558114416879741,higher rank -> less PD-like,0.0
ENSG00000154065,ANKRD29,0.00011223251308506207,1089,0.07512480798770708,higher rank -> more PD-like,0.0
ENSG00000158467,AHCYL2,0.00011222849612072006,1090,-0.17338709677418407,higher rank -> less PD-like,0.0
ENSG00000117222,RBBP5,0.00011221002588799655,1091,0.11631283978419235,higher rank -> more PD-like,0.0
ENSG00000143384,MCL1,0.00011213206522776183,1092,0.21087749615974266,higher rank -> more PD-like,0.0
ENSG00000105204,DYRK1B,0.00011212430274654718,1093,-0.13800883256527666,higher rank -> less PD-like,0.0
ENSG00000029364,SLC39A9,0.00011210479863700833,1094,-0.25494431643623794,higher rank -> less PD-like,0.0
ENSG00000165169,DYNLT3,0.0001120609733518558,1095,0.312980030721949,higher rank -> more PD-like,0.0
ENSG00000144642,RBMS3,0.00011204168569483256,1096,-0.07267752349701495,higher rank -> less PD-like,0.0
ENSG00000152818,UTRN,0.00011199251641718825,1097,0.19738863287249295,higher rank -> more PD-like,0.0
ENSG00000170242,USP47,0.00011195793102100427,1098,0.14074838589849045,higher rank -> more PD-like,0.0
ENSG00000058799,YIPF1,0.0001118875983237777,1099,0.21164808526970866,higher rank -> more PD-like,0.0
ENSG00000168824,NSG1,0.00011187108276106585,1100,0.28278949202174053,higher rank -> more PD-like,0.0
ENSG00000143797,MBOAT2,0.00011186342101627215,1101,0.17689132104453717,higher rank -> more PD-like,0.0
ENSG00000070761,CFAP20,0.00011184347307097286,1102,0.0439228110599054,higher rank -> more PD-like,0.0
ENSG00000087495,PHACTR3,0.00011182976967184953,1103,0.11112711213517056,higher rank -> more PD-like,0.0
ENSG00000129194,SOX15,0.00011181137747278077,1104,0.09423003072196105,higher rank -> more PD-like,0.0
ENSG00000052802,MSMO1,0.00011180802744529469,1105,-0.019825268817203194,higher rank -> less PD-like,0.0
ENSG00000138085,ATRAID,0.00011180567668177784,1106,-0.058493147413816685,higher rank -> less PD-like,0.0
ENSG00000135469,COQ10A,0.0001117628738090049,1107,0.07757296466973461,higher rank -> more PD-like,0.0
ENSG00000172939,OXSR1,0.00011173904777933043,1108,0.048675115207370605,higher rank -> more PD-like,0.0
ENSG00000111785,RIC8B,0.00011171470239253387,1109,-0.09845548262376334,higher rank -> less PD-like,0.0
ENSG00000119900,OGFRL1,0.00011169543742072027,1110,-0.20533806980927452,higher rank -> less PD-like,0.0
ENSG00000168453,HR,0.00011156113883689117,1111,-0.023378057275772458,higher rank -> less PD-like,0.0
ENSG00000035687,ADSS2,0.00011154222075186135,1112,0.16834677419353916,higher rank -> more PD-like,0.0
ENSG00000005108,THSD7A,0.00011145981735781346,1113,0.15538594470045233,higher rank -> more PD-like,0.0
ENSG00000109790,KLHL5,0.00011144396218591284,1114,0.046947004608292306,higher rank -> more PD-like,0.0
ENSG00000115211,EIF2B4,0.00011142275789790815,1115,-0.16767473118278653,higher rank -> less PD-like,0.0
ENSG00000165487,MICU2,0.00011141054214627551,1116,-0.17919761903193981,higher rank -> less PD-like,0.0
ENSG00000114520,SNX4,0.00011137924103218402,1117,-0.327188940092148,higher rank -> less PD-like,0.0
ENSG00000145191,EIF2B5,0.00011137657872657011,1118,0.19741737278565555,higher rank -> more PD-like,0.0
ENSG00000075618,FSCN1,0.00011134816142237715,1119,0.21409370199691605,higher rank -> more PD-like,0.0
ENSG00000196655,TRAPPC4,0.00011123241224516416,1120,-0.31451612903224085,higher rank -> less PD-like,0.0
ENSG00000196712,NF1,0.00011119728868084381,1121,-0.030865975422425324,higher rank -> less PD-like,0.0
ENSG00000072858,SIDT1,0.00011115901133509876,1122,0.02366551459293263,higher rank -> more PD-like,0.0
ENSG00000162849,KIF26B,0.00011113183720288626,1123,-0.33294930875574213,higher rank -> less PD-like,0.0
ENSG00000147854,UHRF2,0.00011097312189580576,1124,0.35573103558429947,higher rank -> more PD-like,0.0
ENSG00000177479,ARIH2,0.0001109638926083917,1125,-0.05059584528788231,higher rank -> less PD-like,0.0
ENSG00000129353,SLC44A2,0.00011095785888107915,1126,-0.02808179723502149,higher rank -> less PD-like,0.0
ENSG00000164323,CFAP97,0.00011092821927001563,1127,-0.06091589861750818,higher rank -> less PD-like,0.0
ENSG00000170776,AKAP13,0.00011087858085069425,1128,0.2763536866359295,higher rank -> more PD-like,0.0
ENSG00000133627,ACTR3B,0.00011086637794047367,1129,0.033698156682025776,higher rank -> more PD-like,0.04
ENSG00000107862,GBF1,0.00011083787618192718,1130,0.10407190947260793,higher rank -> more PD-like,0.0
ENSG00000164985,PSIP1,0.00011083707026003871,1131,-0.17511520737326233,higher rank -> less PD-like,0.04
ENSG00000138326,RPS24,0.00011080304148295707,1132,-0.10992703533025511,higher rank -> less PD-like,0.0
ENSG00000008277,ADAM22,0.00011078244198488331,1133,0.27918586789553007,higher rank -> more PD-like,0.0
ENSG00000171951,SCG2,0.00011077317664941774,1134,0.09680051847350137,higher rank -> more PD-like,0.0
ENSG00000010810,FYN,0.00011074441059530867,1135,0.016369047619046756,higher rank -> more PD-like,0.0
ENSG00000100403,ZC3H7B,0.00011072917837679505,1136,0.21899001536097107,higher rank -> more PD-like,0.04
ENSG00000170571,EMB,0.00011070633875992616,1137,-0.2422715053763308,higher rank -> less PD-like,0.0
ENSG00000137714,FDX1,0.00011068349060012248,1138,-0.19522849462364522,higher rank -> less PD-like,0.0
ENSG00000005302,MSL3,0.00011067375152031821,1139,0.2253744239631212,higher rank -> more PD-like,0.16
ENSG00000005339,CREBBP,0.00011066238650656949,1140,0.17722734254991346,higher rank -> more PD-like,0.0
ENSG00000135336,ORC3,0.0001106235703119712,1141,-0.38916090629798183,higher rank -> less PD-like,0.0
ENSG00000124788,ATXN1,0.00011061828241887595,1142,0.0928379416282591,higher rank -> more PD-like,0.0
ENSG00000170619,COMMD5,0.000110538273995556,1143,-0.13700076804914765,higher rank -> less PD-like,0.0
ENSG00000101557,USP14,0.00011051075244500023,1144,0.13076036866358728,higher rank -> more PD-like,0.0
ENSG00000011376,LARS2,0.00011050637243322589,1145,-0.21020545314899003,higher rank -> less PD-like,0.0
ENSG00000137513,NARS2,0.00011046347236002268,1146,-0.09682219662057841,higher rank -> less PD-like,0.0
ENSG00000149311,ATM,0.00011045162922010095,1147,0.09221390168970309,higher rank -> more PD-like,0.0
ENSG00000053900,ANAPC4,0.00011044338470655252,1148,-0.29001404108798934,higher rank -> less PD-like,0.0
ENSG00000167635,ZNF146,0.00011042362627802004,1149,0.16897081413209517,higher rank -> more PD-like,0.0
ENSG00000155755,TMEM237,0.00011041222311627228,1150,-0.16772474709284693,higher rank -> less PD-like,0.0
ENSG00000167815,PRDX2,0.00011038565886231188,1151,0.15711405529953051,higher rank -> more PD-like,0.0
ENSG00000164574,GALNT10,0.00011038306935129928,1152,-0.14453725038401666,higher rank -> less PD-like,0.0
ENSG00000087365,SF3B2,0.00011037509292010795,1153,-0.12043970814131447,higher rank -> less PD-like,0.0
ENSG00000176986,SEC24C,0.00011029928671870551,1154,0.1712290134173398,higher rank -> more PD-like,0.04
ENSG00000151025,GPR158,0.00011028049513754035,1155,0.1283857573267943,higher rank -> more PD-like,0.0
ENSG00000131069,ACSS2,0.00011026703798369967,1156,-0.06631704009981916,higher rank -> less PD-like,0.0
ENSG00000162923,WDR26,0.00011024975179707062,1157,-0.219758064516117,higher rank -> less PD-like,0.0
ENSG00000065665,SEC61A2,0.00011019353814995383,1158,0.02016129032257954,higher rank -> more PD-like,0.0
ENSG00000126070,AGO3,0.00011016950080674098,1159,0.245775729646684,higher rank -> more PD-like,0.0
ENSG00000172667,ZMAT3,0.0001101614591514368,1160,0.12605758038517917,higher rank -> more PD-like,0.0
ENSG00000047597,XK,0.00011011282635286372,1161,0.11674347158217487,higher rank -> more PD-like,0.04
ENSG00000163904,SENP2,0.00011009780850482431,1162,-0.1806355606758734,higher rank -> less PD-like,0.0
ENSG00000147481,SNTG1,0.00010994621358459522,1163,0.2684123993616639,higher rank -> more PD-like,0.0
ENSG00000159202,UBE2Z,0.00010993820793344107,1164,0.2163018433179605,higher rank -> more PD-like,0.0
ENSG00000166348,USP54,0.00010989448081913624,1165,0.2710253456221049,higher rank -> more PD-like,0.0
ENSG00000145907,G3BP1,0.00010983312631918365,1166,0.30717165898615834,higher rank -> more PD-like,0.0
ENSG00000083457,ITGAE,0.00010983307868835695,1167,-0.2194220430107407,higher rank -> less PD-like,0.0
ENSG00000169902,TPST1,0.00010982815768669108,1168,-0.13378456221197427,higher rank -> less PD-like,0.0
ENSG00000168906,MAT2A,0.00010980075424332714,1169,0.22311827956988023,higher rank -> more PD-like,0.0
ENSG00000107186,MPDZ,0.00010979584351355771,1170,-0.21702188940090977,higher rank -> less PD-like,0.0
ENSG00000182752,PAPPA,0.00010975770997803796,1171,0.2948828725038241,higher rank -> more PD-like,0.0
ENSG00000100865,CINP,0.00010971818295917398,1172,0.21116551459292235,higher rank -> more PD-like,0.0
ENSG00000196459,TRAPPC2,0.00010970906754015357,1173,-0.1590840904023168,higher rank -> less PD-like,0.0
ENSG00000058729,RIOK2,0.00010968367833084858,1174,-0.18322772657449074,higher rank -> less PD-like,0.0
ENSG00000119596,YLPM1,0.00010962785736179588,1175,-0.2208167820913268,higher rank -> less PD-like,0.0
ENSG00000110436,SLC1A2,0.00010961990097741855,1176,-0.00787259831803861,higher rank -> less PD-like,0.0
ENSG00000109846,CRYAB,0.00010960312000460933,1177,0.35666282642087144,higher rank -> more PD-like,0.0
ENSG00000145248,SLC10A4,0.0001095811030264961,1178,0.1060867895545257,higher rank -> more PD-like,0.0
ENSG00000117868,ESYT2,0.00010958017528096316,1179,0.12490399385559993,higher rank -> more PD-like,0.0
ENSG00000078596,ITM2A,0.00010958011151699642,1180,-0.13769846509325456,higher rank -> less PD-like,0.0
ENSG00000162851,TFB2M,0.00010954623106524804,1181,-0.10733615755569713,higher rank -> less PD-like,0.0
ENSG00000155966,AFF2,0.00010952406412086503,1182,-0.07555683563747664,higher rank -> less PD-like,0.0
ENSG00000163947,ARHGEF3,0.00010952170387365894,1183,0.24351958525344283,higher rank -> more PD-like,0.0
ENSG00000138744,NAAA,0.00010951275017769894,1184,0.2606566820276355,higher rank -> more PD-like,0.12
ENSG00000109762,SNX25,0.00010949350754489477,1185,-0.12456797235022359,higher rank -> less PD-like,0.0
ENSG00000163872,YEATS2,0.00010947948643297468,1186,-0.03230645529292673,higher rank -> less PD-like,0.0
ENSG00000137726,FXYD6,0.00010945117232435469,1187,0.3465821812595815,higher rank -> more PD-like,0.0
ENSG00000107295,SH3GL2,0.00010944565802147512,1188,0.1514976958525262,higher rank -> more PD-like,0.0
ENSG00000147588,PMP2,0.00010941527221067935,1189,-0.0046563538832301715,higher rank -> less PD-like,0.0
ENSG00000171163,ZNF692,0.0001094035501269612,1190,0.02832215248562669,higher rank -> more PD-like,0.0
ENSG00000187257,RSBN1L,0.00010936879062677824,1191,0.2635400290611705,higher rank -> more PD-like,0.0
ENSG00000001497,LAS1L,0.00010935850982901613,1192,-0.1443452380952302,higher rank -> less PD-like,0.0
ENSG00000185127,C6orf120,0.00010927896043143109,1193,-0.2961789554531328,higher rank -> less PD-like,0.0
ENSG00000145730,PAM,0.00010920755825894752,1194,0.3458902876867513,higher rank -> more PD-like,0.04
ENSG00000119280,C1orf198,0.00010915034612926462,1195,-0.05366743471581885,higher rank -> less PD-like,0.0
ENSG00000084754,HADHA,0.00010910372195893743,1196,0.021601382488478076,higher rank -> more PD-like,0.0
ENSG00000143569,UBAP2L,0.00010895947617852757,1197,0.09663018433179195,higher rank -> more PD-like,0.0
ENSG00000135372,NAT10,0.00010895771432981944,1198,-0.1640264976958436,higher rank -> less PD-like,0.0
ENSG00000132437,DDC,0.00010894847026751299,1199,0.20967741935482723,higher rank -> more PD-like,0.0
ENSG00000152503,TRIM36,0.00010894802555140167,1200,-0.12716013824884095,higher rank -> less PD-like,0.0
ENSG00000251022,THAP9-AS1,0.00010894382352788086,1201,-0.12034370199692124,higher rank -> less PD-like,0.0
ENSG00000145332,KLHL8,0.00010891484119133034,1202,0.23727918586788252,higher rank -> more PD-like,0.0
ENSG00000172731,LRRC20,0.00010880673203343227,1203,-0.3231086789554354,higher rank -> less PD-like,0.0
ENSG00000065534,MYLK,0.00010871217942284647,1204,-0.06149193548386756,higher rank -> less PD-like,0.0
ENSG00000119777,TMEM214,0.00010867140695890049,1205,-0.1777575095835181,higher rank -> less PD-like,0.0
ENSG00000116903,EXOC8,0.00010864137590355017,1206,-0.33669354838707827,higher rank -> less PD-like,0.0
ENSG00000127995,CASD1,0.00010858487281427973,1207,-0.27029102927807913,higher rank -> less PD-like,0.0
ENSG00000137198,GMPR,0.00010858171726534091,1208,0.16760473797214515,higher rank -> more PD-like,0.0
ENSG00000126107,HECTD3,0.00010851849974670723,1209,0.05707565284177874,higher rank -> more PD-like,0.0
ENSG00000169019,COMMD8,0.00010848460389581077,1210,0.05004440392195643,higher rank -> more PD-like,0.0
ENSG00000111596,CNOT2,0.00010846412741312456,1211,0.1863479262672709,higher rank -> more PD-like,0.0
ENSG00000005007,UPF1,0.0001084493954950325,1212,0.033890168970812255,higher rank -> more PD-like,0.04
ENSG00000159167,STC1,0.00010844850641460085,1213,0.3203245007680316,higher rank -> more PD-like,0.0
ENSG00000164167,LSM6,0.0001083837795213335,1214,-0.1733651757658319,higher rank -> less PD-like,0.0
ENSG00000130714,POMT1,0.00010834822290131473,1215,0.02188966361600977,higher rank -> more PD-like,0.0
ENSG00000137992,DBT,0.00010827843273962989,1216,0.2544642857142718,higher rank -> more PD-like,0.04
ENSG00000176887,SOX11,0.00010825367525834389,1217,0.11662486349801707,higher rank -> more PD-like,0.0
ENSG00000213625,LEPROT,0.00010820245241361768,1218,-0.09101491714025126,higher rank -> less PD-like,0.0
ENSG00000066654,THUMPD1,0.00010818749957900116,1219,0.17876344086020526,higher rank -> more PD-like,0.0
ENSG00000116285,ERRFI1,0.00010813037616154563,1220,0.009792626728110078,higher rank -> more PD-like,0.0
ENSG00000156103,MMP16,0.00010812819547734008,1221,-0.17079493087556663,higher rank -> less PD-like,0.0
ENSG00000116560,SFPQ,0.00010812342882583822,1222,-0.04632296466973632,higher rank -> less PD-like,0.0
ENSG00000148688,RPP30,0.00010812187262600469,1223,-0.18913210445467477,higher rank -> less PD-like,0.0
ENSG00000143190,POU2F1,0.00010812130503113044,1224,-0.09958356835836035,higher rank -> less PD-like,0.0
ENSG00000196199,MPHOSPH8,0.00010809742761236374,1225,-0.10829493087557011,higher rank -> less PD-like,0.04
ENSG00000260230,FRRS1L,0.00010809674848688336,1226,-0.31043586789552835,higher rank -> less PD-like,0.0
ENSG00000100124,ANKRD54,0.00010801829009031492,1227,-0.23228686635943424,higher rank -> less PD-like,0.0
ENSG00000120948,TARDBP,0.00010801684960632108,1228,0.1762192780337845,higher rank -> more PD-like,0.0
ENSG00000156239,N6AMT1,0.00010799121153730253,1229,0.13309011485830516,higher rank -> more PD-like,0.0
ENSG00000135905,DOCK10,0.00010793266771708924,1230,-0.0857814900153563,higher rank -> less PD-like,0.0
ENSG00000139644,TMBIM6,0.00010793046262894987,1231,0.16753072196619664,higher rank -> more PD-like,0.0
ENSG00000156304,SCAF4,0.00010792273675081274,1232,0.07493279569892063,higher rank -> more PD-like,0.0
ENSG00000169439,SDC2,0.00010791227644651887,1233,-0.09331797235022529,higher rank -> less PD-like,0.0
ENSG00000097021,ACOT7,0.00010785901913030063,1234,0.06682027649769216,higher rank -> more PD-like,0.0
ENSG00000156990,RPUSD3,0.00010784252063871835,1235,0.07373271889400519,higher rank -> more PD-like,0.0
ENSG00000140299,BNIP2,0.00010780016682663824,1236,-0.03434702254787511,higher rank -> less PD-like,0.0
ENSG00000189067,LITAF,0.00010777480333847148,1237,-0.03547427035330067,higher rank -> less PD-like,0.0
ENSG00000211584,SLC48A1,0.00010776141222202957,1238,0.13133640552994674,higher rank -> more PD-like,0.0
ENSG00000115904,SOS1,0.00010774951351751089,1239,0.13676075268816457,higher rank -> more PD-like,0.0
ENSG00000043093,DCUN1D1,0.00010774382267957201,1240,-0.046395526063318995,higher rank -> less PD-like,0.0
ENSG00000197323,TRIM33,0.00010762938232181097,1241,-0.044306835637478385,higher rank -> less PD-like,0.0
ENSG00000181830,SLC35C1,0.00010760750844685496,1242,0.2281105990783285,higher rank -> more PD-like,0.0
ENSG00000090975,PITPNM2,0.00010754971685919894,1243,0.057459677419351714,higher rank -> more PD-like,0.0
ENSG00000152578,GRIA4,0.00010754709938010726,1244,0.07488479262672401,higher rank -> more PD-like,0.0
ENSG00000206432,TMEM200C,0.00010754580670867699,1245,-0.1445389849732576,higher rank -> less PD-like,0.0
ENSG00000182168,UNC5C,0.00010750830174855327,1246,-0.3860887096773982,higher rank -> less PD-like,0.0
ENSG00000261824,LINC00662,0.00010749718459069289,1247,0.1409370199692703,higher rank -> more PD-like,0.04
ENSG00000148948,LRRC4C,0.00010748537006614432,1248,0.057507680491548294,higher rank -> more PD-like,0.0
ENSG00000142089,IFITM3,0.00010748277052179873,1249,-0.07294154356255893,higher rank -> less PD-like,0.04
ENSG00000162298,SYVN1,0.00010748069545641451,1250,-0.0451708909370175,higher rank -> less PD-like,0.0
ENSG00000100097,LGALS1,0.00010744664574657316,1251,0.16474654377879278,higher rank -> more PD-like,0.0
ENSG00000164778,EN2,0.00010744220393458015,1252,0.04337129622163344,higher rank -> more PD-like,0.0
ENSG00000110395,CBL,0.00010741482449513609,1253,0.25451228878646837,higher rank -> more PD-like,0.0
ENSG00000164111,ANXA5,0.00010740568130097845,1254,-0.019921274961596448,higher rank -> less PD-like,0.0
ENSG00000198929,NOS1AP,0.00010736509265056024,1255,0.14002496159753458,higher rank -> more PD-like,0.0
ENSG00000232119,MCTS1,0.00010735397405166539,1256,-0.12855222734254287,higher rank -> less PD-like,0.0
ENSG00000171004,HS6ST2,0.00010720014337776447,1257,-0.25216013824883415,higher rank -> less PD-like,0.0
ENSG00000091844,RGS17,0.00010719648217119253,1258,0.1648685300201439,higher rank -> more PD-like,0.16
ENSG00000203930,LINC00632,0.00010716806168880837,1259,0.14160906298002293,higher rank -> more PD-like,0.0
ENSG00000165916,PSMC3,0.00010716733626168045,1260,-0.25278417818739013,higher rank -> less PD-like,0.0
ENSG00000135924,DNAJB2,0.00010716644771588217,1261,0.21918202764975758,higher rank -> more PD-like,0.0
ENSG00000078142,PIK3C3,0.00010711754119275664,1262,-0.20492511520736198,higher rank -> less PD-like,0.0
ENSG00000109881,CCDC34,0.00010710983788925022,1263,-0.3194124423962958,higher rank -> less PD-like,0.0
ENSG00000198483,ANKRD35,0.00010708232174088337,1264,-0.24302138595194675,higher rank -> less PD-like,0.08
ENSG00000122779,TRIM24,0.00010705249193125946,1265,-0.0019921514036500085,higher rank -> less PD-like,0.0
ENSG00000129422,MTUS1,0.00010704390800625315,1266,0.06514016897081056,higher rank -> more PD-like,0.0
ENSG00000196961,AP2A1,0.0001070126847260985,1267,-0.1250750066366019,higher rank -> less PD-like,0.16
ENSG00000051825,MPHOSPH9,0.00010699205756427168,1268,0.01560118569123507,higher rank -> more PD-like,0.0
ENSG00000176946,THAP4,0.00010696448118029032,1269,0.11453533026113043,higher rank -> more PD-like,0.0
ENSG00000185090,MANEAL,0.0001069353903668945,1270,0.11184984281837748,higher rank -> more PD-like,0.0
ENSG00000196141,SPATS2L,0.00010693464823161456,1271,0.1563238806261752,higher rank -> more PD-like,0.0
ENSG00000123240,OPTN,0.00010677330573563199,1272,0.03158602150537457,higher rank -> more PD-like,0.04
ENSG00000143353,LYPLAL1,0.00010672147786160217,1273,-0.23949020127252818,higher rank -> less PD-like,0.0
ENSG00000242259,C22orf39,0.0001067203630242678,1274,-0.25480336507407886,higher rank -> less PD-like,0.0
ENSG00000175110,MRPS22,0.00010671375507389369,1275,-0.1484752841322769,higher rank -> less PD-like,0.0
ENSG00000105202,FBL,0.00010670110324885621,1276,0.1607142857142769,higher rank -> more PD-like,0.0
ENSG00000132275,RRP8,0.00010666920451292059,1277,-0.06096390168970479,higher rank -> less PD-like,0.0
ENSG00000149547,EI24,0.00010666894550722306,1278,0.14842549923194273,higher rank -> more PD-like,0.0
ENSG00000185745,IFIT1,0.00010665921199636833,1279,-0.12682411674346464,higher rank -> less PD-like,0.0
ENSG00000117748,RPA2,0.00010665039032643608,1280,-0.07171658986174721,higher rank -> less PD-like,0.0
ENSG00000168883,USP39,0.00010663026148187147,1281,-0.04344278033793925,higher rank -> less PD-like,0.0
ENSG00000110786,PTPN5,0.00010660761939120872,1282,0.24726382488477913,higher rank -> more PD-like,0.16
ENSG00000141127,PRPSAP2,0.00010654204258855208,1283,-0.18317972350229408,higher rank -> less PD-like,0.0
ENSG00000188385,JAKMIP3,0.00010653720241553355,1284,0.40776699032060343,higher rank -> more PD-like,0.0
ENSG00000164916,FOXK1,0.00010650985527209762,1285,0.10824822687303091,higher rank -> more PD-like,0.0
ENSG00000115758,ODC1,0.0001065087908312728,1286,-0.2262171925229082,higher rank -> less PD-like,0.04
ENSG00000172348,RCAN2,0.00010644506326153273,1287,0.16364247311827065,higher rank -> more PD-like,0.0
ENSG00000083799,CYLD,0.00010643975152147434,1288,0.07550973874557765,higher rank -> more PD-like,0.0
ENSG00000134215,VAV3,0.00010642738720938621,1289,-0.12884024577572256,higher rank -> less PD-like,0.0
ENSG00000005020,SKAP2,0.00010641257765178891,1290,0.15946620583716486,higher rank -> more PD-like,0.0
ENSG00000184840,TMED9,0.00010626207415879627,1291,-0.17794738863286275,higher rank -> less PD-like,0.0
ENSG00000129480,DTD2,0.00010623229866608867,1292,-0.1439612135176572,higher rank -> less PD-like,0.0
ENSG00000132329,RAMP1,0.00010621867602313044,1293,0.26876920122886394,higher rank -> more PD-like,0.0
ENSG00000032219,ARID4A,0.00010621329064334664,1294,0.14069700460828719,higher rank -> more PD-like,0.0
ENSG00000204922,UQCC3,0.00010621072819573846,1295,0.2109520323696382,higher rank -> more PD-like,0.04
ENSG00000053501,USE1,0.0001062101523013372,1296,-0.08525447934656448,higher rank -> less PD-like,0.0
ENSG00000168434,COG7,0.00010619905043794934,1297,-0.05227534562211693,higher rank -> less PD-like,0.0
ENSG00000170860,LSM3,0.00010618751879291999,1298,-0.12509600614438643,higher rank -> less PD-like,0.0
ENSG00000113448,PDE4D,0.000106161635673625,1299,-0.09024577572964178,higher rank -> less PD-like,0.0
ENSG00000006128,TAC1,0.00010615191847750342,1300,0.2032954504688629,higher rank -> more PD-like,0.0
ENSG00000130560,UBAC1,0.00010613948421940942,1301,0.066173029154977,higher rank -> more PD-like,0.0
ENSG00000023171,GRAMD1B,0.00010613616348633413,1302,0.0012000768049154752,higher rank -> more PD-like,0.0
ENSG00000171451,DSEL,0.00010612614950232532,1303,0.08866167434715339,higher rank -> more PD-like,0.04
ENSG00000167088,SNRPD1,0.00010612376543855426,1304,-0.2252784178187281,higher rank -> less PD-like,0.04
ENSG00000149218,ENDOD1,0.00010607509447582471,1305,-0.20569563288289897,higher rank -> less PD-like,0.0
ENSG00000166822,TMEM170A,0.0001060732314425071,1306,0.014304915514592167,higher rank -> more PD-like,0.0
ENSG00000006704,GTF2IRD1,0.00010605531027007012,1307,0.19311867703334956,higher rank -> more PD-like,0.0
ENSG00000135617,PRADC1,0.00010605056390481912,1308,0.09005376344085526,higher rank -> more PD-like,0.0
ENSG00000105278,ZFR2,0.00010604559569973972,1309,0.07440476190475785,higher rank -> more PD-like,0.0
ENSG00000104517,UBR5,0.00010602655999190138,1310,0.025897968247450196,higher rank -> more PD-like,0.0
ENSG00000091656,ZFHX4,0.00010601424233362577,1311,0.07166858678955061,higher rank -> more PD-like,0.0
ENSG00000197077,KIAA1671,0.00010597443633408322,1312,-0.007560574604213919,higher rank -> less PD-like,0.04
ENSG00000165355,FBXO33,0.0001059503853186203,1313,0.24807987711212162,higher rank -> more PD-like,0.0
ENSG00000198417,MT1F,0.00010594360236815985,1314,0.33484944858218485,higher rank -> more PD-like,0.0
ENSG00000135045,C9orf40,0.00010590835223032335,1315,-0.037538402457755235,higher rank -> less PD-like,0.0
ENSG00000180008,SOCS4,0.00010589866358917366,1316,0.025681643625190622,higher rank -> more PD-like,0.0
ENSG00000157193,LRP8,0.00010586531426859618,1317,0.0751248079877071,higher rank -> more PD-like,0.0
ENSG00000137822,TUBGCP4,0.00010586491915149464,1318,-0.07877493221671995,higher rank -> less PD-like,0.0
ENSG00000111261,MANSC1,0.0001058602407395664,1319,-0.09819146255821934,higher rank -> less PD-like,0.0
ENSG00000182534,MXRA7,0.00010579484609907112,1320,0.03523425499231756,higher rank -> more PD-like,0.0
ENSG00000177888,ZBTB41,0.0001057237643243142,1321,-0.027745775729645168,higher rank -> less PD-like,0.0
ENSG00000115756,HPCAL1,0.00010571363940766399,1322,0.20151689708140216,higher rank -> more PD-like,0.0
ENSG00000185088,RPS27L,0.00010569883129397513,1323,-0.16556259600613532,higher rank -> less PD-like,0.0
ENSG00000101310,SEC23B,0.00010562681300738408,1324,-0.21188810351111237,higher rank -> less PD-like,0.0
ENSG00000164050,PLXNB1,0.000105595164499087,1325,-0.0022561443932410472,higher rank -> less PD-like,0.0
ENSG00000130826,DKC1,0.00010557353002135177,1326,-0.05366743471581888,higher rank -> less PD-like,0.0
ENSG00000006715,VPS41,0.00010549835018038108,1327,0.12620007680490866,higher rank -> more PD-like,0.0
ENSG00000197594,ENPP1,0.00010546949344902393,1328,-0.05558755760368358,higher rank -> less PD-like,0.04
ENSG00000177098,SCN4B,0.00010540478250223741,1329,0.07522081413210033,higher rank -> more PD-like,0.0
ENSG00000241878,PISD,0.00010540275628596138,1330,0.18476382488478246,higher rank -> more PD-like,0.0
ENSG00000100678,SLC8A3,0.00010540172876022315,1331,-0.022513711043659217,higher rank -> less PD-like,0.0
ENSG00000134987,WDR36,0.00010539227835834914,1332,-0.12211981566819603,higher rank -> less PD-like,0.04
ENSG00000106028,SSBP1,0.00010539162123122253,1333,-0.13618471582180516,higher rank -> less PD-like,0.0
ENSG00000163110,PDLIM5,0.00010532938192256267,1334,0.035954301075266856,higher rank -> more PD-like,0.0
ENSG00000114480,GBE1,0.00010530111180104082,1335,-0.23315092165897341,higher rank -> less PD-like,0.0
ENSG00000122733,PHF24,0.00010527447756169299,1336,-0.16412644317426295,higher rank -> less PD-like,0.0
ENSG00000124789,NUP153,0.00010512232237407183,1337,-0.10579877112134599,higher rank -> less PD-like,0.0
ENSG00000163848,ZNF148,0.00010510361831808117,1338,0.09720622119815138,higher rank -> more PD-like,0.0
ENSG00000113916,BCL6,0.00010505894912799446,1339,0.20349234936680174,higher rank -> more PD-like,0.0
ENSG00000102921,N4BP1,0.00010502078416674577,1340,0.0014880952380951298,higher rank -> more PD-like,0.0
ENSG00000169193,CCDC126,0.00010500311540494298,1341,0.08863873655035542,higher rank -> more PD-like,0.0
ENSG00000092140,G2E3,0.00010498147238877908,1342,0.12644312703159066,higher rank -> more PD-like,0.0
ENSG00000196715,VKORC1L1,0.00010498104288530119,1343,-0.1283122119815598,higher rank -> less PD-like,0.0
ENSG00000151498,ACAD8,0.00010495786292659444,1344,0.09319908313702416,higher rank -> more PD-like,0.0
ENSG00000158445,KCNB1,0.00010488012208474016,1345,0.020185534102044118,higher rank -> more PD-like,0.0
ENSG00000081019,RSBN1,0.00010485851660793631,1346,0.16945084485406137,higher rank -> more PD-like,0.0
ENSG00000153936,HS2ST1,0.00010485163324103244,1347,-0.07920506912441963,higher rank -> less PD-like,0.0
ENSG00000104412,EMC2,0.00010481888889369731,1348,-0.19407642089092636,higher rank -> less PD-like,0.0
ENSG00000049245,VAMP3,0.00010481791072699185,1349,0.013296850998463195,higher rank -> more PD-like,0.0
ENSG00000119638,NEK9,0.00010481302945507132,1350,0.1478014592933867,higher rank -> more PD-like,0.0
ENSG00000184209,SNRNP35,0.0001048018438342569,1351,0.03705837173578908,higher rank -> more PD-like,0.0
ENSG00000172893,DHCR7,0.00010479330420777887,1352,0.0737096019350505,higher rank -> more PD-like,0.0
ENSG00000144895,EIF2A,0.00010477930739330004,1353,-0.15130568356373983,higher rank -> less PD-like,0.0
ENSG00000009413,REV3L,0.00010477832910200187,1354,0.041883183124931014,higher rank -> more PD-like,0.0
ENSG00000234616,JRK,0.00010472039966802659,1355,-0.05647629220227087,higher rank -> less PD-like,0.0
ENSG00000175602,CCDC85B,0.00010470765475177672,1356,-0.27745775729645183,higher rank -> less PD-like,0.0
ENSG00000106733,NMRK1,0.00010467378356390023,1357,-0.14103302611366356,higher rank -> less PD-like,0.0
ENSG00000163328,GPR155,0.00010463897539017631,1358,0.020161290322579548,higher rank -> more PD-like,0.0
ENSG00000024048,UBR2,0.00010459263321239836,1359,0.17106305359797777,higher rank -> more PD-like,0.0
ENSG00000182985,CADM1,0.00010458880655201972,1360,0.18677995391704044,higher rank -> more PD-like,0.04
ENSG00000142046,TMEM91,0.00010454703491232356,1361,0.18375576036865351,higher rank -> more PD-like,0.0
ENSG00000163961,RNF168,0.00010452713537579096,1362,0.019441244239630253,higher rank -> more PD-like,0.0
ENSG00000126067,PSMB2,0.0001044996560173123,1363,0.07075652841781488,higher rank -> more PD-like,0.04
ENSG00000154803,FLCN,0.00010449837059308106,1364,0.2402371409375837,higher rank -> more PD-like,0.0
ENSG00000070614,NDST1,0.00010447427410393857,1365,-0.08280529953916599,higher rank -> less PD-like,0.0
ENSG00000119402,FBXW2,0.00010439177676636166,1366,0.023113756647168218,higher rank -> more PD-like,0.0
ENSG00000108960,MMD,0.00010438908739844161,1367,-0.1573559590642107,higher rank -> less PD-like,0.08
ENSG00000187193,MT1X,0.0001043288299378847,1368,0.13114439324116023,higher rank -> more PD-like,0.0
ENSG00000173905,GOLIM4,0.00010431108841648131,1369,-0.09451918346474403,higher rank -> less PD-like,0.04
ENSG00000145725,PPIP5K2,0.00010430761816572522,1370,-0.24956797235021674,higher rank -> less PD-like,0.0
ENSG00000117461,PIK3R3,0.00010429159075620998,1371,-0.28710637480797196,higher rank -> less PD-like,0.0
ENSG00000006530,AGK,0.0001042728539347663,1372,-0.3140360983102746,higher rank -> less PD-like,0.0
ENSG00000186866,POFUT2,0.00010418538326832763,1373,-0.05779569892472803,higher rank -> less PD-like,0.0
ENSG00000197894,ADH5,0.00010415670585198881,1374,-0.036722350230412745,higher rank -> less PD-like,0.0
ENSG00000125148,MT2A,0.0001041293100298682,1375,0.14607334869430846,higher rank -> more PD-like,0.0
ENSG00000165379,LRFN5,0.00010407749311778799,1376,-0.030481950844852373,higher rank -> less PD-like,0.0
ENSG00000131791,PRKAB2,0.00010407586119061132,1377,0.05813172043010436,higher rank -> more PD-like,0.0
ENSG00000137547,MRPL15,0.00010407340602052515,1378,-0.2800979262672657,higher rank -> less PD-like,0.0
ENSG00000143033,MTF2,0.00010405155229909746,1379,0.050187814277496134,higher rank -> more PD-like,0.12
ENSG00000158062,UBXN11,0.0001040478708065098,1380,0.06379608294930526,higher rank -> more PD-like,0.0
ENSG00000183576,SETD3,0.00010400839009078384,1381,0.16179629653017769,higher rank -> more PD-like,0.0
ENSG00000159593,NAE1,0.00010393009682789336,1382,-0.23190284178186138,higher rank -> less PD-like,0.0
ENSG00000179083,FAM133A,0.00010388447235756853,1383,0.22350230414745317,higher rank -> more PD-like,0.0
ENSG00000198863,RUNDC1,0.00010386685252155952,1384,-0.19902073732717798,higher rank -> less PD-like,0.0
ENSG00000101134,DOK5,0.00010384026222922463,1385,0.23324692780336662,higher rank -> more PD-like,0.0
ENSG00000163704,PRRT3,0.00010382607691757657,1386,-0.01281697409095311,higher rank -> less PD-like,0.0
ENSG00000075407,ZNF37A,0.00010381910341050934,1387,0.2334869431643497,higher rank -> more PD-like,0.0
ENSG00000147432,CHRNB3,0.0001038114744925755,1388,0.0971102150537581,higher rank -> more PD-like,0.0
ENSG00000168702,LRP1B,0.00010380190350777247,1389,-0.28504566349093446,higher rank -> less PD-like,0.0
ENSG00000106771,TMEM245,0.00010378219159848595,1390,0.36112711213515686,higher rank -> more PD-like,0.0
ENSG00000134291,TMEM106C,0.00010376718469937211,1391,0.14535330261135912,higher rank -> more PD-like,0.0
ENSG00000161542,PRPSAP1,0.00010373604670919415,1392,-0.1715190937296407,higher rank -> less PD-like,0.04
ENSG00000065154,OAT,0.00010373454196549293,1393,-0.1543298771121267,higher rank -> less PD-like,0.0
ENSG00000167549,CORO6,0.00010372395634948528,1394,0.05947580645160965,higher rank -> more PD-like,0.0
ENSG00000162222,TTC9C,0.00010366089658068003,1395,0.12005568356374155,higher rank -> more PD-like,0.0
ENSG00000168495,POLR3D,0.00010364863885993179,1396,-0.09691820276497165,higher rank -> less PD-like,0.0
ENSG00000156650,KAT6B,0.0001036453235908744,1397,0.2908506144393082,higher rank -> more PD-like,0.0
ENSG00000143164,DCAF6,0.00010360188270843547,1398,0.026353686635943247,higher rank -> more PD-like,0.0
ENSG00000122741,DCAF10,0.00010356062955853686,1399,0.2797619047618895,higher rank -> more PD-like,0.0
ENSG00000148468,FAM171A1,0.00010355903690221719,1400,0.1564918933951577,higher rank -> more PD-like,0.0
ENSG00000128578,STRIP2,0.00010354412597117003,1401,-0.17833141321043572,higher rank -> less PD-like,0.0
ENSG00000183258,DDX41,0.0001035421831886336,1402,-0.2928667434715662,higher rank -> less PD-like,0.0
ENSG00000148411,NACC2,0.00010346047844971657,1403,-0.12730414746543084,higher rank -> less PD-like,0.04
ENSG00000066382,MPPED2,0.00010342564308935743,1404,-0.10819892473117683,higher rank -> less PD-like,0.0
ENSG00000214548,MEG3,0.00010339829416676866,1405,0.04478686635944452,higher rank -> more PD-like,0.04
ENSG00000145833,DDX46,0.00010335529996193156,1406,0.25998463901688285,higher rank -> more PD-like,0.16
ENSG00000123983,ACSL3,0.00010326151908162176,1407,0.12233876584662445,higher rank -> more PD-like,0.0
ENSG00000120129,DUSP1,0.00010323947668257203,1408,0.24039938556066273,higher rank -> more PD-like,0.0
ENSG00000144741,SLC25A26,0.00010321330802740873,1409,-0.2425595238095105,higher rank -> less PD-like,0.0
ENSG00000101132,PFDN4,0.00010319728145030744,1410,-0.1978206605222626,higher rank -> less PD-like,0.0
ENSG00000100239,PPP6R2,0.00010316697585663978,1411,-0.0625480030721932,higher rank -> less PD-like,0.0
ENSG00000155792,DEPTOR,0.00010314559287091873,1412,0.1503714282393655,higher rank -> more PD-like,0.0
ENSG00000181638,ZFP41,0.00010298328841967759,1413,0.1816436251920024,higher rank -> more PD-like,0.0
ENSG00000198931,APRT,0.00010295357709582604,1414,-0.14866551459292576,higher rank -> less PD-like,0.04
ENSG00000047849,MAP4,0.00010287475051831296,1415,0.03420259940001533,higher rank -> more PD-like,0.0
ENSG00000139719,VPS33A,0.0001028477558675059,1416,0.09919953917211453,higher rank -> more PD-like,0.12
ENSG00000150712,MTMR12,0.00010284685996773164,1417,-0.14242511520736545,higher rank -> less PD-like,0.0
ENSG00000140474,ULK3,0.00010283955287053018,1418,0.010608678955452559,higher rank -> more PD-like,0.0
ENSG00000137806,NDUFAF1,0.00010283865375029346,1419,-0.2584005376343944,higher rank -> less PD-like,0.0
ENSG00000107164,FUBP3,0.00010278204606928677,1420,-0.18894009216588822,higher rank -> less PD-like,0.0
ENSG00000055118,KCNH2,0.00010276611568548793,1421,0.2844182027649614,higher rank -> more PD-like,0.0
ENSG00000133027,PEMT,0.00010276526452249136,1422,-0.11515937019968649,higher rank -> less PD-like,0.0
ENSG00000104671,DCTN6,0.00010275827899884214,1423,-0.1734831029185773,higher rank -> less PD-like,0.0
ENSG00000119574,ZBTB45,0.00010275460734337024,1424,-0.22556643625190773,higher rank -> less PD-like,0.0
ENSG00000173141,MRPL57,0.00010271697176531005,1425,0.3838851753009436,higher rank -> more PD-like,0.16
ENSG00000178171,AMER3,0.00010269577531823516,1426,0.11187384493057025,higher rank -> more PD-like,0.0
ENSG00000083444,PLOD1,0.0001026716344903549,1427,0.2404953917050559,higher rank -> more PD-like,0.0
ENSG00000136720,HS6ST1,0.0001026561017759254,1428,0.20399150336893332,higher rank -> more PD-like,0.0
ENSG00000145819,ARHGAP26,0.00010264907681394308,1429,-0.05028382157405757,higher rank -> less PD-like,0.0
ENSG00000205336,ADGRG1,0.0001026449979241935,1430,-0.113168600821805,higher rank -> less PD-like,0.0
ENSG00000184486,POU3F2,0.00010263634456293966,1431,-0.005232460458027091,higher rank -> less PD-like,0.0
ENSG00000108510,MED13,0.00010261275597838181,1432,0.02592165898617368,higher rank -> more PD-like,0.0
ENSG00000183207,RUVBL2,0.00010258213881042416,1433,0.1842357910906197,higher rank -> more PD-like,0.0
ENSG00000036549,ZZZ3,0.00010254496027778067,1434,-0.061107910906294645,higher rank -> less PD-like,0.0
ENSG00000184708,EIF4ENIF1,0.00010254303487729971,1435,-0.3327092933947591,higher rank -> less PD-like,0.0
ENSG00000158985,CDC42SE2,0.00010254267917173439,1436,-0.16249039938555174,higher rank -> less PD-like,0.0
ENSG00000086758,HUWE1,0.00010252685321836009,1437,-0.15269777265744172,higher rank -> less PD-like,0.0
ENSG00000112659,CUL9,0.00010252237085710625,1438,0.06946044546850617,higher rank -> more PD-like,0.0
ENSG00000189079,ARID2,0.00010250263691896732,1439,0.20886136712748468,higher rank -> more PD-like,0.0
ENSG00000181610,MRPS23,0.0001024840970295899,1440,-0.325796850998446,higher rank -> less PD-like,0.0
ENSG00000006283,CACNA1G,0.00010247203446658023,1441,-0.10896697388632276,higher rank -> less PD-like,0.12
ENSG00000102974,CTCF,0.00010246769361117061,1442,0.11492073398405138,higher rank -> more PD-like,0.0
ENSG00000123636,BAZ2B,0.00010245560714555044,1443,0.07142857142856755,higher rank -> more PD-like,0.0
ENSG00000120333,MRPS14,0.00010240861286761558,1444,-0.022321428571427358,higher rank -> less PD-like,0.0
ENSG00000142599,RERE,0.0001023932226330155,1445,0.2581125192012147,higher rank -> more PD-like,0.0
ENSG00000156162,DPY19L4,0.00010233204801847976,1446,-0.14573732718893212,higher rank -> less PD-like,0.0
ENSG00000102468,HTR2A,0.00010230433806791301,1447,0.16496651710101037,higher rank -> more PD-like,0.08
ENSG00000104290,FZD3,0.00010230034411320068,1448,0.1457853302611287,higher rank -> more PD-like,0.0
ENSG00000169359,SLC33A1,0.00010229865645919016,1449,-0.17103699882421686,higher rank -> less PD-like,0.0
ENSG00000122786,CALD1,0.00010224524555211516,1450,0.20540514592932824,higher rank -> more PD-like,0.0
ENSG00000082497,SERTAD4,0.00010219003840387223,1451,0.12363339614700267,higher rank -> more PD-like,0.0
ENSG00000075142,SRI,0.00010218771351301926,1452,-0.17799539170505932,higher rank -> less PD-like,0.0
ENSG00000100852,ARHGAP5,0.00010216959396060564,1453,0.2186086142704136,higher rank -> more PD-like,0.0
ENSG00000070882,OSBPL3,0.0001021667702562014,1454,0.15245775729645863,higher rank -> more PD-like,0.0
ENSG00000066468,FGFR2,0.00010216539240109123,1455,-0.05726766513056522,higher rank -> less PD-like,0.0
ENSG00000125744,RTN2,0.00010216287344758804,1456,-0.3250567043329173,higher rank -> less PD-like,0.0
ENSG00000162729,IGSF8,0.00010213019793307705,1457,-0.04560291858678704,higher rank -> less PD-like,0.0
ENSG00000147862,NFIB,0.0001021283029925121,1458,0.14122673324188773,higher rank -> more PD-like,0.0
ENSG00000168843,FSTL5,0.00010209777145995906,1459,0.21894463980837864,higher rank -> more PD-like,0.0
ENSG00000143158,MPC2,0.00010205130836637836,1460,0.01300883256528349,higher rank -> more PD-like,0.0
ENSG00000249242,TMEM150C,0.00010204984693010587,1461,0.20996543778800691,higher rank -> more PD-like,0.0
ENSG00000152377,SPOCK1,0.00010199826730596575,1462,0.029546600109318144,higher rank -> more PD-like,0.0
ENSG00000148358,GPR107,0.00010199241979672247,1463,-0.028945852534560636,higher rank -> less PD-like,0.0
ENSG00000146966,DENND2A,0.0001019603587346818,1464,-0.28139738622159954,higher rank -> less PD-like,0.0
ENSG00000083937,CHMP2B,0.00010195822723096376,1465,-0.33225725157502584,higher rank -> less PD-like,0.0
ENSG00000097007,ABL1,0.0001019511275552831,1466,-0.004416282642088835,higher rank -> less PD-like,0.0
ENSG00000006118,TMEM132A,0.00010193040303647104,1467,0.27880184331795704,higher rank -> more PD-like,0.0
ENSG00000133997,MED6,0.00010192002518475394,1468,-0.03221006144393063,higher rank -> less PD-like,0.0
ENSG00000114019,AMOTL2,0.00010191402350616033,1469,-0.02827380952380797,higher rank -> less PD-like,0.0
ENSG00000245910,SNHG6,0.00010191143302469803,1470,-0.014784946236558343,higher rank -> less PD-like,0.0
ENSG00000197622,CDC42SE1,0.00010184263184085915,1471,0.006672507111020538,higher rank -> more PD-like,0.0
ENSG00000182372,CLN8,0.0001018410428952289,1472,0.17919546850997486,higher rank -> more PD-like,0.0
ENSG00000186298,PPP1CC,0.00010183545672160352,1473,0.17593125960060482,higher rank -> more PD-like,0.0
ENSG00000109452,INPP4B,0.00010183452912240931,1474,-0.2091493855606644,higher rank -> less PD-like,0.0
ENSG00000167779,IGFBP6,0.00010175880320554766,1475,-0.13887288786481572,higher rank -> less PD-like,0.0
ENSG00000150768,DLAT,0.00010173097658132434,1476,-0.14645737327188135,higher rank -> less PD-like,0.0
ENSG00000151150,ANK3,0.00010171692990900639,1477,-0.0734695836936469,higher rank -> less PD-like,0.0
ENSG00000091732,ZC3HC1,0.0001016980291344527,1478,0.22801459293393528,higher rank -> more PD-like,0.0
ENSG00000130830,MPP1,0.00010169690547388627,1479,-0.2949308755760207,higher rank -> less PD-like,0.0
ENSG00000169155,ZBTB43,0.00010166176748053017,1480,0.2988671274961433,higher rank -> more PD-like,0.08
ENSG00000132604,TERF2,0.00010164298691243186,1481,-0.2571555438398343,higher rank -> less PD-like,0.0
ENSG00000059728,MXD1,0.00010160307131923175,1482,0.23207363761315647,higher rank -> more PD-like,0.0
ENSG00000159140,SON,0.00010157008632883796,1483,0.16916282642088165,higher rank -> more PD-like,0.0
ENSG00000143437,ARNT,0.00010154395588319877,1484,0.027073732718892483,higher rank -> more PD-like,0.0
ENSG00000124571,XPO5,0.00010153206679722663,1485,-0.06072388632872173,higher rank -> less PD-like,0.0
ENSG00000160131,VMA21,0.00010152086115069668,1486,-0.35565476190474243,higher rank -> less PD-like,0.0
ENSG00000170464,DNAJC18,0.00010148927241612556,1487,-0.10344662058371171,higher rank -> less PD-like,0.0
ENSG00000114316,USP4,0.00010145717371417923,1488,0.01094470046082893,higher rank -> more PD-like,0.0
ENSG00000130816,DNMT1,0.0001014560755699006,1489,0.16205837173578222,higher rank -> more PD-like,0.04
ENSG00000137166,FOXP4,0.00010144206634019623,1490,0.1890841013824781,higher rank -> more PD-like,0.0
ENSG00000132561,MATN2,0.00010142082300145552,1491,0.2043970814131993,higher rank -> more PD-like,0.0
ENSG00000135049,AGTPBP1,0.00010140785066729668,1492,-0.41623963424215105,higher rank -> less PD-like,0.0
ENSG00000103253,HAGHL,0.00010138510265301862,1493,-0.10738287250383434,higher rank -> less PD-like,0.0
ENSG00000158850,B4GALT3,0.00010137997289850176,1494,0.06802035330260765,higher rank -> more PD-like,0.0
ENSG00000168234,TTC39C,0.00010137484420962882,1495,-0.08799068729856567,higher rank -> less PD-like,0.0
ENSG00000132321,IQCA1,0.00010134073236648576,1496,-0.05899577572964345,higher rank -> less PD-like,0.0
ENSG00000139641,ESYT1,0.00010133546454652246,1497,0.10431192771401156,higher rank -> more PD-like,0.0
ENSG00000136381,IREB2,0.00010131943222608414,1498,0.06612502550669623,higher rank -> more PD-like,0.0
ENSG00000107929,LARP4B,0.00010128802846846757,1499,-0.14415322580644363,higher rank -> less PD-like,0.0
ENSG00000102781,KATNAL1,0.00010128027590141065,1500,-0.28153801843316434,higher rank -> less PD-like,0.0
ENSG00000172339,ALG14,0.0001012759344080334,1501,-0.28173003072195074,higher rank -> less PD-like,0.0
ENSG00000118816,CCNI,0.00010125215457196548,1502,0.13738644137942985,higher rank -> more PD-like,0.0
ENSG00000159461,AMFR,0.00010123147432727838,1503,-0.22561443932410435,higher rank -> less PD-like,0.04
ENSG00000116161,CACYBP,0.0001012309642401401,1504,0.44588188705549764,higher rank -> more PD-like,0.0
ENSG00000132842,AP3B1,0.00010122234975080457,1505,-0.06845320244831131,higher rank -> less PD-like,0.0
ENSG00000149136,SSRP1,0.0001012106996872954,1506,-0.2383861173620716,higher rank -> less PD-like,0.0
ENSG00000185070,FLRT2,0.00010118821337010166,1507,0.3314132104454503,higher rank -> more PD-like,0.0
ENSG00000132823,OSER1,0.00010117628463800179,1508,0.35315860215051836,higher rank -> more PD-like,0.0
ENSG00000176410,DNAJC30,0.00010117555004753647,1509,0.06754032258064144,higher rank -> more PD-like,0.0
ENSG00000130226,DPP6,0.00010116518355065352,1510,-0.10786290322580055,higher rank -> less PD-like,0.0
ENSG00000182247,UBE2E2,0.00010115478721936947,1511,0.16556259600613538,higher rank -> more PD-like,0.0
ENSG00000136636,KCTD3,0.00010115179887940899,1512,-0.24155435814859919,higher rank -> less PD-like,0.0
ENSG00000118985,ELL2,0.0001011141058511447,1513,-0.029426589548354243,higher rank -> less PD-like,0.0
ENSG00000186416,NKRF,0.00010110582374323813,1514,0.2397273425499101,higher rank -> more PD-like,0.0
ENSG00000003096,KLHL13,0.0001010497140551197,1515,-0.29080261136711155,higher rank -> less PD-like,0.0
ENSG00000165821,SALL2,0.00010101945936358179,1516,0.06514016897081054,higher rank -> more PD-like,0.0
ENSG00000105518,TMEM205,0.00010100963455782753,1517,0.05993255487848293,higher rank -> more PD-like,0.0
ENSG00000162601,MYSM1,0.00010099775482782166,1518,-0.010320660522272878,higher rank -> less PD-like,0.0
ENSG00000115828,QPCT,0.00010093652630171168,1519,0.0503318252223383,higher rank -> more PD-like,0.0
ENSG00000100324,TAB1,0.00010093209463480272,1520,-0.2107600177765153,higher rank -> less PD-like,0.0
ENSG00000198015,MRPL42,0.00010091050511817559,1521,0.07306067588325252,higher rank -> more PD-like,0.0
ENSG00000114030,KPNA1,0.00010087583982915395,1522,0.13210445468509263,higher rank -> more PD-like,0.0
ENSG00000103148,NPRL3,0.00010086008017730548,1523,-0.14422696125943293,higher rank -> less PD-like,0.0
ENSG00000182149,IST1,0.0001008540034647972,1524,0.13054592149942676,higher rank -> more PD-like,0.0
ENSG00000124177,CHD6,0.00010077433158821393,1525,0.09581413210444947,higher rank -> more PD-like,0.0
ENSG00000160948,VPS28,0.00010071564294181193,1526,-0.23137480798769852,higher rank -> less PD-like,0.0
ENSG00000132535,DLG4,0.00010069374818665367,1527,-0.17122695852533626,higher rank -> less PD-like,0.0
ENSG00000174469,CNTNAP2,0.00010068617363309207,1528,-0.28602973828068934,higher rank -> less PD-like,0.0
ENSG00000129055,ANAPC13,0.00010067359906996374,1529,-0.062499999999996586,higher rank -> less PD-like,0.0
ENSG00000074319,TSG101,0.00010065710783533906,1530,-0.09519237695658478,higher rank -> less PD-like,0.0
ENSG00000196632,WNK3,0.00010065466834419813,1531,-0.13023233486942448,higher rank -> less PD-like,0.0
ENSG00000162437,RAVER2,0.00010065147375373016,1532,0.059596529340517894,higher rank -> more PD-like,0.0
ENSG00000184007,PTP4A2,0.00010064970103198644,1533,0.1249789981878308,higher rank -> more PD-like,0.0
ENSG00000064999,ANKS1A,0.00010061808239389691,1534,0.08107718894008772,higher rank -> more PD-like,0.0
ENSG00000166311,SMPD1,0.00010059815709586117,1535,0.12197580645160619,higher rank -> more PD-like,0.0
ENSG00000164070,HSPA4L,0.00010052118572697565,1536,0.08587749615974954,higher rank -> more PD-like,0.0
ENSG00000102804,TSC22D1,0.00010049270641986591,1537,0.19336101582507484,higher rank -> more PD-like,0.0
ENSG00000105771,SMG9,0.00010048937908276696,1538,0.020857585177974224,higher rank -> more PD-like,0.0
ENSG00000166037,CEP57,0.00010048711368739767,1539,-0.07714093701996501,higher rank -> less PD-like,0.0
ENSG00000115839,RAB3GAP1,0.00010048558979970049,1540,-0.1136980054572219,higher rank -> less PD-like,0.0
ENSG00000151789,ZNF385D,0.00010046800637608856,1541,0.07891705069123998,higher rank -> more PD-like,0.0
ENSG00000175048,ZDHHC14,0.0001004547612269418,1542,0.2671370967741789,higher rank -> more PD-like,0.0
ENSG00000033178,UBA6,0.00010044021996734098,1543,0.06574099632045047,higher rank -> more PD-like,0.0
ENSG00000164897,TMUB1,0.00010043525332261021,1544,-0.22134216589860536,higher rank -> less PD-like,0.0
ENSG00000103489,XYLT1,0.00010042277368462211,1545,-0.15937019969277158,higher rank -> less PD-like,0.0
ENSG00000100243,CYB5R3,0.00010039950071438842,1546,0.13791282642088337,higher rank -> more PD-like,0.0
ENSG00000198947,DMD,0.00010038221994614748,1547,0.05117127496159478,higher rank -> more PD-like,0.0
ENSG00000179218,CALR,0.00010038100437414957,1548,0.3106278801843147,higher rank -> more PD-like,0.0
ENSG00000186468,RPS23,0.0001003207192641407,1549,-0.07104454685099457,higher rank -> less PD-like,0.0
ENSG00000141985,SH3GL1,0.00010029125403055922,1550,-0.09182987711213014,higher rank -> less PD-like,0.0
ENSG00000102900,NUP93,0.00010026558549136813,1551,-0.29090210858118276,higher rank -> less PD-like,0.0
ENSG00000123200,ZC3H13,0.0001002522226987953,1552,-0.14112903225805679,higher rank -> less PD-like,0.0
ENSG00000179526,SHARPIN,0.00010023730865199574,1553,-0.22071812596004936,higher rank -> less PD-like,0.0
ENSG00000168924,LETM1,0.00010023290891749746,1554,-0.018385176651304694,higher rank -> less PD-like,0.0
ENSG00000168309,FAM107A,0.00010019188327941732,1555,-0.019369472081271794,higher rank -> less PD-like,0.0
ENSG00000126945,HNRNPH2,0.00010017693088434679,1556,-0.21947004608293733,higher rank -> less PD-like,0.0
ENSG00000165669,FAM204A,0.00010016646801177971,1557,-0.16685867895544398,higher rank -> less PD-like,0.0
ENSG00000138777,PPA2,0.00010016344337641003,1558,-0.09288705942319944,higher rank -> less PD-like,0.0
ENSG00000102226,USP11,0.00010015832746098003,1559,0.1907162058371631,higher rank -> more PD-like,0.0
ENSG00000119227,PIGZ,0.00010009595614355308,1560,-0.07752496159753797,higher rank -> less PD-like,0.0
ENSG00000198000,NOL8,0.0001000376687880418,1561,-0.018865207373270864,higher rank -> less PD-like,0.0
ENSG00000177150,FAM210A,9.996436831456328e-05,1562,0.11568740399384923,higher rank -> more PD-like,0.0
ENSG00000060709,RIMBP2,9.995560062106456e-05,1563,-0.052659370199689894,higher rank -> less PD-like,0.0
ENSG00000089335,ZNF302,9.99136764940856e-05,1564,0.18474204040836337,higher rank -> more PD-like,0.0
ENSG00000138835,RGS3,9.989496091924073e-05,1565,0.09408715063021755,higher rank -> more PD-like,0.0
ENSG00000167325,RRM1,9.989162000086778e-05,1566,-0.07054136114852279,higher rank -> less PD-like,0.0
ENSG00000090487,SPG21,9.98691497269446e-05,1567,0.20170890937018862,higher rank -> more PD-like,0.0
ENSG00000106261,ZKSCAN1,9.98518469553892e-05,1568,0.0679491641413637,higher rank -> more PD-like,0.0
ENSG00000145824,CXCL14,9.982307702398562e-05,1569,0.11971966205836515,higher rank -> more PD-like,0.0
ENSG00000114541,FRMD4B,9.98101372228833e-05,1570,-0.163212404154459,higher rank -> less PD-like,0.0
ENSG00000213593,TMX2,9.978325817263924e-05,1571,-0.07843701996927373,higher rank -> less PD-like,0.0
ENSG00000166033,HTRA1,9.974545058992152e-05,1572,-0.03893049155145715,higher rank -> less PD-like,0.0
ENSG00000140992,PDPK1,9.974212823975769e-05,1573,0.04685099846389911,higher rank -> more PD-like,0.0
ENSG00000135966,TGFBRAP1,9.973782810973825e-05,1574,-0.028513824884791095,higher rank -> less PD-like,0.0
ENSG00000159307,SCUBE1,9.97201169280584e-05,1575,0.14991359447003788,higher rank -> more PD-like,0.0
ENSG00000129071,MBD4,9.968764853962466e-05,1576,-0.005328341013824583,higher rank -> less PD-like,0.0
ENSG00000159479,MED8,9.968698278202752e-05,1577,-0.13469662058370996,higher rank -> less PD-like,0.0
ENSG00000155846,PPARGC1B,9.965500664833272e-05,1578,0.05602025754360403,higher rank -> more PD-like,0.0
ENSG00000151327,FAM177A1,9.96466586634561e-05,1579,-0.1701009276827428,higher rank -> less PD-like,0.0
ENSG00000101199,ARFGAP1,9.96376444423256e-05,1580,-0.17744548586969344,higher rank -> less PD-like,0.0
ENSG00000205060,SLC35B4,9.962621343470841e-05,1581,0.056692308619534094,higher rank -> more PD-like,0.0
ENSG00000015153,YAF2,9.961953647083616e-05,1582,-0.018505406412218806,higher rank -> less PD-like,0.0
ENSG00000002746,HECW1,9.959925146592667e-05,1583,-0.10675883256527834,higher rank -> less PD-like,0.0
ENSG00000143621,ILF2,9.959247456904509e-05,1584,-0.26862519201227414,higher rank -> less PD-like,0.0
ENSG00000113851,CRBN,9.957638876695795e-05,1585,-0.11664746543778161,higher rank -> less PD-like,0.0
ENSG00000068745,IP6K2,9.953476100623576e-05,1586,0.13925691244238866,higher rank -> more PD-like,0.0
ENSG00000125977,EIF2S2,9.950465355070923e-05,1587,0.005760368663594126,higher rank -> more PD-like,0.0
ENSG00000119231,SENP5,9.950335383241714e-05,1588,0.10853494623655317,higher rank -> more PD-like,0.0
ENSG00000155287,SLC25A28,9.948351999901849e-05,1589,0.008664762501595338,higher rank -> more PD-like,0.0
ENSG00000184831,APOO,9.946091692785901e-05,1590,-0.1675787250383933,higher rank -> less PD-like,0.0
ENSG00000005249,PRKAR2B,9.94286808125939e-05,1591,-0.1676547536666023,higher rank -> less PD-like,0.0
ENSG00000198624,CCDC69,9.942239496196389e-05,1592,-0.059859831029182596,higher rank -> less PD-like,0.0
ENSG00000166233,ARIH1,9.940702095829565e-05,1593,0.08414938556067127,higher rank -> more PD-like,0.0
ENSG00000101126,ADNP,9.940672627175018e-05,1594,0.1931906825057706,higher rank -> more PD-like,0.0
ENSG00000085871,MGST2,9.936989328916759e-05,1595,-0.016177035330260256,higher rank -> less PD-like,0.0
ENSG00000158828,PINK1,9.935819321956637e-05,1596,-0.3168202764976786,higher rank -> less PD-like,0.04
ENSG00000088899,LZTS3,9.93534429969974e-05,1597,0.20511712749614852,higher rank -> more PD-like,0.04
ENSG00000227051,C14orf132,9.93084829117315e-05,1598,-0.04665898617511268,higher rank -> less PD-like,0.04
ENSG00000107331,ABCA2,9.925441930469736e-05,1599,0.021889400921657795,higher rank -> more PD-like,0.0
ENSG00000096063,SRPK1,9.923508193298455e-05,1600,0.2519951516496566,higher rank -> more PD-like,0.0
ENSG00000140416,TPM1,9.919532418305711e-05,1601,-0.21375768049153976,higher rank -> less PD-like,0.0
ENSG00000162409,PRKAA2,9.917081694980589e-05,1602,0.037586856603806285,higher rank -> more PD-like,0.04
ENSG00000172889,EGFL7,9.911424308145357e-05,1603,0.12168778801842649,higher rank -> more PD-like,0.0
ENSG00000188846,RPL14,9.911283523356059e-05,1604,0.01809715821812497,higher rank -> more PD-like,0.0
ENSG00000163536,SERPINI1,9.911223818832045e-05,1605,-0.07507680491551048,higher rank -> less PD-like,0.0
ENSG00000019582,CD74,9.907722910960448e-05,1606,0.004704301075268557,higher rank -> more PD-like,0.0
ENSG00000092978,GPATCH2,9.906440470525515e-05,1607,-0.07118855606758445,higher rank -> less PD-like,0.0
ENSG00000126733,DACH2,9.902287562263293e-05,1608,-0.15332365260862996,higher rank -> less PD-like,0.0
ENSG00000150510,FAM124A,9.897180531677575e-05,1609,0.06009984639016567,higher rank -> more PD-like,0.04
ENSG00000185046,ANKS1B,9.897115914244485e-05,1610,0.2064132104454572,higher rank -> more PD-like,0.0
ENSG00000169006,NTSR2,9.894823232796203e-05,1611,-0.0425307219662035,higher rank -> less PD-like,0.04
ENSG00000130299,GTPBP3,9.894514184995233e-05,1612,0.23156682027648498,higher rank -> more PD-like,0.0
ENSG00000150401,DCUN1D2,9.89407052087917e-05,1613,-0.16897081413209517,higher rank -> less PD-like,0.0
ENSG00000135862,LAMC1,9.892143190448113e-05,1614,-0.10176651305683004,higher rank -> less PD-like,0.04
ENSG00000166848,TERF2IP,9.88987507196263e-05,1615,-0.18066173030450183,higher rank -> less PD-like,0.0
ENSG00000131773,KHDRBS3,9.88878372454201e-05,1616,0.11491935483870336,higher rank -> more PD-like,0.0
ENSG00000166337,TAF10,9.885909815581605e-05,1617,-0.024361851502467034,higher rank -> less PD-like,0.04
ENSG00000169122,FAM110B,9.885328318361201e-05,1618,0.1755952380952285,higher rank -> more PD-like,0.0
ENSG00000214413,BBIP1,9.884073786323328e-05,1619,-0.012768817204300375,higher rank -> less PD-like,0.0
ENSG00000114251,WNT5A,9.884020293357615e-05,1620,0.25552035330259737,higher rank -> more PD-like,0.0
ENSG00000166167,BTRC,9.882900967603677e-05,1621,-0.04286674347157981,higher rank -> less PD-like,0.0
ENSG00000112667,DNPH1,9.882386819268276e-05,1622,-0.24707181259599256,higher rank -> less PD-like,0.0
ENSG00000075568,TMEM131,9.877827019094114e-05,1623,0.019681259600613357,higher rank -> more PD-like,0.0
ENSG00000112079,STK38,9.877557645536978e-05,1624,0.042363219607738284,higher rank -> more PD-like,0.0
ENSG00000148719,DNAJB12,9.875941178239339e-05,1625,0.18778801843316942,higher rank -> more PD-like,0.04
ENSG00000145388,METTL14,9.865822273530123e-05,1626,-0.07234062980030326,higher rank -> less PD-like,0.0
ENSG00000119986,AVPI1,9.864483224851274e-05,1627,0.10503072196620009,higher rank -> more PD-like,0.0
ENSG00000074054,CLASP1,9.863779071897513e-05,1628,0.2438556067588192,higher rank -> more PD-like,0.0
ENSG00000132155,RAF1,9.863026407241568e-05,1629,0.038882488479260534,higher rank -> more PD-like,0.0
ENSG00000205531,NAP1L4,9.860356506430991e-05,1630,-0.1912922427035226,higher rank -> less PD-like,0.04
ENSG00000168615,ADAM9,9.855425236327327e-05,1631,-0.030602325778961055,higher rank -> less PD-like,0.0
ENSG00000145919,BOD1,9.852810906490206e-05,1632,0.004800307219661799,higher rank -> more PD-like,0.0
ENSG00000163412,EIF4E3,9.852215725836646e-05,1633,0.0604838709677386,higher rank -> more PD-like,0.0
ENSG00000138468,SENP7,9.850938427611588e-05,1634,-0.027937788018431647,higher rank -> less PD-like,0.0
ENSG00000165995,CACNB2,9.849582979531556e-05,1635,-0.06569299267216976,higher rank -> less PD-like,0.0
ENSG00000164164,OTUD4,9.848897188437617e-05,1636,0.10925499231950246,higher rank -> more PD-like,0.0
ENSG00000183117,CSMD1,9.847682296684874e-05,1637,-0.09180697733688317,higher rank -> less PD-like,0.0
ENSG00000063978,RNF4,9.846987147635844e-05,1638,0.11227918586788939,higher rank -> more PD-like,0.0
ENSG00000120837,NFYB,9.846518541573597e-05,1639,0.019873271889399854,higher rank -> more PD-like,0.0
ENSG00000142623,PADI1,9.845049198702006e-05,1640,-0.14511328725037603,higher rank -> less PD-like,0.0
ENSG00000091129,NRCAM,9.841041946165724e-05,1641,0.06586021505375987,higher rank -> more PD-like,0.0
ENSG00000148218,ALAD,9.840591974618643e-05,1642,0.041139620298433224,higher rank -> more PD-like,0.0
ENSG00000126861,OMG,9.839463258802648e-05,1643,-0.1674847288514433,higher rank -> less PD-like,0.04
ENSG00000171914,TLN2,9.839127274491762e-05,1644,0.22861737493694434,higher rank -> more PD-like,0.0
ENSG00000155657,TTN,9.836787007758457e-05,1645,0.19278033794161767,higher rank -> more PD-like,0.04
ENSG00000185880,TRIM69,9.836632714683554e-05,1646,0.23886328725037093,higher rank -> more PD-like,0.0
ENSG00000186111,PIP5K1C,9.832883278903765e-05,1647,0.13695276497695102,higher rank -> more PD-like,0.0
ENSG00000066697,MSANTD3,9.832769733394858e-05,1648,0.07574884792626316,higher rank -> more PD-like,0.0
ENSG00000175073,VCPIP1,9.828193317047762e-05,1649,-0.11069641293534775,higher rank -> less PD-like,0.0
ENSG00000163644,PPM1K,9.827839280457597e-05,1650,0.18736048777687864,higher rank -> more PD-like,0.0
ENSG00000130779,CLIP1,9.826912361503717e-05,1651,0.10421717114107187,higher rank -> more PD-like,0.04
ENSG00000178691,SUZ12,9.824875316609417e-05,1652,0.22398233486941935,higher rank -> more PD-like,0.0
ENSG00000132872,SYT4,9.823001818605586e-05,1653,0.11448732718893383,higher rank -> more PD-like,0.0
ENSG00000174780,SRP72,9.822298151028324e-05,1654,0.28547769632546094,higher rank -> more PD-like,0.0
ENSG00000105426,PTPRS,9.822167352479233e-05,1655,0.11746351766512415,higher rank -> more PD-like,0.0
ENSG00000152767,FARP1,9.821406171564639e-05,1656,0.13522465437787276,higher rank -> more PD-like,0.0
ENSG00000128989,ARPP19,9.820281123758052e-05,1657,0.07488569131792826,higher rank -> more PD-like,0.0
ENSG00000174197,MGA,9.820122294606279e-05,1658,0.28869047619046034,higher rank -> more PD-like,0.0
ENSG00000094880,CDC23,9.819156469123081e-05,1659,-0.11539938556066956,higher rank -> less PD-like,0.0
ENSG00000115520,COQ10B,9.818916477665836e-05,1660,0.0685963901689671,higher rank -> more PD-like,0.0
ENSG00000100505,TRIM9,9.815511016122358e-05,1661,-0.04581948228395031,higher rank -> less PD-like,0.0
ENSG00000008513,ST3GAL1,9.813472355990522e-05,1662,0.006960445468509597,higher rank -> more PD-like,0.0
ENSG00000065150,IPO5,9.811254452972476e-05,1663,0.06394009216589512,higher rank -> more PD-like,0.0
ENSG00000144161,ZC3H8,9.810079501385125e-05,1664,0.04653953700816115,higher rank -> more PD-like,0.0
ENSG00000166839,ANKDD1A,9.80842445766326e-05,1665,-0.0075364823348690645,higher rank -> less PD-like,0.0
ENSG00000135525,MAP7,9.807951398592768e-05,1666,-0.04435483870967498,higher rank -> less PD-like,0.0
ENSG00000103978,TMEM87A,9.80714345581559e-05,1667,-0.04728302611366867,higher rank -> less PD-like,0.0
ENSG00000067177,PHKA1,9.806350339490978e-05,1668,0.15049143736006734,higher rank -> more PD-like,0.0
ENSG00000124733,MEA1,9.801899663836512e-05,1669,0.1359927035330186,higher rank -> more PD-like,0.0
ENSG00000037474,NSUN2,9.799954829912605e-05,1670,-0.07834101382488053,higher rank -> less PD-like,0.04
ENSG00000103365,GGA2,9.795477810288299e-05,1671,0.12046515536047495,higher rank -> more PD-like,0.0
ENSG00000182899,RPL35A,9.792763451780871e-05,1672,-0.024217840557624864,higher rank -> less PD-like,0.0
ENSG00000198300,PEG3,9.791802813194577e-05,1673,0.3571797182032764,higher rank -> more PD-like,0.04
ENSG00000080503,SMARCA2,9.79156934957784e-05,1674,0.057987711213514495,higher rank -> more PD-like,0.0
ENSG00000111911,HINT3,9.789664757708249e-05,1675,-0.06134792626727771,higher rank -> less PD-like,0.0
ENSG00000176788,BASP1,9.78817241099454e-05,1676,0.16133832565283293,higher rank -> more PD-like,0.0
ENSG00000107954,NEURL1,9.78683747322483e-05,1677,0.031130365910048974,higher rank -> more PD-like,0.0
ENSG00000213341,CHUK,9.781808706699278e-05,1678,-0.16546658986174206,higher rank -> less PD-like,0.0
ENSG00000143776,CDC42BPA,9.780413571788805e-05,1679,0.17173511273937567,higher rank -> more PD-like,0.0
ENSG00000109107,ALDOC,9.780391591641016e-05,1680,0.16059813268192355,higher rank -> more PD-like,0.04
ENSG00000108352,RAPGEFL1,9.776769588831151e-05,1681,-0.07738095238094816,higher rank -> less PD-like,0.04
ENSG00000100395,L3MBTL2,9.77567052376687e-05,1682,-0.11659946236558505,higher rank -> less PD-like,0.04
ENSG00000179010,MRFAP1,9.774781870691713e-05,1683,-0.18994815668201726,higher rank -> less PD-like,0.0
ENSG00000162191,UBXN1,9.76939804841979e-05,1684,-0.06499615975422068,higher rank -> less PD-like,0.0
ENSG00000080824,HSP90AA1,9.76768205243622e-05,1685,0.27491359447003105,higher rank -> more PD-like,0.0
ENSG00000104327,CALB1,9.76709317688666e-05,1686,0.35810291858676996,higher rank -> more PD-like,0.08
ENSG00000204130,RUFY2,9.765524816147685e-05,1687,0.07147657450076413,higher rank -> more PD-like,0.0
ENSG00000102181,CD99L2,9.764996552798998e-05,1688,-0.020473555991728436,higher rank -> less PD-like,0.0
ENSG00000106591,MRPL32,9.764294900198156e-05,1689,-0.2584965437787876,higher rank -> less PD-like,0.0
ENSG00000198055,GRK6,9.762301178522945e-05,1690,-0.0743087557603646,higher rank -> less PD-like,0.0
ENSG00000196449,YRDC,9.761920386537622e-05,1691,-0.18005952380951393,higher rank -> less PD-like,0.0
ENSG00000151849,CENPJ,9.761407147037564e-05,1692,0.12586405529953232,higher rank -> more PD-like,0.0
ENSG00000116199,FAM20B,9.756979659792738e-05,1693,0.08535048664312597,higher rank -> more PD-like,0.0
ENSG00000185009,AP3M1,9.756701642990966e-05,1694,0.07699692780337519,higher rank -> more PD-like,0.0
ENSG00000115840,SLC25A12,9.753845716671484e-05,1695,-0.04723558990823167,higher rank -> less PD-like,0.0
ENSG00000122257,RBBP6,9.753803337692889e-05,1696,0.19796704550970257,higher rank -> more PD-like,0.0
ENSG00000156256,USP16,9.752740547692316e-05,1697,-0.07836689630944257,higher rank -> less PD-like,0.0
ENSG00000178947,SMIM10L2A,9.750323510052342e-05,1698,-0.3287730414746364,higher rank -> less PD-like,0.0
ENSG00000152944,MED21,9.748612503278334e-05,1699,-0.061347926267277746,higher rank -> less PD-like,0.0
ENSG00000170231,FABP6,9.746214293391492e-05,1700,-0.20444508448539592,higher rank -> less PD-like,0.0
ENSG00000168502,MTCL1,9.746104969968143e-05,1701,-0.08261328725037946,higher rank -> less PD-like,0.0
ENSG00000272047,GTF2H5,9.74335655725246e-05,1702,0.08112616559442223,higher rank -> more PD-like,0.0
ENSG00000056586,RC3H2,9.740508443733799e-05,1703,0.07618087557603272,higher rank -> more PD-like,0.0
ENSG00000086061,DNAJA1,9.74048752643403e-05,1704,0.23967933947771344,higher rank -> more PD-like,0.0
ENSG00000114353,GNAI2,9.73971485007975e-05,1705,0.11705689633254356,higher rank -> more PD-like,0.0
ENSG00000167470,MIDN,9.738395166110649e-05,1706,-0.1248559907834033,higher rank -> less PD-like,0.0
ENSG00000075413,MARK3,9.734785038454226e-05,1707,0.20943740399384408,higher rank -> more PD-like,0.0
ENSG00000130032,PRRG3,9.732328929511127e-05,1708,0.03374737475934457,higher rank -> more PD-like,0.0
ENSG00000168066,SF1,9.731239226183912e-05,1709,0.05599625571946364,higher rank -> more PD-like,0.0
ENSG00000146006,LRRTM2,9.73017849486146e-05,1710,0.10810291858678357,higher rank -> more PD-like,0.0
ENSG00000244187,TMEM141,9.729181030650706e-05,1711,-0.26958525345620643,higher rank -> less PD-like,0.0
ENSG00000150991,UBC,9.7282875471387e-05,1712,0.25940860215052347,higher rank -> more PD-like,0.0
ENSG00000109689,STIM2,9.722798209555574e-05,1713,-0.12056116265703638,higher rank -> less PD-like,0.0
ENSG00000145555,MYO10,9.722713883793962e-05,1714,0.007584576428354251,higher rank -> more PD-like,0.0
ENSG00000163380,LMOD3,9.721046105108155e-05,1715,0.07037250384024192,higher rank -> more PD-like,0.0
ENSG00000168610,STAT3,9.720649075133267e-05,1716,0.10131169969646635,higher rank -> more PD-like,0.0
ENSG00000172809,RPL38,9.718505327266034e-05,1717,-0.0271697388632858,higher rank -> less PD-like,0.0
ENSG00000138785,INTS12,9.717985432851909e-05,1718,-0.20219136655840622,higher rank -> less PD-like,0.0
ENSG00000173039,RELA,9.717483412825079e-05,1719,0.1958525345622012,higher rank -> more PD-like,0.0
ENSG00000165475,CRYL1,9.717216905242246e-05,1720,-0.13666474654377128,higher rank -> less PD-like,0.0
ENSG00000119041,GTF3C3,9.714896163084133e-05,1721,0.020785330261135573,higher rank -> more PD-like,0.0
ENSG00000163867,ZMYM6,9.712642792037946e-05,1722,-0.015241158329129608,higher rank -> less PD-like,0.0
ENSG00000145293,ENOPH1,9.706649575825978e-05,1723,-0.29949476162343225,higher rank -> less PD-like,0.0
ENSG00000079102,RUNX1T1,9.703767954460376e-05,1724,0.3318932411674164,higher rank -> more PD-like,0.0
ENSG00000172915,NBEA,9.698954445555916e-05,1725,-0.03921850998463684,higher rank -> less PD-like,0.0
ENSG00000124126,PREX1,9.69829499456415e-05,1726,0.07356559099020833,higher rank -> more PD-like,0.0
ENSG00000124570,SERPINB6,9.696965947535039e-05,1727,0.021049599771097115,higher rank -> more PD-like,0.0
ENSG00000133243,BTBD2,9.696338194868373e-05,1728,-0.14204109062979248,higher rank -> less PD-like,0.0
ENSG00000167699,GLOD4,9.696166902114119e-05,1729,-0.3329053008268155,higher rank -> less PD-like,0.0
ENSG00000189180,ZNF33A,9.693206393694206e-05,1730,-0.18505184331796218,higher rank -> less PD-like,0.0
ENSG00000117528,ABCD3,9.687259650504241e-05,1731,-0.19052419354837674,higher rank -> less PD-like,0.04
ENSG00000101846,STS,9.685165277288478e-05,1732,0.035618279569890526,higher rank -> more PD-like,0.0
ENSG00000187522,HSPA14,9.684789777183547e-05,1733,-0.2571044546850857,higher rank -> less PD-like,0.0
ENSG00000180185,FAHD1,9.683620462229841e-05,1734,0.17936778441668125,higher rank -> more PD-like,0.0
ENSG00000166548,TK2,9.67452934815079e-05,1735,0.05131590001209311,higher rank -> more PD-like,0.0
ENSG00000060339,CCAR1,9.674113216846023e-05,1736,0.11875960061443282,higher rank -> more PD-like,0.0
ENSG00000122299,ZC3H7A,9.673194115602122e-05,1737,-0.24270353302610037,higher rank -> less PD-like,0.0
ENSG00000148634,HERC4,9.673181305745534e-05,1738,0.23656197872740414,higher rank -> more PD-like,0.0
ENSG00000133398,MED10,9.671303724287176e-05,1739,-0.17737135176650332,higher rank -> less PD-like,0.0
ENSG00000104332,SFRP1,9.669524782846802e-05,1740,0.01838517665130469,higher rank -> more PD-like,0.04
ENSG00000163558,PRKCI,9.669330824167156e-05,1741,-0.13320852534561484,higher rank -> less PD-like,0.0
ENSG00000156110,ADK,9.668514018143478e-05,1742,-0.012096919366742266,higher rank -> less PD-like,0.0
ENSG00000151693,ASAP2,9.662204610051219e-05,1743,-0.04939516129031988,higher rank -> less PD-like,0.0
ENSG00000117592,PRDX6,9.661187633327138e-05,1744,0.10781490015360397,higher rank -> more PD-like,0.0
ENSG00000055211,GINM1,9.660074508480695e-05,1745,-0.03554755477851304,higher rank -> less PD-like,0.04
ENSG00000180822,PSMG4,9.65775604785226e-05,1746,0.10911098310291262,higher rank -> more PD-like,0.0
ENSG00000144445,KANSL1L,9.657548153917732e-05,1747,0.20876536098309148,higher rank -> more PD-like,0.0
ENSG00000150316,CWC15,9.65720016296712e-05,1748,-0.166332641292706,higher rank -> less PD-like,0.0
ENSG00000125355,TMEM255A,9.65573158609076e-05,1749,-0.05647629220227087,higher rank -> less PD-like,0.0
ENSG00000146281,PM20D2,9.654915751067878e-05,1750,-0.09519009216589339,higher rank -> less PD-like,0.0
ENSG00000079462,PAFAH1B3,9.654401246121506e-05,1751,-0.10555875576036289,higher rank -> less PD-like,0.0
ENSG00000177951,BET1L,9.653040188617549e-05,1752,-0.09672619047618518,higher rank -> less PD-like,0.0
ENSG00000013288,MAN2B2,9.649394930154789e-05,1753,-0.008352534562211508,higher rank -> less PD-like,0.0
ENSG00000173821,RNF213,9.648694070231877e-05,1754,0.18788402457756265,higher rank -> more PD-like,0.0
ENSG00000140526,ABHD2,9.648336259292233e-05,1755,-0.19806067588324572,higher rank -> less PD-like,0.0
ENSG00000157985,AGAP1,9.64667122080398e-05,1756,0.028177803379414713,higher rank -> more PD-like,0.0
ENSG00000115368,WDR75,9.646303193960247e-05,1757,-0.18769201228877622,higher rank -> less PD-like,0.0
ENSG00000141458,NPC1,9.64579447121466e-05,1758,0.17045890937019037,higher rank -> more PD-like,0.0
ENSG00000126698,DNAJC8,9.645020412604399e-05,1759,-0.15375384024576735,higher rank -> less PD-like,0.0
ENSG00000136193,SCRN1,9.643331148080927e-05,1760,-0.11549539170506284,higher rank -> less PD-like,0.0
ENSG00000109189,USP46,9.641417442220685e-05,1761,0.03278609831029004,higher rank -> more PD-like,0.0
ENSG00000148053,NTRK2,9.641017096369994e-05,1762,0.09634216589861223,higher rank -> more PD-like,0.0
ENSG00000105254,TBCB,9.640885202332813e-05,1763,-0.14900153609830208,higher rank -> less PD-like,0.0
ENSG00000139197,PEX5,9.638994194393213e-05,1764,0.03595430107526683,higher rank -> more PD-like,0.0
ENSG00000166257,SCN3B,9.637144526475301e-05,1765,-0.0414266513056813,higher rank -> less PD-like,0.0
ENSG00000101972,STAG2,9.635754119726636e-05,1766,-0.09713538229604343,higher rank -> less PD-like,0.0
ENSG00000144747,TMF1,9.635418216886294e-05,1767,-0.09953556471007961,higher rank -> less PD-like,0.0
ENSG00000104131,EIF3J,9.633505889893214e-05,1768,0.037730414746541714,higher rank -> more PD-like,0.0
ENSG00000117020,AKT3,9.63229967728128e-05,1769,-0.18783602150536607,higher rank -> less PD-like,0.0
ENSG00000065833,ME1,9.630226230020029e-05,1770,0.16949884792625802,higher rank -> more PD-like,0.0
ENSG00000104980,TIMM44,9.627781398365953e-05,1771,-0.06379608294930526,higher rank -> less PD-like,0.0
ENSG00000189221,MAOA,9.62770325427712e-05,1772,0.04582003217602633,higher rank -> more PD-like,0.0
ENSG00000104695,PPP2CB,9.619882408706282e-05,1773,0.11741551459292748,higher rank -> more PD-like,0.0
ENSG00000115252,PDE1A,9.619676324954935e-05,1774,-0.10781490015360391,higher rank -> less PD-like,0.0
ENSG00000172765,TMCC1,9.615720746267122e-05,1775,0.052419354838706814,higher rank -> more PD-like,0.0
ENSG00000203705,TATDN3,9.615439464080182e-05,1776,0.11851958525344967,higher rank -> more PD-like,0.0
ENSG00000138592,USP8,9.612466926896622e-05,1777,-0.24011136712748302,higher rank -> less PD-like,0.0
ENSG00000012822,CALCOCO1,9.61230663906699e-05,1778,-0.044018817204298656,higher rank -> less PD-like,0.0
ENSG00000013523,ANGEL1,9.61223919910988e-05,1779,0.09219100652312896,higher rank -> more PD-like,0.0
ENSG00000244754,N4BP2L2,9.605143985379502e-05,1780,-0.05160330261136429,higher rank -> less PD-like,0.0
ENSG00000132507,EIF5A,9.603725047233163e-05,1781,0.008640552995391198,higher rank -> more PD-like,0.0
ENSG00000162980,ARL5A,9.601709989449585e-05,1782,-0.0703253447312595,higher rank -> less PD-like,0.0
ENSG00000113719,ERGIC1,9.59950524869646e-05,1783,0.07459677419354431,higher rank -> more PD-like,0.0
ENSG00000180182,MED14,9.594302409961335e-05,1784,0.09423003072196105,higher rank -> more PD-like,0.0
ENSG00000215193,PEX26,9.592143305529436e-05,1785,-0.20391705069123306,higher rank -> less PD-like,0.0
ENSG00000158796,DEDD,9.587011541234292e-05,1786,0.07899000324593007,higher rank -> more PD-like,0.0
ENSG00000127540,UQCR11,9.583203308940048e-05,1787,0.008616654866389807,higher rank -> more PD-like,0.0
ENSG00000153317,ASAP1,9.582292927382814e-05,1788,0.18058755760367673,higher rank -> more PD-like,0.0
ENSG00000145476,CYP4V2,9.58187091894145e-05,1789,-0.003744239631336177,higher rank -> less PD-like,0.0
ENSG00000165795,NDRG2,9.578369832191803e-05,1790,-0.04920432999520894,higher rank -> less PD-like,0.0
ENSG00000170340,B3GNT2,9.577748105305172e-05,1791,0.006864521704143419,higher rank -> more PD-like,0.0
ENSG00000124406,ATP8A1,9.577409924355353e-05,1792,-0.07608486943163942,higher rank -> less PD-like,0.0
ENSG00000100281,HMGXB4,9.575061983927575e-05,1793,0.004464285714285442,higher rank -> more PD-like,0.0
ENSG00000113657,DPYSL3,9.574838027031803e-05,1794,0.21183755760367498,higher rank -> more PD-like,0.0
ENSG00000111696,NT5DC3,9.57409424783307e-05,1795,0.053764086074410015,higher rank -> more PD-like,0.04
ENSG00000196850,PPTC7,9.571221751538466e-05,1796,-0.22969745702326064,higher rank -> less PD-like,0.0
ENSG00000169047,IRS1,9.565453808383154e-05,1797,0.1722350230414652,higher rank -> more PD-like,0.0
ENSG00000096746,HNRNPH3,9.563410399366635e-05,1798,0.2974786083956419,higher rank -> more PD-like,0.0
ENSG00000197380,DACT3,9.560585943412275e-05,1799,-0.05390745007680197,higher rank -> less PD-like,0.0
ENSG00000118705,RPN2,9.550191944586828e-05,1800,0.11938507327415866,higher rank -> more PD-like,0.0
ENSG00000134318,ROCK2,9.549169147469301e-05,1801,0.042002688172040746,higher rank -> more PD-like,0.0
ENSG00000146425,DYNLT1,9.544447666806006e-05,1802,0.16451047696934742,higher rank -> more PD-like,0.04
ENSG00000112679,DUSP22,9.54195404431123e-05,1803,0.027313748079875647,higher rank -> more PD-like,0.0
ENSG00000060237,WNK1,9.54124618029995e-05,1804,-0.0972793932408856,higher rank -> less PD-like,0.0
ENSG00000131725,WDR44,9.539480227497568e-05,1805,-0.11847158218125313,higher rank -> less PD-like,0.0
ENSG00000059573,ALDH18A1,9.538538579132083e-05,1806,-0.27716973886327206,higher rank -> less PD-like,0.0
ENSG00000178695,KCTD12,9.536907786846421e-05,1807,0.04070660522273206,higher rank -> more PD-like,0.0
ENSG00000113595,TRIM23,9.536713372911191e-05,1808,0.154041858678947,higher rank -> more PD-like,0.0
ENSG00000142949,PTPRF,9.536451593758448e-05,1809,-0.23084677419353572,higher rank -> less PD-like,0.0
ENSG00000111052,LIN7A,9.533933962075604e-05,1810,-0.15620199692779485,higher rank -> less PD-like,0.0
ENSG00000013016,EHD3,9.527163856627602e-05,1811,-0.012768970442672405,higher rank -> less PD-like,0.0
ENSG00000137575,SDCBP,9.52105123596924e-05,1812,0.21510176651304508,higher rank -> more PD-like,0.0
ENSG00000178301,AQP11,9.517928690400182e-05,1813,0.0480996555772847,higher rank -> more PD-like,0.0
ENSG00000219545,UMAD1,9.5173480366323e-05,1814,-0.011184715821811957,higher rank -> less PD-like,0.0
ENSG00000164022,AIMP1,9.51518864760841e-05,1815,-0.1962869178198773,higher rank -> less PD-like,0.0
ENSG00000184194,GPR173,9.513696158239816e-05,1816,0.0016801075268816387,higher rank -> more PD-like,0.0
ENSG00000151320,AKAP6,9.513398143719608e-05,1817,-0.021313619836641092,higher rank -> less PD-like,0.0
ENSG00000083123,BCKDHB,9.513215416933093e-05,1818,-0.16762672811058996,higher rank -> less PD-like,0.04
ENSG00000077585,GPR137B,9.510788941292632e-05,1819,0.20684523809522673,higher rank -> more PD-like,0.0
ENSG00000100596,SPTLC2,9.510731625786634e-05,1820,0.2091013824884678,higher rank -> more PD-like,0.0
ENSG00000170581,STAT2,9.509001385854666e-05,1821,0.06682027649769218,higher rank -> more PD-like,0.0
ENSG00000185219,ZNF445,9.508866210288189e-05,1822,0.25321620583715976,higher rank -> more PD-like,0.0
ENSG00000175348,TMEM9B,9.504192803782218e-05,1823,-0.11242319508447919,higher rank -> less PD-like,0.0
ENSG00000025293,PHF20,9.503032573641094e-05,1824,0.26108870967740505,higher rank -> more PD-like,0.0
ENSG00000211460,TSN,9.50273318011913e-05,1825,-0.06903007466644927,higher rank -> less PD-like,0.0
ENSG00000125648,SLC25A23,9.502135097602154e-05,1826,0.1856758832565182,higher rank -> more PD-like,0.0
ENSG00000162735,PEX19,9.501938767269866e-05,1827,-0.18839031767769826,higher rank -> less PD-like,0.04
ENSG00000176953,NFATC2IP,9.501541463292055e-05,1828,-0.06888523528283784,higher rank -> less PD-like,0.0
ENSG00000131148,EMC8,9.49983355448232e-05,1829,-0.03821044546850789,higher rank -> less PD-like,0.0
ENSG00000178235,SLITRK1,9.498463773477171e-05,1830,-0.06125192012288451,higher rank -> less PD-like,0.0
ENSG00000115073,ACTR1B,9.497253450082425e-05,1831,-0.08486943164362053,higher rank -> less PD-like,0.0
ENSG00000197956,S100A6,9.495865749707272e-05,1832,0.010608678955452552,higher rank -> more PD-like,0.0
ENSG00000154429,CCSAP,9.494309322802697e-05,1833,0.050931259600611636,higher rank -> more PD-like,0.0
ENSG00000157445,CACNA2D3,9.492756575154317e-05,1834,0.30933179723500615,higher rank -> more PD-like,0.0
ENSG00000109103,UNC119,9.491497082698057e-05,1835,-0.09178187403993354,higher rank -> less PD-like,0.0
ENSG00000173011,TADA2B,9.487229746026844e-05,1836,0.0003840245775729176,higher rank -> more PD-like,0.0
ENSG00000134970,TMED7,9.486310316868569e-05,1837,-0.1840917818740298,higher rank -> less PD-like,0.0
ENSG00000066044,ELAVL1,9.485778254954551e-05,1838,-0.014881130967024175,higher rank -> less PD-like,0.0
ENSG00000168904,LRRC28,9.483577509748321e-05,1839,-0.08256528417818292,higher rank -> less PD-like,0.04
ENSG00000133065,SLC41A1,9.48339565911695e-05,1840,0.14463325652840994,higher rank -> more PD-like,0.0
ENSG00000110651,CD81,9.48321452138185e-05,1841,0.2474108032388475,higher rank -> more PD-like,0.0
ENSG00000068971,PPP2R5B,9.482602223988772e-05,1842,-0.12557603686635258,higher rank -> less PD-like,0.0
ENSG00000168481,LGI3,9.479406610373466e-05,1843,-0.004968377597054859,higher rank -> less PD-like,0.0
ENSG00000147642,SYBU,9.479018225186205e-05,1844,0.0823502586255807,higher rank -> more PD-like,0.0
ENSG00000160818,GPATCH4,9.474425223680306e-05,1845,-0.2766897081413058,higher rank -> less PD-like,0.0
ENSG00000139718,SETD1B,9.473025630322873e-05,1846,0.19734062980029643,higher rank -> more PD-like,0.0
ENSG00000150459,SAP18,9.471631929947917e-05,1847,-0.21164808526970869,higher rank -> less PD-like,0.0
ENSG00000176783,RUFY1,9.470813729943552e-05,1848,0.1192424933737552,higher rank -> more PD-like,0.0
ENSG00000164398,ACSL6,9.468287267442605e-05,1849,-0.17161098310290912,higher rank -> less PD-like,0.0
ENSG00000077254,USP33,9.465698253258263e-05,1850,0.15375384024576733,higher rank -> more PD-like,0.0
ENSG00000177410,ZFAS1,9.46205210288361e-05,1851,-0.11328725038401836,higher rank -> less PD-like,0.04
ENSG00000165240,ATP7A,9.459020224565039e-05,1852,-0.11199251143892731,higher rank -> less PD-like,0.0
ENSG00000048649,RSF1,9.457746917172338e-05,1853,0.12255184331796563,higher rank -> more PD-like,0.0
ENSG00000131381,RBSN,9.452228397896191e-05,1854,-0.07992511520736888,higher rank -> less PD-like,0.0
ENSG00000068024,HDAC4,9.451495287783257e-05,1855,0.13493663594469302,higher rank -> more PD-like,0.0
ENSG00000062725,APPBP2,9.451296045121389e-05,1856,-0.07075652841781485,higher rank -> less PD-like,0.0
ENSG00000071127,WDR1,9.450676215061033e-05,1857,-0.036770794583034,higher rank -> less PD-like,0.0
ENSG00000012963,UBR7,9.448666637344703e-05,1858,0.11232718894008599,higher rank -> more PD-like,0.0
ENSG00000136448,NMT1,9.44848665171421e-05,1859,0.09859949356860549,higher rank -> more PD-like,0.0
ENSG00000105258,POLR2I,9.444708395994869e-05,1860,-0.1307603686635873,higher rank -> less PD-like,0.0
ENSG00000183648,NDUFB1,9.44237822868884e-05,1861,-0.23319892473117002,higher rank -> less PD-like,0.0
ENSG00000157045,NTAN1,9.44231675895928e-05,1862,0.017761136712748666,higher rank -> more PD-like,0.04
ENSG00000148843,PDCD11,9.442258782640193e-05,1863,0.1381785015760618,higher rank -> more PD-like,0.04
ENSG00000089916,GPATCH2L,9.441125397567332e-05,1864,0.2600597645608181,higher rank -> more PD-like,0.0
ENSG00000185567,AHNAK2,9.437553189578206e-05,1865,-0.18680619728443446,higher rank -> less PD-like,0.0
ENSG00000141542,RAB40B,9.437188058777251e-05,1866,-0.012384941256426588,higher rank -> less PD-like,0.0
ENSG00000166173,LARP6,9.435672285732958e-05,1867,0.2576324884792485,higher rank -> more PD-like,0.0
ENSG00000171206,TRIM8,9.434547877742403e-05,1868,0.281826036866344,higher rank -> more PD-like,0.0
ENSG00000119705,SLIRP,9.43263436181927e-05,1869,-0.13786482334868674,higher rank -> less PD-like,0.0
ENSG00000185728,YTHDF3,9.431736295246257e-05,1870,0.03489865230008577,higher rank -> more PD-like,0.0
ENSG00000133056,PIK3C2B,9.430478326654113e-05,1871,-0.28283410138247295,higher rank -> less PD-like,0.0
ENSG00000165699,TSC1,9.42961847862602e-05,1872,0.0754608294930834,higher rank -> more PD-like,0.0
ENSG00000105854,PON2,9.427900173328041e-05,1873,-0.012840975915093448,higher rank -> less PD-like,0.0
ENSG00000160326,SLC2A6,9.42627040610636e-05,1874,-0.0731086789554491,higher rank -> less PD-like,0.0
ENSG00000132388,UBE2G1,9.424201084758883e-05,1875,-0.0460349462365566,higher rank -> less PD-like,0.0
ENSG00000154380,ENAH,9.423432807251541e-05,1876,0.253552227342536,higher rank -> more PD-like,0.0
ENSG00000177700,POLR2L,9.423340006376272e-05,1877,0.13256207472721718,higher rank -> more PD-like,0.0
ENSG00000120008,WDR11,9.422151932648267e-05,1878,-0.24135944700459508,higher rank -> less PD-like,0.04
ENSG00000148700,ADD3,9.420784223118898e-05,1879,0.11827956989246663,higher rank -> more PD-like,0.0
ENSG00000114988,LMAN2L,9.420099790903333e-05,1880,0.30294738863285586,higher rank -> more PD-like,0.0
ENSG00000144597,EAF1,9.419056004441647e-05,1881,0.018961213517664104,higher rank -> more PD-like,0.0
ENSG00000130159,ECSIT,9.41768453492172e-05,1882,0.1765814202006404,higher rank -> more PD-like,0.0
ENSG00000181704,YIPF6,9.417517658837829e-05,1883,-0.15245775729645858,higher rank -> less PD-like,0.0
ENSG00000103591,AAGAB,9.415279791253508e-05,1884,-0.2489439324116607,higher rank -> less PD-like,0.0
ENSG00000059122,FLYWCH1,9.413068469655776e-05,1885,-0.19129453839868207,higher rank -> less PD-like,0.0
ENSG00000127526,SLC35E1,9.412116553439986e-05,1886,0.29212620161234126,higher rank -> more PD-like,0.0
ENSG00000103160,HSDL1,9.406912292540118e-05,1887,0.047619047619045035,higher rank -> more PD-like,0.0
ENSG00000143515,ATP8B2,9.406486951646318e-05,1888,0.07637288786481918,higher rank -> more PD-like,0.0
ENSG00000054118,THRAP3,9.405772113668952e-05,1889,-0.05846844360592088,higher rank -> less PD-like,0.0
ENSG00000198034,RPS4X,9.405718581765634e-05,1890,0.02308947772657323,higher rank -> more PD-like,0.0
ENSG00000075043,KCNQ2,9.401793544092197e-05,1891,-0.11746351766512411,higher rank -> less PD-like,0.0
ENSG00000019505,SYT13,9.400474530990337e-05,1892,0.15068164362518374,higher rank -> more PD-like,0.0
ENSG00000146938,NLGN4X,9.397633776065063e-05,1893,-0.03921850998463683,higher rank -> less PD-like,0.0
ENSG00000185774,KCNIP4,9.3963733949573e-05,1894,0.11794354838709034,higher rank -> more PD-like,0.0
ENSG00000163681,SLMAP,9.394828009224737e-05,1895,-0.1366647465437713,higher rank -> less PD-like,0.0
ENSG00000158321,AUTS2,9.394555315467237e-05,1896,0.1382968509984564,higher rank -> more PD-like,0.0
ENSG00000101544,ADNP2,9.393544129581707e-05,1897,0.22979346431982206,higher rank -> more PD-like,0.0
ENSG00000080546,SESN1,9.393287706401384e-05,1898,0.1215226940320698,higher rank -> more PD-like,0.0
ENSG00000132964,CDK8,9.39180667843905e-05,1899,-0.09634216589861225,higher rank -> less PD-like,0.0
ENSG00000254004,ZNF260,9.390877021877572e-05,1900,0.24519969278032452,higher rank -> more PD-like,0.0
ENSG00000152642,GPD1L,9.386758547681823e-05,1901,-0.12015168970813472,higher rank -> less PD-like,0.0
ENSG00000152904,GGPS1,9.384536342207909e-05,1902,0.026401689708139876,higher rank -> more PD-like,0.0
ENSG00000174720,LARP7,9.384366667402136e-05,1903,-0.23581792217905284,higher rank -> less PD-like,0.0
ENSG00000113456,RAD1,9.378135652706522e-05,1904,0.1832757296466874,higher rank -> more PD-like,0.04
ENSG00000118496,FBXO30,9.376942195448812e-05,1905,0.1422811059907756,higher rank -> more PD-like,0.0
ENSG00000106617,PRKAG2,9.376095984051516e-05,1906,0.020209293394776177,higher rank -> more PD-like,0.04
ENSG00000169251,NMD3,9.376047730662648e-05,1907,-0.08467741935483401,higher rank -> less PD-like,0.0
ENSG00000151012,SLC7A11,9.375608530751572e-05,1908,0.19258832565283127,higher rank -> more PD-like,0.0
ENSG00000157036,EXOG,9.374939180551253e-05,1909,0.18111559139783953,higher rank -> more PD-like,0.04
ENSG00000125351,UPF3B,9.372811909220064e-05,1910,-0.04238722143187861,higher rank -> less PD-like,0.0
ENSG00000125484,GTF3C4,9.371568907419093e-05,1911,-0.07790898617511091,higher rank -> less PD-like,0.04
ENSG00000170234,PWWP2A,9.370676238582225e-05,1912,-0.05467549923194787,higher rank -> less PD-like,0.0
ENSG00000196422,PPP1R26,9.370633888235322e-05,1913,-0.11813556067587679,higher rank -> less PD-like,0.16
ENSG00000090971,NAT14,9.369263490447507e-05,1914,-0.18946812596005105,higher rank -> less PD-like,0.0
ENSG00000105701,FKBP8,9.367095783911628e-05,1915,-0.06739631336405161,higher rank -> less PD-like,0.0
ENSG00000143224,PPOX,9.36576208102666e-05,1916,-0.21870199692779144,higher rank -> less PD-like,0.0
ENSG00000171109,MFN1,9.365168544152166e-05,1917,-0.14751344086020693,higher rank -> less PD-like,0.0
ENSG00000074527,NTN4,9.362714059753712e-05,1918,-0.12327188940091488,higher rank -> less PD-like,0.0
ENSG00000140691,ARMC5,9.360829993124626e-05,1919,0.07726187190782405,higher rank -> more PD-like,0.0
ENSG00000012660,ELOVL5,9.358200165176543e-05,1920,-0.02702572964669588,higher rank -> less PD-like,0.0
ENSG00000155189,AGPAT5,9.357426555405192e-05,1921,-0.0743087557603646,higher rank -> less PD-like,0.0
ENSG00000180304,OAZ2,9.356316880741348e-05,1922,-0.06230798771121008,higher rank -> less PD-like,0.0
ENSG00000102393,GLA,9.35581886485186e-05,1923,0.06730030721965835,higher rank -> more PD-like,0.0
ENSG00000169740,ZNF32,9.353768470510011e-05,1924,0.17914746543777818,higher rank -> more PD-like,0.0
ENSG00000143630,HCN3,9.35186960941901e-05,1925,0.13661674347157468,higher rank -> more PD-like,0.0
ENSG00000228474,OST4,9.351559402843895e-05,1926,-0.01675307219661968,higher rank -> less PD-like,0.0
ENSG00000151692,RNF144A,9.351319873940935e-05,1927,0.10416666666666097,higher rank -> more PD-like,0.0
ENSG00000165023,DIRAS2,9.349491676784704e-05,1928,0.027169738863285782,higher rank -> more PD-like,0.0
ENSG00000138175,ARL3,9.34453208848259e-05,1929,-0.3515264976958332,higher rank -> less PD-like,0.0
ENSG00000188938,FAM120AOS,9.339664744238993e-05,1930,0.029953917050689605,higher rank -> more PD-like,0.0
ENSG00000166900,STX3,9.339278576058328e-05,1931,0.04094662058371511,higher rank -> more PD-like,0.0
ENSG00000133216,EPHB2,9.338794703271969e-05,1932,-0.18322772657449077,higher rank -> less PD-like,0.0
ENSG00000147099,HDAC8,9.33810010405233e-05,1933,-0.21359479640359247,higher rank -> less PD-like,0.0
ENSG00000018625,ATP1A2,9.33749160148772e-05,1934,-0.008400638449126559,higher rank -> less PD-like,0.0
ENSG00000136273,HUS1,9.33718664316964e-05,1935,-0.07114055299538782,higher rank -> less PD-like,0.0
ENSG00000167378,IRGQ,9.337160054559269e-05,1936,-0.12058516448117676,higher rank -> less PD-like,0.0
ENSG00000054690,PLEKHH1,9.333271021755529e-05,1937,-0.14031298003071424,higher rank -> less PD-like,0.0
ENSG00000173482,PTPRM,9.330433504952633e-05,1938,0.12329737060903755,higher rank -> more PD-like,0.0
ENSG00000174606,ANGEL2,9.328086724249752e-05,1939,0.168660818234321,higher rank -> more PD-like,0.0
ENSG00000198825,INPP5F,9.326933833272707e-05,1940,0.2679115762958647,higher rank -> more PD-like,0.04
ENSG00000082556,OPRK1,9.326066580585686e-05,1941,0.012432795698924037,higher rank -> more PD-like,0.0
ENSG00000147475,ERLIN2,9.325620786612797e-05,1942,0.009192698645758463,higher rank -> more PD-like,0.0
ENSG00000179915,NRXN1,9.32506328156379e-05,1943,-0.14256912442395533,higher rank -> less PD-like,0.0
ENSG00000164951,PDP1,9.321076992099451e-05,1944,0.19978878648232395,higher rank -> more PD-like,0.0
ENSG00000065883,CDK13,9.312388561404494e-05,1945,0.2507980703024091,higher rank -> more PD-like,0.0
ENSG00000110697,PITPNM1,9.307086992215577e-05,1946,-0.04425883256528176,higher rank -> less PD-like,0.0
ENSG00000204237,OXLD1,9.304650178235311e-05,1947,-0.20497557815868817,higher rank -> less PD-like,0.0
ENSG00000198837,DENND4B,9.302027925348342e-05,1948,0.17269312468990178,higher rank -> more PD-like,0.0
ENSG00000177181,RIMKLA,9.301850301119405e-05,1949,-0.07003648233486559,higher rank -> less PD-like,0.0
ENSG00000170759,KIF5B,9.301735938995941e-05,1950,0.1451870342250474,higher rank -> more PD-like,0.0
ENSG00000139218,SCAF11,9.301084596806832e-05,1951,0.15797811059906966,higher rank -> more PD-like,0.08
ENSG00000100083,GGA1,9.300668579949488e-05,1952,0.031538018433177994,higher rank -> more PD-like,0.0
ENSG00000178568,ERBB4,9.299998266860187e-05,1953,0.175403225806442,higher rank -> more PD-like,0.0
ENSG00000235711,ANKRD34C,9.29861237345986e-05,1954,0.10531874039937977,higher rank -> more PD-like,0.0
ENSG00000239306,RBM14,9.29582910196479e-05,1955,0.2271025345621995,higher rank -> more PD-like,0.0
ENSG00000158604,TMED4,9.293043662649245e-05,1956,-0.03681835637480596,higher rank -> less PD-like,0.04
ENSG00000116521,SCAMP3,9.292588627087549e-05,1957,0.014304915514592145,higher rank -> more PD-like,0.0
ENSG00000168701,TMEM208,9.292368735582908e-05,1958,-0.3548867127495965,higher rank -> less PD-like,0.0
ENSG00000120686,UFM1,9.288102464397152e-05,1959,-0.25276321002214813,higher rank -> less PD-like,0.0
ENSG00000153814,JAZF1,9.287244805111567e-05,1960,-0.011472734254991672,higher rank -> less PD-like,0.0
ENSG00000170921,TANC2,9.285009772009453e-05,1961,0.06355606758832218,higher rank -> more PD-like,0.0
ENSG00000143315,PIGM,9.28274533368043e-05,1962,0.0930310703680416,higher rank -> more PD-like,0.0
ENSG00000140463,BBS4,9.28062505228707e-05,1963,-0.2978590629800144,higher rank -> less PD-like,0.0
ENSG00000119335,SET,9.278742601767493e-05,1964,-0.013824884792625966,higher rank -> less PD-like,0.0
ENSG00000120733,KDM3B,9.277141862169378e-05,1965,-0.025105606758831216,higher rank -> less PD-like,0.0
ENSG00000104687,GSR,9.267262978587237e-05,1966,-0.1579781105990697,higher rank -> less PD-like,0.0
ENSG00000175376,EIF1AD,9.2658045887917e-05,1967,0.3582949308755564,higher rank -> more PD-like,0.0
ENSG00000112159,MDN1,9.263265379994866e-05,1968,0.12384941256426596,higher rank -> more PD-like,0.0
ENSG00000164463,CREBRF,9.262349559453341e-05,1969,0.21148007250072617,higher rank -> more PD-like,0.0
ENSG00000196642,RABL6,9.258623577400539e-05,1970,-0.1445629867973981,higher rank -> less PD-like,0.0
ENSG00000185630,PBX1,9.258269597931911e-05,1971,0.08326332719677068,higher rank -> more PD-like,0.0
ENSG00000145782,ATG12,9.253578759119625e-05,1972,0.26488095238093795,higher rank -> more PD-like,0.0
ENSG00000178761,FAM219B,9.24751012456947e-05,1973,-0.060483870967738614,higher rank -> less PD-like,0.0
ENSG00000148337,CIZ1,9.24461818492428e-05,1974,0.2139496927803262,higher rank -> more PD-like,0.0
ENSG00000081760,AACS,9.244601189413669e-05,1975,0.11736751152073081,higher rank -> more PD-like,0.0
ENSG00000175470,PPP2R2D,9.244183674553575e-05,1976,-0.04925115207373,higher rank -> less PD-like,0.0
ENSG00000198912,C1orf174,9.243742858004538e-05,1977,-0.22868663594468794,higher rank -> less PD-like,0.0
ENSG00000157796,WDR19,9.243343550632962e-05,1978,0.15860215053762572,higher rank -> more PD-like,0.0
ENSG00000068650,ATP11A,9.242944921342884e-05,1979,-0.05616359447004303,higher rank -> less PD-like,0.0
ENSG00000131018,SYNE1,9.238833934826064e-05,1980,0.16090629800306339,higher rank -> more PD-like,0.0
ENSG00000172461,FUT9,9.23831374793193e-05,1981,-0.1024385560675827,higher rank -> less PD-like,0.0
ENSG00000184517,ZFP1,9.238090355856623e-05,1982,0.12910581205100513,higher rank -> more PD-like,0.0
ENSG00000100330,MTMR3,9.236270155526015e-05,1983,0.2793298771121199,higher rank -> more PD-like,0.0
ENSG00000111110,PPM1H,9.235869389457059e-05,1984,-0.14112903225805679,higher rank -> less PD-like,0.0
ENSG00000153827,TRIP12,9.234500972452878e-05,1985,0.06619623655913616,higher rank -> more PD-like,0.0
ENSG00000093144,ECHDC1,9.233853194449017e-05,1986,0.03893049155145717,higher rank -> more PD-like,0.0
ENSG00000196323,ZBTB44,9.232522897549419e-05,1987,0.16052227342549039,higher rank -> more PD-like,0.0
ENSG00000143549,TPM3,9.231945137617446e-05,1988,-0.036146313364053335,higher rank -> less PD-like,0.0
ENSG00000121749,TBC1D15,9.231928611272896e-05,1989,-0.07644580988705173,higher rank -> less PD-like,0.0
ENSG00000126777,KTN1,9.231485859508867e-05,1990,0.1468413978494543,higher rank -> more PD-like,0.0
ENSG00000085788,DDHD2,9.229908607705697e-05,1991,-0.3391417050691059,higher rank -> less PD-like,0.0
ENSG00000133048,CHI3L1,9.227819906902744e-05,1992,0.14640937019968475,higher rank -> more PD-like,0.0
ENSG00000203877,RIPPLY2,9.227231569806094e-05,1993,0.10839093701996333,higher rank -> more PD-like,0.0
ENSG00000134330,IAH1,9.227224011104876e-05,1994,0.2685084066582254,higher rank -> more PD-like,0.0
ENSG00000079215,SLC1A3,9.225364438063071e-05,1995,0.053187403993852696,higher rank -> more PD-like,0.0
ENSG00000156345,CDK20,9.223091850760673e-05,1996,-0.3138440860214882,higher rank -> less PD-like,0.0
ENSG00000136928,GABBR2,9.222732075991349e-05,1997,0.1496735791090548,higher rank -> more PD-like,0.0
ENSG00000115364,MRPL19,9.221628377472129e-05,1998,0.0941820276497644,higher rank -> more PD-like,0.0
ENSG00000163683,SMIM14,9.221189283727655e-05,1999,-0.2339669738863159,higher rank -> less PD-like,0.0
ENSG00000127914,AKAP9,9.216248831566801e-05,2000,0.16210637480797885,higher rank -> more PD-like,0.04
ENSG00000122203,KIAA1191,9.215237197965297e-05,2001,0.10162250384024023,higher rank -> more PD-like,0.0
ENSG00000120685,PROSER1,9.214395272319775e-05,2002,0.15596198156681168,higher rank -> more PD-like,0.0
ENSG00000101247,NDUFAF5,9.210696741441976e-05,2003,-0.151401689708133,higher rank -> less PD-like,0.0
ENSG00000141580,WDR45B,9.20718181050066e-05,2004,-0.07925307219661629,higher rank -> less PD-like,0.0
ENSG00000166170,BAG5,9.20598889390425e-05,2005,0.04483486943164117,higher rank -> more PD-like,0.0
ENSG00000184588,PDE4B,9.205018197769558e-05,2006,-0.23142558836136667,higher rank -> less PD-like,0.0
ENSG00000174939,ASPHD1,9.199175562987691e-05,2007,-0.17381912442395359,higher rank -> less PD-like,0.0
ENSG00000197885,NKIRAS1,9.198142927331832e-05,2008,0.22969470046081691,higher rank -> more PD-like,0.08
ENSG00000142192,APP,9.195650147956278e-05,2009,0.029473886328723407,higher rank -> more PD-like,0.04
ENSG00000165443,PHYHIPL,9.193928920153617e-05,2010,-0.1799635176651207,higher rank -> less PD-like,0.0
ENSG00000198431,TXNRD1,9.193685543605692e-05,2011,0.16530056285467043,higher rank -> more PD-like,0.0
ENSG00000090013,BLVRB,9.19257503238991e-05,2012,-0.0368663594470026,higher rank -> less PD-like,0.0
ENSG00000010244,ZNF207,9.191900278311824e-05,2013,-0.1377208141320969,higher rank -> less PD-like,0.0
ENSG00000165861,ZFYVE1,9.191211197008388e-05,2014,-0.06343682120297575,higher rank -> less PD-like,0.0
ENSG00000134874,DZIP1,9.19094832205803e-05,2015,0.08112519201228435,higher rank -> more PD-like,0.0
ENSG00000027697,IFNGR1,9.190436041683965e-05,2016,-0.164940535492565,higher rank -> less PD-like,0.0
ENSG00000011523,CEP68,9.189071494709526e-05,2017,0.14549731182794906,higher rank -> more PD-like,0.04
ENSG00000121057,AKAP1,9.187469291006255e-05,2018,-0.009024577572964146,higher rank -> less PD-like,0.0
ENSG00000105516,DBP,9.18630427282442e-05,2019,0.024961897105976058,higher rank -> more PD-like,0.0
ENSG00000153140,CETN3,9.186130961095541e-05,2020,-0.07109340310375106,higher rank -> less PD-like,0.0
ENSG00000133059,DSTYK,9.183236609371533e-05,2021,-0.01454510542905913,higher rank -> less PD-like,0.0
ENSG00000139977,NAA30,9.1812377962478e-05,2022,-0.00484836847635304,higher rank -> less PD-like,0.0
ENSG00000143256,PFDN2,9.180442043448911e-05,2023,-0.23833525345620815,higher rank -> less PD-like,0.0
ENSG00000156113,KCNMA1,9.179242055532965e-05,2024,0.275708953900334,higher rank -> more PD-like,0.0
ENSG00000084733,RAB10,9.176701377491524e-05,2025,0.0038402457757294246,higher rank -> more PD-like,0.0
ENSG00000148498,PARD3,9.175972373645824e-05,2026,0.1773014749248512,higher rank -> more PD-like,0.0
ENSG00000103091,WDR59,9.169793604079277e-05,2027,0.1628744239631247,higher rank -> more PD-like,0.0
ENSG00000146535,GNA12,9.169631812628421e-05,2028,0.09715821812595477,higher rank -> more PD-like,0.0
ENSG00000112078,KCTD20,9.165441926008281e-05,2029,0.06372484309266008,higher rank -> more PD-like,0.0
ENSG00000111142,METAP2,9.164391558601571e-05,2030,-0.12927227342549216,higher rank -> less PD-like,0.0
ENSG00000138668,HNRNPD,9.163032313644452e-05,2031,-0.20142089093700893,higher rank -> less PD-like,0.0
ENSG00000130340,SNX9,9.161607246388567e-05,2032,-0.07378072196620176,higher rank -> less PD-like,0.0
ENSG00000066583,ISOC1,9.161301442297756e-05,2033,-0.08902276573660121,higher rank -> less PD-like,0.0
ENSG00000085511,MAP3K4,9.159913968153808e-05,2034,0.10709742460420608,higher rank -> more PD-like,0.0
ENSG00000114850,SSR3,9.159532349168483e-05,2035,0.04963517665130296,higher rank -> more PD-like,0.0
ENSG00000149600,COMMD7,9.15828957591355e-05,2036,0.0615399385560642,higher rank -> more PD-like,0.0
ENSG00000170471,RALGAPB,9.157805442081511e-05,2037,-0.21222412904907736,higher rank -> less PD-like,0.0
ENSG00000072778,ACADVL,9.155398876279361e-05,2038,-0.016801075268816263,higher rank -> less PD-like,0.0
ENSG00000145012,LPP,9.155113911959882e-05,2039,0.22844662058370485,higher rank -> more PD-like,0.0
ENSG00000148153,INIP,9.153754659011563e-05,2040,0.21081308144475344,higher rank -> more PD-like,0.0
ENSG00000130764,LRRC47,9.153129224253223e-05,2041,-0.11611943164361883,higher rank -> less PD-like,0.0
ENSG00000101363,MANBAL,9.149500759871994e-05,2042,0.09807027649769047,higher rank -> more PD-like,0.0
ENSG00000165646,SLC18A2,9.148413613039136e-05,2043,-0.02841781874039782,higher rank -> less PD-like,0.0
ENSG00000180879,SSR4,9.144525740395826e-05,2044,0.14050499231950073,higher rank -> more PD-like,0.0
ENSG00000151376,ME3,9.141253548658587e-05,2045,0.03463463223454178,higher rank -> more PD-like,0.0
ENSG00000153822,KCNJ16,9.140234699160195e-05,2046,-0.05321268273140404,higher rank -> less PD-like,0.0
ENSG00000067955,CBFB,9.139745933609659e-05,2047,0.09931835637480255,higher rank -> more PD-like,0.0
ENSG00000173404,INSM1,9.136856679122567e-05,2048,0.14904953917049873,higher rank -> more PD-like,0.0
ENSG00000108001,EBF3,9.135581274279686e-05,2049,0.0011040706605222276,higher rank -> more PD-like,0.0
ENSG00000232859,LYRM9,9.132256344384286e-05,2050,-0.16100230414745664,higher rank -> less PD-like,0.0
ENSG00000157259,GATAD1,9.129083324152415e-05,2051,-0.00254416282642073,higher rank -> less PD-like,0.0
ENSG00000157087,ATP2B2,9.12843641401665e-05,2052,-0.09312596006143882,higher rank -> less PD-like,0.0
ENSG00000166710,B2M,9.120745526682068e-05,2053,0.0005520419552283162,higher rank -> more PD-like,0.0
ENSG00000115350,POLE4,9.119148090098092e-05,2054,-0.24006336405528636,higher rank -> less PD-like,0.0
ENSG00000115307,AUP1,9.10422871535883e-05,2055,0.19492115311760588,higher rank -> more PD-like,0.0
ENSG00000123836,PFKFB2,9.10051562914433e-05,2056,-0.27268472405864824,higher rank -> less PD-like,0.0
ENSG00000108883,EFTUD2,9.099809332428971e-05,2057,-0.1757392473118183,higher rank -> less PD-like,0.0
ENSG00000197580,BCO2,9.098196596040593e-05,2058,-0.07771697388632447,higher rank -> less PD-like,0.0
ENSG00000134480,CCNH,9.094866586183355e-05,2059,-0.23017473118278312,higher rank -> less PD-like,0.0
ENSG00000100567,PSMA3,9.094472603511419e-05,2060,-0.2606566820276355,higher rank -> less PD-like,0.0
ENSG00000076641,PAG1,9.09367485720588e-05,2061,0.24169836909344147,higher rank -> more PD-like,0.0
ENSG00000141429,GALNT1,9.092804226792372e-05,2062,0.04800307219661794,higher rank -> more PD-like,0.0
ENSG00000105819,PMPCB,9.091022935484894e-05,2063,-0.17161098310290912,higher rank -> less PD-like,0.0
ENSG00000116016,EPAS1,9.090963714935608e-05,2064,-0.1966685867895438,higher rank -> less PD-like,0.0
ENSG00000164332,UBLCP1,9.090083352974333e-05,2065,-0.05078725038402182,higher rank -> less PD-like,0.0
ENSG00000117859,OSBPL9,9.089489420619065e-05,2066,-0.15284178187403155,higher rank -> less PD-like,0.0
ENSG00000037042,TUBG2,9.0887612136349e-05,2067,0.28031730413528333,higher rank -> more PD-like,0.04
ENSG00000138796,HADH,9.08713445610241e-05,2068,0.16978686635943774,higher rank -> more PD-like,0.0
ENSG00000102981,PARD6A,9.08543351535579e-05,2069,0.19906874039937464,higher rank -> more PD-like,0.04
ENSG00000110921,MVK,9.084787631153354e-05,2070,-0.02044930875575925,higher rank -> less PD-like,0.0
ENSG00000144677,CTDSPL,9.079172488339202e-05,2071,0.20533560552079355,higher rank -> more PD-like,0.0
ENSG00000127884,ECHS1,9.07784693239941e-05,2072,-0.004704301075268571,higher rank -> less PD-like,0.0
ENSG00000090060,PAPOLA,9.076878350449526e-05,2073,0.09427803379415765,higher rank -> more PD-like,0.0
ENSG00000123213,NLN,9.076023704381752e-05,2074,0.07858197223554393,higher rank -> more PD-like,0.0
ENSG00000118160,SLC8A2,9.076000606792342e-05,2075,-0.13707606273299439,higher rank -> less PD-like,0.0
ENSG00000066027,PPP2R5A,9.07548787769831e-05,2076,-0.10042242703532474,higher rank -> less PD-like,0.04
ENSG00000154978,VOPP1,9.073270549003016e-05,2077,-0.05126728110598798,higher rank -> less PD-like,0.0
ENSG00000197930,ERO1A,9.069386754487239e-05,2078,0.007488479262672405,higher rank -> more PD-like,0.0
ENSG00000075239,ACAT1,9.068188221362852e-05,2079,-0.3151919546112287,higher rank -> less PD-like,0.0
ENSG00000135870,RC3H1,9.067527400002727e-05,2080,0.10253456221197593,higher rank -> more PD-like,0.0
ENSG00000183570,PCBP3,9.067295278228468e-05,2081,0.022129416282640858,higher rank -> more PD-like,0.0
ENSG00000147421,HMBOX1,9.066963413856278e-05,2082,0.16177035330260242,higher rank -> more PD-like,0.0
ENSG00000099341,PSMD8,9.064301316221179e-05,2083,-0.03242646441362853,higher rank -> less PD-like,0.0
ENSG00000029363,BCLAF1,9.062915755197642e-05,2084,-0.22105414746542562,higher rank -> less PD-like,0.0
ENSG00000176390,CRLF3,9.062804665193117e-05,2085,-0.031105990783408456,higher rank -> less PD-like,0.0
ENSG00000116604,MEF2D,9.06263687570583e-05,2086,0.009600614439323593,higher rank -> more PD-like,0.0
ENSG00000008283,CYB561,9.06182938519503e-05,2087,-0.011424731182795063,higher rank -> less PD-like,0.0
ENSG00000205364,MT1M,9.061603115468705e-05,2088,0.1288882488479192,higher rank -> more PD-like,0.0
ENSG00000149182,ARFGAP2,9.061030897788084e-05,2089,-0.23408979084094683,higher rank -> less PD-like,0.0
ENSG00000167645,YIF1B,9.059511731134497e-05,2090,0.0957661290322528,higher rank -> more PD-like,0.04
ENSG00000062194,GPBP1,9.056485573257604e-05,2091,0.2752496159754074,higher rank -> more PD-like,0.0
ENSG00000065989,PDE4A,9.052943300531264e-05,2092,-0.10445468509984066,higher rank -> less PD-like,0.0
ENSG00000100614,PPM1A,9.050022982642362e-05,2093,0.15353966902589322,higher rank -> more PD-like,0.0
ENSG00000186395,KRT10,9.049216320242965e-05,2094,-0.1760272657449981,higher rank -> less PD-like,0.04
ENSG00000178381,ZFAND2A,9.048048824676919e-05,2095,0.34120583717356046,higher rank -> more PD-like,0.0
ENSG00000066926,FECH,9.047965483434433e-05,2096,-0.2421754992319375,higher rank -> less PD-like,0.0
ENSG00000100485,SOS2,9.047436290324401e-05,2097,0.006720430107526528,higher rank -> more PD-like,0.0
ENSG00000100528,CNIH1,9.04541066855377e-05,2098,0.18147779232527417,higher rank -> more PD-like,0.0
ENSG00000129824,RPS4Y1,9.042462298310704e-05,2099,0.0745487711213477,higher rank -> more PD-like,0.0
ENSG00000154845,PPP4R1,9.042010380886387e-05,2100,0.1325364823348622,higher rank -> more PD-like,0.0
ENSG00000151348,EXT2,9.036917952055238e-05,2101,-0.02008952680548262,higher rank -> less PD-like,0.0
ENSG00000154027,AK5,9.034230009228947e-05,2102,-0.21385368663593304,higher rank -> less PD-like,0.0
ENSG00000155158,TTC39B,9.03372836684152e-05,2103,-0.13536866359446265,higher rank -> less PD-like,0.0
ENSG00000112715,VEGFA,9.032324344181331e-05,2104,-0.012240783410137566,higher rank -> less PD-like,0.0
ENSG00000186020,ZNF529,9.030657977271035e-05,2105,-0.0689324116743433,higher rank -> less PD-like,0.0
ENSG00000106799,TGFBR1,9.029007033997614e-05,2106,0.0515552995391677,higher rank -> more PD-like,0.0
ENSG00000164934,DCAF13,9.02681116239084e-05,2107,0.023569508448539413,higher rank -> more PD-like,0.0
ENSG00000198964,SGMS1,9.026769829072481e-05,2108,-0.17074897693453256,higher rank -> less PD-like,0.0
ENSG00000067141,NEO1,9.020687397379157e-05,2109,0.06427611367127145,higher rank -> more PD-like,0.0
ENSG00000185262,UBALD2,9.018736440404155e-05,2110,-0.04608294930875325,higher rank -> less PD-like,0.0
ENSG00000143702,CEP170,9.016794765976393e-05,2111,-0.03547427035330062,higher rank -> less PD-like,0.0
ENSG00000141556,TBCD,9.015792571416025e-05,2112,0.12864823348693616,higher rank -> more PD-like,0.0
ENSG00000165209,STRBP,9.0150870070164e-05,2113,0.2599397554401162,higher rank -> more PD-like,0.0
ENSG00000197959,DNM3,9.013899885726044e-05,2114,0.09060688612986506,higher rank -> more PD-like,0.0
ENSG00000168036,CTNNB1,9.011838716504215e-05,2115,-0.043995343649282835,higher rank -> less PD-like,0.0
ENSG00000121067,SPOP,9.010832717604277e-05,2116,0.04978038068783579,higher rank -> more PD-like,0.0
ENSG00000186472,PCLO,9.007491918783376e-05,2117,0.21961405529952713,higher rank -> more PD-like,0.0
ENSG00000113966,ARL6,8.999097614540534e-05,2118,-0.265745007680477,higher rank -> less PD-like,0.0
ENSG00000183155,RABIF,8.998124586939848e-05,2119,0.22326496815364366,higher rank -> more PD-like,0.0
ENSG00000163590,PPM1L,8.992487795992023e-05,2120,-0.08304531490014903,higher rank -> less PD-like,0.0
ENSG00000164209,SLC25A46,8.991402397473208e-05,2121,-0.3207565284178011,higher rank -> less PD-like,0.0
ENSG00000111275,ALDH2,8.988545743795096e-05,2122,-0.03427419354838523,higher rank -> less PD-like,0.0
ENSG00000102924,CBLN1,8.988255485506659e-05,2123,-0.1112231182795638,higher rank -> less PD-like,0.0
ENSG00000167118,URM1,8.986950244312796e-05,2124,-0.30477150537632747,higher rank -> less PD-like,0.0
ENSG00000109158,GABRA4,8.986927686584148e-05,2125,-0.06797235023041105,higher rank -> less PD-like,0.0
ENSG00000197147,LRRC8B,8.985547067535718e-05,2126,-0.0073444700460825385,higher rank -> less PD-like,0.0
ENSG00000143793,C1orf35,8.985338594417996e-05,2127,0.17113095238094306,higher rank -> more PD-like,0.04
ENSG00000142634,EFHD2,8.984389081441323e-05,2128,0.022945468509983375,higher rank -> more PD-like,0.0
ENSG00000143344,RGL1,8.981467292097051e-05,2129,0.06384408602150189,higher rank -> more PD-like,0.0
ENSG00000177542,SLC25A22,8.981161010292444e-05,2130,-0.13868087557602923,higher rank -> less PD-like,0.0
ENSG00000163882,POLR2H,8.98051512255661e-05,2131,-0.2628919798093807,higher rank -> less PD-like,0.0
ENSG00000131943,C19orf12,8.978790412680615e-05,2132,0.22350498639504734,higher rank -> more PD-like,0.0
ENSG00000179021,C3orf38,8.978478728795971e-05,2133,-0.05222734254992034,higher rank -> less PD-like,0.0
ENSG00000103275,UBE2I,8.974359307906894e-05,2134,-0.18970814132103417,higher rank -> less PD-like,0.0
ENSG00000133069,TMCC2,8.97215950466808e-05,2135,0.2557123655913839,higher rank -> more PD-like,0.0
ENSG00000175054,ATR,8.970827289853533e-05,2136,-0.05697964669738552,higher rank -> less PD-like,0.0
ENSG00000163873,GRIK3,8.970091655235407e-05,2137,-0.10383064516128462,higher rank -> less PD-like,0.0
ENSG00000148690,FRA10AC1,8.966429368799829e-05,2138,-0.051651305683560904,higher rank -> less PD-like,0.0
ENSG00000111799,COL12A1,8.962558354060245e-05,2139,-0.19429476641622728,higher rank -> less PD-like,0.08
ENSG00000082701,GSK3B,8.961689609657618e-05,2140,-0.07728494623655491,higher rank -> less PD-like,0.0
ENSG00000221823,PPP3R1,8.960032106590743e-05,2141,-0.14991359447003788,higher rank -> less PD-like,0.04
ENSG00000084652,TXLNA,8.959856148234213e-05,2142,-0.06869239631336028,higher rank -> less PD-like,0.0
ENSG00000135655,USP15,8.955405049602357e-05,2143,-0.11808755760368016,higher rank -> less PD-like,0.0
ENSG00000169288,MRPL1,8.953225580288264e-05,2144,-0.12792818740398684,higher rank -> less PD-like,0.0
ENSG00000117408,IPO13,8.952765315302746e-05,2145,-0.023905529953915757,higher rank -> less PD-like,0.0
ENSG00000169710,FASN,8.95256840049511e-05,2146,-0.17309907834100433,higher rank -> less PD-like,0.0
ENSG00000011405,PIK3C2A,8.952113336615445e-05,2147,-0.11333661359078749,higher rank -> less PD-like,0.0
ENSG00000162702,ZNF281,8.95166700668574e-05,2148,-0.11036038739738263,higher rank -> less PD-like,0.0
ENSG00000070367,EXOC5,8.94986894629643e-05,2149,-0.026161674347156792,higher rank -> less PD-like,0.0
ENSG00000125304,TM9SF2,8.947331901664123e-05,2150,-0.16904484742056686,higher rank -> less PD-like,0.0
ENSG00000132182,NUP210,8.946853036235288e-05,2151,0.1464111272562058,higher rank -> more PD-like,0.0
ENSG00000125107,CNOT1,8.943018561074574e-05,2152,-0.04214669738863057,higher rank -> less PD-like,0.0
ENSG00000005483,KMT2E,8.93841758944242e-05,2153,0.1479232421770486,higher rank -> more PD-like,0.0
ENSG00000142669,SH3BGRL3,8.937131731593837e-05,2154,0.029761904761903123,higher rank -> more PD-like,0.0
ENSG00000102760,RGCC,8.93508177567717e-05,2155,-0.05167592737419856,higher rank -> less PD-like,0.0
ENSG00000053372,MRTO4,8.931069668165794e-05,2156,-0.22955069124422714,higher rank -> less PD-like,0.0
ENSG00000018510,AGPS,8.9307686018024e-05,2157,-0.16421850998463006,higher rank -> less PD-like,0.0
ENSG00000109332,UBE2D3,8.927688177291826e-05,2158,0.2127976190476074,higher rank -> more PD-like,0.0
ENSG00000066739,ATG2B,8.92550735386104e-05,2159,-0.30145929339476074,higher rank -> less PD-like,0.0
ENSG00000254377,MIR124-2HG,8.924487912183779e-05,2160,-0.14976958525344805,higher rank -> less PD-like,0.0
ENSG00000025770,NCAPH2,8.924441380794474e-05,2161,-0.03427460487243638,higher rank -> less PD-like,0.0
ENSG00000109270,LAMTOR3,8.923606492220444e-05,2162,-0.33726958525343775,higher rank -> less PD-like,0.0
ENSG00000147649,MTDH,8.919699439736982e-05,2163,0.08201423308761564,higher rank -> more PD-like,0.0
ENSG00000162734,PEA15,8.91925223563793e-05,2164,0.033938172043008905,higher rank -> more PD-like,0.0
ENSG00000120645,IQSEC3,8.91695861860474e-05,2165,-0.10013440860214506,higher rank -> less PD-like,0.0
ENSG00000107949,BCCIP,8.916249377873331e-05,2166,-0.12125576036865694,higher rank -> less PD-like,0.0
ENSG00000107897,ACBD5,8.915972903268431e-05,2167,0.000696052900070496,higher rank -> more PD-like,0.0
ENSG00000049618,ARID1B,8.910181716337146e-05,2168,0.1879320276497593,higher rank -> more PD-like,0.0
ENSG00000114125,RNF7,8.909964778969951e-05,2169,-0.4218509984638786,higher rank -> less PD-like,0.0
ENSG00000177830,CHID1,8.909344791206503e-05,2170,0.052083333333330456,higher rank -> more PD-like,0.0
ENSG00000172493,AFF1,8.908448226329922e-05,2171,0.17866743471581203,higher rank -> more PD-like,0.0
ENSG00000185813,PCYT2,8.904625241074754e-05,2172,0.10647081413209859,higher rank -> more PD-like,0.0
ENSG00000154222,CC2D1B,8.903471444163023e-05,2173,0.05462749615975127,higher rank -> more PD-like,0.0
ENSG00000162368,CMPK1,8.900310120375406e-05,2174,0.15461789554530644,higher rank -> more PD-like,0.0
ENSG00000257923,CUX1,8.899652076614161e-05,2175,0.06398809523809171,higher rank -> more PD-like,0.0
ENSG00000082269,FAM135A,8.898045528296289e-05,2176,0.03345814132104268,higher rank -> more PD-like,0.0
ENSG00000273079,GRIN2B,8.897917427116167e-05,2177,0.1354422936240606,higher rank -> more PD-like,0.0
ENSG00000118418,HMGN3,8.896511324685546e-05,2178,0.02400211219278491,higher rank -> more PD-like,0.0
ENSG00000104613,INTS10,8.895392300624597e-05,2179,-0.1909105092124363,higher rank -> less PD-like,0.0
ENSG00000180176,TH,8.89058051182281e-05,2180,0.024625576036865042,higher rank -> more PD-like,0.0
ENSG00000100142,POLR2F,8.889258487926739e-05,2181,0.22652649769584016,higher rank -> more PD-like,0.0
ENSG00000108179,PPIF,8.887060866107577e-05,2182,0.06451612903225451,higher rank -> more PD-like,0.0
ENSG00000067445,TRO,8.883354394947671e-05,2183,0.0769489247311786,higher rank -> more PD-like,0.0
ENSG00000116406,EDEM3,8.881438470076004e-05,2184,0.02961789554531326,higher rank -> more PD-like,0.0
ENSG00000136827,TOR1A,8.881260502994321e-05,2185,-0.16959485407065122,higher rank -> less PD-like,0.0
ENSG00000115884,SDC1,8.879180587357523e-05,2186,0.006936610423714828,higher rank -> more PD-like,0.0
ENSG00000179454,KLHL28,8.878248402243714e-05,2187,0.06081989247311494,higher rank -> more PD-like,0.0
ENSG00000163170,BOLA3,8.875246202810971e-05,2188,-0.11763294011191223,higher rank -> less PD-like,0.0
ENSG00000112640,PPP2R5D,8.874394378626896e-05,2189,-0.04070758227896315,higher rank -> less PD-like,0.0
ENSG00000160961,ZNF333,8.87305373385721e-05,2190,0.07862903225806023,higher rank -> more PD-like,0.0
ENSG00000094916,CBX5,8.869142332735813e-05,2191,-0.00568843232126567,higher rank -> less PD-like,0.0
ENSG00000023041,ZDHHC6,8.868408282639518e-05,2192,-0.1414170506912365,higher rank -> less PD-like,0.0
ENSG00000116128,BCL9,8.8660011519884e-05,2193,-0.0893347894504259,higher rank -> less PD-like,0.0
ENSG00000151458,ANKRD50,8.862513064067338e-05,2194,-0.17482718894008256,higher rank -> less PD-like,0.0
ENSG00000162378,ZYG11B,8.861865005715456e-05,2195,0.08818164362518717,higher rank -> more PD-like,0.0
ENSG00000104967,NOVA2,8.860610495553402e-05,2196,0.0125288018433173,higher rank -> more PD-like,0.0
ENSG00000100099,HPS4,8.86024529066676e-05,2197,0.06043586789554199,higher rank -> more PD-like,0.0
ENSG00000166747,AP1G1,8.860077290599433e-05,2198,0.0005280337941627836,higher rank -> more PD-like,0.0
ENSG00000162704,ARPC5,8.858063585573612e-05,2199,0.22633448540705364,higher rank -> more PD-like,0.0
ENSG00000170385,SLC30A1,8.854206400238005e-05,2200,0.010560675883255951,higher rank -> more PD-like,0.0
ENSG00000065613,SLK,8.853627076460848e-05,2201,0.2780611326660893,higher rank -> more PD-like,0.0
ENSG00000100650,SRSF5,8.852208669566423e-05,2202,-0.19518049155144862,higher rank -> less PD-like,0.04
ENSG00000185808,PIGP,8.851866219999436e-05,2203,0.20569316436250787,higher rank -> more PD-like,0.0
ENSG00000169083,AR,8.851835140083597e-05,2204,0.1868759600614337,higher rank -> more PD-like,0.0
ENSG00000012232,EXTL3,8.850957776519044e-05,2205,-0.05477150537634106,higher rank -> less PD-like,0.0
ENSG00000000419,DPM1,8.85071053049465e-05,2206,-0.1665226574500677,higher rank -> less PD-like,0.0
ENSG00000125967,NECAB3,8.850591483856355e-05,2207,-0.060147849462362284,higher rank -> less PD-like,0.0
ENSG00000072195,SPEG,8.847228715582066e-05,2208,0.026593701996926362,higher rank -> more PD-like,0.0
ENSG00000133704,IPO8,8.844256010366647e-05,2209,-0.17780337941627283,higher rank -> less PD-like,0.04
ENSG00000008394,MGST1,8.843411037032787e-05,2210,0.013104838709676702,higher rank -> more PD-like,0.04
ENSG00000144659,SLC25A38,8.836460616284291e-05,2211,-0.08486943164362051,higher rank -> less PD-like,0.0
ENSG00000009954,BAZ1B,8.835384611944607e-05,2212,0.19758064516127952,higher rank -> more PD-like,0.0
ENSG00000181555,SETD2,8.832041024825271e-05,2213,0.16472847295404106,higher rank -> more PD-like,0.0
ENSG00000119650,IFT43,8.824386772409515e-05,2214,-0.034514208909368335,higher rank -> less PD-like,0.0
ENSG00000032444,PNPLA6,8.824061995472481e-05,2215,-0.03156239874457551,higher rank -> less PD-like,0.0
ENSG00000124784,RIOK1,8.822727648273754e-05,2216,-0.24740783410136893,higher rank -> less PD-like,0.0
ENSG00000123728,RAP2C,8.82137653959013e-05,2217,-0.007632488479262257,higher rank -> less PD-like,0.0
ENSG00000165138,ANKS6,8.81995175029219e-05,2218,0.2743375576036717,higher rank -> more PD-like,0.04
ENSG00000145868,FBXO38,8.816469599110884e-05,2219,-0.054387480798768165,higher rank -> less PD-like,0.0
ENSG00000142546,NOSIP,8.815787232509794e-05,2220,-0.12526552018854728,higher rank -> less PD-like,0.0
ENSG00000157020,SEC13,8.813551929207291e-05,2221,-0.11343125960060822,higher rank -> less PD-like,0.0
ENSG00000175161,CADM2,8.812773568659075e-05,2222,-0.26084869431642194,higher rank -> less PD-like,0.0
ENSG00000109472,CPE,8.812493475997052e-05,2223,0.035666282642087155,higher rank -> more PD-like,0.0
ENSG00000174891,RSRC1,8.809806897847084e-05,2224,0.04646697388632615,higher rank -> more PD-like,0.0
ENSG00000171492,LRRC8D,8.808789967327437e-05,2225,0.12848330656797738,higher rank -> more PD-like,0.0
ENSG00000002919,SNX11,8.805705649936508e-05,2226,-0.17948348694315458,higher rank -> less PD-like,0.0
ENSG00000083290,ULK2,8.803976729281817e-05,2227,-0.04718701996927543,higher rank -> less PD-like,0.0
ENSG00000163660,CCNL1,8.802582623906618e-05,2228,0.03489907112830921,higher rank -> more PD-like,0.0
ENSG00000162736,NCSTN,8.796987068390918e-05,2229,-0.18476382488478255,higher rank -> less PD-like,0.0
ENSG00000118369,USP35,8.796984708236923e-05,2230,-0.12696812596005447,higher rank -> less PD-like,0.0
ENSG00000146072,TNFRSF21,8.796914446678756e-05,2231,-0.2048771121351654,higher rank -> less PD-like,0.0
ENSG00000183049,CAMK1D,8.796485263514512e-05,2232,-0.04392281105990542,higher rank -> less PD-like,0.04
ENSG00000165186,PTCHD1,8.794879659483853e-05,2233,0.3307891705068943,higher rank -> more PD-like,0.0
ENSG00000168216,LMBRD1,8.790132580365953e-05,2234,-0.1714189708141228,higher rank -> less PD-like,0.0
ENSG00000106460,TMEM106B,8.788534541323509e-05,2235,0.16407450076804017,higher rank -> more PD-like,0.0
ENSG00000157601,MX1,8.786580383523394e-05,2236,0.15298579109062144,higher rank -> more PD-like,0.0
ENSG00000152822,GRM1,8.785623102743525e-05,2237,0.05438748079876815,higher rank -> more PD-like,0.04
ENSG00000188677,PARVB,8.78231661504838e-05,2238,0.09221390168970314,higher rank -> more PD-like,0.0
ENSG00000109917,ZPR1,8.779531897072328e-05,2239,0.04565092165898367,higher rank -> more PD-like,0.08
ENSG00000198792,TMEM184B,8.77901485554073e-05,2240,-0.06758832565283811,higher rank -> less PD-like,0.0
ENSG00000115421,PAPOLG,8.774351134012636e-05,2241,0.07104539945547039,higher rank -> more PD-like,0.0
ENSG00000167881,SRP68,8.773406372005951e-05,2242,-0.10301582921043201,higher rank -> less PD-like,0.0
ENSG00000157103,SLC6A1,8.771494395816113e-05,2243,-0.10383064516128462,higher rank -> less PD-like,0.0
ENSG00000125851,PCSK2,8.768946839252041e-05,2244,0.21798195084484212,higher rank -> more PD-like,0.0
ENSG00000133226,SRRM1,8.765335305600114e-05,2245,0.007728494623655499,higher rank -> more PD-like,0.04
ENSG00000054611,TBC1D22A,8.763433175527963e-05,2246,-0.29785906298001447,higher rank -> less PD-like,0.04
ENSG00000187764,SEMA4D,8.762640304124265e-05,2247,0.14261712749615194,higher rank -> more PD-like,0.0
ENSG00000159256,MORC3,8.761988539905461e-05,2248,0.035234254992317575,higher rank -> more PD-like,0.0
ENSG00000149541,B3GAT3,8.75744817702279e-05,2249,0.0790130568356331,higher rank -> more PD-like,0.0
ENSG00000182253,SYNM,8.757281184082607e-05,2250,0.025825652841780462,higher rank -> more PD-like,0.0
ENSG00000175105,ZNF654,8.753837587917204e-05,2251,0.09134984639016398,higher rank -> more PD-like,0.04
ENSG00000173812,EIF1,8.75333268896511e-05,2252,0.05021121351766233,higher rank -> more PD-like,0.0
ENSG00000170903,MSANTD4,8.753256002396591e-05,2253,0.20396505376342963,higher rank -> more PD-like,0.0
ENSG00000066427,ATXN3,8.752793570424975e-05,2254,-0.13191244239630612,higher rank -> less PD-like,0.0
ENSG00000167074,TEF,8.750442021341054e-05,2255,-0.2216301843317851,higher rank -> less PD-like,0.0
ENSG00000155868,MED7,8.750344944499609e-05,2256,-0.16434048988905597,higher rank -> less PD-like,0.0
ENSG00000186834,HEXIM1,8.747336249060595e-05,2257,0.1713229646697295,higher rank -> more PD-like,0.0
ENSG00000184515,BEX5,8.746580348636393e-05,2258,-0.24366359447003275,higher rank -> less PD-like,0.0
ENSG00000055163,CYFIP2,8.746355127264669e-05,2259,0.1013344854070605,higher rank -> more PD-like,0.0
ENSG00000068885,IFT80,8.744755298370815e-05,2260,-0.02246543778801722,higher rank -> less PD-like,0.0
ENSG00000119772,DNMT3A,8.743260327706517e-05,2261,0.100902457757291,higher rank -> more PD-like,0.04
ENSG00000154305,MIA3,8.743168779683516e-05,2262,0.034082181259598734,higher rank -> more PD-like,0.0
ENSG00000125676,THOC2,8.742691440363143e-05,2263,0.11580880147724477,higher rank -> more PD-like,0.0
ENSG00000167232,ZNF91,8.74241274476896e-05,2264,0.31598401480786065,higher rank -> more PD-like,0.0
ENSG00000170745,KCNS3,8.742074974461691e-05,2265,-0.2069892473118166,higher rank -> less PD-like,0.0
ENSG00000167680,SEMA6B,8.74162374419675e-05,2266,-0.04243522508015935,higher rank -> less PD-like,0.0
ENSG00000170142,UBE2E1,8.739759815509694e-05,2267,-0.12951228878647525,higher rank -> less PD-like,0.0
ENSG00000131236,CAP1,8.739730668301429e-05,2268,0.16498655913977592,higher rank -> more PD-like,0.0
ENSG00000068438,FTSJ1,8.736439256470749e-05,2269,-0.06490015360982745,higher rank -> less PD-like,0.0
ENSG00000164211,STARD4,8.733930767587166e-05,2270,-0.14741743471581378,higher rank -> less PD-like,0.0
ENSG00000173726,TOMM20,8.731700801145474e-05,2271,-0.3053068670922234,higher rank -> less PD-like,0.0
ENSG00000130175,PRKCSH,8.730679000171668e-05,2272,-0.09278993855606252,higher rank -> less PD-like,0.0
ENSG00000090097,PCBP4,8.728166349248771e-05,2273,-0.03355414746543596,higher rank -> less PD-like,0.0
ENSG00000166260,COX11,8.72628303165561e-05,2274,-0.021265360983101746,higher rank -> less PD-like,0.0
ENSG00000100116,GCAT,8.726151324087095e-05,2275,0.08021313364054855,higher rank -> more PD-like,0.0
ENSG00000083642,PDS5B,8.72466381902018e-05,2276,-0.11216052420790981,higher rank -> less PD-like,0.0
ENSG00000170989,S1PR1,8.72425923544422e-05,2277,0.023425499231949542,higher rank -> more PD-like,0.0
ENSG00000163468,CCT3,8.72227505293644e-05,2278,0.1435789120076431,higher rank -> more PD-like,0.0
ENSG00000186642,PDE2A,8.721674411526951e-05,2279,0.05880376344085698,higher rank -> more PD-like,0.0
ENSG00000014123,UFL1,8.720976415044477e-05,2280,-0.1585061443932325,higher rank -> less PD-like,0.08
ENSG00000143924,EML4,8.717887169061917e-05,2281,0.21496033700107856,higher rank -> more PD-like,0.0
ENSG00000164754,RAD21,8.717389597541002e-05,2282,-0.06818918238276729,higher rank -> less PD-like,0.0
ENSG00000164106,SCRG1,8.716385460338032e-05,2283,0.0256816436251906,higher rank -> more PD-like,0.0
ENSG00000137509,PRCP,8.715975560972755e-05,2284,0.013177001453058513,higher rank -> more PD-like,0.0
ENSG00000070756,PABPC1,8.715276530962941e-05,2285,0.22839861751150822,higher rank -> more PD-like,0.0
ENSG00000185896,LAMP1,8.710473784037852e-05,2286,0.057676383409288934,higher rank -> more PD-like,0.0
ENSG00000111707,SUDS3,8.710148369168807e-05,2287,-0.006768433179723137,higher rank -> less PD-like,0.0
ENSG00000162402,USP24,8.709283461786386e-05,2288,-0.27889784946235036,higher rank -> less PD-like,0.0
ENSG00000048471,SNX29,8.709154213598203e-05,2289,-0.18836405529952885,higher rank -> less PD-like,0.0
ENSG00000186350,RXRA,8.705255163769943e-05,2290,0.21616042820809664,higher rank -> more PD-like,0.0
ENSG00000142082,SIRT3,8.705052266921138e-05,2291,-0.04569892473118031,higher rank -> less PD-like,0.0
ENSG00000142166,IFNAR1,8.704445381216934e-05,2292,0.028394157958047794,higher rank -> more PD-like,0.0
ENSG00000160633,SAFB,8.703778274447728e-05,2293,0.17862157525257116,higher rank -> more PD-like,0.0
ENSG00000138398,PPIG,8.703644647875765e-05,2294,0.0021601641726325437,higher rank -> more PD-like,0.0
ENSG00000120688,WBP4,8.70144053104262e-05,2295,-0.09562211981566299,higher rank -> less PD-like,0.0
ENSG00000100350,FOXRED2,8.699314641609466e-05,2296,0.20458909370198566,higher rank -> more PD-like,0.0
ENSG00000214078,CPNE1,8.699136337089076e-05,2297,0.031394385975592985,higher rank -> more PD-like,0.0
ENSG00000141668,CBLN2,8.697584918210988e-05,2298,0.0023521505376342803,higher rank -> more PD-like,0.0
ENSG00000091482,SMPX,8.694597053976085e-05,2299,0.1259600614439255,higher rank -> more PD-like,0.0
ENSG00000125812,GZF1,8.694575178254686e-05,2300,0.2912826420890778,higher rank -> more PD-like,0.0
ENSG00000135956,TMEM127,8.694546911024005e-05,2301,-0.08390937019968812,higher rank -> less PD-like,0.0
ENSG00000174684,B4GAT1,8.694125936823164e-05,2302,-0.1256720430107458,higher rank -> less PD-like,0.0
ENSG00000160007,ARHGAP35,8.694107301873762e-05,2303,0.0318740399385543,higher rank -> more PD-like,0.0
ENSG00000090470,PDCD7,8.693369441974296e-05,2304,0.03432219662058184,higher rank -> more PD-like,0.0
ENSG00000106993,CDC37L1,8.690299667217752e-05,2305,0.020641321044545705,higher rank -> more PD-like,0.0
ENSG00000136546,SCN7A,8.686869146248057e-05,2306,0.03249807987711035,higher rank -> more PD-like,0.0
ENSG00000117640,MTFR1L,8.68409615575407e-05,2307,0.0231377584713086,higher rank -> more PD-like,0.0
ENSG00000101265,RASSF2,8.683121860546816e-05,2308,-0.04454738560451114,higher rank -> less PD-like,0.0
ENSG00000152154,TMEM178A,8.677173628916507e-05,2309,-0.12274532865380927,higher rank -> less PD-like,0.0
ENSG00000145920,CPLX2,8.67485784527964e-05,2310,0.00820862385600367,higher rank -> more PD-like,0.0
ENSG00000171724,VAT1L,8.674408365463912e-05,2311,0.2961105044196412,higher rank -> more PD-like,0.04
ENSG00000132359,RAP1GAP2,8.672623593824847e-05,2312,-0.10579877112134593,higher rank -> less PD-like,0.0
ENSG00000137171,KLC4,8.668190688028768e-05,2313,-0.11251920122887243,higher rank -> less PD-like,0.0
ENSG00000171533,MAP6,8.667683414104284e-05,2314,0.09077380952380455,higher rank -> more PD-like,0.0
ENSG00000074964,ARHGEF10L,8.666582403116047e-05,2315,0.13270608567205935,higher rank -> more PD-like,0.0
ENSG00000198162,MAN1A2,8.666420157992846e-05,2316,-0.0860465395431964,higher rank -> less PD-like,0.0
ENSG00000134809,TIMM10,8.666338106947031e-05,2317,-0.24793586789553176,higher rank -> less PD-like,0.0
ENSG00000159658,EFCAB14,8.665434185146737e-05,2318,-0.17569124423962176,higher rank -> less PD-like,0.0
ENSG00000114742,WDR48,8.665385148507419e-05,2319,0.19911674347157127,higher rank -> more PD-like,0.0
ENSG00000170542,SERPINB9,8.664602548811518e-05,2320,-0.01876920122887765,higher rank -> less PD-like,0.0
ENSG00000179950,PUF60,8.663713749259557e-05,2321,-0.1438189302490468,higher rank -> less PD-like,0.0
ENSG00000125952,MAX,8.66346565463389e-05,2322,0.082805299539166,higher rank -> more PD-like,0.0
ENSG00000137309,HMGA1,8.657095338590899e-05,2323,0.11952764976957876,higher rank -> more PD-like,0.0
ENSG00000160294,MCM3AP,8.654216111104088e-05,2324,-0.12044115353633457,higher rank -> less PD-like,0.0
ENSG00000129515,SNX6,8.652030991685785e-05,2325,0.005616359447004307,higher rank -> more PD-like,0.0
ENSG00000119729,RHOQ,8.649527879681706e-05,2326,-0.14105872047290524,higher rank -> less PD-like,0.0
ENSG00000146007,ZMAT2,8.648944231374755e-05,2327,-0.43826804915512196,higher rank -> less PD-like,0.0
ENSG00000106608,URGCP,8.644859308032462e-05,2328,0.01857718894009114,higher rank -> more PD-like,0.0
ENSG00000099326,MZF1,8.64247562175057e-05,2329,0.0802131336405486,higher rank -> more PD-like,0.0
ENSG00000102081,FMR1,8.641078197425757e-05,2330,-0.044306835637478365,higher rank -> less PD-like,0.0
ENSG00000129116,PALLD,8.640108265032989e-05,2331,0.04334677419354602,higher rank -> more PD-like,0.0
ENSG00000111860,CEP85L,8.639119056965083e-05,2332,0.004848310291858428,higher rank -> more PD-like,0.0
ENSG00000004864,SLC25A13,8.638348936981346e-05,2333,0.019441244239630274,higher rank -> more PD-like,0.0
ENSG00000196227,FAM217B,8.638037724255334e-05,2334,-0.16556259600613524,higher rank -> less PD-like,0.0
ENSG00000160285,LSS,8.637849100258907e-05,2335,0.09749423963133108,higher rank -> more PD-like,0.0
ENSG00000149357,LAMTOR1,8.637335429597738e-05,2336,-0.3475902457757106,higher rank -> less PD-like,0.0
ENSG00000136819,C9orf78,8.636953001674136e-05,2337,0.22962545155083952,higher rank -> more PD-like,0.0
ENSG00000054282,SDCCAG8,8.6367831668228e-05,2338,-0.11705689633254358,higher rank -> less PD-like,0.0
ENSG00000164040,PGRMC2,8.636774699669071e-05,2339,-0.08369436077744093,higher rank -> less PD-like,0.0
ENSG00000198791,CNOT7,8.636176852205163e-05,2340,0.29190668202763376,higher rank -> more PD-like,0.0
ENSG00000099991,CABIN1,8.635039722092953e-05,2341,-0.043586789554529104,higher rank -> less PD-like,0.0
ENSG00000137364,TPMT,8.632205605653473e-05,2342,0.04574692780337694,higher rank -> more PD-like,0.08
ENSG00000112242,E2F3,8.631067288651066e-05,2343,0.13023233486942454,higher rank -> more PD-like,0.0
ENSG00000127328,RAB3IP,8.63008240250632e-05,2344,0.3397177419354653,higher rank -> more PD-like,0.0
ENSG00000159788,RGS12,8.628542030211287e-05,2345,-0.06557219662058014,higher rank -> less PD-like,0.0
ENSG00000077279,DCX,8.628385441579806e-05,2346,0.1676267281105899,higher rank -> more PD-like,0.0
ENSG00000166432,ZMAT1,8.626287947057156e-05,2347,-0.00753648233486905,higher rank -> less PD-like,0.0
ENSG00000110427,KIAA1549L,8.625878207501406e-05,2348,0.17895545314899175,higher rank -> more PD-like,0.0
ENSG00000140391,TSPAN3,8.625859290018874e-05,2349,-0.07594177158010414,higher rank -> less PD-like,0.0
ENSG00000079459,FDFT1,8.625336051299193e-05,2350,0.06384408602150186,higher rank -> more PD-like,0.0
ENSG00000174437,ATP2A2,8.618243894428063e-05,2351,-0.04416335641826538,higher rank -> less PD-like,0.0
ENSG00000139364,TMEM132B,8.616178517529717e-05,2352,-0.14093701996927033,higher rank -> less PD-like,0.0
ENSG00000138439,FAM117B,8.613322575900566e-05,2353,0.13450460829492347,higher rank -> more PD-like,0.0
ENSG00000173272,MZT2A,8.61148797880012e-05,2354,-0.10320660522272862,higher rank -> less PD-like,0.0
ENSG00000087448,KLHL42,8.611204334522855e-05,2355,-0.03821044546850789,higher rank -> less PD-like,0.0
ENSG00000107537,PHYH,8.609371689205179e-05,2356,0.033266129032256266,higher rank -> more PD-like,0.0
ENSG00000138303,ASCC1,8.60750522156224e-05,2357,0.29238671274959993,higher rank -> more PD-like,0.0
ENSG00000103460,TOX3,8.60663068586938e-05,2358,0.2360579404204565,higher rank -> more PD-like,0.0
ENSG00000010295,IFFO1,8.604298256847449e-05,2359,-0.16402649769584354,higher rank -> less PD-like,0.0
ENSG00000145087,STXBP5L,8.603403893483909e-05,2360,-0.03859447004608085,higher rank -> less PD-like,0.0
ENSG00000122965,RBM19,8.599696701825682e-05,2361,-0.01387288786482257,higher rank -> less PD-like,0.0
ENSG00000183826,BTBD9,8.596766865877001e-05,2362,0.2711246054895248,higher rank -> more PD-like,0.0
ENSG00000117280,RAB29,8.596089254289456e-05,2363,0.05117127496159472,higher rank -> more PD-like,0.0
ENSG00000099783,HNRNPM,8.596033686536298e-05,2364,-0.03444261764141892,higher rank -> less PD-like,0.0
ENSG00000077097,TOP2B,8.593265233350021e-05,2365,-0.21586981566819088,higher rank -> less PD-like,0.0
ENSG00000163719,MTMR14,8.590341448657543e-05,2366,0.0494431643625165,higher rank -> more PD-like,0.0
ENSG00000110074,FOXRED1,8.58961695053772e-05,2367,-0.004320276497695627,higher rank -> less PD-like,0.0
ENSG00000165731,RET,8.588524458410477e-05,2368,0.0135130269910236,higher rank -> more PD-like,0.0
ENSG00000143786,CNIH3,8.588484214987756e-05,2369,-0.16431451612902323,higher rank -> less PD-like,0.0
ENSG00000108039,XPNPEP1,8.5877916197331e-05,2370,0.004944316436251646,higher rank -> more PD-like,0.0
ENSG00000120696,KBTBD7,8.587475114332843e-05,2371,0.0552995391705039,higher rank -> more PD-like,0.0
ENSG00000125354,SEPTIN6,8.58475307865337e-05,2372,0.08820670371582895,higher rank -> more PD-like,0.0
ENSG00000133884,DPF2,8.584041907536622e-05,2373,-0.0007680491551458905,higher rank -> less PD-like,0.04
ENSG00000137073,UBAP2,8.582366756068416e-05,2374,0.10330261136712182,higher rank -> more PD-like,0.0
ENSG00000173575,CHD2,8.580345948858037e-05,2375,0.11290322580644545,higher rank -> more PD-like,0.0
ENSG00000089199,CHGB,8.578031964971828e-05,2376,0.18402198568415246,higher rank -> more PD-like,0.04
ENSG00000171298,GAA,8.575821172707768e-05,2377,-0.05743636516788534,higher rank -> less PD-like,0.0
ENSG00000126768,TIMM17B,8.572817786057767e-05,2378,-0.09523809523809004,higher rank -> less PD-like,0.0
ENSG00000120742,SERP1,8.572795465524616e-05,2379,0.20855184995560205,higher rank -> more PD-like,0.0
ENSG00000116717,GADD45A,8.572219310111931e-05,2380,0.00816052227342502,higher rank -> more PD-like,0.04
ENSG00000112992,NNT,8.571679031193722e-05,2381,0.16354646697387737,higher rank -> more PD-like,0.0
ENSG00000166224,SGPL1,8.569139008109358e-05,2382,0.1306915008897136,higher rank -> more PD-like,0.0
ENSG00000101365,IDH3B,8.568378533745242e-05,2383,-0.22566244239630104,higher rank -> less PD-like,0.0
ENSG00000051108,HERPUD1,8.567566638479677e-05,2384,-0.016801075268816277,higher rank -> less PD-like,0.0
ENSG00000101161,PRPF6,8.56743226054042e-05,2385,-0.223646313364043,higher rank -> less PD-like,0.0
ENSG00000136261,BZW2,8.566752411779324e-05,2386,-0.1964789324130002,higher rank -> less PD-like,0.0
ENSG00000061936,SFSWAP,8.5656823136505e-05,2387,-0.17007692585860243,higher rank -> less PD-like,0.0
ENSG00000132429,POPDC3,8.564770160842513e-05,2388,0.024961597542241358,higher rank -> more PD-like,0.0
ENSG00000173402,DAG1,8.563735074181624e-05,2389,0.05568356374807685,higher rank -> more PD-like,0.0
ENSG00000090432,MUL1,8.561059152301033e-05,2390,0.07800592845617522,higher rank -> more PD-like,0.0
ENSG00000119965,C10orf88,8.559910322196946e-05,2391,-0.2541282642088954,higher rank -> less PD-like,0.0
ENSG00000075399,VPS9D1,8.559833232378781e-05,2392,0.10695084485406482,higher rank -> more PD-like,0.04
ENSG00000151748,SAV1,8.5550066483112e-05,2393,0.1778033794162729,higher rank -> more PD-like,0.0
ENSG00000100207,TCF20,8.554515629468997e-05,2394,0.015024961597541426,higher rank -> more PD-like,0.0
ENSG00000174132,FAM174A,8.551385489617998e-05,2395,-0.25508832565282785,higher rank -> less PD-like,0.0
ENSG00000163714,U2SURP,8.549393398411496e-05,2396,0.07697385001813968,higher rank -> more PD-like,0.0
ENSG00000123575,FAM199X,8.548647429165829e-05,2397,-0.12154523744679122,higher rank -> less PD-like,0.04
ENSG00000161202,DVL3,8.547603246206357e-05,2398,0.04430789910788086,higher rank -> more PD-like,0.0
ENSG00000197461,PDGFA,8.54634139430447e-05,2399,0.26920122887863346,higher rank -> more PD-like,0.0
ENSG00000162769,FLVCR1,8.546255922007082e-05,2400,0.18154761904760905,higher rank -> more PD-like,0.0
ENSG00000073803,MAP3K13,8.543260150948173e-05,2401,0.028922198089135744,higher rank -> more PD-like,0.0
ENSG00000148450,MSRB2,8.538683925179703e-05,2402,-0.10896697388632273,higher rank -> less PD-like,0.0
ENSG00000122484,RPAP2,8.537626870735378e-05,2403,-0.01588901689708053,higher rank -> less PD-like,0.0
ENSG00000120800,UTP20,8.537272145008791e-05,2404,0.030865975422425352,higher rank -> more PD-like,0.0
ENSG00000105255,FSD1,8.536109059024961e-05,2405,-0.0483870967741909,higher rank -> less PD-like,0.0
ENSG00000050438,SLC4A8,8.533934456340766e-05,2406,0.055804241126340734,higher rank -> more PD-like,0.0
ENSG00000138433,CIR1,8.531460738666119e-05,2407,0.03686635944700258,higher rank -> more PD-like,0.0
ENSG00000096401,CDC5L,8.531379325507345e-05,2408,0.2623399378541524,higher rank -> more PD-like,0.08
ENSG00000168303,MPLKIP,8.52745441668348e-05,2409,0.07872503840245346,higher rank -> more PD-like,0.0
ENSG00000074706,IPCEF1,8.527327362732098e-05,2410,0.23080154093371727,higher rank -> more PD-like,0.0
ENSG00000148384,INPP5E,8.525628936664817e-05,2411,0.04464285714285469,higher rank -> more PD-like,0.0
ENSG00000144021,CIAO1,8.525491410391373e-05,2412,0.1663786482334778,higher rank -> more PD-like,0.0
ENSG00000175573,C11orf68,8.523229649712492e-05,2413,-0.02282573475748389,higher rank -> less PD-like,0.0
ENSG00000074211,PPP2R2C,8.520335473256893e-05,2414,-0.2532162058371597,higher rank -> less PD-like,0.0
ENSG00000075711,DLG1,8.51927119346506e-05,2415,-0.13993063473830816,higher rank -> less PD-like,0.0
ENSG00000157741,UBN2,8.5174576971224e-05,2416,-0.06204471540283478,higher rank -> less PD-like,0.0
ENSG00000028203,VEZT,8.517035293775582e-05,2417,-0.0005760368663593769,higher rank -> less PD-like,0.04
ENSG00000185477,GPRIN3,8.515272471792136e-05,2418,0.029042207209837544,higher rank -> more PD-like,0.0
ENSG00000054793,ATP9A,8.514294421210875e-05,2419,-0.29551045881613225,higher rank -> less PD-like,0.04
ENSG00000137941,TTLL7,8.51389991801821e-05,2420,-0.044786866359444545,higher rank -> less PD-like,0.0
ENSG00000133112,TPT1,8.513301438789742e-05,2421,0.11424868290812135,higher rank -> more PD-like,0.0
ENSG00000124766,SOX4,8.507025770318113e-05,2422,0.1576420890936933,higher rank -> more PD-like,0.0
ENSG00000126217,MCF2L,8.503747420211843e-05,2423,0.17089093701995992,higher rank -> more PD-like,0.0
ENSG00000105983,LMBR1,8.502218162823349e-05,2424,0.12039170506911778,higher rank -> more PD-like,0.0
ENSG00000146085,MMUT,8.50132901035476e-05,2425,-0.11448870114952489,higher rank -> less PD-like,0.0
ENSG00000143771,CNIH4,8.499535324658688e-05,2426,-0.03866693869012257,higher rank -> less PD-like,0.0
ENSG00000100523,DDHD1,8.49798791243458e-05,2427,-0.021313364055298347,higher rank -> less PD-like,0.0
ENSG00000140553,UNC45A,8.492596857510591e-05,2428,-0.13378456221197424,higher rank -> less PD-like,0.04
ENSG00000155463,OXA1L,8.492538764795267e-05,2429,-0.21198156682026484,higher rank -> less PD-like,0.0
ENSG00000175264,CHST1,8.489592154901492e-05,2430,0.07490969314206863,higher rank -> more PD-like,0.0
ENSG00000131016,AKAP12,8.489294966812509e-05,2431,0.10579877112134593,higher rank -> more PD-like,0.0
ENSG00000138449,SLC40A1,8.489091697322871e-05,2432,0.03849846390168761,higher rank -> more PD-like,0.0
ENSG00000151332,MBIP,8.484303012703905e-05,2433,0.0378744239631316,higher rank -> more PD-like,0.0
ENSG00000181449,SOX2,8.481366640174798e-05,2434,0.03422660122415565,higher rank -> more PD-like,0.0
ENSG00000185803,SLC52A2,8.481074048528863e-05,2435,-0.10771889400921068,higher rank -> less PD-like,0.0
ENSG00000068903,SIRT2,8.479376444600704e-05,2436,0.0227534562211969,higher rank -> more PD-like,0.0
ENSG00000197217,ENTPD4,8.47875961640347e-05,2437,0.10772018674194293,higher rank -> more PD-like,0.0
ENSG00000218891,ZNF579,8.475540150131575e-05,2438,0.22148617511519525,higher rank -> more PD-like,0.0
ENSG00000112320,SOBP,8.474730106783235e-05,2439,0.1698348694316343,higher rank -> more PD-like,0.0
ENSG00000101577,LPIN2,8.474626205830055e-05,2440,0.1091589861751092,higher rank -> more PD-like,0.0
ENSG00000164631,ZNF12,8.471011572461364e-05,2441,0.015216973886327874,higher rank -> more PD-like,0.0
ENSG00000118515,SGK1,8.46927962867957e-05,2442,0.05933250927497396,higher rank -> more PD-like,0.0
ENSG00000169926,KLF13,8.469137334236917e-05,2443,0.08122119815667755,higher rank -> more PD-like,0.0
ENSG00000197183,NOL4L,8.469073503344588e-05,2444,0.08174923195084036,higher rank -> more PD-like,0.0
ENSG00000171130,ATP6V0E2,8.468923821832957e-05,2445,0.08323732718893553,higher rank -> more PD-like,0.0
ENSG00000101367,MAPRE1,8.467910140611278e-05,2446,-0.04742703533025854,higher rank -> less PD-like,0.0
ENSG00000185129,PURA,8.467639964290444e-05,2447,0.30225859884373973,higher rank -> more PD-like,0.0
ENSG00000156136,DCK,8.466462204909156e-05,2448,-0.14088901689707367,higher rank -> less PD-like,0.0
ENSG00000167280,ENGASE,8.466398194474124e-05,2449,0.14424923195083697,higher rank -> more PD-like,0.0
ENSG00000117519,CNN3,8.466126521309314e-05,2450,0.27476958525344114,higher rank -> more PD-like,0.0
ENSG00000158793,NIT1,8.465678908914129e-05,2451,-0.1719950076804821,higher rank -> less PD-like,0.0
ENSG00000071626,DAZAP1,8.463149392245712e-05,2452,0.14376920122887077,higher rank -> more PD-like,0.0
ENSG00000147123,NDUFB11,8.461573395001582e-05,2453,0.21452572964668565,higher rank -> more PD-like,0.0
ENSG00000124486,USP9X,8.461128272602962e-05,2454,0.028202143364924912,higher rank -> more PD-like,0.0
ENSG00000170266,GLB1,8.460799398847081e-05,2455,0.02688172043010602,higher rank -> more PD-like,0.0
ENSG00000135845,PIGC,8.45937811931739e-05,2456,-0.027889784946235046,higher rank -> less PD-like,0.0
ENSG00000162642,C1orf52,8.458438995524256e-05,2457,-0.053475422427032376,higher rank -> less PD-like,0.0
ENSG00000156482,RPL30,8.456408277371879e-05,2458,-0.03461021505376156,higher rank -> less PD-like,0.0
ENSG00000203778,FAM229B,8.454983926473564e-05,2459,-0.14943356374807168,higher rank -> less PD-like,0.0
ENSG00000107581,EIF3A,8.45438234453357e-05,2460,0.10445468509984068,higher rank -> more PD-like,0.0
ENSG00000189058,APOD,8.451850104252432e-05,2461,0.09048796296679895,higher rank -> more PD-like,0.0
ENSG00000067560,RHOA,8.450979673830447e-05,2462,-0.21179209621455083,higher rank -> less PD-like,0.0
ENSG00000167491,GATAD2A,8.448111633597066e-05,2463,0.2715533794162678,higher rank -> more PD-like,0.0
ENSG00000185963,BICD2,8.446145408718118e-05,2464,-0.037826420890934916,higher rank -> less PD-like,0.0
ENSG00000135631,RAB11FIP5,8.443556990953233e-05,2465,-0.00024001536098305833,higher rank -> less PD-like,0.0
ENSG00000152465,NMT2,8.440348601390575e-05,2466,0.04651497695852278,higher rank -> more PD-like,0.0
ENSG00000126653,NSRP1,8.439126045228605e-05,2467,0.03561827956989053,higher rank -> more PD-like,0.0
ENSG00000167548,KMT2D,8.438534610328894e-05,2468,0.06691628264208542,higher rank -> more PD-like,0.0
ENSG00000185909,KLHDC8B,8.436200452442917e-05,2469,-0.01790514592933848,higher rank -> less PD-like,0.0
ENSG00000012983,MAP4K5,8.433692605803637e-05,2470,-0.008544546850998017,higher rank -> less PD-like,0.0
ENSG00000067082,KLF6,8.430529494807821e-05,2471,0.2269105222734131,higher rank -> more PD-like,0.0
ENSG00000124226,RNF114,8.429271581356841e-05,2472,0.2735727915518416,higher rank -> more PD-like,0.0
ENSG00000184436,THAP7,8.42823476078069e-05,2473,0.13211079656141633,higher rank -> more PD-like,0.0
ENSG00000142319,SLC6A3,8.427346251340469e-05,2474,-0.04109062980030496,higher rank -> less PD-like,0.0
ENSG00000142207,URB1,8.422563507999078e-05,2475,0.20420506912441275,higher rank -> more PD-like,0.0
ENSG00000106399,RPA3,8.420483213441591e-05,2476,-0.030769969278032116,higher rank -> less PD-like,0.0
ENSG00000102100,SLC35A2,8.419914953337514e-05,2477,-0.0723406298003032,higher rank -> less PD-like,0.0
ENSG00000028839,TBPL1,8.419825218277444e-05,2478,0.11722350230414107,higher rank -> more PD-like,0.0
ENSG00000177370,TIMM22,8.419444290555034e-05,2479,-0.04008256528417598,higher rank -> less PD-like,0.0
ENSG00000171885,AQP4,8.41834915054943e-05,2480,0.02544162826420754,higher rank -> more PD-like,0.0
ENSG00000139726,DENR,8.417816895521346e-05,2481,-0.1897561443932308,higher rank -> less PD-like,0.0
ENSG00000139168,ZCRB1,8.414872979574735e-05,2482,0.03441861581727855,higher rank -> more PD-like,0.0
ENSG00000100600,LGMN,8.41482074541517e-05,2483,-0.33179723502302333,higher rank -> less PD-like,0.0
ENSG00000116260,QSOX1,8.414717453425785e-05,2484,-0.02892219808913576,higher rank -> less PD-like,0.0
ENSG00000151883,PARP8,8.414246270030469e-05,2485,-0.08643056872944216,higher rank -> less PD-like,0.0
ENSG00000059804,SLC2A3,8.407529223579939e-05,2486,0.014352918586788738,higher rank -> more PD-like,0.0
ENSG00000148290,SURF1,8.403650214335362e-05,2487,-0.02164938556067472,higher rank -> less PD-like,0.0
ENSG00000104915,STX10,8.403395540462001e-05,2488,0.053907450076801956,higher rank -> more PD-like,0.0
ENSG00000111907,TPD52L1,8.400538251632364e-05,2489,0.14247311827956208,higher rank -> more PD-like,0.0
ENSG00000149308,NPAT,8.395712321892314e-05,2490,-0.011376728110598403,higher rank -> less PD-like,0.0
ENSG00000113594,LIFR,8.395151968698073e-05,2491,0.09631932027527118,higher rank -> more PD-like,0.0
ENSG00000114023,FAM162A,8.394717470626883e-05,2492,-0.17518931440049937,higher rank -> less PD-like,0.0
ENSG00000111077,TNS2,8.393488490232069e-05,2493,-0.08611854501561746,higher rank -> less PD-like,0.0
ENSG00000158987,RAPGEF6,8.393089195874561e-05,2494,0.154187718277683,higher rank -> more PD-like,0.0
ENSG00000163291,PAQR3,8.391359188473597e-05,2495,-0.05947580645160968,higher rank -> less PD-like,0.0
ENSG00000159784,FAM131B,8.391312116628743e-05,2496,-0.15212173579108232,higher rank -> less PD-like,0.0
ENSG00000117479,SLC19A2,8.390761907985947e-05,2497,0.09322196620583208,higher rank -> more PD-like,0.0
ENSG00000170144,HNRNPA3,8.389573909691743e-05,2498,0.24260752688170717,higher rank -> more PD-like,0.0
ENSG00000225783,MIAT,8.388421698251297e-05,2499,0.21649385560674697,higher rank -> more PD-like,0.0
ENSG00000111269,CREBL2,8.387885611596535e-05,2500,0.12154669614426258,higher rank -> more PD-like,0.0
ENSG00000153933,DGKE,8.385861205965785e-05,2501,0.08765360983102438,higher rank -> more PD-like,0.0
ENSG00000145349,CAMK2D,8.385522776156416e-05,2502,-0.06166068621658897,higher rank -> less PD-like,0.0
ENSG00000078699,CBFA2T2,8.383758887398579e-05,2503,0.1266831481535185,higher rank -> more PD-like,0.0
ENSG00000100605,ITPK1,8.382308330337026e-05,2504,0.04085061443932189,higher rank -> more PD-like,0.0
ENSG00000117569,PTBP2,8.38116444363708e-05,2505,-0.22422773210499616,higher rank -> less PD-like,0.0
ENSG00000138593,SECISBP2L,8.38064650803374e-05,2506,-0.11856758832564633,higher rank -> less PD-like,0.0
ENSG00000084112,SSH1,8.380639622294382e-05,2507,0.07517371320761258,higher rank -> more PD-like,0.0
ENSG00000164366,CCDC127,8.367682429951501e-05,2508,0.11861559139784297,higher rank -> more PD-like,0.0
ENSG00000115947,ORC4,8.362347658636406e-05,2509,-0.08938172043010263,higher rank -> less PD-like,0.0
ENSG00000163479,SSR2,8.359835536405172e-05,2510,0.023953533026112365,higher rank -> more PD-like,0.0
ENSG00000111218,PRMT8,8.355828394001519e-05,2511,-0.16623463901688798,higher rank -> less PD-like,0.0
ENSG00000151229,SLC2A13,8.352185785423433e-05,2512,-0.20228494623654802,higher rank -> less PD-like,0.0
ENSG00000170145,SIK2,8.35159158260626e-05,2513,0.156682027649761,higher rank -> more PD-like,0.0
ENSG00000100626,GALNT16,8.344325512244664e-05,2514,0.1466013824884712,higher rank -> more PD-like,0.12
ENSG00000196781,TLE1,8.338593506706722e-05,2515,0.03672235023041275,higher rank -> more PD-like,0.0
ENSG00000115504,EHBP1,8.337995494566751e-05,2516,0.12768817204300376,higher rank -> more PD-like,0.0
ENSG00000143442,POGZ,8.333406992062281e-05,2517,0.17799539170505932,higher rank -> more PD-like,0.0
ENSG00000187068,C3orf70,8.331789564845689e-05,2518,-0.13469662058371001,higher rank -> less PD-like,0.0
ENSG00000142252,GEMIN7,8.331014533681443e-05,2519,0.005520353302611054,higher rank -> more PD-like,0.0
ENSG00000037637,FBXO42,8.330615740868906e-05,2520,0.10776689708140728,higher rank -> more PD-like,0.0
ENSG00000129083,COPB1,8.32767248447465e-05,2521,0.18010752688171058,higher rank -> more PD-like,0.0
ENSG00000047410,TPR,8.32601001620547e-05,2522,-0.08381336405529495,higher rank -> less PD-like,0.0
ENSG00000148143,ZNF462,8.324565109615753e-05,2523,0.2864823348694159,higher rank -> more PD-like,0.0
ENSG00000171858,RPS21,8.324308798052007e-05,2524,-0.012336789554530821,higher rank -> less PD-like,0.0
ENSG00000132824,SERINC3,8.32284242863344e-05,2525,0.019873271889399823,higher rank -> more PD-like,0.0
ENSG00000182667,NTM,8.321970939662328e-05,2526,-0.12235983102917919,higher rank -> less PD-like,0.0
ENSG00000154096,THY1,8.320602341410517e-05,2527,0.15639400921658125,higher rank -> more PD-like,0.0
ENSG00000147027,TMEM47,8.320530286575292e-05,2528,0.24762681965611077,higher rank -> more PD-like,0.0
ENSG00000116396,KCNC4,8.320160952522901e-05,2529,0.10805491551458703,higher rank -> more PD-like,0.0
ENSG00000149084,HSD17B12,8.317646475307872e-05,2530,-0.1416107624281335,higher rank -> less PD-like,0.0
ENSG00000165102,HGSNAT,8.313512260664068e-05,2531,-0.2572484639016756,higher rank -> less PD-like,0.0
ENSG00000132975,GPR12,8.3134597417166e-05,2532,0.04735559902893345,higher rank -> more PD-like,0.0
ENSG00000225968,ELFN1,8.313372219697997e-05,2533,0.12058371735790431,higher rank -> more PD-like,0.0
ENSG00000137642,SORL1,8.312693190238003e-05,2534,0.23622311827955694,higher rank -> more PD-like,0.0
ENSG00000054267,ARID4B,8.311632469261682e-05,2535,0.16155627828877406,higher rank -> more PD-like,0.0
ENSG00000171604,CXXC5,8.309948391876487e-05,2536,0.014400921658985369,higher rank -> more PD-like,0.0
ENSG00000153558,FBXL2,8.307918091879367e-05,2537,-0.23284169598564797,higher rank -> less PD-like,0.0
ENSG00000173406,DAB1,8.307491227247277e-05,2538,0.018241167434714826,higher rank -> more PD-like,0.0
ENSG00000184182,UBE2F,8.303229758265128e-05,2539,-0.04337129622163344,higher rank -> less PD-like,0.0
ENSG00000101746,NOL4,8.300982013660952e-05,2540,0.06950844854070279,higher rank -> more PD-like,0.0
ENSG00000136444,RSAD1,8.29978083021378e-05,2541,0.20122887864822245,higher rank -> more PD-like,0.0
ENSG00000102908,NFAT5,8.298843523918563e-05,2542,-0.0521313364055271,higher rank -> less PD-like,0.0
ENSG00000169760,NLGN1,8.296982366402026e-05,2543,-0.047956220161184164,higher rank -> less PD-like,0.0
ENSG00000198780,FAM169A,8.295991686377065e-05,2544,0.1596582181259513,higher rank -> more PD-like,0.0
ENSG00000025156,HSF2,8.294131408684677e-05,2545,-0.07013248847925885,higher rank -> less PD-like,0.0
ENSG00000103064,SLC7A6,8.289917431094321e-05,2546,0.005760368663594173,higher rank -> more PD-like,0.0
ENSG00000116350,SRSF4,8.287644297632759e-05,2547,-0.15653801843317117,higher rank -> less PD-like,0.0
ENSG00000108061,SHOC2,8.287020808313026e-05,2548,-0.10498397878994169,higher rank -> less PD-like,0.0
ENSG00000132024,CC2D1A,8.285979710295663e-05,2549,-0.004920373948774156,higher rank -> less PD-like,0.0
ENSG00000141026,MED9,8.284288306994645e-05,2550,-0.11165514592933334,higher rank -> less PD-like,0.04
ENSG00000169057,MECP2,8.283776974753709e-05,2551,0.09908309742106222,higher rank -> more PD-like,0.0
ENSG00000129691,ASH2L,8.281033053809303e-05,2552,-0.10656682027649184,higher rank -> less PD-like,0.0
ENSG00000110076,NRXN2,8.279044691633005e-05,2553,-0.1421850998463824,higher rank -> less PD-like,0.0
ENSG00000100604,CHGA,8.279028692517474e-05,2554,0.24471966205835832,higher rank -> more PD-like,0.0
ENSG00000131375,CAPN7,8.277888715895433e-05,2555,0.14180107526880942,higher rank -> more PD-like,0.0
ENSG00000185950,IRS2,8.277145807362383e-05,2556,0.19575652841780805,higher rank -> more PD-like,0.0
ENSG00000153395,LPCAT1,8.276453933698449e-05,2557,0.1618183563747991,higher rank -> more PD-like,0.0
ENSG00000100897,DCAF11,8.276324339679719e-05,2558,-0.26896121351765034,higher rank -> less PD-like,0.0
ENSG00000121486,TRMT1L,8.268735014092811e-05,2559,0.1139112903225744,higher rank -> more PD-like,0.0
ENSG00000136068,FLNB,8.267882350051817e-05,2560,-0.14400921658985383,higher rank -> less PD-like,0.0
ENSG00000162585,FAAP20,8.266486500514614e-05,2561,0.03149001536098138,higher rank -> more PD-like,0.04
ENSG00000169976,SF3B5,8.266317395646011e-05,2562,-0.16186635944699573,higher rank -> less PD-like,0.0
ENSG00000128928,IVD,8.261932634555281e-05,2563,-0.1155433947772594,higher rank -> less PD-like,0.0
ENSG00000005810,MYCBP2,8.258865978008722e-05,2564,-0.007608578252494627,higher rank -> less PD-like,0.0
ENSG00000187713,TMEM203,8.255595687712085e-05,2565,0.016993087557602763,higher rank -> more PD-like,0.0
ENSG00000147416,ATP6V1B2,8.255136737260547e-05,2566,0.08208525345621671,higher rank -> more PD-like,0.0
ENSG00000166902,MRPL16,8.254434759379675e-05,2567,-0.1239934235091081,higher rank -> less PD-like,0.0
ENSG00000100888,CHD8,8.253694332420453e-05,2568,-0.11434331797234396,higher rank -> less PD-like,0.0
ENSG00000171490,RSL1D1,8.251630063033854e-05,2569,-0.10207975806895792,higher rank -> less PD-like,0.0
ENSG00000129472,RAB2B,8.249309478407456e-05,2570,-0.05654761904761594,higher rank -> less PD-like,0.0
ENSG00000065000,AP3D1,8.24628568195134e-05,2571,-0.051651305683560945,higher rank -> less PD-like,0.0
ENSG00000112308,C6orf62,8.244837255063315e-05,2572,0.03465821812595816,higher rank -> more PD-like,0.0
ENSG00000095637,SORBS1,8.244808035072563e-05,2573,0.12125576036865698,higher rank -> more PD-like,0.0
ENSG00000148158,SNX30,8.244446962594628e-05,2574,-0.3131037959110174,higher rank -> less PD-like,0.0
ENSG00000140612,SEC11A,8.24371242559189e-05,2575,0.03530668331047197,higher rank -> more PD-like,0.0
ENSG00000164615,CAMLG,8.241959760010503e-05,2576,-0.0312980030721949,higher rank -> less PD-like,0.0
ENSG00000103540,CCP110,8.241612716759974e-05,2577,0.06946044546850617,higher rank -> more PD-like,0.0
ENSG00000121766,ZCCHC17,8.237707210200579e-05,2578,-0.09271904665421689,higher rank -> less PD-like,0.0
ENSG00000136888,ATP6V1G1,8.23669665066296e-05,2579,0.1634504608294841,higher rank -> more PD-like,0.0
ENSG00000112335,SNX3,8.235541664519973e-05,2580,0.34283794162824544,higher rank -> more PD-like,0.0
ENSG00000121310,ECHDC2,8.23343183100092e-05,2581,0.025105606758831153,higher rank -> more PD-like,0.04
ENSG00000105088,OLFM2,8.232994845221652e-05,2582,0.08050308429460047,higher rank -> more PD-like,0.0
ENSG00000165733,BMS1,8.23265536099493e-05,2583,0.12187980030721295,higher rank -> more PD-like,0.0
ENSG00000114166,KAT2B,8.231720299551066e-05,2584,0.29027457757294883,higher rank -> more PD-like,0.0
ENSG00000112339,HBS1L,8.230422193500441e-05,2585,-0.12197580645160623,higher rank -> less PD-like,0.0
ENSG00000100220,RTCB,8.22999622390692e-05,2586,-0.13210445468509258,higher rank -> less PD-like,0.0
ENSG00000048991,R3HDM1,8.229825836809465e-05,2587,-0.14799347158217316,higher rank -> less PD-like,0.0
ENSG00000146463,ZMYM4,8.229557722045662e-05,2588,0.22167818740398168,higher rank -> more PD-like,0.0
ENSG00000107263,RAPGEF1,8.229413569649765e-05,2589,-0.06506894524452034,higher rank -> less PD-like,0.0
ENSG00000165650,PDZD8,8.229092744897316e-05,2590,-0.023281490015359712,higher rank -> less PD-like,0.0
ENSG00000073921,PICALM,8.228730517551843e-05,2591,-0.27894585253454696,higher rank -> less PD-like,0.04
ENSG00000159128,IFNGR2,8.228093603424667e-05,2592,0.27220468757584104,higher rank -> more PD-like,0.0
ENSG00000134046,MBD2,8.227816936730096e-05,2593,-0.0583964381334998,higher rank -> less PD-like,0.04
ENSG00000130414,NDUFA10,8.226154928267652e-05,2594,-0.309839547827928,higher rank -> less PD-like,0.0
ENSG00000162517,PEF1,8.22356132612827e-05,2595,0.06319680296157212,higher rank -> more PD-like,0.0
ENSG00000104880,ARHGEF18,8.223422982636843e-05,2596,-0.06509216589861391,higher rank -> less PD-like,0.0
ENSG00000127445,PIN1,8.222875177261673e-05,2597,-0.1913185402228224,higher rank -> less PD-like,0.0
ENSG00000110047,EHD1,8.222583149977663e-05,2598,0.23324692780336662,higher rank -> more PD-like,0.0
ENSG00000197043,ANXA6,8.220157766829858e-05,2599,0.044523383780370775,higher rank -> more PD-like,0.0
ENSG00000106123,EPHB6,8.217175212836264e-05,2600,0.06562019969277674,higher rank -> more PD-like,0.0
ENSG00000174840,PDE12,8.215978869230642e-05,2601,0.08813364055299053,higher rank -> more PD-like,0.0
ENSG00000104231,ZFAND1,8.212685424766496e-05,2602,-0.22455837173577875,higher rank -> less PD-like,0.0
ENSG00000151116,UEVLD,8.208477641520433e-05,2603,-0.11602342549922559,higher rank -> less PD-like,0.04
ENSG00000099940,SNAP29,8.208311325491686e-05,2604,-0.06374807987710863,higher rank -> less PD-like,0.0
ENSG00000116044,NFE2L2,8.208239552238441e-05,2605,0.14448924731182006,higher rank -> more PD-like,0.0
ENSG00000159176,CSRP1,8.206034288541366e-05,2606,0.15003540270140045,higher rank -> more PD-like,0.0
ENSG00000136045,PWP1,8.204174311200827e-05,2607,-0.13460061443931673,higher rank -> less PD-like,0.0
ENSG00000100564,PIGH,8.204051035328944e-05,2608,0.10997503840245171,higher rank -> more PD-like,0.0
ENSG00000131149,GSE1,8.202093576546161e-05,2609,0.23507386563070165,higher rank -> more PD-like,0.0
ENSG00000147130,ZMYM3,8.198565666250953e-05,2610,0.040898617511518506,higher rank -> more PD-like,0.0
ENSG00000086065,CHMP5,8.196585453041392e-05,2611,-0.10479070660521696,higher rank -> less PD-like,0.0
ENSG00000015171,ZMYND11,8.19383252831707e-05,2612,0.1789554531489917,higher rank -> more PD-like,0.0
ENSG00000149256,TENM4,8.189200838482047e-05,2613,-0.12063172043010092,higher rank -> less PD-like,0.0
ENSG00000160145,KALRN,8.189150283703992e-05,2614,-0.07507680491551048,higher rank -> less PD-like,0.04
ENSG00000166619,BLCAP,8.187174920840781e-05,2615,-0.05419546850998166,higher rank -> less PD-like,0.0
ENSG00000060718,COL11A1,8.186073439038816e-05,2616,0.07519861749999499,higher rank -> more PD-like,0.04
ENSG00000131263,RLIM,8.185274355248582e-05,2617,-0.22143817204299865,higher rank -> less PD-like,0.0
ENSG00000196937,FAM3C,8.185166069531656e-05,2618,-0.27697772657448566,higher rank -> less PD-like,0.0
ENSG00000153560,UBP1,8.184610167577006e-05,2619,0.09874231950844319,higher rank -> more PD-like,0.0
ENSG00000143333,RGS16,8.184234802184513e-05,2620,-0.14184907834100607,higher rank -> less PD-like,0.0
ENSG00000204991,SPIRE2,8.184070706661483e-05,2621,0.16570660522272515,higher rank -> more PD-like,0.0
ENSG00000159579,RSPRY1,8.183359161940145e-05,2622,0.17708333333332363,higher rank -> more PD-like,0.0
ENSG00000160299,PCNT,8.182754420086536e-05,2623,0.2943619039323136,higher rank -> more PD-like,0.0
ENSG00000198853,RUSC2,8.182272262707836e-05,2624,-0.03201804915514418,higher rank -> less PD-like,0.0
ENSG00000144868,TMEM108,8.181645852481227e-05,2625,-0.1441052227342471,higher rank -> less PD-like,0.0
ENSG00000138760,SCARB2,8.181645068109812e-05,2626,0.004824366652212727,higher rank -> more PD-like,0.0
ENSG00000124356,STAMBP,8.18157968837484e-05,2627,0.11528076134615685,higher rank -> more PD-like,0.0
ENSG00000173852,DPY19L1,8.181502586429702e-05,2628,0.05321204411918169,higher rank -> more PD-like,0.0
ENSG00000112282,MED23,8.17865658705677e-05,2629,-4.80030721965734e-05,higher rank -> less PD-like,0.0
ENSG00000110274,CEP164,8.177743586929739e-05,2630,-0.0664842549923159,higher rank -> less PD-like,0.0
ENSG00000145592,RPL37,8.172645479091266e-05,2631,-0.035090245775727724,higher rank -> less PD-like,0.0
ENSG00000080189,SLC35C2,8.17249257439502e-05,2632,-0.11016705069123815,higher rank -> less PD-like,0.0
ENSG00000179314,WSCD1,8.172364894915021e-05,2633,-0.09619815668202235,higher rank -> less PD-like,0.0
ENSG00000121964,GTDC1,8.171157737202105e-05,2634,0.16801075268816285,higher rank -> more PD-like,0.0
ENSG00000158092,NCK1,8.165187903554179e-05,2635,0.09298195084484895,higher rank -> more PD-like,0.0
ENSG00000021300,PLEKHB1,8.163835793012813e-05,2636,-0.04368279569892237,higher rank -> less PD-like,0.0
ENSG00000197226,TBC1D9B,8.161864814467281e-05,2637,0.07786098310291431,higher rank -> more PD-like,0.0
ENSG00000092096,SLC22A17,8.161008066417246e-05,2638,0.2421544037521083,higher rank -> more PD-like,0.04
ENSG00000106524,ANKMY2,8.157515063120654e-05,2639,-0.09970238095237548,higher rank -> less PD-like,0.0
ENSG00000092820,EZR,8.15645690461274e-05,2640,0.23238287250382753,higher rank -> more PD-like,0.0
ENSG00000213281,NRAS,8.150903856524604e-05,2641,-0.07915706605222299,higher rank -> less PD-like,0.0
ENSG00000081087,OSTM1,8.149286701715642e-05,2642,-0.08683755760368185,higher rank -> less PD-like,0.0
ENSG00000088812,ATRN,8.147410011154915e-05,2643,-0.23130557924066492,higher rank -> less PD-like,0.0
ENSG00000172922,RNASEH2C,8.14472558305745e-05,2644,0.04008256528417597,higher rank -> more PD-like,0.0
ENSG00000138674,SEC31A,8.142951480729335e-05,2645,0.029114212682258653,higher rank -> more PD-like,0.0
ENSG00000108395,TRIM37,8.142364317763272e-05,2646,0.06331605222733908,higher rank -> more PD-like,0.0
ENSG00000196465,MYL6B,8.142227403326907e-05,2647,0.16100230414745664,higher rank -> more PD-like,0.0
ENSG00000061794,MRPS35,8.140057687805361e-05,2648,0.18491227233321458,higher rank -> more PD-like,0.0
ENSG00000163125,RPRD2,8.138278958948523e-05,2649,-0.07171658986174724,higher rank -> less PD-like,0.0
ENSG00000182732,RGS6,8.135139046555808e-05,2650,-0.2768850432832115,higher rank -> less PD-like,0.0
ENSG00000157514,TSC22D3,8.133912653041779e-05,2651,0.11926506415345682,higher rank -> more PD-like,0.0
ENSG00000107362,ABHD17B,8.133567209838722e-05,2652,0.09163786482334366,higher rank -> more PD-like,0.0
ENSG00000109670,FBXW7,8.133384322985481e-05,2653,0.11040971608681034,higher rank -> more PD-like,0.0
ENSG00000072062,PRKACA,8.132440144042445e-05,2654,-0.03391457751033099,higher rank -> less PD-like,0.0
ENSG00000130165,ELOF1,8.12656846576907e-05,2655,-0.0914458525345572,higher rank -> less PD-like,0.0
ENSG00000115380,EFEMP1,8.126045410859946e-05,2656,0.07949308755759936,higher rank -> more PD-like,0.0
ENSG00000137103,TMEM8B,8.125444893408575e-05,2657,-0.23603110599077048,higher rank -> less PD-like,0.0
ENSG00000083750,RRAGB,8.124466482787789e-05,2658,-0.2264304915514469,higher rank -> less PD-like,0.04
ENSG00000137075,RNF38,8.124184688574826e-05,2659,0.022081413210444278,higher rank -> more PD-like,0.0
ENSG00000068383,INPP5A,8.123985276619025e-05,2660,0.02212941628264084,higher rank -> more PD-like,0.0
ENSG00000149295,DRD2,8.122878517358418e-05,2661,-0.08311831699807226,higher rank -> less PD-like,0.0
ENSG00000214113,LYRM4,8.122232184731643e-05,2662,-0.17019693497930422,higher rank -> less PD-like,0.0
ENSG00000140350,ANP32A,8.122085252012802e-05,2663,0.04209869431643395,higher rank -> more PD-like,0.0
ENSG00000196876,SCN8A,8.120894004023786e-05,2664,-0.028417818740397817,higher rank -> less PD-like,0.0
ENSG00000257218,GATC,8.11962102478079e-05,2665,0.019729262672809982,higher rank -> more PD-like,0.0
ENSG00000138448,ITGAV,8.118873794754249e-05,2666,0.04041907185236896,higher rank -> more PD-like,0.0
ENSG00000197265,GTF2E2,8.118153734472412e-05,2667,0.06288402457756953,higher rank -> more PD-like,0.0
ENSG00000177239,MAN1B1,8.117614678340402e-05,2668,-0.14376920122887082,higher rank -> less PD-like,0.0
ENSG00000105737,GRIK5,8.11565824266936e-05,2669,-0.013248847926266547,higher rank -> less PD-like,0.0
ENSG00000124140,SLC12A5,8.114745216423735e-05,2670,0.11669826948132003,higher rank -> more PD-like,0.0
ENSG00000197961,ZNF121,8.113475443479271e-05,2671,0.11232718894008596,higher rank -> more PD-like,0.0
ENSG00000166181,API5,8.11289990143116e-05,2672,0.027457757296465445,higher rank -> more PD-like,0.0
ENSG00000178053,MLF1,8.112615725917488e-05,2673,-0.18870007680490516,higher rank -> less PD-like,0.0
ENSG00000151176,PLBD2,8.111772561050175e-05,2674,-0.2711213517664983,higher rank -> less PD-like,0.0
ENSG00000072110,ACTN1,8.111600071492736e-05,2675,-0.00014400921658983738,higher rank -> less PD-like,0.0
ENSG00000171566,PLRG1,8.105350296240391e-05,2676,-0.22556643625190778,higher rank -> less PD-like,0.0
ENSG00000118096,IFT46,8.105258041278959e-05,2677,-0.13589832828272744,higher rank -> less PD-like,0.0
ENSG00000100418,DESI1,8.101289901911846e-05,2678,-0.05822772657449753,higher rank -> less PD-like,0.04
ENSG00000102897,LYRM1,8.10071050028288e-05,2679,-0.023401778536852533,higher rank -> less PD-like,0.0
ENSG00000137776,SLTM,8.10064345819903e-05,2680,0.0012000768049154594,higher rank -> more PD-like,0.0
ENSG00000136709,WDR33,8.099313696921913e-05,2681,0.18087774672176515,higher rank -> more PD-like,0.0
ENSG00000143079,CTTNBP2NL,8.097213177788038e-05,2682,0.07843701996927374,higher rank -> more PD-like,0.0
ENSG00000137267,TUBB2A,8.095495463996771e-05,2683,0.04785906298002806,higher rank -> more PD-like,0.0
ENSG00000117410,ATP6V0B,8.0947459064273e-05,2684,-0.009600614439323587,higher rank -> less PD-like,0.0
ENSG00000106263,EIF3B,8.093962424018239e-05,2685,0.05227534562211696,higher rank -> more PD-like,0.0
ENSG00000168297,PXK,8.08867891093187e-05,2686,-0.13068993244426896,higher rank -> less PD-like,0.04
ENSG00000118855,MFSD1,8.088009280533208e-05,2687,-0.25792360221232596,higher rank -> less PD-like,0.0
ENSG00000221914,PPP2R2A,8.087104006042197e-05,2688,-0.24121543778800528,higher rank -> less PD-like,0.0
ENSG00000102241,HTATSF1,8.085874277811551e-05,2689,-0.06696428571428202,higher rank -> less PD-like,0.0
ENSG00000091527,CDV3,8.084626316190177e-05,2690,0.25331525197737637,higher rank -> more PD-like,0.0
ENSG00000181019,NQO1,8.083864773330113e-05,2691,0.0623079877112101,higher rank -> more PD-like,0.0
ENSG00000128512,DOCK4,8.08355815525486e-05,2692,-0.132154043716831,higher rank -> less PD-like,0.0
ENSG00000069020,MAST4,8.082613749162659e-05,2693,0.2252811213814341,higher rank -> more PD-like,0.0
ENSG00000101236,RNF24,8.080240141593312e-05,2694,0.08798963133640074,higher rank -> more PD-like,0.0
ENSG00000121413,ZSCAN18,8.07905741389136e-05,2695,-0.1976286482334761,higher rank -> less PD-like,0.0
ENSG00000077157,PPP1R12B,8.07773220435015e-05,2696,0.052155963857005806,higher rank -> more PD-like,0.0
ENSG00000112062,MAPK14,8.071508670241421e-05,2697,-0.12187980030721296,higher rank -> less PD-like,0.0
ENSG00000114120,SLC25A36,8.070720004377717e-05,2698,-0.1722350230414652,higher rank -> less PD-like,0.0
ENSG00000091157,WDR7,8.070326773138391e-05,2699,-0.04824366652212685,higher rank -> less PD-like,0.0
ENSG00000189369,GSPT2,8.069656100026426e-05,2700,0.13253648233486218,higher rank -> more PD-like,0.0
ENSG00000112406,HECA,8.06514033246799e-05,2701,0.24563172043009407,higher rank -> more PD-like,0.0
ENSG00000196586,MYO6,8.064158946223249e-05,2702,-0.14264284086616905,higher rank -> less PD-like,0.0
ENSG00000183431,SF3A3,8.063760100991544e-05,2703,0.002328176941615103,higher rank -> more PD-like,0.0
ENSG00000131089,ARHGEF9,8.060014002918557e-05,2704,-0.030938351316926117,higher rank -> less PD-like,0.0
ENSG00000153291,SLC25A27,8.059480386466358e-05,2705,0.030865975422425362,higher rank -> more PD-like,0.04
ENSG00000173276,ZBTB21,8.057641746680133e-05,2706,0.10335061443931841,higher rank -> more PD-like,0.0
ENSG00000197555,SIPA1L1,8.057623386713576e-05,2707,-0.12178379416281974,higher rank -> less PD-like,0.0
ENSG00000135108,FBXO21,8.055785008857384e-05,2708,0.12077717907429963,higher rank -> more PD-like,0.0
ENSG00000135686,KLHL36,8.054147875351806e-05,2709,0.06554898172732761,higher rank -> more PD-like,0.0
ENSG00000183020,AP2A2,8.053697296756775e-05,2710,0.02548963133640414,higher rank -> more PD-like,0.0
ENSG00000134852,CLOCK,8.052897229743623e-05,2711,-0.008304531490014911,higher rank -> less PD-like,0.0
ENSG00000152926,ZNF117,8.052355168164325e-05,2712,0.069629291831189,higher rank -> more PD-like,0.04
ENSG00000164808,SPIDR,8.051549727872414e-05,2713,0.2592645929339336,higher rank -> more PD-like,0.0
ENSG00000118046,STK11,8.049659600553256e-05,2714,-0.09583928379246395,higher rank -> less PD-like,0.0
ENSG00000108582,CPD,8.048577098920668e-05,2715,-0.10011160848944832,higher rank -> less PD-like,0.0
ENSG00000156467,UQCRB,8.046193412109307e-05,2716,-0.18644393241166415,higher rank -> less PD-like,0.0
ENSG00000136451,VEZF1,8.044496867035491e-05,2717,0.22456106665722325,higher rank -> more PD-like,0.0
ENSG00000036530,CYP46A1,8.044470092897808e-05,2718,-0.07685291858678535,higher rank -> less PD-like,0.0
ENSG00000132854,KANK4,8.043430246467843e-05,2719,-0.1943644393241061,higher rank -> less PD-like,0.0
ENSG00000170606,HSPA4,8.041173015200643e-05,2720,0.24860791090628445,higher rank -> more PD-like,0.0
ENSG00000131979,GCH1,8.03739074859493e-05,2721,0.11539938556066957,higher rank -> more PD-like,0.0
ENSG00000163374,YY1AP1,8.03717870144274e-05,2722,-0.1518337173579026,higher rank -> less PD-like,0.0
ENSG00000038219,BOD1L1,8.031288703518532e-05,2723,0.10229454685099287,higher rank -> more PD-like,0.0
ENSG00000005194,CIAPIN1,8.03047747436652e-05,2724,-0.012672811059907151,higher rank -> less PD-like,0.0
ENSG00000170832,USP32,8.026213425211656e-05,2725,-0.01454510542905913,higher rank -> less PD-like,0.0
ENSG00000101974,ATP11C,8.024827528980408e-05,2726,-0.10339861751151509,higher rank -> less PD-like,0.0
ENSG00000143322,ABL2,8.024563532562254e-05,2727,-0.025129909874958604,higher rank -> less PD-like,0.0
ENSG00000196363,WDR5,8.022487317225764e-05,2728,-0.14511328725037606,higher rank -> less PD-like,0.0
ENSG00000184203,PPP1R2,8.021817735821409e-05,2729,-0.10896697388632275,higher rank -> less PD-like,0.08
ENSG00000155093,PTPRN2,8.019331206956844e-05,2730,-0.3428379416282454,higher rank -> less PD-like,0.0
ENSG00000090615,GOLGA3,8.019277891717336e-05,2731,-0.09142294815063741,higher rank -> less PD-like,0.0
ENSG00000077264,PAK3,8.018832782503663e-05,2732,0.24453058434200414,higher rank -> more PD-like,0.0
ENSG00000164253,WDR41,8.018242373735607e-05,2733,-0.23886328725037093,higher rank -> less PD-like,0.0
ENSG00000165322,ARHGAP12,8.016936014901351e-05,2734,0.15795600466771972,higher rank -> more PD-like,0.0
ENSG00000123066,MED13L,8.01634637893544e-05,2735,0.24172237091758178,higher rank -> more PD-like,0.0
ENSG00000225733,FGD5-AS1,8.015427509059544e-05,2736,0.18289389994955546,higher rank -> more PD-like,0.0
ENSG00000107625,DDX50,8.010930773711406e-05,2737,-0.15490591397848613,higher rank -> less PD-like,0.0
ENSG00000153823,PID1,8.010801404319475e-05,2738,-0.12101574500767387,higher rank -> less PD-like,0.0
ENSG00000136099,PCDH8,8.008117853027137e-05,2739,0.019297235023040413,higher rank -> more PD-like,0.0
ENSG00000164187,LMBRD2,8.007237394094696e-05,2740,0.06470814132104097,higher rank -> more PD-like,0.0
ENSG00000180902,D2HGDH,8.00700434711504e-05,2741,-0.12550553842995094,higher rank -> less PD-like,0.0
ENSG00000163743,RCHY1,8.005958516938413e-05,2742,-0.15274577572963827,higher rank -> less PD-like,0.0
ENSG00000106723,SPIN1,8.004405108126438e-05,2743,0.2518511407048144,higher rank -> more PD-like,0.0
ENSG00000106070,GRB10,8.00282805811607e-05,2744,0.040803590727734276,higher rank -> more PD-like,0.0
ENSG00000107077,KDM4C,8.00195010428055e-05,2745,0.14645737327188135,higher rank -> more PD-like,0.0
ENSG00000124532,MRS2,8.001467322843717e-05,2746,-0.12531352383682795,higher rank -> less PD-like,0.0
ENSG00000156471,PTDSS1,7.996876572854866e-05,2747,0.01646525136028806,higher rank -> more PD-like,0.0
ENSG00000143493,INTS7,7.995876053170594e-05,2748,0.04713901689707886,higher rank -> more PD-like,0.0
ENSG00000184277,TM2D3,7.995538617515358e-05,2749,-0.17621927803378454,higher rank -> less PD-like,0.0
ENSG00000198380,GFPT1,7.993048222064897e-05,2750,0.20838133640551856,higher rank -> more PD-like,0.0
ENSG00000120675,DNAJC15,7.991354466174126e-05,2751,0.047331029185865306,higher rank -> more PD-like,0.0
ENSG00000174456,C12orf76,7.98995135015611e-05,2752,-0.08395737327188481,higher rank -> less PD-like,0.0
ENSG00000162961,DPY30,7.989610472066081e-05,2753,-0.17602726574499805,higher rank -> less PD-like,0.0
ENSG00000185246,PRPF39,7.988549585036429e-05,2754,-0.009168586789553998,higher rank -> less PD-like,0.0
ENSG00000161980,POLR3K,7.988123559192072e-05,2755,0.10032642089093154,higher rank -> more PD-like,0.0
ENSG00000174165,ZDHHC24,7.98700497909579e-05,2756,-0.11492073398405137,higher rank -> less PD-like,0.0
ENSG00000130643,CALY,7.986906186192341e-05,2757,0.06461291058585343,higher rank -> more PD-like,0.0
ENSG00000144369,FAM171B,7.986367686677998e-05,2758,-0.01281682027649699,higher rank -> less PD-like,0.0
ENSG00000167515,TRAPPC2L,7.985909958657612e-05,2759,-0.18025369929411572,higher rank -> less PD-like,0.0
ENSG00000067840,PDZD4,7.985122475351207e-05,2760,-0.11995967741934821,higher rank -> less PD-like,0.0
ENSG00000001561,ENPP4,7.983846255658905e-05,2761,-0.0634120583717323,higher rank -> less PD-like,0.0
ENSG00000020426,MNAT1,7.983605005978104e-05,2762,-0.1957108740405086,higher rank -> less PD-like,0.0
ENSG00000117751,PPP1R8,7.982370865215304e-05,2763,-0.11439132104454058,higher rank -> less PD-like,0.0
ENSG00000154473,BUB3,7.981735708843868e-05,2764,0.2692972350230266,higher rank -> more PD-like,0.0
ENSG00000170522,ELOVL6,7.980840054609296e-05,2765,-0.04886771394977624,higher rank -> less PD-like,0.0
ENSG00000197601,FAR1,7.976872473513493e-05,2766,-0.18015552995390716,higher rank -> less PD-like,0.0
ENSG00000176049,JAKMIP2,7.97672536560802e-05,2767,0.2405913978494492,higher rank -> more PD-like,0.0
ENSG00000119682,AREL1,7.976180393359412e-05,2768,-0.10973633996973328,higher rank -> less PD-like,0.0
ENSG00000127838,PNKD,7.974316556529327e-05,2769,0.12384792626727428,higher rank -> more PD-like,0.0
ENSG00000119487,MAPKAP1,7.973179751138165e-05,2770,-0.021649385560674708,higher rank -> less PD-like,0.0
ENSG00000131467,PSME3,7.972739640374853e-05,2771,-0.12740015360982404,higher rank -> less PD-like,0.0
ENSG00000211456,SACM1L,7.97126770019501e-05,2772,-0.028369815668201227,higher rank -> less PD-like,0.0
ENSG00000024862,CCDC28A,7.967414523204321e-05,2773,-0.05126728110598799,higher rank -> less PD-like,0.0
ENSG00000184156,KCNQ3,7.96659569458167e-05,2774,-0.004056308279721127,higher rank -> less PD-like,0.0
ENSG00000115159,GPD2,7.965514289965452e-05,2775,0.020881336405528802,higher rank -> more PD-like,0.0
ENSG00000182670,TTC3,7.964061204879622e-05,2776,-0.04925115207373,higher rank -> less PD-like,0.0
ENSG00000109756,RAPGEF2,7.963139033219351e-05,2777,0.1763152841781778,higher rank -> more PD-like,0.0
ENSG00000140259,MFAP1,7.962715751835815e-05,2778,-0.14660138248847124,higher rank -> less PD-like,0.0
ENSG00000154217,PITPNC1,7.96082851030366e-05,2779,-0.06648425499231589,higher rank -> less PD-like,0.0
ENSG00000132466,ANKRD17,7.957904650092681e-05,2780,0.20641321044545724,higher rank -> more PD-like,0.0
ENSG00000127955,GNAI1,7.956179749139602e-05,2781,0.04805107526881459,higher rank -> more PD-like,0.0
ENSG00000102189,EEA1,7.953772926746351e-05,2782,-0.13997695852533795,higher rank -> less PD-like,0.0
ENSG00000160439,RDH13,7.953216800291588e-05,2783,0.15058744465662877,higher rank -> more PD-like,0.0
ENSG00000149294,NCAM1,7.952983349855645e-05,2784,0.08952572964669248,higher rank -> more PD-like,0.0
ENSG00000183111,ARHGEF37,7.952520705561698e-05,2785,0.0787730414746501,higher rank -> more PD-like,0.0
ENSG00000160746,ANO10,7.952355288532021e-05,2786,-0.19978878648232398,higher rank -> less PD-like,0.0
ENSG00000026652,AGPAT4,7.9523470877783e-05,2787,-0.049276336331787345,higher rank -> less PD-like,0.0
ENSG00000135919,SERPINE2,7.950818845000727e-05,2788,0.21793394777264552,higher rank -> more PD-like,0.0
ENSG00000116731,PRDM2,7.949460316415947e-05,2789,0.102150537634403,higher rank -> more PD-like,0.0
ENSG00000135070,ISCA1,7.94780906913797e-05,2790,-0.017905145929338482,higher rank -> less PD-like,0.0
ENSG00000162819,BROX,7.947033513490622e-05,2791,0.19542285215082425,higher rank -> more PD-like,0.0
ENSG00000104133,SPG11,7.946705387225029e-05,2792,0.036770353302609374,higher rank -> more PD-like,0.0
ENSG00000104490,NCALD,7.944210843203613e-05,2793,0.19930875576035773,higher rank -> more PD-like,0.0
ENSG00000132718,SYT11,7.93991221140164e-05,2794,0.04001104084198283,higher rank -> more PD-like,0.0
ENSG00000085644,ZNF213,7.938446531987669e-05,2795,0.040802611367125236,higher rank -> more PD-like,0.0
ENSG00000121871,SLITRK3,7.935586604649349e-05,2796,-0.0847734254992273,higher rank -> less PD-like,0.0
ENSG00000084463,WBP11,7.935528002483305e-05,2797,-0.20151689708140216,higher rank -> less PD-like,0.0
ENSG00000065457,ADAT1,7.93472787131931e-05,2798,0.01291282642089022,higher rank -> more PD-like,0.0
ENSG00000106052,TAX1BP1,7.934048270035734e-05,2799,0.015504992319507596,higher rank -> more PD-like,0.0
ENSG00000158470,B4GALT5,7.933489773798173e-05,2800,-0.10316107820458933,higher rank -> less PD-like,0.0
ENSG00000104643,MTMR9,7.932283656193196e-05,2801,0.0901017665130519,higher rank -> more PD-like,0.0
ENSG00000145494,NDUFS6,7.930037046146454e-05,2802,-0.08436641185337108,higher rank -> less PD-like,0.0
ENSG00000101193,GID8,7.929320457242234e-05,2803,0.19042818740398343,higher rank -> more PD-like,0.0
ENSG00000127125,PPCS,7.92837290461019e-05,2804,-0.08736559139784468,higher rank -> less PD-like,0.0
ENSG00000143575,HAX1,7.926287051413165e-05,2805,0.20060483870966636,higher rank -> more PD-like,0.0
ENSG00000078369,GNB1,7.926144846822166e-05,2806,-0.04185867895545086,higher rank -> less PD-like,0.0
ENSG00000115109,EPB41L5,7.923893609109043e-05,2807,0.03984254992319293,higher rank -> more PD-like,0.0
ENSG00000105778,AVL9,7.923759550920144e-05,2808,-0.14127304147464664,higher rank -> less PD-like,0.0
ENSG00000136631,VPS45,7.922645922377892e-05,2809,-0.12120775729646034,higher rank -> less PD-like,0.0
ENSG00000113194,FAF2,7.922380813027348e-05,2810,-0.18586789554530472,higher rank -> less PD-like,0.0
ENSG00000015532,XYLT2,7.922366577511699e-05,2811,-0.15130568356373977,higher rank -> less PD-like,0.0
ENSG00000151640,DPYSL4,7.922302083182239e-05,2812,-0.06557298355146794,higher rank -> less PD-like,0.0
ENSG00000074416,MGLL,7.920925769693772e-05,2813,-0.05962053116465826,higher rank -> less PD-like,0.0
ENSG00000141384,TAF4B,7.919981855499767e-05,2814,0.23608194224459678,higher rank -> more PD-like,0.0
ENSG00000175806,MSRA,7.919541697154323e-05,2815,-0.2096559338660587,higher rank -> less PD-like,0.0
ENSG00000130717,UCK1,7.919321484557606e-05,2816,-0.20612519201227747,higher rank -> less PD-like,0.0
ENSG00000113441,LNPEP,7.918519120995889e-05,2817,-0.12812019969277336,higher rank -> less PD-like,0.0
ENSG00000167658,EEF2,7.913539280686601e-05,2818,-0.05789170506912126,higher rank -> less PD-like,0.0
ENSG00000084234,APLP2,7.913039930215521e-05,2819,0.06893241167434337,higher rank -> more PD-like,0.0
ENSG00000013374,NUB1,7.912637648455824e-05,2820,0.15990015242308905,higher rank -> more PD-like,0.0
ENSG00000084073,ZMPSTE24,7.912295605470182e-05,2821,0.041571159411106305,higher rank -> more PD-like,0.0
ENSG00000121741,ZMYM2,7.911849316072201e-05,2822,0.06667626728110233,higher rank -> more PD-like,0.0
ENSG00000134287,ARF3,7.911631403982505e-05,2823,0.07277265745007286,higher rank -> more PD-like,0.0
ENSG00000165644,COMTD1,7.909960787676216e-05,2824,-0.1922043010752583,higher rank -> less PD-like,0.0
ENSG00000114126,TFDP2,7.906480130779925e-05,2825,0.12207181259599942,higher rank -> more PD-like,0.0
ENSG00000100664,EIF5,7.901388996446993e-05,2826,0.23927418485526494,higher rank -> more PD-like,0.0
ENSG00000156603,MED19,7.895584233971391e-05,2827,0.1034718638690989,higher rank -> more PD-like,0.0
ENSG00000082153,BZW1,7.888748890840045e-05,2828,-0.3528225806451419,higher rank -> less PD-like,0.0
ENSG00000181789,COPG1,7.888026852550006e-05,2829,-0.12394393241166757,higher rank -> less PD-like,0.04
ENSG00000102893,PHKB,7.887722668700625e-05,2830,0.1984927035330152,higher rank -> more PD-like,0.04
ENSG00000011566,MAP4K3,7.884156077116483e-05,2831,-0.040514592933945576,higher rank -> less PD-like,0.0
ENSG00000136940,PDCL,7.883644323744786e-05,2832,0.1456413210445389,higher rank -> more PD-like,0.0
ENSG00000235194,PPP1R3E,7.882256907742558e-05,2833,-0.016273041474653468,higher rank -> less PD-like,0.0
ENSG00000253729,PRKDC,7.882254497367361e-05,2834,-0.14304915514592154,higher rank -> less PD-like,0.0
ENSG00000198420,TCAF1,7.879622926457953e-05,2835,-0.1992127496159645,higher rank -> less PD-like,0.0
ENSG00000136436,CALCOCO2,7.879412048640745e-05,2836,0.07675691244239213,higher rank -> more PD-like,0.0
ENSG00000107937,GTPBP4,7.878894134753676e-05,2837,-0.0397710226005792,higher rank -> less PD-like,0.0
ENSG00000162545,CAMK2N1,7.878853772762467e-05,2838,0.14400921658985386,higher rank -> more PD-like,0.0
ENSG00000106682,EIF4H,7.87835158699469e-05,2839,-0.2045890937019857,higher rank -> less PD-like,0.0
ENSG00000159423,ALDH4A1,7.876594645991124e-05,2840,0.027434084992433338,higher rank -> more PD-like,0.0
ENSG00000089154,GCN1,7.876509352866621e-05,2841,0.1299443164362448,higher rank -> more PD-like,0.0
ENSG00000242247,ARFGAP3,7.870813021173501e-05,2842,0.013129155369453313,higher rank -> more PD-like,0.0
ENSG00000106351,AGFG2,7.870181813206565e-05,2843,0.031249999999998293,higher rank -> more PD-like,0.0
ENSG00000011451,WIZ,7.869461397933398e-05,2844,0.0007680491551458794,higher rank -> more PD-like,0.0
ENSG00000102038,SMARCA1,7.86926320465566e-05,2845,-0.06401286498234443,higher rank -> less PD-like,0.0
ENSG00000174628,IQCK,7.868415402196437e-05,2846,-0.0719094651245234,higher rank -> less PD-like,0.0
ENSG00000159228,CBR1,7.860681626627645e-05,2847,0.13004032258063805,higher rank -> more PD-like,0.0
ENSG00000104765,BNIP3L,7.859665968407901e-05,2848,-0.0938973897998264,higher rank -> less PD-like,0.0
ENSG00000105245,NUMBL,7.856462011262878e-05,2849,0.13887288786481572,higher rank -> more PD-like,0.0
ENSG00000166402,TUB,7.854094056203629e-05,2850,-0.2254224270353179,higher rank -> less PD-like,0.0
ENSG00000196504,PRPF40A,7.852110244645978e-05,2851,-0.09821428571428031,higher rank -> less PD-like,0.0
ENSG00000166454,ATMIN,7.849939605646046e-05,2852,-0.04008256528417598,higher rank -> less PD-like,0.0
ENSG00000166340,TPP1,7.849700928197817e-05,2853,0.156057987711205,higher rank -> more PD-like,0.0
ENSG00000125870,SNRPB2,7.847735999506914e-05,2854,-0.0497791858678928,higher rank -> less PD-like,0.0
ENSG00000007402,CACNA2D2,7.845587898604395e-05,2855,-0.293394777265729,higher rank -> less PD-like,0.0
ENSG00000140365,COMMD4,7.845223926257155e-05,2856,-0.0446908602150513,higher rank -> less PD-like,0.0
ENSG00000079308,TNS1,7.844343247338974e-05,2857,-0.05112327188939813,higher rank -> less PD-like,0.0
ENSG00000126756,UXT,7.843694911333796e-05,2858,0.022610261040755766,higher rank -> more PD-like,0.0
ENSG00000136237,RAPGEF5,7.841951117506039e-05,2859,0.00043202764976957075,higher rank -> more PD-like,0.0
ENSG00000153815,CMIP,7.841813096656429e-05,2860,-0.016321044546850114,higher rank -> less PD-like,0.0
ENSG00000137942,FNBP1L,7.840011171202366e-05,2861,0.090341781874035,higher rank -> more PD-like,0.0
ENSG00000185904,LINC00839,7.839744228206968e-05,2862,0.06485215053763085,higher rank -> more PD-like,0.0
ENSG00000117335,CD46,7.838531134639067e-05,2863,-0.172139016897072,higher rank -> less PD-like,0.0
ENSG00000170515,PA2G4,7.83778105094503e-05,2864,0.134312596006137,higher rank -> more PD-like,0.0
ENSG00000134909,ARHGAP32,7.836978708931422e-05,2865,0.21524577572963488,higher rank -> more PD-like,0.0
ENSG00000155660,PDIA4,7.83632270732591e-05,2866,0.2869418075980231,higher rank -> more PD-like,0.0
ENSG00000099817,POLR2E,7.835655836773869e-05,2867,-0.08779867270544277,higher rank -> less PD-like,0.0
ENSG00000244405,ETV5,7.833355362477874e-05,2868,0.2577284946236418,higher rank -> more PD-like,0.0
ENSG00000184916,JAG2,7.833119838653857e-05,2869,-0.1585061443932325,higher rank -> less PD-like,0.0
ENSG00000114646,CSPG5,7.831557974029238e-05,2870,0.06033986175114876,higher rank -> more PD-like,0.0
ENSG00000177646,ACAD9,7.830331875850792e-05,2871,-0.029089861751150487,higher rank -> less PD-like,0.0
ENSG00000182307,C8orf33,7.829438058323724e-05,2872,-0.24745583717356553,higher rank -> less PD-like,0.0
ENSG00000181163,NPM1,7.829429528064346e-05,2873,0.0001680127689825377,higher rank -> more PD-like,0.0
ENSG00000171033,PKIA,7.828347153050415e-05,2874,0.22616918887462747,higher rank -> more PD-like,0.0
ENSG00000054965,FAM168A,7.826418903399815e-05,2875,-0.15692204301074397,higher rank -> less PD-like,0.0
ENSG00000121900,TMEM54,7.824693652601816e-05,2876,0.15353966902589325,higher rank -> more PD-like,0.0
ENSG00000103994,ZNF106,7.824118021031679e-05,2877,0.11371927803378792,higher rank -> more PD-like,0.0
ENSG00000023287,RB1CC1,7.823556639335198e-05,2878,0.058036410771394355,higher rank -> more PD-like,0.0
ENSG00000135119,RNFT2,7.820923196483735e-05,2879,0.18913437422604948,higher rank -> more PD-like,0.0
ENSG00000102316,MAGED2,7.820408998130073e-05,2880,0.12893625192011582,higher rank -> more PD-like,0.0
ENSG00000050426,LETMD1,7.819544233105287e-05,2881,-0.21462431146311353,higher rank -> less PD-like,0.0
ENSG00000085274,MYNN,7.817784671078384e-05,2882,-0.1201291298225099,higher rank -> less PD-like,0.0
ENSG00000133104,SPART,7.815393404668797e-05,2883,0.07195660522273031,higher rank -> more PD-like,0.0
ENSG00000102024,PLS3,7.814940936456034e-05,2884,0.23564708141319754,higher rank -> more PD-like,0.0
ENSG00000177000,MTHFR,7.813384407582896e-05,2885,0.1622503840245687,higher rank -> more PD-like,0.0
ENSG00000182771,GRID1,7.812891413843951e-05,2886,-0.07798192663203488,higher rank -> less PD-like,0.0
ENSG00000073008,PVR,7.812163842629042e-05,2887,-0.08366935483870512,higher rank -> less PD-like,0.0
ENSG00000154917,RAB6B,7.811321772207518e-05,2888,-0.011088709677418773,higher rank -> less PD-like,0.0
ENSG00000113580,NR3C1,7.809667354150982e-05,2889,0.07670890937019548,higher rank -> more PD-like,0.0
ENSG00000163995,ABLIM2,7.808027246153319e-05,2890,0.05193932411674063,higher rank -> more PD-like,0.0
ENSG00000152061,RABGAP1L,7.80426250163464e-05,2891,-0.2320736376131564,higher rank -> less PD-like,0.0
ENSG00000017260,ATP2C1,7.802655104030943e-05,2892,0.17842741935482898,higher rank -> more PD-like,0.0
ENSG00000198932,GPRASP1,7.801003507233235e-05,2893,0.004560291858678737,higher rank -> more PD-like,0.0
ENSG00000198742,SMURF1,7.798870870982002e-05,2894,-0.09634216589861226,higher rank -> less PD-like,0.0
ENSG00000184887,BTBD6,7.797480054083516e-05,2895,-0.003600230414746362,higher rank -> less PD-like,0.0
ENSG00000076321,KLHL20,7.793529324190868e-05,2896,-0.023329493087556347,higher rank -> less PD-like,0.0
ENSG00000184014,DENND5A,7.792308731930266e-05,2897,0.1834677419354738,higher rank -> more PD-like,0.0
ENSG00000169967,MAP3K2,7.791129728651015e-05,2898,0.009552840652728357,higher rank -> more PD-like,0.0
ENSG00000088930,XRN2,7.790716491193965e-05,2899,0.052563994867391904,higher rank -> more PD-like,0.0
ENSG00000170906,NDUFA3,7.790687221110686e-05,2900,0.16642665130567444,higher rank -> more PD-like,0.0
ENSG00000159086,PAXBP1,7.788191984610424e-05,2901,0.19556686309566637,higher rank -> more PD-like,0.0
ENSG00000196376,SLC35F1,7.786631026513437e-05,2902,-0.0879896313364007,higher rank -> less PD-like,0.0
ENSG00000183723,CMTM4,7.785606557946962e-05,2903,-0.056163594470042995,higher rank -> less PD-like,0.0
ENSG00000120162,MOB3B,7.785510443027697e-05,2904,0.006384408602150176,higher rank -> more PD-like,0.0
ENSG00000160058,BSDC1,7.784457942113302e-05,2905,0.23036674347156952,higher rank -> more PD-like,0.0
ENSG00000084070,SMAP2,7.784282318461778e-05,2906,-0.10138248847925711,higher rank -> less PD-like,0.0
ENSG00000141741,MIEN1,7.781856904873967e-05,2907,0.03461021505376153,higher rank -> more PD-like,0.0
ENSG00000068796,KIF2A,7.781351129262268e-05,2908,-0.036578341013822874,higher rank -> less PD-like,0.0
ENSG00000186501,TMEM222,7.779760816373998e-05,2909,-0.20622119815667073,higher rank -> less PD-like,0.0
ENSG00000119203,CPSF3,7.778321384295757e-05,2910,-0.16714669738862373,higher rank -> less PD-like,0.0
ENSG00000109956,B3GAT1,7.777248473584765e-05,2911,-0.04958717357910634,higher rank -> less PD-like,0.0
ENSG00000090020,SLC9A1,7.776473471417837e-05,2912,-0.14981758832564465,higher rank -> less PD-like,0.0
ENSG00000101782,RIOK3,7.776178560505864e-05,2913,-0.11611943164361886,higher rank -> less PD-like,0.0
ENSG00000162604,TM2D1,7.775941934439116e-05,2914,-0.23838325652840475,higher rank -> less PD-like,0.0
ENSG00000239305,RNF103,7.775560901322103e-05,2915,-0.13455261136712013,higher rank -> less PD-like,0.0
ENSG00000247556,OIP5-AS1,7.773879005558448e-05,2916,-0.0029761904761902887,higher rank -> less PD-like,0.0
ENSG00000078687,TNRC6C,7.773222582977797e-05,2917,0.13537028815163948,higher rank -> more PD-like,0.0
ENSG00000124795,DEK,7.772955412284125e-05,2918,0.05693164362518891,higher rank -> more PD-like,0.0
ENSG00000113240,CLK4,7.772720936930179e-05,2919,0.22566244239630096,higher rank -> more PD-like,0.0
ENSG00000243943,ZNF512,7.771620907896062e-05,2920,-0.18591589861750135,higher rank -> less PD-like,0.0
ENSG00000073910,FRY,7.768879587022199e-05,2921,0.17439516129031307,higher rank -> more PD-like,0.0
ENSG00000198642,KLHL9,7.766652858958257e-05,2922,-0.009216589861750646,higher rank -> less PD-like,0.0
ENSG00000141959,PFKL,7.765046765385685e-05,2923,-0.17473118279568933,higher rank -> less PD-like,0.0
ENSG00000144040,SFXN5,7.76358595227627e-05,2924,-0.17324308755759416,higher rank -> less PD-like,0.0
ENSG00000124422,USP22,7.763493140197511e-05,2925,0.06281277377532635,higher rank -> more PD-like,0.0
ENSG00000128487,SPECC1,7.76306370253805e-05,2926,-0.16633463749599914,higher rank -> less PD-like,0.0
ENSG00000164080,RAD54L2,7.757916669088298e-05,2927,-0.16225038402456868,higher rank -> less PD-like,0.0
ENSG00000155096,AZIN1,7.757760332741944e-05,2928,-0.09759024577572431,higher rank -> less PD-like,0.0
ENSG00000234456,MAGI2-AS3,7.757167556371886e-05,2929,-0.07368471582180854,higher rank -> less PD-like,0.04
ENSG00000100380,ST13,7.75581683846413e-05,2930,0.2006336558194887,higher rank -> more PD-like,0.0
ENSG00000176222,ZNF404,7.755575298559406e-05,2931,-0.030386309361697793,higher rank -> less PD-like,0.0
ENSG00000118058,KMT2A,7.755459324419897e-05,2932,0.03732283653826231,higher rank -> more PD-like,0.0
ENSG00000197063,MAFG,7.754757610775752e-05,2933,0.22398771098306838,higher rank -> more PD-like,0.0
ENSG00000119523,ALG2,7.749377416036111e-05,2934,0.15629800307218805,higher rank -> more PD-like,0.0
ENSG00000100983,GSS,7.748153397770535e-05,2935,-0.33002508192997215,higher rank -> less PD-like,0.0
ENSG00000135387,CAPRIN1,7.747514799524316e-05,2936,0.04387480798770879,higher rank -> more PD-like,0.0
ENSG00000137285,TUBB2B,7.746960659535248e-05,2937,-0.05061984711202262,higher rank -> less PD-like,0.0
ENSG00000132879,FBXO44,7.746734203193932e-05,2938,0.17660542202478077,higher rank -> more PD-like,0.0
ENSG00000062650,WAPL,7.745146096099189e-05,2939,-0.0971102150537581,higher rank -> less PD-like,0.0
ENSG00000166925,TSC22D4,7.743427548498967e-05,2940,-0.015337165625691087,higher rank -> less PD-like,0.0
ENSG00000169116,PARM1,7.74008695499543e-05,2941,0.16801075268816287,higher rank -> more PD-like,0.0
ENSG00000174943,KCTD13,7.739224891137405e-05,2942,0.06653225806451249,higher rank -> more PD-like,0.0
ENSG00000184524,CEND1,7.736582637331025e-05,2943,0.09144585253455718,higher rank -> more PD-like,0.0
ENSG00000154127,UBASH3B,7.733259751618293e-05,2944,0.009312596006143889,higher rank -> more PD-like,0.0
ENSG00000111144,LTA4H,7.73279894138856e-05,2945,-0.1093990015360923,higher rank -> less PD-like,0.0
ENSG00000167113,COQ4,7.730586831685553e-05,2946,0.06742112401027577,higher rank -> more PD-like,0.0
ENSG00000130559,CAMSAP1,7.729155677454344e-05,2947,0.07798192663203486,higher rank -> more PD-like,0.0
ENSG00000204104,TRAF3IP1,7.728775182144739e-05,2948,-0.10174495358521506,higher rank -> less PD-like,0.0
ENSG00000161011,SQSTM1,7.72825151493515e-05,2949,0.08059715821812155,higher rank -> more PD-like,0.0
ENSG00000135486,HNRNPA1,7.727484560731833e-05,2950,0.13071236559139074,higher rank -> more PD-like,0.0
ENSG00000068323,TFE3,7.726396227318451e-05,2951,0.036818356374806,higher rank -> more PD-like,0.0
ENSG00000197746,PSAP,7.723712582795169e-05,2952,0.0578930946089971,higher rank -> more PD-like,0.0
ENSG00000151746,BICD1,7.720884379352854e-05,2953,0.05664362519200918,higher rank -> more PD-like,0.0
ENSG00000163754,GYG1,7.720341441531433e-05,2954,-0.13191244239630615,higher rank -> less PD-like,0.0
ENSG00000198046,ZNF667,7.719380044966185e-05,2955,-0.17247503840244824,higher rank -> less PD-like,0.0
ENSG00000035115,SH3YL1,7.718119995624176e-05,2956,0.09144585253455727,higher rank -> more PD-like,0.0
ENSG00000156599,ZDHHC5,7.714658884341249e-05,2957,-0.10810291858678364,higher rank -> less PD-like,0.0
ENSG00000103051,COG4,7.713335630172588e-05,2958,0.04901113671274695,higher rank -> more PD-like,0.04
ENSG00000188580,NKAIN2,7.712424894491162e-05,2959,0.11290322580644539,higher rank -> more PD-like,0.0
ENSG00000240230,COX19,7.711465532635876e-05,2960,0.17050691244238692,higher rank -> more PD-like,0.04
ENSG00000160991,ORAI2,7.710339642465007e-05,2961,0.1838997695852434,higher rank -> more PD-like,0.0
ENSG00000114904,NEK4,7.707334440962388e-05,2962,-0.1000384024577518,higher rank -> less PD-like,0.0
ENSG00000155886,SLC24A2,7.706248940070598e-05,2963,0.19153225806450563,higher rank -> more PD-like,0.0
ENSG00000116649,SRM,7.70440362156234e-05,2964,-0.04497887864823102,higher rank -> less PD-like,0.0
ENSG00000158435,CNOT11,7.70086652485073e-05,2965,0.17624962507671918,higher rank -> more PD-like,0.0
ENSG00000132740,IGHMBP2,7.700673902866562e-05,2966,0.023617511520736035,higher rank -> more PD-like,0.0
ENSG00000185008,ROBO2,7.699541955277664e-05,2967,-0.009216589861750628,higher rank -> less PD-like,0.0
ENSG00000163032,VSNL1,7.695396381662199e-05,2968,-0.07166858678955061,higher rank -> less PD-like,0.0
ENSG00000100711,ZFYVE21,7.69530010055361e-05,2969,0.17535732716948194,higher rank -> more PD-like,0.0
ENSG00000101150,TPD52L2,7.693660687255931e-05,2970,0.0489151305683537,higher rank -> more PD-like,0.0
ENSG00000074603,DPP8,7.688415104668573e-05,2971,-0.08870967741935,higher rank -> less PD-like,0.0
ENSG00000165029,ABCA1,7.688239338207689e-05,2972,0.10143049155145373,higher rank -> more PD-like,0.0
ENSG00000169223,LMAN2,7.686055897074548e-05,2973,-0.030602325778961065,higher rank -> less PD-like,0.0
ENSG00000109832,DDX25,7.685919128181144e-05,2974,-0.25326420890935636,higher rank -> less PD-like,0.0
ENSG00000132128,LRRC41,7.684740357878984e-05,2975,0.03341013824884612,higher rank -> more PD-like,0.04
ENSG00000164051,CCDC51,7.683946582179025e-05,2976,0.029761904761903137,higher rank -> more PD-like,0.0
ENSG00000126934,MAP2K2,7.68249058404783e-05,2977,-0.06533218125959701,higher rank -> less PD-like,0.0
ENSG00000136026,CKAP4,7.682371972550656e-05,2978,-0.10407066052226775,higher rank -> less PD-like,0.0
ENSG00000180370,PAK2,7.681683037439909e-05,2979,0.09903152640313202,higher rank -> more PD-like,0.0
ENSG00000186660,ZFP91,7.680948777357122e-05,2980,-0.04615550782191539,higher rank -> less PD-like,0.0
ENSG00000101654,RNMT,7.680732074258681e-05,2981,-0.18356374807986703,higher rank -> less PD-like,0.0
ENSG00000196233,LCOR,7.678609824432682e-05,2982,0.2324816686235426,higher rank -> more PD-like,0.0
ENSG00000140367,UBE2Q2,7.675782219193633e-05,2983,0.011472734254991686,higher rank -> more PD-like,0.0
ENSG00000196440,ARMCX4,7.675772255389936e-05,2984,-0.116599462365585,higher rank -> less PD-like,0.0
ENSG00000141837,CACNA1A,7.672719495794501e-05,2985,0.2489919354838573,higher rank -> more PD-like,0.0
ENSG00000172586,CHCHD1,7.66643628006138e-05,2986,-0.1433851766512978,higher rank -> less PD-like,0.0
ENSG00000204175,GPRIN2,7.664587076515632e-05,2987,0.310031562421051,higher rank -> more PD-like,0.04
ENSG00000151612,ZNF827,7.66350760458508e-05,2988,0.1330901148583052,higher rank -> more PD-like,0.0
ENSG00000136531,SCN2A,7.663418280977886e-05,2989,-0.10620807182110012,higher rank -> less PD-like,0.0
ENSG00000134453,RBM17,7.660233965986806e-05,2990,0.21464831328725392,higher rank -> more PD-like,0.0
ENSG00000117411,B4GALT2,7.659756226564253e-05,2991,-0.05280337941627977,higher rank -> less PD-like,0.0
ENSG00000055130,CUL1,7.659128121035926e-05,2992,-0.1374327956989172,higher rank -> less PD-like,0.0
ENSG00000125827,TMX4,7.656892186054125e-05,2993,0.11871159754223622,higher rank -> more PD-like,0.0
ENSG00000125875,TBC1D20,7.656026736561425e-05,2994,0.12495349647472254,higher rank -> more PD-like,0.0
ENSG00000115993,TRAK2,7.655612885889166e-05,2995,-0.06475614439323762,higher rank -> less PD-like,0.0
ENSG00000159459,UBR1,7.654449823502486e-05,2996,0.011424731182795083,higher rank -> more PD-like,0.0
ENSG00000124198,ARFGEF2,7.654344352591767e-05,2997,-0.24447964669737524,higher rank -> less PD-like,0.0
ENSG00000112658,SRF,7.654332081941405e-05,2998,0.013873054353129036,higher rank -> more PD-like,0.0
ENSG00000138074,SLC5A6,7.654107700700034e-05,2999,-0.1024865591397793,higher rank -> less PD-like,0.0
ENSG00000167112,TRUB2,7.652663758025829e-05,3000,0.03597873438640204,higher rank -> more PD-like,0.0
ENSG00000166847,DCTN5,7.652508011102849e-05,3001,-0.20300742857917858,higher rank -> less PD-like,0.0
ENSG00000145916,RMND5B,7.649233915532263e-05,3002,-0.1911482334869327,higher rank -> less PD-like,0.0
ENSG00000160688,FLAD1,7.649201208415186e-05,3003,0.02668970814131959,higher rank -> more PD-like,0.0
ENSG00000112290,WASF1,7.648140987111879e-05,3004,0.13359575646504057,higher rank -> more PD-like,0.0
ENSG00000102910,LONP2,7.648075366604025e-05,3005,0.08379036807400236,higher rank -> more PD-like,0.0
ENSG00000073464,CLCN4,7.646676245603094e-05,3006,-0.06955645161289943,higher rank -> less PD-like,0.0
ENSG00000206418,RAB12,7.646535218307878e-05,3007,0.09334309408186632,higher rank -> more PD-like,0.0
ENSG00000048392,RRM2B,7.645821157180194e-05,3008,0.20612519201227752,higher rank -> more PD-like,0.0
ENSG00000163214,DHX57,7.644803194268948e-05,3009,-0.04613095238094985,higher rank -> less PD-like,0.0
ENSG00000100815,TRIP11,7.642806935652525e-05,3010,-0.00883267128365305,higher rank -> less PD-like,0.0
ENSG00000175874,CREG2,7.641463975346203e-05,3011,0.020497311827955913,higher rank -> more PD-like,0.0
ENSG00000185825,BCAP31,7.640400408620075e-05,3012,0.03854692956942078,higher rank -> more PD-like,0.0
ENSG00000247077,PGAM5,7.637582656436529e-05,3013,0.009888751545828979,higher rank -> more PD-like,0.0
ENSG00000100353,EIF3D,7.63723516958068e-05,3014,-0.08736559139784467,higher rank -> less PD-like,0.0
ENSG00000116698,SMG7,7.63446802194772e-05,3015,0.12413594470045404,higher rank -> more PD-like,0.0
ENSG00000105438,KDELR1,7.633529191282046e-05,3016,-0.15980414512652763,higher rank -> less PD-like,0.0
ENSG00000058600,POLR3E,7.633164562721743e-05,3017,-0.10527073732718314,higher rank -> less PD-like,0.0
ENSG00000114650,SCAP,7.631348680110351e-05,3018,0.07574884792626316,higher rank -> more PD-like,0.0
ENSG00000113621,TXNDC15,7.629927012146717e-05,3019,-0.16354646697387734,higher rank -> less PD-like,0.0
ENSG00000182628,SKA2,7.628924865015178e-05,3020,0.08688556067587848,higher rank -> more PD-like,0.0
ENSG00000166012,TAF1D,7.627114070920053e-05,3021,-0.03926651305683347,higher rank -> less PD-like,0.0
ENSG00000205629,LCMT1,7.620726270599414e-05,3022,-0.06245199692779998,higher rank -> less PD-like,0.0
ENSG00000152332,UHMK1,7.617463703793763e-05,3023,0.016177035330260207,higher rank -> more PD-like,0.0
ENSG00000066455,GOLGA5,7.61574724116055e-05,3024,0.010128769787232587,higher rank -> more PD-like,0.0
ENSG00000148229,POLE3,7.615530447328086e-05,3025,0.08952572964669249,higher rank -> more PD-like,0.0
ENSG00000169032,MAP2K1,7.615168456200324e-05,3026,-0.0802140962770885,higher rank -> less PD-like,0.0
ENSG00000214944,ARHGEF28,7.614648679218406e-05,3027,0.10920698924730583,higher rank -> more PD-like,0.0
ENSG00000115806,GORASP2,7.61319534149641e-05,3028,0.032834495424014676,higher rank -> more PD-like,0.0
ENSG00000110237,ARHGEF17,7.611557755475906e-05,3029,-0.2005352406927213,higher rank -> less PD-like,0.0
ENSG00000087087,SRRT,7.60893596125317e-05,3030,0.08971774193547898,higher rank -> more PD-like,0.0
ENSG00000056998,GYG2,7.608121160427613e-05,3031,-0.1630923950337572,higher rank -> less PD-like,0.0
ENSG00000165338,HECTD2,7.607780399499308e-05,3032,0.02702572964669592,higher rank -> more PD-like,0.0
ENSG00000134982,APC,7.604151650220145e-05,3033,-0.019009444719166425,higher rank -> less PD-like,0.0
ENSG00000178950,GAK,7.602917056741201e-05,3034,-0.19302035330260078,higher rank -> less PD-like,0.0
ENSG00000143543,JTB,7.595259242200992e-05,3035,0.18025153609830039,higher rank -> more PD-like,0.0
ENSG00000057663,ATG5,7.595254564116315e-05,3036,0.0957181259600562,higher rank -> more PD-like,0.0
ENSG00000198856,OSTC,7.594402185826902e-05,3037,0.02078533026113559,higher rank -> more PD-like,0.0
ENSG00000151502,VPS26B,7.594282382472399e-05,3038,-0.05371543778801553,higher rank -> less PD-like,0.0
ENSG00000108588,CCDC47,7.593740629385156e-05,3039,-0.0012480798771120699,higher rank -> less PD-like,0.0
ENSG00000146067,FAM193B,7.59270594365137e-05,3040,0.11007104454684498,higher rank -> more PD-like,0.04
ENSG00000011485,PPP5C,7.591631937901502e-05,3041,-0.06634024577572602,higher rank -> less PD-like,0.0
ENSG00000016864,GLT8D1,7.590888866028599e-05,3042,-0.012240783410137578,higher rank -> less PD-like,0.0
ENSG00000215717,TMEM167B,7.589605606023177e-05,3043,-0.3520545314899961,higher rank -> less PD-like,0.0
ENSG00000075975,MKRN2,7.5893227712676e-05,3044,0.023882101631820973,higher rank -> more PD-like,0.0
ENSG00000071189,SNX13,7.588930222157564e-05,3045,-0.1655145929339387,higher rank -> less PD-like,0.0
ENSG00000085733,CTTN,7.587080953865207e-05,3046,-0.22031274378437926,higher rank -> less PD-like,0.0
ENSG00000164062,APEH,7.58583896168437e-05,3047,0.021601641726325466,higher rank -> more PD-like,0.0
ENSG00000107902,LHPP,7.584279798618796e-05,3048,-0.052227342549920355,higher rank -> less PD-like,0.0
ENSG00000184432,COPB2,7.582848939619176e-05,3049,-0.19995919691335265,higher rank -> less PD-like,0.0
ENSG00000205659,LIN52,7.582286450860992e-05,3050,-0.07685291858678531,higher rank -> less PD-like,0.0
ENSG00000095139,ARCN1,7.580846944060937e-05,3051,-0.27880184331795704,higher rank -> less PD-like,0.0
ENSG00000124006,OBSL1,7.580634781816073e-05,3052,-0.006912525352424152,higher rank -> less PD-like,0.0
ENSG00000158623,COPG2,7.579227616853392e-05,3053,0.15509792626727262,higher rank -> more PD-like,0.0
ENSG00000182117,NOP10,7.578805504416179e-05,3054,0.09651249312718793,higher rank -> more PD-like,0.0
ENSG00000100422,CERK,7.578675218731304e-05,3055,-0.03350614439323932,higher rank -> less PD-like,0.0
ENSG00000127585,FBXL16,7.577793811604436e-05,3056,-0.19019273701562722,higher rank -> less PD-like,0.0
ENSG00000183495,EP400,7.577353146308572e-05,3057,0.265120967741921,higher rank -> more PD-like,0.04
ENSG00000081026,MAGI3,7.576084956517635e-05,3058,-0.16722070878589937,higher rank -> less PD-like,0.0
ENSG00000124243,BCAS4,7.574696392872261e-05,3059,0.2701132872503692,higher rank -> more PD-like,0.0
ENSG00000055332,EIF2AK2,7.572113355944322e-05,3060,0.4032258064515908,higher rank -> more PD-like,0.0
ENSG00000162433,AK4,7.571811570825745e-05,3061,-0.020785330261135587,higher rank -> less PD-like,0.0
ENSG00000149657,LSM14B,7.571486351252941e-05,3062,-0.09286305759905907,higher rank -> less PD-like,0.0
ENSG00000137817,PARP6,7.571406866326603e-05,3063,-0.167798766339759,higher rank -> less PD-like,0.0
ENSG00000108852,MPP2,7.568555872248477e-05,3064,-0.11890646380305626,higher rank -> less PD-like,0.0
ENSG00000135974,C2orf49,7.568251761181512e-05,3065,-0.06869322068971491,higher rank -> less PD-like,0.0
ENSG00000115464,USP34,7.565649529005781e-05,3066,0.07025333925883841,higher rank -> more PD-like,0.04
ENSG00000077312,SNRPA,7.563396706681237e-05,3067,-0.018433179723501288,higher rank -> less PD-like,0.0
ENSG00000164061,BSN,7.562733559570487e-05,3068,-0.05534820646767389,higher rank -> less PD-like,0.0
ENSG00000218739,CEBPZOS,7.560968377373905e-05,3069,0.010128648233486408,higher rank -> more PD-like,0.0
ENSG00000139436,GIT2,7.560966105163883e-05,3070,-0.039890552995389544,higher rank -> less PD-like,0.0
ENSG00000152092,ASTN1,7.559893965404392e-05,3071,-0.267617127496145,higher rank -> less PD-like,0.0
ENSG00000155511,GRIA1,7.559803797552632e-05,3072,-0.16717270513761864,higher rank -> less PD-like,0.0
ENSG00000086102,NFX1,7.558272245101163e-05,3073,-0.03057795698924562,higher rank -> less PD-like,0.0
ENSG00000176340,COX8A,7.558154799874777e-05,3074,0.1452830415216088,higher rank -> more PD-like,0.0
ENSG00000035403,VCL,7.557080167246234e-05,3075,0.19186827956988195,higher rank -> more PD-like,0.0
ENSG00000152404,CWF19L2,7.554875877345965e-05,3076,0.29270224539170986,higher rank -> more PD-like,0.04
ENSG00000198301,SDAD1,7.55423233992161e-05,3077,0.13834485407065292,higher rank -> more PD-like,0.0
ENSG00000213465,ARL2,7.554193991348046e-05,3078,-0.036914362519199204,higher rank -> less PD-like,0.0
ENSG00000132912,DCTN4,7.553860970129159e-05,3079,-0.0043202764976956135,higher rank -> less PD-like,0.0
ENSG00000165632,TAF3,7.553369214408769e-05,3080,0.22585445468508744,higher rank -> more PD-like,0.0
ENSG00000120727,PAIP2,7.552799204619279e-05,3081,-0.211336061555884,higher rank -> less PD-like,0.0
ENSG00000124104,SNX21,7.551329333755479e-05,3082,-0.037298387096772176,higher rank -> less PD-like,0.0
ENSG00000107104,KANK1,7.55100288992156e-05,3083,0.06413210445468155,higher rank -> more PD-like,0.0
ENSG00000125534,PPDPF,7.550738159514645e-05,3084,0.0018721198156680936,higher rank -> more PD-like,0.04
ENSG00000114279,FGF12,7.549884197869982e-05,3085,-0.09010284782291748,higher rank -> less PD-like,0.0
ENSG00000171720,HDAC3,7.549153247412821e-05,3086,-0.012576804915513932,higher rank -> less PD-like,0.0
ENSG00000146005,PSD2,7.547235078766598e-05,3087,0.024817588325651497,higher rank -> more PD-like,0.0
ENSG00000080819,CPOX,7.544990277835843e-05,3088,0.1548579109062895,higher rank -> more PD-like,0.0
ENSG00000163013,FBXO41,7.544710550082266e-05,3089,0.11031105990782808,higher rank -> more PD-like,0.0
ENSG00000130733,YIPF2,7.543576724712884e-05,3090,-0.07685291858678538,higher rank -> less PD-like,0.0
ENSG00000076108,BAZ2A,7.5431761428033e-05,3091,0.02714606310274899,higher rank -> more PD-like,0.0
ENSG00000180228,PRKRA,7.541794062162065e-05,3092,-0.07344470046082549,higher rank -> less PD-like,0.0
ENSG00000185049,NELFA,7.540956363325885e-05,3093,-0.07282066052226945,higher rank -> less PD-like,0.0
ENSG00000134186,PRPF38B,7.540944624729707e-05,3094,0.12272132682966888,higher rank -> more PD-like,0.0
ENSG00000123684,LPGAT1,7.538184679080322e-05,3095,-0.2641609062979886,higher rank -> less PD-like,0.0
ENSG00000159692,CTBP1,7.537372683645962e-05,3096,0.10464795325197664,higher rank -> more PD-like,0.0
ENSG00000116497,S100PBP,7.537293446330263e-05,3097,0.02073732718893897,higher rank -> more PD-like,0.0
ENSG00000108231,LGI1,7.535764314500466e-05,3098,0.2853302611366971,higher rank -> more PD-like,0.0
ENSG00000138190,EXOC6,7.535142042155951e-05,3099,-0.14823348694315625,higher rank -> less PD-like,0.0
ENSG00000137502,RAB30,7.532800709126525e-05,3100,-0.049875192012286095,higher rank -> less PD-like,0.0
ENSG00000111640,GAPDH,7.532210671942663e-05,3101,0.09096582181259104,higher rank -> more PD-like,0.0
ENSG00000126351,THRA,7.532189054084675e-05,3102,0.18010752688171056,higher rank -> more PD-like,0.0
ENSG00000164117,FBXO8,7.529664192073534e-05,3103,-0.06636504374809984,higher rank -> less PD-like,0.0
ENSG00000165175,MID1IP1,7.528688196897796e-05,3104,-0.028417818740397834,higher rank -> less PD-like,0.0
ENSG00000035681,NSMAF,7.528131369367959e-05,3105,0.1187596006144328,higher rank -> more PD-like,0.0
ENSG00000126858,RHOT1,7.527605912657338e-05,3106,0.1420890937019891,higher rank -> more PD-like,0.0
ENSG00000117153,KLHL12,7.525383080029344e-05,3107,0.0765898208318939,higher rank -> more PD-like,0.0
ENSG00000204406,MBD5,7.523509306063824e-05,3108,0.11513675040131466,higher rank -> more PD-like,0.0
ENSG00000189227,C15orf61,7.52228772334852e-05,3109,0.07738095238094812,higher rank -> more PD-like,0.0
ENSG00000108298,RPL19,7.521445920872577e-05,3110,0.021889663616009792,higher rank -> more PD-like,0.0
ENSG00000104320,NBN,7.519837644260655e-05,3111,0.020017281105989704,higher rank -> more PD-like,0.0
ENSG00000188130,MAPK12,7.516825168149625e-05,3112,-0.06965245775729262,higher rank -> less PD-like,0.0
ENSG00000167323,STIM1,7.51680628354488e-05,3113,0.19779903274072008,higher rank -> more PD-like,0.0
ENSG00000176101,SSNA1,7.515778680666386e-05,3114,0.11199116743470967,higher rank -> more PD-like,0.0
ENSG00000145860,RNF145,7.514730395376566e-05,3115,0.14655337941627467,higher rank -> more PD-like,0.0
ENSG00000176595,KBTBD11,7.512634528894698e-05,3116,0.13508064516128296,higher rank -> more PD-like,0.0
ENSG00000168936,TMEM129,7.51234252848384e-05,3117,-0.2423675115207241,higher rank -> less PD-like,0.0
ENSG00000108406,DHX40,7.511344100225259e-05,3118,0.12576804915513903,higher rank -> more PD-like,0.0
ENSG00000132485,ZRANB2,7.511292929686417e-05,3119,-0.02440985515074774,higher rank -> less PD-like,0.0
ENSG00000069424,KCNAB2,7.510446557570037e-05,3120,0.21961405529952707,higher rank -> more PD-like,0.0
ENSG00000100796,PPP4R3A,7.508768160249119e-05,3121,0.11328725038401836,higher rank -> more PD-like,0.0
ENSG00000182902,SLC25A18,7.508502046508541e-05,3122,0.05282864893631949,higher rank -> more PD-like,0.0
ENSG00000165434,PGM2L1,7.508429634105518e-05,3123,0.07426075268816794,higher rank -> more PD-like,0.0
ENSG00000104635,SLC39A14,7.508106024159819e-05,3124,0.10565602986587183,higher rank -> more PD-like,0.0
ENSG00000198876,DCAF12,7.506777343149743e-05,3125,-0.0680683563748043,higher rank -> less PD-like,0.0
ENSG00000163053,SLC16A14,7.505058154255987e-05,3126,0.023857813195519426,higher rank -> more PD-like,0.0
ENSG00000129657,SEC14L1,7.504897520578665e-05,3127,0.05983654758192151,higher rank -> more PD-like,0.0
ENSG00000172534,HCFC1,7.500976510032533e-05,3128,0.032738095238093456,higher rank -> more PD-like,0.0
ENSG00000188690,UROS,7.498821211106255e-05,3129,-0.27376480614496457,higher rank -> less PD-like,0.0
ENSG00000145901,TNIP1,7.495397539718271e-05,3130,-0.17737135176650323,higher rank -> less PD-like,0.0
ENSG00000103257,SLC7A5,7.495327366221557e-05,3131,0.12960829493086848,higher rank -> more PD-like,0.0
ENSG00000113732,ATP6V0E1,7.494644057624311e-05,3132,0.25508832565282785,higher rank -> more PD-like,0.0
ENSG00000161267,BDH1,7.492824807334271e-05,3133,-0.017713133640552017,higher rank -> less PD-like,0.0
ENSG00000179598,PLD6,7.49268148592675e-05,3134,0.0892857142857094,higher rank -> more PD-like,0.0
ENSG00000187240,DYNC2H1,7.489976528632483e-05,3135,-0.16935483870966814,higher rank -> less PD-like,0.0
ENSG00000198105,ZNF248,7.489240451864856e-05,3136,0.16321044546850103,higher rank -> more PD-like,0.04
ENSG00000130024,PHF10,7.4880022519755e-05,3137,0.1707249751103922,higher rank -> more PD-like,0.0
ENSG00000122126,OCRL,7.487565152364763e-05,3138,-0.12658410138248152,higher rank -> less PD-like,0.0
ENSG00000177600,RPLP2,7.486121481716826e-05,3139,-0.008832565284177722,higher rank -> less PD-like,0.0
ENSG00000139324,TMTC3,7.485146662149477e-05,3140,-0.13215245775728923,higher rank -> less PD-like,0.0
ENSG00000163866,SMIM12,7.484375396751483e-05,3141,0.1040479076484676,higher rank -> more PD-like,0.0
ENSG00000172301,COPRS,7.48398947172052e-05,3142,0.06720591413979764,higher rank -> more PD-like,0.0
ENSG00000115524,SF3B1,7.48226443805744e-05,3143,0.13493663594469313,higher rank -> more PD-like,0.0
ENSG00000148926,ADM,7.481301209388418e-05,3144,-0.03076996927803211,higher rank -> less PD-like,0.0
ENSG00000153956,CACNA2D1,7.480088321726084e-05,3145,-0.16309239503375716,higher rank -> less PD-like,0.0
ENSG00000184402,SS18L1,7.47838516471611e-05,3146,-0.1799635176651207,higher rank -> less PD-like,0.0
ENSG00000149970,CNKSR2,7.476378450931748e-05,3147,-0.05793970814131784,higher rank -> less PD-like,0.0
ENSG00000114388,NPRL2,7.47066219922612e-05,3148,0.11021505376343482,higher rank -> more PD-like,0.0
ENSG00000198910,L1CAM,7.469368516219496e-05,3149,-0.01948924731182691,higher rank -> less PD-like,0.0
ENSG00000092199,HNRNPC,7.468881870593578e-05,3150,0.05181993831904074,higher rank -> more PD-like,0.0
ENSG00000025039,RRAGD,7.468588875310126e-05,3151,0.04617895545314648,higher rank -> more PD-like,0.0
ENSG00000109118,PHF12,7.468052266917546e-05,3152,0.1657546082949218,higher rank -> more PD-like,0.0
ENSG00000092108,SCFD1,7.467826022256933e-05,3153,-0.3234485821155131,higher rank -> less PD-like,0.0
ENSG00000148175,STOM,7.467755558958053e-05,3154,0.058611751152070506,higher rank -> more PD-like,0.0
ENSG00000040199,PHLPP2,7.466929435834441e-05,3155,-0.055059523809520755,higher rank -> less PD-like,0.0
ENSG00000197296,FITM2,7.46488367849518e-05,3156,-0.37474048030346585,higher rank -> less PD-like,0.0
ENSG00000145428,RNF175,7.460535699396992e-05,3157,0.06583700361701188,higher rank -> more PD-like,0.0
ENSG00000103035,PSMD7,7.459783662772037e-05,3158,-0.08688556067587849,higher rank -> less PD-like,0.0
ENSG00000196663,TECPR2,7.459301703003908e-05,3159,-0.23920217938284383,higher rank -> less PD-like,0.0
ENSG00000198648,STK39,7.456650162725631e-05,3160,-0.2706893241167286,higher rank -> less PD-like,0.0
ENSG00000089289,IGBP1,7.45614560154964e-05,3161,-0.06713310212059144,higher rank -> less PD-like,0.0
ENSG00000197111,PCBP2,7.454946118000913e-05,3162,-0.05611559139784637,higher rank -> less PD-like,0.0
ENSG00000197771,MCMBP,7.452582160187218e-05,3163,-0.0800211213517621,higher rank -> less PD-like,0.0
ENSG00000163156,SCNM1,7.451636680462186e-05,3164,-0.12183179723501635,higher rank -> less PD-like,0.0
ENSG00000178718,RPP25,7.451497089073224e-05,3165,0.0746447772657409,higher rank -> more PD-like,0.0
ENSG00000182400,TRAPPC6B,7.449070495773467e-05,3166,-0.3325492644310343,higher rank -> less PD-like,0.0
ENSG00000001460,STPG1,7.448596462753245e-05,3167,0.057075652841778714,higher rank -> more PD-like,0.0
ENSG00000061676,NCKAP1,7.448387260885961e-05,3168,-0.04099511563173761,higher rank -> less PD-like,0.0
ENSG00000100364,KIAA0930,7.447376453439507e-05,3169,0.23929531490014044,higher rank -> more PD-like,0.0
ENSG00000172466,ZNF24,7.446103077616707e-05,3170,0.1649865591397759,higher rank -> more PD-like,0.0
ENSG00000062716,VMP1,7.443240741796236e-05,3171,-0.22511310861245154,higher rank -> less PD-like,0.0
ENSG00000160959,LRRC14,7.442201763346885e-05,3172,-0.10863095238094639,higher rank -> less PD-like,0.0
ENSG00000142230,SAE1,7.439097723069363e-05,3173,-0.004608294930875322,higher rank -> less PD-like,0.0
ENSG00000197121,PGAP1,7.438842682517492e-05,3174,0.10085445468509434,higher rank -> more PD-like,0.0
ENSG00000165775,FUNDC2,7.437682135525508e-05,3175,0.2332949308755633,higher rank -> more PD-like,0.12
ENSG00000170113,NIPA1,7.437236502867257e-05,3176,-0.10277457757295905,higher rank -> less PD-like,0.0
ENSG00000257727,CNPY2,7.436126114658557e-05,3177,-0.04128264208909147,higher rank -> less PD-like,0.0
ENSG00000103496,STX4,7.435696121280739e-05,3178,0.23828725038401152,higher rank -> more PD-like,0.0
ENSG00000172757,CFL1,7.434896396465239e-05,3179,0.19777265745006592,higher rank -> more PD-like,0.0
ENSG00000115419,GLS,7.434719258942454e-05,3180,0.1616062213940205,higher rank -> more PD-like,0.0
ENSG00000126088,UROD,7.434490542795272e-05,3181,-0.269009216589847,higher rank -> less PD-like,0.0
ENSG00000112081,SRSF3,7.432170007942077e-05,3182,0.02645001020267848,higher rank -> more PD-like,0.0
ENSG00000134369,NAV1,7.431162405198335e-05,3183,-0.04284325609054547,higher rank -> less PD-like,0.0
ENSG00000163900,TMEM41A,7.430220953976903e-05,3184,-0.05400345622119521,higher rank -> less PD-like,0.0
ENSG00000166128,RAB8B,7.429955023068717e-05,3185,0.05625960061443628,higher rank -> more PD-like,0.0
ENSG00000124507,PACSIN1,7.429621739343848e-05,3186,0.07949308755759933,higher rank -> more PD-like,0.0
ENSG00000117533,VAMP4,7.428379249488084e-05,3187,-0.16335445468509088,higher rank -> less PD-like,0.0
ENSG00000116001,TIA1,7.427829750713644e-05,3188,-0.06660506198950343,higher rank -> less PD-like,0.0
ENSG00000121680,PEX16,7.423683546316393e-05,3189,-0.23891129032256755,higher rank -> less PD-like,0.0
ENSG00000137261,KIAA0319,7.423516698601637e-05,3190,-0.31768433179721767,higher rank -> less PD-like,0.0
ENSG00000261115,TMEM178B,7.422058906527127e-05,3191,-0.13292369732364256,higher rank -> less PD-like,0.0
ENSG00000114923,SLC4A3,7.421658180700456e-05,3192,-0.07104454685099458,higher rank -> less PD-like,0.0
ENSG00000179295,PTPN11,7.421490434508161e-05,3193,-0.052419354838706834,higher rank -> less PD-like,0.0
ENSG00000117174,ZNHIT6,7.419311802740472e-05,3194,0.133688556067581,higher rank -> more PD-like,0.04
ENSG00000109458,GAB1,7.41872597730739e-05,3195,0.11208717357910292,higher rank -> more PD-like,0.0
ENSG00000149231,CCDC82,7.418054650203103e-05,3196,-0.03864247311827747,higher rank -> less PD-like,0.0
ENSG00000106537,TSPAN13,7.41632347202673e-05,3197,0.2729934715821663,higher rank -> more PD-like,0.0
ENSG00000138162,TACC2,7.414243770547123e-05,3198,0.021841397849461163,higher rank -> more PD-like,0.0
ENSG00000079999,KEAP1,7.41408415015276e-05,3199,-0.20468509984637895,higher rank -> less PD-like,0.0
ENSG00000182606,TRAK1,7.413007757375602e-05,3200,-0.19489247311826888,higher rank -> less PD-like,0.0
ENSG00000105171,POP4,7.412489252577453e-05,3201,-0.05299539170506623,higher rank -> less PD-like,0.0
ENSG00000120802,TMPO,7.412279452050544e-05,3202,0.25331221198155296,higher rank -> more PD-like,0.0
ENSG00000151917,BEND6,7.411980690466129e-05,3203,0.06365207373271542,higher rank -> more PD-like,0.0
ENSG00000187231,SESTD1,7.411970830677733e-05,3204,0.04377880184331558,higher rank -> more PD-like,0.0
ENSG00000133142,TCEAL4,7.411122869656637e-05,3205,-0.18994815668201723,higher rank -> less PD-like,0.0
ENSG00000135299,ANKRD6,7.409320476538847e-05,3206,-0.10867895545314303,higher rank -> less PD-like,0.0
ENSG00000113282,CLINT1,7.408911633696013e-05,3207,0.26022465437786596,higher rank -> more PD-like,0.0
ENSG00000104884,ERCC2,7.40872134215034e-05,3208,0.06370007680491202,higher rank -> more PD-like,0.0
ENSG00000124444,ZNF576,7.40573989684665e-05,3209,-0.29277073732717285,higher rank -> less PD-like,0.0
ENSG00000175198,PCCA,7.404175258771733e-05,3210,0.04656353883230152,higher rank -> more PD-like,0.0
ENSG00000135636,DYSF,7.404146852544766e-05,3211,-0.06720430107526515,higher rank -> less PD-like,0.0
ENSG00000167972,ABCA3,7.403322538140328e-05,3212,-0.1889880952380849,higher rank -> less PD-like,0.0
ENSG00000152795,HNRNPDL,7.400581721822117e-05,3213,0.012672811059907136,higher rank -> more PD-like,0.0
ENSG00000148444,COMMD3,7.399513668721326e-05,3214,-0.163594470046074,higher rank -> less PD-like,0.0
ENSG00000155957,TMBIM4,7.397925277675582e-05,3215,0.016705069124423055,higher rank -> more PD-like,0.0
ENSG00000048707,VPS13D,7.397799581755218e-05,3216,-0.08938172043010262,higher rank -> less PD-like,0.0
ENSG00000103005,USB1,7.396339773295051e-05,3217,-0.04416282642088854,higher rank -> less PD-like,0.0
ENSG00000203485,INF2,7.396324912658359e-05,3218,-0.07262864823348296,higher rank -> less PD-like,0.0
ENSG00000166272,WBP1L,7.3949064683291e-05,3219,-0.025729646697387212,higher rank -> less PD-like,0.0
ENSG00000163159,VPS72,7.394203124151543e-05,3220,-0.021553379416281465,higher rank -> less PD-like,0.0
ENSG00000111361,EIF2B1,7.392651338143689e-05,3221,0.05222734254992033,higher rank -> more PD-like,0.0
ENSG00000164638,SLC29A4,7.392152464786165e-05,3222,0.22983870967740674,higher rank -> more PD-like,0.0
ENSG00000104852,SNRNP70,7.390363458312987e-05,3223,0.056451612903222675,higher rank -> more PD-like,0.0
ENSG00000167632,TRAPPC9,7.389284580540493e-05,3224,-0.24447964669737524,higher rank -> less PD-like,0.0
ENSG00000137486,ARRB1,7.388589603326671e-05,3225,-0.07834101382488054,higher rank -> less PD-like,0.0
ENSG00000130363,RSPH3,7.38854448168448e-05,3226,-0.0406586021505354,higher rank -> less PD-like,0.0
ENSG00000138031,ADCY3,7.386607509797871e-05,3227,-0.11895161290321926,higher rank -> less PD-like,0.0
ENSG00000143761,ARF1,7.386367211593865e-05,3228,-0.020401305683562625,higher rank -> less PD-like,0.0
ENSG00000182903,ZNF721,7.385010040949062e-05,3229,0.059908553054342596,higher rank -> more PD-like,0.0
ENSG00000136295,TTYH3,7.383741659359106e-05,3230,-0.1623943932411585,higher rank -> less PD-like,0.0
ENSG00000163618,CADPS,7.380623577595332e-05,3231,0.12876978651304008,higher rank -> more PD-like,0.0
ENSG00000125633,CCDC93,7.380535536095968e-05,3232,0.16196236559138896,higher rank -> more PD-like,0.0
ENSG00000101608,MYL12A,7.375457337431561e-05,3233,0.177685504111097,higher rank -> more PD-like,0.0
ENSG00000136717,BIN1,7.374259144790397e-05,3234,-0.028417818740397838,higher rank -> less PD-like,0.0
ENSG00000136159,NUDT15,7.374011170463756e-05,3235,-0.030674331251382178,higher rank -> less PD-like,0.0
ENSG00000144635,DYNC1LI1,7.372262757249669e-05,3236,-0.10335061443931845,higher rank -> less PD-like,0.0
ENSG00000172932,ANKRD13D,7.371075910373333e-05,3237,0.19026245996064647,higher rank -> more PD-like,0.0
ENSG00000139291,TMEM19,7.370947873871011e-05,3238,0.058995775729643485,higher rank -> more PD-like,0.0
ENSG00000103150,MLYCD,7.370853273996391e-05,3239,0.04716358443581056,higher rank -> more PD-like,0.08
ENSG00000084731,KIF3C,7.365396977601671e-05,3240,-0.14588133640552195,higher rank -> less PD-like,0.0
ENSG00000108669,CYTH1,7.363176913971615e-05,3241,-0.09687019969277504,higher rank -> less PD-like,0.0
ENSG00000063601,MTMR1,7.363006729973329e-05,3242,-0.10315984015527419,higher rank -> less PD-like,0.0
ENSG00000003509,NDUFAF7,7.362295446490518e-05,3243,0.05837173579108743,higher rank -> more PD-like,0.0
ENSG00000167535,CACNB3,7.360015535608648e-05,3244,-0.11827956989246667,higher rank -> less PD-like,0.0
ENSG00000206052,DOK6,7.359841740837227e-05,3245,-0.19374039938555007,higher rank -> less PD-like,0.0
ENSG00000154001,PPP2R5E,7.357911863119429e-05,3246,0.11045506912441791,higher rank -> more PD-like,0.0
ENSG00000164796,CSMD3,7.357791723484816e-05,3247,0.07709293394776844,higher rank -> more PD-like,0.0
ENSG00000103657,HERC1,7.356579298309774e-05,3248,-0.004608294930875312,higher rank -> less PD-like,0.0
ENSG00000110042,DTX4,7.356254628787676e-05,3249,0.18226766513055834,higher rank -> more PD-like,0.0
ENSG00000133460,SLC2A11,7.34938353969367e-05,3250,0.034082181259598734,higher rank -> more PD-like,0.0
ENSG00000101752,MIB1,7.34853777241535e-05,3251,-0.050211213517662376,higher rank -> less PD-like,0.0
ENSG00000100483,VCPKMT,7.348045596691532e-05,3252,-0.11386328725037778,higher rank -> less PD-like,0.0
ENSG00000170633,RNF34,7.34726391700733e-05,3253,0.13789047968637747,higher rank -> more PD-like,0.0
ENSG00000110497,AMBRA1,7.344919034221654e-05,3254,0.0027361751152072287,higher rank -> more PD-like,0.0
ENSG00000055609,KMT2C,7.344523417993064e-05,3255,0.13853686635943943,higher rank -> more PD-like,0.0
ENSG00000151445,VIPAS39,7.343259648162954e-05,3256,0.2720814132104305,higher rank -> more PD-like,0.04
ENSG00000172057,ORMDL3,7.340608435563597e-05,3257,-0.11237519201228267,higher rank -> less PD-like,0.0
ENSG00000164134,NAA15,7.34053495964215e-05,3258,-0.15015360983102097,higher rank -> less PD-like,0.0
ENSG00000163064,EN1,7.340196440313997e-05,3259,-0.14698893506861452,higher rank -> less PD-like,0.0
ENSG00000166471,TMEM41B,7.338972629586336e-05,3260,-0.04934715821812326,higher rank -> less PD-like,0.0
ENSG00000130255,RPL36,7.338227987467816e-05,3261,0.11698348694315792,higher rank -> more PD-like,0.0
ENSG00000122778,KIAA1549,7.337893100761675e-05,3262,0.08237327188939642,higher rank -> more PD-like,0.0
ENSG00000103034,NDRG4,7.33458223799677e-05,3263,0.0572196620583686,higher rank -> more PD-like,0.0
ENSG00000108528,SLC25A11,7.333998106179785e-05,3264,-0.15096966205836343,higher rank -> less PD-like,0.0
ENSG00000104756,KCTD9,7.332540138277106e-05,3265,-0.12264784946235885,higher rank -> less PD-like,0.0
ENSG00000161204,ABCF3,7.331650712748238e-05,3266,-0.2508190622667788,higher rank -> less PD-like,0.0
ENSG00000110931,CAMKK2,7.330611131144092e-05,3267,0.054196118908936504,higher rank -> more PD-like,0.0
ENSG00000106278,PTPRZ1,7.329837982331171e-05,3268,-0.04944316436251652,higher rank -> less PD-like,0.0
ENSG00000164284,GRPEL2,7.329797695757349e-05,3269,-0.08885368663593982,higher rank -> less PD-like,0.0
ENSG00000088356,PDRG1,7.329312343711684e-05,3270,-0.017353318853481445,higher rank -> less PD-like,0.0
ENSG00000114982,KANSL3,7.328110892380096e-05,3271,0.01399306347383085,higher rank -> more PD-like,0.0
ENSG00000198663,C6orf89,7.321055274466674e-05,3272,-0.014017065297971195,higher rank -> less PD-like,0.0
ENSG00000169184,MN1,7.32086032151162e-05,3273,-0.1179915514592869,higher rank -> less PD-like,0.0
ENSG00000108468,CBX1,7.32068112724409e-05,3274,-0.11705689633254361,higher rank -> less PD-like,0.0
ENSG00000186318,BACE1,7.320516845069801e-05,3275,-0.05398010249167326,higher rank -> less PD-like,0.04
ENSG00000124194,GDAP1L1,7.319204486154396e-05,3276,-0.0071044546850994195,higher rank -> less PD-like,0.0
ENSG00000078124,ACER3,7.318506091551112e-05,3277,-0.07363671274961195,higher rank -> less PD-like,0.0
ENSG00000123505,AMD1,7.317498305761596e-05,3278,0.2735695084485256,higher rank -> more PD-like,0.0
ENSG00000070961,ATP2B1,7.315016691386037e-05,3279,0.17996351766512073,higher rank -> more PD-like,0.0
ENSG00000075539,FRYL,7.31417796904902e-05,3280,0.13983294930874807,higher rank -> more PD-like,0.0
ENSG00000074935,TUBE1,7.314005539188057e-05,3281,-0.016369047619046707,higher rank -> less PD-like,0.0
ENSG00000089234,BRAP,7.30909395101486e-05,3282,-0.22124615975421216,higher rank -> less PD-like,0.0
ENSG00000164418,GRIK2,7.308580254562381e-05,3283,-0.07306067588325252,higher rank -> less PD-like,0.0
ENSG00000108788,MLX,7.303861644045778e-05,3284,0.06418010752687818,higher rank -> more PD-like,0.0
ENSG00000072134,EPN2,7.303707820276642e-05,3285,0.029713901689706508,higher rank -> more PD-like,0.0
ENSG00000185920,PTCH1,7.300070659035182e-05,3286,0.03125037503075085,higher rank -> more PD-like,0.0
ENSG00000168710,AHCYL1,7.299348816810498e-05,3287,0.10733486943163774,higher rank -> more PD-like,0.0
ENSG00000174238,PITPNA,7.297994598892636e-05,3288,-0.05390745007680202,higher rank -> less PD-like,0.0
ENSG00000154144,TBRG1,7.297154132139532e-05,3289,-0.005424347158217827,higher rank -> less PD-like,0.0
ENSG00000101189,MRGBP,7.296850099313279e-05,3290,-0.18306191271853806,higher rank -> less PD-like,0.0
ENSG00000162873,KLHDC8A,7.293549825289889e-05,3291,0.18783602150536602,higher rank -> more PD-like,0.0
ENSG00000198265,HELZ,7.292452494155051e-05,3292,0.07008616760293179,higher rank -> more PD-like,0.0
ENSG00000006712,PAF1,7.29107921191803e-05,3293,-0.06149193548386758,higher rank -> less PD-like,0.0
ENSG00000011275,RNF216,7.289842387322572e-05,3294,0.10368663594469478,higher rank -> more PD-like,0.0
ENSG00000068654,POLR1A,7.288762589707693e-05,3295,-0.07138056835637091,higher rank -> less PD-like,0.0
ENSG00000197498,RPF2,7.286142643737262e-05,3296,-0.13085637480798054,higher rank -> less PD-like,0.0
ENSG00000160087,UBE2J2,7.285974986251974e-05,3297,-0.08887875479175904,higher rank -> less PD-like,0.0
ENSG00000099904,ZDHHC8,7.285391288285667e-05,3298,-0.04183517947665031,higher rank -> less PD-like,0.0
ENSG00000133030,MPRIP,7.284424420875722e-05,3299,0.12821620583716656,higher rank -> more PD-like,0.0
ENSG00000143393,PI4KB,7.284042145099568e-05,3300,-0.09557411674346636,higher rank -> less PD-like,0.0
ENSG00000103353,UBFD1,7.283975093911053e-05,3301,-0.026450010202678495,higher rank -> less PD-like,0.0
ENSG00000120925,RNF170,7.282888489532184e-05,3302,-0.023953533026112347,higher rank -> less PD-like,0.04
ENSG00000144815,NXPE3,7.28272259152694e-05,3303,0.0588517665130536,higher rank -> more PD-like,0.0
ENSG00000110367,DDX6,7.282498527147661e-05,3304,-0.14319316436251137,higher rank -> less PD-like,0.0
ENSG00000101191,DIDO1,7.281893027393368e-05,3305,0.1525537634408518,higher rank -> more PD-like,0.0
ENSG00000004660,CAMKK1,7.281696687780968e-05,3306,0.0017281105990782453,higher rank -> more PD-like,0.0
ENSG00000100307,CBX7,7.28069058691847e-05,3307,-0.021073348694315323,higher rank -> less PD-like,0.0
ENSG00000108509,CAMTA2,7.278869828919388e-05,3308,0.05635560675882947,higher rank -> more PD-like,0.0
ENSG00000028310,BRD9,7.278496099400284e-05,3309,-0.22532642089092464,higher rank -> less PD-like,0.0
ENSG00000135968,GCC2,7.27780623935048e-05,3310,0.04435483870967501,higher rank -> more PD-like,0.0
ENSG00000166913,YWHAB,7.276195746159142e-05,3311,0.17708333333332357,higher rank -> more PD-like,0.0
ENSG00000186868,MAPT,7.275540019260467e-05,3312,0.05289938556067301,higher rank -> more PD-like,0.0
ENSG00000119698,PPP4R4,7.274823571434942e-05,3313,-0.3336213517664948,higher rank -> less PD-like,0.0
ENSG00000168172,HOOK3,7.274481173763575e-05,3314,-0.1401209677419278,higher rank -> less PD-like,0.0
ENSG00000121904,CSMD2,7.273646564516983e-05,3315,0.1749972998073765,higher rank -> more PD-like,0.0
ENSG00000136891,TEX10,7.270959701754594e-05,3316,0.05553955453148697,higher rank -> more PD-like,0.0
ENSG00000115525,ST3GAL5,7.268583391723801e-05,3317,-0.02409754224270221,higher rank -> less PD-like,0.0
ENSG00000103528,SYT17,7.265581966712278e-05,3318,0.017953149001535145,higher rank -> more PD-like,0.0
ENSG00000167733,HSD11B1L,7.264871434185683e-05,3319,-0.0041282642089091205,higher rank -> less PD-like,0.0
ENSG00000162869,PPP1R21,7.264485480059805e-05,3320,-0.1447772657449997,higher rank -> less PD-like,0.0
ENSG00000171208,NETO2,7.262609705981646e-05,3321,0.10805491551458703,higher rank -> more PD-like,0.0
ENSG00000197780,TAF13,7.260748973574594e-05,3322,-0.18289389994955546,higher rank -> less PD-like,0.0
ENSG00000117523,PRRC2C,7.259166074650829e-05,3323,0.09370199692779826,higher rank -> more PD-like,0.0
ENSG00000108091,CCDC6,7.257396460473774e-05,3324,0.012624807987710526,higher rank -> more PD-like,0.0
ENSG00000163788,SNRK,7.253697882932629e-05,3325,-0.17938748079876132,higher rank -> less PD-like,0.0
ENSG00000119950,MXI1,7.250820839429605e-05,3326,0.12658410138248155,higher rank -> more PD-like,0.0
ENSG00000196531,NACA,7.250341640971528e-05,3327,0.008256528417818291,higher rank -> more PD-like,0.0
ENSG00000165934,CPSF2,7.250128996203302e-05,3328,0.34639016897079516,higher rank -> more PD-like,0.0
ENSG00000154059,IMPACT,7.249876975471006e-05,3329,-0.010368663594469486,higher rank -> less PD-like,0.0
ENSG00000009844,VTA1,7.248406143460251e-05,3330,0.016441249536147708,higher rank -> more PD-like,0.0
ENSG00000149428,HYOU1,7.247271933133521e-05,3331,-0.1946524577572858,higher rank -> less PD-like,0.0
ENSG00000196262,PPIA,7.24727112844552e-05,3332,-0.3316332041473765,higher rank -> less PD-like,0.0
ENSG00000121989,ACVR2A,7.242424190354563e-05,3333,0.14708141321043738,higher rank -> more PD-like,0.0
ENSG00000140740,UQCRC2,7.241970830031854e-05,3334,-0.27069257265499824,higher rank -> less PD-like,0.0
ENSG00000111605,CPSF6,7.237752188043939e-05,3335,-0.03374656474134843,higher rank -> less PD-like,0.0
ENSG00000088179,PTPN4,7.237132471121109e-05,3336,0.2433064913108456,higher rank -> more PD-like,0.0
ENSG00000011114,BTBD7,7.235514896276269e-05,3337,0.11602342549922562,higher rank -> more PD-like,0.0
ENSG00000108829,LRRC59,7.235439578548246e-05,3338,-0.14885752688171233,higher rank -> less PD-like,0.0
ENSG00000132591,ERAL1,7.235395628233288e-05,3339,-0.0029281874039936867,higher rank -> less PD-like,0.0
ENSG00000071054,MAP4K4,7.23478499351302e-05,3340,-0.0019201228878647282,higher rank -> less PD-like,0.0
ENSG00000142655,PEX14,7.234073565025465e-05,3341,-0.10963901689707543,higher rank -> less PD-like,0.0
ENSG00000143553,SNAPIN,7.230343995806273e-05,3342,0.19210829493086504,higher rank -> more PD-like,0.0
ENSG00000135709,KIAA0513,7.226917282742508e-05,3343,0.027794112354538724,higher rank -> more PD-like,0.0
ENSG00000170502,NUDT9,7.225393685224834e-05,3344,0.1567780337941542,higher rank -> more PD-like,0.0
ENSG00000169189,NSMCE1,7.22434722808021e-05,3345,-0.16469854070659617,higher rank -> less PD-like,0.0
ENSG00000204217,BMPR2,7.222967767029373e-05,3346,0.03888248847926054,higher rank -> more PD-like,0.0
ENSG00000136504,KAT7,7.22275300488318e-05,3347,0.1762192780337845,higher rank -> more PD-like,0.0
ENSG00000148408,CACNA1B,7.220546485297576e-05,3348,-0.06773233486942794,higher rank -> less PD-like,0.0
ENSG00000184388,PABPC1L2B,7.220477640234438e-05,3349,0.10011160848944828,higher rank -> more PD-like,0.0
ENSG00000155858,LSM11,7.21921221329497e-05,3350,-0.1670066966373971,higher rank -> less PD-like,0.0
ENSG00000082258,CCNT2,7.21883872894834e-05,3351,-0.037202380952378905,higher rank -> less PD-like,0.0
ENSG00000126254,RBM42,7.216451015602425e-05,3352,-0.24431456792474088,higher rank -> less PD-like,0.0
ENSG00000125818,PSMF1,7.216043427134244e-05,3353,-0.003144276697254827,higher rank -> less PD-like,0.0
ENSG00000134996,OSTF1,7.215238541458272e-05,3354,-0.20420506912441277,higher rank -> less PD-like,0.0
ENSG00000101421,CHMP4B,7.213761388016598e-05,3355,-0.2358870967741806,higher rank -> less PD-like,0.0
ENSG00000170027,YWHAG,7.21219137039869e-05,3356,0.23003072196619323,higher rank -> more PD-like,0.0
ENSG00000102471,NDFIP2,7.212141640688454e-05,3357,-0.2015649001535988,higher rank -> less PD-like,0.0
ENSG00000061987,MON2,7.211123593580314e-05,3358,0.17223915709542417,higher rank -> more PD-like,0.0
ENSG00000100154,TTC28,7.210355904441892e-05,3359,-0.035474696079454436,higher rank -> less PD-like,0.0
ENSG00000155506,LARP1,7.208010990681289e-05,3360,0.048723118279567226,higher rank -> more PD-like,0.0
ENSG00000128011,LRFN1,7.206165894869658e-05,3361,-0.2016873282514586,higher rank -> less PD-like,0.0
ENSG00000105705,SUGP1,7.20427182924254e-05,3362,0.07603686635944283,higher rank -> more PD-like,0.04
ENSG00000114999,TTL,7.202146619468224e-05,3363,-0.028177803379414727,higher rank -> less PD-like,0.0
ENSG00000092931,MFSD11,7.199263091422538e-05,3364,-0.08609454319147708,higher rank -> less PD-like,0.0
ENSG00000125746,EML2,7.197728661258907e-05,3365,-0.1890360983102815,higher rank -> less PD-like,0.0
ENSG00000174938,SEZ6L2,7.194607903681185e-05,3366,0.22820934392655817,higher rank -> more PD-like,0.0
ENSG00000119522,DENND1A,7.193946991257752e-05,3367,-0.08494245563273972,higher rank -> less PD-like,0.0
ENSG00000138311,ZNF365,7.192400261050216e-05,3368,-0.08993483505393494,higher rank -> less PD-like,0.0
ENSG00000145147,SLIT2,7.189364341469924e-05,3369,0.02899385560675722,higher rank -> more PD-like,0.0
ENSG00000116141,MARK1,7.188242578716495e-05,3370,-0.043586789554529104,higher rank -> less PD-like,0.0
ENSG00000141664,ZCCHC2,7.187720691021965e-05,3371,0.1588200703367728,higher rank -> more PD-like,0.0
ENSG00000134243,SORT1,7.186403163263514e-05,3372,-0.05520353302611062,higher rank -> less PD-like,0.0
ENSG00000135040,NAA35,7.185159521355943e-05,3373,-0.1730990783410043,higher rank -> less PD-like,0.0
ENSG00000170876,TMEM43,7.18434137254472e-05,3374,0.1980894319270535,higher rank -> more PD-like,0.0
ENSG00000150347,ARID5B,7.182525493828893e-05,3375,-0.06528417818740039,higher rank -> less PD-like,0.0
ENSG00000107290,SETX,7.182444489985536e-05,3376,-0.27654901774524643,higher rank -> less PD-like,0.0
ENSG00000128872,TMOD2,7.182388720908504e-05,3377,-0.08784562211981085,higher rank -> less PD-like,0.0
ENSG00000100201,DDX17,7.182155373295391e-05,3378,0.1310003840245704,higher rank -> more PD-like,0.0
ENSG00000099864,PALM,7.181757756058968e-05,3379,-0.09014976958524851,higher rank -> less PD-like,0.0
ENSG00000063244,U2AF2,7.179548771184442e-05,3380,-0.0030721966205835448,higher rank -> less PD-like,0.0
ENSG00000136021,SCYL2,7.179448500103059e-05,3381,-0.062260731820098045,higher rank -> less PD-like,0.0
ENSG00000182916,TCEAL7,7.178070224171082e-05,3382,0.06857321156901312,higher rank -> more PD-like,0.0
ENSG00000151240,DIP2C,7.177642642337138e-05,3383,0.06163594470045743,higher rank -> more PD-like,0.0
ENSG00000148834,GSTO1,7.17630353271323e-05,3384,0.10599205540383684,higher rank -> more PD-like,0.0
ENSG00000203875,SNHG5,7.175723978010548e-05,3385,0.24183947772656128,higher rank -> more PD-like,0.0
ENSG00000172845,SP3,7.175338810231717e-05,3386,0.1810195852534463,higher rank -> more PD-like,0.0
ENSG00000125741,OPA3,7.170653783321477e-05,3387,0.08410138248847464,higher rank -> more PD-like,0.0
ENSG00000122958,VPS26A,7.169683212514034e-05,3388,-0.06197196620583376,higher rank -> less PD-like,0.0
ENSG00000141562,NARF,7.162389919081343e-05,3389,-0.09490321265098986,higher rank -> less PD-like,0.0
ENSG00000166347,CYB5A,7.160891071071724e-05,3390,0.03605030721966008,higher rank -> more PD-like,0.0
ENSG00000070610,GBA2,7.160873505474073e-05,3391,-0.042027194069773205,higher rank -> less PD-like,0.0
ENSG00000172992,DCAKD,7.158977287503985e-05,3392,0.019009216589860718,higher rank -> more PD-like,0.0
ENSG00000047932,GOPC,7.158383072398035e-05,3393,0.00912058371735742,higher rank -> more PD-like,0.0
ENSG00000088387,DOCK9,7.158214176733475e-05,3394,-0.05601958525345313,higher rank -> less PD-like,0.0
ENSG00000164258,NDUFS4,7.157756796163045e-05,3395,-0.07963709677418918,higher rank -> less PD-like,0.0
ENSG00000092148,HECTD1,7.155898974969053e-05,3396,0.06806835637480428,higher rank -> more PD-like,0.0
ENSG00000149792,MRPL49,7.154568169783113e-05,3397,-0.14372119815667414,higher rank -> less PD-like,0.0
ENSG00000133687,TMTC1,7.153320066978372e-05,3398,0.201660906297992,higher rank -> more PD-like,0.0
ENSG00000119414,PPP6C,7.153254326832293e-05,3399,0.022417434715820566,higher rank -> more PD-like,0.0
ENSG00000134107,BHLHE40,7.15234736825354e-05,3400,-0.1443452380952302,higher rank -> less PD-like,0.0
ENSG00000167371,PRRT2,7.151538197919648e-05,3401,-0.033746159754222405,higher rank -> less PD-like,0.0
ENSG00000129518,EAPP,7.151226741066e-05,3402,-0.11360063365633152,higher rank -> less PD-like,0.0
ENSG00000179364,PACS2,7.151167882557838e-05,3403,-0.06730030721965838,higher rank -> less PD-like,0.0
ENSG00000105835,NAMPT,7.150721956578524e-05,3404,0.089406794922847,higher rank -> more PD-like,0.0
ENSG00000167778,SPRYD3,7.150463057974063e-05,3405,-0.159564126885124,higher rank -> less PD-like,0.0
ENSG00000132676,DAP3,7.15029347833161e-05,3406,0.20598118279568767,higher rank -> more PD-like,0.12
ENSG00000138430,OLA1,7.147060096473469e-05,3407,0.01008064516128975,higher rank -> more PD-like,0.0
ENSG00000172869,DMXL1,7.145567591434534e-05,3408,-0.30817972350228723,higher rank -> less PD-like,0.0
ENSG00000152684,PELO,7.145058043195017e-05,3409,-0.07618178982150776,higher rank -> less PD-like,0.0
ENSG00000099194,SCD,7.144901110721499e-05,3410,-0.05676431409195521,higher rank -> less PD-like,0.0
ENSG00000070081,NUCB2,7.141653731060907e-05,3411,-0.09663018433179195,higher rank -> less PD-like,0.0
ENSG00000174516,PELI3,7.141404301075796e-05,3412,-0.028081797235021515,higher rank -> less PD-like,0.0
ENSG00000116544,DLGAP3,7.137850771545451e-05,3413,-0.10935099846389573,higher rank -> less PD-like,0.0
ENSG00000067842,ATP2B3,7.135196109590391e-05,3414,-0.07795698924730754,higher rank -> less PD-like,0.0
ENSG00000165238,WNK2,7.134777504748192e-05,3415,0.01392089093701919,higher rank -> more PD-like,0.0
ENSG00000106443,PHF14,7.133429551337198e-05,3416,-0.05030721966205562,higher rank -> less PD-like,0.0
ENSG00000198373,WWP2,7.133412305256468e-05,3417,-0.06197196620583378,higher rank -> less PD-like,0.0
ENSG00000173418,NAA20,7.132378066878158e-05,3418,-0.26012864823347276,higher rank -> less PD-like,0.0
ENSG00000163812,ZDHHC3,7.131605838743595e-05,3419,-0.01159288105979466,higher rank -> less PD-like,0.0
ENSG00000052795,FNIP2,7.128799185169764e-05,3420,0.25024001536096946,higher rank -> more PD-like,0.0
ENSG00000101413,RPRD1B,7.128682588308805e-05,3421,-0.12034370199692115,higher rank -> less PD-like,0.0
ENSG00000183317,EPHA10,7.128361750607057e-05,3422,-0.019057219662057347,higher rank -> less PD-like,0.0
ENSG00000148396,SEC16A,7.127898577218623e-05,3423,-0.21229613452149848,higher rank -> less PD-like,0.0
ENSG00000117616,RSRP1,7.125926333743248e-05,3424,0.1226733231813882,higher rank -> more PD-like,0.0
ENSG00000112234,FBXL4,7.124840650602207e-05,3425,-0.1954205069124317,higher rank -> less PD-like,0.0
ENSG00000130254,SAFB2,7.124635337116408e-05,3426,-0.06211597542242367,higher rank -> less PD-like,0.0
ENSG00000121022,COPS5,7.124610866530117e-05,3427,-0.3362175525581855,higher rank -> less PD-like,0.0
ENSG00000151092,NGLY1,7.123969978369944e-05,3428,0.040610599078338756,higher rank -> more PD-like,0.0
ENSG00000114503,NCBP2,7.122433986209109e-05,3429,0.002064132104454582,higher rank -> more PD-like,0.0
ENSG00000110344,UBE4A,7.121277540452836e-05,3430,-0.2173099078340894,higher rank -> less PD-like,0.0
ENSG00000143162,CREG1,7.121226761500123e-05,3431,0.1200076804915449,higher rank -> more PD-like,0.0
ENSG00000182541,LIMK2,7.121004253616168e-05,3432,-0.017713133640551996,higher rank -> less PD-like,0.0
ENSG00000240344,PPIL3,7.120649661652172e-05,3433,-0.12519201228877957,higher rank -> less PD-like,0.0
ENSG00000206573,THUMPD3-AS1,7.120213726516206e-05,3434,0.20098886328723933,higher rank -> more PD-like,0.08
ENSG00000148572,NRBF2,7.119569376484959e-05,3435,-0.19537250384023505,higher rank -> less PD-like,0.0
ENSG00000112796,ENPP5,7.11763212822515e-05,3436,-0.08371735791090167,higher rank -> less PD-like,0.0
ENSG00000168818,STX18,7.117153509334291e-05,3437,-0.12970430107526174,higher rank -> less PD-like,0.0
ENSG00000004766,VPS50,7.116818258530571e-05,3438,0.2354550691244111,higher rank -> more PD-like,0.0
ENSG00000170881,RNF139,7.116530102986065e-05,3439,-0.18644393241166415,higher rank -> less PD-like,0.0
ENSG00000178104,PDE4DIP,7.115847816128563e-05,3440,0.089333717357906,higher rank -> more PD-like,0.0
ENSG00000133135,RNF128,7.11343166856416e-05,3441,-0.10311059907833535,higher rank -> less PD-like,0.0
ENSG00000143862,ARL8A,7.111083037969171e-05,3442,-0.026233993785415233,higher rank -> less PD-like,0.0
ENSG00000128789,PSMG2,7.11052068869682e-05,3443,0.20857334869430502,higher rank -> more PD-like,0.0
ENSG00000038274,MAT2B,7.110142112876817e-05,3444,0.22374231950843634,higher rank -> more PD-like,0.0
ENSG00000134371,CDC73,7.10623038128278e-05,3445,-0.010176651305683009,higher rank -> less PD-like,0.0
ENSG00000114127,XRN1,7.103140859438531e-05,3446,0.04680299539170259,higher rank -> more PD-like,0.0
ENSG00000119878,CRIPT,7.102832119406153e-05,3447,-0.06785315684480231,higher rank -> less PD-like,0.0
ENSG00000077380,DYNC1I2,7.102465206120483e-05,3448,-0.0534520623605853,higher rank -> less PD-like,0.0
ENSG00000146083,RNF44,7.101458094436181e-05,3449,0.13798648698293892,higher rank -> more PD-like,0.0
ENSG00000164970,FAM219A,7.099523661836332e-05,3450,0.10416666666666095,higher rank -> more PD-like,0.0
ENSG00000100644,HIF1A,7.09745515849545e-05,3451,0.031009984639015196,higher rank -> more PD-like,0.0
ENSG00000101246,ARFRP1,7.09564309586154e-05,3452,-0.08918970814131615,higher rank -> less PD-like,0.0
ENSG00000236287,ZBED5,7.095549311100393e-05,3453,-0.035906298003070235,higher rank -> less PD-like,0.0
ENSG00000034053,APBA2,7.095051209282732e-05,3454,0.08846966205836689,higher rank -> more PD-like,0.0
ENSG00000065135,GNAI3,7.094228243802875e-05,3455,0.1412524302545389,higher rank -> more PD-like,0.0
ENSG00000124191,TOX2,7.093585340252452e-05,3456,-0.08621351766512586,higher rank -> less PD-like,0.0
ENSG00000164327,RICTOR,7.091418164264287e-05,3457,0.01761712749615881,higher rank -> more PD-like,0.0
ENSG00000214753,HNRNPUL2,7.090716499387546e-05,3458,-0.14684139784945435,higher rank -> less PD-like,0.0
ENSG00000092964,DPYSL2,7.086813013632346e-05,3459,0.1039759021760465,higher rank -> more PD-like,0.0
ENSG00000125991,ERGIC3,7.085835513453872e-05,3460,-0.05150729646697107,higher rank -> less PD-like,0.0
ENSG00000119048,UBE2B,7.085020354859633e-05,3461,0.013728878648232747,higher rank -> more PD-like,0.0
ENSG00000170954,ZNF415,7.084815271816085e-05,3462,-0.0005760368663593847,higher rank -> less PD-like,0.0
ENSG00000153339,TRAPPC8,7.084809750727771e-05,3463,0.1492913461530492,higher rank -> more PD-like,0.0
ENSG00000144959,NCEH1,7.084790495732213e-05,3464,-0.09019777265744516,higher rank -> less PD-like,0.0
ENSG00000112763,BTN2A1,7.084234131391316e-05,3465,-0.13954493087556838,higher rank -> less PD-like,0.0
ENSG00000013561,RNF14,7.084056319437051e-05,3466,-0.22225422427034114,higher rank -> less PD-like,0.0
ENSG00000060982,BCAT1,7.083905315563407e-05,3467,0.1471294162826341,higher rank -> more PD-like,0.0
ENSG00000153253,SCN3A,7.083597465529356e-05,3468,-0.07954109062979593,higher rank -> less PD-like,0.0
ENSG00000120063,GNA13,7.083567781416574e-05,3469,0.07853302611366694,higher rank -> more PD-like,0.0
ENSG00000182872,RBM10,7.07725141393262e-05,3470,0.07526881720429693,higher rank -> more PD-like,0.0
ENSG00000165572,KBTBD6,7.07385520858319e-05,3471,-0.03900296422808765,higher rank -> less PD-like,0.0
ENSG00000010322,NISCH,7.072526472830054e-05,3472,-0.08194124423962683,higher rank -> less PD-like,0.0
ENSG00000171456,ASXL1,7.071617543568152e-05,3473,0.13445660522272687,higher rank -> more PD-like,0.0
ENSG00000039319,ZFYVE16,7.068771747421457e-05,3474,0.02620967741935342,higher rank -> more PD-like,0.0
ENSG00000115561,CHMP3,7.067929193035782e-05,3475,0.011904761904761234,higher rank -> more PD-like,0.0
ENSG00000136144,RCBTB1,7.06769210783247e-05,3476,-0.12082518272258035,higher rank -> less PD-like,0.0
ENSG00000085998,POMGNT1,7.06700272397838e-05,3477,-0.0437788018433156,higher rank -> less PD-like,0.0
ENSG00000119906,SLF2,7.065568899255215e-05,3478,0.008736559139784468,higher rank -> more PD-like,0.0
ENSG00000051620,HEBP2,7.065425735258875e-05,3479,-0.008760665811231987,higher rank -> less PD-like,0.0
ENSG00000159592,GPBP1L1,7.06398638741161e-05,3480,0.12336789554530816,higher rank -> more PD-like,0.0
ENSG00000136783,NIPSNAP3A,7.062573224227175e-05,3481,0.0020641321044545823,higher rank -> more PD-like,0.0
ENSG00000187189,TSPYL4,7.06249891392039e-05,3482,0.27165264562061275,higher rank -> more PD-like,0.0
ENSG00000109572,CLCN3,7.06188308521597e-05,3483,0.017569124423962197,higher rank -> more PD-like,0.0
ENSG00000070814,TCOF1,7.061826801362507e-05,3484,-0.04195468509984409,higher rank -> less PD-like,0.0
ENSG00000143751,SDE2,7.059918691748314e-05,3485,-0.26180875576035434,higher rank -> less PD-like,0.0
ENSG00000170075,GPR37L1,7.05884168910459e-05,3486,0.058563748079873905,higher rank -> more PD-like,0.0
ENSG00000013293,SLC7A14,7.056786728417508e-05,3487,-0.16007200730445872,higher rank -> less PD-like,0.0
ENSG00000093000,NUP50,7.054546670813776e-05,3488,-0.058179723502300947,higher rank -> less PD-like,0.0
ENSG00000108424,KPNB1,7.053985716378426e-05,3489,0.14165706605221953,higher rank -> more PD-like,0.0
ENSG00000163635,ATXN7,7.051429103045383e-05,3490,0.1098790322580585,higher rank -> more PD-like,0.0
ENSG00000137871,ZNF280D,7.05125901303185e-05,3491,-0.07070852534561825,higher rank -> less PD-like,0.0
ENSG00000185359,HGS,7.051109020588522e-05,3492,-0.06149193548386758,higher rank -> less PD-like,0.0
ENSG00000166562,SEC11C,7.048091636355892e-05,3493,0.017089093701995992,higher rank -> more PD-like,0.0
ENSG00000162706,CADM3,7.04555465981977e-05,3494,-0.2217261904761783,higher rank -> less PD-like,0.0
ENSG00000177706,FAM20C,7.045016547857086e-05,3495,-0.1144887011495249,higher rank -> less PD-like,0.0
ENSG00000143641,GALNT2,7.04442634880851e-05,3496,0.008304531490014904,higher rank -> more PD-like,0.0
ENSG00000198785,GRIN3A,7.0435920921527e-05,3497,0.15927419354837838,higher rank -> more PD-like,0.0
ENSG00000161217,PCYT1A,7.04027874622432e-05,3498,-0.06264400921658643,higher rank -> less PD-like,0.0
ENSG00000076043,REXO2,7.037506738148034e-05,3499,-0.10781490015360397,higher rank -> less PD-like,0.0
ENSG00000165323,FAT3,7.036571922635704e-05,3500,0.10539200980032784,higher rank -> more PD-like,0.0
ENSG00000156515,HK1,7.036100530479972e-05,3501,0.1847158218125859,higher rank -> more PD-like,0.0
ENSG00000094841,UPRT,7.034310991332113e-05,3502,-0.23905529953915744,higher rank -> less PD-like,0.0
ENSG00000058272,PPP1R12A,7.03352816516686e-05,3503,0.2631559998749248,higher rank -> more PD-like,0.0
ENSG00000128595,CALU,7.032139935143492e-05,3504,0.0561155913978464,higher rank -> more PD-like,0.0
ENSG00000110442,COMMD9,7.030189539739703e-05,3505,-0.0023521787657554407,higher rank -> less PD-like,0.0
ENSG00000100014,SPECC1L,7.030110619456958e-05,3506,0.13186443932410954,higher rank -> more PD-like,0.0
ENSG00000166971,AKTIP,7.026048005268385e-05,3507,-0.3473982334869241,higher rank -> less PD-like,0.0
ENSG00000010017,RANBP9,7.025626809315025e-05,3508,-0.08379036807400238,higher rank -> less PD-like,0.0
ENSG00000135472,FAIM2,7.022626116895005e-05,3509,-0.004560346586668717,higher rank -> less PD-like,0.0
ENSG00000117477,CCDC181,7.020771061986701e-05,3510,-0.018241167434714812,higher rank -> less PD-like,0.0
ENSG00000132821,VSTM2L,7.02048695793962e-05,3511,-0.02577764976958382,higher rank -> less PD-like,0.0
ENSG00000139438,FAM222A,7.017707107963498e-05,3512,0.04027506090752682,higher rank -> more PD-like,0.0
ENSG00000131507,NDFIP1,7.016365177549515e-05,3513,-0.09595929291316571,higher rank -> less PD-like,0.04
ENSG00000122034,GTF3A,7.01599347267501e-05,3514,0.2766417050691093,higher rank -> more PD-like,0.0
ENSG00000048740,CELF2,7.014268784476123e-05,3515,0.08227726574500314,higher rank -> more PD-like,0.0
ENSG00000152778,IFIT5,7.013783552560284e-05,3516,0.02440985515074777,higher rank -> more PD-like,0.0
ENSG00000164654,MIOS,7.011446254104216e-05,3517,-0.24786981261488927,higher rank -> less PD-like,0.0
ENSG00000033327,GAB2,7.009126695479112e-05,3518,-0.035282258064514196,higher rank -> less PD-like,0.0
ENSG00000104427,ZC2HC1A,7.007704913196641e-05,3519,-0.05169930875575756,higher rank -> less PD-like,0.0
ENSG00000184905,TCEAL2,7.007681295398341e-05,3520,-0.18592036104531154,higher rank -> less PD-like,0.0
ENSG00000109111,SUPT6H,7.007111208509109e-05,3521,-0.1154953917050628,higher rank -> less PD-like,0.0
ENSG00000101079,NDRG3,7.005866331383242e-05,3522,0.04853168841181115,higher rank -> more PD-like,0.0
ENSG00000113360,DROSHA,7.00582662295077e-05,3523,-0.10613479262672226,higher rank -> less PD-like,0.0
ENSG00000110888,CAPRIN2,7.00342294100804e-05,3524,-0.04706757713924914,higher rank -> less PD-like,0.0
ENSG00000183283,DAZAP2,6.999528858317324e-05,3525,0.11736751152073091,higher rank -> more PD-like,0.0
ENSG00000172269,DPAGT1,6.999459202756659e-05,3526,0.13176843317971626,higher rank -> more PD-like,0.0
ENSG00000174607,UGT8,6.99857121591383e-05,3527,0.12195326845717731,higher rank -> more PD-like,0.0
ENSG00000110422,HIPK3,6.997864280133526e-05,3528,-0.011472734254991665,higher rank -> less PD-like,0.0
ENSG00000009694,TENM1,6.994852636975345e-05,3529,0.13330453149000807,higher rank -> more PD-like,0.0
ENSG00000104763,ASAH1,6.99272273374373e-05,3530,0.15961021505375472,higher rank -> more PD-like,0.0
ENSG00000102531,FNDC3A,6.992588185638752e-05,3531,-0.030913978494621963,higher rank -> less PD-like,0.0
ENSG00000154813,DPH3,6.99233746636029e-05,3532,-0.056019585253453165,higher rank -> less PD-like,0.0
ENSG00000111011,RSRC2,6.990853292309279e-05,3533,-0.10928030531106646,higher rank -> less PD-like,0.0
ENSG00000143919,CAMKMT,6.990142782891358e-05,3534,-0.21716589861749958,higher rank -> less PD-like,0.0
ENSG00000153707,PTPRD,6.987598353596715e-05,3535,0.15279377880183495,higher rank -> more PD-like,0.0
ENSG00000062598,ELMO2,6.98756889044818e-05,3536,0.11962365591397195,higher rank -> more PD-like,0.0
ENSG00000151135,TMEM263,6.986320086958421e-05,3537,0.09293506307148017,higher rank -> more PD-like,0.0
ENSG00000115827,DCAF17,6.985301503248282e-05,3538,-0.00902479418448711,higher rank -> less PD-like,0.0
ENSG00000151474,FRMD4A,6.984474145390456e-05,3539,0.09667934763737661,higher rank -> more PD-like,0.0
ENSG00000148516,ZEB1,6.984158333795231e-05,3540,0.1669066820276406,higher rank -> more PD-like,0.0
ENSG00000140280,LYSMD2,6.983699822395585e-05,3541,-0.08318932411673892,higher rank -> less PD-like,0.0
ENSG00000136854,STXBP1,6.982793285915374e-05,3542,0.00019201228878642314,higher rank -> more PD-like,0.0
ENSG00000141568,FOXK2,6.981588263934732e-05,3543,-0.1494815668202683,higher rank -> less PD-like,0.0
ENSG00000106635,BCL7B,6.980784134038071e-05,3544,-0.004992319508448277,higher rank -> less PD-like,0.0
ENSG00000131013,PPIL4,6.977350805564989e-05,3545,-0.0718383217930051,higher rank -> less PD-like,0.0
ENSG00000179981,TSHZ1,6.977016517495298e-05,3546,0.159946236559131,higher rank -> more PD-like,0.0
ENSG00000131051,RBM39,6.975818964676406e-05,3547,0.025537634408600775,higher rank -> more PD-like,0.0
ENSG00000143093,STRIP1,6.97465388964029e-05,3548,0.03499465959664719,higher rank -> more PD-like,0.0
ENSG00000178567,EPM2AIP1,6.97427988482658e-05,3549,0.32608878277095293,higher rank -> more PD-like,0.0
ENSG00000162695,SLC30A7,6.973135478484416e-05,3550,0.0937991287405332,higher rank -> more PD-like,0.0
ENSG00000134049,IER3IP1,6.972358418111434e-05,3551,-0.23375376530298175,higher rank -> less PD-like,0.0
ENSG00000196104,SPOCK3,6.969724032850141e-05,3552,-0.1948924731182689,higher rank -> less PD-like,0.0
ENSG00000136100,VPS36,6.968579138681117e-05,3553,-0.1854838709677318,higher rank -> less PD-like,0.0
ENSG00000183624,HMCES,6.968198107764852e-05,3554,-0.11460871027022669,higher rank -> less PD-like,0.0
ENSG00000106086,PLEKHA8,6.967454175784491e-05,3555,0.15565182955024504,higher rank -> more PD-like,0.0
ENSG00000155229,MMS19,6.967417138823085e-05,3556,0.03516267236562974,higher rank -> more PD-like,0.0
ENSG00000185420,SMYD3,6.964275113429807e-05,3557,-0.12927227342549213,higher rank -> less PD-like,0.0
ENSG00000186575,NF2,6.96320724338204e-05,3558,-0.11064708141320437,higher rank -> less PD-like,0.0
ENSG00000151148,UBE3B,6.962788407003735e-05,3559,-0.09394201228878132,higher rank -> less PD-like,0.0
ENSG00000111371,SLC38A1,6.962488022220427e-05,3560,0.1449692780337862,higher rank -> more PD-like,0.0
ENSG00000138381,ASNSD1,6.960645866402059e-05,3561,-0.20689820710180548,higher rank -> less PD-like,0.0
ENSG00000115685,PPP1R7,6.95806882176225e-05,3562,-0.1552899385560591,higher rank -> less PD-like,0.0
ENSG00000147650,LRP12,6.956755743665629e-05,3563,-0.05745967741935164,higher rank -> less PD-like,0.0
ENSG00000171310,CHST11,6.956749903769751e-05,3564,0.19743663594468971,higher rank -> more PD-like,0.0
ENSG00000160789,LMNA,6.95666773621498e-05,3565,0.13918824860595944,higher rank -> more PD-like,0.0
ENSG00000157851,DPYSL5,6.956476164804566e-05,3566,-0.039603009831596654,higher rank -> less PD-like,0.0
ENSG00000183735,TBK1,6.955598126693284e-05,3567,-0.0804061108702114,higher rank -> less PD-like,0.0
ENSG00000103381,CPPED1,6.953584216571145e-05,3568,0.01886566018352889,higher rank -> more PD-like,0.0
ENSG00000099956,SMARCB1,6.953348308391312e-05,3569,-0.15394585253455376,higher rank -> less PD-like,0.0
ENSG00000134748,PRPF38A,6.953207137794561e-05,3570,0.007776497695852105,higher rank -> more PD-like,0.0
ENSG00000108100,CCNY,6.952595770190889e-05,3571,-0.21303763440859044,higher rank -> less PD-like,0.0
ENSG00000100580,TMED8,6.95205392961569e-05,3572,0.0796850998463858,higher rank -> more PD-like,0.0
ENSG00000155329,ZCCHC10,6.948999575983376e-05,3573,0.1303763440860144,higher rank -> more PD-like,0.0
ENSG00000215305,VPS16,6.948364577605532e-05,3574,0.11722350230414101,higher rank -> more PD-like,0.0
ENSG00000164091,WDR82,6.945687062059941e-05,3575,-0.05520353302611065,higher rank -> less PD-like,0.0
ENSG00000182134,TDRKH,6.945020949419888e-05,3576,-0.17722734254991349,higher rank -> less PD-like,0.0
ENSG00000185917,SETD4,6.94492291815297e-05,3577,-0.14895353302610553,higher rank -> less PD-like,0.0
ENSG00000053524,MCF2L2,6.944818073721354e-05,3578,0.05590024842290221,higher rank -> more PD-like,0.0
ENSG00000087502,ERGIC2,6.943528797302658e-05,3579,0.09106182795698424,higher rank -> more PD-like,0.0
ENSG00000066422,ZBTB11,6.942872441630335e-05,3580,0.1659946236559049,higher rank -> more PD-like,0.0
ENSG00000204120,GIGYF2,6.939714551439619e-05,3581,-0.12600806451612212,higher rank -> less PD-like,0.0
ENSG00000090565,RAB11FIP3,6.938690438303636e-05,3582,0.01123271889400863,higher rank -> more PD-like,0.0
ENSG00000157613,CREB3L1,6.934085698035925e-05,3583,-0.038354454685097746,higher rank -> less PD-like,0.0
ENSG00000070501,POLB,6.933061063499262e-05,3584,-0.035282681486331575,higher rank -> less PD-like,0.0
ENSG00000124181,PLCG1,6.932647985449381e-05,3585,-0.02733807769587188,higher rank -> less PD-like,0.0
ENSG00000104142,VPS18,6.927588474869457e-05,3586,-0.18687596006143364,higher rank -> less PD-like,0.0
ENSG00000227345,PARG,6.92691841328302e-05,3587,0.0009600614439323311,higher rank -> more PD-like,0.0
ENSG00000116667,C1orf21,6.925562206524301e-05,3588,-0.016753072196619687,higher rank -> less PD-like,0.0
ENSG00000011295,TTC19,6.925106717909724e-05,3589,-0.10570276497695275,higher rank -> less PD-like,0.0
ENSG00000188229,TUBB4B,6.925085597900683e-05,3590,0.0644201228878613,higher rank -> more PD-like,0.0
ENSG00000116857,TMEM9,6.924237259891902e-05,3591,-0.15485791090628945,higher rank -> less PD-like,0.0
ENSG00000002549,LAP3,6.924068555063157e-05,3592,-0.05673963133640239,higher rank -> less PD-like,0.0
ENSG00000184863,RBM33,6.923206729169585e-05,3593,0.11031105990782804,higher rank -> more PD-like,0.0
ENSG00000178988,MRFAP1L1,6.921867812973826e-05,3594,-0.052083333333330484,higher rank -> less PD-like,0.0
ENSG00000117505,DR1,6.921266889224384e-05,3595,0.14972337898757576,higher rank -> more PD-like,0.0
ENSG00000103018,CYB5B,6.921113580025055e-05,3596,-0.14237711213516888,higher rank -> less PD-like,0.0
ENSG00000116678,LEPR,6.919976433834802e-05,3597,0.2336097543581396,higher rank -> more PD-like,0.0
ENSG00000057935,MTA3,6.91732195147897e-05,3598,0.07584485407065639,higher rank -> more PD-like,0.0
ENSG00000129250,KIF1C,6.916266967117775e-05,3599,0.0689324116743434,higher rank -> more PD-like,0.0
ENSG00000184792,OSBP2,6.916068961864676e-05,3600,0.153517509585052,higher rank -> more PD-like,0.0
ENSG00000184545,DUSP8,6.90942132999674e-05,3601,0.021505634429764015,higher rank -> more PD-like,0.0
ENSG00000090263,MRPS33,6.909281327441481e-05,3602,-0.11609682336692911,higher rank -> less PD-like,0.0
ENSG00000163832,ELP6,6.90630363277535e-05,3603,-0.04459485407065809,higher rank -> less PD-like,0.0
ENSG00000090989,EXOC1,6.906287457194126e-05,3604,-0.3137960829492917,higher rank -> less PD-like,0.0
ENSG00000068912,ERLEC1,6.904918537518333e-05,3605,-0.22139016897080202,higher rank -> less PD-like,0.0
ENSG00000068078,FGFR3,6.904540918114722e-05,3606,-0.05217933947772378,higher rank -> less PD-like,0.0
ENSG00000101190,TCFL5,6.903681147478191e-05,3607,0.07058936479680351,higher rank -> more PD-like,0.0
ENSG00000197006,METTL9,6.903195177681571e-05,3608,0.11496735791090004,higher rank -> more PD-like,0.0
ENSG00000128000,ZNF780B,6.902179374596329e-05,3609,-0.16474654377879283,higher rank -> less PD-like,0.0
ENSG00000129559,NEDD8,6.898972757613014e-05,3610,-0.2036074741826876,higher rank -> less PD-like,0.0
ENSG00000100883,SRP54,6.8982469728573e-05,3611,-0.08107718894008774,higher rank -> less PD-like,0.0
ENSG00000132970,WASF3,6.8957783824285e-05,3612,-0.07848502304147033,higher rank -> less PD-like,0.0
ENSG00000198363,ASPH,6.895243098034348e-05,3613,-0.001776113671274894,higher rank -> less PD-like,0.0
ENSG00000152133,GPATCH11,6.894232856657673e-05,3614,-0.004176267281105769,higher rank -> less PD-like,0.0
ENSG00000137210,TMEM14B,6.893403014755452e-05,3615,-0.11688748079876472,higher rank -> less PD-like,0.0
ENSG00000100354,TNRC6B,6.893092549724577e-05,3616,0.3243846532569871,higher rank -> more PD-like,0.0
ENSG00000117394,SLC2A1,6.893077474491096e-05,3617,0.10275180914488803,higher rank -> more PD-like,0.0
ENSG00000171475,WIPF2,6.893017637550241e-05,3618,0.2082373271889287,higher rank -> more PD-like,0.0
ENSG00000148019,CEP78,6.892580340819641e-05,3619,0.03499423963133447,higher rank -> more PD-like,0.0
ENSG00000136643,RPS6KC1,6.890424270190374e-05,3620,0.0045602918586786865,higher rank -> more PD-like,0.0
ENSG00000144827,ABHD10,6.889821435481908e-05,3621,-0.04680355707370515,higher rank -> less PD-like,0.0
ENSG00000069275,NUCKS1,6.888755562716958e-05,3622,0.03749039938555861,higher rank -> more PD-like,0.0
ENSG00000085721,RRN3,6.886253483307928e-05,3623,-0.06225998463901346,higher rank -> less PD-like,0.0
ENSG00000100813,ACIN1,6.885094695570216e-05,3624,0.07210061443932013,higher rank -> more PD-like,0.0
ENSG00000161981,SNRNP25,6.884178317356784e-05,3625,-0.09883951181000912,higher rank -> less PD-like,0.0
ENSG00000140694,PARN,6.883593034900019e-05,3626,-0.034706637706962924,higher rank -> less PD-like,0.0
ENSG00000126804,ZBTB1,6.882062201287767e-05,3627,0.13220046082948583,higher rank -> more PD-like,0.0
ENSG00000104969,SGTA,6.882055844163496e-05,3628,-0.1742991551459198,higher rank -> less PD-like,0.0
ENSG00000071655,MBD3,6.881780172006432e-05,3629,0.11208717357910292,higher rank -> more PD-like,0.0
ENSG00000135930,EIF4E2,6.880480855835e-05,3630,0.10839093701996334,higher rank -> more PD-like,0.0
ENSG00000112874,NUDT12,6.878782591182884e-05,3631,-0.049443164362516494,higher rank -> less PD-like,0.0
ENSG00000139910,NOVA1,6.878518436215654e-05,3632,0.3175883256528244,higher rank -> more PD-like,0.0
ENSG00000170624,SGCD,6.877693624700918e-05,3633,-0.003744284565896425,higher rank -> less PD-like,0.0
ENSG00000075336,TIMM21,6.877579539094617e-05,3634,0.003984254992319258,higher rank -> more PD-like,0.0
ENSG00000173757,STAT5B,6.877489156659308e-05,3635,0.021241614364220018,higher rank -> more PD-like,0.0
ENSG00000041357,PSMA4,6.875905794634061e-05,3636,-0.2232622887864701,higher rank -> less PD-like,0.0
ENSG00000154639,CXADR,6.875750202620918e-05,3637,0.06677307475848603,higher rank -> more PD-like,0.0
ENSG00000140262,TCF12,6.875332655840857e-05,3638,0.10263180002418629,higher rank -> more PD-like,0.0
ENSG00000172264,MACROD2,6.87439910862933e-05,3639,-0.1869239631336303,higher rank -> less PD-like,0.0
ENSG00000211455,STK38L,6.87434226681473e-05,3640,0.16160428193705478,higher rank -> more PD-like,0.0
ENSG00000167380,ZNF226,6.872082013323696e-05,3641,-0.02952188940092003,higher rank -> less PD-like,0.0
ENSG00000114956,DGUOK,6.871594494790914e-05,3642,0.08856566820276014,higher rank -> more PD-like,0.0
ENSG00000071889,FAM3A,6.867383800670385e-05,3643,-0.1383705161691847,higher rank -> less PD-like,0.0
ENSG00000067836,ROGDI,6.866939314242949e-05,3644,-0.2536002304147326,higher rank -> less PD-like,0.0
ENSG00000157625,TAB3,6.866475257426895e-05,3645,-0.2737615207373122,higher rank -> less PD-like,0.0
ENSG00000158528,PPP1R9A,6.86609090623878e-05,3646,0.189852150537624,higher rank -> more PD-like,0.0
ENSG00000117395,EBNA1BP2,6.865893733500741e-05,3647,-0.11758493646363151,higher rank -> less PD-like,0.0
ENSG00000153774,CFDP1,6.864097320010219e-05,3648,-0.13488863287249644,higher rank -> less PD-like,0.0
ENSG00000170275,CRTAP,6.863979701013576e-05,3649,0.04425883256528174,higher rank -> more PD-like,0.0
ENSG00000145740,SLC30A5,6.862938707990533e-05,3650,0.13652073732718145,higher rank -> more PD-like,0.0
ENSG00000168675,LDLRAD4,6.859752002135812e-05,3651,-0.3232526881720253,higher rank -> less PD-like,0.0
ENSG00000131966,ACTR10,6.857997418365819e-05,3652,-0.3325172811059726,higher rank -> less PD-like,0.0
ENSG00000089248,ERP29,6.856622437959663e-05,3653,0.01478512367046273,higher rank -> more PD-like,0.0
ENSG00000004897,CDC27,6.855951313448334e-05,3654,-0.07522171685589328,higher rank -> less PD-like,0.0
ENSG00000158195,WASF2,6.855938831417973e-05,3655,0.04608294930875324,higher rank -> more PD-like,0.0
ENSG00000105698,USF2,6.852852515998979e-05,3656,0.06859639016896703,higher rank -> more PD-like,0.0
ENSG00000137218,FRS3,6.850408331309051e-05,3657,-0.12248130858826534,higher rank -> less PD-like,0.0
ENSG00000165801,ARHGEF40,6.848884735965685e-05,3658,-0.0392665130568335,higher rank -> less PD-like,0.0
ENSG00000146457,WTAP,6.848847905051253e-05,3659,0.21323220566297266,higher rank -> more PD-like,0.0
ENSG00000083520,DIS3,6.847799347102072e-05,3660,-0.12104119913984357,higher rank -> less PD-like,0.0
ENSG00000240694,PNMA2,6.847465031782881e-05,3661,-0.11856758832564634,higher rank -> less PD-like,0.0
ENSG00000197102,DYNC1H1,6.847204763351023e-05,3662,-0.09641532757183262,higher rank -> less PD-like,0.0
ENSG00000089486,CDIP1,6.846991720032982e-05,3663,0.040754608294928614,higher rank -> more PD-like,0.0
ENSG00000175221,MED16,6.846988564575553e-05,3664,0.0371063748079857,higher rank -> more PD-like,0.0
ENSG00000143878,RHOB,6.845762487847658e-05,3665,0.01531298003072111,higher rank -> more PD-like,0.0
ENSG00000136878,USP20,6.845140614442872e-05,3666,-0.2172619047618929,higher rank -> less PD-like,0.0
ENSG00000067798,NAV3,6.842728467545984e-05,3667,0.05381144393240876,higher rank -> more PD-like,0.0
ENSG00000065802,ASB1,6.841554266456323e-05,3668,-0.020377548695167003,higher rank -> less PD-like,0.0
ENSG00000197381,ADARB1,6.84073245874704e-05,3669,-0.17933947772656467,higher rank -> less PD-like,0.0
ENSG00000153914,SREK1,6.84020387421407e-05,3670,0.15277161065340167,higher rank -> more PD-like,0.0
ENSG00000138757,G3BP2,6.838133411200624e-05,3671,-0.10344662058371168,higher rank -> less PD-like,0.0
ENSG00000185627,PSMD13,6.838048837640765e-05,3672,-0.16268241167433822,higher rank -> less PD-like,0.0
ENSG00000133878,DUSP26,6.836763731447491e-05,3673,0.10656809918320555,higher rank -> more PD-like,0.0
ENSG00000173210,ABLIM3,6.836656486364009e-05,3674,-0.011952764976957858,higher rank -> less PD-like,0.0
ENSG00000092201,SUPT16H,6.836426237601826e-05,3675,-0.13508064516128293,higher rank -> less PD-like,0.0
ENSG00000166598,HSP90B1,6.832798499418632e-05,3676,0.21263216005946356,higher rank -> more PD-like,0.0
ENSG00000176406,RIMS2,6.832419773079434e-05,3677,0.2380952380952251,higher rank -> more PD-like,0.0
ENSG00000141503,MINK1,6.831921245607119e-05,3678,-0.015072964669738035,higher rank -> less PD-like,0.0
ENSG00000116750,UCHL5,6.831916577977343e-05,3679,-0.04327528892507198,higher rank -> less PD-like,0.0
ENSG00000173992,CCS,6.831265436341231e-05,3680,0.0036002304147463543,higher rank -> more PD-like,0.0
ENSG00000107829,FBXW4,6.830727382045274e-05,3681,-0.057532372464446764,higher rank -> less PD-like,0.0
ENSG00000134825,TMEM258,6.830562961149581e-05,3682,0.20276497695851423,higher rank -> more PD-like,0.0
ENSG00000140320,BAHD1,6.827324308719755e-05,3683,0.0401305683563726,higher rank -> more PD-like,0.0
ENSG00000101019,UQCC1,6.826267245487702e-05,3684,-0.015649001536097475,higher rank -> less PD-like,0.0
ENSG00000157800,SLC37A3,6.825576831153588e-05,3685,-0.2028129800307108,higher rank -> less PD-like,0.0
ENSG00000179091,CYC1,6.8245950971317e-05,3686,-0.09826228878647696,higher rank -> less PD-like,0.0
ENSG00000034510,TMSB10,6.824228926076104e-05,3687,-0.010128648233486418,higher rank -> less PD-like,0.0
ENSG00000141002,TCF25,6.823413056383187e-05,3688,-0.0298342674064695,higher rank -> less PD-like,0.0
ENSG00000162599,NFIA,6.823253041857257e-05,3689,0.1337365591397776,higher rank -> more PD-like,0.0
ENSG00000167964,RAB26,6.822360817250816e-05,3690,0.10349462365590828,higher rank -> more PD-like,0.0
ENSG00000168734,PKIG,6.821015816046511e-05,3691,-0.050595238095235306,higher rank -> less PD-like,0.0
ENSG00000152492,CCDC50,6.820288793331204e-05,3692,0.1940764208909264,higher rank -> more PD-like,0.0
ENSG00000109466,KLHL2,6.81895045352136e-05,3693,0.1467471527941709,higher rank -> more PD-like,0.0
ENSG00000134686,PHC2,6.81736898548401e-05,3694,-0.14525729646696592,higher rank -> less PD-like,0.0
ENSG00000124214,STAU1,6.814900980967281e-05,3695,-0.12115975422426371,higher rank -> less PD-like,0.0
ENSG00000075292,ZNF638,6.814743648816843e-05,3696,-0.14799524764946975,higher rank -> less PD-like,0.0
ENSG00000136738,STAM,6.814488880920896e-05,3697,-0.1958092312687389,higher rank -> less PD-like,0.0
ENSG00000105372,RPS19,6.814257989600189e-05,3698,0.025513939061204385,higher rank -> more PD-like,0.0
ENSG00000133275,CSNK1G2,6.813905824364024e-05,3699,0.0543394777265715,higher rank -> more PD-like,0.0
ENSG00000064787,BCAS1,6.811099588466116e-05,3700,0.09444717799232294,higher rank -> more PD-like,0.0
ENSG00000108433,GOSR2,6.810969628829218e-05,3701,-0.05702764976958211,higher rank -> less PD-like,0.08
ENSG00000091428,RAPGEF4,6.810556641562482e-05,3702,0.047571044546848386,higher rank -> more PD-like,0.0
ENSG00000129103,SUMF2,6.810132334428682e-05,3703,-0.0595718125960029,higher rank -> less PD-like,0.0
ENSG00000174695,TMEM167A,6.810125040196252e-05,3704,0.025393625192010896,higher rank -> more PD-like,0.0
ENSG00000144136,SLC20A1,6.809690626555452e-05,3705,-0.06749231950844486,higher rank -> less PD-like,0.0
ENSG00000171055,FEZ2,6.806158554218368e-05,3706,0.19134024577571915,higher rank -> more PD-like,0.0
ENSG00000164172,MOCS2,6.806026483303633e-05,3707,0.08026113671274522,higher rank -> more PD-like,0.0
ENSG00000104112,SCG3,6.805509441254408e-05,3708,-0.07553374056971798,higher rank -> less PD-like,0.0
ENSG00000118482,PHF3,6.805054499180884e-05,3709,0.07042050691243852,higher rank -> more PD-like,0.0
ENSG00000059691,GATB,6.804799195444874e-05,3710,-0.020809581529693495,higher rank -> less PD-like,0.0
ENSG00000149313,AASDHPPT,6.80363331933488e-05,3711,0.062307987711210135,higher rank -> more PD-like,0.0
ENSG00000134153,EMC7,6.801541076770306e-05,3712,-0.292626728110583,higher rank -> less PD-like,0.0
ENSG00000164292,RHOBTB3,6.799354562735708e-05,3713,0.07838901689707713,higher rank -> more PD-like,0.0
ENSG00000213047,DENND1B,6.799329225946391e-05,3714,0.14117703533025344,higher rank -> more PD-like,0.0
ENSG00000116254,CHD5,6.796896571484613e-05,3715,-0.05292402222949737,higher rank -> less PD-like,0.0
ENSG00000137449,CPEB2,6.796831075642408e-05,3716,-0.07027649769584868,higher rank -> less PD-like,0.0
ENSG00000108175,ZMIZ1,6.796391604718129e-05,3717,0.09048579109062484,higher rank -> more PD-like,0.0
ENSG00000122882,ECD,6.795781153985077e-05,3718,0.0019201228878647314,higher rank -> more PD-like,0.0
ENSG00000140443,IGF1R,6.789782957244221e-05,3719,0.28540569085303985,higher rank -> more PD-like,0.0
ENSG00000158882,TOMM40L,6.788381853816677e-05,3720,-0.19611890505089474,higher rank -> less PD-like,0.0
ENSG00000141404,GNAL,6.788245777753007e-05,3721,0.04526689708141072,higher rank -> more PD-like,0.0
ENSG00000168286,THAP11,6.787990577124027e-05,3722,0.07968509984638578,higher rank -> more PD-like,0.0
ENSG00000013441,CLK1,6.787732816391138e-05,3723,0.21764592933946578,higher rank -> more PD-like,0.0
ENSG00000171105,INSR,6.785610022706856e-05,3724,0.2502400153609694,higher rank -> more PD-like,0.0
ENSG00000145545,SRD5A1,6.776808108532932e-05,3725,0.008160522273425078,higher rank -> more PD-like,0.0
ENSG00000083168,KAT6A,6.776037629649814e-05,3726,0.20842933947771516,higher rank -> more PD-like,0.0
ENSG00000011426,ANLN,6.773957057183342e-05,3727,-0.09106182795698424,higher rank -> less PD-like,0.0
ENSG00000136856,SLC2A8,6.772602528118874e-05,3728,-0.09898233486942622,higher rank -> less PD-like,0.0
ENSG00000120913,PDLIM2,6.771184940382172e-05,3729,0.10272780732074771,higher rank -> more PD-like,0.0
ENSG00000123545,NDUFAF4,6.770458207255445e-05,3730,-0.09250303023695365,higher rank -> less PD-like,0.0
ENSG00000150625,GPM6A,6.76942416030241e-05,3731,0.14569282101020412,higher rank -> more PD-like,0.0
ENSG00000113384,GOLPH3,6.769297828216794e-05,3732,0.023281490015359712,higher rank -> more PD-like,0.0
ENSG00000165028,NIPSNAP3B,6.768023940657332e-05,3733,-0.1551459293394692,higher rank -> less PD-like,0.0
ENSG00000179387,ELMOD2,6.767190781349884e-05,3734,0.042507230552580384,higher rank -> more PD-like,0.0
ENSG00000155085,AK9,6.766797471220857e-05,3735,0.05381144393240872,higher rank -> more PD-like,0.0
ENSG00000181924,COA4,6.766429920976669e-05,3736,0.054892171809007,higher rank -> more PD-like,0.0
ENSG00000125779,PANK2,6.765952541365395e-05,3737,0.1535138248847842,higher rank -> more PD-like,0.0
ENSG00000186480,INSIG1,6.765231961326733e-05,3738,0.11131912442395706,higher rank -> more PD-like,0.0
ENSG00000139220,PPFIA2,6.763784970217512e-05,3739,-0.08731863622263554,higher rank -> less PD-like,0.0
ENSG00000163528,CHCHD4,6.763349771868248e-05,3740,-0.042411223256018954,higher rank -> less PD-like,0.0
ENSG00000168301,KCTD6,6.76221811130601e-05,3741,-0.06720430107526515,higher rank -> less PD-like,0.0
ENSG00000064601,CTSA,6.761221770533896e-05,3742,0.13666474654377128,higher rank -> more PD-like,0.0
ENSG00000115239,ASB3,6.758819117815633e-05,3743,0.05750768049154834,higher rank -> more PD-like,0.0
ENSG00000161082,CELF5,6.758339743971176e-05,3744,0.03057869093360792,higher rank -> more PD-like,0.0
ENSG00000109919,MTCH2,6.756236638297148e-05,3745,-0.0932699692780287,higher rank -> less PD-like,0.0
ENSG00000144746,ARL6IP5,6.755746729175484e-05,3746,0.1380568356374732,higher rank -> more PD-like,0.0
ENSG00000103423,DNAJA3,6.75266607741532e-05,3747,-0.11698489086012251,higher rank -> less PD-like,0.0
ENSG00000116005,PCYOX1,6.752276569937028e-05,3748,-0.04958717357910634,higher rank -> less PD-like,0.0
ENSG00000164104,HMGB2,6.751157806756141e-05,3749,0.0047523041474651926,higher rank -> more PD-like,0.0
ENSG00000205269,TMEM170B,6.750188410355732e-05,3750,-0.06350806451612556,higher rank -> less PD-like,0.0
ENSG00000110046,ATG2A,6.749096511158838e-05,3751,-0.003648233486942981,higher rank -> less PD-like,0.0
ENSG00000137955,RABGGTB,6.74796105709707e-05,3752,-0.2533122119815529,higher rank -> less PD-like,0.0
ENSG00000136875,PRPF4,6.746605582227408e-05,3753,-0.06648425499231585,higher rank -> less PD-like,0.0
ENSG00000186687,LYRM7,6.746557368031075e-05,3754,-0.0937271232681121,higher rank -> less PD-like,0.0
ENSG00000174953,DHX36,6.746163150793287e-05,3755,-0.1459790944216793,higher rank -> less PD-like,0.0
ENSG00000107874,CUEDC2,6.745010834242489e-05,3756,-0.08486943164362057,higher rank -> less PD-like,0.0
ENSG00000008300,CELSR3,6.744432592605795e-05,3757,-0.09317396313363545,higher rank -> less PD-like,0.0
ENSG00000174915,PTDSS2,6.743550251324016e-05,3758,-0.07447766030754209,higher rank -> less PD-like,0.0
ENSG00000155313,USP25,6.742122192867581e-05,3759,0.17895545314899172,higher rank -> more PD-like,0.0
ENSG00000092841,MYL6,6.741805672480619e-05,3760,0.1362807219661984,higher rank -> more PD-like,0.04
ENSG00000184216,IRAK1,6.739549845438392e-05,3761,-0.11424731182795075,higher rank -> less PD-like,0.0
ENSG00000149577,SIDT2,6.738307915082503e-05,3762,0.08758265628817953,higher rank -> more PD-like,0.0
ENSG00000109519,GRPEL1,6.738212161379351e-05,3763,0.19662058371734709,higher rank -> more PD-like,0.0
ENSG00000182923,CEP63,6.736899313040351e-05,3764,0.07142857142856752,higher rank -> more PD-like,0.0
ENSG00000165609,NUDT5,6.734182600193908e-05,3765,0.010752817214882011,higher rank -> more PD-like,0.0
ENSG00000155975,VPS37A,6.731406525401819e-05,3766,-0.11501536098309663,higher rank -> less PD-like,0.0
ENSG00000065526,SPEN,6.728659558964529e-05,3767,0.2244170557123811,higher rank -> more PD-like,0.0
ENSG00000164346,NSA2,6.724386355139977e-05,3768,0.0452194366804413,higher rank -> more PD-like,0.0
ENSG00000088247,KHSRP,6.724188030010897e-05,3769,-0.017569124423962173,higher rank -> less PD-like,0.0
ENSG00000168993,CPLX1,6.722741946292877e-05,3770,-0.0022801732933343663,higher rank -> less PD-like,0.0
ENSG00000165832,TRUB1,6.722513822055647e-05,3771,-0.040827102862755094,higher rank -> less PD-like,0.0
ENSG00000186184,POLR1D,6.72156643331468e-05,3772,0.12869623655913273,higher rank -> more PD-like,0.0
ENSG00000165416,SUGT1,6.721523189801163e-05,3773,-0.1215917818740333,higher rank -> less PD-like,0.0
ENSG00000072210,ALDH3A2,6.721509740526068e-05,3774,0.040370583717355635,higher rank -> more PD-like,0.0
ENSG00000064687,ABCA7,6.719243268360657e-05,3775,-0.019801742559047524,higher rank -> less PD-like,0.0
ENSG00000197756,RPL37A,6.718682492232441e-05,3776,0.0204973118279559,higher rank -> more PD-like,0.04
ENSG00000066777,ARFGEF1,6.718393113749607e-05,3777,-0.2358870967741806,higher rank -> less PD-like,0.0
ENSG00000179115,FARSA,6.717396571087794e-05,3778,-0.09163786482334367,higher rank -> less PD-like,0.0
ENSG00000178951,ZBTB7A,6.715985287224478e-05,3779,-0.09807027649769047,higher rank -> less PD-like,0.0
ENSG00000159409,CELF3,6.713204558468852e-05,3780,-0.15099547566701493,higher rank -> less PD-like,0.0
ENSG00000067829,IDH3G,6.712546046141022e-05,3781,-0.0189614410708857,higher rank -> less PD-like,0.0
ENSG00000164815,ORC5,6.712173042350777e-05,3782,-0.19897273425498146,higher rank -> less PD-like,0.0
ENSG00000136731,UGGT1,6.711142551652822e-05,3783,0.14429896673185402,higher rank -> more PD-like,0.0
ENSG00000169744,LDB2,6.711067977942238e-05,3784,-0.09101382488478761,higher rank -> less PD-like,0.0
ENSG00000141551,CSNK1D,6.711027995906416e-05,3785,-0.24227150537633083,higher rank -> less PD-like,0.0
ENSG00000084693,AGBL5,6.710409893941157e-05,3786,-0.004344330169405447,higher rank -> less PD-like,0.0
ENSG00000132383,RPA1,6.709858982011728e-05,3787,-0.13354454685099112,higher rank -> less PD-like,0.0
ENSG00000163636,PSMD6,6.709679824871571e-05,3788,-0.12663210445467815,higher rank -> less PD-like,0.0
ENSG00000111906,HDDC2,6.705829809184638e-05,3789,-0.09365511779569097,higher rank -> less PD-like,0.0
ENSG00000134758,RNF138,6.705275216055371e-05,3790,-0.07910906298002639,higher rank -> less PD-like,0.0
ENSG00000173267,SNCG,6.704916422009212e-05,3791,-0.06451612903225455,higher rank -> less PD-like,0.0
ENSG00000077549,CAPZB,6.703854764413335e-05,3792,-0.03331413210445286,higher rank -> less PD-like,0.0
ENSG00000079332,SAR1A,6.702657400673368e-05,3793,0.027649769585251945,higher rank -> more PD-like,0.0
ENSG00000100575,TIMM9,6.702436891475907e-05,3794,0.1911745292779803,higher rank -> more PD-like,0.0
ENSG00000005100,DHX33,6.701813386658539e-05,3795,0.11031238374910199,higher rank -> more PD-like,0.0
ENSG00000156873,PHKG2,6.698274282195616e-05,3796,-0.064708141321041,higher rank -> less PD-like,0.0
ENSG00000008735,MAPK8IP2,6.697556232459435e-05,3797,-0.11952764976957873,higher rank -> less PD-like,0.0
ENSG00000184640,SEPTIN9,6.69376557813412e-05,3798,-0.07983006709084275,higher rank -> less PD-like,0.0
ENSG00000102119,EMD,6.693118351751419e-05,3799,-0.10843894009216,higher rank -> less PD-like,0.0
ENSG00000169783,LINGO1,6.691673931431159e-05,3800,-0.20396505376342972,higher rank -> less PD-like,0.0
ENSG00000137288,UQCC2,6.689982367338897e-05,3801,-0.09182987711213014,higher rank -> less PD-like,0.0
ENSG00000175606,TMEM70,6.687215378395816e-05,3802,0.036770794583033985,higher rank -> more PD-like,0.0
ENSG00000143799,PARP1,6.684653548334571e-05,3803,-0.05184394014318108,higher rank -> less PD-like,0.0
ENSG00000132356,PRKAA1,6.680006446305246e-05,3804,-0.04435483870967499,higher rank -> less PD-like,0.0
ENSG00000130177,CDC16,6.677730194482468e-05,3805,0.004896313364055012,higher rank -> more PD-like,0.0
ENSG00000174775,HRAS,6.676232658298958e-05,3806,-0.14583333333332538,higher rank -> less PD-like,0.0
ENSG00000162511,LAPTM5,6.676091547594736e-05,3807,0.11827956989246664,higher rank -> more PD-like,0.0
ENSG00000123159,GIPC1,6.675475858984643e-05,3808,-0.18250768049154145,higher rank -> less PD-like,0.0
ENSG00000172201,ID4,6.674472807262785e-05,3809,0.06386885403750228,higher rank -> more PD-like,0.0
ENSG00000111642,CHD4,6.674148138298719e-05,3810,0.06763632872503468,higher rank -> more PD-like,0.0
ENSG00000100320,RBFOX2,6.673860967804362e-05,3811,0.020545314900152496,higher rank -> more PD-like,0.0
ENSG00000140983,RHOT2,6.673612161762943e-05,3812,-0.0941820276497644,higher rank -> less PD-like,0.0
ENSG00000110048,OSBP,6.671335209912668e-05,3813,-0.2939228110598917,higher rank -> less PD-like,0.0
ENSG00000159840,ZYX,6.669922332662063e-05,3814,0.03504224270353112,higher rank -> more PD-like,0.0
ENSG00000145362,ANK2,6.667813096977227e-05,3815,-0.003024193548386915,higher rank -> less PD-like,0.0
ENSG00000091009,RBM27,6.664314133560506e-05,3816,0.05371543778801547,higher rank -> more PD-like,0.0
ENSG00000166266,CUL5,6.664032383088597e-05,3817,0.055155529953914,higher rank -> more PD-like,0.0
ENSG00000139163,ETNK1,6.663801390590627e-05,3818,-0.050067204301072525,higher rank -> less PD-like,0.0
ENSG00000177683,THAP5,6.661493700981205e-05,3819,-0.0738287250383984,higher rank -> less PD-like,0.0
ENSG00000166676,TVP23A,6.657956968747208e-05,3820,0.032210061443930633,higher rank -> more PD-like,0.0
ENSG00000107130,NCS1,6.65766178104839e-05,3821,-0.025153609831027848,higher rank -> less PD-like,0.0
ENSG00000104164,BLOC1S6,6.656958293652509e-05,3822,-0.1514976958525263,higher rank -> less PD-like,0.0
ENSG00000105058,FAM32A,6.656654956746524e-05,3823,-0.024769585253454844,higher rank -> less PD-like,0.0
ENSG00000101146,RAE1,6.656540221391507e-05,3824,0.02318548387096648,higher rank -> more PD-like,0.0
ENSG00000145022,TCTA,6.656532165893069e-05,3825,-0.026113671274960157,higher rank -> less PD-like,0.0
ENSG00000211445,GPX3,6.655982520203573e-05,3826,-0.11688748079876472,higher rank -> less PD-like,0.0
ENSG00000085433,WDR47,6.655571272610348e-05,3827,-0.0028082134244223115,higher rank -> less PD-like,0.0
ENSG00000125503,PPP1R12C,6.655371428456541e-05,3828,-0.3017989367409069,higher rank -> less PD-like,0.0
ENSG00000100379,KCTD17,6.654704843372534e-05,3829,0.07870198135624572,higher rank -> more PD-like,0.0
ENSG00000074071,MRPS34,6.654306392707497e-05,3830,0.03302690637727198,higher rank -> more PD-like,0.0
ENSG00000133134,BEX2,6.654127038499721e-05,3831,-0.23675115207371972,higher rank -> less PD-like,0.0
ENSG00000175893,ZDHHC21,6.653555733703516e-05,3832,-0.045218894009214125,higher rank -> less PD-like,0.0
ENSG00000125166,GOT2,6.651341755064746e-05,3833,0.042098694316433934,higher rank -> more PD-like,0.0
ENSG00000240682,ISY1,6.650031566094163e-05,3834,-0.006816436251919767,higher rank -> less PD-like,0.0
ENSG00000157778,PSMG3,6.648545481519778e-05,3835,-0.0714774322899969,higher rank -> less PD-like,0.0
ENSG00000128654,MTX2,6.647983037586832e-05,3836,-0.19321468432991096,higher rank -> less PD-like,0.0
ENSG00000145979,TBC1D7,6.646690183276624e-05,3837,-0.19429709820059352,higher rank -> less PD-like,0.0
ENSG00000139405,RITA1,6.645499741281698e-05,3838,-0.17953149001535115,higher rank -> less PD-like,0.0
ENSG00000090238,YPEL3,6.641575319897111e-05,3839,0.08100615647372045,higher rank -> more PD-like,0.0
ENSG00000179796,LRRC3B,6.640228212709815e-05,3840,-0.18389976958524343,higher rank -> less PD-like,0.0
ENSG00000188895,MSL1,6.639858705902085e-05,3841,0.1103603873973827,higher rank -> more PD-like,0.04
ENSG00000100425,BRD1,6.63885885856231e-05,3842,0.043538786482332496,higher rank -> more PD-like,0.0
ENSG00000139112,GABARAPL1,6.637717025115446e-05,3843,-0.06264400921658649,higher rank -> less PD-like,0.0
ENSG00000126803,HSPA2,6.637264280064123e-05,3844,0.05813172043010434,higher rank -> more PD-like,0.0
ENSG00000176623,RMDN1,6.635653381269645e-05,3845,-0.28792588238777794,higher rank -> less PD-like,0.0
ENSG00000162607,USP1,6.635557305384447e-05,3846,-0.03609874350710387,higher rank -> less PD-like,0.0
ENSG00000160679,CHTOP,6.634165717583433e-05,3847,0.026497695852533112,higher rank -> more PD-like,0.0
ENSG00000097033,SH3GLB1,6.634061637993484e-05,3848,0.2368951612903096,higher rank -> more PD-like,0.0
ENSG00000205356,TECPR1,6.63294820536961e-05,3849,-0.097878264208904,higher rank -> less PD-like,0.0
ENSG00000157916,RER1,6.632601754564453e-05,3850,-0.21596841361497376,higher rank -> less PD-like,0.0
ENSG00000135365,PHF21A,6.631801904628795e-05,3851,0.21836597542241507,higher rank -> more PD-like,0.0
ENSG00000148606,POLR3A,6.63043140614438e-05,3852,0.05961981566819947,higher rank -> more PD-like,0.0
ENSG00000072832,CRMP1,6.629770615131813e-05,3853,-0.1165034562211918,higher rank -> less PD-like,0.0
ENSG00000159685,CHCHD6,6.629756583972888e-05,3854,-0.012960829493086834,higher rank -> less PD-like,0.0
ENSG00000198915,RASGEF1A,6.62829739614738e-05,3855,-0.1713229646697295,higher rank -> less PD-like,0.0
ENSG00000181035,SLC25A42,6.6278043591704e-05,3856,-0.0765649001536056,higher rank -> less PD-like,0.0
ENSG00000008256,CYTH3,6.62617534190964e-05,3857,-0.11827956989246666,higher rank -> less PD-like,0.0
ENSG00000115137,DNAJC27,6.624462898094934e-05,3858,-0.05333141321044256,higher rank -> less PD-like,0.0
ENSG00000058091,CDK14,6.623100511237196e-05,3859,-0.1875480030721863,higher rank -> less PD-like,0.0
ENSG00000154122,ANKH,6.623044129179259e-05,3860,-0.0043682795698922056,higher rank -> less PD-like,0.0
ENSG00000135052,GOLM1,6.621494633897334e-05,3861,0.2513951060461475,higher rank -> more PD-like,0.0
ENSG00000106701,FSD1L,6.620939975341227e-05,3862,-0.006240399385560327,higher rank -> less PD-like,0.0
ENSG00000146267,FAXC,6.61914866052904e-05,3863,-0.13949692780337175,higher rank -> less PD-like,0.0
ENSG00000141560,FN3KRP,6.618907481231684e-05,3864,-0.07258064516128634,higher rank -> less PD-like,0.0
ENSG00000196116,TDRD7,6.618558524558743e-05,3865,-0.1798675115207275,higher rank -> less PD-like,0.0
ENSG00000166946,CCNDBP1,6.618295240955839e-05,3866,-0.09984639016896535,higher rank -> less PD-like,0.0
ENSG00000127463,EMC1,6.617031629129328e-05,3867,-0.20742127496158622,higher rank -> less PD-like,0.0
ENSG00000146247,PHIP,6.617002182409513e-05,3868,0.06336481573055468,higher rank -> more PD-like,0.0
ENSG00000067225,PKM,6.616346654310108e-05,3869,0.03168202764976783,higher rank -> more PD-like,0.0
ENSG00000135018,UBQLN1,6.615795302549347e-05,3870,0.052035954736303985,higher rank -> more PD-like,0.0
ENSG00000177613,CSTF2T,6.615519797931651e-05,3871,0.06283602150537289,higher rank -> more PD-like,0.0
ENSG00000141298,SSH2,6.615503150953172e-05,3872,0.014976958525344778,higher rank -> more PD-like,0.0
ENSG00000180104,EXOC3,6.614892573056477e-05,3873,0.0896697388632823,higher rank -> more PD-like,0.0
ENSG00000127947,PTPN12,6.614279594297263e-05,3874,-0.06374807987710862,higher rank -> less PD-like,0.0
ENSG00000138942,RNF185,6.609158490665974e-05,3875,0.1860621407360832,higher rank -> more PD-like,0.0
ENSG00000115306,SPTBN1,6.608769179726434e-05,3876,0.10906428889380312,higher rank -> more PD-like,0.0
ENSG00000151500,THYN1,6.608186478326504e-05,3877,0.1604742703532938,higher rank -> more PD-like,0.0
ENSG00000075340,ADD2,6.605115808585782e-05,3878,0.16141226734393183,higher rank -> more PD-like,0.0
ENSG00000174282,ZBTB4,6.604108946265702e-05,3879,0.028993855606757244,higher rank -> more PD-like,0.0
ENSG00000139624,CERS5,6.604074994484662e-05,3880,0.14398694301802936,higher rank -> more PD-like,0.0
ENSG00000114857,NKTR,6.602555657485553e-05,3881,0.12211981566819603,higher rank -> more PD-like,0.04
ENSG00000162910,MRPL55,6.600446994625381e-05,3882,-0.042747248793984026,higher rank -> less PD-like,0.0
ENSG00000130540,SULT4A1,6.598933351803427e-05,3883,0.00792050691244193,higher rank -> more PD-like,0.0
ENSG00000163875,MEAF6,6.597757294323234e-05,3884,-0.20351390928262286,higher rank -> less PD-like,0.0
ENSG00000169432,SCN9A,6.597454251918042e-05,3885,0.07536482334869021,higher rank -> more PD-like,0.0
ENSG00000064651,SLC12A2,6.596375192780007e-05,3886,-0.0559715821812565,higher rank -> less PD-like,0.0
ENSG00000164054,SHISA5,6.594912654440888e-05,3887,-0.03684280005545509,higher rank -> less PD-like,0.0
ENSG00000134262,AP4B1,6.594389886389463e-05,3888,-0.2921466973886169,higher rank -> less PD-like,0.0
ENSG00000079246,XRCC5,6.59262930626163e-05,3889,-0.10243855606758272,higher rank -> less PD-like,0.0
ENSG00000198646,NCOA6,6.590846315662291e-05,3890,0.07502880184331387,higher rank -> more PD-like,0.0
ENSG00000125843,AP5S1,6.590546072616646e-05,3891,-0.14688940092165098,higher rank -> less PD-like,0.0
ENSG00000113597,TRAPPC13,6.58867153203628e-05,3892,-0.14847350230413936,higher rank -> less PD-like,0.0
ENSG00000119242,CCDC92,6.588523457870852e-05,3893,-0.030289938556065914,higher rank -> less PD-like,0.0
ENSG00000151552,QDPR,6.587118292083235e-05,3894,0.004200319224563288,higher rank -> more PD-like,0.0
ENSG00000137710,RDX,6.58581177920511e-05,3895,0.0071044546850994855,higher rank -> more PD-like,0.0
ENSG00000121671,CRY2,6.583766218651057e-05,3896,-0.16556259600613532,higher rank -> less PD-like,0.0
ENSG00000118564,FBXL5,6.582820556187962e-05,3897,-0.10661482334868845,higher rank -> less PD-like,0.0
ENSG00000100348,TXN2,6.582608338687158e-05,3898,-0.07694984819399933,higher rank -> less PD-like,0.0
ENSG00000133026,MYH10,6.581905470890483e-05,3899,0.14396121351765723,higher rank -> more PD-like,0.0
ENSG00000141469,SLC14A1,6.581518536335014e-05,3900,0.07526881720429693,higher rank -> more PD-like,0.0
ENSG00000134884,ARGLU1,6.581034040399668e-05,3901,0.2275825652841657,higher rank -> more PD-like,0.0
ENSG00000110768,GTF2H1,6.579976916168886e-05,3902,0.19371872263685858,higher rank -> more PD-like,0.0
ENSG00000140718,FTO,6.57933216630889e-05,3903,0.006408487045476544,higher rank -> more PD-like,0.0
ENSG00000175166,PSMD2,6.579044743701018e-05,3904,-0.14535330261135912,higher rank -> less PD-like,0.0
ENSG00000006831,ADIPOR2,6.577629338317436e-05,3905,0.054339477726571515,higher rank -> more PD-like,0.0
ENSG00000042753,AP2S1,6.57492222686776e-05,3906,0.14420122887864026,higher rank -> more PD-like,0.0
ENSG00000085872,CHERP,6.573468001064417e-05,3907,0.023041474654376618,higher rank -> more PD-like,0.0
ENSG00000100592,DAAM1,6.572156237739623e-05,3908,0.16976693953956734,higher rank -> more PD-like,0.0
ENSG00000162728,KCNJ9,6.571954467523218e-05,3909,-0.21721650847027257,higher rank -> less PD-like,0.0
ENSG00000179195,ZNF664,6.570508757596068e-05,3910,-0.04161866359446778,higher rank -> less PD-like,0.0
ENSG00000148308,GTF3C5,6.569662120276569e-05,3911,-0.09259792626727603,higher rank -> less PD-like,0.0
ENSG00000033170,FUT8,6.569350054154201e-05,3912,0.08640552995391229,higher rank -> more PD-like,0.0
ENSG00000120137,PANK3,6.569060292797975e-05,3913,-0.005088325652841492,higher rank -> less PD-like,0.0
ENSG00000180398,MCFD2,6.568911744905362e-05,3914,-0.14290686093171304,higher rank -> less PD-like,0.0
ENSG00000176533,GNG7,6.568691690945818e-05,3915,0.02474588068871285,higher rank -> more PD-like,0.0
ENSG00000119537,KDSR,6.568620796820813e-05,3916,-0.06730030721965834,higher rank -> less PD-like,0.0
ENSG00000138639,ARHGAP24,6.567676968836345e-05,3917,-0.19321236559138724,higher rank -> less PD-like,0.0
ENSG00000137947,GTF2B,6.567366604430186e-05,3918,-0.0906298003072147,higher rank -> less PD-like,0.0
ENSG00000119718,EIF2B2,6.56571206091803e-05,3919,0.11184715821811984,higher rank -> more PD-like,0.0
ENSG00000143669,LYST,6.564841580085863e-05,3920,0.23814324116742164,higher rank -> more PD-like,0.0
ENSG00000125814,NAPB,6.56469701585695e-05,3921,0.08683755760368184,higher rank -> more PD-like,0.0
ENSG00000167555,ZNF528,6.561896870140871e-05,3922,0.08515745007680031,higher rank -> more PD-like,0.0
ENSG00000163444,TMEM183A,6.558185291478744e-05,3923,0.029185867895543723,higher rank -> more PD-like,0.0
ENSG00000009307,CSDE1,6.55679847738541e-05,3924,-0.0033602150537632527,higher rank -> less PD-like,0.0
ENSG00000065491,TBC1D22B,6.556127916661416e-05,3925,0.0005280401310879649,higher rank -> more PD-like,0.0
ENSG00000173320,STOX2,6.556117179195145e-05,3926,0.0697964669738825,higher rank -> more PD-like,0.0
ENSG00000158417,EIF5B,6.555428841588987e-05,3927,0.08789362519200747,higher rank -> more PD-like,0.0
ENSG00000142687,KIAA0319L,6.553815466302958e-05,3928,-0.0767347526803332,higher rank -> less PD-like,0.0
ENSG00000148660,CAMK2G,6.553342723525268e-05,3929,-0.08064612911161505,higher rank -> less PD-like,0.0
ENSG00000163453,IGFBP7,6.552918903605026e-05,3930,-0.01953748485025437,higher rank -> less PD-like,0.0
ENSG00000111786,SRSF9,6.55077993773261e-05,3931,-0.20511712749614852,higher rank -> less PD-like,0.0
ENSG00000119401,TRIM32,6.548802138957112e-05,3932,0.17569124423962165,higher rank -> more PD-like,0.0
ENSG00000155304,HSPA13,6.547662780941144e-05,3933,-0.07147657450076413,higher rank -> less PD-like,0.0
ENSG00000175224,ATG13,6.543679325269556e-05,3934,-0.12476148188159969,higher rank -> less PD-like,0.0
ENSG00000139687,RB1,6.542554212860727e-05,3935,0.05210796020872504,higher rank -> more PD-like,0.0
ENSG00000196290,NIF3L1,6.542169335234218e-05,3936,-0.13728878648232737,higher rank -> less PD-like,0.0
ENSG00000069535,MAOB,6.538211560070764e-05,3937,0.1791474654377782,higher rank -> more PD-like,0.0
ENSG00000073969,NSF,6.538130807275653e-05,3938,0.012408943080566948,higher rank -> more PD-like,0.0
ENSG00000139793,MBNL2,6.53797251929832e-05,3939,0.09533410138248327,higher rank -> more PD-like,0.0
ENSG00000157637,SLC38A10,6.535076423910443e-05,3940,0.07378072196620176,higher rank -> more PD-like,0.0
ENSG00000147669,POLR2K,6.534639868447804e-05,3941,-0.20761328725037265,higher rank -> less PD-like,0.0
ENSG00000171307,ZDHHC16,6.532942077064115e-05,3942,-0.10805491551458703,higher rank -> less PD-like,0.0
ENSG00000128268,MGAT3,6.532605753341391e-05,3943,-0.099031526403132,higher rank -> less PD-like,0.0
ENSG00000095564,BTAF1,6.529045744270196e-05,3944,-0.13762480798770366,higher rank -> less PD-like,0.0
ENSG00000133657,ATP13A3,6.527246956868737e-05,3945,-0.04214770901053021,higher rank -> less PD-like,0.04
ENSG00000100151,PICK1,6.526880023720404e-05,3946,-0.24078341013823565,higher rank -> less PD-like,0.0
ENSG00000113013,HSPA9,6.526774231734424e-05,3947,-0.00532834101382459,higher rank -> less PD-like,0.0
ENSG00000112110,MRPL18,6.525780826086716e-05,3948,0.21162662320378414,higher rank -> more PD-like,0.0
ENSG00000171634,BPTF,6.5256902737292e-05,3949,0.3090474876312961,higher rank -> more PD-like,0.0
ENSG00000184368,MAP7D2,6.524797453491652e-05,3950,0.04310675883256292,higher rank -> more PD-like,0.0
ENSG00000130939,UBE4B,6.524203600389097e-05,3951,0.11266456251485746,higher rank -> more PD-like,0.0
ENSG00000136319,TTC5,6.5240292993872e-05,3952,-0.04310675883256292,higher rank -> less PD-like,0.0
ENSG00000148943,LIN7C,6.522774081255212e-05,3953,0.027745775729645157,higher rank -> more PD-like,0.0
ENSG00000112249,ASCC3,6.522597841932859e-05,3954,-0.11967309516384302,higher rank -> less PD-like,0.0
ENSG00000070371,CLTCL1,6.521612523029836e-05,3955,-0.1489055299539089,higher rank -> less PD-like,0.0
ENSG00000083454,P2RX5,6.520796662810266e-05,3956,0.21044546850997312,higher rank -> more PD-like,0.0
ENSG00000112200,ZNF451,6.518389686441093e-05,3957,-0.1326324884792554,higher rank -> less PD-like,0.0
ENSG00000124120,TTPAL,6.517843186489192e-05,3958,-0.08626152073732245,higher rank -> less PD-like,0.0
ENSG00000147419,CCDC25,6.516997705744313e-05,3959,0.021265360983101753,higher rank -> more PD-like,0.0
ENSG00000023318,ERP44,6.516894544774025e-05,3960,-0.02366579860239655,higher rank -> less PD-like,0.0
ENSG00000106392,C1GALT1,6.515326935066253e-05,3961,-0.025081906226677875,higher rank -> less PD-like,0.0
ENSG00000165417,GTF2A1,6.515036149409251e-05,3962,-0.21116804878690149,higher rank -> less PD-like,0.0
ENSG00000109065,NAT9,6.513734569679295e-05,3963,0.13570468509983893,higher rank -> more PD-like,0.0
ENSG00000176871,WSB2,6.513686598846573e-05,3964,-0.1607622887864735,higher rank -> less PD-like,0.0
ENSG00000080345,RIF1,6.512786407861977e-05,3965,0.05710102490663517,higher rank -> more PD-like,0.0
ENSG00000124523,SIRT5,6.512280918010688e-05,3966,-0.08079014005645718,higher rank -> less PD-like,0.0
ENSG00000188191,PRKAR1B,6.512054966530703e-05,3967,0.059235791090626544,higher rank -> more PD-like,0.0
ENSG00000145348,TBCK,6.51124605959838e-05,3968,0.22081413210444256,higher rank -> more PD-like,0.0
ENSG00000007047,MARK4,6.510041158491213e-05,3969,-0.20905337941627122,higher rank -> less PD-like,0.0
ENSG00000086504,MRPL28,6.505059355034509e-05,3970,-0.13484062980029982,higher rank -> less PD-like,0.0
ENSG00000155961,RAB39B,6.504585719381961e-05,3971,-0.11967165898616856,higher rank -> less PD-like,0.0
ENSG00000112305,SMAP1,6.504312191087984e-05,3972,-0.18149961597541248,higher rank -> less PD-like,0.0
ENSG00000248092,NNT-AS1,6.503591628459051e-05,3973,0.040082565284175996,higher rank -> more PD-like,0.0
ENSG00000128791,TWSG1,6.503436900539654e-05,3974,0.13599270353301865,higher rank -> more PD-like,0.0
ENSG00000204899,MZT1,6.501383789731223e-05,3975,0.05904448738528956,higher rank -> more PD-like,0.0
ENSG00000132300,PTCD3,6.501200683245658e-05,3976,0.015600998463900853,higher rank -> more PD-like,0.0
ENSG00000143157,POGK,6.501095242239261e-05,3977,0.18865207373270856,higher rank -> more PD-like,0.0
ENSG00000119787,ATL2,6.498646861936639e-05,3978,0.06888440860214674,higher rank -> more PD-like,0.0
ENSG00000166579,NDEL1,6.498446502579924e-05,3979,-0.07872503840245344,higher rank -> less PD-like,0.0
ENSG00000101350,KIF3B,6.498379647761898e-05,3980,0.04697156984268765,higher rank -> more PD-like,0.0
ENSG00000055044,NOP58,6.497983522331971e-05,3981,0.14362519201228094,higher rank -> more PD-like,0.0
ENSG00000078674,PCM1,6.496233390054558e-05,3982,0.1677707373271797,higher rank -> more PD-like,0.0
ENSG00000173744,AGFG1,6.495426696297597e-05,3983,-0.07195660522273035,higher rank -> less PD-like,0.0
ENSG00000078053,AMPH,6.494525616871456e-05,3984,-0.0577003852334293,higher rank -> less PD-like,0.0
ENSG00000141447,OSBPL1A,6.492909442952975e-05,3985,0.18029953917049704,higher rank -> more PD-like,0.0
ENSG00000122085,MTERF4,6.490605678898082e-05,3986,-0.01968125960061336,higher rank -> less PD-like,0.0
ENSG00000118260,CREB1,6.48935585261518e-05,3987,0.013609034287585049,higher rank -> more PD-like,0.0
ENSG00000164975,SNAPC3,6.487757987222036e-05,3988,0.03792242703532819,higher rank -> more PD-like,0.0
ENSG00000101966,XIAP,6.48728587945802e-05,3989,0.2312575755923842,higher rank -> more PD-like,0.0
ENSG00000134897,BIVM,6.486780612663399e-05,3990,-0.11062440746292666,higher rank -> less PD-like,0.0
ENSG00000040933,INPP4A,6.484867580779803e-05,3991,0.007536572780073542,higher rank -> more PD-like,0.0
ENSG00000127561,SYNGR3,6.484154605657955e-05,3992,-0.12768817204300376,higher rank -> less PD-like,0.0
ENSG00000129562,DAD1,6.483904087329812e-05,3993,-0.105414746543773,higher rank -> less PD-like,0.0
ENSG00000069956,MAPK6,6.483863039295624e-05,3994,0.21721390168969623,higher rank -> more PD-like,0.0
ENSG00000150967,ABCB9,6.481424350795481e-05,3995,-0.2788498463901537,higher rank -> less PD-like,0.0
ENSG00000166479,TMX3,6.481184526954036e-05,3996,-0.08163020390136985,higher rank -> less PD-like,0.0
ENSG00000099942,CRKL,6.478362220493523e-05,3997,-0.039698540706603044,higher rank -> less PD-like,0.0
ENSG00000067057,PFKP,6.477634186527969e-05,3998,-0.03633876174850744,higher rank -> less PD-like,0.0
ENSG00000131378,RFTN1,6.477581390744959e-05,3999,0.15682603686635083,higher rank -> more PD-like,0.0
ENSG00000237190,CDKN2AIPNL,6.47727595469859e-05,4000,-0.011568740399384948,higher rank -> less PD-like,0.0
ENSG00000215712,TMEM242,6.475771007392468e-05,4001,-0.22599846390167735,higher rank -> less PD-like,0.0
ENSG00000144645,OSBPL10,6.473705715697864e-05,4002,0.08477342549922733,higher rank -> more PD-like,0.0
ENSG00000086232,EIF2AK1,6.473568534018198e-05,4003,0.12209727940201955,higher rank -> more PD-like,0.0
ENSG00000063046,EIF4B,6.470268560381984e-05,4004,0.12043970814131447,higher rank -> more PD-like,0.0
ENSG00000117016,RIMS3,6.468177964401051e-05,4005,-0.09677419354838179,higher rank -> less PD-like,0.0
ENSG00000144744,UBA3,6.466849113286362e-05,4006,-0.018337173579108027,higher rank -> less PD-like,0.0
ENSG00000100030,MAPK1,6.464987112862202e-05,4007,0.20492511520736206,higher rank -> more PD-like,0.0
ENSG00000059915,PSD,6.463156215023822e-05,4008,0.006024457859230728,higher rank -> more PD-like,0.0
ENSG00000149658,YTHDF1,6.462584260878205e-05,4009,0.11539938556066953,higher rank -> more PD-like,0.0
ENSG00000204186,ZDBF2,6.461839140223744e-05,4010,0.11304859170110323,higher rank -> more PD-like,0.0
ENSG00000125826,RBCK1,6.461212870002668e-05,4011,0.08355034983259878,higher rank -> more PD-like,0.0
ENSG00000183255,PTTG1IP,6.460407563525536e-05,4012,0.00537634408602122,higher rank -> more PD-like,0.0
ENSG00000171223,JUNB,6.459282973465253e-05,4013,0.08534946236558671,higher rank -> more PD-like,0.0
ENSG00000102524,TNFSF13B,6.458963759322204e-05,4014,0.19758064516127952,higher rank -> more PD-like,0.0
ENSG00000156298,TSPAN7,6.45831666740944e-05,4015,0.07574884792626313,higher rank -> more PD-like,0.0
ENSG00000118454,ANKRD13C,6.458120263303776e-05,4016,-0.11914362519200573,higher rank -> less PD-like,0.0
ENSG00000070770,CSNK2A2,6.457034405286892e-05,4017,0.2244890611848022,higher rank -> more PD-like,0.0
ENSG00000144036,EXOC6B,6.454284056029031e-05,4018,-0.3733723763274652,higher rank -> less PD-like,0.0
ENSG00000165280,VCP,6.45110982358514e-05,4019,-0.2145737327188823,higher rank -> less PD-like,0.0
ENSG00000157869,RAB28,6.450867850409618e-05,4020,0.06336405529953569,higher rank -> more PD-like,0.0
ENSG00000092203,TOX4,6.450817086874216e-05,4021,-0.22643049155144687,higher rank -> less PD-like,0.0
ENSG00000136895,GARNL3,6.449964639522914e-05,4022,-0.20094086021504276,higher rank -> less PD-like,0.0
ENSG00000067606,PRKCZ,6.44956710077005e-05,4023,-0.24951996927802012,higher rank -> less PD-like,0.0
ENSG00000147162,OGT,6.44850622840997e-05,4024,0.10676011377632848,higher rank -> more PD-like,0.0
ENSG00000175662,TOM1L2,6.447783339151513e-05,4025,-0.09523809523809004,higher rank -> less PD-like,0.0
ENSG00000111845,PAK1IP1,6.447087489653934e-05,4026,0.12043970814131445,higher rank -> more PD-like,0.0
ENSG00000116455,WDR77,6.447011379406523e-05,4027,0.006528417818740042,higher rank -> more PD-like,0.0
ENSG00000082516,GEMIN5,6.446100739285187e-05,4028,-0.0024961597542241614,higher rank -> less PD-like,0.0
ENSG00000053770,AP5M1,6.442925828138916e-05,4029,-0.1197210988121237,higher rank -> less PD-like,0.0
ENSG00000149273,RPS3,6.442795723688573e-05,4030,0.1678947747885301,higher rank -> more PD-like,0.0
ENSG00000114107,CEP70,6.442482798574998e-05,4031,0.04999579968437325,higher rank -> more PD-like,0.0
ENSG00000075914,EXOSC7,6.439431526056296e-05,4032,0.10762288786481743,higher rank -> more PD-like,0.0
ENSG00000106829,TLE4,6.438404627745588e-05,4033,-0.03619431643624989,higher rank -> less PD-like,0.0
ENSG00000106077,ABHD11,6.437892235122094e-05,4034,-0.1472991947493992,higher rank -> less PD-like,0.0
ENSG00000080802,CNOT4,6.43649526466568e-05,4035,0.01492895545314818,higher rank -> more PD-like,0.0
ENSG00000182504,CEP97,6.436068069475691e-05,4036,0.08006912442395876,higher rank -> more PD-like,0.0
ENSG00000185787,MORF4L1,6.435240314817287e-05,4037,0.07997311827956549,higher rank -> more PD-like,0.0
ENSG00000142864,SERBP1,6.43454501552368e-05,4038,0.11847158218125313,higher rank -> more PD-like,0.0
ENSG00000087053,MTMR2,6.434490639874567e-05,4039,0.1376248079877037,higher rank -> more PD-like,0.0
ENSG00000176956,LY6H,6.431369334723879e-05,4040,0.014256912442395513,higher rank -> more PD-like,0.0
ENSG00000183172,SMDT1,6.431026900062093e-05,4041,-0.03396258115861168,higher rank -> less PD-like,0.0
ENSG00000129351,ILF3,6.430394765103711e-05,4042,0.0917338709677369,higher rank -> more PD-like,0.0
ENSG00000151778,SERP2,6.427766112390364e-05,4043,-0.05028382157405755,higher rank -> less PD-like,0.0
ENSG00000175283,DOLK,6.426702370726141e-05,4044,-0.08249426957042284,higher rank -> less PD-like,0.0
ENSG00000086598,TMED2,6.424939804979366e-05,4045,-0.027842116002819488,higher rank -> less PD-like,0.0
ENSG00000007392,LUC7L,6.424852149851202e-05,4046,-0.07099654377879795,higher rank -> less PD-like,0.0
ENSG00000174579,MSL2,6.424771641029477e-05,4047,0.06072388632872171,higher rank -> more PD-like,0.0
ENSG00000057019,DCBLD2,6.424513539471803e-05,4048,0.1904281874039834,higher rank -> more PD-like,0.0
ENSG00000068878,PSME4,6.423855010117994e-05,4049,0.08079014005645724,higher rank -> more PD-like,0.0
ENSG00000005981,ASB4,6.423094220362572e-05,4050,-0.013920890937019202,higher rank -> less PD-like,0.0
ENSG00000122218,COPA,6.422652675818208e-05,4051,-0.2908301031087616,higher rank -> less PD-like,0.0
ENSG00000197969,VPS13A,6.420526924277869e-05,4052,0.18274769585252454,higher rank -> more PD-like,0.0
ENSG00000164197,RNF180,6.419958078985989e-05,4053,0.03379456838962914,higher rank -> more PD-like,0.0
ENSG00000101977,MCF2,6.419623159059847e-05,4054,-0.30967153505894557,higher rank -> less PD-like,0.0
ENSG00000159363,ATP13A2,6.418637312991756e-05,4055,0.004440337465966855,higher rank -> more PD-like,0.0
ENSG00000099968,BCL2L13,6.415965667801385e-05,4056,-0.0965353366925344,higher rank -> less PD-like,0.0
ENSG00000131779,PEX11B,6.413316309007585e-05,4057,-0.005328341013824581,higher rank -> less PD-like,0.0
ENSG00000115944,COX7A2L,6.412819850748928e-05,4058,-0.15087365591397026,higher rank -> less PD-like,0.0
ENSG00000155980,KIF5A,6.41089111173645e-05,4059,-0.09672619047618512,higher rank -> less PD-like,0.0
ENSG00000106692,FKTN,6.41004116972803e-05,4060,-0.08347734254991863,higher rank -> less PD-like,0.0
ENSG00000134851,TMEM165,6.40670331249705e-05,4061,-0.058275729646694155,higher rank -> less PD-like,0.0
ENSG00000138029,HADHB,6.406393427874626e-05,4062,-0.05100510054310613,higher rank -> less PD-like,0.0
ENSG00000028528,SNX1,6.405855210147434e-05,4063,-0.13008832565283468,higher rank -> less PD-like,0.0
ENSG00000163939,PBRM1,6.405259924969987e-05,4064,-0.06854920974487277,higher rank -> less PD-like,0.0
ENSG00000131095,GFAP,6.403137114374627e-05,4065,0.17434715821811644,higher rank -> more PD-like,0.0
ENSG00000198833,UBE2J1,6.401754859500789e-05,4066,-0.0868855606758785,higher rank -> less PD-like,0.0
ENSG00000161021,MAML1,6.401136181344793e-05,4067,-0.04613095238094988,higher rank -> less PD-like,0.0
ENSG00000120693,SMAD9,6.399633688401445e-05,4068,0.11496735791089997,higher rank -> more PD-like,0.0
ENSG00000132639,SNAP25,6.399421876791291e-05,4069,0.11304723502303526,higher rank -> more PD-like,0.0
ENSG00000126883,NUP214,6.399029141932165e-05,4070,-0.1540898617511436,higher rank -> less PD-like,0.0
ENSG00000152291,TGOLN2,6.398176278328616e-05,4071,0.04291526156296656,higher rank -> more PD-like,0.0
ENSG00000124380,SNRNP27,6.395661400516503e-05,4072,0.014112903225805648,higher rank -> more PD-like,0.0
ENSG00000131446,MGAT1,6.394668642372723e-05,4073,-0.00792050691244199,higher rank -> less PD-like,0.0
ENSG00000086475,SEPHS1,6.393016476798034e-05,4074,-0.05496351766512758,higher rank -> less PD-like,0.0
ENSG00000104679,R3HCC1,6.390053612739036e-05,4075,-0.07066052227342162,higher rank -> less PD-like,0.0
ENSG00000125743,SNRPD2,6.38877028402931e-05,4076,-0.20276497695851425,higher rank -> less PD-like,0.0
ENSG00000173517,PEAK1,6.387170742024195e-05,4077,0.05846774193548068,higher rank -> more PD-like,0.0
ENSG00000102103,PQBP1,6.385862667909489e-05,4078,0.06576420890936659,higher rank -> more PD-like,0.0
ENSG00000171503,ETFDH,6.383718120688499e-05,4079,-0.11319124423962514,higher rank -> less PD-like,0.0
ENSG00000163539,CLASP2,6.381327762995752e-05,4080,0.0005760437793686909,higher rank -> more PD-like,0.0
ENSG00000108094,CUL2,6.379903564637666e-05,4081,-0.2546082949308616,higher rank -> less PD-like,0.0
ENSG00000198513,ATL1,6.379638694708593e-05,4082,0.10416666666666094,higher rank -> more PD-like,0.0
ENSG00000204070,SYS1,6.376079748308653e-05,4083,0.1579781105990697,higher rank -> more PD-like,0.0
ENSG00000164823,OSGIN2,6.375782146976894e-05,4084,0.1871639784946134,higher rank -> more PD-like,0.0
ENSG00000085231,AK6,6.375354663301728e-05,4085,-0.0038882488479260744,higher rank -> less PD-like,0.0
ENSG00000090905,TNRC6A,6.371106125393893e-05,4086,0.1836161582748042,higher rank -> more PD-like,0.0
ENSG00000066084,DIP2B,6.36961512696404e-05,4087,-0.11770353302610721,higher rank -> less PD-like,0.0
ENSG00000114648,KLHL18,6.369182424287706e-05,4088,0.09737540053744706,higher rank -> more PD-like,0.0
ENSG00000117682,DHDDS,6.366520357766641e-05,4089,-0.3133475746768065,higher rank -> less PD-like,0.0
ENSG00000131495,NDUFA2,6.360268197077326e-05,4090,-0.14537904881817032,higher rank -> less PD-like,0.0
ENSG00000158526,TSR2,6.360158202777028e-05,4091,-0.017665130568355402,higher rank -> less PD-like,0.0
ENSG00000006210,CX3CL1,6.358745543454958e-05,4092,-0.0023521787657554256,higher rank -> less PD-like,0.0
ENSG00000144566,RAB5A,6.356272572522583e-05,4093,-0.2718413978494474,higher rank -> less PD-like,0.0
ENSG00000063854,HAGH,6.355957539345053e-05,4094,-0.15399385560675033,higher rank -> less PD-like,0.0
ENSG00000100263,RHBDD3,6.355659554779969e-05,4095,0.11693548387096135,higher rank -> more PD-like,0.0
ENSG00000115966,ATF2,6.355496813894673e-05,4096,-0.018481182795697937,higher rank -> less PD-like,0.0
ENSG00000183011,NAA38,6.353171022478573e-05,4097,-0.02606566820276357,higher rank -> less PD-like,0.0
ENSG00000099910,KLHL22,6.35290273163144e-05,4098,0.06802035330260763,higher rank -> more PD-like,0.0
ENSG00000119013,NDUFB3,6.348885160885823e-05,4099,-0.17972350230413758,higher rank -> less PD-like,0.0
ENSG00000165915,SLC39A13,6.347649233178312e-05,4100,0.028849846390167397,higher rank -> more PD-like,0.0
ENSG00000181790,ADGRB1,6.34289055092062e-05,4101,0.03197004608294756,higher rank -> more PD-like,0.0
ENSG00000130827,PLXNA3,6.33994572899146e-05,4102,-0.011904761904761264,higher rank -> less PD-like,0.0
ENSG00000184221,OLIG1,6.337876568394846e-05,4103,-0.020833333333332184,higher rank -> less PD-like,0.0
ENSG00000101843,PSMD10,6.336908085808017e-05,4104,-0.23022273425497966,higher rank -> less PD-like,0.0
ENSG00000141543,EIF4A3,6.335038687076155e-05,4105,0.1131445989976646,higher rank -> more PD-like,0.0
ENSG00000034677,RNF19A,6.334622959565203e-05,4106,0.030434313009978536,higher rank -> more PD-like,0.0
ENSG00000127870,RNF6,6.332966438091045e-05,4107,0.07637288786481919,higher rank -> more PD-like,0.0
ENSG00000182446,NPLOC4,6.330565633903526e-05,4108,-0.08866273837449586,higher rank -> less PD-like,0.0
ENSG00000068400,GRIPAP1,6.32983831647037e-05,4109,-0.11232718894008606,higher rank -> less PD-like,0.0
ENSG00000142188,TMEM50B,6.32884257100618e-05,4110,0.06514173249121814,higher rank -> more PD-like,0.0
ENSG00000008083,JARID2,6.327714081903365e-05,4111,0.0034562211981564897,higher rank -> more PD-like,0.0
ENSG00000163960,UBXN7,6.327221826395682e-05,4112,0.20879687982328476,higher rank -> more PD-like,0.0
ENSG00000115468,EFHD1,6.32634769673384e-05,4113,-0.03763440860214846,higher rank -> less PD-like,0.0
ENSG00000107957,SH3PXD2A,6.325704396631147e-05,4114,-0.08218125960060996,higher rank -> less PD-like,0.0
ENSG00000145675,PIK3R1,6.323035030536618e-05,4115,-0.004608294930875308,higher rank -> less PD-like,0.0
ENSG00000129636,ITFG1,6.322871380295735e-05,4116,0.13172043010751966,higher rank -> more PD-like,0.0
ENSG00000131558,EXOC4,6.32224665462167e-05,4117,0.0943740399385509,higher rank -> more PD-like,0.0
ENSG00000124098,FAM210B,6.320356317750333e-05,4118,0.2352150537634279,higher rank -> more PD-like,0.0
ENSG00000137504,CREBZF,6.320034978333563e-05,4119,0.07070852534561826,higher rank -> more PD-like,0.0
ENSG00000156639,ZFAND3,6.31849272078539e-05,4120,-0.1875480030721864,higher rank -> less PD-like,0.0
ENSG00000178498,DTX3,6.316977211305283e-05,4121,-0.2320468509984512,higher rank -> less PD-like,0.0
ENSG00000176102,CSTF3,6.314818770556526e-05,4122,-0.12144777265744344,higher rank -> less PD-like,0.0
ENSG00000151247,EIF4E,6.314755705388919e-05,4123,-0.06797316596550408,higher rank -> less PD-like,0.0
ENSG00000166887,VPS39,6.31353197816055e-05,4124,-0.01420890937019894,higher rank -> less PD-like,0.0
ENSG00000101343,CRNKL1,6.312674679901987e-05,4125,0.16436251920121983,higher rank -> more PD-like,0.0
ENSG00000071537,SEL1L,6.311119455867395e-05,4126,0.12941628264208196,higher rank -> more PD-like,0.0
ENSG00000167978,SRRM2,6.30719704578308e-05,4127,0.040659090093772596,higher rank -> more PD-like,0.0
ENSG00000134533,RERG,6.305389302556327e-05,4128,9.600614439325915e-05,higher rank -> more PD-like,0.0
ENSG00000184076,UQCR10,6.303401370197344e-05,4129,0.009072798408872675,higher rank -> more PD-like,0.0
ENSG00000119632,IFI27L2,6.303119410860269e-05,4130,0.1589861751151987,higher rank -> more PD-like,0.0
ENSG00000132792,CTNNBL1,6.301156699537467e-05,4131,-0.023978110080592096,higher rank -> less PD-like,0.0
ENSG00000088256,GNA11,6.300178082065455e-05,4132,-0.03360255379650628,higher rank -> less PD-like,0.0
ENSG00000141644,MBD1,6.298911523038513e-05,4133,-0.20780529953915916,higher rank -> less PD-like,0.0
ENSG00000049860,HEXB,6.296364707014034e-05,4134,0.1282897500302328,higher rank -> more PD-like,0.0
ENSG00000172795,DCP2,6.291585317970449e-05,4135,0.1531298003072113,higher rank -> more PD-like,0.0
ENSG00000091640,SPAG7,6.289900290098212e-05,4136,-0.1832801287041052,higher rank -> less PD-like,0.0
ENSG00000049769,PPP1R3F,6.28725191478509e-05,4137,-0.0769738500181397,higher rank -> less PD-like,0.0
ENSG00000165525,NEMF,6.286915331604543e-05,4138,0.05400475243376591,higher rank -> more PD-like,0.0
ENSG00000116685,KIAA2013,6.285748376074847e-05,4139,-0.16383645158210836,higher rank -> less PD-like,0.0
ENSG00000106603,COA1,6.281335681118173e-05,4140,-0.08542249211554698,higher rank -> less PD-like,0.0
ENSG00000116977,LGALS8,6.280059023336313e-05,4141,-0.03242646441362854,higher rank -> less PD-like,0.0
ENSG00000087470,DNM1L,6.278226498759278e-05,4142,-0.2640649001535954,higher rank -> less PD-like,0.0
ENSG00000178449,COX14,6.275859349641794e-05,4143,-0.03962701165573704,higher rank -> less PD-like,0.0
ENSG00000167460,TPM4,6.274878281854816e-05,4144,0.11679147465437144,higher rank -> more PD-like,0.0
ENSG00000093167,LRRFIP2,6.27404777339754e-05,4145,0.16446049900975776,higher rank -> more PD-like,0.0
ENSG00000132963,POMP,6.26751029047313e-05,4146,-0.22523041474653144,higher rank -> less PD-like,0.0
ENSG00000134121,CHL1,6.265645141534635e-05,4147,-0.024721582181258236,higher rank -> less PD-like,0.0
ENSG00000172020,GAP43,6.265040656106383e-05,4148,0.05779639252999077,higher rank -> more PD-like,0.0
ENSG00000141258,SGSM2,6.259225171033916e-05,4149,-0.3046754992319341,higher rank -> less PD-like,0.0
ENSG00000088448,ANKRD10,6.257190377800866e-05,4150,-0.043250768049152774,higher rank -> less PD-like,0.0
ENSG00000125730,C3,6.256622471399508e-05,4151,0.09509408602150017,higher rank -> more PD-like,0.0
ENSG00000094631,HDAC6,6.254599116732536e-05,4152,0.0545321444469016,higher rank -> more PD-like,0.0
ENSG00000131508,UBE2D2,6.254016673856045e-05,4153,-0.08333333333332878,higher rank -> less PD-like,0.0
ENSG00000186566,GPATCH8,6.253609853688763e-05,4154,-0.05731566820276185,higher rank -> less PD-like,0.0
ENSG00000092330,TINF2,6.249848987994658e-05,4155,0.05650029402641125,higher rank -> more PD-like,0.0
ENSG00000112701,SENP6,6.249357302781476e-05,4156,-0.004032258064515882,higher rank -> less PD-like,0.0
ENSG00000091039,OSBPL8,6.247667268328766e-05,4157,0.07061251920122501,higher rank -> more PD-like,0.0
ENSG00000055917,PUM2,6.247586581564439e-05,4158,0.10431192771401161,higher rank -> more PD-like,0.0
ENSG00000115091,ACTR3,6.24498163064592e-05,4159,-0.22451036866358218,higher rank -> less PD-like,0.0
ENSG00000107242,PIP5K1B,6.244501320500015e-05,4160,-0.17814153876976385,higher rank -> less PD-like,0.0
ENSG00000135241,PNPLA8,6.243623663717357e-05,4161,0.07243750525561135,higher rank -> more PD-like,0.0
ENSG00000160695,VPS11,6.242999877329077e-05,4162,-0.005904377880183974,higher rank -> less PD-like,0.0
ENSG00000107959,PITRM1,6.24215103188024e-05,4163,-0.13148041474653657,higher rank -> less PD-like,0.0
ENSG00000108309,RUNDC3A,6.23877714352085e-05,4164,0.09989439324116199,higher rank -> more PD-like,0.0
ENSG00000160799,CCDC12,6.237743082050434e-05,4165,-0.02822580645161135,higher rank -> less PD-like,0.0
ENSG00000057757,PITHD1,6.236327841839684e-05,4166,-0.008880568356374357,higher rank -> less PD-like,0.0
ENSG00000132471,WBP2,6.235914409510471e-05,4167,0.09384600614438811,higher rank -> more PD-like,0.0
ENSG00000163577,EIF5A2,6.234377538459703e-05,4168,0.2638248847926123,higher rank -> more PD-like,0.08
ENSG00000112697,TMEM30A,6.233155086179324e-05,4169,-0.18519585253455206,higher rank -> less PD-like,0.0
ENSG00000159111,MRPL10,6.23268536022268e-05,4170,0.0041283137521421764,higher rank -> more PD-like,0.0
ENSG00000136930,PSMB7,6.23128397376717e-05,4171,-0.17204301075267875,higher rank -> less PD-like,0.0
ENSG00000128245,YWHAH,6.23116646259984e-05,4172,0.03446620583717167,higher rank -> more PD-like,0.0
ENSG00000126821,SGPP1,6.230599343051378e-05,4173,0.001200076804915473,higher rank -> more PD-like,0.0
ENSG00000149100,EIF3M,6.223329951872731e-05,4174,-0.06696428571428205,higher rank -> less PD-like,0.0
ENSG00000100934,SEC23A,6.223256948844879e-05,4175,-0.0773828097095384,higher rank -> less PD-like,0.0
ENSG00000159322,ADPGK,6.222111609420124e-05,4176,0.00828062932842476,higher rank -> more PD-like,0.0
ENSG00000166963,MAP1A,6.221858807567432e-05,4177,0.052803379416279744,higher rank -> more PD-like,0.0
ENSG00000178057,NDUFAF3,6.221361863440345e-05,4178,0.11655145929338839,higher rank -> more PD-like,0.0
ENSG00000082515,MRPL22,6.219446327978992e-05,4179,-0.12120775729646031,higher rank -> less PD-like,0.0
ENSG00000162105,SHANK2,6.218610667314534e-05,4180,0.012576804915513903,higher rank -> more PD-like,0.0
ENSG00000137500,CCDC90B,6.218040099206761e-05,4181,0.06840437788018058,higher rank -> more PD-like,0.0
ENSG00000115446,UNC50,6.217710029846524e-05,4182,-0.009312596006143892,higher rank -> less PD-like,0.0
ENSG00000023572,GLRX2,6.21649563930144e-05,4183,0.13599270353301865,higher rank -> more PD-like,0.0
ENSG00000111711,GOLT1B,6.215332125262518e-05,4184,0.25748847926265866,higher rank -> more PD-like,0.0
ENSG00000196814,MVB12B,6.214307618018429e-05,4185,0.006816436251919776,higher rank -> more PD-like,0.0
ENSG00000047249,ATP6V1H,6.21360073156829e-05,4186,-0.3292530721966025,higher rank -> less PD-like,0.0
ENSG00000147155,EBP,6.212943394046794e-05,4187,-0.0038882488479260627,higher rank -> less PD-like,0.0
ENSG00000198130,HIBCH,6.20966327008312e-05,4188,0.1101456928526898,higher rank -> more PD-like,0.0
ENSG00000123570,RAB9B,6.208951743074638e-05,4189,-0.2795218894009065,higher rank -> less PD-like,0.0
ENSG00000140307,GTF2A2,6.208646241163424e-05,4190,-0.16407450076804014,higher rank -> less PD-like,0.0
ENSG00000173020,GRK2,6.208529006176066e-05,4191,-0.003216205837173415,higher rank -> less PD-like,0.0
ENSG00000146731,CCT6A,6.206549386644833e-05,4192,0.030481950844852418,higher rank -> more PD-like,0.0
ENSG00000078018,MAP2,6.205793360673178e-05,4193,0.07282066052226945,higher rank -> more PD-like,0.0
ENSG00000075624,ACTB,6.202167218715496e-05,4194,0.033506144393239345,higher rank -> more PD-like,0.0
ENSG00000143324,XPR1,6.201817227413306e-05,4195,0.04200268817204072,higher rank -> more PD-like,0.0
ENSG00000162521,RBBP4,6.199440840446228e-05,4196,0.12543503831949365,higher rank -> more PD-like,0.0
ENSG00000010270,STARD3NL,6.198268299806566e-05,4197,0.09139784946236058,higher rank -> more PD-like,0.0
ENSG00000105185,PDCD5,6.197226943001757e-05,4198,-0.03816244239631129,higher rank -> less PD-like,0.0
ENSG00000149575,SCN2B,6.19637074373815e-05,4199,-0.17597926267280142,higher rank -> less PD-like,0.0
ENSG00000136960,ENPP2,6.194327889852015e-05,4200,0.023761520737325882,higher rank -> more PD-like,0.0
ENSG00000102225,CDK16,6.193120400536084e-05,4201,-0.19734062980029637,higher rank -> less PD-like,0.0
ENSG00000198121,LPAR1,6.19293831195064e-05,4202,0.05121989271553166,higher rank -> more PD-like,0.0
ENSG00000166557,TMED3,6.19257709221394e-05,4203,-0.24174347158216802,higher rank -> less PD-like,0.0
ENSG00000215114,UBXN2B,6.191651174022486e-05,4204,0.01324884792626656,higher rank -> more PD-like,0.0
ENSG00000107669,ATE1,6.191257665259976e-05,4205,0.07196005960957957,higher rank -> more PD-like,0.0
ENSG00000189091,SF3B3,6.190189753737116e-05,4206,0.1521697388632789,higher rank -> more PD-like,0.0
ENSG00000077616,NAALAD2,6.188735266392995e-05,4207,0.16887480798770194,higher rank -> more PD-like,0.0
ENSG00000152620,NADK2,6.187122602702951e-05,4208,0.05748436881616606,higher rank -> more PD-like,0.0
ENSG00000177556,ATOX1,6.184255573449347e-05,4209,-0.10784019586264473,higher rank -> less PD-like,0.0
ENSG00000122873,CISD1,6.180961095824327e-05,4210,0.10738287250383437,higher rank -> more PD-like,0.0
ENSG00000198898,CAPZA2,6.177733291089726e-05,4211,-0.023617511520736056,higher rank -> less PD-like,0.0
ENSG00000158615,PPP1R15B,6.176758132260226e-05,4212,-0.042386712749613656,higher rank -> less PD-like,0.0
ENSG00000160445,ZER1,6.176522720308657e-05,4213,-0.0984543010752634,higher rank -> less PD-like,0.0
ENSG00000117643,MAN1C1,6.176186218518054e-05,4214,-0.0011520737327188168,higher rank -> less PD-like,0.0
ENSG00000124222,STX16,6.172762218029506e-05,4215,-0.11393665919429656,higher rank -> less PD-like,0.04
ENSG00000185818,NAT8L,6.171420051038705e-05,4216,-0.13052035330260423,higher rank -> less PD-like,0.0
ENSG00000167971,CASKIN1,6.169803014925786e-05,4217,-0.17391513056834684,higher rank -> less PD-like,0.0
ENSG00000236279,CLEC2L,6.169325193928148e-05,4218,0.1818618215115199,higher rank -> more PD-like,0.0
ENSG00000130749,ZC3H4,6.168260269537044e-05,4219,0.09221390168970307,higher rank -> more PD-like,0.0
ENSG00000168772,CXXC4,6.16767445151208e-05,4220,-0.14919354838708862,higher rank -> less PD-like,0.0
ENSG00000078549,ADCYAP1R1,6.165432369409844e-05,4221,-0.02383381137137908,higher rank -> less PD-like,0.0
ENSG00000176463,SLCO3A1,6.164228558105632e-05,4222,0.21231758832564118,higher rank -> more PD-like,0.0
ENSG00000174574,AKIRIN1,6.163452267710619e-05,4223,-0.1562038715054734,higher rank -> less PD-like,0.0
ENSG00000070423,RNF126,6.16207355093474e-05,4224,0.04262672811059674,higher rank -> more PD-like,0.0
ENSG00000137040,RANBP6,6.160396886546703e-05,4225,-0.07930107526881283,higher rank -> less PD-like,0.0
ENSG00000116095,PLEKHA3,6.160320968305082e-05,4226,0.14300115207372485,higher rank -> more PD-like,0.0
ENSG00000116906,GNPAT,6.15868895749354e-05,4227,-0.00571236559139756,higher rank -> less PD-like,0.0
ENSG00000154359,LONRF1,6.155654464696371e-05,4228,0.06912442396312986,higher rank -> more PD-like,0.0
ENSG00000140396,NCOA2,6.154422893705843e-05,4229,-0.06624423963133275,higher rank -> less PD-like,0.0
ENSG00000100216,TOMM22,6.153938039069329e-05,4230,-0.12716166429563583,higher rank -> less PD-like,0.0
ENSG00000143772,ITPKB,6.15351676684336e-05,4231,0.016705069124423034,higher rank -> more PD-like,0.0
ENSG00000111843,TMEM14C,6.152137787469259e-05,4232,-0.09634216589861222,higher rank -> less PD-like,0.0
ENSG00000186908,ZDHHC17,6.151713043240896e-05,4233,0.05006720430107253,higher rank -> more PD-like,0.0
ENSG00000144580,CNOT9,6.151155052722444e-05,4234,0.025441628264207518,higher rank -> more PD-like,0.0
ENSG00000165516,KLHDC2,6.150455239483936e-05,4235,-0.22393433179722272,higher rank -> less PD-like,0.0
ENSG00000125356,NDUFA1,6.15045306884998e-05,4236,-0.09744740600986818,higher rank -> less PD-like,0.0
ENSG00000159063,ALG8,6.148243510814208e-05,4237,-0.05553955453148697,higher rank -> less PD-like,0.0
ENSG00000074590,NUAK1,6.147226249855788e-05,4238,0.17029294227586567,higher rank -> more PD-like,0.0
ENSG00000127837,AAMP,6.145794725337341e-05,4239,0.07958909370199252,higher rank -> more PD-like,0.0
ENSG00000143294,PRCC,6.14544080598954e-05,4240,0.005448414079862072,higher rank -> more PD-like,0.0
ENSG00000164828,SUN1,6.142288029179742e-05,4241,-0.03816244239631128,higher rank -> less PD-like,0.0
ENSG00000137168,PPIL1,6.141378671065078e-05,4242,-0.05947580645160965,higher rank -> less PD-like,0.0
ENSG00000087302,RTRAF,6.14000826686772e-05,4243,-0.11727150537633768,higher rank -> less PD-like,0.0
ENSG00000001461,NIPAL3,6.139508497650786e-05,4244,-0.03993855606758614,higher rank -> less PD-like,0.0
ENSG00000147044,CASK,6.136314372377991e-05,4245,0.1372904340828684,higher rank -> more PD-like,0.0
ENSG00000163931,TKT,6.135944478907522e-05,4246,0.05861245455076308,higher rank -> more PD-like,0.0
ENSG00000183513,COA5,6.13485053324257e-05,4247,-0.07061251920122501,higher rank -> less PD-like,0.0
ENSG00000075151,EIF4G3,6.131384411166425e-05,4248,-0.05693164362518888,higher rank -> less PD-like,0.0
ENSG00000130821,SLC6A8,6.12828016339622e-05,4249,-0.11525537634407973,higher rank -> less PD-like,0.0
ENSG00000125656,CLPP,6.128105278482947e-05,4250,0.014784946236558313,higher rank -> more PD-like,0.0
ENSG00000050165,DKK3,6.126716167684408e-05,4251,0.052371351766510185,higher rank -> more PD-like,0.0
ENSG00000167258,CDK12,6.126221559340075e-05,4252,0.15351566720175283,higher rank -> more PD-like,0.0
ENSG00000205726,ITSN1,6.125611857485951e-05,4253,-0.024385560675881962,higher rank -> less PD-like,0.0
ENSG00000121753,ADGRB2,6.125558079307678e-05,4254,-0.18975614439323077,higher rank -> less PD-like,0.0
ENSG00000071859,FAM50A,6.122905497652834e-05,4255,-0.15692204301074417,higher rank -> less PD-like,0.0
ENSG00000109680,TBC1D19,6.122156542983826e-05,4256,-0.04315527980437019,higher rank -> less PD-like,0.0
ENSG00000169826,CSGALNACT2,6.121636105904614e-05,4257,0.05450814262276122,higher rank -> more PD-like,0.0
ENSG00000138069,RAB1A,6.121184224977773e-05,4258,0.18176581421495855,higher rank -> more PD-like,0.0
ENSG00000006282,SPATA20,6.12066659653226e-05,4259,-0.15853395103334397,higher rank -> less PD-like,0.0
ENSG00000074201,CLNS1A,6.119435707276742e-05,4260,0.09984639016896535,higher rank -> more PD-like,0.0
ENSG00000148154,UGCG,6.118483543451362e-05,4261,-0.02361751152073601,higher rank -> less PD-like,0.0
ENSG00000183530,PRR14L,6.118450184809211e-05,4262,-0.05930850745083355,higher rank -> less PD-like,0.0
ENSG00000132670,PTPRA,6.117706161217413e-05,4263,-0.1582661290322494,higher rank -> less PD-like,0.0
ENSG00000205339,IPO7,6.116396387634233e-05,4264,0.0590917818740367,higher rank -> more PD-like,0.0
ENSG00000052126,PLEKHA5,6.116342764154254e-05,4265,0.05289938556067299,higher rank -> more PD-like,0.0
ENSG00000117500,TMED5,6.115410206012762e-05,4266,-0.004464285714285418,higher rank -> less PD-like,0.0
ENSG00000141456,PELP1,6.114963611751375e-05,4267,0.04027457757296246,higher rank -> more PD-like,0.0
ENSG00000151726,ACSL1,6.114722611922738e-05,4268,0.20890937019968137,higher rank -> more PD-like,0.0
ENSG00000142186,SCYL1,6.108533887923883e-05,4269,-0.09975158112734288,higher rank -> less PD-like,0.0
ENSG00000186106,ANKRD46,6.107703579474572e-05,4270,0.0060963901689705035,higher rank -> more PD-like,0.0
ENSG00000151689,INPP1,6.10453645472834e-05,4271,0.08194222761519451,higher rank -> more PD-like,0.0
ENSG00000104823,ECH1,6.104199791022716e-05,4272,0.10200652841781313,higher rank -> more PD-like,0.0
ENSG00000164506,STXBP5,6.102764425458223e-05,4273,-0.04195468509984408,higher rank -> less PD-like,0.0
ENSG00000111676,ATN1,6.102204828403594e-05,4274,-0.09084690437126869,higher rank -> less PD-like,0.0
ENSG00000178982,EIF3K,6.101382148471931e-05,4275,-0.10980834544215438,higher rank -> less PD-like,0.0
ENSG00000072041,SLC6A15,6.098539103592818e-05,4276,-0.13364215681353345,higher rank -> less PD-like,0.0
ENSG00000104442,ARMC1,6.098490165378304e-05,4277,0.1329685099846317,higher rank -> more PD-like,0.0
ENSG00000082213,C5orf22,6.0956544323440295e-05,4278,0.17170698924730243,higher rank -> more PD-like,0.0
ENSG00000146676,PURB,6.093005121859245e-05,4279,0.16059620532315955,higher rank -> more PD-like,0.0
ENSG00000084764,MAPRE3,6.089814263194363e-05,4280,-0.13800883256527666,higher rank -> less PD-like,0.0
ENSG00000112312,GMNN,6.0886790332098966e-05,4281,0.15159370199691952,higher rank -> more PD-like,0.0
ENSG00000112130,RNF8,6.087727100585738e-05,4282,0.05803571428571109,higher rank -> more PD-like,0.0
ENSG00000196368,NUDT11,6.087444597751682e-05,4283,0.03552227342549728,higher rank -> more PD-like,0.0
ENSG00000148334,PTGES2,6.0864451084703145e-05,4284,-0.09821428571428036,higher rank -> less PD-like,0.0
ENSG00000157954,WIPI2,6.082970155002852e-05,4285,-0.03345854285166406,higher rank -> less PD-like,0.0
ENSG00000136942,RPL35,6.082564616357614e-05,4286,-0.1195276497695787,higher rank -> less PD-like,0.0
ENSG00000152601,MBNL1,6.081490922702696e-05,4287,0.18879608294929848,higher rank -> more PD-like,0.0
ENSG00000121892,PDS5A,6.081139655432649e-05,4288,0.131818018178866,higher rank -> more PD-like,0.0
ENSG00000085832,EPS15,6.0808366075031885e-05,4289,-0.17593125960060482,higher rank -> less PD-like,0.0
ENSG00000107185,RGP1,6.080307486167582e-05,4290,0.07459677419354431,higher rank -> more PD-like,0.0
ENSG00000253352,TUG1,6.0784711190367475e-05,4291,-0.00724855089038919,higher rank -> less PD-like,0.0
ENSG00000005893,LAMP2,6.0765075651104364e-05,4292,-0.050883256528415056,higher rank -> less PD-like,0.0
ENSG00000251562,MALAT1,6.076499348790838e-05,4293,0.28039603978567795,higher rank -> more PD-like,0.04
ENSG00000104660,LEPROTL1,6.076428469653924e-05,4294,0.029377880184330178,higher rank -> more PD-like,0.0
ENSG00000198860,TSEN15,6.075796740161391e-05,4295,0.06288477924774738,higher rank -> more PD-like,0.0
ENSG00000067064,IDI1,6.0755276934736214e-05,4296,-0.09672619047618516,higher rank -> less PD-like,0.0
ENSG00000163531,NFASC,6.074488668813822e-05,4297,-0.12063316812945746,higher rank -> less PD-like,0.0
ENSG00000146151,HMGCLL1,6.0744130701142976e-05,4298,0.09648617511520205,higher rank -> more PD-like,0.0
ENSG00000108055,SMC3,6.0740743604284015e-05,4299,0.0667722734254956,higher rank -> more PD-like,0.0
ENSG00000145439,CBR4,6.0739495761673056e-05,4300,0.07294154356255893,higher rank -> more PD-like,0.0
ENSG00000223802,CERS1,6.072312335584481e-05,4301,0.1535138248847842,higher rank -> more PD-like,0.0
ENSG00000163517,HDAC11,6.0667975600919014e-05,4302,-0.09581413210444947,higher rank -> less PD-like,0.0
ENSG00000164741,DLC1,6.0660771269614213e-05,4303,0.18613414620850435,higher rank -> more PD-like,0.0
ENSG00000135829,DHX9,6.065994239805594e-05,4304,-0.19578287951292966,higher rank -> less PD-like,0.0
ENSG00000159348,CYB5R1,6.0659366848410105e-05,4305,-0.23439900153608545,higher rank -> less PD-like,0.0
ENSG00000130520,LSM4,6.0643633725581914e-05,4306,-0.01824116743471482,higher rank -> less PD-like,0.0
ENSG00000187672,ERC2,6.063690876708147e-05,4307,-0.12468947640917857,higher rank -> less PD-like,0.0
ENSG00000131473,ACLY,6.063044368636397e-05,4308,0.09120583717357414,higher rank -> more PD-like,0.0
ENSG00000115295,CLIP4,6.0629251658569904e-05,4309,-0.02788978494623504,higher rank -> less PD-like,0.0
ENSG00000129596,CDO1,6.0624452562897647e-05,4310,-0.20610366389328522,higher rank -> less PD-like,0.0
ENSG00000155252,PI4K2A,6.061530246013005e-05,4311,0.009024577572964158,higher rank -> more PD-like,0.0
ENSG00000132424,PNISR,6.0606937493266295e-05,4312,0.1266321044546782,higher rank -> more PD-like,0.0
ENSG00000162909,CAPN2,6.059813474863612e-05,4313,0.12019969278033134,higher rank -> more PD-like,0.0
ENSG00000166405,RIC3,6.058717594846383e-05,4314,-0.0641801075268782,higher rank -> less PD-like,0.0
ENSG00000213614,HEXA,6.058214863886709e-05,4315,0.1915322580645056,higher rank -> more PD-like,0.0
ENSG00000205279,CTXN3,6.0565527734182025e-05,4316,-0.06216397849462023,higher rank -> less PD-like,0.0
ENSG00000115568,ZNF142,6.0562669389356716e-05,4317,0.3134120583717186,higher rank -> more PD-like,0.0
ENSG00000108799,EZH1,6.055642954637304e-05,4318,-0.14549731182794906,higher rank -> less PD-like,0.0
ENSG00000136807,CDK9,6.055238933882753e-05,4319,0.02445785879902848,higher rank -> more PD-like,0.0
ENSG00000166326,TRIM44,6.055095136401473e-05,4320,-0.07018049155145545,higher rank -> less PD-like,0.0
ENSG00000135069,PSAT1,6.0544996919678667e-05,4321,0.14314516129031474,higher rank -> more PD-like,0.0
ENSG00000105193,RPS16,6.052738394547994e-05,4322,0.1301363287250313,higher rank -> more PD-like,0.0
ENSG00000115145,STAM2,6.0506263737562476e-05,4323,0.16342842057172222,higher rank -> more PD-like,0.0
ENSG00000167642,SPINT2,6.047599280596223e-05,4324,0.06413210445468155,higher rank -> more PD-like,0.0
ENSG00000171450,CDK5R2,6.045469725554228e-05,4325,-0.08299731182795242,higher rank -> less PD-like,0.0
ENSG00000118785,SPP1,6.043394380639877e-05,4326,0.06120391705068788,higher rank -> more PD-like,0.0
ENSG00000112378,PERP,6.042476595567976e-05,4327,-0.02092933947772541,higher rank -> less PD-like,0.0
ENSG00000126214,KLC1,6.041485265790775e-05,4328,0.05508418640212989,higher rank -> more PD-like,0.0
ENSG00000143774,GUK1,6.03955270606508e-05,4329,-0.1519297235022958,higher rank -> less PD-like,0.0
ENSG00000082212,ME2,6.039210548071458e-05,4330,0.14969937716343534,higher rank -> more PD-like,0.0
ENSG00000003756,RBM5,6.03864604148052e-05,4331,0.03729838709677214,higher rank -> more PD-like,0.0
ENSG00000162989,KCNJ3,6.036988561447035e-05,4332,0.1039038967036254,higher rank -> more PD-like,0.0
ENSG00000221978,CCNL2,6.036080504118546e-05,4333,-0.07862903225806021,higher rank -> less PD-like,0.0
ENSG00000040341,STAU2,6.035840198386032e-05,4334,-0.12764170077844308,higher rank -> less PD-like,0.0
ENSG00000159921,GNE,6.034975137284908e-05,4335,-0.055635560675880213,higher rank -> less PD-like,0.0
ENSG00000072042,RDH11,6.034816470999903e-05,4336,-0.13018433179722788,higher rank -> less PD-like,0.0
ENSG00000124383,MPHOSPH10,6.03475070266182e-05,4337,-0.0516993087557575,higher rank -> less PD-like,0.0
ENSG00000112425,EPM2A,6.033878816852083e-05,4338,-0.2196646945325895,higher rank -> less PD-like,0.0
ENSG00000151914,DST,6.033093497113461e-05,4339,-0.11707949308755121,higher rank -> less PD-like,0.0
ENSG00000055208,TAB2,6.031788901456937e-05,4340,-0.09826228878647693,higher rank -> less PD-like,0.0
ENSG00000100784,RPS6KA5,6.031584145058302e-05,4341,0.19182027649768538,higher rank -> more PD-like,0.0
ENSG00000198894,CIPC,6.031500741397764e-05,4342,-0.17204301075267875,higher rank -> less PD-like,0.0
ENSG00000117118,SDHB,6.028416950304974e-05,4343,-0.15048963133639728,higher rank -> less PD-like,0.0
ENSG00000106628,POLD2,6.026853314968518e-05,4344,-0.049155145929336785,higher rank -> less PD-like,0.0
ENSG00000119899,SLC17A5,6.025464672477392e-05,4345,0.0376824116743451,higher rank -> more PD-like,0.0
ENSG00000078114,NEBL,6.025344557157221e-05,4346,0.047475038402455184,higher rank -> more PD-like,0.0
ENSG00000171155,C1GALT1C1,6.023816448749643e-05,4347,-0.017401322501762143,higher rank -> less PD-like,0.0
ENSG00000178307,TMEM11,6.02059050458929e-05,4348,0.12104119913984362,higher rank -> more PD-like,0.0
ENSG00000115762,PLEKHB2,6.019527943030614e-05,4349,0.015408986175114383,higher rank -> more PD-like,0.0
ENSG00000148180,GSN,6.019109737370487e-05,4350,-0.05304339477726285,higher rank -> less PD-like,0.0
ENSG00000060491,OGFR,6.018952453926099e-05,4351,0.021313364055298354,higher rank -> more PD-like,0.0
ENSG00000070413,DGCR2,6.016716243005095e-05,4352,-0.09855030721965666,higher rank -> less PD-like,0.0
ENSG00000163104,SMARCAD1,6.015732888093648e-05,4353,0.0032162444348084584,higher rank -> more PD-like,0.0
ENSG00000115310,RTN4,6.0153389456012516e-05,4354,-0.004944316436251661,higher rank -> less PD-like,0.0
ENSG00000169255,B3GALNT1,6.012793899601649e-05,4355,0.02124161436422003,higher rank -> more PD-like,0.0
ENSG00000113742,CPEB4,6.012699449163539e-05,4356,0.024097542242702212,higher rank -> more PD-like,0.0
ENSG00000148840,PPRC1,6.011700979352319e-05,4357,-0.1615082746404933,higher rank -> less PD-like,0.0
ENSG00000013275,PSMC4,6.0116875169155304e-05,4358,-0.020785330261135587,higher rank -> less PD-like,0.0
ENSG00000107560,RAB11FIP2,6.0095118608697984e-05,4359,0.1363063592931136,higher rank -> more PD-like,0.0
ENSG00000082996,RNF13,6.009313680807259e-05,4360,0.1105510752688111,higher rank -> more PD-like,0.0
ENSG00000168827,GFM1,6.0090642546692315e-05,4361,-0.05217933947772373,higher rank -> less PD-like,0.0
ENSG00000152700,SAR1B,6.009012622296332e-05,4362,-0.05616359447004299,higher rank -> less PD-like,0.0
ENSG00000164405,UQCRQ,6.007335179763655e-05,4363,-0.06845238095237721,higher rank -> less PD-like,0.0
ENSG00000157837,SPPL3,6.0053156642772615e-05,4364,-0.017425115207372263,higher rank -> less PD-like,0.0
ENSG00000139684,ESD,6.004033717447686e-05,4365,-0.03192204301075091,higher rank -> less PD-like,0.0
ENSG00000108826,MRPL27,6.003166800469311e-05,4366,-0.13920890937019206,higher rank -> less PD-like,0.0
ENSG00000180354,MTURN,6.001062520380356e-05,4367,0.02889784946236399,higher rank -> more PD-like,0.0
ENSG00000155816,FMN2,5.999889093758405e-05,4368,-0.07339669738862888,higher rank -> less PD-like,0.0
ENSG00000116871,MAP7D1,5.999673427109574e-05,4369,-0.17842741935482892,higher rank -> less PD-like,0.0
ENSG00000198585,NUDT16,5.9985117455329374e-05,4370,0.008208623856003681,higher rank -> more PD-like,0.0
ENSG00000189241,TSPYL1,5.997152851956819e-05,4371,0.1212077572964603,higher rank -> more PD-like,0.0
ENSG00000182636,NDN,5.997077657039587e-05,4372,0.05292402222949736,higher rank -> more PD-like,0.0
ENSG00000067334,DNTTIP2,5.9873407584679665e-05,4373,0.06960529000704872,higher rank -> more PD-like,0.0
ENSG00000116793,PHTF1,5.9866691125550153e-05,4374,-0.03893049155145714,higher rank -> less PD-like,0.0
ENSG00000152932,RAB3C,5.985408925879976e-05,4375,-0.14792324217704858,higher rank -> less PD-like,0.0
ENSG00000099995,SF3A1,5.98533138350369e-05,4376,-0.19263864055054228,higher rank -> less PD-like,0.08
ENSG00000119446,RBM18,5.9826321361398314e-05,4377,-0.18255787441159044,higher rank -> less PD-like,0.0
ENSG00000203880,PCMTD2,5.982505369001202e-05,4378,0.1008064516128977,higher rank -> more PD-like,0.0
ENSG00000116991,SIPA1L2,5.980273498275792e-05,4379,0.04853168841181116,higher rank -> more PD-like,0.0
ENSG00000183741,CBX6,5.977345478247269e-05,4380,-0.04109112292829909,higher rank -> less PD-like,0.0
ENSG00000110013,SIAE,5.976581934620254e-05,4381,-0.2626248079876968,higher rank -> less PD-like,0.0
ENSG00000173674,EIF1AX,5.9739312335884795e-05,4382,-0.14122503840245,higher rank -> less PD-like,0.0
ENSG00000132467,UTP3,5.9727359536668266e-05,4383,-0.08758265628817949,higher rank -> less PD-like,0.0
ENSG00000184983,NDUFA6,5.97192221723828e-05,4384,-0.06662826420890573,higher rank -> less PD-like,0.0
ENSG00000115020,PIKFYVE,5.970831269946841e-05,4385,-0.21551237895630693,higher rank -> less PD-like,0.04
ENSG00000179918,SEPHS2,5.968418050740691e-05,4386,-0.09852748809618443,higher rank -> less PD-like,0.0
ENSG00000162613,FUBP1,5.967362551327975e-05,4387,0.16580261136711838,higher rank -> more PD-like,0.0
ENSG00000105323,HNRNPUL1,5.966140536408869e-05,4388,-0.024362143875676628,higher rank -> less PD-like,0.0
ENSG00000154478,GPR26,5.962774966745412e-05,4389,-0.14818548387095962,higher rank -> less PD-like,0.0
ENSG00000014824,SLC30A9,5.962199821658047e-05,4390,-0.06936443932411297,higher rank -> less PD-like,0.0
ENSG00000113658,SMAD5,5.960599683044316e-05,4391,0.08347734254991863,higher rank -> more PD-like,0.0
ENSG00000120705,ETF1,5.960288123873915e-05,4392,-0.001920122887864715,higher rank -> less PD-like,0.0
ENSG00000122042,UBL3,5.959894733948099e-05,4393,-0.03734639016896876,higher rank -> less PD-like,0.0
ENSG00000113575,PPP2CA,5.959638778912331e-05,4394,-0.18082757296465982,higher rank -> less PD-like,0.0
ENSG00000196547,MAN2A2,5.959529498962493e-05,4395,-0.37039170506910407,higher rank -> less PD-like,0.0
ENSG00000008282,SYPL1,5.959247325094138e-05,4396,-0.04905913978494354,higher rank -> less PD-like,0.0
ENSG00000117691,NENF,5.9587369189794794e-05,4397,-0.0031682027649767735,higher rank -> less PD-like,0.0
ENSG00000136754,ABI1,5.956662369092826e-05,4398,-0.002352150537634282,higher rank -> less PD-like,0.0
ENSG00000184672,RALYL,5.955159597354727e-05,4399,-0.05657229949883232,higher rank -> less PD-like,0.0
ENSG00000171067,C11orf24,5.9549905496495034e-05,4400,-0.3024469859926967,higher rank -> less PD-like,0.0
ENSG00000108107,RPL28,5.950818763022173e-05,4401,0.05169930875575753,higher rank -> more PD-like,0.0
ENSG00000205937,RNPS1,5.9504270403411696e-05,4402,0.058515745007677276,higher rank -> more PD-like,0.0
ENSG00000132341,RAN,5.95023345729063e-05,4403,-0.05361943164362225,higher rank -> less PD-like,0.0
ENSG00000140538,NTRK3,5.9464672152458893e-05,4404,0.1944604454684993,higher rank -> more PD-like,0.0
ENSG00000134152,KATNBL1,5.9457523983502716e-05,4405,0.12032403248121928,higher rank -> more PD-like,0.0
ENSG00000182551,ADI1,5.945003681111571e-05,4406,0.1036878802863622,higher rank -> more PD-like,0.0
ENSG00000167671,UBXN6,5.942684158070657e-05,4407,-0.1003516267308519,higher rank -> less PD-like,0.0
ENSG00000181222,POLR2A,5.94235606938586e-05,4408,0.005376344086021237,higher rank -> more PD-like,0.0
ENSG00000102753,KPNA3,5.941646711204819e-05,4409,-0.006768433179723152,higher rank -> less PD-like,0.0
ENSG00000150656,CNDP1,5.938859783882542e-05,4410,0.12562403993854918,higher rank -> more PD-like,0.0
ENSG00000125629,INSIG2,5.937907471852501e-05,4411,-0.24409562211980232,higher rank -> less PD-like,0.0
ENSG00000160716,CHRNB2,5.935894531297152e-05,4412,-0.08794268365028494,higher rank -> less PD-like,0.0
ENSG00000180964,TCEAL8,5.931058707226667e-05,4413,-0.008184622031863317,higher rank -> less PD-like,0.0
ENSG00000112651,MRPL2,5.927640556657967e-05,4414,-0.1724750384024483,higher rank -> less PD-like,0.0
ENSG00000110881,ASIC1,5.927177307492205e-05,4415,-0.0744527649769544,higher rank -> less PD-like,0.0
ENSG00000169410,PTPN9,5.925348012299678e-05,4416,-0.12922427035329553,higher rank -> less PD-like,0.0
ENSG00000050820,BCAR1,5.9248892434484926e-05,4417,0.0847254224270307,higher rank -> more PD-like,0.0
ENSG00000077235,GTF3C1,5.9241204840660836e-05,4418,-0.12413892426108332,higher rank -> less PD-like,0.0
ENSG00000104218,CSPP1,5.921110681932053e-05,4419,0.05198795108802327,higher rank -> more PD-like,0.0
ENSG00000109099,PMP22,5.919560812788224e-05,4420,0.026929723502302688,higher rank -> more PD-like,0.0
ENSG00000155368,DBI,5.9109861534642075e-05,4421,0.28177803379414734,higher rank -> more PD-like,0.0
ENSG00000072135,PTPN18,5.910306567343981e-05,4422,0.07027649769584865,higher rank -> more PD-like,0.0
ENSG00000023516,AKAP11,5.910224858993127e-05,4423,-0.1457853302611287,higher rank -> less PD-like,0.0
ENSG00000101745,ANKRD12,5.909694923323588e-05,4424,0.009648617511520217,higher rank -> more PD-like,0.0
ENSG00000076984,MAP2K7,5.909189409569401e-05,4425,0.07157258064515735,higher rank -> more PD-like,0.0
ENSG00000143153,ATP1B1,5.9088929347780814e-05,4426,-0.18471803858422292,higher rank -> less PD-like,0.0
ENSG00000151090,THRB,5.9068268232724346e-05,4427,0.15149769585252626,higher rank -> more PD-like,0.0
ENSG00000131374,TBC1D5,5.9066806469255675e-05,4428,0.030817972350228706,higher rank -> more PD-like,0.0
ENSG00000198625,MDM4,5.906245842592159e-05,4429,0.1420890937019892,higher rank -> more PD-like,0.0
ENSG00000111276,CDKN1B,5.904529278340367e-05,4430,0.00667242703532992,higher rank -> more PD-like,0.0
ENSG00000105186,ANKRD27,5.9043719979414944e-05,4431,0.016321044546850138,higher rank -> more PD-like,0.0
ENSG00000185442,FAM174B,5.899713762354977e-05,4432,0.05513219005041062,higher rank -> more PD-like,0.0
ENSG00000103647,CORO2B,5.8992931592642153e-05,4433,-0.08328533026113216,higher rank -> less PD-like,0.0
ENSG00000124209,RAB22A,5.898689486033926e-05,4434,0.057891705069121245,higher rank -> more PD-like,0.0
ENSG00000173230,GOLGB1,5.897569048434185e-05,4435,-0.12730414746543078,higher rank -> less PD-like,0.0
ENSG00000111669,TPI1,5.8965147186517445e-05,4436,-0.015504992319507565,higher rank -> less PD-like,0.0
ENSG00000154265,ABCA5,5.895440838517037e-05,4437,-0.09430316704748079,higher rank -> less PD-like,0.0
ENSG00000085365,SCAMP1,5.895399746086971e-05,4438,0.1386345362347287,higher rank -> more PD-like,0.0
ENSG00000183597,TANGO2,5.889765681658726e-05,4439,-0.07296466973885933,higher rank -> less PD-like,0.0
ENSG00000125124,BBS2,5.888583711103484e-05,4440,-0.0018721422829481827,higher rank -> less PD-like,0.0
ENSG00000178974,FBXO34,5.886639199315861e-05,4441,0.1485952932529788,higher rank -> more PD-like,0.0
ENSG00000116266,STXBP3,5.880596139740603e-05,4442,0.14631336405529152,higher rank -> more PD-like,0.0
ENSG00000156531,PHF6,5.87755207525348e-05,4443,-0.07284553626599752,higher rank -> less PD-like,0.0
ENSG00000126012,KDM5C,5.8770484588340146e-05,4444,-0.13743444502771063,higher rank -> less PD-like,0.0
ENSG00000105649,RAB3A,5.876625445804215e-05,4445,0.1024877890793441,higher rank -> more PD-like,0.0
ENSG00000100321,SYNGR1,5.873780951313443e-05,4446,-0.03547427035330069,higher rank -> less PD-like,0.0
ENSG00000196923,PDLIM7,5.871988585742931e-05,4447,0.053955453148998564,higher rank -> more PD-like,0.0
ENSG00000186665,C17orf58,5.8718289470043065e-05,4448,-0.1029198219138706,higher rank -> less PD-like,0.0
ENSG00000171603,CLSTN1,5.8706295331401116e-05,4449,0.1626363603750903,higher rank -> more PD-like,0.0
ENSG00000116237,ICMT,5.870165341816671e-05,4450,-0.2243663594469923,higher rank -> less PD-like,0.0
ENSG00000101290,CDS2,5.8694178961021204e-05,4451,-0.046971569842687674,higher rank -> less PD-like,0.0
ENSG00000107798,LIPA,5.868340963469329e-05,4452,-0.030458680372643952,higher rank -> less PD-like,0.0
ENSG00000172292,CERS6,5.86786618795475e-05,4453,-0.1408410138248771,higher rank -> less PD-like,0.0
ENSG00000109445,ZNF330,5.866341460640272e-05,4454,-0.017521121351765555,higher rank -> less PD-like,0.0
ENSG00000197157,SND1,5.865641540756195e-05,4455,-0.16993087557602762,higher rank -> less PD-like,0.0
ENSG00000168522,FNTA,5.8612280181344245e-05,4456,-0.0667722734254956,higher rank -> less PD-like,0.0
ENSG00000115415,STAT1,5.859727070198491e-05,4457,0.11453533026113046,higher rank -> more PD-like,0.0
ENSG00000075240,GRAMD4,5.8592292193886434e-05,4458,0.004512288786482066,higher rank -> more PD-like,0.0
ENSG00000177981,ASB8,5.858470156960766e-05,4459,0.07327756910052399,higher rank -> more PD-like,0.0
ENSG00000168175,MAPK1IP1L,5.856426481413281e-05,4460,0.05530020281939315,higher rank -> more PD-like,0.0
ENSG00000111726,CMAS,5.855958740131474e-05,4461,-0.09835829493087019,higher rank -> less PD-like,0.0
ENSG00000188554,NBR1,5.8536454374746585e-05,4462,-0.04793164280830213,higher rank -> less PD-like,0.0
ENSG00000175220,ARHGAP1,5.8454160614471504e-05,4463,-0.14343317972349445,higher rank -> less PD-like,0.0
ENSG00000166200,COPS2,5.843260100818531e-05,4464,-0.10488671274961021,higher rank -> less PD-like,0.0
ENSG00000011021,CLCN6,5.842995151400519e-05,4465,-0.2345458254996137,higher rank -> less PD-like,0.0
ENSG00000089737,DDX24,5.838549747190557e-05,4466,0.04584293394777014,higher rank -> more PD-like,0.0
ENSG00000123560,PLP1,5.838248136004933e-05,4467,0.018985442895026065,higher rank -> more PD-like,0.0
ENSG00000165898,ISCA2,5.838088254492022e-05,4468,0.1143913210445406,higher rank -> more PD-like,0.0
ENSG00000153201,RANBP2,5.836060841180556e-05,4469,0.12334537425731837,higher rank -> more PD-like,0.0
ENSG00000115760,BIRC6,5.8343587679793054e-05,4470,-0.06542897260662575,higher rank -> less PD-like,0.0
ENSG00000169714,CNBP,5.833577778833941e-05,4471,-0.10531874039937977,higher rank -> less PD-like,0.0
ENSG00000149187,CELF1,5.832695383610233e-05,4472,0.18879608294929845,higher rank -> more PD-like,0.0
ENSG00000120251,GRIA2,5.831860853421255e-05,4473,0.023185762119589295,higher rank -> more PD-like,0.0
ENSG00000117697,NSL1,5.8303209363416734e-05,4474,0.11871159754223617,higher rank -> more PD-like,0.0
ENSG00000114354,TFG,5.828727358171551e-05,4475,0.05496351766512755,higher rank -> more PD-like,0.0
ENSG00000150753,CCT5,5.828400426725776e-05,4476,0.1120391705069063,higher rank -> more PD-like,0.0
ENSG00000185324,CDK10,5.827691444695078e-05,4477,0.11172849137338327,higher rank -> more PD-like,0.0
ENSG00000136541,ERMN,5.827093811166638e-05,4478,0.021361367127495007,higher rank -> more PD-like,0.0
ENSG00000138622,HCN4,5.8208723045245756e-05,4479,-0.04939516129031986,higher rank -> less PD-like,0.0
ENSG00000141424,SLC39A6,5.818749967426797e-05,4480,0.16297043010751794,higher rank -> more PD-like,0.0
ENSG00000134644,PUM1,5.818406911378168e-05,4481,0.05078725038402182,higher rank -> more PD-like,0.0
ENSG00000021762,OSBPL5,5.8174945947402436e-05,4482,-0.012504950377128407,higher rank -> less PD-like,0.0
ENSG00000224032,EPB41L4A-AS1,5.817041375714833e-05,4483,0.02899385560675725,higher rank -> more PD-like,0.0
ENSG00000104361,NIPAL2,5.816966051498455e-05,4484,0.05134051798036682,higher rank -> more PD-like,0.0
ENSG00000084207,GSTP1,5.8148379027637184e-05,4485,-0.0480510752688146,higher rank -> less PD-like,0.0
ENSG00000017797,RALBP1,5.8143014214266736e-05,4486,0.01075294626236758,higher rank -> more PD-like,0.0
ENSG00000130558,OLFM1,5.813908333447881e-05,4487,0.12178379416281973,higher rank -> more PD-like,0.0
ENSG00000106803,SEC61B,5.812910619968227e-05,4488,0.08899769585252967,higher rank -> more PD-like,0.0
ENSG00000033867,SLC4A7,5.8101357289350725e-05,4489,0.07517281105990374,higher rank -> more PD-like,0.0
ENSG00000165802,NSMF,5.807177748531962e-05,4490,-0.1198156682027584,higher rank -> less PD-like,0.0
ENSG00000169180,XPO6,5.8069290456357915e-05,4491,-0.04757104454684843,higher rank -> less PD-like,0.0
ENSG00000198919,DZIP3,5.806866695429887e-05,4492,-0.04550691244239383,higher rank -> less PD-like,0.0
ENSG00000066032,CTNNA2,5.8067106502833514e-05,4493,-0.2034850230414635,higher rank -> less PD-like,0.0
ENSG00000164114,MAP9,5.8059630319583875e-05,4494,-0.030529953917049032,higher rank -> less PD-like,0.0
ENSG00000170448,NFXL1,5.8053379120286076e-05,4495,-0.02861017437531104,higher rank -> less PD-like,0.0
ENSG00000114544,SLC41A3,5.803979655046761e-05,4496,-0.030938351316926127,higher rank -> less PD-like,0.0
ENSG00000126970,ZC4H2,5.803107464284949e-05,4497,-0.15133150120497998,higher rank -> less PD-like,0.0
ENSG00000143376,SNX27,5.8027351789371835e-05,4498,-0.03974654377879967,higher rank -> less PD-like,0.0
ENSG00000175387,SMAD2,5.7998837515732204e-05,4499,-0.01072881539074163,higher rank -> less PD-like,0.0
ENSG00000100804,PSMB5,5.799209204362862e-05,4500,-0.03845046082949102,higher rank -> less PD-like,0.0
ENSG00000155959,VBP1,5.793734180529423e-05,4501,-0.16023425499231075,higher rank -> less PD-like,0.0
ENSG00000110880,CORO1C,5.793661985888779e-05,4502,0.1532516471362089,higher rank -> more PD-like,0.0
ENSG00000113048,MRPS27,5.792879356895952e-05,4503,-0.07397273425498825,higher rank -> less PD-like,0.0
ENSG00000127511,SIN3B,5.790917430646904e-05,4504,0.044066820276495285,higher rank -> more PD-like,0.0
ENSG00000242802,AP5Z1,5.787817986108689e-05,4505,-0.003024193548386954,higher rank -> less PD-like,0.0
ENSG00000112893,MAN2A1,5.787544133604418e-05,4506,-0.029857910906296355,higher rank -> less PD-like,0.0
ENSG00000196458,ZNF605,5.787488921757679e-05,4507,0.1490975422426953,higher rank -> more PD-like,0.0
ENSG00000129347,KRI1,5.784201685483449e-05,4508,0.0792530721966162,higher rank -> more PD-like,0.0
ENSG00000182512,GLRX5,5.783504834708597e-05,4509,-0.13013632872503125,higher rank -> less PD-like,0.0
ENSG00000101460,MAP1LC3A,5.780518296113915e-05,4510,0.02400182414036158,higher rank -> more PD-like,0.04
ENSG00000099917,MED15,5.7792642557086564e-05,4511,0.04641897081412956,higher rank -> more PD-like,0.0
ENSG00000141367,CLTC,5.7787744329240097e-05,4512,0.011160982169644987,higher rank -> more PD-like,0.0
ENSG00000138459,SLC35A5,5.77755726737999e-05,4513,0.08609454319147707,higher rank -> more PD-like,0.0
ENSG00000133606,MKRN1,5.7756923512846105e-05,4514,0.08803869094684634,higher rank -> more PD-like,0.0
ENSG00000104723,TUSC3,5.773764191731487e-05,4515,0.05299539170506619,higher rank -> more PD-like,0.0
ENSG00000168958,MFF,5.772729354690523e-05,4516,0.17490129251081513,higher rank -> more PD-like,0.0
ENSG00000057608,GDI2,5.772718867924728e-05,4517,-0.06701228878647866,higher rank -> less PD-like,0.0
ENSG00000160214,RRP1,5.7718113659892986e-05,4518,0.014832949308754903,higher rank -> more PD-like,0.0
ENSG00000172500,FIBP,5.768954461847892e-05,4519,-0.032594086021503606,higher rank -> less PD-like,0.0
ENSG00000205981,DNAJC19,5.7688278954229704e-05,4520,-0.0640848704547655,higher rank -> less PD-like,0.0
ENSG00000136897,MRPL50,5.768724672219652e-05,4521,-0.016033218525761537,higher rank -> less PD-like,0.0
ENSG00000074695,LMAN1,5.767174381860637e-05,4522,0.10661482334868849,higher rank -> more PD-like,0.0
ENSG00000033627,ATP6V0A1,5.766079455073429e-05,4523,-0.09154185867895046,higher rank -> less PD-like,0.0
ENSG00000170558,CDH2,5.7657850976334253e-05,4524,0.26718509984637556,higher rank -> more PD-like,0.0
ENSG00000170419,VSTM2A,5.7615238605906385e-05,4525,-0.11074308755759762,higher rank -> less PD-like,0.0
ENSG00000151690,MFSD6,5.7607452672395634e-05,4526,-0.2782291454350718,higher rank -> less PD-like,0.0
ENSG00000143889,HNRNPLL,5.760075970994052e-05,4527,-0.04963517665130299,higher rank -> less PD-like,0.0
ENSG00000125505,MBOAT7,5.759020212931802e-05,4528,-0.00789660014217899,higher rank -> less PD-like,0.0
ENSG00000130741,EIF2S3,5.757905688154239e-05,4529,-0.057603686635941564,higher rank -> less PD-like,0.0
ENSG00000102401,ARMCX3,5.753956079549418e-05,4530,-0.021601900973506366,higher rank -> less PD-like,0.0
ENSG00000184752,NDUFA12,5.753755456471241e-05,4531,-0.042338709677417055,higher rank -> less PD-like,0.0
ENSG00000072401,UBE2D1,5.7497623184681466e-05,4532,0.013488863287249644,higher rank -> more PD-like,0.0
ENSG00000101474,APMAP,5.749242320412046e-05,4533,-0.058227726574497554,higher rank -> less PD-like,0.0
ENSG00000109606,DHX15,5.748640993635404e-05,4534,0.0577476958525314,higher rank -> more PD-like,0.0
ENSG00000100938,GMPR2,5.747168403033831e-05,4535,-0.1925403225806347,higher rank -> less PD-like,0.0
ENSG00000139180,NDUFA9,5.747101584530147e-05,4536,-0.09814345890993864,higher rank -> less PD-like,0.0
ENSG00000158941,CCAR2,5.745672745365168e-05,4537,-0.07205261136712357,higher rank -> less PD-like,0.0
ENSG00000140319,SRP14,5.745526256501238e-05,4538,-0.07267665130567959,higher rank -> less PD-like,0.0
ENSG00000170011,MYRIP,5.745022309909392e-05,4539,-0.012624807987710502,higher rank -> less PD-like,0.0
ENSG00000082898,XPO1,5.744264259788906e-05,4540,0.19753264208908286,higher rank -> more PD-like,0.0
ENSG00000166166,TRMT61A,5.741841969688558e-05,4541,0.05021241870730596,higher rank -> more PD-like,0.0
ENSG00000139970,RTN1,5.7410164983091236e-05,4542,0.2141417050691127,higher rank -> more PD-like,0.0
ENSG00000240583,AQP1,5.740361896035193e-05,4543,0.017425324325902523,higher rank -> more PD-like,0.0
ENSG00000163624,CDS1,5.7332826871182994e-05,4544,0.08746159754223791,higher rank -> more PD-like,0.0
ENSG00000136718,IMP4,5.728943424944209e-05,4545,0.057555683563744936,higher rank -> more PD-like,0.0
ENSG00000136527,TRA2B,5.727594746898207e-05,4546,0.14770545314899344,higher rank -> more PD-like,0.0
ENSG00000116473,RAP1A,5.726038875625514e-05,4547,0.000192012288786473,higher rank -> more PD-like,0.0
ENSG00000101210,EEF1A2,5.725480753240091e-05,4548,-0.05841973886328405,higher rank -> less PD-like,0.0
ENSG00000041802,LSG1,5.72405878037535e-05,4549,0.07085253456220814,higher rank -> more PD-like,0.0
ENSG00000083720,OXCT1,5.720873713619143e-05,4550,-0.13244206560651536,higher rank -> less PD-like,0.0
ENSG00000139645,ANKRD52,5.719367255847129e-05,4551,0.0731086789554491,higher rank -> more PD-like,0.0
ENSG00000185722,ANKFY1,5.7173848662066684e-05,4552,-0.16179629653017766,higher rank -> less PD-like,0.0
ENSG00000196683,TOMM7,5.716288026656232e-05,4553,0.07766897081412785,higher rank -> more PD-like,0.0
ENSG00000144674,GOLGA4,5.7142521637201536e-05,4554,-0.06974846390168589,higher rank -> less PD-like,0.0
ENSG00000100647,SUSD6,5.713411854030427e-05,4555,0.1040226574500711,higher rank -> more PD-like,0.0
ENSG00000134352,IL6ST,5.7125935256811035e-05,4556,0.2701612903225658,higher rank -> more PD-like,0.0
ENSG00000147853,AK3,5.710660959032691e-05,4557,0.03278609831029006,higher rank -> more PD-like,0.0
ENSG00000163346,PBXIP1,5.710349701800004e-05,4558,0.10798420680748688,higher rank -> more PD-like,0.0
ENSG00000005812,FBXL3,5.709272734175791e-05,4559,-0.10306259600613872,higher rank -> less PD-like,0.0
ENSG00000183726,TMEM50A,5.706831920747891e-05,4560,-0.06907642089093323,higher rank -> less PD-like,0.0
ENSG00000115355,CCDC88A,5.705066936351174e-05,4561,0.030385944700459182,higher rank -> more PD-like,0.0
ENSG00000082641,NFE2L1,5.7043945412497416e-05,4562,-0.06005400543945953,higher rank -> less PD-like,0.0
ENSG00000163393,SLC22A15,5.701939464251624e-05,4563,-0.10747887864822758,higher rank -> less PD-like,0.0
ENSG00000152661,GJA1,5.701453317475449e-05,4564,0.14350690653522208,higher rank -> more PD-like,0.0
ENSG00000113161,HMGCR,5.701178468340584e-05,4565,-0.13028190143388285,higher rank -> less PD-like,0.0
ENSG00000100304,TTLL12,5.700058605505982e-05,4566,-0.17007488479261737,higher rank -> less PD-like,0.0
ENSG00000196510,ANAPC7,5.69973210749529e-05,4567,0.029617895545313282,higher rank -> more PD-like,0.0
ENSG00000005448,WDR54,5.696662446639282e-05,4568,-0.06278801843317633,higher rank -> less PD-like,0.0
ENSG00000196914,ARHGEF12,5.695853799693033e-05,4569,0.10325460829492522,higher rank -> more PD-like,0.0
ENSG00000109436,TBC1D9,5.693239775460747e-05,4570,-0.21519777265743828,higher rank -> less PD-like,0.0
ENSG00000119760,SUPT7L,5.6931681367967325e-05,4571,0.1920122887864718,higher rank -> more PD-like,0.0
ENSG00000100417,PMM1,5.690126189058194e-05,4572,0.06967729547946976,higher rank -> more PD-like,0.0
ENSG00000174106,LEMD3,5.688682643392324e-05,4573,-0.01802536992941156,higher rank -> less PD-like,0.0
ENSG00000078304,PPP2R5C,5.688647152092824e-05,4574,0.037634408602148464,higher rank -> more PD-like,0.0
ENSG00000158109,TPRG1L,5.686667813783142e-05,4575,0.034754224270351367,higher rank -> more PD-like,0.0
ENSG00000134684,YARS1,5.685366245024766e-05,4576,0.027745775729645133,higher rank -> more PD-like,0.0
ENSG00000160209,PDXK,5.6850320055481344e-05,4577,-0.03653077634163033,higher rank -> less PD-like,0.0
ENSG00000167654,ATCAY,5.684834423573346e-05,4578,0.02184139784946116,higher rank -> more PD-like,0.0
ENSG00000114554,PLXNA1,5.6802636302664966e-05,4579,0.0655241935483835,higher rank -> more PD-like,0.0
ENSG00000133703,KRAS,5.679682213355423e-05,4580,-0.002736175115207207,higher rank -> less PD-like,0.0
ENSG00000152583,SPARCL1,5.67699725019237e-05,4581,0.06994131554501372,higher rank -> more PD-like,0.0
ENSG00000164609,SLU7,5.676664619973864e-05,4582,-0.12245730676412495,higher rank -> less PD-like,0.0
ENSG00000130703,OSBPL2,5.6754987809653674e-05,4583,0.031970046082947554,higher rank -> more PD-like,0.0
ENSG00000136450,SRSF1,5.671913681507762e-05,4584,0.06586021505375986,higher rank -> more PD-like,0.0
ENSG00000171862,PTEN,5.6692065074360944e-05,4585,0.026593701996926317,higher rank -> more PD-like,0.0
ENSG00000224051,CPTP,5.6684187175635846e-05,4586,-0.13474462365590661,higher rank -> less PD-like,0.0
ENSG00000166446,CDYL2,5.667566948253771e-05,4587,-0.02227369280225557,higher rank -> less PD-like,0.0
ENSG00000089006,SNX5,5.667460851750293e-05,4588,-0.02452956989247177,higher rank -> less PD-like,0.04
ENSG00000169764,UGP2,5.667411452470344e-05,4589,-0.22959869431642363,higher rank -> less PD-like,0.0
ENSG00000204977,TRIM13,5.666637461187582e-05,4590,-0.08894969278033311,higher rank -> less PD-like,0.0
ENSG00000112972,HMGCS1,5.665954273439604e-05,4591,-0.15932410864372035,higher rank -> less PD-like,0.0
ENSG00000144867,SRPRB,5.6644588263439834e-05,4592,-0.1665706605222643,higher rank -> less PD-like,0.0
ENSG00000118200,CAMSAP2,5.664134696032585e-05,4593,0.13445660522272693,higher rank -> more PD-like,0.0
ENSG00000055147,FAM114A2,5.663656308316473e-05,4594,0.07301354903498002,higher rank -> more PD-like,0.0
ENSG00000135698,MPHOSPH6,5.6628772921300267e-05,4595,-0.10553602074516999,higher rank -> less PD-like,0.0
ENSG00000243147,MRPL33,5.6599025988385466e-05,4596,0.13709841948974558,higher rank -> more PD-like,0.0
ENSG00000110514,MADD,5.655018614855756e-05,4597,-0.1303763440860144,higher rank -> less PD-like,0.0
ENSG00000129158,SERGEF,5.648971945510809e-05,4598,0.028129800307218143,higher rank -> more PD-like,0.0
ENSG00000099889,ARVCF,5.64880779068539e-05,4599,0.21164554531488852,higher rank -> more PD-like,0.0
ENSG00000197971,MBP,5.647660933692751e-05,4600,0.09855030721965669,higher rank -> more PD-like,0.0
ENSG00000179262,RAD23A,5.647233414035072e-05,4601,-0.19758301632345676,higher rank -> less PD-like,0.0
ENSG00000102178,UBL4A,5.644048015428155e-05,4602,0.06794916414136373,higher rank -> more PD-like,0.0
ENSG00000136560,TANK,5.643377546422964e-05,4603,-0.00542434715821781,higher rank -> less PD-like,0.0
ENSG00000102109,PCSK1N,5.643188675844682e-05,4604,-0.117607526881714,higher rank -> less PD-like,0.0
ENSG00000134030,CTIF,5.642624946615423e-05,4605,-0.09802227342549384,higher rank -> less PD-like,0.0
ENSG00000178965,ERICH3,5.641755345943127e-05,4606,0.18061372665622116,higher rank -> more PD-like,0.0
ENSG00000161057,PSMC2,5.641199616991469e-05,4607,-0.05654761904761594,higher rank -> less PD-like,0.0
ENSG00000078043,PIAS2,5.63923484275257e-05,4608,0.05880376344085704,higher rank -> more PD-like,0.0
ENSG00000159842,ABR,5.6384972960685795e-05,4609,0.054844168160726285,higher rank -> more PD-like,0.0
ENSG00000153130,SCOC,5.6384309842638736e-05,4610,-0.17045890937019034,higher rank -> less PD-like,0.0
ENSG00000185800,DMWD,5.6346842074869183e-05,4611,-0.001248079877112082,higher rank -> less PD-like,0.0
ENSG00000196405,EVL,5.6340599893279324e-05,4612,0.04795506912442134,higher rank -> more PD-like,0.0
ENSG00000175334,BANF1,5.632597201055225e-05,4613,0.03004992319508284,higher rank -> more PD-like,0.0
ENSG00000134014,ELP3,5.631980182343378e-05,4614,-0.10114247311827404,higher rank -> less PD-like,0.0
ENSG00000132434,LANCL2,5.6249503817867244e-05,4615,-0.02256144393241043,higher rank -> less PD-like,0.0
ENSG00000160710,ADAR,5.623002719633429e-05,4616,0.08153419660480839,higher rank -> more PD-like,0.0
ENSG00000138279,ANXA7,5.6224032090353835e-05,4617,-0.16803677080667165,higher rank -> less PD-like,0.0
ENSG00000260916,CCPG1,5.621626271517749e-05,4618,-0.001248079877112048,higher rank -> less PD-like,0.0
ENSG00000214517,PPME1,5.619660413749015e-05,4619,0.06845238095237718,higher rank -> more PD-like,0.0
ENSG00000221983,UBA52,5.6190493916370527e-05,4620,0.09206989247311324,higher rank -> more PD-like,0.0
ENSG00000130311,DDA1,5.6176004413570846e-05,4621,-0.10856025058685558,higher rank -> less PD-like,0.0
ENSG00000129757,CDKN1C,5.616835452118684e-05,4622,0.04526689708141072,higher rank -> more PD-like,0.0
ENSG00000071575,TRIB2,5.614411935044939e-05,4623,0.053212044119181734,higher rank -> more PD-like,0.0
ENSG00000163655,GMPS,5.6119525259037934e-05,4624,-0.004032258064515901,higher rank -> less PD-like,0.0
ENSG00000147894,C9orf72,5.610593574684049e-05,4625,-0.16637864823347778,higher rank -> less PD-like,0.0
ENSG00000160613,PCSK7,5.6104167878526486e-05,4626,0.12159178187403329,higher rank -> more PD-like,0.0
ENSG00000132432,SEC61G,5.608696617728989e-05,4627,-0.21058947772656295,higher rank -> less PD-like,0.0
ENSG00000155970,MICU3,5.607533922075483e-05,4628,-0.07421274961597132,higher rank -> less PD-like,0.0
ENSG00000042317,SPATA7,5.6066280776313964e-05,4629,-0.01737711213517573,higher rank -> less PD-like,0.0
ENSG00000170248,PDCD6IP,5.606460798718419e-05,4630,-0.17300307219661112,higher rank -> less PD-like,0.0
ENSG00000004961,HCCS,5.604703892190033e-05,4631,-0.044210829493085115,higher rank -> less PD-like,0.0
ENSG00000111897,SERINC1,5.604104842465836e-05,4632,-0.1727891319864632,higher rank -> less PD-like,0.0
ENSG00000181991,MRPS11,5.602446107110855e-05,4633,0.05133990183623347,higher rank -> more PD-like,0.0
ENSG00000164031,DNAJB14,5.6011363904110705e-05,4634,-0.08115211526411381,higher rank -> less PD-like,0.0
ENSG00000184271,POU6F1,5.6008338075647185e-05,4635,-0.04368279569892234,higher rank -> less PD-like,0.0
ENSG00000185024,BRF1,5.600777920473291e-05,4636,-0.11194316436251299,higher rank -> less PD-like,0.0
ENSG00000087152,ATXN7L3,5.600469264407064e-05,4637,-0.04089910833517617,higher rank -> less PD-like,0.0
ENSG00000106789,CORO2A,5.600390240030575e-05,4638,-0.09350998463901175,higher rank -> less PD-like,0.0
ENSG00000075945,KIFAP3,5.59817806272474e-05,4639,-0.38359254992317415,higher rank -> less PD-like,0.0
ENSG00000164896,FASTK,5.593782247634137e-05,4640,-0.060940631492378175,higher rank -> less PD-like,0.0
ENSG00000144711,IQSEC1,5.591385644520194e-05,4641,-0.07121341222445289,higher rank -> less PD-like,0.0
ENSG00000150361,KLHL1,5.591066647984721e-05,4642,-0.06485215053763085,higher rank -> less PD-like,0.0
ENSG00000224470,ATXN1L,5.590350023001591e-05,4643,0.11021637645254055,higher rank -> more PD-like,0.0
ENSG00000115808,STRN,5.58996647312202e-05,4644,-0.0010080645161289759,higher rank -> less PD-like,0.0
ENSG00000144306,SCRN3,5.5898359645857595e-05,4645,-0.22240090248459066,higher rank -> less PD-like,0.0
ENSG00000170871,KIAA0232,5.589150586560415e-05,4646,-0.21935267081876475,higher rank -> less PD-like,0.0
ENSG00000095261,PSMD5,5.5858193095288524e-05,4647,0.08030913978494184,higher rank -> more PD-like,0.0
ENSG00000047315,POLR2B,5.5856658040517416e-05,4648,-0.08141321044546408,higher rank -> less PD-like,0.0
ENSG00000100941,PNN,5.58509263787139e-05,4649,0.05239598209840939,higher rank -> more PD-like,0.0
ENSG00000135535,CD164,5.5833811718945917e-05,4650,0.05001920122887591,higher rank -> more PD-like,0.0
ENSG00000196591,HDAC2,5.582904168696639e-05,4651,0.009312596006143873,higher rank -> more PD-like,0.0
ENSG00000006740,ARHGAP44,5.582782602891721e-05,4652,0.036530776341630364,higher rank -> more PD-like,0.0
ENSG00000160714,UBE2Q1,5.5825284507906825e-05,4653,-0.022657450076803674,higher rank -> less PD-like,0.0
ENSG00000255302,EID1,5.5823211714013085e-05,4654,0.032066052227340776,higher rank -> more PD-like,0.0
ENSG00000187391,MAGI2,5.5802039529050015e-05,4655,0.08933371735790603,higher rank -> more PD-like,0.0
ENSG00000187109,NAP1L1,5.579612602368143e-05,4656,0.1310963901689636,higher rank -> more PD-like,0.0
ENSG00000174748,RPL15,5.579130722360016e-05,4657,-0.27148463285163016,higher rank -> less PD-like,0.0
ENSG00000198478,SH3BGRL2,5.5773262001970036e-05,4658,-0.15097147384287454,higher rank -> less PD-like,0.0
ENSG00000128266,GNAZ,5.5764806135050786e-05,4659,-0.041042626728108364,higher rank -> less PD-like,0.0
ENSG00000085978,ATG16L1,5.574617992909959e-05,4660,-0.14619511083894257,higher rank -> less PD-like,0.0
ENSG00000080371,RAB21,5.5740365447407604e-05,4661,0.06912442396312989,higher rank -> more PD-like,0.0
ENSG00000004455,AK2,5.5738026790491186e-05,4662,0.19844470046081858,higher rank -> more PD-like,0.0
ENSG00000054523,KIF1B,5.571262275946175e-05,4663,0.006336405529953571,higher rank -> more PD-like,0.0
ENSG00000115204,MPV17,5.570490785473395e-05,4664,-0.13311251920122155,higher rank -> less PD-like,0.0
ENSG00000008294,SPAG9,5.5693758170314145e-05,4665,-0.025249918995660408,higher rank -> less PD-like,0.0
ENSG00000187735,TCEA1,5.567430377115091e-05,4666,-0.06605222734254633,higher rank -> less PD-like,0.0
ENSG00000152518,ZFP36L2,5.566388627233022e-05,4667,0.05707565284177874,higher rank -> more PD-like,0.0
ENSG00000143740,SNAP47,5.566290897686763e-05,4668,-0.1884143195018387,higher rank -> less PD-like,0.0
ENSG00000183044,ABAT,5.566205208288632e-05,4669,0.07070937391750536,higher rank -> more PD-like,0.0
ENSG00000029725,RABEP1,5.5651288244202595e-05,4670,-0.021985934768590933,higher rank -> less PD-like,0.0
ENSG00000129933,MAU2,5.5632389035133595e-05,4671,0.03398617511520549,higher rank -> more PD-like,0.0
ENSG00000130724,CHMP2A,5.5625136109449215e-05,4672,-0.027649769585251942,higher rank -> less PD-like,0.0
ENSG00000145391,SETD7,5.559179732982514e-05,4673,-0.01924923195084378,higher rank -> less PD-like,0.0
ENSG00000254858,MPV17L2,5.558691825718107e-05,4674,-0.08962173579108572,higher rank -> less PD-like,0.0
ENSG00000134202,GSTM3,5.557559618919335e-05,4675,0.1630184331797146,higher rank -> more PD-like,0.0
ENSG00000123106,CCDC91,5.55611027238634e-05,4676,-0.12696812596005452,higher rank -> less PD-like,0.0
ENSG00000133101,CCNA1,5.554388183298386e-05,4677,-0.13244365507978684,higher rank -> less PD-like,0.0
ENSG00000176978,DPP7,5.5534705863139986e-05,4678,0.035618279569890526,higher rank -> more PD-like,0.0
ENSG00000109390,NDUFC1,5.552538692875456e-05,4679,0.08808563748079397,higher rank -> more PD-like,0.0
ENSG00000172346,CSDC2,5.551831768502718e-05,4680,-0.19218260589187544,higher rank -> less PD-like,0.0
ENSG00000138399,FASTKD1,5.551560368350297e-05,4681,0.14712941628263404,higher rank -> more PD-like,0.0
ENSG00000117139,KDM5B,5.5515282698263425e-05,4682,-0.006480414746543455,higher rank -> less PD-like,0.0
ENSG00000242808,SOX2-OT,5.550347558848758e-05,4683,-0.0017521331622463885,higher rank -> less PD-like,0.0
ENSG00000104447,TRPS1,5.548581669231763e-05,4684,0.09206989247311326,higher rank -> more PD-like,0.0
ENSG00000170873,MTSS1,5.5477927977295e-05,4685,0.14770545314899344,higher rank -> more PD-like,0.0
ENSG00000160584,SIK3,5.545608896213366e-05,4686,-0.2880698933326201,higher rank -> less PD-like,0.04
ENSG00000178952,TUFM,5.545011855448352e-05,4687,-0.04517089093701749,higher rank -> less PD-like,0.0
ENSG00000127616,SMARCA4,5.544887417840334e-05,4688,-0.12274385560675209,higher rank -> less PD-like,0.0
ENSG00000168137,SETD5,5.544872711685449e-05,4689,0.173965221369341,higher rank -> more PD-like,0.0
ENSG00000204370,SDHD,5.5427606873197227e-05,4690,0.1017665130568301,higher rank -> more PD-like,0.0
ENSG00000113327,GABRG2,5.542336515832247e-05,4691,0.03422660122415569,higher rank -> more PD-like,0.0
ENSG00000198961,PJA2,5.541207578552195e-05,4692,-0.170122887864814,higher rank -> less PD-like,0.0
ENSG00000186001,LRCH3,5.541078090272316e-05,4693,0.059283794162823186,higher rank -> more PD-like,0.0
ENSG00000140995,DEF8,5.5410723573671736e-05,4694,0.06499615975422067,higher rank -> more PD-like,0.0
ENSG00000237765,FAM200B,5.5404416443139494e-05,4695,-0.05438748079876815,higher rank -> less PD-like,0.0
ENSG00000152409,JMY,5.5400347386103144e-05,4696,-0.007344470046082503,higher rank -> less PD-like,0.0
ENSG00000176396,EID2,5.539560356705403e-05,4697,-0.16878082735502287,higher rank -> less PD-like,0.0
ENSG00000160113,NR2F6,5.5381842369875355e-05,4698,0.07373271889400519,higher rank -> more PD-like,0.0
ENSG00000063176,SPHK2,5.5379953106564666e-05,4699,-0.018193164362518194,higher rank -> less PD-like,0.0
ENSG00000105339,DENND3,5.537428969196848e-05,4700,-0.0017761136712748555,higher rank -> less PD-like,0.0
ENSG00000109738,GLRB,5.5325359841698136e-05,4701,-0.020305299539169427,higher rank -> less PD-like,0.0
ENSG00000220205,VAMP2,5.531939901681387e-05,4702,-0.05553955453148697,higher rank -> less PD-like,0.0
ENSG00000070718,AP3M2,5.530369384989712e-05,4703,-0.15181335961936426,higher rank -> less PD-like,0.0
ENSG00000120451,SNX19,5.5302645383548266e-05,4704,-0.09053379416282148,higher rank -> less PD-like,0.0
ENSG00000150938,CRIM1,5.529444394136121e-05,4705,-0.03192242610668094,higher rank -> less PD-like,0.0
ENSG00000117758,STX12,5.5289479919630504e-05,4706,-0.17302915022786686,higher rank -> less PD-like,0.0
ENSG00000198794,SCAMP5,5.5272915891864455e-05,4707,-0.1251920122887796,higher rank -> less PD-like,0.0
ENSG00000186806,VSIG10L,5.5269509903173256e-05,4708,0.11616743471581543,higher rank -> more PD-like,0.0
ENSG00000142235,LMTK3,5.52691532464339e-05,4709,-0.018529185867894527,higher rank -> less PD-like,0.0
ENSG00000103111,MON1B,5.5254046329719287e-05,4710,-0.03269009216589683,higher rank -> less PD-like,0.0
ENSG00000075391,RASAL2,5.524328015748343e-05,4711,0.07080453149001148,higher rank -> more PD-like,0.0
ENSG00000116688,MFN2,5.5242620040364054e-05,4712,0.03451420890936831,higher rank -> more PD-like,0.0
ENSG00000027847,B4GALT7,5.524240562420674e-05,4713,-0.0950712254199724,higher rank -> less PD-like,0.0
ENSG00000137996,RTCA,5.523776310743934e-05,4714,-0.06235599078340675,higher rank -> less PD-like,0.0
ENSG00000147454,SLC25A37,5.521411506889191e-05,4715,0.10056643625191462,higher rank -> more PD-like,0.0
ENSG00000088808,PPP1R13B,5.5188944221458604e-05,4716,-0.001968149579509633,higher rank -> less PD-like,0.0
ENSG00000188994,ZNF292,5.518253987955672e-05,4717,0.23214285714284447,higher rank -> more PD-like,0.0
ENSG00000106688,SLC1A1,5.517392649145024e-05,4718,-0.018385176651304676,higher rank -> less PD-like,0.0
ENSG00000072803,FBXW11,5.517343100854591e-05,4719,-0.07147657450076408,higher rank -> less PD-like,0.0
ENSG00000048544,MRPS10,5.516527630457863e-05,4720,-0.04073158439115591,higher rank -> less PD-like,0.0
ENSG00000128524,ATP6V1F,5.5161398008194716e-05,4721,-0.1256240399385492,higher rank -> less PD-like,0.0
ENSG00000140939,NOL3,5.515953444825212e-05,4722,-0.21682987711212334,higher rank -> less PD-like,0.0
ENSG00000196792,STRN3,5.515783441920789e-05,4723,0.1632364059785994,higher rank -> more PD-like,0.0
ENSG00000162065,TBC1D24,5.515655603762348e-05,4724,-0.031298003072194915,higher rank -> less PD-like,0.0
ENSG00000067533,RRP15,5.5141080199561726e-05,4725,-0.03384216589861567,higher rank -> less PD-like,0.0
ENSG00000116489,CAPZA1,5.5115223491905385e-05,4726,0.04349078341013581,higher rank -> more PD-like,0.0
ENSG00000168288,MMADHC,5.510255171035136e-05,4727,-0.03182641881011952,higher rank -> less PD-like,0.0
ENSG00000158716,DUSP23,5.5079618220106285e-05,4728,-0.08215824403245785,higher rank -> less PD-like,0.0
ENSG00000095574,IKZF5,5.50695308670436e-05,4729,-0.007488479262672382,higher rank -> less PD-like,0.0
ENSG00000089053,ANAPC5,5.5068158814009844e-05,4730,0.04469086021505131,higher rank -> more PD-like,0.0
ENSG00000014216,CAPN1,5.505682997406544e-05,4731,-0.04495541661489732,higher rank -> less PD-like,0.0
ENSG00000105325,FZR1,5.505667224885385e-05,4732,-0.08573348694315966,higher rank -> less PD-like,0.0
ENSG00000110675,ELMOD1,5.505029542181481e-05,4733,0.10479070660521701,higher rank -> more PD-like,0.0
ENSG00000203879,GDI1,5.504862142607266e-05,4734,0.022273692802255555,higher rank -> more PD-like,0.0
ENSG00000182195,LDOC1,5.5047596783318465e-05,4735,-0.06461213517664775,higher rank -> less PD-like,0.0
ENSG00000117602,RCAN3,5.5037970512681343e-05,4736,-0.058323732718890825,higher rank -> less PD-like,0.0
ENSG00000198053,SIRPA,5.5033744606335635e-05,4737,0.2654089861751007,higher rank -> more PD-like,0.0
ENSG00000020577,SAMD4A,5.500397097807959e-05,4738,0.19357471169201648,higher rank -> more PD-like,0.0
ENSG00000153989,NUS1,5.4995402157028034e-05,4739,-0.20910138248846782,higher rank -> less PD-like,0.0
ENSG00000160216,AGPAT3,5.499400320576581e-05,4740,0.02875384024577418,higher rank -> more PD-like,0.0
ENSG00000188997,KCTD21,5.4988949066888015e-05,4741,-0.03792242703532817,higher rank -> less PD-like,0.0
ENSG00000090266,NDUFB2,5.497457655395362e-05,4742,-0.08414938556067131,higher rank -> less PD-like,0.0
ENSG00000171262,FAM98B,5.4940560671194685e-05,4743,-0.04953917050690971,higher rank -> less PD-like,0.0
ENSG00000107951,MTPAP,5.493338715922459e-05,4744,0.03765886207622735,higher rank -> more PD-like,0.0
ENSG00000070182,SPTB,5.492099058063766e-05,4745,0.00772849462365547,higher rank -> more PD-like,0.0
ENSG00000198911,SREBF2,5.491676221348201e-05,4746,0.05793970814131785,higher rank -> more PD-like,0.0
ENSG00000128059,PPAT,5.489621770275814e-05,4747,-0.006096390168970478,higher rank -> less PD-like,0.0
ENSG00000126749,EMG1,5.4886792226303435e-05,4748,0.12003312252594842,higher rank -> more PD-like,0.0
ENSG00000174886,NDUFA11,5.488322772990275e-05,4749,-0.08803763440859737,higher rank -> less PD-like,0.0
ENSG00000149269,PAK1,5.488018364067086e-05,4750,-0.18668394777264724,higher rank -> less PD-like,0.0
ENSG00000164548,TRA2A,5.487583499472896e-05,4751,0.08059715821812154,higher rank -> more PD-like,0.0
ENSG00000115266,APC2,5.487493847201248e-05,4752,0.0023041474654376466,higher rank -> more PD-like,0.0
ENSG00000163811,WDR43,5.4863776485658086e-05,4753,0.02937788018433019,higher rank -> more PD-like,0.0
ENSG00000102309,PIN4,5.4850142459384247e-05,4754,-0.14866729872539983,higher rank -> less PD-like,0.0
ENSG00000159199,ATP5MC1,5.4832442666334096e-05,4755,0.0812692012288742,higher rank -> more PD-like,0.0
ENSG00000241553,ARPC4,5.4825305114989045e-05,4756,-0.20761328725037265,higher rank -> less PD-like,0.0
ENSG00000198198,SZT2,5.4777318952980795e-05,4757,0.01704109062979938,higher rank -> more PD-like,0.0
ENSG00000185624,P4HB,5.476412599160714e-05,4758,-0.17703533026112703,higher rank -> less PD-like,0.0
ENSG00000167792,NDUFV1,5.4763571586036434e-05,4759,-0.11158448042854115,higher rank -> less PD-like,0.0
ENSG00000074370,ATP2A3,5.4731725852476196e-05,4760,-0.1705549155145836,higher rank -> less PD-like,0.0
ENSG00000144401,METTL21A,5.473040572431715e-05,4761,0.04133064516128808,higher rank -> more PD-like,0.0
ENSG00000178074,C2orf69,5.472856293853958e-05,4762,-0.03417859757587496,higher rank -> less PD-like,0.0
ENSG00000107819,SFXN3,5.471496144077931e-05,4763,0.05090786900170696,higher rank -> more PD-like,0.0
ENSG00000065809,FAM107B,5.468095425289872e-05,4764,0.015697004608294072,higher rank -> more PD-like,0.0
ENSG00000099219,ERMP1,5.4670640529671265e-05,4765,-0.16714870331347828,higher rank -> less PD-like,0.0
ENSG00000067704,IARS2,5.4660913871303944e-05,4766,-0.08088517665130124,higher rank -> less PD-like,0.0
ENSG00000141431,ASXL3,5.4656956864756354e-05,4767,0.006960445468509588,higher rank -> more PD-like,0.0
ENSG00000198818,SFT2D1,5.460652471047216e-05,4768,0.055491551459290384,higher rank -> more PD-like,0.0
ENSG00000197045,GMFB,5.460440220022748e-05,4769,0.1281472769972784,higher rank -> more PD-like,0.0
ENSG00000104979,C19orf53,5.4599055601644976e-05,4770,-0.0863095238095191,higher rank -> less PD-like,0.0
ENSG00000161813,LARP4,5.459531064272607e-05,4771,0.07325268817203896,higher rank -> more PD-like,0.0
ENSG00000104853,CLPTM1,5.457811932678671e-05,4772,-0.10915898617510923,higher rank -> less PD-like,0.0
ENSG00000104904,OAZ1,5.4575692369386574e-05,4773,0.033698156682025776,higher rank -> more PD-like,0.0
ENSG00000125863,MKKS,5.455113761466021e-05,4774,0.029137864823347105,higher rank -> more PD-like,0.0
ENSG00000175216,CKAP5,5.448910396277385e-05,4775,0.05217933947772374,higher rank -> more PD-like,0.0
ENSG00000124207,CSE1L,5.447847737402472e-05,4776,-0.06718191202760483,higher rank -> less PD-like,0.0
ENSG00000132361,CLUH,5.446817094394098e-05,4777,-0.1480894777265664,higher rank -> less PD-like,0.0
ENSG00000102409,BEX4,5.4451967638937406e-05,4778,-0.11631144393240529,higher rank -> less PD-like,0.0
ENSG00000196235,SUPT5H,5.442973184308742e-05,4779,-0.13301651305682838,higher rank -> less PD-like,0.0
ENSG00000169564,PCBP1,5.44199516254935e-05,4780,0.1782354070660425,higher rank -> more PD-like,0.0
ENSG00000197586,ENTPD6,5.441358895825983e-05,4781,-0.0956232673752007,higher rank -> less PD-like,0.0
ENSG00000072954,TMEM38A,5.4385681778686534e-05,4782,-0.03533110914777934,higher rank -> less PD-like,0.0
ENSG00000054356,PTPRN,5.438083348061506e-05,4783,0.09269393241166925,higher rank -> more PD-like,0.0
ENSG00000082014,SMARCD3,5.43521982945547e-05,4784,-0.052659370199689866,higher rank -> less PD-like,0.0
ENSG00000177565,TBL1XR1,5.434710069042587e-05,4785,0.06922126082080292,higher rank -> more PD-like,0.0
ENSG00000140564,FURIN,5.432804232677064e-05,4786,-0.02109760341937786,higher rank -> less PD-like,0.0
ENSG00000181827,RFX7,5.431959115908552e-05,4787,0.054819508448537745,higher rank -> more PD-like,0.0
ENSG00000100906,NFKBIA,5.429431889418048e-05,4788,0.07728494623655488,higher rank -> more PD-like,0.0
ENSG00000110435,PDHX,5.4293197237578704e-05,4789,-0.08395737327188481,higher rank -> less PD-like,0.0
ENSG00000177082,WDR73,5.428921845542971e-05,4790,0.004224270353302409,higher rank -> more PD-like,0.0
ENSG00000167770,OTUB1,5.428881064616862e-05,4791,-0.12768817204300376,higher rank -> less PD-like,0.0
ENSG00000105357,MYH14,5.427726962067568e-05,4792,0.13107396163051477,higher rank -> more PD-like,0.0
ENSG00000143850,PLEKHA6,5.427430310240014e-05,4793,-0.16484452819600354,higher rank -> less PD-like,0.0
ENSG00000137106,GRHPR,5.4225109230177586e-05,4794,0.19244431643624135,higher rank -> more PD-like,0.0
ENSG00000054116,TRAPPC3,5.420961522996295e-05,4795,0.03357855197236588,higher rank -> more PD-like,0.0
ENSG00000170540,ARL6IP1,5.4180906914533204e-05,4796,0.07694892473117862,higher rank -> more PD-like,0.0
ENSG00000122566,HNRNPA2B1,5.415963687271031e-05,4797,0.0925019201228828,higher rank -> more PD-like,0.0
ENSG00000081154,PCNP,5.4136265442318846e-05,4798,-0.026257680491550032,higher rank -> less PD-like,0.0
ENSG00000104267,CA2,5.4119461159709616e-05,4799,0.043179799834819975,higher rank -> more PD-like,0.0
ENSG00000183751,TBL3,5.4102247671636046e-05,4800,0.04507488479262423,higher rank -> more PD-like,0.0
ENSG00000003393,ALS2,5.4085779425071855e-05,4801,-0.010464669738862713,higher rank -> less PD-like,0.0
ENSG00000106665,CLIP2,5.405607727358378e-05,4802,-0.09730222734254462,higher rank -> less PD-like,0.0
ENSG00000124541,RRP36,5.403968782041086e-05,4803,0.0018721198156681038,higher rank -> more PD-like,0.0
ENSG00000165495,PKNOX2,5.399446494693541e-05,4804,-0.17185099846389226,higher rank -> less PD-like,0.0
ENSG00000100744,GSKIP,5.399348374641948e-05,4805,-0.06605222734254632,higher rank -> less PD-like,0.0
ENSG00000178163,ZNF518B,5.398989105738288e-05,4806,0.14468125960060652,higher rank -> more PD-like,0.0
ENSG00000118518,RNF146,5.398707483236038e-05,4807,-0.04137864823348468,higher rank -> less PD-like,0.0
ENSG00000095794,CREM,5.398178376753013e-05,4808,0.13102595798223407,higher rank -> more PD-like,0.0
ENSG00000142453,CARM1,5.3922710816227753e-05,4809,-0.03619475080366531,higher rank -> less PD-like,0.0
ENSG00000023228,NDUFS1,5.3908714756210794e-05,4810,-0.1421850998463824,higher rank -> less PD-like,0.0
ENSG00000197150,ABCB8,5.3864110761163273e-05,4811,-0.1116324840768219,higher rank -> less PD-like,0.0
ENSG00000116171,SCP2,5.3846306345930806e-05,4812,-0.11794354838709033,higher rank -> less PD-like,0.0
ENSG00000077721,UBE2A,5.384536767310998e-05,4813,0.012144923015023006,higher rank -> more PD-like,0.0
ENSG00000124164,VAPB,5.382642984773314e-05,4814,0.0022561443932410416,higher rank -> more PD-like,0.0
ENSG00000164924,YWHAZ,5.380465739490808e-05,4815,-0.1788855953181151,higher rank -> less PD-like,0.0
ENSG00000145284,SCD5,5.377820461213407e-05,4816,-0.060628607778553424,higher rank -> less PD-like,0.0
ENSG00000113615,SEC24A,5.377537813813826e-05,4817,0.04805107526881459,higher rank -> more PD-like,0.0
ENSG00000086619,ERO1B,5.377269352319442e-05,4818,0.16489055299538266,higher rank -> more PD-like,0.0
ENSG00000133313,CNDP2,5.368637371361933e-05,4819,-0.11616743471581545,higher rank -> less PD-like,0.0
ENSG00000034152,MAP2K3,5.3632135557714783e-05,4820,0.07586976610768306,higher rank -> more PD-like,0.0
ENSG00000170348,TMED10,5.3616619659455566e-05,4821,-0.07469278033793753,higher rank -> less PD-like,0.0
ENSG00000136933,RABEPK,5.36128984160807e-05,4822,0.011760752688171422,higher rank -> more PD-like,0.0
ENSG00000163902,RPN1,5.361026638852645e-05,4823,-0.055084847482441274,higher rank -> less PD-like,0.0
ENSG00000155100,OTUD6B,5.358735505412845e-05,4824,0.03859447004608084,higher rank -> more PD-like,0.0
ENSG00000111237,VPS29,5.3567721730508796e-05,4825,-0.12286681231486571,higher rank -> less PD-like,0.0
ENSG00000108443,RPS6KB1,5.355624535531e-05,4826,-0.03221006144393064,higher rank -> less PD-like,0.0
ENSG00000122515,ZMIZ2,5.355021589866367e-05,4827,-0.20574363653117975,higher rank -> less PD-like,0.0
ENSG00000171204,TMEM126B,5.3510823011931895e-05,4828,-0.06989247311827573,higher rank -> less PD-like,0.0
ENSG00000129675,ARHGEF6,5.3494401637502004e-05,4829,0.12130376344085356,higher rank -> more PD-like,0.0
ENSG00000183864,TOB2,5.349374120030198e-05,4830,0.03221006144393065,higher rank -> more PD-like,0.0
ENSG00000115875,SRSF7,5.349292813781617e-05,4831,0.020881587002114625,higher rank -> more PD-like,0.0
ENSG00000175727,MLXIP,5.348825189991475e-05,4832,0.08640552995391232,higher rank -> more PD-like,0.0
ENSG00000083099,LYRM2,5.347561947948818e-05,4833,0.09360823755186103,higher rank -> more PD-like,0.16
ENSG00000108344,PSMD3,5.34644755248916e-05,4834,-0.1280241935483801,higher rank -> less PD-like,0.0
ENSG00000144224,UBXN4,5.3431038483674334e-05,4835,-0.0730606758832525,higher rank -> less PD-like,0.0
ENSG00000130956,HABP4,5.338574282937171e-05,4836,0.11482334869431013,higher rank -> more PD-like,0.0
ENSG00000035928,RFC1,5.337693483141052e-05,4837,-0.06446812596005792,higher rank -> less PD-like,0.0
ENSG00000166111,SVOP,5.337393418098997e-05,4838,-0.2887179425844098,higher rank -> less PD-like,0.0
ENSG00000159352,PSMD4,5.334240803263209e-05,4839,-0.17984566828372958,higher rank -> less PD-like,0.0
ENSG00000099246,RAB18,5.332019853462612e-05,4840,-0.13205645161289595,higher rank -> less PD-like,0.0
ENSG00000170889,RPS9,5.331937321776762e-05,4841,0.00813661838358258,higher rank -> more PD-like,0.0
ENSG00000138138,ATAD1,5.3314323571815024e-05,4842,-0.19638056835636403,higher rank -> less PD-like,0.0
ENSG00000213639,PPP1CB,5.331344111583426e-05,4843,-0.032714486303312876,higher rank -> less PD-like,0.0
ENSG00000134313,KIDINS220,5.330785378609088e-05,4844,-0.11280721966205216,higher rank -> less PD-like,0.0
ENSG00000196132,MYT1,5.3288727966160756e-05,4845,0.07142942864171617,higher rank -> more PD-like,0.0
ENSG00000177383,MAGEF1,5.326107531718325e-05,4846,0.13237006013409428,higher rank -> more PD-like,0.0
ENSG00000157450,RNF111,5.324143841602517e-05,4847,0.08434139784945775,higher rank -> more PD-like,0.0
ENSG00000182827,ACBD3,5.320108362355285e-05,4848,0.03797043010752483,higher rank -> more PD-like,0.0
ENSG00000142408,CACNG8,5.319644806743663e-05,4849,-0.06696589301786976,higher rank -> less PD-like,0.0
ENSG00000103145,HCFC1R1,5.318533268580791e-05,4850,0.0012480798771120497,higher rank -> more PD-like,0.0
ENSG00000139998,RAB15,5.317892080475343e-05,4851,-0.028273809523807963,higher rank -> less PD-like,0.0
ENSG00000128567,PODXL,5.31531686894673e-05,4852,0.038642473118277454,higher rank -> more PD-like,0.0
ENSG00000135778,NTPCR,5.314934589072218e-05,4853,-0.04896372124633769,higher rank -> less PD-like,0.0
ENSG00000067221,STOML1,5.3142741973249145e-05,4854,-0.16604262672810152,higher rank -> less PD-like,0.0
ENSG00000159210,SNF8,5.310897862705287e-05,4855,-0.05777239070585041,higher rank -> less PD-like,0.0
ENSG00000113734,BNIP1,5.3097950001511665e-05,4856,0.013561030639304302,higher rank -> more PD-like,0.04
ENSG00000111530,CAND1,5.3088396581833945e-05,4857,-0.04051459293394558,higher rank -> less PD-like,0.0
ENSG00000160917,CPSF4,5.306802633607904e-05,4858,-0.2865783410138092,higher rank -> less PD-like,0.0
ENSG00000204843,DCTN1,5.3023835771061466e-05,4859,0.0069604454685096495,higher rank -> more PD-like,0.0
ENSG00000169504,CLIC4,5.298088420072982e-05,4860,0.033602150537632616,higher rank -> more PD-like,0.0
ENSG00000088538,DOCK3,5.298024801426584e-05,4861,-0.20540761099321467,higher rank -> less PD-like,0.04
ENSG00000129245,FXR2,5.296590002799194e-05,4862,-0.18615591397848444,higher rank -> less PD-like,0.0
ENSG00000131171,SH3BGRL,5.295305635964073e-05,4863,-0.08575851765351204,higher rank -> less PD-like,0.0
ENSG00000138101,DTNB,5.294149917576724e-05,4864,-0.07246150707975174,higher rank -> less PD-like,0.0
ENSG00000106780,MEGF9,5.29241829240474e-05,4865,-0.03749039938555862,higher rank -> less PD-like,0.0
ENSG00000126267,COX6B1,5.291885329975344e-05,4866,0.035810291858677,higher rank -> more PD-like,0.0
ENSG00000138078,PREPL,5.2912326416614066e-05,4867,-0.025129909874958615,higher rank -> less PD-like,0.0
ENSG00000125995,ROMO1,5.290718671487568e-05,4868,0.027697772657448563,higher rank -> more PD-like,0.0
ENSG00000142784,WDTC1,5.2898466120962473e-05,4869,-0.039027434425468195,higher rank -> less PD-like,0.0
ENSG00000108384,RAD51C,5.288288425603763e-05,4870,-0.09706337682362239,higher rank -> less PD-like,0.0
ENSG00000118733,OLFM3,5.285861236207645e-05,4871,-0.07709293394776842,higher rank -> less PD-like,0.0
ENSG00000160213,CSTB,5.2831779024379906e-05,4872,0.048723118279567205,higher rank -> more PD-like,0.0
ENSG00000167004,PDIA3,5.281061910360861e-05,4873,-0.1379624851587985,higher rank -> less PD-like,0.0
ENSG00000145817,YIPF5,5.2786166199174546e-05,4874,0.1368087557603612,higher rank -> more PD-like,0.0
ENSG00000177200,CHD9,5.275932610476948e-05,4875,0.12605758038517917,higher rank -> more PD-like,0.0
ENSG00000118965,WDR35,5.2744124645410504e-05,4876,-0.010128648233486373,higher rank -> less PD-like,0.0
ENSG00000025796,SEC63,5.272413832881798e-05,4877,-0.05462749615975118,higher rank -> less PD-like,0.0
ENSG00000135837,CEP350,5.271285949346848e-05,4878,0.14761121846322392,higher rank -> more PD-like,0.0
ENSG00000181409,AATK,5.270983205031916e-05,4879,-0.026113671274960178,higher rank -> less PD-like,0.0
ENSG00000177889,UBE2N,5.270473416923831e-05,4880,-0.005376344086021197,higher rank -> less PD-like,0.0
ENSG00000136870,ZNF189,5.2687153960488285e-05,4881,-0.0408506144393219,higher rank -> less PD-like,0.0
ENSG00000124145,SDC4,5.2685175872518746e-05,4882,0.147129416282634,higher rank -> more PD-like,0.0
ENSG00000120805,ARL1,5.264224760165573e-05,4883,-0.11775153609830386,higher rank -> less PD-like,0.0
ENSG00000253719,ATXN7L3B,5.261250483285887e-05,4884,-0.24822388632871142,higher rank -> less PD-like,0.0
ENSG00000147654,EBAG9,5.2504118344073105e-05,4885,0.1490015360983021,higher rank -> more PD-like,0.0
ENSG00000137968,SLC44A5,5.2496479638698726e-05,4886,-0.0018481404588078267,higher rank -> less PD-like,0.0
ENSG00000172336,POP7,5.2482476080069915e-05,4887,-0.12888824884791925,higher rank -> less PD-like,0.0
ENSG00000168397,ATG4B,5.2477515426635616e-05,4888,0.02380952380952248,higher rank -> more PD-like,0.0
ENSG00000114853,ZBTB47,5.247705048737816e-05,4889,0.10992703533025511,higher rank -> more PD-like,0.0
ENSG00000143420,ENSA,5.246223105144237e-05,4890,0.14338517665129777,higher rank -> more PD-like,0.0
ENSG00000114948,ADAM23,5.244624642092293e-05,4891,0.05793970814131789,higher rank -> more PD-like,0.0
ENSG00000168275,COA6,5.242617224282436e-05,4892,0.0012000768049154488,higher rank -> more PD-like,0.0
ENSG00000135932,CAB39,5.2423625802032864e-05,4893,-0.21097350230413592,higher rank -> less PD-like,0.0
ENSG00000165724,ZMYND19,5.239161951026783e-05,4894,-0.10805491551458701,higher rank -> less PD-like,0.0
ENSG00000136937,NCBP1,5.238257402739313e-05,4895,-0.026881720430106056,higher rank -> less PD-like,0.0
ENSG00000167700,MFSD3,5.237059575286437e-05,4896,0.13213004189269068,higher rank -> more PD-like,0.0
ENSG00000114867,EIF4G1,5.2363527737017274e-05,4897,-0.03076996927803211,higher rank -> less PD-like,0.0
ENSG00000139531,SUOX,5.230787729429208e-05,4898,0.11506336405529324,higher rank -> more PD-like,0.0
ENSG00000171368,TPPP,5.230642533731282e-05,4899,-0.05721966205836862,higher rank -> less PD-like,0.0
ENSG00000180155,LYNX1,5.23042721019236e-05,4900,-0.03931451612903011,higher rank -> less PD-like,0.0
ENSG00000108587,GOSR1,5.226794495365581e-05,4901,-0.11410330261136088,higher rank -> less PD-like,0.0
ENSG00000156170,NDUFAF6,5.226510874898315e-05,4902,-0.08503846292930121,higher rank -> less PD-like,0.0
ENSG00000159164,SV2A,5.2233214702325606e-05,4903,0.07277265745007283,higher rank -> more PD-like,0.0
ENSG00000079739,PGM1,5.222146048591236e-05,4904,-0.05443548387096475,higher rank -> less PD-like,0.0
ENSG00000065559,MAP2K4,5.221618941390694e-05,4905,-0.048699701180793704,higher rank -> less PD-like,0.0
ENSG00000072364,AFF4,5.220329384834803e-05,4906,0.044498847926264865,higher rank -> more PD-like,0.0
ENSG00000134769,DTNA,5.2195341942477274e-05,4907,0.200847264406546,higher rank -> more PD-like,0.0
ENSG00000007168,PAFAH1B1,5.2166994550942546e-05,4908,-0.2864377692910755,higher rank -> less PD-like,0.0
ENSG00000137821,LRRC49,5.216533668774671e-05,4909,-0.20670122887863696,higher rank -> less PD-like,0.0
ENSG00000101152,DNAJC5,5.216335046377535e-05,4910,-0.07104454685099458,higher rank -> less PD-like,0.0
ENSG00000141576,RNF157,5.215227460685597e-05,4911,-0.18154761904760913,higher rank -> less PD-like,0.0
ENSG00000177432,NAP1L5,5.214966326738967e-05,4912,0.06005256399918476,higher rank -> more PD-like,0.0
ENSG00000099308,MAST3,5.213642814436391e-05,4913,-0.08016513056835192,higher rank -> less PD-like,0.0
ENSG00000148090,AUH,5.213032727961228e-05,4914,-0.051123885418970255,higher rank -> less PD-like,0.0
ENSG00000166770,ZNF667-AS1,5.212697989562385e-05,4915,-0.026449692780336494,higher rank -> less PD-like,0.0
ENSG00000104177,MYEF2,5.212240174003986e-05,4916,0.27129261825850726,higher rank -> more PD-like,0.0
ENSG00000196361,ELAVL3,5.209406423593932e-05,4917,0.10455069124423391,higher rank -> more PD-like,0.0
ENSG00000136848,DAB2IP,5.2036948384262806e-05,4918,-0.1316724270353231,higher rank -> less PD-like,0.0
ENSG00000066117,SMARCD1,5.20266963449367e-05,4919,-0.056355606758829495,higher rank -> less PD-like,0.0
ENSG00000139746,RBM26,5.202640427520359e-05,4920,0.11947964669738208,higher rank -> more PD-like,0.0
ENSG00000135047,CTSL,5.2025316240755314e-05,4921,-0.08083814370473792,higher rank -> less PD-like,0.0
ENSG00000088543,C3orf18,5.201716456877166e-05,4922,-0.1043106758832508,higher rank -> less PD-like,0.0
ENSG00000147164,SNX12,5.201484659148828e-05,4923,-0.04046658986174895,higher rank -> less PD-like,0.0
ENSG00000100997,ABHD12,5.201212394229463e-05,4924,-0.05467681157516396,higher rank -> less PD-like,0.0
ENSG00000177963,RIC8A,5.200613805154071e-05,4925,-0.05076385805686483,higher rank -> less PD-like,0.0
ENSG00000168461,RAB31,5.199598210302385e-05,4926,0.06168468804072934,higher rank -> more PD-like,0.0
ENSG00000100266,PACSIN2,5.199517651172285e-05,4927,-0.020257296466972774,higher rank -> less PD-like,0.0
ENSG00000122565,CBX3,5.199488948141187e-05,4928,0.04579493087557353,higher rank -> more PD-like,0.0
ENSG00000006744,ELAC2,5.1965323614229626e-05,4929,-0.03254608294930696,higher rank -> less PD-like,0.0
ENSG00000015676,NUDCD3,5.195526815539631e-05,4930,0.04145164775693946,higher rank -> more PD-like,0.0
ENSG00000001036,FUCA2,5.192142429314574e-05,4931,-0.2528321812595867,higher rank -> less PD-like,0.0
ENSG00000197535,MYO5A,5.1906695833483925e-05,4932,-0.07954109062979596,higher rank -> less PD-like,0.0
ENSG00000065609,SNAP91,5.187068148700801e-05,4933,-0.08847072378137291,higher rank -> less PD-like,0.0
ENSG00000109184,DCUN1D4,5.18612322584009e-05,4934,-0.04531490015360737,higher rank -> less PD-like,0.0
ENSG00000122705,CLTA,5.184901550652718e-05,4935,0.14837749615974613,higher rank -> more PD-like,0.0
ENSG00000138035,PNPT1,5.179272387062797e-05,4936,-0.05813172043010433,higher rank -> less PD-like,0.0
ENSG00000133612,AGAP3,5.1773300969294457e-05,4937,0.17055491551458363,higher rank -> more PD-like,0.0
ENSG00000079950,STX7,5.174678822940362e-05,4938,-0.1093990015360923,higher rank -> less PD-like,0.0
ENSG00000144406,UNC80,5.173914249883556e-05,4939,-0.10995235638699653,higher rank -> less PD-like,0.0
ENSG00000116138,DNAJC16,5.1726497665714485e-05,4940,-0.006432488869616943,higher rank -> less PD-like,0.0
ENSG00000127990,SGCE,5.1722358566436996e-05,4941,-0.03739439324116539,higher rank -> less PD-like,0.0
ENSG00000102078,SLC25A14,5.1682856705078756e-05,4942,-0.1273041474654308,higher rank -> less PD-like,0.0
ENSG00000139990,DCAF5,5.1675523521116793e-05,4943,-0.16930886748611082,higher rank -> less PD-like,0.0
ENSG00000196072,BLOC1S2,5.166725378362844e-05,4944,-0.026858363543726265,higher rank -> less PD-like,0.0
ENSG00000103042,SLC38A7,5.1657495119640305e-05,4945,-0.011904761904761243,higher rank -> less PD-like,0.0
ENSG00000065548,ZC3H15,5.165047534970598e-05,4946,-0.21154953917049532,higher rank -> less PD-like,0.0
ENSG00000057252,SOAT1,5.16487610424741e-05,4947,0.15490591397848613,higher rank -> more PD-like,0.0
ENSG00000163399,ATP1A1,5.1634012146869184e-05,4948,-0.023473502304146215,higher rank -> less PD-like,0.0
ENSG00000143155,TIPRL,5.159865175585446e-05,4949,0.15063364055298709,higher rank -> more PD-like,0.0
ENSG00000179542,SLITRK4,5.157111644908446e-05,4950,-0.17792552235250061,higher rank -> less PD-like,0.0
ENSG00000129003,VPS13C,5.154596386945563e-05,4951,0.18188364055298545,higher rank -> more PD-like,0.0
ENSG00000108312,UBTF,5.153828570955132e-05,4952,-0.013488863287249641,higher rank -> less PD-like,0.0
ENSG00000175866,BAIAP2,5.150895503256878e-05,4953,0.1662826420890846,higher rank -> more PD-like,0.0
ENSG00000100823,APEX1,5.149250143163599e-05,4954,-0.04579493087557353,higher rank -> less PD-like,0.0
ENSG00000134900,TPP2,5.147682210472159e-05,4955,-0.06571620583716996,higher rank -> less PD-like,0.0
ENSG00000006625,GGCT,5.1476674548097006e-05,4956,0.010752688172042427,higher rank -> more PD-like,0.0
ENSG00000161642,ZNF385A,5.142769886210057e-05,4957,-0.029089861751150494,higher rank -> less PD-like,0.0
ENSG00000168118,RAB4A,5.13536825391034e-05,4958,-0.024577572964668424,higher rank -> less PD-like,0.0
ENSG00000139514,SLC7A1,5.135337813475443e-05,4959,-0.09643932939597294,higher rank -> less PD-like,0.0
ENSG00000138764,CCNG2,5.134893091672204e-05,4960,0.06336557618895204,higher rank -> more PD-like,0.0
ENSG00000143612,C1orf43,5.132373298869448e-05,4961,0.049107142857140185,higher rank -> more PD-like,0.0
ENSG00000116852,KIF21B,5.1321602356549946e-05,4962,-0.1400746456831504,higher rank -> less PD-like,0.0
ENSG00000128731,HERC2,5.131084734276683e-05,4963,-0.04920373948774129,higher rank -> less PD-like,0.0
ENSG00000197444,OGDHL,5.127437826622054e-05,4964,-0.07810099846389743,higher rank -> less PD-like,0.0
ENSG00000185658,BRWD1,5.12573362898055e-05,4965,-0.05189132104454399,higher rank -> less PD-like,0.0
ENSG00000164604,GPR85,5.122453574979494e-05,4966,-0.08064516129031819,higher rank -> less PD-like,0.0
ENSG00000167526,RPL13,5.1224232099572075e-05,4967,-0.06456413210445115,higher rank -> less PD-like,0.0
ENSG00000144357,UBR3,5.122157627249796e-05,4968,-0.06312403993855256,higher rank -> less PD-like,0.0
ENSG00000107262,BAG1,5.121085012229292e-05,4969,-0.12860023041473956,higher rank -> less PD-like,0.0
ENSG00000137100,DCTN3,5.1206102929017344e-05,4970,-0.14122503840245004,higher rank -> less PD-like,0.0
ENSG00000103121,CMC2,5.119760760725336e-05,4971,0.02980990783409972,higher rank -> more PD-like,0.0
ENSG00000114686,MRPL3,5.118811061012912e-05,4972,-0.20785330261135573,higher rank -> less PD-like,0.0
ENSG00000172007,RAB33B,5.118426675415444e-05,4973,0.0620199692780304,higher rank -> more PD-like,0.0
ENSG00000134108,ARL8B,5.116352282011509e-05,4974,0.09302995391704554,higher rank -> more PD-like,0.0
ENSG00000141905,NFIC,5.116142107587076e-05,4975,0.12320136331247616,higher rank -> more PD-like,0.0
ENSG00000087095,NLK,5.112545800500301e-05,4976,-0.051795314900150775,higher rank -> less PD-like,0.0
ENSG00000070214,SLC44A1,5.11189463279353e-05,4977,-0.009024685876775951,higher rank -> less PD-like,0.0
ENSG00000116120,FARSB,5.105142690596134e-05,4978,-0.18623015350506575,higher rank -> less PD-like,0.0
ENSG00000102882,MAPK3,5.1040152330620956e-05,4979,-0.010560675883255941,higher rank -> less PD-like,0.0
ENSG00000136274,NACAD,5.103369916294871e-05,4980,-0.14463325652840994,higher rank -> less PD-like,0.0
ENSG00000136485,DCAF7,5.102080551414631e-05,4981,-0.019393241167433635,higher rank -> less PD-like,0.0
ENSG00000214941,ZSWIM7,5.101146007736398e-05,4982,0.09499807987710696,higher rank -> more PD-like,0.0
ENSG00000176749,CDK5R1,5.1008883897142934e-05,4983,0.002256144393241037,higher rank -> more PD-like,0.0
ENSG00000106244,PDAP1,5.097072021479462e-05,4984,0.010128648233486384,higher rank -> more PD-like,0.0
ENSG00000100029,PES1,5.0915851399009965e-05,4985,-0.10723886328724451,higher rank -> less PD-like,0.0
ENSG00000143222,UFC1,5.091149151244199e-05,4986,0.1298963133640482,higher rank -> more PD-like,0.0
ENSG00000046653,GPM6B,5.089946087560795e-05,4987,0.01250495037712841,higher rank -> more PD-like,0.0
ENSG00000103502,CDIPT,5.088097412307848e-05,4988,-0.04910773219117983,higher rank -> less PD-like,0.0
ENSG00000112367,FIG4,5.083371496091704e-05,4989,-0.12677611367126806,higher rank -> less PD-like,0.0
ENSG00000138801,PAPSS1,5.0815397528214516e-05,4990,-0.12065716995359785,higher rank -> less PD-like,0.0
ENSG00000135144,DTX1,5.0764627298147614e-05,4991,0.08266129032257613,higher rank -> more PD-like,0.0
ENSG00000147955,SIGMAR1,5.073508154587582e-05,4992,-0.055156191874551036,higher rank -> less PD-like,0.0
ENSG00000197858,GPAA1,5.0728422546810956e-05,4993,-0.0042722734254989885,higher rank -> less PD-like,0.0
ENSG00000151276,MAGI1,5.072790367508978e-05,4994,0.08419738863286785,higher rank -> more PD-like,0.0
ENSG00000107518,ATRNL1,5.072112011114112e-05,4995,0.12538402457756606,higher rank -> more PD-like,0.0
ENSG00000102452,NALCN,5.070942758554325e-05,4996,0.034538624937980364,higher rank -> more PD-like,0.0
ENSG00000084623,EIF3I,5.069976211433034e-05,4997,-0.18207565284177188,higher rank -> less PD-like,0.0
ENSG00000041353,RAB27B,5.069506184102772e-05,4998,0.09996759754460616,higher rank -> more PD-like,0.0
ENSG00000114902,SPCS1,5.067218698970112e-05,4999,-0.23961021039322994,higher rank -> less PD-like,0.0
ENSG00000230989,HSBP1,5.063810492068625e-05,5000,0.1508736559139703,higher rank -> more PD-like,0.0
ENSG00000079277,MKNK1,5.063026013980164e-05,5001,0.17137096774192606,higher rank -> more PD-like,0.0
ENSG00000050748,MAPK9,5.062617796430941e-05,5002,-0.07027649769584869,higher rank -> less PD-like,0.0
ENSG00000087191,PSMC5,5.061133856045901e-05,5003,-0.07234062980030327,higher rank -> less PD-like,0.0
ENSG00000179085,DPM3,5.059697419477758e-05,5004,0.16397849462364694,higher rank -> more PD-like,0.0
ENSG00000079785,DDX1,5.059479359871948e-05,5005,-0.12226382488478592,higher rank -> less PD-like,0.0
ENSG00000074800,ENO1,5.0588572554762896e-05,5006,-0.05309139784945945,higher rank -> less PD-like,0.0
ENSG00000139182,CLSTN3,5.058216823103588e-05,5007,-0.21313619836641112,higher rank -> less PD-like,0.0
ENSG00000254999,BRK1,5.057425632816606e-05,5008,0.15339565808105107,higher rank -> more PD-like,0.0
ENSG00000136280,CCM2,5.057216830451477e-05,5009,-0.030817972350228706,higher rank -> less PD-like,0.0
ENSG00000137216,TMEM63B,5.054327559702815e-05,5010,-0.014640937019968462,higher rank -> less PD-like,0.0
ENSG00000174446,SNAPC5,5.0538389740913855e-05,5011,0.10800691244239041,higher rank -> more PD-like,0.0
ENSG00000137074,APTX,5.05348178570051e-05,5012,0.15404185867894704,higher rank -> more PD-like,0.0
ENSG00000106266,SNX8,5.052228569461405e-05,5013,0.12322388632871828,higher rank -> more PD-like,0.0
ENSG00000173898,SPTBN2,5.0517437857538066e-05,5014,-0.03595430107526684,higher rank -> less PD-like,0.0
ENSG00000164038,SLC9B2,5.051279490205991e-05,5015,0.06139592933947438,higher rank -> more PD-like,0.0
ENSG00000182870,GALNT9,5.0512071387263946e-05,5016,0.08467741935483405,higher rank -> more PD-like,0.0
ENSG00000126432,PRDX5,5.051140982085489e-05,5017,-0.11731950844853427,higher rank -> less PD-like,0.0
ENSG00000255529,POLR2M,5.049785912982003e-05,5018,0.13709841948974558,higher rank -> more PD-like,0.0
ENSG00000185619,PCGF3,5.049712526613298e-05,5019,0.07176459293394383,higher rank -> more PD-like,0.0
ENSG00000104691,UBXN8,5.046348080282436e-05,5020,-0.10229454685099287,higher rank -> less PD-like,0.0
ENSG00000061938,TNK2,5.045446904758224e-05,5021,-0.10102367780678202,higher rank -> less PD-like,0.0
ENSG00000008056,SYN1,5.0447025271494485e-05,5022,0.05851644725420161,higher rank -> more PD-like,0.0
ENSG00000074842,MYDGF,5.0427969293603135e-05,5023,-0.02731374807987566,higher rank -> less PD-like,0.0
ENSG00000124275,MTRR,5.0425661523380744e-05,5024,-0.037922427035328186,higher rank -> less PD-like,0.0
ENSG00000183092,BEGAIN,5.038065574298736e-05,5025,0.04068309191791295,higher rank -> more PD-like,0.0
ENSG00000116791,CRYZ,5.0376612787252155e-05,5026,0.3013152841781709,higher rank -> more PD-like,0.0
ENSG00000100554,ATP6V1D,5.037138692180451e-05,5027,0.046299518766757544,higher rank -> more PD-like,0.0
ENSG00000117143,UAP1,5.036673235801269e-05,5028,0.04622695852534308,higher rank -> more PD-like,0.0
ENSG00000006125,AP2B1,5.035429158996243e-05,5029,-0.24596774193547039,higher rank -> less PD-like,0.0
ENSG00000137563,GGH,5.032776941575401e-05,5030,-0.14614886114186704,higher rank -> less PD-like,0.0
ENSG00000100234,TIMP3,5.028903299028906e-05,5031,-0.05386009337097144,higher rank -> less PD-like,0.0
ENSG00000113312,TTC1,5.024441390081853e-05,5032,-0.24183947772656122,higher rank -> less PD-like,0.0
ENSG00000069966,GNB5,5.022594445601273e-05,5033,0.13808249427950037,higher rank -> more PD-like,0.0
ENSG00000072071,ADGRL1,5.022572562125017e-05,5034,-0.09461519076130548,higher rank -> less PD-like,0.0
ENSG00000168291,PDHB,5.021266523515541e-05,5035,-0.21323220566297255,higher rank -> less PD-like,0.0
ENSG00000114978,MOB1A,5.02035948478114e-05,5036,-0.013248847926266556,higher rank -> less PD-like,0.0
ENSG00000141030,COPS3,5.017400072468482e-05,5037,-0.11136712749615367,higher rank -> less PD-like,0.0
ENSG00000110107,PRPF19,5.0169538286704985e-05,5038,-0.1403129800307142,higher rank -> less PD-like,0.0
ENSG00000187147,RNF220,5.0139840139665935e-05,5039,-0.03134600614439153,higher rank -> less PD-like,0.0
ENSG00000018189,RUFY3,5.0105242859400256e-05,5040,-0.18121159754223276,higher rank -> less PD-like,0.0
ENSG00000147457,CHMP7,5.007576003986671e-05,5041,0.11076841840776887,higher rank -> more PD-like,0.0
ENSG00000101558,VAPA,5.001747397940336e-05,5042,0.13162442396312643,higher rank -> more PD-like,0.0
ENSG00000130294,KIF1A,4.999793780402078e-05,5043,0.052083333333330484,higher rank -> more PD-like,0.0
ENSG00000102978,POLR2C,4.9992386148134964e-05,5044,0.05347542242703237,higher rank -> more PD-like,0.0
ENSG00000160014,CALM3,4.9982666094663425e-05,5045,-0.06302803379415937,higher rank -> less PD-like,0.0
ENSG00000134248,LAMTOR5,4.995643505254442e-05,5046,-0.12058371735790432,higher rank -> less PD-like,0.0
ENSG00000011009,LYPLA2,4.994561826327198e-05,5047,-0.10047043010752137,higher rank -> less PD-like,0.0
ENSG00000118402,ELOVL4,4.990094763123916e-05,5048,0.014880952380951579,higher rank -> more PD-like,0.0
ENSG00000136938,ANP32B,4.990078684359276e-05,5049,0.0513152841781846,higher rank -> more PD-like,0.0
ENSG00000131437,KIF3A,4.988311513220799e-05,5050,-0.08899769585252972,higher rank -> less PD-like,0.0
ENSG00000213699,SLC35F6,4.9868859043521855e-05,5051,-0.14917133703234736,higher rank -> less PD-like,0.0
ENSG00000138385,SSB,4.986707661974552e-05,5052,0.2137362439699202,higher rank -> more PD-like,0.0
ENSG00000174521,TTC9B,4.984297901273361e-05,5053,0.029402234571943013,higher rank -> more PD-like,0.0
ENSG00000091947,TMEM101,4.983180794568951e-05,5054,-0.1354646697388558,higher rank -> less PD-like,0.0
ENSG00000128656,CHN1,4.980293614390995e-05,5055,-0.14074669675908053,higher rank -> less PD-like,0.0
ENSG00000154277,UCHL1,4.9769080961842154e-05,5056,0.10320660522272856,higher rank -> more PD-like,0.0
ENSG00000137845,ADAM10,4.976267583712463e-05,5057,0.07574884792626313,higher rank -> more PD-like,0.0
ENSG00000131711,MAP1B,4.9736483846559734e-05,5058,0.08621351766512585,higher rank -> more PD-like,0.0
ENSG00000115649,CNPPD1,4.969886859663796e-05,5059,-0.07522171685589331,higher rank -> less PD-like,0.0
ENSG00000135250,SRPK2,4.9689507384311904e-05,5060,-0.06538018433179366,higher rank -> less PD-like,0.0
ENSG00000087263,OGFOD1,4.968760009601726e-05,5061,0.0014880952380951745,higher rank -> more PD-like,0.0
ENSG00000125901,MRPS26,4.9683591763435093e-05,5062,0.08645457055358251,higher rank -> more PD-like,0.0
ENSG00000141349,G6PC3,4.967595167692454e-05,5063,-0.03768241167434507,higher rank -> less PD-like,0.0
ENSG00000108176,DNAJC12,4.9666204463252714e-05,5064,-0.08995775729646202,higher rank -> less PD-like,0.0
ENSG00000188186,LAMTOR4,4.96516797157257e-05,5065,0.0005280337941627889,higher rank -> more PD-like,0.0
ENSG00000103222,ABCC1,4.964736207143071e-05,5066,-0.2319296266683143,higher rank -> less PD-like,0.0
ENSG00000087460,GNAS,4.963804567477425e-05,5067,0.0841023917878271,higher rank -> more PD-like,0.0
ENSG00000120509,PDZD11,4.9634206958372626e-05,5068,-0.16489055299538266,higher rank -> less PD-like,0.0
ENSG00000109133,TMEM33,4.96266716330876e-05,5069,-0.018961213517664093,higher rank -> less PD-like,0.0
ENSG00000008869,HEATR5B,4.9618200802266774e-05,5070,-0.016417050691243332,higher rank -> less PD-like,0.0
ENSG00000160194,NDUFV3,4.959898205773904e-05,5071,-0.0077284946236555055,higher rank -> less PD-like,0.0
ENSG00000138032,PPM1B,4.9564682776721854e-05,5072,0.08870967741934997,higher rank -> more PD-like,0.0
ENSG00000135002,RFK,4.955879791938814e-05,5073,0.044786866359444545,higher rank -> more PD-like,0.0
ENSG00000130477,UNC13A,4.952409560008729e-05,5074,-0.06761313860339868,higher rank -> less PD-like,0.0
ENSG00000018236,CNTN1,4.950719410221037e-05,5075,-0.03257047535847069,higher rank -> less PD-like,0.0
ENSG00000105447,GRWD1,4.948885949695036e-05,5076,0.017953149001535114,higher rank -> more PD-like,0.0
ENSG00000198948,MFAP3L,4.9478188731691153e-05,5077,0.13061635944699754,higher rank -> more PD-like,0.0
ENSG00000164588,HCN1,4.947266930115771e-05,5078,-0.08885475296761873,higher rank -> less PD-like,0.0
ENSG00000100461,RBM23,4.940193845135826e-05,5079,0.09931835637480253,higher rank -> more PD-like,0.0
ENSG00000137872,SEMA6D,4.939009705332704e-05,5080,-0.07258064516128634,higher rank -> less PD-like,0.0
ENSG00000138663,COPS4,4.938560698539904e-05,5081,-0.038114439324114666,higher rank -> less PD-like,0.0
ENSG00000169302,STK32A,4.9364214028733034e-05,5082,0.14717918562869742,higher rank -> more PD-like,0.0
ENSG00000065518,NDUFB4,4.933564151055673e-05,5083,0.11103110599077731,higher rank -> more PD-like,0.0
ENSG00000070010,UFD1,4.9308938532928684e-05,5084,-0.061204651557922124,higher rank -> less PD-like,0.0
ENSG00000141522,ARHGDIA,4.922494153779744e-05,5085,-0.0490357267187588,higher rank -> less PD-like,0.0
ENSG00000198042,MAK16,4.92050830391037e-05,5086,-0.08798963133640071,higher rank -> less PD-like,0.0
ENSG00000036257,CUL3,4.915353842814439e-05,5087,-0.004752361179791575,higher rank -> less PD-like,0.0
ENSG00000198689,SLC9A6,4.914903273102387e-05,5088,0.01800115207373176,higher rank -> more PD-like,0.0
ENSG00000165914,TTC7B,4.911676563951263e-05,5089,-0.24260752688170711,higher rank -> less PD-like,0.0
ENSG00000198836,OPA1,4.911188374005934e-05,5090,-0.19064648914689222,higher rank -> less PD-like,0.0
ENSG00000123472,ATPAF1,4.910334236865938e-05,5091,0.012720814132103749,higher rank -> more PD-like,0.0
ENSG00000140941,MAP1LC3B,4.896402674814119e-05,5092,-0.026042291729171545,higher rank -> less PD-like,0.0
ENSG00000136950,ARPC5L,4.8958000934486024e-05,5093,-0.10392789852776578,higher rank -> less PD-like,0.0
ENSG00000146701,MDH2,4.891619299153422e-05,5094,-0.014640937019968483,higher rank -> less PD-like,0.0
ENSG00000166226,CCT2,4.8835454533983635e-05,5095,-0.0049923195084482595,higher rank -> less PD-like,0.0
ENSG00000131368,MRPS25,4.879772562049265e-05,5096,0.07471767854894569,higher rank -> more PD-like,0.0
ENSG00000178234,GALNT11,4.8794474251078676e-05,5097,-0.054483486943161415,higher rank -> less PD-like,0.0
ENSG00000173409,ARV1,4.871671958786545e-05,5098,-0.04406734912170393,higher rank -> less PD-like,0.0
ENSG00000138071,ACTR2,4.871091661181635e-05,5099,-0.14442070906398652,higher rank -> less PD-like,0.0
ENSG00000109339,MAPK10,4.87049464608503e-05,5100,-0.1991431348925803,higher rank -> less PD-like,0.0
ENSG00000167468,GPX4,4.868909397381275e-05,5101,-0.06701228878647865,higher rank -> less PD-like,0.0
ENSG00000104805,NUCB1,4.866669206906476e-05,5102,0.039603009831596654,higher rank -> more PD-like,0.0
ENSG00000104435,STMN2,4.864087949105962e-05,5103,0.08789468000200419,higher rank -> more PD-like,0.0
ENSG00000169446,MMGT1,4.863320646524974e-05,5104,-0.01171274961597479,higher rank -> less PD-like,0.0
ENSG00000108654,DDX5,4.860806224033321e-05,5105,0.0350422427035311,higher rank -> more PD-like,0.0
ENSG00000185651,UBE2L3,4.857403914783624e-05,5106,-0.0427707373271866,higher rank -> less PD-like,0.0
ENSG00000170525,PFKFB3,4.856300802000927e-05,5107,0.03729838709677218,higher rank -> more PD-like,0.0
ENSG00000101298,SNPH,4.8561590767679233e-05,5108,-0.02131336405529839,higher rank -> less PD-like,0.0
ENSG00000108953,YWHAE,4.855814741790758e-05,5109,0.0598365475819215,higher rank -> more PD-like,0.0
ENSG00000111670,GNPTAB,4.855445435001273e-05,5110,-0.06665306563778418,higher rank -> less PD-like,0.0
ENSG00000141232,TOB1,4.8545234465969484e-05,5111,0.003048231665825934,higher rank -> more PD-like,0.0
ENSG00000167193,CRK,4.851824535330634e-05,5112,0.06886123345869746,higher rank -> more PD-like,0.0
ENSG00000165006,UBAP1,4.851269348253758e-05,5113,-0.016273236767165175,higher rank -> less PD-like,0.0
ENSG00000106049,HIBADH,4.850617690989308e-05,5114,0.08894969278033307,higher rank -> more PD-like,0.0
ENSG00000104388,RAB2A,4.849006966657098e-05,5115,0.06922209156399155,higher rank -> more PD-like,0.0
ENSG00000264364,DYNLL2,4.845473827855014e-05,5116,-0.09835829493087021,higher rank -> less PD-like,0.0
ENSG00000075785,RAB7A,4.8420064225737834e-05,5117,0.04651497695852282,higher rank -> more PD-like,0.0
ENSG00000150403,TMCO3,4.841848762358698e-05,5118,0.1550019201228794,higher rank -> more PD-like,0.0
ENSG00000100401,RANGAP1,4.841473564070374e-05,5119,0.09787826420890398,higher rank -> more PD-like,0.0
ENSG00000086189,DIMT1,4.8405394164645444e-05,5120,0.029665898617509904,higher rank -> more PD-like,0.0
ENSG00000160469,BRSK1,4.840308059342182e-05,5121,-0.10392789852776577,higher rank -> less PD-like,0.0
ENSG00000054983,GALC,4.836993284336734e-05,5122,0.010464669738862733,higher rank -> more PD-like,0.0
ENSG00000134001,EIF2S1,4.835305409196305e-05,5123,0.01821738452253445,higher rank -> more PD-like,0.0
ENSG00000136824,SMC2,4.8346613657166275e-05,5124,0.1162634408602087,higher rank -> more PD-like,0.0
ENSG00000119559,C19orf25,4.834620182132846e-05,5125,0.03110599078340845,higher rank -> more PD-like,0.0
ENSG00000159720,ATP6V0D1,4.8339701797141436e-05,5126,-0.16263636037509027,higher rank -> less PD-like,0.0
ENSG00000134308,YWHAQ,4.832278630018737e-05,5127,0.15874806486435172,higher rank -> more PD-like,0.0
ENSG00000168653,NDUFS5,4.8309516234345007e-05,5128,-0.005664362519200904,higher rank -> less PD-like,0.0
ENSG00000073150,PANX2,4.8288102443115605e-05,5129,-0.1927346478471038,higher rank -> less PD-like,0.0
ENSG00000138095,LRPPRC,4.82707466531849e-05,5130,-0.12572004608294243,higher rank -> less PD-like,0.0
ENSG00000113845,TIMMDC1,4.825545994950072e-05,5131,0.22302227342548697,higher rank -> more PD-like,0.0
ENSG00000143970,ASXL2,4.823823015496494e-05,5132,0.14578707982855643,higher rank -> more PD-like,0.0
ENSG00000129625,REEP5,4.822808678244107e-05,5133,0.08007008533224635,higher rank -> more PD-like,0.0
ENSG00000156735,BAG4,4.821553311917957e-05,5134,0.022297694626395963,higher rank -> more PD-like,0.0
ENSG00000134779,TPGS2,4.816244868799937e-05,5135,-0.10092767051022056,higher rank -> less PD-like,0.0
ENSG00000103653,CSK,4.815391343438359e-05,5136,-0.018481182795697902,higher rank -> less PD-like,0.0
ENSG00000141279,NPEPPS,4.815001818356402e-05,5137,0.043010752688169666,higher rank -> more PD-like,0.0
ENSG00000162076,FLYWCH2,4.814249530428197e-05,5138,0.056620303147113034,higher rank -> more PD-like,0.0
ENSG00000140943,MBTPS1,4.8101403802609e-05,5139,-0.10123847926266727,higher rank -> less PD-like,0.0
ENSG00000008324,SS18L2,4.80979169513006e-05,5140,0.16114631336404653,higher rank -> more PD-like,0.0
ENSG00000162694,EXTL2,4.8084278920741886e-05,5141,-0.05822772657449756,higher rank -> less PD-like,0.0
ENSG00000101856,PGRMC1,4.805265658908808e-05,5142,-0.09161496274376026,higher rank -> less PD-like,0.0
ENSG00000063245,EPN1,4.8051035186961287e-05,5143,-0.10051843317971804,higher rank -> less PD-like,0.0
ENSG00000133731,IMPA1,4.804536383138167e-05,5144,-0.08530145929339009,higher rank -> less PD-like,0.0
ENSG00000150867,PIP4K2A,4.804107659840351e-05,5145,0.07032450076804532,higher rank -> more PD-like,0.0
ENSG00000117155,SSX2IP,4.803223059245164e-05,5146,-0.052323348694313584,higher rank -> less PD-like,0.0
ENSG00000143198,MGST3,4.801672040957006e-05,5147,-0.1547637620570517,higher rank -> less PD-like,0.0
ENSG00000180543,TSPYL5,4.7995703041963374e-05,5148,0.10810291858678363,higher rank -> more PD-like,0.0
ENSG00000123989,CHPF,4.798735585681351e-05,5149,-0.10762288786481741,higher rank -> less PD-like,0.0
ENSG00000072756,TRNT1,4.797313652324766e-05,5150,0.004488341114247602,higher rank -> more PD-like,0.0
ENSG00000102003,SYP,4.794146034814059e-05,5151,-0.06194870810627333,higher rank -> less PD-like,0.0
ENSG00000187601,MAGEH1,4.791322527399883e-05,5152,-0.033410138248846095,higher rank -> less PD-like,0.0
ENSG00000138107,ACTR1A,4.787569760478412e-05,5153,-0.16318840233031862,higher rank -> less PD-like,0.0
ENSG00000008952,SEC62,4.786809115575057e-05,5154,0.05707565284177877,higher rank -> more PD-like,0.0
ENSG00000101266,CSNK2A1,4.785890392398846e-05,5155,-0.22067012288785273,higher rank -> less PD-like,0.0
ENSG00000179820,MYADM,4.7837295996706634e-05,5156,-0.03605030721966008,higher rank -> less PD-like,0.0
ENSG00000099814,CEP170B,4.783414205007196e-05,5157,-0.07680491551458872,higher rank -> less PD-like,0.0
ENSG00000129946,SHC2,4.7829762812795655e-05,5158,-0.12283986175114532,higher rank -> less PD-like,0.0
ENSG00000177733,HNRNPA0,4.782346516596121e-05,5159,-0.1869982118775573,higher rank -> less PD-like,0.0
ENSG00000163349,HIPK1,4.780563961561909e-05,5160,0.015985023041473773,higher rank -> more PD-like,0.0
ENSG00000143337,TOR1AIP1,4.778503358828904e-05,5161,-0.03845046082949096,higher rank -> less PD-like,0.0
ENSG00000136810,TXN,4.777927240324915e-05,5162,-0.13498463901688973,higher rank -> less PD-like,0.0
ENSG00000197965,MPZL1,4.777790135492971e-05,5163,-0.046419527887459365,higher rank -> less PD-like,0.0
ENSG00000180694,TMEM64,4.7774620067255754e-05,5164,0.04857910906297739,higher rank -> more PD-like,0.0
ENSG00000157895,C12orf43,4.7725126730182434e-05,5165,-0.07080453149001152,higher rank -> less PD-like,0.0
ENSG00000107745,MICU1,4.77159983398018e-05,5166,0.034850230414744617,higher rank -> more PD-like,0.0
ENSG00000174738,NR1D2,4.7709458019000575e-05,5167,-0.010344786204495865,higher rank -> less PD-like,0.0
ENSG00000185340,GAS2L1,4.770144658673689e-05,5168,-0.04927574496016236,higher rank -> less PD-like,0.0
ENSG00000164919,COX6C,4.769701483757937e-05,5169,-0.10577603898657363,higher rank -> less PD-like,0.0
ENSG00000118276,B4GALT6,4.768409857712109e-05,5170,-0.09302995391704559,higher rank -> less PD-like,0.0
ENSG00000108256,NUFIP2,4.761208414063403e-05,5171,0.09778225806451077,higher rank -> more PD-like,0.0
ENSG00000004799,PDK4,4.76016691997919e-05,5172,0.08827764976958039,higher rank -> more PD-like,0.0
ENSG00000168159,RNF187,4.7585490682185726e-05,5173,-0.13887288786481577,higher rank -> less PD-like,0.0
ENSG00000143183,TMCO1,4.756918914487342e-05,5174,-0.009552726007863931,higher rank -> less PD-like,0.0
ENSG00000133103,COG6,4.756424075555786e-05,5175,-0.05361943164362228,higher rank -> less PD-like,0.0
ENSG00000029534,ANK1,4.756398126201213e-05,5176,-0.06153993855606422,higher rank -> less PD-like,0.0
ENSG00000005486,RHBDD2,4.756059890478767e-05,5177,-0.02390552995391572,higher rank -> less PD-like,0.0
ENSG00000183087,GAS6,4.754733043908569e-05,5178,-0.002304147465437668,higher rank -> less PD-like,0.0
ENSG00000132153,DHX30,4.752808894683337e-05,5179,-0.035954301075266856,higher rank -> less PD-like,0.0
ENSG00000150471,ADGRL3,4.75187175837823e-05,5180,0.05659562211981258,higher rank -> more PD-like,0.0
ENSG00000198258,UBL5,4.749590176391438e-05,5181,-0.1654185867895455,higher rank -> less PD-like,0.0
ENSG00000107372,ZFAND5,4.748846968488039e-05,5182,-0.0807411674347114,higher rank -> less PD-like,0.0
ENSG00000070087,PFN2,4.7457904525038234e-05,5183,0.060748616899255266,higher rank -> more PD-like,0.0
ENSG00000172831,CES2,4.742277109957125e-05,5184,-0.11251920122887243,higher rank -> less PD-like,0.0
ENSG00000116898,MRPS15,4.738594995323289e-05,5185,-0.00902468587677598,higher rank -> less PD-like,0.0
ENSG00000159082,SYNJ1,4.737110384348192e-05,5186,-0.021625643550465815,higher rank -> less PD-like,0.0
ENSG00000163344,PMVK,4.7298654013109335e-05,5187,0.008088614735301824,higher rank -> more PD-like,0.0
ENSG00000130066,SAT1,4.7297190489973816e-05,5188,0.09826228878647697,higher rank -> more PD-like,0.0
ENSG00000164176,EDIL3,4.724481762395052e-05,5189,-0.10320660522272858,higher rank -> less PD-like,0.0
ENSG00000108262,GIT1,4.716969872005731e-05,5190,0.083429339477722,higher rank -> more PD-like,0.0
ENSG00000113578,FGF1,4.715392551829313e-05,5191,0.07282066052226946,higher rank -> more PD-like,0.0
ENSG00000158290,CUL4B,4.714986929251991e-05,5192,-0.08678955453148529,higher rank -> less PD-like,0.0
ENSG00000168090,COPS6,4.714474080363039e-05,5193,-0.049707777794688886,higher rank -> less PD-like,0.0
ENSG00000105723,GSK3A,4.714408810115205e-05,5194,0.028705837173577536,higher rank -> more PD-like,0.0
ENSG00000178913,TAF7,4.71388936613269e-05,5195,-0.12831375185437321,higher rank -> less PD-like,0.0
ENSG00000132305,IMMT,4.709594920375016e-05,5196,-0.27954924576279166,higher rank -> less PD-like,0.0
ENSG00000106605,BLVRA,4.709356668046659e-05,5197,-0.19892473118278484,higher rank -> less PD-like,0.0
ENSG00000141098,GFOD2,4.7090287709122814e-05,5198,0.16278037131993245,higher rank -> more PD-like,0.0
ENSG00000185608,MRPL40,4.706815947686254e-05,5199,0.06845238095237718,higher rank -> more PD-like,0.0
ENSG00000131165,CHMP1A,4.7067807257586476e-05,5200,0.05707565284177874,higher rank -> more PD-like,0.0
ENSG00000174405,LIG4,4.7057234043858594e-05,5201,-0.01267281105990716,higher rank -> less PD-like,0.0
ENSG00000117450,PRDX1,4.703288060128396e-05,5202,0.040562596006142135,higher rank -> more PD-like,0.0
ENSG00000123595,RAB9A,4.700562307875663e-05,5203,-0.030290665587294506,higher rank -> less PD-like,0.0
ENSG00000116675,DNAJC6,4.698036133019768e-05,5204,-0.048003072196617945,higher rank -> less PD-like,0.0
ENSG00000143653,SCCPDH,4.6921249166615414e-05,5205,-0.05952523823810646,higher rank -> less PD-like,0.0
ENSG00000165678,GHITM,4.6913982410942204e-05,5206,-0.04171466973886101,higher rank -> less PD-like,0.0
ENSG00000171552,BCL2L1,4.691210530477384e-05,5207,-0.04421082949308515,higher rank -> less PD-like,0.0
ENSG00000092010,PSME1,4.6892570324851464e-05,5208,-0.26210306514521076,higher rank -> less PD-like,0.0
ENSG00000107771,CCSER2,4.68423349088674e-05,5209,-0.09912753369969345,higher rank -> less PD-like,0.0
ENSG00000095321,CRAT,4.6836696045268816e-05,5210,-0.006480414746543427,higher rank -> less PD-like,0.0
ENSG00000197457,STMN3,4.6811457298724187e-05,5211,-0.10555875576036292,higher rank -> less PD-like,0.0
ENSG00000169018,FEM1B,4.680788450367189e-05,5212,0.06134792626727773,higher rank -> more PD-like,0.0
ENSG00000120438,TCP1,4.679990706846278e-05,5213,-0.021025597946956756,higher rank -> less PD-like,0.0
ENSG00000147251,DOCK11,4.679153135050494e-05,5214,-0.05225259824369263,higher rank -> less PD-like,0.0
ENSG00000160460,SPTBN4,4.678796815845091e-05,5215,0.06874039938555689,higher rank -> more PD-like,0.0
ENSG00000141867,BRD4,4.6729967423190276e-05,5216,0.1697649021447777,higher rank -> more PD-like,0.0
ENSG00000148335,NTMT1,4.672375984204632e-05,5217,-0.05813172043010435,higher rank -> less PD-like,0.0
ENSG00000131238,PPT1,4.671416356182395e-05,5218,0.04233870967741707,higher rank -> more PD-like,0.0
ENSG00000143126,CELSR2,4.66727150879985e-05,5219,-0.028945852534560633,higher rank -> less PD-like,0.0
ENSG00000138768,USO1,4.665681052701478e-05,5220,-0.244722598935127,higher rank -> less PD-like,0.0
ENSG00000106976,DNM1,4.6635264541132737e-05,5221,0.03893049155145713,higher rank -> more PD-like,0.0
ENSG00000139921,TMX1,4.662416642226409e-05,5222,0.10733486943163777,higher rank -> more PD-like,0.0
ENSG00000188612,SUMO2,4.66170566512204e-05,5223,0.10719086021504791,higher rank -> more PD-like,0.0
ENSG00000105576,TNPO2,4.657635851735812e-05,5224,-0.04070660522273201,higher rank -> less PD-like,0.0
ENSG00000148341,SH3GLB2,4.6442078127809425e-05,5225,0.03840245775729435,higher rank -> more PD-like,0.0
ENSG00000060762,MPC1,4.643470384157261e-05,5226,0.1571140552995306,higher rank -> more PD-like,0.0
ENSG00000145741,BTF3,4.641061676868367e-05,5227,0.06506894524452032,higher rank -> more PD-like,0.0
ENSG00000117984,CTSD,4.64005713430096e-05,5228,-0.038930491551457204,higher rank -> less PD-like,0.0
ENSG00000108819,PPP1R9B,4.6359165360704385e-05,5229,-0.13796082949307997,higher rank -> less PD-like,0.0
ENSG00000102898,NUTF2,4.6358415107965565e-05,5230,-0.0774289554531448,higher rank -> less PD-like,0.0
ENSG00000188243,COMMD6,4.634913787451549e-05,5231,-0.09874231950844317,higher rank -> less PD-like,0.0
ENSG00000136271,DDX56,4.63098217880653e-05,5232,-0.010560675883255944,higher rank -> less PD-like,0.0
ENSG00000104067,TJP1,4.630699274268721e-05,5233,-0.07051651305683178,higher rank -> less PD-like,0.0
ENSG00000137501,SYTL2,4.6300056999499244e-05,5234,-0.16602061757888126,higher rank -> less PD-like,0.0
ENSG00000106683,LIMK1,4.6284251291152776e-05,5235,0.04949116743471311,higher rank -> more PD-like,0.0
ENSG00000131828,PDHA1,4.62164007042856e-05,5236,-0.07193346694866377,higher rank -> less PD-like,0.0
ENSG00000185052,SLC24A3,4.618320872366978e-05,5237,0.0703725038402419,higher rank -> more PD-like,0.0
ENSG00000075415,SLC25A3,4.615567620805139e-05,5238,-0.23339093701995647,higher rank -> less PD-like,0.0
ENSG00000198171,DDRGK1,4.614702978086392e-05,5239,0.04051459293394555,higher rank -> more PD-like,0.0
ENSG00000163541,SUCLG1,4.612859090935718e-05,5240,-0.1045506912442339,higher rank -> less PD-like,0.0
ENSG00000100442,FKBP3,4.611492885343073e-05,5241,-0.14919533885648778,higher rank -> less PD-like,0.0
ENSG00000135211,TMEM60,4.6108354636516815e-05,5242,-0.01334501422204104,higher rank -> less PD-like,0.0
ENSG00000135414,GDF11,4.609787677602494e-05,5243,-0.08501344086021045,higher rank -> less PD-like,0.0
ENSG00000135454,B4GALNT1,4.609019619903499e-05,5244,0.0360983102918567,higher rank -> more PD-like,0.0
ENSG00000068366,ACSL4,4.608058821774805e-05,5245,-0.10037442396312816,higher rank -> less PD-like,0.0
ENSG00000119865,CNRIP1,4.607554982609579e-05,5246,-0.007464567307652442,higher rank -> less PD-like,0.0
ENSG00000143727,ACP1,4.606668374835768e-05,5247,0.06542818740399026,higher rank -> more PD-like,0.0
ENSG00000126947,ARMCX1,4.604162139479187e-05,5248,-0.13460061443931667,higher rank -> less PD-like,0.0
ENSG00000107404,DVL1,4.603022698820942e-05,5249,-0.07363848020746397,higher rank -> less PD-like,0.0
ENSG00000133812,SBF2,4.6025549456525126e-05,5250,0.05088325652841503,higher rank -> more PD-like,0.0
ENSG00000134717,BTF3L4,4.602347152339758e-05,5251,0.11885703314307071,higher rank -> more PD-like,0.0
ENSG00000071994,PDCD2,4.6010829826442575e-05,5252,0.058899769585250256,higher rank -> more PD-like,0.0
ENSG00000157540,DYRK1A,4.599632062381977e-05,5253,0.056931643625188884,higher rank -> more PD-like,0.0
ENSG00000182154,MRPL41,4.599289271411395e-05,5254,-0.08371735791090172,higher rank -> less PD-like,0.0
ENSG00000112304,ACOT13,4.5927418739156436e-05,5255,0.04214669738863057,higher rank -> more PD-like,0.0
ENSG00000205250,E2F4,4.5905360381862e-05,5256,0.11552216598387356,higher rank -> more PD-like,0.0
ENSG00000143933,CALM2,4.5896469187150465e-05,5257,0.0007920601966319396,higher rank -> more PD-like,0.0
ENSG00000158560,DYNC1I1,4.5888746318771714e-05,5258,-0.23558073117218342,higher rank -> less PD-like,0.0
ENSG00000123384,LRP1,4.5880150295613514e-05,5259,-0.07762096774193124,higher rank -> less PD-like,0.0
ENSG00000093010,COMT,4.582820585273111e-05,5260,0.19782066052226252,higher rank -> more PD-like,0.0
ENSG00000169891,REPS2,4.580719269424804e-05,5261,-0.15701804915513726,higher rank -> less PD-like,0.0
ENSG00000198730,CTR9,4.5806416749918166e-05,5262,0.050307219662055626,higher rank -> more PD-like,0.0
ENSG00000157064,NMNAT2,4.57727596071569e-05,5263,-0.11655145929338838,higher rank -> less PD-like,0.0
ENSG00000148925,BTBD10,4.5765866626351376e-05,5264,-0.13056835637480083,higher rank -> less PD-like,0.0
ENSG00000111639,MRPL51,4.570775078311416e-05,5265,0.013200844854069941,higher rank -> more PD-like,0.0
ENSG00000103769,RAB11A,4.568671407180107e-05,5266,-0.0869586088605301,higher rank -> less PD-like,0.0
ENSG00000125868,DSTN,4.5657794060142306e-05,5267,-0.049395161290319865,higher rank -> less PD-like,0.0
ENSG00000085224,ATRX,4.5644519640208154e-05,5268,0.1233198924731115,higher rank -> more PD-like,0.0
ENSG00000123091,RNF11,4.5622098139939695e-05,5269,-0.015649189339515764,higher rank -> less PD-like,0.0
ENSG00000095380,NANS,4.5617477483117485e-05,5270,0.008304531490014902,higher rank -> more PD-like,0.0
ENSG00000074696,HACD3,4.560578173105035e-05,5271,0.12692012288785787,higher rank -> more PD-like,0.0
ENSG00000119801,YPEL5,4.555175915854497e-05,5272,0.07502880184331388,higher rank -> more PD-like,0.0
ENSG00000130522,JUND,4.554581527966129e-05,5273,0.21006144393240014,higher rank -> more PD-like,0.0
ENSG00000161533,ACOX1,4.551291486608142e-05,5274,0.012432795698924042,higher rank -> more PD-like,0.0
ENSG00000100612,DHRS7,4.55086236279206e-05,5275,-0.17266705069123475,higher rank -> less PD-like,0.0
ENSG00000130402,ACTN4,4.549077991321161e-05,5276,0.014233081715234453,higher rank -> more PD-like,0.0
ENSG00000106299,WASL,4.546187325877104e-05,5277,-0.03139400921658815,higher rank -> less PD-like,0.0
ENSG00000119953,SMNDC1,4.544556247291998e-05,5278,-0.027793778801841806,higher rank -> less PD-like,0.0
ENSG00000175203,DCTN2,4.5432756692123045e-05,5279,-0.22132082039827441,higher rank -> less PD-like,0.0
ENSG00000067208,EVI5,4.542750842046528e-05,5280,0.025393625192010928,higher rank -> more PD-like,0.0
ENSG00000060656,PTPRU,4.5398720701992295e-05,5281,-0.035282258064514155,higher rank -> less PD-like,0.0
ENSG00000177875,CCDC184,4.5392984157328076e-05,5282,-0.11640884708075379,higher rank -> less PD-like,0.0
ENSG00000070018,LRP6,4.538987176776324e-05,5283,0.01718509984638923,higher rank -> more PD-like,0.0
ENSG00000148296,SURF6,4.536899050421277e-05,5284,0.02217768550569414,higher rank -> more PD-like,0.0
ENSG00000139737,SLAIN1,4.536836127157804e-05,5285,-0.018769201228877652,higher rank -> less PD-like,0.0
ENSG00000197694,SPTAN1,4.5360059225722884e-05,5286,0.04761961909447745,higher rank -> more PD-like,0.0
ENSG00000121073,SLC35B1,4.534956524182974e-05,5287,0.11175115207372661,higher rank -> more PD-like,0.0
ENSG00000131174,COX7B,4.530681922936153e-05,5288,0.12509600614438637,higher rank -> more PD-like,0.0
ENSG00000187555,USP7,4.525733186705049e-05,5289,0.04301075268816967,higher rank -> more PD-like,0.0
ENSG00000173692,PSMD1,4.523449251394958e-05,5290,-0.0033122119815666255,higher rank -> less PD-like,0.0
ENSG00000128463,EMC4,4.5229406856495844e-05,5291,-0.18404598750829287,higher rank -> less PD-like,0.0
ENSG00000205302,SNX2,4.521445759271881e-05,5292,0.011088709677418741,higher rank -> more PD-like,0.0
ENSG00000071553,ATP6AP1,4.518113175325652e-05,5293,0.01406490015360908,higher rank -> more PD-like,0.0
ENSG00000152556,PFKM,4.517837108393758e-05,5294,-0.11151113671274351,higher rank -> less PD-like,0.0
ENSG00000167657,DAPK3,4.5171184949960286e-05,5295,0.04802765010486357,higher rank -> more PD-like,0.0
ENSG00000196352,CD55,4.5167275723292386e-05,5296,-0.03638632872503641,higher rank -> less PD-like,0.0
ENSG00000141385,AFG3L2,4.5087354292914183e-05,5297,-0.13964093701996166,higher rank -> less PD-like,0.0
ENSG00000021645,NRXN3,4.5084152341756496e-05,5298,-0.1579781105990697,higher rank -> less PD-like,0.0
ENSG00000130449,ZSWIM6,4.505204838310541e-05,5299,0.14112903225805679,higher rank -> more PD-like,0.0
ENSG00000079841,RIMS1,4.499365795662805e-05,5300,-0.1937403993855501,higher rank -> less PD-like,0.0
ENSG00000077063,CTTNBP2,4.497339920428007e-05,5301,0.08160522273425053,higher rank -> more PD-like,0.0
ENSG00000100280,AP1B1,4.4962560782050856e-05,5302,-0.08446241914993254,higher rank -> less PD-like,0.0
ENSG00000137876,RSL24D1,4.492978854803626e-05,5303,-0.0799270336019736,higher rank -> less PD-like,0.0
ENSG00000086289,EPDR1,4.49198082349444e-05,5304,0.027265745007679004,higher rank -> more PD-like,0.0
ENSG00000130985,UBA1,4.4916305881222344e-05,5305,-0.12795372449226777,higher rank -> less PD-like,0.0
ENSG00000116661,FBXO2,4.4861643608976006e-05,5306,0.0329301075268799,higher rank -> more PD-like,0.0
ENSG00000088367,EPB41L1,4.4836521150166955e-05,5307,-0.034754224270351415,higher rank -> less PD-like,0.0
ENSG00000114573,ATP6V1A,4.482169424140063e-05,5308,0.13486624984469192,higher rank -> more PD-like,0.0
ENSG00000132313,MRPL35,4.480740551025917e-05,5309,0.03379416282641902,higher rank -> more PD-like,0.0
ENSG00000104722,NEFM,4.4779068678412254e-05,5310,0.01089669738863226,higher rank -> more PD-like,0.0
ENSG00000096384,HSP90AB1,4.474478453057084e-05,5311,-0.014832949308754952,higher rank -> less PD-like,0.0
ENSG00000176624,MEX3C,4.4740412344917924e-05,5312,0.035906298003070256,higher rank -> more PD-like,0.0
ENSG00000181852,RNF41,4.4727874926467424e-05,5313,-0.1371704249621666,higher rank -> less PD-like,0.0
ENSG00000122068,FYTTD1,4.4716087388744404e-05,5314,0.012720966794391667,higher rank -> more PD-like,0.0
ENSG00000076864,RAP1GAP,4.46285342863274e-05,5315,0.001872119815668109,higher rank -> more PD-like,0.0
ENSG00000176884,GRIN1,4.456177530111792e-05,5316,-0.06499615975422068,higher rank -> less PD-like,0.0
ENSG00000122692,SMU1,4.456005159380134e-05,5317,0.06190070445799259,higher rank -> more PD-like,0.0
ENSG00000148798,INA,4.4532467626099715e-05,5318,0.1319860309478485,higher rank -> more PD-like,0.0
ENSG00000055950,MRPL43,4.451945990539868e-05,5319,0.03403417818740211,higher rank -> more PD-like,0.0
ENSG00000184900,SUMO3,4.4491284805477655e-05,5320,-0.1853443103526847,higher rank -> less PD-like,0.0
ENSG00000139116,KIF21A,4.4479221467771624e-05,5321,-0.07459677419354431,higher rank -> less PD-like,0.0
ENSG00000108797,CNTNAP1,4.4464920173300864e-05,5322,0.07346958369364688,higher rank -> more PD-like,0.0
ENSG00000135940,COX5B,4.445485346620385e-05,5323,-0.09523809523809003,higher rank -> less PD-like,0.0
ENSG00000023734,STRAP,4.4445093605443647e-05,5324,-0.16676667551546923,higher rank -> less PD-like,0.0
ENSG00000176171,BNIP3,4.439503290915156e-05,5325,0.06571620583716996,higher rank -> more PD-like,0.0
ENSG00000117632,STMN1,4.437765369957155e-05,5326,-0.027217741935482386,higher rank -> less PD-like,0.0
ENSG00000076242,MLH1,4.437662302073073e-05,5327,-0.16234833848540595,higher rank -> less PD-like,0.0
ENSG00000089220,PEBP1,4.43471125772088e-05,5328,0.04958717357910638,higher rank -> more PD-like,0.0
ENSG00000177971,IMP3,4.431487098565415e-05,5329,-0.04017857142856921,higher rank -> less PD-like,0.0
ENSG00000197860,SGTB,4.427845806820067e-05,5330,-0.06792434715821441,higher rank -> less PD-like,0.0
ENSG00000100138,SNU13,4.423211860593222e-05,5331,-0.05278001128465516,higher rank -> less PD-like,0.0
ENSG00000157557,ETS2,4.4227477464118395e-05,5332,0.09581413210444939,higher rank -> more PD-like,0.0
ENSG00000088833,NSFL1C,4.4173096322329404e-05,5333,0.04584293394777014,higher rank -> more PD-like,0.0
ENSG00000086300,SNX10,4.4146024274194566e-05,5334,0.10882296466973287,higher rank -> more PD-like,0.0
ENSG00000163964,PIGX,4.414267040526919e-05,5335,-0.1185195852534497,higher rank -> less PD-like,0.0
ENSG00000247596,TWF2,4.413318817226174e-05,5336,0.06173195084485065,higher rank -> more PD-like,0.0
ENSG00000111652,COPS7A,4.4093323662282346e-05,5337,-0.11367127496159135,higher rank -> less PD-like,0.0
ENSG00000163625,WDFY3,4.404530220651243e-05,5338,0.0018721198156681064,higher rank -> more PD-like,0.0
ENSG00000156261,CCT8,4.403190171534496e-05,5339,-0.086069508448536,higher rank -> less PD-like,0.0
ENSG00000175416,CLTB,4.397353100266663e-05,5340,-0.05155529953916766,higher rank -> less PD-like,0.0
ENSG00000119185,ITGB1BP1,4.395331457551761e-05,5341,-0.15896408128161496,higher rank -> less PD-like,0.0
ENSG00000136758,YME1L1,4.392582866697825e-05,5342,-0.14136904761903984,higher rank -> less PD-like,0.0
ENSG00000082805,ERC1,4.3775242989006696e-05,5343,-0.10301830189694657,higher rank -> less PD-like,0.0
ENSG00000111961,SASH1,4.373733786321215e-05,5344,0.027866117826959795,higher rank -> more PD-like,0.0
ENSG00000141425,RPRD1A,4.373516703387547e-05,5345,-0.08410138248847468,higher rank -> less PD-like,0.0
ENSG00000127824,TUBA4A,4.372898984625629e-05,5346,-0.017809139784945294,higher rank -> less PD-like,0.0
ENSG00000106400,ZNHIT1,4.372220931727094e-05,5347,-0.027265745007678987,higher rank -> less PD-like,0.0
ENSG00000154723,ATP5PF,4.3703712002351925e-05,5348,-0.20660522273424364,higher rank -> less PD-like,0.0
ENSG00000146842,TMEM209,4.367598294141082e-05,5349,-0.012336789554530799,higher rank -> less PD-like,0.0
ENSG00000187164,SHTN1,4.365616964873105e-05,5350,0.011424731182795085,higher rank -> more PD-like,0.0
ENSG00000184867,ARMCX2,4.3556364329077386e-05,5351,0.02500960061443795,higher rank -> more PD-like,0.0
ENSG00000188647,PTAR1,4.350815701637569e-05,5352,0.08515847205000299,higher rank -> more PD-like,0.0
ENSG00000164252,AGGF1,4.349521893895206e-05,5353,-0.2770257296466822,higher rank -> less PD-like,0.0
ENSG00000124802,EEF1E1,4.347427218651668e-05,5354,-0.1897561443932308,higher rank -> less PD-like,0.0
ENSG00000156931,VPS8,4.3444790330222775e-05,5355,-0.060339861751148756,higher rank -> less PD-like,0.0
ENSG00000067191,CACNB1,4.344131755826789e-05,5356,0.10191052227341993,higher rank -> more PD-like,0.0
ENSG00000008018,PSMB1,4.3432370967957105e-05,5357,0.08530248299484518,higher rank -> more PD-like,0.0
ENSG00000100347,SAMM50,4.3422142052536474e-05,5358,-0.18822230490871586,higher rank -> less PD-like,0.0
ENSG00000129187,DCTD,4.3298568614786235e-05,5359,-0.154041858678947,higher rank -> less PD-like,0.0
ENSG00000107758,PPP3CB,4.325804464949875e-05,5360,-0.08822964669738378,higher rank -> less PD-like,0.0
ENSG00000112379,ARFGEF3,4.325432444573092e-05,5361,-0.16717270513761862,higher rank -> less PD-like,0.0
ENSG00000145335,SNCA,4.321999962522208e-05,5362,-0.10109447004607743,higher rank -> less PD-like,0.0
ENSG00000104093,DMXL2,4.321545240646441e-05,5363,-0.14765922211150465,higher rank -> less PD-like,0.0
ENSG00000023909,GCLM,4.319610292116682e-05,5364,0.09206989247311322,higher rank -> more PD-like,0.0
ENSG00000135679,MDM2,4.319011051287816e-05,5365,0.0039842549923193174,higher rank -> more PD-like,0.0
ENSG00000161203,AP2M1,4.310950725957061e-05,5366,-0.09884069800988808,higher rank -> less PD-like,0.0
ENSG00000167110,GOLGA2,4.3090010469589e-05,5367,-0.05683631956437629,higher rank -> less PD-like,0.0
ENSG00000171135,JAGN1,4.3068004453372616e-05,5368,0.06355683032367752,higher rank -> more PD-like,0.0
ENSG00000165672,PRDX3,4.3064225529951464e-05,5369,-0.0692692644690836,higher rank -> less PD-like,0.0
ENSG00000165219,GAPVD1,4.303610212429898e-05,5370,-0.0684523809523772,higher rank -> less PD-like,0.0
ENSG00000167191,GPRC5B,4.298769296391794e-05,5371,0.05779569892472804,higher rank -> more PD-like,0.0
ENSG00000187446,CHP1,4.297665292917047e-05,5372,-0.05049923195084206,higher rank -> less PD-like,0.0
ENSG00000142875,PRKACB,4.288451716552947e-05,5373,-0.0470430107526856,higher rank -> less PD-like,0.0
ENSG00000225465,RFPL1S,4.287304306676547e-05,5374,-0.05486751152073432,higher rank -> less PD-like,0.0
ENSG00000064313,TAF2,4.281156857104742e-05,5375,-0.031394009216588116,higher rank -> less PD-like,0.0
ENSG00000101182,PSMA7,4.279572163242027e-05,5376,-0.016729271425832058,higher rank -> less PD-like,0.0
ENSG00000188021,UBQLN2,4.278505763433871e-05,5377,0.12235983102917916,higher rank -> more PD-like,0.0
ENSG00000114062,UBE3A,4.2719372186884064e-05,5378,-0.013728878648232735,higher rank -> less PD-like,0.0
ENSG00000167291,TBC1D16,4.269622106693314e-05,5379,-0.04512288786482086,higher rank -> less PD-like,0.0
ENSG00000031823,RANBP3,4.269070943188813e-05,5380,-0.03403417818740217,higher rank -> less PD-like,0.0
ENSG00000087274,ADD1,4.265668505261166e-05,5381,-0.13522465437787273,higher rank -> less PD-like,0.0
ENSG00000175115,PACS1,4.264791034026284e-05,5382,-0.022753456221196913,higher rank -> less PD-like,0.0
ENSG00000197170,PSMD12,4.264433256304796e-05,5383,-0.12754416282641387,higher rank -> less PD-like,0.0
ENSG00000109929,SC5D,4.2632834998511104e-05,5384,-0.14497275764442055,higher rank -> less PD-like,0.0
ENSG00000198815,FOXJ3,4.260689361371059e-05,5385,-0.011808755760367995,higher rank -> less PD-like,0.0
ENSG00000163956,LRPAP1,4.2561150828472116e-05,5386,-0.03734639016896876,higher rank -> less PD-like,0.0
ENSG00000116337,AMPD2,4.2534480101167483e-05,5387,0.13191244239630612,higher rank -> more PD-like,0.0
ENSG00000119812,FAM98A,4.253074367607188e-05,5388,-0.07454877112134767,higher rank -> less PD-like,0.0
ENSG00000140577,CRTC3,4.2511400701053786e-05,5389,0.019633256528416767,higher rank -> more PD-like,0.0
ENSG00000113328,CCNG1,4.2472450524464234e-05,5390,0.05741167434715507,higher rank -> more PD-like,0.0
ENSG00000184178,SCFD2,4.245804256820352e-05,5391,-0.07121341222445293,higher rank -> less PD-like,0.0
ENSG00000124767,GLO1,4.24062580705112e-05,5392,0.08424539170506448,higher rank -> more PD-like,0.0
ENSG00000047579,DTNBP1,4.2394894908249706e-05,5393,0.0436353162871774,higher rank -> more PD-like,0.0
ENSG00000146416,AIG1,4.238945765982907e-05,5394,0.01857718894009113,higher rank -> more PD-like,0.0
ENSG00000184009,ACTG1,4.229555742575765e-05,5395,-0.2772657450076653,higher rank -> less PD-like,0.0
ENSG00000165943,MOAP1,4.2262533113938475e-05,5396,0.061059907834098044,higher rank -> more PD-like,0.0
ENSG00000103723,AP3B2,4.2250441149061275e-05,5397,-0.016609062980029808,higher rank -> less PD-like,0.0
ENSG00000004142,POLDIP2,4.223735528040189e-05,5398,-0.018961213517664086,higher rank -> less PD-like,0.0
ENSG00000183023,SLC8A1,4.2237135246430824e-05,5399,-0.025201612903224424,higher rank -> less PD-like,0.0
ENSG00000163069,SGCB,4.222190262499622e-05,5400,-0.020209293394776142,higher rank -> less PD-like,0.0
ENSG00000196628,TCF4,4.221426608649737e-05,5401,0.1712530152414801,higher rank -> more PD-like,0.0
ENSG00000133985,TTC9,4.2209575338865154e-05,5402,-0.18138178502871266,higher rank -> less PD-like,0.0
ENSG00000123095,BHLHE41,4.2137513908403286e-05,5403,0.11727150537633764,higher rank -> more PD-like,0.0
ENSG00000144848,ATG3,4.213697150272089e-05,5404,-0.08069316436251477,higher rank -> less PD-like,0.0
ENSG00000165997,ARL5B,4.211488736642991e-05,5405,0.09475806451612385,higher rank -> more PD-like,0.0
ENSG00000170315,UBB,4.21016310723551e-05,5406,0.07013248847925888,higher rank -> more PD-like,0.0
ENSG00000100503,NIN,4.208388520891996e-05,5407,0.1239439324116676,higher rank -> more PD-like,0.0
ENSG00000186462,NAP1L2,4.2071639847926186e-05,5408,0.16133832565283296,higher rank -> more PD-like,0.0
ENSG00000127022,CANX,4.203902082350451e-05,5409,0.09439917434404221,higher rank -> more PD-like,0.0
ENSG00000170915,PAQR8,4.199876847033759e-05,5410,0.07822194487343848,higher rank -> more PD-like,0.0
ENSG00000110717,NDUFS8,4.198409715889144e-05,5411,-0.0454109062980006,higher rank -> less PD-like,0.0
ENSG00000173064,HECTD4,4.1968260057522034e-05,5412,-0.30957181259598915,higher rank -> less PD-like,0.0
ENSG00000005022,SLC25A5,4.1945403618148844e-05,5413,-0.04747503840245516,higher rank -> less PD-like,0.0
ENSG00000162664,ZNF326,4.194079445933846e-05,5414,0.074884792626724,higher rank -> more PD-like,0.0
ENSG00000142507,PSMB6,4.193032199944361e-05,5415,-0.007752589197336828,higher rank -> less PD-like,0.0
ENSG00000196507,TCEAL3,4.189628186867925e-05,5416,-0.32234062980028966,higher rank -> less PD-like,0.0
ENSG00000168374,ARF4,4.189361380096306e-05,5417,0.001296082949308692,higher rank -> more PD-like,0.0
ENSG00000138363,ATIC,4.1862233250871234e-05,5418,-0.06758832565283805,higher rank -> less PD-like,0.0
ENSG00000133872,SARAF,4.1853858896921556e-05,5419,-0.034322196620581835,higher rank -> less PD-like,0.0
ENSG00000139767,SRRM4,4.1820992197636344e-05,5420,0.06782834101382117,higher rank -> more PD-like,0.0
ENSG00000129932,DOHH,4.181532294261411e-05,5421,-0.13491425349297265,higher rank -> less PD-like,0.0
ENSG00000124783,SSR1,4.1802179893161826e-05,5422,0.10416666666666098,higher rank -> more PD-like,0.0
ENSG00000159335,PTMS,4.179994059372222e-05,5423,-0.07546082949308341,higher rank -> less PD-like,0.0
ENSG00000151923,TIAL1,4.169917383787077e-05,5424,0.0019921514036500025,higher rank -> more PD-like,0.0
ENSG00000175581,MRPL48,4.169606434080257e-05,5425,-0.007848596493898238,higher rank -> less PD-like,0.0
ENSG00000124702,KLHDC3,4.169198109062705e-05,5426,-0.009600614439323583,higher rank -> less PD-like,0.0
ENSG00000213619,NDUFS3,4.167864625896099e-05,5427,0.02469787704043207,higher rank -> more PD-like,0.0
ENSG00000213190,MLLT11,4.167217502809929e-05,5428,0.06197196620583377,higher rank -> more PD-like,0.0
ENSG00000128335,APOL2,4.1654878246508326e-05,5429,0.024049827788642328,higher rank -> more PD-like,0.0
ENSG00000078668,VDAC3,4.1621019308515426e-05,5430,-0.13944892473117512,higher rank -> less PD-like,0.0
ENSG00000177156,TALDO1,4.161137947589688e-05,5431,0.01843340093979771,higher rank -> more PD-like,0.0
ENSG00000155097,ATP6V1C1,4.15165906603882e-05,5432,-0.03062632760310142,higher rank -> less PD-like,0.0
ENSG00000089693,MLF2,4.1454392424751e-05,5433,0.021121351766511892,higher rank -> more PD-like,0.0
ENSG00000080845,DLGAP4,4.138430423385992e-05,5434,-0.03101035678934723,higher rank -> less PD-like,0.0
ENSG00000124588,NQO2,4.127601190105522e-05,5435,0.022993471582179986,higher rank -> more PD-like,0.0
ENSG00000175826,CTDNEP1,4.120322824499128e-05,5436,-0.07210061443932017,higher rank -> less PD-like,0.0
ENSG00000198934,MAGEE1,4.1175530536293816e-05,5437,-0.15663402457756442,higher rank -> less PD-like,0.0
ENSG00000171766,GATM,4.117490228378567e-05,5438,0.07440476190475788,higher rank -> more PD-like,0.0
ENSG00000132932,ATP8A2,4.114732048828446e-05,5439,-0.04973118279569619,higher rank -> less PD-like,0.0
ENSG00000102935,ZNF423,4.111000084510409e-05,5440,0.008304531490014908,higher rank -> more PD-like,0.0
ENSG00000021574,SPAST,4.104044362069401e-05,5441,-0.010416666666666068,higher rank -> less PD-like,0.0
ENSG00000129235,TXNDC17,4.0985148130476447e-05,5442,-0.08189324116743019,higher rank -> less PD-like,0.0
ENSG00000102606,ARHGEF7,4.097980104593996e-05,5443,0.22047811059906625,higher rank -> more PD-like,0.0
ENSG00000186340,THBS2,4.094663425083983e-05,5444,0.1622983870967653,higher rank -> more PD-like,0.0
ENSG00000078140,UBE2K,4.0937245103309486e-05,5445,-0.04433136918724793,higher rank -> less PD-like,0.0
ENSG00000196950,SLC39A10,4.0933838934509206e-05,5446,-0.06331605222733909,higher rank -> less PD-like,0.0
ENSG00000083845,RPS5,4.086124856079166e-05,5447,0.0010560675883255813,higher rank -> more PD-like,0.0
ENSG00000105220,GPI,4.0807768520478095e-05,5448,-0.08174923195084036,higher rank -> less PD-like,0.0
ENSG00000198862,LTN1,4.073448419354471e-05,5449,-0.007152543593827761,higher rank -> less PD-like,0.0
ENSG00000113552,GNPDA1,4.069311346228461e-05,5450,0.1308083717357839,higher rank -> more PD-like,0.0
ENSG00000069345,DNAJA2,4.068272443901452e-05,5451,-0.06667626728110235,higher rank -> less PD-like,0.0
ENSG00000077044,DGKD,4.067437921315404e-05,5452,0.17518931440049942,higher rank -> more PD-like,0.0
ENSG00000114209,PDCD10,4.0519613936881343e-05,5453,-0.002112135176651191,higher rank -> less PD-like,0.0
ENSG00000114054,PCCB,4.049556864707784e-05,5454,-0.08928571428570939,higher rank -> less PD-like,0.0
ENSG00000133169,BEX1,4.0438112043583004e-05,5455,-0.11429531490014734,higher rank -> less PD-like,0.0
ENSG00000160551,TAOK1,4.0417897201970104e-05,5456,-0.0080645161290318,higher rank -> less PD-like,0.0
ENSG00000119711,ALDH6A1,4.0416220953065124e-05,5457,0.0659578043057728,higher rank -> more PD-like,0.0
ENSG00000215301,DDX3X,4.037678665764164e-05,5458,0.07536482334869021,higher rank -> more PD-like,0.0
ENSG00000169139,UBE2V2,4.03620723183975e-05,5459,-0.17573924731181834,higher rank -> less PD-like,0.0
ENSG00000101940,WDR13,4.0309030617424194e-05,5460,-0.06456413210445114,higher rank -> less PD-like,0.0
ENSG00000185650,ZFP36L1,4.0193508205797506e-05,5461,0.14694093084422896,higher rank -> more PD-like,0.0
ENSG00000167685,ZNF444,4.018922340274889e-05,5462,-0.016657066052226426,higher rank -> less PD-like,0.0
ENSG00000186310,NAP1L3,4.0166401152836746e-05,5463,0.17189900153608886,higher rank -> more PD-like,0.0
ENSG00000119421,NDUFA8,4.015797398430407e-05,5464,-0.11890360983102267,higher rank -> less PD-like,0.0
ENSG00000086015,MAST2,4.007858515049006e-05,5465,-0.09752058183928494,higher rank -> less PD-like,0.0
ENSG00000168092,PAFAH1B2,4.0065930441419356e-05,5466,-0.12082518272258035,higher rank -> less PD-like,0.0
ENSG00000119318,RAD23B,4.00424553577761e-05,5467,-0.09696620583716824,higher rank -> less PD-like,0.0
ENSG00000130204,TOMM40,3.998025592336587e-05,5468,0.08345434253603734,higher rank -> more PD-like,0.0
ENSG00000143457,GOLPH3L,3.99562787013815e-05,5469,0.14804147465436976,higher rank -> more PD-like,0.0
ENSG00000128050,PAICS,3.995011265325407e-05,5470,-0.009192698645758507,higher rank -> less PD-like,0.0
ENSG00000187957,DNER,3.991471342461003e-05,5471,-0.20482910906296886,higher rank -> less PD-like,0.0
ENSG00000167861,HID1,3.988612553027986e-05,5472,-0.06821236559139411,higher rank -> less PD-like,0.0
ENSG00000165566,AMER2,3.9803893039716393e-05,5473,0.0800710462751303,higher rank -> more PD-like,0.0
ENSG00000100241,SBF1,3.9776945188256154e-05,5474,-0.04142665130568129,higher rank -> less PD-like,0.0
ENSG00000148484,RSU1,3.9715108154310217e-05,5475,0.04447538013209007,higher rank -> more PD-like,0.0
ENSG00000160785,SLC25A44,3.963362078697645e-05,5476,-0.11823156682027,higher rank -> less PD-like,0.0
ENSG00000169554,ZEB2,3.956011211102913e-05,5477,0.07090053763440471,higher rank -> more PD-like,0.0
ENSG00000134265,NAPG,3.9552924200650075e-05,5478,-0.054724159040024485,higher rank -> less PD-like,0.0
ENSG00000063177,RPL18,3.951663953209621e-05,5479,0.0740687403993815,higher rank -> more PD-like,0.0
ENSG00000105568,PPP2R1A,3.9416340078504294e-05,5480,-0.1649885391408457,higher rank -> less PD-like,0.0
ENSG00000159377,PSMB4,3.920492278133858e-05,5481,0.004608294930875339,higher rank -> more PD-like,0.0
ENSG00000111674,ENO2,3.9186062052651795e-05,5482,0.016465053763439968,higher rank -> more PD-like,0.0
ENSG00000135404,CD63,3.9161259040088865e-05,5483,-0.09675135310979766,higher rank -> less PD-like,0.0
ENSG00000140854,KATNB1,3.905052396077541e-05,5484,0.020833333333332184,higher rank -> more PD-like,0.0
ENSG00000125944,HNRNPR,3.9039781380308916e-05,5485,0.09374999999999488,higher rank -> more PD-like,0.0
ENSG00000020129,NCDN,3.902507547136537e-05,5486,0.0001440092165898632,higher rank -> more PD-like,0.0
ENSG00000179933,C14orf119,3.902400325678069e-05,5487,-0.030817972350228727,higher rank -> less PD-like,0.0
ENSG00000169762,TAPT1,3.898501393253339e-05,5488,0.14026497695851758,higher rank -> more PD-like,0.0
ENSG00000164830,OXR1,3.8947777968692124e-05,5489,-0.03168202764976788,higher rank -> less PD-like,0.0
ENSG00000197345,MRPL21,3.8909181031229933e-05,5490,0.012480798771120653,higher rank -> more PD-like,0.0
ENSG00000224531,SMIM13,3.890724931502309e-05,5491,-0.15605798771120502,higher rank -> less PD-like,0.0
ENSG00000106772,PRUNE2,3.890378909554625e-05,5492,-0.030506684597029547,higher rank -> less PD-like,0.0
ENSG00000112531,QKI,3.8841764076663474e-05,5493,-0.009408602150537121,higher rank -> less PD-like,0.0
ENSG00000165476,REEP3,3.883570330929335e-05,5494,0.03393857933447136,higher rank -> more PD-like,0.0
ENSG00000092020,PPP2R3C,3.878966431393409e-05,5495,0.06259600614438979,higher rank -> more PD-like,0.0
ENSG00000121769,FABP3,3.872200555824917e-05,5496,-0.11199116743470969,higher rank -> less PD-like,0.0
ENSG00000116679,IVNS1ABP,3.8717098209201936e-05,5497,-0.023665514592932656,higher rank -> less PD-like,0.0
ENSG00000004779,NDUFAB1,3.8675240505219376e-05,5498,-0.1325844854070588,higher rank -> less PD-like,0.0
ENSG00000177697,CD151,3.866586375911869e-05,5499,-0.0008640552995391372,higher rank -> less PD-like,0.0
ENSG00000141338,ABCA8,3.8565700620738726e-05,5500,0.09605414746543255,higher rank -> more PD-like,0.0
ENSG00000130638,ATXN10,3.8521516186550764e-05,5501,-0.18987843077440075,higher rank -> less PD-like,0.0
ENSG00000108389,MTMR4,3.8495331929498607e-05,5502,-0.1439389393697486,higher rank -> less PD-like,0.0
ENSG00000172046,USP19,3.844854522760364e-05,5503,0.16410047164765232,higher rank -> more PD-like,0.0
ENSG00000034713,GABARAPL2,3.839893851023255e-05,5504,-0.10335185474839709,higher rank -> less PD-like,0.0
ENSG00000143314,MRPL24,3.839147622424612e-05,5505,-0.15965821812595132,higher rank -> less PD-like,0.0
ENSG00000108946,PRKAR1A,3.829647246412661e-05,5506,-0.18001152073731733,higher rank -> less PD-like,0.0
ENSG00000133858,ZFC3H1,3.826736481743533e-05,5507,0.19100422427034283,higher rank -> more PD-like,0.0
ENSG00000080822,CLDND1,3.8259900228973046e-05,5508,0.11957565284177533,higher rank -> more PD-like,0.0
ENSG00000105429,MEGF8,3.824267634201556e-05,5509,-0.05714902913102077,higher rank -> less PD-like,0.0
ENSG00000091140,DLD,3.821756435668807e-05,5510,-0.2859062980030565,higher rank -> less PD-like,0.0
ENSG00000147684,NDUFB9,3.821026900031579e-05,5511,-0.14252112135175873,higher rank -> less PD-like,0.0
ENSG00000111832,RWDD1,3.81669799966231e-05,5512,-0.039338989766052664,higher rank -> less PD-like,0.0
ENSG00000165264,NDUFB6,3.804646631355184e-05,5513,-0.09000684052635603,higher rank -> less PD-like,0.0
ENSG00000196998,WDR45,3.794578821687056e-05,5514,-0.09019777265744514,higher rank -> less PD-like,0.0
ENSG00000104863,LIN7B,3.792447645942755e-05,5515,-0.02880184331797079,higher rank -> less PD-like,0.0
ENSG00000118680,MYL12B,3.7753128029270836e-05,5516,-0.01828938999495554,higher rank -> less PD-like,0.0
ENSG00000077147,TM9SF3,3.772325549957419e-05,5517,0.08491743471581714,higher rank -> more PD-like,0.0
ENSG00000131100,ATP6V1E1,3.770823319054305e-05,5518,0.009792744249267533,higher rank -> more PD-like,0.0
ENSG00000110851,PRDM4,3.766339424000492e-05,5519,-0.18090174854590546,higher rank -> less PD-like,0.0
ENSG00000131143,COX4I1,3.765311062619306e-05,5520,-0.09053379416282145,higher rank -> less PD-like,0.0
ENSG00000064393,HIPK2,3.763440422061515e-05,5521,0.1046466973886271,higher rank -> more PD-like,0.0
ENSG00000183978,COA3,3.7629744854366156e-05,5522,-0.11136712749615366,higher rank -> less PD-like,0.0
ENSG00000064607,SUGP2,3.757872745061645e-05,5523,-0.006504494342037989,higher rank -> less PD-like,0.0
ENSG00000175395,ZNF25,3.754566670009891e-05,5524,-0.11453533026113043,higher rank -> less PD-like,0.0
ENSG00000063660,GPC1,3.754511700927124e-05,5525,-0.02280145929339355,higher rank -> less PD-like,0.0
ENSG00000167552,TUBA1A,3.7535042968749644e-05,5526,-0.16666666666665753,higher rank -> less PD-like,0.0
ENSG00000169992,NLGN2,3.750951430517644e-05,5527,0.004704357531510858,higher rank -> more PD-like,0.0
ENSG00000181061,HIGD1A,3.7508006789026034e-05,5528,-0.09869431643624652,higher rank -> less PD-like,0.0
ENSG00000165704,HPRT1,3.738722339564395e-05,5529,-0.07469278033793754,higher rank -> less PD-like,0.0
ENSG00000115365,LANCL1,3.738669899675524e-05,5530,-0.04197919042149244,higher rank -> less PD-like,0.0
ENSG00000104833,TUBB4A,3.720471432257493e-05,5531,0.009480720535442832,higher rank -> more PD-like,0.0
ENSG00000072849,DERL2,3.719592966894935e-05,5532,0.0885176651305635,higher rank -> more PD-like,0.0
ENSG00000120265,PCMT1,3.713861909602124e-05,5533,-0.07114055299538782,higher rank -> less PD-like,0.0
ENSG00000242485,MRPL20,3.710795050057027e-05,5534,-0.10704685099845805,higher rank -> less PD-like,0.0
ENSG00000205423,CNEP1R1,3.709267186327593e-05,5535,-0.08359835348087949,higher rank -> less PD-like,0.0
ENSG00000132563,REEP2,3.709252106297522e-05,5536,-0.15749807987710354,higher rank -> less PD-like,0.0
ENSG00000044115,CTNNA1,3.699016385841814e-05,5537,-0.008544546850997979,higher rank -> less PD-like,0.0
ENSG00000163634,THOC7,3.694232892527666e-05,5538,-0.0959101382488427,higher rank -> less PD-like,0.0
ENSG00000136003,ISCU,3.687433781915714e-05,5539,0.01814516129032157,higher rank -> more PD-like,0.0
ENSG00000047056,WDR37,3.685503222345218e-05,5540,-0.1270641321044477,higher rank -> less PD-like,0.0
ENSG00000113387,SUB1,3.6810638241514545e-05,5541,-0.1906682027649665,higher rank -> less PD-like,0.0
ENSG00000104381,GDAP1,3.672999578113159e-05,5542,-0.10234254992318946,higher rank -> less PD-like,0.0
ENSG00000067715,SYT1,3.668817418066231e-05,5543,-0.1747572815659729,higher rank -> less PD-like,0.0
ENSG00000112695,COX7A2,3.666818207518314e-05,5544,-0.043538786482332476,higher rank -> less PD-like,0.0
ENSG00000105700,KXD1,3.655785693670477e-05,5545,-0.06509216589861394,higher rank -> less PD-like,0.0
ENSG00000128951,DUT,3.6500853610819093e-05,5546,0.10123847926266726,higher rank -> more PD-like,0.0
ENSG00000188986,NELFB,3.643616889350769e-05,5547,-0.1736271121351672,higher rank -> less PD-like,0.0
ENSG00000173545,ZNF622,3.625763273759553e-05,5548,-0.02505760368663456,higher rank -> less PD-like,0.0
ENSG00000169217,CD2BP2,3.617358288748362e-05,5549,-0.14722718927697814,higher rank -> less PD-like,0.0
ENSG00000141252,VPS53,3.614201117397053e-05,5550,-0.007680491551458905,higher rank -> less PD-like,0.0
ENSG00000179222,MAGED1,3.6091772761467816e-05,5551,-0.15740207373271026,higher rank -> less PD-like,0.0
ENSG00000178741,COX5A,3.6091146725564665e-05,5552,-0.002304147465437659,higher rank -> less PD-like,0.0
ENSG00000085382,HACE1,3.609036210198814e-05,5553,0.007584576428354282,higher rank -> more PD-like,0.0
ENSG00000111300,NAA25,3.607299320503213e-05,5554,0.02405040505609051,higher rank -> more PD-like,0.0
ENSG00000151893,CACUL1,3.604930449858846e-05,5555,-0.03504224270353111,higher rank -> less PD-like,0.0
ENSG00000162188,GNG3,3.60239956185651e-05,5556,-0.033386537379242964,higher rank -> less PD-like,0.0
ENSG00000156928,MALSU1,3.598237199725188e-05,5557,-0.10565602986587182,higher rank -> less PD-like,0.0
ENSG00000138413,IDH1,3.5942497517065735e-05,5558,0.03259408602150364,higher rank -> more PD-like,0.0
ENSG00000171202,TMEM126A,3.593979172653914e-05,5559,0.10375988575878324,higher rank -> more PD-like,0.0
ENSG00000175756,AURKAIP1,3.588206682847481e-05,5560,-0.026401689708139886,higher rank -> less PD-like,0.0
ENSG00000165868,HSPA12A,3.579354115715708e-05,5561,-0.10075844854070108,higher rank -> less PD-like,0.0
ENSG00000169490,TM2D2,3.551789132425996e-05,5562,-0.13549029727234127,higher rank -> less PD-like,0.0
ENSG00000058404,CAMK2B,3.535015557931206e-05,5563,-0.053764086074410015,higher rank -> less PD-like,0.0
ENSG00000157500,APPL1,3.526990927608418e-05,5564,-0.09293394777265233,higher rank -> less PD-like,0.0
ENSG00000182220,ATP6AP2,3.511197096189172e-05,5565,0.03429860669657675,higher rank -> more PD-like,0.0
ENSG00000175215,CTDSP2,3.510270067004232e-05,5566,0.19031046360892723,higher rank -> more PD-like,0.0
ENSG00000168917,SLC35G2,3.5007722218016225e-05,5567,-0.04421082949308514,higher rank -> less PD-like,0.0
ENSG00000165410,CFL2,3.484037383993738e-05,5568,-0.1438172043010674,higher rank -> less PD-like,0.0
ENSG00000122550,KLHL7,3.483272765537772e-05,5569,-0.10339861751151508,higher rank -> less PD-like,0.0
ENSG00000096092,TMEM14A,3.467786305482017e-05,5570,-0.06917242703532649,higher rank -> less PD-like,0.0
ENSG00000147677,EIF3H,3.4478370969279856e-05,5571,0.0750288018433138,higher rank -> more PD-like,0.0
ENSG00000155876,RRAGA,3.446967469200775e-05,5572,0.03965053763440643,higher rank -> more PD-like,0.0
ENSG00000143756,FBXO28,3.4450780780418886e-05,5573,-0.009648617511520196,higher rank -> less PD-like,0.0
ENSG00000112699,GMDS,3.441613021025029e-05,5574,-0.10517473118278993,higher rank -> less PD-like,0.0
ENSG00000120053,GOT1,3.440735434399188e-05,5575,0.03909897152464904,higher rank -> more PD-like,0.0
ENSG00000140575,IQGAP1,3.430363631807085e-05,5576,0.019033446543306777,higher rank -> more PD-like,0.0
ENSG00000119640,ACYP1,3.429944018100555e-05,5577,0.019105222734253947,higher rank -> more PD-like,0.0
ENSG00000140990,NDUFB10,3.425692596228046e-05,5578,-0.14228110599077562,higher rank -> less PD-like,0.0
ENSG00000110321,EIF4G2,3.422039092943517e-05,5579,0.022897465437786764,higher rank -> more PD-like,0.0
ENSG00000182087,TMEM259,3.417130100823046e-05,5580,-0.24011136712748293,higher rank -> less PD-like,0.0
ENSG00000180901,KCTD2,3.4029719267081254e-05,5581,-0.13412058371735053,higher rank -> less PD-like,0.0
ENSG00000169045,HNRNPH1,3.3978786774999486e-05,5582,0.1357526881720355,higher rank -> more PD-like,0.0
ENSG00000091164,TXNL1,3.395793868341991e-05,5583,0.0875346526398988,higher rank -> more PD-like,0.0
ENSG00000141378,PTRH2,3.3904568367618506e-05,5584,-0.04315476190475957,higher rank -> less PD-like,0.0
ENSG00000128596,CCDC136,3.380107994690359e-05,5585,-0.18677995391704047,higher rank -> less PD-like,0.0
ENSG00000134375,TIMM17A,3.3783650695765104e-05,5586,-0.00060004560350907,higher rank -> less PD-like,0.0
ENSG00000184117,NIPSNAP1,3.367416137402389e-05,5587,-0.06547697625490649,higher rank -> less PD-like,0.0
ENSG00000107223,EDF1,3.341263245095214e-05,5588,-0.1439612135176572,higher rank -> less PD-like,0.0
ENSG00000116288,PARK7,3.334680114942225e-05,5589,-0.10239055299538609,higher rank -> less PD-like,0.0
ENSG00000088986,DYNLL1,3.329977287018715e-05,5590,0.07639780623877099,higher rank -> more PD-like,0.0
ENSG00000102030,NAA10,3.3269191945722144e-05,5591,-0.009840629800306698,higher rank -> less PD-like,0.0
ENSG00000107742,SPOCK2,3.321267668350109e-05,5592,0.03835445468509773,higher rank -> more PD-like,0.0
ENSG00000198612,COPS8,3.318037263418184e-05,5593,-0.04502688172042764,higher rank -> less PD-like,0.0
ENSG00000072501,SMC1A,3.29568753504005e-05,5594,-0.035378688782893054,higher rank -> less PD-like,0.0
ENSG00000136143,SUCLA2,3.2907079421853394e-05,5595,-0.022465977012446604,higher rank -> less PD-like,0.0
ENSG00000115694,STK25,3.289096358191141e-05,5596,-0.12003312252594844,higher rank -> less PD-like,0.0
ENSG00000127184,COX7C,3.276890002937408e-05,5597,-0.1401209677419278,higher rank -> less PD-like,0.0
ENSG00000147224,PRPS1,3.2599051514768434e-05,5598,-0.1013824884792571,higher rank -> less PD-like,0.0
ENSG00000132463,GRSF1,3.244424482899987e-05,5599,-0.12320136331247615,higher rank -> less PD-like,0.0
ENSG00000103415,HMOX2,3.2349614459959854e-05,5600,-0.017713133640552044,higher rank -> less PD-like,0.0
ENSG00000179912,R3HDM2,3.234060390774177e-05,5601,0.15721006144392377,higher rank -> more PD-like,0.0
ENSG00000141759,TXNL4A,3.2142318692236e-05,5602,-0.20819182259349664,higher rank -> less PD-like,0.0
ENSG00000102144,PGK1,3.113862455606925e-05,5603,0.0369143625191992,higher rank -> more PD-like,0.0
ENSG00000136156,ITM2B,3.093855138282649e-05,5604,0.1883160522273322,higher rank -> more PD-like,0.0
ENSG00000158856,DMTN,3.088023323232505e-05,5605,-0.07109254992319118,higher rank -> less PD-like,0.0
ENSG00000142168,SOD1,3.075706942862661e-05,5606,0.04473886328724792,higher rank -> more PD-like,0.0
ENSG00000143502,SUSD4,3.069297680357338e-05,5607,-0.11962365591397194,higher rank -> less PD-like,0.0
ENSG00000158864,NDUFS2,3.0680509206941096e-05,5608,-0.12504800307218977,higher rank -> less PD-like,0.0
ENSG00000147533,GOLGA7,3.0048714010136695e-05,5609,0.06758832565283812,higher rank -> more PD-like,0.0
ENSG00000213585,VDAC1,2.982220640490976e-05,5610,-0.006096390168970488,higher rank -> less PD-like,0.0
ENSG00000135624,CCT7,2.978389431793631e-05,5611,-0.12317736148833576,higher rank -> less PD-like,0.0
ENSG00000179134,SAMD4B,2.9430004258968393e-05,5612,-0.042963265211247305,higher rank -> less PD-like,0.0
ENSG00000169567,HINT1,2.8699218559972008e-05,5613,-0.04694700460829237,higher rank -> less PD-like,0.0
ENSG00000138698,RAP1GDS1,2.807324720859838e-05,5614,-0.06641304739638058,higher rank -> less PD-like,0.0
ENSG00000014641,MDH1,2.7727832169229878e-05,5615,-0.03921850998463686,higher rank -> less PD-like,0.0
ENSG00000151729,SLC25A4,2.7301366978598715e-05,5616,-0.15099547566701493,higher rank -> less PD-like,0.0
ENSG00000180817,PPA1,2.6946048293305047e-05,5617,-0.19834869431642535,higher rank -> less PD-like,0.0
ENSG00000050130,JKAMP,2.6929847441694884e-05,5618,-0.08093317972349788,higher rank -> less PD-like,0.0
ENSG00000144834,TAGLN3,2.5586633922615605e-05,5619,-0.09821428571428037,higher rank -> less PD-like,0.0
ENSG00000128590,DNAJB9,2.3319838276906215e-05,5620,-0.05040322580644887,higher rank -> less PD-like,0.0
ENSG00000089818,NECAP1,2.308806913110016e-05,5621,-0.053068670058247315,higher rank -> less PD-like,0.0
ENSG00000115484,CCT4,1.9663897883372387e-05,5622,-0.03365015360982918,higher rank -> less PD-like,0.0
