,Oligodendrocytes,Astrocytes,Microglia,Excitatory,OPCs,Endothelial cells,Inhibitory,Pericytes,Ependymal,GABA,CADPS2+ neurons,DaNs
ENSG00000003393,49.45276,40.32544,35.720703,77.419174,51.176147,68.85459,88.29407,61.88246,83.46248,70.215775,389.8897,91.33039
ENSG00000003436,0.6289683,1.3323065,0.41993234,0.6743852,0.48336974,69.419365,0.5684993,424.1471,10.068262,0.28873533,0.0,0.0
ENSG00000004838,3.0745828,4.941781,2.2134993,2.5259573,1.0938423,1.6414524,0.8518097,1.6666487,139.11021,0.13032983,2.0515513,0.0
ENSG00000004948,0.27258965,0.25797695,8.575927,12.588254,0.48459923,0.9488124,24.48687,0.17219457,0.50809395,0.13032983,0.0,2.2631195
ENSG00000005981,1.8728253,9.87594,0.16926996,1.2265601,3.5570183,0.7464845,0.9964028,2.7436519,4.1146464,0.026906991,0.0,45.2841
ENSG00000006042,200.10806,11.710733,14.670587,2.8107107,7.6432705,4.342825,2.5294497,19.762869,14.592344,8.540682,8.954867,2.7697732
ENSG00000006128,0.8069824,1.5879669,1.2826399,98.66543,0.74216634,0.5741408,65.82518,0.8167688,0.09199717,15.5972595,0.0,26.467997
ENSG00000006283,0.30707487,0.92415565,0.71547467,42.359726,23.189499,0.276135,57.43556,0.43154976,2.1973598,129.15005,2.0515513,38.4511
ENSG00000006638,0.43448016,0.48885247,1.2517781,1.1010731,0.33631423,5.87269,1.1881857,28.020147,0.64535344,0.25571656,0.0,0.8838403
ENSG00000007174,42.006786,47.37521,6.3307343,60.780945,11.203745,7.5428233,35.152733,7.4833283,2538.5305,11.080968,3.8728282,52.613754
ENSG00000007908,0.2949648,0.17863455,0.103477694,0.17126602,0.05238117,33.363182,0.15735537,4.0715313,0.31575117,0.026906991,0.0,0.0
ENSG00000007933,0.079969585,0.23548616,0.027798027,0.07889556,2.913495,4.477489,0.061925806,35.780796,2.597135,0.0,0.0,0.0
ENSG00000008196,0.16718477,1.5832464,0.31475353,33.317757,0.24936962,0.14888567,48.221542,0.086097285,0.0,0.0,0.0,0.0
ENSG00000008197,0.095397905,0.13781376,0.103477694,35.43192,0.15916838,0.2242442,0.47404566,0.27466476,0.7680609,0.026906991,0.0,0.8838403
ENSG00000008226,0.9843309,15.443684,8.203844,8.1272135,1.1050441,1.1851119,6.2350388,0.6753649,284.3547,1.4084567,0.0,5.2918267
ENSG00000009709,0.34676227,2.155363,0.013899013,1.5932667,0.9941177,0.0,24.806023,0.07886625,10.71427,1.0427953,0.0,1.9396553
ENSG00000009790,0.6540455,0.96244437,124.37143,0.20012468,0.7273627,0.091147475,0.31058604,0.41515476,0.22375397,0.4378801,2.6160479,0.0
ENSG00000010379,2.4353127,2.9063265,0.2519178,3.7502503,1.923611,5.868924,3.0265777,429.7393,2.632933,3.127253,0.0,11.852821
ENSG00000010671,0.2873974,0.6718387,62.89177,0.414513,0.33125314,0.031812336,0.097908325,0.95325416,0.45062423,0.60615784,0.0,0.0
ENSG00000011426,642.8378,39.79463,43.777546,10.550551,8.96503,11.772512,10.745422,14.21018,9.485684,7.655149,13.080239,11.649147
ENSG00000011465,3.7237098,1.59791,1.0551244,3.6026146,1.0684724,41.971146,4.118882,741.1385,1.4195168,6.7533464,6.1546545,0.0
ENSG00000011600,0.8629437,1.0896512,173.51161,0.4635972,0.9639769,3.3058279,0.5394681,4.516569,0.63985074,0.7533959,0.0,0.0
ENSG00000012124,328.72125,25.124933,28.184816,3.9371848,4.615815,6.114762,3.0574121,3.957579,3.8194947,3.4198334,19.569117,2.3705642
ENSG00000012223,0.22836636,16.869846,0.31637505,0.22935995,0.22414732,1.7708213,0.054066148,0.90332913,5.085695,0.0,0.0,0.0
ENSG00000016082,0.057120945,0.09457757,0.0,5.6733036,0.09505561,0.0,9.5827,0.0,0.0,0.0,0.0,0.0
ENSG00000016602,37.529404,1.9196368,1.9187284,0.6568999,0.8954861,0.47939938,0.30734843,0.575244,0.0,0.09953587,0.0,0.0
ENSG00000017427,0.26769713,1.0531843,29.670753,5.670881,0.9603111,1.0472815,20.542482,0.45460328,6.1538343,246.5438,0.0,28.430899
ENSG00000017483,0.38357294,0.78069186,1.9526843,1.0437628,1.4940956,243.869,0.69361097,73.505486,0.10273205,1.5642135,0.0,1.1315597
ENSG00000018280,2.7065306,4.244327,558.2309,1.7642277,2.7634873,2.0328424,1.3838404,4.586897,2.7439408,1.2653068,1.2567804,0.37718654
ENSG00000021826,82.466156,10.230752,4.4242024,12.437469,2.238918,4.8013964,10.079321,13.676632,6.892769,4.8824277,7.6980867,4.5911765
ENSG00000023892,1.0495334,2.5426104,121.92429,6.5902114,0.9237061,5.468508,4.7021327,1.6030983,1.1766818,4.656382,0.0,2.446309
ENSG00000026508,23.8191,744.608,21.425375,2.8119593,3.9201906,11.852406,3.0259562,68.80725,175.26352,3.9240608,4.565112,12.329312
ENSG00000027869,0.46996897,0.1557246,0.9589614,0.07026824,0.0,1.6329464,0.19244738,11.150142,0.0,0.87310827,0.0,0.0
ENSG00000034239,0.104209825,6.354214,0.3218884,4.331363,2.2355947,0.51393294,2.4573328,1.9105244,190.30147,0.8780514,0.0,4.256497
ENSG00000036565,0.06294623,0.02347821,8.975853,0.94779915,0.09841468,0.0,0.35826752,0.0,0.0,0.0,0.0,49.4355
ENSG00000036828,0.22700475,0.12793244,0.14145818,10.043481,0.19120565,0.15317519,5.6570516,0.070252694,0.0,151.86342,0.0,0.0
ENSG00000038295,0.65974694,1.7707537,0.75844675,81.527695,16.537392,62.854675,70.576004,16.833635,21.473928,10.258841,448.74478,41.05817
ENSG00000038427,3.3951507,216.16739,22.795513,32.410736,2406.1926,3.6446214,46.890293,11.974167,151.8749,1.7354828,0.0,29.369997
ENSG00000039139,1.2636712,44.524418,1.7799537,10.537818,4.1260686,27.076855,5.849492,8.581658,709.66394,11.441584,0.0,12.447564
ENSG00000041515,9.595075,31.716736,3.9115934,153.82635,103.187546,3.2041574,267.02863,3.3181417,33.95025,185.76285,6.6166635,56.183887
ENSG00000041982,1.8979617,933.6922,7.367928,2.9301314,4.1404557,7.018593,5.1704893,13.218324,97.61717,1.8710406,1.2567804,4.4396863
ENSG00000042062,2.2938917,11.232257,1.7405815,3.9085777,6.801762,3.51389,4.8479953,391.78143,38.93412,2.8131301,2.0515513,5.8522034
ENSG00000042304,0.09346125,0.28575885,0.10450394,0.739022,0.10504551,94.37216,0.6197015,19.107801,0.9456582,1.1702307,0.0,0.7543731
ENSG00000042980,6.237363,4.7336173,1058.363,4.076324,3.0271776,9.901473,5.021803,4.269251,1.830514,14.148122,15.696287,11.025779
ENSG00000047617,11.72866,9.304966,9.655735,7.044942,18.032423,2190.4753,2.992933,509.03372,14.041992,0.8124711,0.0,0.7543731
ENSG00000048991,186.93593,181.64293,202.04732,399.4258,277.7031,190.23341,356.6951,145.83258,113.42899,955.9598,297.57648,289.20682
ENSG00000050555,3.8997598,1.7441673,1.7907715,2.1631792,1.2978687,3.4060514,2.661191,335.40823,1.2852042,2.136213,4.667599,1.7676806
ENSG00000050767,3.1666868,44.543137,6.1710496,14.742794,3.6325157,0.68199974,15.83433,3.9085996,8.471713,5.452531,2.6160479,1.5624686
ENSG00000054690,818.1143,74.590034,80.14953,32.42944,71.03013,23.702374,30.505049,19.295727,29.537664,82.7047,72.03273,30.442816
ENSG00000055955,0.7797172,2.8394682,2.9796576,3.046553,0.25193262,1.3443455,3.0115676,0.44596082,1.8605121,3.00848,0.0,8.696183
ENSG00000056291,0.36494973,0.29151085,0.792716,12.806664,0.13786565,0.21410728,28.597374,0.18855208,1.8703501,0.13032983,0.0,1.2610269
ENSG00000059377,9.3124485,21.166681,1276.2427,5.8075867,4.831573,3.8181877,7.021786,7.1509395,8.12496,9.762988,20.825897,14.224923
ENSG00000060140,0.21650904,0.34769696,0.6840172,11.103855,0.03169403,0.05933514,8.522026,0.0,0.7680609,0.91621006,0.0,24.925291
ENSG00000060709,22.337917,24.19683,3.519522,173.7217,15.445065,1.7022887,177.88354,1.0162759,9.539528,176.75209,7.283647,357.0736
ENSG00000060718,3.7797315,93.7417,8.008058,93.3555,731.12213,6.0349092,90.15517,20.071962,16.405066,159.96301,3.8728282,95.18768
ENSG00000061337,0.35131657,0.42312276,0.6944319,9.58014,4.875892,8.25508,4.932396,393.8635,0.8315328,0.84333915,5.2320957,1.1852821
ENSG00000061938,37.35784,60.56284,85.97072,75.51407,426.09412,14.43612,78.852646,20.178057,34.034344,66.71936,47.014706,71.21384
ENSG00000062096,0.56619686,8.003033,0.5449682,1.8982521,1.8438869,0.7786913,2.232387,0.743331,1.1575193,1.0339211,0.0,1.1315597
ENSG00000063015,5.093128,5.3222094,2.396244,47.385193,7.9511,0.76098084,56.597767,1.1418062,2.599817,141.5422,55.994873,25.313692
ENSG00000064270,3.3186378,4.1786613,2.7726307,5.418332,139.60277,0.46856686,3.8016608,1.4564939,39.9389,1.9108515,1.2567804,6.0241776
ENSG00000064655,2.1404564,349.83734,22.991014,14.69731,83.2587,6.954671,22.769981,9.771897,75.323395,36.179115,11.673403,2.6940281
ENSG00000064886,0.31704855,12.708548,2.0276213,0.21769299,0.098304056,0.095437,0.6582395,0.95733076,3.8250523,0.20959528,0.0,1.1852821
ENSG00000065485,6.810245,9.466539,27.951128,13.798498,7.528194,11.275444,17.425106,10.332533,7.8735695,11.530298,1.2567804,57.117565
ENSG00000065621,32.29264,18.490786,7.295198,35.32271,32.346684,4.1192966,37.15243,1.3305907,20.350306,93.91759,9.924995,18.440042
ENSG00000065809,715.96893,49.642967,91.92691,18.040142,23.731165,47.606552,15.230936,63.204777,86.59642,9.495207,64.906494,30.196634
ENSG00000066056,2.034126,0.86631703,1.1790857,0.4881505,0.34740397,295.60535,0.41103628,78.38666,0.6346186,0.2878848,0.0,0.8838403
ENSG00000066294,0.36541882,0.71961576,147.27232,0.37133038,0.36944535,1.49701,0.2889361,0.8756934,0.0,0.42505044,1.2567804,1.1852821
ENSG00000066468,751.5842,114.888084,53.722546,31.790627,20.51485,21.315826,26.452251,22.283682,91.04976,20.568731,4.565112,12.048355
ENSG00000066583,12.731592,6.8879695,7.14622,12.570939,7.109592,2.6533844,20.291252,6.693806,3.7595086,10.395795,0.0,9.430072
ENSG00000067177,1.1962575,190.94096,5.3580303,33.021145,36.864075,29.612848,38.19271,18.589867,50.439217,27.944958,11.006418,36.448044
ENSG00000068078,4.4316382,385.25378,9.886893,1.2271047,66.743774,19.700989,1.4628272,8.988256,87.15806,0.7640737,6.1546545,0.0
ENSG00000069018,0.42793167,0.403846,0.24525847,17.623425,0.6932572,0.2242442,24.026323,0.27466476,0.50286174,84.132935,0.0,24.21691
ENSG00000069482,0.16933602,0.2226002,0.0,5.5688457,0.078079894,0.36417025,21.34418,0.039433125,0.10273205,0.13032983,0.0,1.6382135
ENSG00000070190,0.084110424,0.2700778,47.45076,0.19128604,1.1619664,0.06362467,0.12430367,0.0,0.18399434,0.23492137,0.0,0.37718654
ENSG00000070214,3117.376,470.08084,303.17413,135.77281,401.608,149.99806,114.63034,139.25822,451.01083,66.52452,253.15845,167.25098
ENSG00000070526,0.11474251,0.3684063,0.30074975,0.088265285,0.0,58.871643,0.16358785,15.226153,1.4361953,0.18025684,0.0,0.0
ENSG00000070808,13.041442,8.797642,3.512316,149.89748,7.8459535,0.71114737,89.01078,1.7965847,3.1361814,3.4599786,8.492858,37.923557
ENSG00000070886,0.13907924,0.13001409,0.15537095,7.7438335,0.23223668,0.0,11.423297,1.2564139,0.0,29.179022,0.0,2.0154
ENSG00000070915,1.1319066,1.485822,3.6394713,4.5136423,0.76661146,3.2324877,4.64362,1.5284339,2.9285872,5.032631,2.6160479,13.782799
ENSG00000071909,3.443831,5.083298,2.399111,25.782429,4.968689,2.9319954,51.891293,3.0867317,2.358015,114.766464,2.5135608,9.785236
ENSG00000072134,381.24167,152.92613,109.630295,104.25845,1440.8481,269.7461,95.34692,243.10382,133.43315,78.54476,171.87971,92.66169
ENSG00000072163,1.8488044,2.362209,1.2768661,2.7169752,12.33945,373.5156,2.1834633,103.16526,23.227749,0.16144195,2.0515513,3.1249373
ENSG00000072274,9.762241,31.095934,42.017857,27.877735,26.346952,401.55682,27.709723,119.269875,38.5915,25.083813,18.927433,30.045145
ENSG00000072694,0.038916722,0.19367057,24.748951,0.046908773,0.1750005,0.0,0.066924326,0.14050539,0.10273205,0.19907174,0.0,0.0
ENSG00000072952,0.98575956,254.28429,3.4136598,7.206792,2.0252032,3.8126068,2.6731222,44.852207,25.41795,1.720727,1.2567804,12.553472
ENSG00000073756,0.038704738,0.07754648,0.9820471,0.18222064,0.19985789,42.06552,0.48254052,8.410042,0.0,1.6263212,0.0,0.0
ENSG00000074181,0.5414529,3.8247406,0.5599544,0.557259,0.57645917,15.690942,0.49777147,742.61597,3.4652054,0.75522864,0.0,0.0
ENSG00000074370,0.45898488,1.2849841,13.896351,2.5610282,0.36484268,2.2494562,2.6522079,16.659454,4.274722,1.9391816,0.0,37.67317
ENSG00000074410,0.62059176,62.259083,1.7223197,8.510552,0.9307552,1.4896095,2.2432988,0.63736534,4.822948,1.2424315,0.0,4.526239
ENSG00000074855,10.306317,98.3872,10.032297,27.703005,27.076067,2.955837,32.123737,4.654423,28.356497,26.097574,27.190016,22.761477
ENSG00000075035,0.22046618,3.170551,0.33577365,41.430088,6.337151,0.17012113,42.10055,0.039433125,4.1195803,49.3083,233.57571,38.138035
ENSG00000075429,0.29935226,0.19574542,1.0974423,8.411015,24.432442,0.06362467,2.4590876,0.0,0.10273205,0.15723683,0.0,1.1315597
ENSG00000075461,1.0715152,2.6892362,3.5568113,39.305172,247.30948,0.38692096,26.154295,2.8166964,1.2742031,1.2505578,0.0,33.17275
ENSG00000075884,6.3134327,10.991753,1585.0128,6.687251,12.337289,16.636549,4.875276,24.537764,8.442396,4.1392336,36.704887,6.229389
ENSG00000076604,19.746412,18.261015,5.123648,2.2651665,104.2241,6.9307585,2.8056405,11.43314,12.70006,1.5731118,11.570915,1.9396553
ENSG00000077238,1.5952289,9.992728,186.94142,1.1666558,1.3290051,665.39215,1.2468439,195.45328,21.105648,1.6913128,0.0,0.0
ENSG00000077327,12.074642,8.412799,14.7283325,5.971876,2.564366,0.64859796,5.4205546,1.9744515,594.7593,2.5579474,0.0,2.2631195
ENSG00000077420,2.984394,10.338518,1797.8878,4.140117,5.428362,9.91296,3.298603,6.0453877,3.0611546,9.844543,16.953068,3.0287077
ENSG00000078081,0.29888302,0.29382205,0.49178627,2.586138,0.48381987,0.33051372,1.8557247,0.23433313,0.36039156,1.0096753,0.0,9.774021
ENSG00000078098,7.2862554,120.54314,0.90118957,0.23191069,0.428679,1.3411955,1.4447345,2.7095773,20.518213,0.39215818,0.0,1.1852821
ENSG00000078269,1087.4327,50.312756,60.045975,45.71888,28.83645,84.87042,22.915375,35.02066,20.14645,21.275097,12.930182,16.520872
ENSG00000079435,145.98259,15.785273,16.82525,10.792054,15.347775,24.923304,11.478552,10.821484,5.741748,14.111691,8.954867,8.222767
ENSG00000080493,3.5901635,754.7864,10.962583,66.19596,20.20356,47.823826,67.21984,23.547075,187.2634,11.221308,123.00783,4.256497
ENSG00000080572,0.019324662,0.115715526,0.091642134,0.07766389,0.09841468,0.05933514,0.012702144,0.0,22.587059,0.0,0.0,0.0
ENSG00000080644,0.13330607,0.40759632,0.15761009,5.154823,0.48105782,0.8380264,1.774448,0.039433125,0.22375397,49.50524,0.0,0.0
ENSG00000080819,230.89415,20.195387,27.33677,28.178724,21.751514,17.519648,26.837982,22.168333,11.662997,26.586523,29.44654,26.812761
ENSG00000080822,710.76373,56.01129,79.74566,34.58601,50.389023,80.24612,41.13756,74.02128,18.35812,38.557972,43.40323,16.467558
ENSG00000081051,2.4084203,0.9248112,1.7243129,2.4965088,0.50422525,0.7284326,4.1036086,0.31409788,0.37112644,0.12644286,2.6160479,30.743128
ENSG00000081479,623.71967,21.59492,35.804295,13.779547,7.5338655,7.276443,7.971976,11.465109,9.415163,5.446358,5.2320957,19.893528
ENSG00000081985,2.481453,2.9611025,3.577568,16.56067,1.8355309,2.2315779,5.0228505,1.951365,3.4029133,4.900294,0.0,3.5353613
ENSG00000082074,3.0182648,7.340379,1385.8184,3.0260208,4.5870824,45.4487,2.7896857,13.393967,2.666606,5.134497,1.2567804,3.631591
ENSG00000083444,17.864563,34.37449,20.807726,19.028625,14.936878,32.03928,17.750822,261.17908,27.668835,14.211588,10.314135,15.777713
ENSG00000084453,537.54364,57.510757,42.30393,6.854649,12.572826,88.45117,4.8148723,46.80283,19.275265,7.110675,7.18116,5.4417787
ENSG00000085117,27.518768,46.49265,15.627771,2.9784684,188.77188,23.926508,2.453325,8.675122,45.7345,1.7930809,6.4413066,1.6382135
ENSG00000085276,20.34475,31.564526,44.79303,8.293533,34.779556,2094.6821,11.051244,598.9464,43.51367,6.490925,14.259832,6.9617405
ENSG00000085563,2.184119,4.1422825,4.377049,19.829521,3.621543,3133.1047,16.905775,748.10394,3.6641948,6.74102,6.6166635,29.164377
ENSG00000086205,353.7409,15.179841,25.309088,7.182932,5.738195,4.357398,3.9239762,6.3850484,3.9451218,3.9912064,8.492858,2.3705642
ENSG00000086570,0.79168373,0.636603,0.45968115,1.6331868,2.2535572,0.0,1.5497712,0.0,0.86848545,0.20801437,289.85016,2.0154
ENSG00000086730,3.2974775,4.093554,232.94609,4.09443,3.2495468,1.9248784,3.4509928,1.1924541,5.6112323,2.6896894,4.565112,2.6940281
ENSG00000087116,3.3448522,5.4968476,11.521643,38.145626,2.324554,2.721644,16.095114,16.323246,3.886242,35.43575,3.3083317,104.006325
ENSG00000088320,0.029974902,0.03445344,0.103477694,0.0114783235,0.16166563,2.6175578,0.09549877,15.397045,0.09199717,0.026906991,0.0,0.0
ENSG00000088836,0.24852382,3.0136123,0.85385454,1.043509,0.28385025,0.88023794,1.6743163,40.121216,3.4067905,0.20959528,0.0,0.0
ENSG00000088926,0.45480347,1.6594994,0.31913117,1.2901157,0.30731604,0.0,2.1195388,0.0,0.63985074,19.716694,0.0,2.3168418
ENSG00000088992,0.79308146,2.2636976,14.369048,10.732408,0.1446071,23.445112,3.4914591,219.00482,6.859651,6.810628,7.8734436,5.2698045
ENSG00000089472,31.44061,92.00501,2.9098473,11.200767,1.6306348,12.500207,15.588291,33.24016,33.176563,18.248531,0.0,1.7676806
ENSG00000090104,0.6960473,2.022983,326.0017,0.39172766,0.93603534,0.21410728,0.21072926,0.21075808,1.0272148,1.9180883,0.0,0.0
ENSG00000090339,0.35454756,8.178818,17.625153,1.1087341,0.526607,66.14517,0.5220988,19.539124,3.5387597,0.57095945,0.0,0.0
ENSG00000090924,0.67816794,3.3597496,4.34554,0.7784407,6.559532,22.089113,0.54941607,112.228264,10.47975,1.934351,0.0,1.2610269
ENSG00000090932,0.2511873,0.6470046,0.52290076,3.5941873,37.457474,0.34401008,6.3884172,0.0,0.13175681,2.9041824,0.0,1.2610269
ENSG00000091129,6.0970173,884.5793,34.69634,508.3792,2687.3494,15.05946,552.081,14.189289,407.5031,517.20605,226.73521,435.48145
ENSG00000091136,1.3940078,3.7884834,1.398302,33.923985,2.0755777,13.350724,38.65395,70.1607,6.495397,203.37813,50.719524,5.798481
ENSG00000091181,0.5187056,0.6382355,0.8357357,1.4704533,0.68266225,0.11078598,0.74453455,0.10968582,75.42501,2.102425,2.6160479,0.0
ENSG00000091409,8.112525,117.92327,48.699955,13.7468605,1.8087264,744.83844,8.426006,217.33958,48.920097,22.558249,7.8481436,0.37718654
ENSG00000091482,0.022616088,0.17280474,0.08162162,2.2609818,0.0,0.0,1.5917112,0.0,0.2683944,20.022192,0.0,6.2498746
ENSG00000091513,2045.2543,160.45476,141.75076,30.526073,65.75924,41.662075,30.369413,47.809643,66.01967,27.916708,32.349243,30.474516
ENSG00000091664,0.89942116,2.025231,1.4947156,163.03453,0.8984825,1.5006038,20.565477,1.1240522,0.99993294,0.0,1.2567804,31.041452
ENSG00000091879,7.458298,11.357403,12.232937,9.20578,22.887346,1567.6708,12.427704,306.52206,16.823294,6.4286375,29.018642,9.548325
ENSG00000091986,0.26614252,38.166595,0.49800777,0.69493526,0.46410552,4.845373,1.7645255,12.502414,11.12299,0.15723683,0.0,0.0
ENSG00000092607,0.41868588,0.65218127,0.027798027,0.18123351,0.74574226,1.9832295,0.18201274,86.40394,0.80518323,3.4247093,0.0,0.0
ENSG00000092850,0.2743426,1.4942409,0.35213372,1.0627974,1.5227332,0.0,0.38385046,0.0,30.990225,0.66280264,0.0,0.37718654
ENSG00000094804,0.21691273,0.81056076,0.6415488,1.0230011,0.638776,0.27569506,1.3105124,0.11829939,1.231684,0.4206461,15.498661,3.1249373
ENSG00000094963,0.09117913,4.877451,0.19408263,0.21132694,2.1537793,9.486493,0.07263406,72.4122,3.0323246,0.0,1.2567804,0.0
ENSG00000095303,0.40866372,1.0206453,86.02951,1.0093938,0.63172793,0.8423159,1.4383922,0.36129704,0.53190804,0.36787122,2.6160479,0.8838403
ENSG00000095585,1.064032,2.5760028,458.41425,1.7101742,1.7776867,2.9228096,1.6839119,1.4668293,0.10273205,0.61971784,10.464191,5.09783
ENSG00000095970,0.37646437,0.39630717,105.86844,0.095804885,0.1301087,0.34024227,0.25625473,0.17219457,0.10273205,0.39814347,0.0,0.0
ENSG00000096433,1.171902,1.3221661,2.2813773,1.1222105,0.8377573,148.364,0.8681183,43.499573,0.9642208,0.42630678,0.0,2.0154
ENSG00000099194,732.8483,90.71252,68.79674,19.489809,59.65721,45.93755,14.893792,38.578323,51.023598,49.926765,29.263836,20.885221
ENSG00000099260,0.2727918,4.1686645,1.5507522,23.470934,0.7431482,433.48434,8.0715,128.43787,75.97704,4.297394,0.0,7.1020145
ENSG00000099994,0.119916484,1.2674187,0.45184383,3.1560183,0.23198861,0.89476484,1.6670756,29.73661,0.09199717,0.18414381,2.0515513,0.8838403
ENSG00000100003,7.58997,41.420357,2.7160327,3.7223928,14.324423,3.1664755,2.2808113,3.6745405,10.856504,11.469231,6.4888763,2.446309
ENSG00000100024,0.56186295,0.89780575,0.09060492,0.5187499,0.6366287,10.423869,0.45347947,49.35194,0.3188674,1.2756389,0.0,0.0
ENSG00000100065,0.08205448,0.18059446,0.14353539,1.5344297,0.2190847,36.890724,1.7546829,10.553094,1.0193655,0.026906991,0.0,2.6515212
ENSG00000100142,538.07385,71.72428,59.57977,48.768555,52.503994,38.55061,41.979645,55.5426,48.914513,49.13216,64.749084,43.53772
ENSG00000100191,0.34804556,0.25593874,0.5883387,3.4892251,1.3846323,59.986206,3.2849572,11.301805,0.9520553,2.2439137,0.0,0.37718654
ENSG00000100276,2.6620994,27.846474,8.629607,4.444506,0.62120616,2.3145711,1.8833505,0.73811954,8.148973,0.41919056,0.0,0.0
ENSG00000100292,3.6045005,5.3924794,110.85105,1.1615447,1.2167007,2.5127041,2.159665,3.7159522,2.4847472,1.3352497,2.6160479,2.0691226
ENSG00000100302,3.0207217,1.1431463,0.47593907,10.52409,2.9353616,1.37135,8.9298,32.3512,0.32648605,87.177,0.0,2.0691226
ENSG00000100314,0.08663034,0.26470643,0.26010773,1.6121594,10.371864,0.0,2.4347036,0.0,0.10273205,1.1099362,0.0,0.0
ENSG00000100362,0.56353146,1.1848403,0.94029325,11.761548,0.41365308,0.5888341,32.705532,0.4387433,0.36039156,12.629087,4.1031027,0.0
ENSG00000100365,0.0943364,0.12840314,33.984894,0.017587496,0.07703661,0.0,0.0,0.38345206,0.0,0.09953587,0.0,0.0
ENSG00000100767,0.5489034,145.7016,5.2561603,0.42698058,1.1523728,0.46021253,1.0267416,8.48135,31.068878,0.3668321,0.0,0.0
ENSG00000101187,0.7752793,1.6611791,4.028287,6.588331,1.2668691,720.50055,6.483047,217.20628,0.10273205,4.836916,5.2320957,4.785173
ENSG00000101188,0.39360753,0.55442107,0.5192617,3.0622146,0.4008546,0.0,2.69968,1.3100142,0.5126654,15.071666,0.0,59.05496
ENSG00000101194,0.1655075,0.40737602,28.228779,0.60762316,0.13693298,0.7005174,0.3667698,0.27603188,0.4001512,0.09953587,0.0,0.0
ENSG00000101203,0.42769858,0.6018317,0.39162502,0.37924385,45.491127,0.0,0.51781553,0.99676394,0.0,0.43702954,1.2567804,0.0
ENSG00000101204,7.571015,3.406987,0.6040054,18.774698,12.179294,0.26034606,20.288368,0.0,1.7308509,5.174606,7.283647,43.83957
ENSG00000101222,0.1972648,2.78768,0.15632123,3.5608506,0.22100817,0.031812336,2.4030974,0.070252694,89.95973,0.7301766,1.2567804,0.37718654
ENSG00000101276,0.10080493,0.30054113,0.013899013,0.1408919,0.2573631,169.98215,0.0,40.561264,0.30819616,0.3605137,0.0,0.0
ENSG00000101311,0.99011326,2.4247544,1.7836951,7.3154254,343.50253,0.82948244,6.521162,5.9932375,3.2602634,0.23650226,0.0,10.474671
ENSG00000101335,0.61222315,1.4111623,1.6980606,0.308619,0.37718722,76.98296,0.75684434,468.29968,4.995244,0.4359734,2.6160479,0.7543731
ENSG00000101336,0.90824455,2.487474,276.83563,1.7217959,1.1910403,3.3695936,1.3167628,6.8652587,1.3925077,2.2384727,9.899694,2.0691226
ENSG00000101443,2.248149,1.6679795,0.14517473,3.541674,1.4107007,0.15477213,6.6038375,1.3344197,1.9639027,1.2269541,1.2567804,0.7543731
ENSG00000101825,0.2861444,0.7857449,0.17945243,1.0059434,0.5809949,1.0462472,1.6786808,16.49746,0.09199717,0.7879443,0.0,1.5624686
ENSG00000101935,20.295425,24.80893,35.10214,81.99275,30.811266,44.557625,72.51643,22.281614,44.744064,153.02664,15.571531,309.57608
ENSG00000101955,0.4518603,99.52442,1.3280079,1.254221,22.128141,17.585693,2.4561312,10.031234,13.011297,0.3898521,0.0,3.631591
ENSG00000102048,0.10694159,0.4131559,1.1931415,0.21589829,0.1399615,9.263943,0.16415015,1.9455414,0.3188674,0.0,0.0,0.0
ENSG00000102287,0.112535365,1.544495,0.027798027,5.0785937,0.12747434,1.1257039,2.2384164,56.807156,5.7687078,0.0,0.0,0.8838403
ENSG00000102468,0.32772434,2.5470088,1.076003,25.583422,0.8043951,0.18498753,57.15746,0.4301162,7.236987,132.04774,0.0,53.13976
ENSG00000102554,0.3980673,1.0845637,0.49151433,5.2061176,0.62364364,0.28627193,6.587781,1.6350543,5.1622887,3.621798,2.5135608,13.588802
ENSG00000102755,3.2202644,7.468837,67.40024,4.2548003,4.489317,5932.6104,5.1013527,1622.5626,2.7550757,4.024207,47.75602,6.660299
ENSG00000102924,0.26933515,0.1497767,0.5575921,9.7562685,1.3391106,0.0,3.6291695,0.0,0.0,0.0,105.62271,7.5646243
ENSG00000102996,2.0897846,3.6402297,1.0272986,6.50872,4.0480285,0.2804245,7.86017,6.424388,1.6180261,20.12202,0.0,5.8522034
ENSG00000103175,0.60520357,2.2441106,0.85359883,5.916155,81.15286,10.917934,10.870228,4.398327,1.9288967,1.2438872,0.0,0.7543731
ENSG00000103184,187.34239,12.567127,14.333248,12.779294,5.535813,4.6873317,4.532974,2.3178234,4.362827,2.9243584,6.6166635,5.475016
ENSG00000103241,0.053686786,0.059025582,0.08162162,0.0,0.0,71.70435,0.0,18.51841,0.0,0.0,0.0,0.0
ENSG00000103257,4.6201344,43.086765,135.64232,25.073,41.20692,1650.9146,31.480627,439.2963,56.276287,25.64028,27.475208,41.467056
ENSG00000103316,2.0124254,1.1668438,1.5180695,15.3658285,1.1913464,1.8775815,5.972134,0.50499135,2.0087943,0.69043696,116.11798,7.758621
ENSG00000103460,120.334236,5.712816,5.4875646,79.78522,61.296154,2.8490324,88.210594,1.7193338,8.444737,116.15432,0.0,232.11809
ENSG00000103489,154.73222,118.354,235.31241,131.272,1469.4713,5.58479,113.944435,32.34396,276.96106,306.18533,10.464191,233.7216
ENSG00000103740,147.9855,496.08868,16.351334,2.171083,4.055334,11.450425,2.5912428,6.5798907,43.38577,2.6248615,0.0,1.5624686
ENSG00000103888,6.1338305,23.90256,4.114149,22.569147,3.4002295,75.81389,16.430267,541.6322,59.64684,1.8881323,47.25233,7.3072267
ENSG00000104043,2.6544921,5.6814594,980.5252,59.868168,1.8810487,3.5424726,46.411804,3.611847,0.7771102,6.5005684,44.983963,18.192324
ENSG00000104369,23.126545,8.664587,1.4810055,20.176825,7.2572193,1.3763481,21.624865,0.5838576,28.038996,5.270549,216.6569,5.6690135
ENSG00000104415,0.026684487,3.4784899,0.19581251,0.07097802,0.29381368,0.05933514,0.0,28.256807,0.09199717,0.0,0.0,0.0
ENSG00000104722,10.176136,4.830743,4.182202,77.02514,3.9967024,1.9440033,117.430786,1.5519695,0.2867264,13.81693,8.89995,72.795654
ENSG00000104894,0.32322368,0.6251252,108.27219,0.45868683,0.9261238,3.3482249,0.54417604,2.5295737,4.3970127,0.0,2.6160479,1.2610269
ENSG00000104972,0.21941637,0.7857538,119.4367,0.23663749,0.20021042,0.15477213,0.14249697,0.17219457,0.0,0.5972152,0.0,0.0
ENSG00000104998,0.5834831,2.409442,10.074874,4.092976,2.2386959,49.13622,5.5150146,14.326812,6.651946,1.9525112,3.8728282,2.1448672
ENSG00000105290,904.5518,55.98192,78.71917,132.608,48.502098,29.181654,135.33607,27.356628,37.680122,117.990906,51.98977,84.58042
ENSG00000105366,0.27016354,0.68928546,94.041435,0.12464218,0.5149684,0.33051372,0.16291514,0.6440459,0.0,0.30913115,0.0,0.0
ENSG00000105383,0.07339761,0.26107362,32.235653,0.12545465,0.34848252,0.26755592,0.0,0.07886625,0.0,0.19907174,0.0,0.8838403
ENSG00000105479,0.891838,4.349217,1.2238467,0.7401972,0.45343998,0.2242442,1.2400359,1.592689,187.71935,0.13032983,0.0,1.7676806
ENSG00000105655,0.53923124,6.8731446,6.7213683,10.542694,1.3694148,24.802095,12.313943,272.64505,27.41275,2.6266835,0.0,4.0308
ENSG00000105675,0.030974751,0.0,0.0,0.18912235,0.0,0.0,0.27283335,0.0,0.13175681,0.0,8.668215,0.0
ENSG00000105695,614.38135,27.833654,48.12905,6.889949,15.126858,11.542831,7.2544293,14.834026,7.976496,8.846924,17.033285,1.1315597
ENSG00000105697,0.5810295,2.1526709,171.1463,0.56671554,0.8012066,0.84281325,0.3705211,1.3407264,0.6000911,2.6089797,1.2567804,0.37718654
ENSG00000105699,0.7777586,0.7976525,2.1393132,0.8564968,0.99092674,144.06683,0.9197697,38.855526,3.33266,0.6270796,0.0,0.0
ENSG00000105851,0.18509221,0.51074594,77.3141,0.15959446,0.14468992,0.27117857,0.26388222,0.7220291,0.09199717,0.2298657,0.0,0.0
ENSG00000105880,0.19242679,0.0,0.0,1.3160436,0.0,0.091147475,5.699069,0.1957831,0.5126654,0.0,0.0,0.0
ENSG00000105967,1.0361522,1.8134984,307.80862,1.2093425,0.8640848,1.6316032,0.82135487,1.4735099,0.19472922,1.698954,5.2320957,0.8838403
ENSG00000106003,0.58403325,80.69885,3.2940965,0.21616565,2.5113413,4.905506,0.39997864,5.9450755,12.810175,0.13032983,0.0,0.0
ENSG00000106018,0.22951065,3.7849982,0.40276787,0.91920525,126.76242,0.095437,1.8665525,2.233723,2.863488,0.69820213,0.0,1.7676806
ENSG00000106278,6.498755,819.22485,28.36645,60.894047,2783.785,15.694846,82.54583,13.307175,518.2145,285.6258,12.413256,140.13791
ENSG00000106351,7.0819163,74.2921,8.111047,11.601231,17.340343,13.274113,10.775056,13.150463,21.0734,6.353463,10.387005,9.300605
ENSG00000106536,1.9199047,108.22596,4.823605,99.99378,432.803,3.6976016,137.61017,117.02547,9.451815,2.3704228,7.283647,103.8869
ENSG00000106571,2.0953078,305.4006,6.021286,10.801409,3.0930479,43.147522,12.612861,73.48527,90.22731,0.83161914,2.6160479,3.1249373
ENSG00000106689,0.20554481,3.8417158,0.48645297,25.441526,1.1261574,0.16490906,1.1486843,0.070252694,9.518574,1.6573956,0.0,0.0
ENSG00000106819,1.0552818,0.6061825,2.0007937,1.1369101,0.5661087,2.067087,1.9675084,38.123463,1.5083761,1.1737562,0.0,1.8859328
ENSG00000106852,0.13130617,0.516814,0.18411924,1.036713,0.09505561,45.386818,11.386511,10.407945,0.32648605,0.7251091,0.0,0.0
ENSG00000106952,0.1838985,0.3082292,31.73222,0.1034066,0.09841468,0.4412997,0.10561195,0.6440459,0.19472922,0.2259787,0.0,0.0
ENSG00000107099,3.4870577,10.970691,1912.595,8.193555,5.220507,6.8549304,5.095811,23.395006,14.027319,10.874411,34.00862,7.5441394
ENSG00000107105,1.7409545,5.645328,2.2570906,209.48805,2.0359797,1.1988311,258.93262,3.1193452,3.2144177,74.90581,35.960716,564.1319
ENSG00000107159,0.1030117,0.41791847,0.103477694,0.1701671,0.27737668,0.0,0.42818502,0.039433125,0.0,0.8250952,25.607822,0.0
ENSG00000107331,818.14185,139.9199,78.50192,54.637535,81.841965,28.984404,54.643284,29.31594,70.812164,38.24456,52.040367,29.42024
ENSG00000107518,5.9291353,94.83916,16.59005,645.80115,1983.6136,3.0863855,612.54724,32.763664,191.05606,672.39825,9.104924,367.81284
ENSG00000107736,15.417255,245.66899,52.81235,11.098434,29.358742,26.279821,31.18941,13.71474,60.01655,5.1693907,48.675323,1.9396553
ENSG00000108001,0.42942688,2.1571035,0.4638449,97.620186,0.23153844,0.089550525,27.675657,3.2910545,0.26351362,1.0387517,0.0,241.90114
ENSG00000108231,1.4923816,346.68326,5.628043,117.84122,30.630043,3.9417229,101.624,5.4454145,93.609314,5.366039,113.16917,86.69123
ENSG00000108381,185.93614,25.701227,15.170252,2.7728624,3.9248352,6.2289352,2.0519068,16.565748,24.681992,1.885191,6.4413066,1.1852821
ENSG00000108439,4.990053,10.295775,8.89372,15.681916,6.491586,10.293094,23.923872,8.712883,6.9790125,14.382039,8.492858,11.2939825
ENSG00000108622,0.25805718,0.96731126,6.053647,0.44885442,0.6390045,356.79898,0.6560576,104.619415,0.64535344,0.24216294,2.0515513,0.0
ENSG00000109452,67.33819,136.34613,88.46597,577.8067,129.54482,25.170427,688.42847,546.5065,100.971954,57.699623,116.390045,1488.6815
ENSG00000109805,0.68234324,0.31390655,3.1334007,6.5541553,0.87614846,0.31379473,2.405519,0.0,0.0,0.65281785,9.057354,22.868921
ENSG00000109943,0.19396658,0.067665175,0.06949507,0.57319444,0.23838855,0.031812336,0.30479625,0.19633351,0.13175681,2.0804298,145.30911,0.0
ENSG00000110077,0.698083,2.189899,363.4221,0.6783815,0.5721251,1.272379,0.3367579,0.94772583,0.13175681,1.5546259,3.8728282,0.0
ENSG00000110195,0.08599228,0.4654492,0.17150912,0.14706078,0.11081722,0.0,0.025404288,0.0,27.905478,0.0,0.0,0.0
ENSG00000110324,1.0533502,0.77315277,148.1559,0.84879756,0.553498,0.20981775,1.3418034,0.6336298,0.8600581,0.2986076,2.6160479,2.9529629
ENSG00000110328,20.924044,273.87656,4.9023786,187.35966,6.15793,2011.3003,108.322014,600.59235,121.5717,452.4771,176.80278,34.572514
ENSG00000110799,6.5265226,7.062518,8.327112,2.7450278,4.8795695,2742.4346,1.8344522,839.6225,1.6716791,1.2911364,6.4413066,5.818966
ENSG00000110848,0.09493353,0.30952093,48.928856,0.082054,0.05238117,0.8380264,0.012702144,0.039433125,0.0,0.13032983,0.0,1.2610269
ENSG00000110900,2.0542986,7.5855145,0.9072106,4.1380672,30.059456,0.31539166,7.7303767,2.4495115,9.780436,2.6251254,1.2567804,8.815972
ENSG00000110934,0.739777,1.3537979,119.41111,0.7695707,0.9567364,2.1786442,0.811857,0.5642737,0.32648605,1.0741655,2.6160479,0.37718654
ENSG00000111087,0.039908502,5.2948422,0.2779434,0.008793748,0.09841468,0.0,0.02076002,0.039433125,0.5126654,0.0,0.0,0.0
ENSG00000111181,3.6565135,2.0172634,3.0602686,1.1457074,5.07304,22.568054,1.0090772,971.1022,0.83457994,0.12644286,1.2567804,1.1852821
ENSG00000111341,0.14571251,2.952558,0.2918424,0.07695821,0.16160928,13.149121,0.25022298,78.36483,5.4498568,0.23650226,0.0,0.0
ENSG00000111432,0.03127754,1.2901791,0.2992902,0.0114783235,3.3083124,0.3029909,0.098973796,22.265139,0.6000911,0.0,0.0,0.0
ENSG00000111452,0.36260733,1.0967101,20.076435,3.5111823,0.8169214,2.1306531,3.6081018,292.44046,1.7460028,0.55217236,0.0,0.0
ENSG00000111670,39.379974,39.22205,94.90491,61.072933,240.16895,52.767227,57.958473,58.590904,17.022772,45.175957,37.55172,48.21391
ENSG00000111834,0.33863327,2.2142882,0.18716277,1.8821453,0.23774739,0.11078598,1.7909999,0.36847714,71.626526,0.61003417,0.0,0.7543731
ENSG00000111907,20.657574,368.97754,6.4337525,49.021305,13.207192,93.083954,37.434303,29.06024,30.397144,3.7398095,5.9243793,17.641624
ENSG00000112139,6.5931563,10.405817,1.2643386,18.467405,16.935822,0.5157282,10.383101,18.580679,12.669088,63.396076,324.16736,6.293919
ENSG00000112175,0.10829388,0.081409864,0.12331865,0.7274645,0.05238117,1.0498699,0.6472812,13.848533,0.0,0.09953587,0.0,0.8838403
ENSG00000112214,0.06058278,0.48308668,0.10378651,0.31783912,0.18333808,5.286176,0.09295199,77.53011,0.0,0.2259787,0.0,0.0
ENSG00000112246,0.25929737,0.5051531,0.1444285,10.130385,0.70714813,0.22157197,1.3681164,0.78509617,1.4049855,0.09953587,0.0,1.5087461
ENSG00000112280,1.5915085,8.483106,2.2524507,5.417164,386.65186,1.5450726,3.4532952,3.5752976,17.775726,2.3182597,0.0,0.8838403
ENSG00000112414,0.19120036,0.46730292,13.020764,3.9677987,0.5208786,79.479904,3.5625336,22.68019,0.19472922,10.3150215,0.0,0.37718654
ENSG00000112539,0.19760613,9.874953,0.24996966,2.9709787,16.675209,0.14888567,1.6239095,0.039433125,327.5358,0.7894276,0.0,1.2610269
ENSG00000112562,0.34884432,0.70627886,0.59134287,18.661568,6.6363406,8.802146,23.563326,359.30963,0.9660069,0.26833537,7.6980867,10.454186
ENSG00000112782,6.4631653,10.205823,1.0395341,19.114342,4.083021,208.01715,14.96175,54.65298,29.709036,9.087495,7.6980867,20.681139
ENSG00000112799,0.6309737,2.635441,486.92,0.84972864,0.3891586,0.8773182,0.4342439,1.8062671,1.1052818,1.1185344,5.2320957,0.0
ENSG00000112837,0.35076454,0.3062483,3.922136,0.28547308,0.46046945,3.0786896,0.14402446,115.251144,0.32648605,0.23650226,2.6160479,0.0
ENSG00000112893,3125.3975,207.68756,540.8447,149.83777,91.30462,256.16733,131.42165,203.41298,126.94661,32.26051,72.56009,120.621155
ENSG00000112936,0.23188144,0.97039133,0.76850855,0.59220904,0.0,6.988515,0.7292522,51.368973,0.0,0.0,0.0,0.7543731
ENSG00000112972,29.974785,28.883747,20.06424,65.89444,68.538506,28.150446,58.398422,32.942806,48.05686,159.73888,5.1296086,66.74132
ENSG00000113100,0.7884363,1.3078376,1.6490954,170.62448,1.3327609,0.031812336,83.783295,0.43154976,0.22375397,9.37372,0.0,56.3466
ENSG00000113303,0.15055709,0.1622797,0.40483138,0.49519825,0.09505561,33.725796,0.5842917,6.774493,0.13175681,0.0,0.0,0.0
ENSG00000113389,0.33014673,0.34255365,0.48541576,3.7145255,0.64044374,2.0054529,8.262449,1.6779301,0.0,0.3156701,0.0,0.0
ENSG00000113396,19.125357,14.520545,8.307663,81.43516,13.922494,6.1151867,76.36568,7.8718534,75.508194,231.15315,2.6160479,47.698704
ENSG00000113448,657.8646,589.36975,246.4083,1690.321,733.7941,1704.4261,1794.4741,709.06506,109.37905,933.7018,241.6867,4646.389
ENSG00000113494,0.73526937,1.4658515,3.0551507,95.70767,0.50193477,2.569912,47.865746,36.93334,1.0499855,0.49169406,1.2567804,32.344982
ENSG00000113504,0.24603228,14.130023,44.15538,1.629749,5.1643796,52.48022,2.1651335,449.3498,50.027885,1.5721312,2.6160479,10.366097
ENSG00000113721,6.42549,101.034294,0.90469396,3.3975854,23.556746,14.009566,1.7981108,1099.5248,6.121659,0.47145143,0.0,1.1852821
ENSG00000114013,0.5534883,2.281076,360.73288,0.54901,1.2174853,0.9639896,0.87512493,2.1003025,0.0,3.4834847,2.6160479,0.37718654
ENSG00000114166,258.02133,367.10556,158.28206,62.83754,980.95795,106.47754,67.87503,98.80962,112.39307,50.36078,106.619484,69.650955
ENSG00000114200,9.981922,4.05809,1.4717463,7.7650585,102.67729,0.091147475,5.3355236,4.1956415,3.0485635,0.85390884,0.0,0.0
ENSG00000114646,7.2523804,14.331225,2.7134058,29.250078,163.31815,0.72102946,31.611916,1.380176,11.824023,11.943031,14.4648075,14.559194
ENSG00000114757,2522.397,150.09398,161.32716,498.05722,306.7903,37.368,224.87154,34.647182,63.962242,41.273468,24.88143,433.92966
ENSG00000115041,13.471869,24.664598,1.9846222,18.512985,121.83652,1.1381572,13.665228,5.5318737,20.755184,13.374036,9.749639,12.749005
ENSG00000115194,0.16210677,0.10336032,0.091642134,4.5032306,0.0,0.0,13.212039,0.039433125,0.0,3.8960254,0.0,0.7543731
ENSG00000115252,411.55423,29.681032,41.23074,350.32053,9.564732,8.662241,185.98987,68.80776,5.5375547,11.859717,1661.4761,376.00308
ENSG00000115365,651.96674,82.856865,72.93222,95.48606,92.08795,39.257168,94.76043,71.017395,45.252563,91.338615,73.46341,79.434654
ENSG00000115596,0.032817658,0.10988224,0.8850611,1.3877803,0.0,0.17012113,0.6575327,26.341455,0.0,0.4257295,0.0,0.0
ENSG00000115616,2.160032,2.1104367,2.0940216,8.116177,2.2938266,46.238667,9.442453,13.382031,1.9868466,4.6127434,9.749639,5.7227364
ENSG00000115641,0.47197467,0.6754896,0.22113442,3.002607,0.44322494,2.2378347,1.6413639,65.85446,1.6697531,4.903262,0.0,0.0
ENSG00000115850,0.5280418,0.47728795,0.2052291,0.49930304,0.55252284,0.16490906,0.41411784,0.6998913,0.36039156,0.26833537,6.7191505,0.0
ENSG00000115884,0.08062131,0.021546518,0.39162502,1.8558036,0.28186613,0.031812336,2.079813,0.0,1.6782402,1.4998783,0.0,8.674161
ENSG00000115956,0.24085838,0.95397276,92.22648,0.3577796,0.26970422,1.0546567,0.41956732,0.48627707,0.32648605,0.19907174,0.0,0.7543731
ENSG00000116147,10.157065,191.31665,26.246271,259.67502,4577.381,7.6535783,209.27246,6.231235,33.270348,188.65878,55.874435,87.5654
ENSG00000116396,1.2658896,29.992565,6.3925443,40.064655,8.966175,25.62864,39.957993,21.96994,22.235823,86.96892,18.752075,15.17483
ENSG00000116701,0.43214238,0.5402656,36.398094,0.33884907,0.20431003,0.37205458,0.15749899,0.8110107,0.2683944,0.63464576,0.0,0.0
ENSG00000116833,0.7046928,1.0003986,0.76849276,3.1128318,1.0643243,34.040924,1.0803821,9.301123,0.94277257,1.0177592,0.0,2.0691226
ENSG00000116962,0.9813223,34.455944,1.5135193,1.6300693,14.801578,39.805798,3.7716978,539.72,5.5303273,12.046582,0.0,0.8838403
ENSG00000116981,0.07500797,0.8663587,0.2992902,1.4137639,1.295848,0.0,1.5679055,0.0,0.7764883,1.6994127,11.108906,1.6382135
ENSG00000116985,2.8009856,0.31456497,0.8448339,0.47856903,9.954787,0.5933093,0.4149739,0.0,0.0,0.0,0.0,0.8838403
ENSG00000117016,1.7639172,3.7811136,3.2174933,47.829773,2.7139482,3.265892,44.4894,14.077972,3.3777795,140.6542,19.029919,25.864393
ENSG00000117266,1051.5239,57.693752,91.53269,37.134243,22.664528,22.672411,37.63407,28.06073,20.78063,10.910548,15.696287,22.36186
ENSG00000117501,0.56243855,1.8672992,2.0788252,0.9092462,44.933018,6.3449955,0.37159908,2.6176355,2.217144,0.20801437,1.2567804,1.9396553
ENSG00000118271,0.08280287,0.0,0.07969128,0.093132906,0.0,0.0,0.072660066,0.0,0.45824283,0.2298657,5.1296086,0.37718654
ENSG00000118276,3.6417735,16.459269,2.5203145,81.14557,66.870804,3.3274574,103.73359,3.9233475,23.853563,394.37616,84.278305,125.747215
ENSG00000118307,2.2920034,26.176172,1.4958539,32.506405,4.9921618,2.9291594,32.463825,1.4967728,514.47437,13.671605,2.0515513,20.940073
ENSG00000118492,0.64178824,5.461968,2.2122626,1.423545,0.92507863,0.875382,1.3096951,0.38435057,977.1833,0.23492137,0.0,0.7543731
ENSG00000118513,0.24086738,0.18915515,0.1074893,0.83929825,0.31019685,0.089550525,1.305113,0.16408044,37.947666,0.13032983,0.0,0.0
ENSG00000118777,1.03869,1.5570022,5.7323895,1.6904072,6.173726,733.5098,1.6284183,207.90338,0.30819616,1.3466791,0.0,1.5087461
ENSG00000119125,2.0695238,2.7535203,0.5227635,38.405167,1.3842368,1.136832,21.209799,1.5937276,20.99037,3.9905376,1.2567804,3.071215
ENSG00000119535,0.73195916,1.7330028,311.0015,0.3393479,1.0243115,3.1783898,0.46736994,1.5405506,0.5126654,1.8709154,2.6160479,1.7676806
ENSG00000119630,0.55045056,5.423805,0.18893524,0.7679657,0.039561592,10.295159,0.7970575,130.32977,3.0734024,0.0,0.0,0.0
ENSG00000119927,11.869235,126.766106,11.213582,11.937058,25.13264,24.936876,11.615813,14.704666,15.719307,15.960164,9.232712,13.869759
ENSG00000120049,3.9932153,14.517298,9.797842,40.37096,6.5428085,2.7170808,25.613922,3.2629943,5.351811,136.95984,10.027483,13.007941
ENSG00000120051,0.3993707,5.5639186,0.5230557,3.2020142,0.20317702,0.97927725,2.3494375,1.8592243,172.0815,6.2056055,0.0,0.8838403
ENSG00000120057,0.08341327,7.535744,0.07598848,1.0788859,0.0,0.3607291,1.437213,0.16408044,0.6868561,0.09953587,0.0,0.37718654
ENSG00000120156,1.7907883,2.17647,1.4316894,11.459499,78.88807,277.23306,16.488674,64.99722,1.8654133,3.0174575,25.765226,0.0
ENSG00000120215,0.8378666,0.5799559,1.3034444,0.54939896,0.6669025,0.74655443,0.57614917,0.40017977,0.84765923,0.36136422,12.882613,0.0
ENSG00000120278,234.64342,291.1565,44.98705,29.519545,13.732858,1149.1537,30.254744,323.54642,185.38371,122.9281,4.565112,19.000418
ENSG00000120279,0.0642727,0.17533655,0.43032897,0.10530002,0.03169403,125.16455,0.047229778,33.382225,0.0,0.15334985,0.0,0.0
ENSG00000120280,0.114574574,0.24971507,36.678413,0.25590745,0.07335148,0.36163047,0.10575498,0.039433125,0.0,0.0,0.0,0.0
ENSG00000120875,0.11201345,1.2429624,0.85789967,2.0018213,4.5640926,0.36139598,3.4310553,0.9558264,0.26351362,1.5858593,3.8728282,12.296075
ENSG00000121068,0.5318064,3.8595414,0.22113442,0.19810581,0.1934703,6.516539,0.17628999,238.14249,0.870793,0.23492137,0.0,0.0
ENSG00000121361,0.04525822,3.0135338,0.23206311,0.35346824,0.7057607,7.3714604,0.3867674,78.757195,1.2503468,0.26833537,0.0,7.9321327
ENSG00000121742,0.43082345,59.479427,1.1242831,0.29061237,0.43174896,2.2039366,0.24560098,0.90554833,2.7646828,0.3668321,0.0,0.0
ENSG00000121895,2.6637168,2.4758449,325.05963,1.2820239,0.6709339,3.4121506,0.98942065,4.6518126,1.1084554,1.6613522,3.8728282,0.37718654
ENSG00000121905,0.5728111,2.530337,0.9173325,29.042051,7.3173704,0.64520985,28.352919,0.99676394,0.46897775,148.06813,9.797208,4.1602674
ENSG00000121933,4.1300163,1.3498361,131.66768,1.1880482,1.2549186,1.8765677,1.5385567,1.1703392,1.7481663,1.0093644,3.3083317,0.37718654
ENSG00000122122,0.21904793,0.5147162,58.05451,0.47180006,0.07125562,0.50492436,0.33492443,0.2501912,0.0,1.0963457,0.0,0.37718654
ENSG00000122254,0.7132824,2.860554,3.5500746,57.788456,0.9065869,31.152391,44.322273,9.5145,0.0,213.72684,0.0,9.644554
ENSG00000122367,389.73242,23.987524,30.39196,6.047856,5.937165,3.606311,3.8998053,25.780214,3.8084717,5.6648293,4.667599,5.5712466
ENSG00000122585,0.16677664,0.37953845,0.37648657,5.7537975,0.21605617,2.5662403,33.86459,1.3862249,0.10273205,0.0,0.0,0.0
ENSG00000122641,0.21250369,8.541764,3.1761599,2.2471578,23.40051,1.1991299,3.9902506,4.8347917,7.4610267,1.8074286,0.0,0.0
ENSG00000122644,11.342625,1.3696383,3.9072664,4.076794,13.517389,77.72787,3.5719962,20.231016,8.717215,0.56259835,0.0,6.0574155
ENSG00000122735,0.6447868,10.315393,0.1801836,14.991241,1.219285,0.5457453,14.453724,0.5883992,484.1631,4.2425156,3.3083317,18.66574
ENSG00000122756,0.7932195,91.76245,1.5762737,15.0432625,16.033218,3.507477,27.153454,2.921615,17.839947,12.474908,34.1409,7.7269206
ENSG00000122786,203.38463,97.46816,18.786654,105.64294,130.27954,354.48257,116.87627,2094.0732,42.053684,139.34384,193.864,159.79828
ENSG00000122986,1.7022948,106.75872,32.344517,2.0542796,8.631015,15.315252,2.236107,38.040104,34.224766,0.6009029,1.2567804,1.5087461
ENSG00000123191,4.7197633,12.123617,4.3112316,32.252777,15.398037,174.08992,28.287172,40.325855,12.289028,38.519176,45.018074,25.046618
ENSG00000123338,0.49609426,1.8106726,282.40204,1.1183168,0.66293293,1.3682839,0.90693766,1.9095397,4.345292,0.50577146,5.2320957,0.8838403
ENSG00000123500,4.456291,0.9487886,0.46118733,4.6168013,0.5439486,1.9311454,3.563855,0.21937165,2.2933152,21.747849,0.0,3.8793106
ENSG00000123560,5717.963,275.37524,430.4573,70.74535,169.95058,148.706,61.148888,150.54305,76.341095,53.463036,101.24165,64.969025
ENSG00000123643,18.6071,19.036667,40.47298,28.814959,41.71028,3.4906564,26.08831,16.983278,7.0132065,5.7619042,178.19177,24.00975
ENSG00000123977,0.17409383,2.9376562,0.10450394,10.250149,0.038518306,0.14259832,4.705106,1.4599274,224.62436,3.036747,0.0,1.1315597
ENSG00000124145,4.0451493,459.4399,9.288552,1.7714877,4.7417126,19.840832,2.5699942,19.609343,69.01289,1.5095508,14.417237,1.7676806
ENSG00000124203,0.7573955,1.0443344,3.7659433,23.355,0.766653,0.8773873,9.342088,1.5076302,0.9456582,0.9122106,7.8481436,11.974148
ENSG00000124251,161.81273,11.388938,18.650026,7.0435133,5.680488,5.336091,7.833002,7.696448,11.694643,5.083139,3.3083317,7.403456
ENSG00000124493,0.4190896,1.3014476,0.48381618,45.593338,1.2065836,0.6000666,36.47317,0.10968582,0.46897775,94.88255,550.255,15.422549
ENSG00000124766,1.8882025,4.183122,12.535748,18.4816,43.968502,4.438312,21.116983,14.560116,33.006393,125.655045,11.284264,16.349306
ENSG00000124920,359.2259,25.00743,34.382225,6.437381,16.113426,9.705711,5.2853436,12.183035,3.350598,8.241266,3.8728282,11.497658
ENSG00000125266,12.900901,13.034967,3.6571467,20.884792,3.9083352,183.32884,22.715721,51.684048,17.813286,8.13111,31.340687,11.541702
ENSG00000125285,0.57268184,9.196556,0.43880302,0.33297896,33.881317,0.14259832,2.7622354,0.0,11.05917,0.09953587,0.0,0.0
ENSG00000125355,3.2023363,33.535004,16.871704,36.252625,58.342884,0.5714482,23.610773,0.50953287,17.880764,7.8642287,2.6160479,121.68078
ENSG00000125492,0.06453567,0.12793244,0.03799424,10.140654,0.15164405,0.031812336,0.7230386,0.0,4.5945425,0.0,5.3598833,0.0
ENSG00000125538,0.057659104,0.06890688,28.126823,0.017034,0.22163443,0.0,0.033120915,0.070252694,0.0,0.09953587,0.0,0.0
ENSG00000125618,0.78426415,2.1304133,6.7309237,4.6124926,1.2051151,4.5715146,13.702731,2.4938576,4.0576553,0.2926501,0.0,0.8838403
ENSG00000125851,2.275624,4.3305655,3.7880785,377.40372,100.62399,1.5540214,201.28758,10.895031,4.7644496,78.548935,223.40906,187.67183
ENSG00000125931,0.2650215,0.5543833,0.32283866,5.2501354,1.6525983,0.089550525,9.669306,0.23433313,0.30819616,4.0300155,0.0,0.0
ENSG00000125968,0.6916498,35.66531,1.6111811,0.54959726,1.5335106,583.63354,0.6738867,165.90358,46.134804,0.53901815,2.0515513,0.37718654
ENSG00000126218,0.45058277,1.5814941,0.41240376,1.737923,0.2460503,1.0722082,3.301441,26.940893,1.729187,1.1918765,0.0,0.7543731
ENSG00000126368,2.4597464,31.133669,1.8974713,12.793894,8.388161,18.64842,14.827682,28.836914,19.993908,94.21605,32.52314,2.0154
ENSG00000126778,0.0,0.0,0.0,0.0,0.069666356,0.27024853,0.033120915,17.131796,1.0376555,0.0,0.0,0.0
ENSG00000126838,3.200811,2.3780751,1.3448054,3.1524732,5.605052,12.252239,4.2879033,3.2208602,163.58359,2.1449695,6.4413066,3.6536133
ENSG00000127152,0.47061175,1.5529634,5.2737503,65.308975,38.14853,3.5991037,40.30045,0.9400261,1.2355009,1.618684,5.2320957,8.749906
ENSG00000127252,1.3077897,3.4235597,1.5250648,16.565763,133.8139,0.06362467,16.727068,0.11829939,0.4292181,8.704514,0.0,11.822659
ENSG00000127325,0.45159036,1.4351369,0.94907117,0.7263464,177.32701,0.0,0.77590376,0.34491745,0.10273205,0.8246449,61.252266,0.0
ENSG00000127329,2.9012218,2.1715052,6.7444396,67.0759,0.90936625,929.6158,53.97604,238.8037,2.2717066,41.889366,177.4311,25.122366
ENSG00000127412,21.291203,1.2283063,2.3127754,0.18164541,0.48528212,0.57099855,0.3202711,0.039433125,0.63985074,0.5694064,0.0,0.0
ENSG00000127472,0.20080476,22.041283,0.6103952,0.32905746,0.5568965,1.7266392,0.67892736,0.61150366,0.9587181,0.13032983,0.0,0.0
ENSG00000127954,0.13406016,0.50744486,0.07969128,0.3689388,0.32985595,2.1310847,0.17037018,25.395271,0.2867264,0.0,0.0,0.0
ENSG00000128408,0.0979365,3.3694725,0.5294964,2.0487852,0.18226996,0.031812336,1.5832176,0.039433125,69.51806,2.0745878,0.0,0.37718654
ENSG00000128564,0.8430405,1.2610955,0.66142577,67.03509,3.5502138,1.938823,132.87404,0.0,0.30819616,32.25097,2.0515513,14.690608
ENSG00000128578,0.9874249,15.82396,1.3709604,36.712887,12.740737,7.8600125,25.693953,2.328522,8.156903,100.13153,7.8734436,27.652557
ENSG00000128641,0.5439479,1.9175647,0.88809013,28.473747,0.6980296,130.56009,28.327818,715.87634,0.74715424,57.850483,0.0,41.04117
ENSG00000128645,11.202613,0.4218584,0.3805575,0.14098844,0.340476,0.11867028,0.08020706,0.17219457,0.0,0.20959528,0.0,1.1852821
ENSG00000128815,0.78837717,2.537718,428.79648,3.3198893,1.5243005,0.7708622,0.8407293,12.473998,0.8431989,4.797487,10.464191,0.0
ENSG00000128849,0.99482226,126.67817,58.554905,3.5543213,16.660318,678.12164,4.133446,191.19824,98.35486,7.8640747,1.2567804,10.59487
ENSG00000128917,0.41961786,0.5973737,0.091642134,0.973498,0.2150321,164.84853,0.8771301,38.870327,0.2683944,0.12644286,0.0,0.0
ENSG00000129009,0.055488016,5.2087536,0.15632123,0.099399395,0.0,2.7318118,0.19458431,27.872828,5.22458,0.0,0.0,0.0
ENSG00000129226,0.62768674,1.8153726,82.17344,0.42522833,0.6103806,2.655516,1.3480923,2.206511,0.7364193,0.27979273,0.0,0.7543731
ENSG00000129244,4.298416,455.333,13.29885,50.82703,128.42282,32.541412,76.24558,167.6341,92.376396,143.0229,83.435974,18.052048
ENSG00000129450,0.16623102,0.6720131,65.94482,0.4729284,0.24574083,1.349948,0.24378304,0.5815372,0.19472922,0.39814347,2.6160479,0.0
ENSG00000129514,0.011256164,0.40103838,0.013899013,1.1348413,0.0,0.0,0.77938765,0.039433125,4.4755964,0.0,0.0,14.461427
ENSG00000129521,63.924374,427.57178,11.808575,44.443737,87.91969,18.719154,46.20018,10.3507395,65.38573,24.184137,11.570915,46.18924
ENSG00000129654,0.11774199,6.85979,0.4091096,0.1944287,0.5757709,0.0,0.49941695,0.27466476,109.4183,0.20801437,1.2567804,0.0
ENSG00000129757,272.7108,19.1662,26.784521,5.6434145,20.998495,53.94307,5.240418,56.071396,9.629158,2.233888,11.156475,4.407986
ENSG00000129910,0.05453497,0.15515636,0.013899013,0.24144281,0.25005874,0.0,0.10561195,0.0,0.0,0.0,79.99839,1.1852821
ENSG00000129932,72.13724,7.29066,11.074276,9.220388,5.016014,9.258271,12.725343,12.206056,8.839857,13.661375,11.156475,6.9617405
ENSG00000129991,0.02290861,0.1512629,0.0,0.03790871,0.0,0.27117857,0.2703323,0.0,27.607456,0.5114331,0.0,0.0
ENSG00000130054,0.10892458,1.6816806,0.07598848,3.9872096,2.8782513,0.42840022,3.4029129,0.0,0.776179,18.236471,1.2567804,1.1315597
ENSG00000130287,1.2199687,139.57608,2.5166998,23.907198,7.858001,2.4020548,20.98985,2.696007,14.094664,38.38663,4.1031027,16.488043
ENSG00000130528,0.06073567,0.045024727,0.06579227,0.05343747,0.0,1.9299934,0.0,13.301833,0.09199717,0.0,0.0,0.0
ENSG00000130751,1.5571724,2.158323,1.8701453,12.813064,1.1450492,1.1295104,23.316963,1.3425113,2.8312457,2.7261415,8.954867,10.1087
ENSG00000130787,214.67271,219.73799,28.054438,41.595737,549.3931,76.79472,44.840755,22.412174,62.88929,35.99498,18.030174,35.682457
ENSG00000131055,0.028518297,0.0,0.17326374,0.10321808,0.1014432,7.1175084,0.01038001,78.93084,0.0,0.0,0.0,0.0
ENSG00000131094,0.7507208,13.459794,2.78713,11.256749,151.05052,0.4049422,16.381353,2.46762,7.3665214,2.6662185,0.0,43.87701
ENSG00000131097,0.7666655,1.1959927,1.7935444,0.6741376,1.1705433,83.730156,0.89131063,350.31824,0.77399397,0.4754992,1.2567804,0.0
ENSG00000131620,0.7972067,0.6354889,0.29064453,1.117313,0.70560545,1.5746459,3.7268631,34.303818,0.46897775,0.6825022,0.0,1.5624686
ENSG00000131951,1.4926354,41.36097,1.1729416,24.660128,5.486541,1.05443,30.433838,1.2469417,685.13275,7.414004,5.1296086,15.735207
ENSG00000132256,1.5089774,9.281777,19.615536,12.209335,1.3972306,142.7977,6.060117,38.000034,28.469189,5.886176,0.0,2.0691226
ENSG00000132297,0.15661573,0.35461605,0.14145818,1.2501096,0.4335044,0.0,1.2808675,0.0,0.58238107,0.20801437,0.0,15.732131
ENSG00000132386,0.37985364,1.1837964,12.926675,3.9210725,0.90302235,0.5317111,3.649251,0.87169844,1.726718,31.52244,3.3083317,3.1249373
ENSG00000132437,0.09948892,0.11491933,0.0,0.32349923,0.1014432,0.031812336,0.062267054,0.0,0.0,0.0,0.0,11.843143
ENSG00000132541,12.369251,61.8924,9.900878,13.716452,15.871267,12.1136055,11.477567,7.1763783,17.118229,9.53783,17.495295,13.719807
ENSG00000132677,0.047294166,0.33460104,0.07670591,0.09130423,0.23974553,0.0,0.10587878,0.0,0.0,0.026906991,29.351404,0.0
ENSG00000132692,6.3260746,112.926636,4.4974713,7.784761,458.51486,6.7953715,14.337437,7.0663958,24.443329,14.469434,7.975931,3.2544048
ENSG00000132702,572.9988,31.903101,48.627132,10.446268,37.818665,16.292522,11.018898,29.410906,18.990713,14.977121,11.848759,7.8660655
ENSG00000132821,1.1436883,2.3311205,0.6153857,75.07404,3.0524955,4.259848,71.154755,1.199738,8.608618,255.45432,3.3083317,35.542183
ENSG00000133019,3.30486,5.298863,3.4703736,494.59015,4.9332237,2.755128,342.33102,3.6464777,3.2240853,187.13362,4.565112,60.752228
ENSG00000133048,2.1455812,465.5364,63.575966,1.7739087,3.5066245,8.654926,1.2860337,6.368549,58.963734,3.1236455,10.951501,0.0
ENSG00000133107,1.2576928,14.27,1.2890854,116.00367,52.139034,20.584862,116.27122,530.9695,8.41329,5.7368994,0.0,24.691454
ENSG00000133110,0.1972219,0.25073138,0.08162162,16.491585,0.038518306,0.0,3.4677782,0.6454967,0.18399434,0.2298657,0.0,2.6515212
ENSG00000133115,0.17236768,0.28263795,0.09552062,0.21095605,0.33242717,0.089550525,0.20892404,0.086097285,40.01007,0.0,0.0,0.0
ENSG00000133116,0.69474506,0.3665732,0.027798027,3.2039633,0.14743678,21.969143,3.0300782,5.7465377,0.0,0.23650226,0.0,1.7676806
ENSG00000133246,5.580196,4.9833913,200.1835,2.864253,2.3243194,3.4260354,1.1685923,2.9227145,9.870011,3.0101867,2.6160479,1.9396553
ENSG00000133401,104.08362,236.41397,44.093372,176.58266,2755.2505,537.8405,180.8196,1051.8395,121.61836,195.37653,51.04943,267.89676
ENSG00000133640,2.4313765,67.70702,1.3516808,29.931507,1.8971325,1.3980923,21.618671,2.5181818,995.8345,8.546587,0.0,18.989202
ENSG00000133665,0.14170776,0.072622485,0.24322337,0.9622768,0.21740589,0.0,0.3472818,1.1023731,56.43572,0.0,0.0,0.37718654
ENSG00000133800,1.5976666,51.67468,11.8147955,1.0335996,0.5470354,2.1272805,0.55364966,5.1919127,8.502007,0.69820213,0.0,3.2544048
ENSG00000133816,26.884209,11.907522,38.88842,59.8439,3.550727,1.7276455,48.742588,16.172895,5.4762635,64.11312,467.0536,16.10118
ENSG00000134042,0.73660225,45.688305,4.6629863,3.1171136,12.883518,8.172787,2.576176,7.2044144,15.267057,2.4601455,1.2567804,0.37718654
ENSG00000134215,1.234561,118.64629,14.929846,116.19367,15.490467,41.35206,79.027084,44.924786,6.869522,482.0375,11.468428,76.1571
ENSG00000134324,71.09132,519.8301,41.623947,105.37969,117.35093,56.802197,117.89067,37.563885,92.82472,89.87474,122.397224,101.87461
ENSG00000134369,275.9103,321.87775,79.73288,230.16231,1030.4009,154.02737,239.63454,139.52893,46.754444,270.3692,27.142445,231.88249
ENSG00000134443,0.015428323,0.11532326,0.18842071,2.1601603,0.0,4.040821,0.7548209,0.38382226,0.0,0.0,0.0,22.265223
ENSG00000134516,9.018395,7.328935,935.16345,7.215553,3.6038094,8.107804,7.727994,3.2180755,2.9023468,15.680774,26.805195,10.593331
ENSG00000134595,0.2711086,0.4585532,0.091642134,0.24143295,7.9178243,0.031812336,0.47383383,0.0,2.0819383,0.0,0.0,0.0
ENSG00000134817,0.50818837,63.825924,1.3505038,0.29851118,1.0011321,6.736199,0.25649765,7.4178715,13.968015,0.7821356,2.6160479,0.0
ENSG00000134853,0.25274962,0.73713666,1.9962448,0.46263745,172.16885,1.7411126,0.40363494,5.330146,0.0,0.15723683,0.0,0.0
ENSG00000134955,0.23788287,0.5337042,23.389093,0.21271147,0.3476993,0.0,0.23788495,0.549017,0.0,0.40708607,0.0,0.0
ENSG00000135063,2.3017335,669.897,4.8386006,17.993116,4.7909045,67.28096,13.865689,23.939983,214.4707,3.631263,4.667599,24.689917
ENSG00000135094,0.40932474,28.84893,1.5728844,0.74080473,0.6805664,1.2357588,0.4435922,2.413315,5.2885847,0.4420852,6.4413066,0.0
ENSG00000135218,7.089085,2.2301598,2.0693858,16.310877,3.351999,1.6003879,9.905968,6.228798,288.28683,6.341811,3.3083317,5.09783
ENSG00000135253,0.3823491,0.8394642,0.5647094,2.4424534,1.1873765,0.18498753,3.2161765,0.1957831,4.0736237,0.5778659,27.570347,0.0
ENSG00000135324,0.5340835,1.4729823,0.18612556,47.8688,2.6558592,0.63097763,44.34817,0.23576665,27.593983,30.33879,35.88353,98.837364
ENSG00000135903,1.4457641,17.985256,0.9723297,0.53059137,90.71177,0.5317111,10.927771,0.19633351,10.339907,0.4558444,6.4413066,0.0
ENSG00000135917,0.368487,12.5699215,0.82631785,7.3553147,11.086628,242.39511,8.461578,57.267513,1.6479032,11.84615,0.0,11.994633
ENSG00000136114,3.591979,4.49555,5.4815426,5.0084176,10.748294,53.67466,4.4879203,11.300078,2.8751583,6.954587,6.4888763,4.8388953
ENSG00000136160,1.3354262,206.61787,6.022127,3.8161478,11.910657,10.058539,2.5330462,42.833458,44.825706,0.68234485,6.4413066,0.0
ENSG00000136244,0.019813852,0.10336032,0.281935,0.0,0.0,21.647963,0.0,5.551303,0.0,0.0,0.0,0.0
ENSG00000136261,24.189156,10.711496,26.736292,27.309221,24.702374,22.790749,29.627678,12.079504,4.6480703,64.34744,27.937218,28.569227
ENSG00000136541,405.26886,17.261486,35.629818,6.3038945,11.504847,14.09494,4.3800626,9.405801,2.2930436,4.2255325,14.981734,1.6382135
ENSG00000136542,0.08123827,0.021546518,0.03799424,0.08937228,0.07125562,0.0,0.19131427,0.17219457,0.3188674,0.0,30.061638,1.6382135
ENSG00000136698,0.043885626,0.09972465,0.03799424,3.0646734,0.034833178,0.0,6.748578,0.0,0.0,1.6197996,3.770341,2.5220537
ENSG00000136750,1.6211544,3.3124113,1.4948616,47.62208,1.2972058,0.76005083,380.38574,1.8306732,3.63794,847.0081,4.1031027,88.55325
ENSG00000136867,144.75618,8.824447,21.858501,2.6257508,3.683502,6.0731325,4.2504807,7.94857,3.75476,3.7004147,4.1031027,0.37718654
ENSG00000136944,1.0695052,4.3603,1.2342316,9.71869,0.27771,1.4054615,2.77046,1.1458129,13.720123,1.7238293,0.0,122.97544
ENSG00000136960,1084.0347,51.459244,80.86121,19.507189,35.861317,50.428555,18.19674,25.825525,41.065697,11.015694,28.5789,19.806976
ENSG00000136999,0.13304263,0.12638836,0.14741388,4.2720985,0.1014432,34.580505,5.514795,6.8695674,0.8127804,0.026906991,0.0,3.502124
ENSG00000137098,4.552036,12.699494,2.1587806,3.025551,3.9419603,0.5033274,2.9384959,4.0357533,270.4496,1.5678399,9.057354,3.5353613
ENSG00000137203,0.13086861,0.093479015,0.0,2.383222,0.42815349,0.0,6.870526,1.1272537,0.0,0.0,2.0515513,0.0
ENSG00000137252,0.5750749,0.7012751,0.6159603,25.716461,0.38717806,0.095437,39.51721,0.575244,0.8315328,14.434651,6.4413066,18.124718
ENSG00000137267,13.024528,25.079199,6.395928,76.876915,13.634879,16.0552,110.508026,24.77641,14.606878,39.530235,20.802166,49.517853
ENSG00000137393,0.89321864,31.800234,193.39647,4.662098,12.023285,833.19653,5.7865815,208.37373,24.399145,2.6122088,1.2567804,40.064217
ENSG00000137463,0.44738674,1.0677412,0.21841069,2.0032513,2.7080667,0.1967214,2.7380514,0.6526595,1.1052818,11.287644,4.1031027,2.0154
ENSG00000137473,6.951123,17.849934,1.1918396,18.377245,4.6507497,0.7779472,2.8782232,0.2665862,733.0687,1.229147,6.4413066,7.4254785
ENSG00000137558,2.5767174,1.7935772,0.5246655,5.3157463,1.9342923,1.0665601,4.409897,3.0490465,1.1929193,3.7185168,4.667599,14.493127
ENSG00000137561,0.3659791,66.145164,0.43132362,3.380147,14.446397,1.3147904,5.896159,0.64587396,14.479733,1.4051881,0.0,1.2610269
ENSG00000137691,0.7451378,8.696834,0.08339408,8.441741,4.014407,0.27453804,7.015857,4.6917796,117.58506,3.5752876,7.6980867,7.9970703
ENSG00000137801,0.049457308,0.16521406,0.8818224,1.0759492,0.0,1.055626,1.3350627,41.936428,3.9059196,3.9953175,0.0,0.37718654
ENSG00000137809,1.1978873,1.5264474,0.76909214,1.980692,0.5920952,2.2194045,0.91525835,90.76091,21.162212,0.107627966,2.0515513,0.0
ENSG00000137819,0.6078679,0.63677526,14.27387,0.65598327,0.26684827,134.86766,0.9833618,36.14499,2.7306771,4.0254602,2.0515513,0.7543731
ENSG00000137834,0.38634655,19.034964,45.429047,0.7036276,0.9691768,399.7916,0.55899316,115.226074,30.23017,0.4705731,0.0,1.9396553
ENSG00000137841,0.48745307,0.7817156,128.00189,5.875023,0.75127184,1.0171275,4.1344457,0.4782139,0.6395208,1.1883199,0.0,1.1315597
ENSG00000137872,79.279976,133.30101,53.331497,253.40825,36.568455,7.330029,372.0456,46.026676,34.20672,4.5196466,2.0515513,1306.206
ENSG00000138030,3.6834145,2.145442,1.7060221,4.0951023,3.1854918,5.140204,4.203432,4.8427243,1.2817581,3.6099944,28.381275,5.7007136
ENSG00000138083,0.5178602,6.5528293,1.0513939,5.057818,4.5942807,1.0331508,32.842453,0.39841357,14.59095,0.0,0.0,0.0
ENSG00000138100,0.3184238,0.51831174,0.16834804,2.614908,0.3488011,0.0,7.858927,0.07886625,3.0323246,5.2596254,0.0,1.1315597
ENSG00000138161,3.2505746,0.73038155,2.147076,3.6057136,1.267608,1.8073426,3.369474,0.65810144,0.45824283,3.0314507,2.0515513,7.9970703
ENSG00000138356,4.120392,1.0079492,1.7494689,1.8578773,16.351042,0.53918624,1.2987405,2.0809474,2.7761722,0.09953587,2.0515513,0.37718654
ENSG00000138395,0.6894193,1.3363636,0.79053915,2.1964998,1.4368907,1.7352898,1.7567265,2.7091615,1.334416,0.44451666,0.0,6.164452
ENSG00000138606,3.336061,6.8595166,7.5582213,16.807558,17.960913,19.580172,21.774633,13.432552,4.177189,13.317256,116.80707,20.615072
ENSG00000138653,0.7473269,1.3702003,0.9858818,132.28778,2.5256538,0.7464845,83.51763,0.23576665,0.09199717,53.20171,0.0,67.71827
ENSG00000138675,0.06263702,0.10405031,0.0628069,5.7182965,0.20901197,0.0,4.7696424,0.0,0.13175681,2.4459043,141.40073,1.2610269
ENSG00000138735,31.7523,25.686201,16.376959,52.625484,34.66891,20.758,62.077236,291.7653,34.889088,31.704205,42.556572,41.696957
ENSG00000138741,0.33969465,1.5386008,4.9478884,22.794466,30.867725,2.2706757,26.284332,281.8519,6.5427465,1.2187835,6.1546545,48.228916
ENSG00000138759,2.2499762,3.656671,2.8477569,196.02588,4.1955967,102.851204,156.25699,52.112526,1.7431593,456.9986,2.0515513,106.74941
ENSG00000138772,0.17096499,0.4367751,0.97228914,5.6178737,0.50374544,345.15747,2.8228662,77.41968,0.2683944,0.16144195,0.0,10.0866785
ENSG00000138821,1.8592601,27.513292,5.141125,13.264395,9.524771,217.2684,8.4010725,62.67173,19.812319,11.366279,21.782562,2.3705642
ENSG00000138829,1.8204273,7.93734,2.144233,58.51951,19.84001,1.4307047,57.71268,1.5450959,52.789116,178.43523,0.0,45.47655
ENSG00000138835,40.030582,20.99257,11.534426,15.624253,4.76133,197.48122,10.613346,54.842052,51.899944,4.798993,5.1296086,12.371819
ENSG00000138964,0.5019521,0.73762226,144.53917,3.415776,0.6566545,2.1391034,1.9760453,3.2862465,0.6153974,0.8699943,3.8728282,1.5087461
ENSG00000139287,0.768652,0.8395169,0.4923949,5.0172777,1.1839694,0.71586645,3.1382644,0.070252694,1.1267669,0.8258503,0.0,2.7697732
ENSG00000139329,0.017156076,0.0,0.0,0.13263416,0.0,1.3535277,0.01038001,9.669506,0.0,0.0,0.0,0.0
ENSG00000139352,0.50166047,11.584878,0.7411135,1.0986958,134.82393,1.9944278,2.8695307,2.3332157,18.294933,10.511606,0.0,0.0
ENSG00000139364,14.893942,30.9326,7.947307,266.41382,223.17569,1.360125,260.34134,4.0485487,24.09173,42.932217,46.42491,672.6113
ENSG00000139514,25.740278,29.683123,36.335667,32.413544,32.43894,885.66833,36.99183,202.55997,12.749544,31.406134,22.474846,37.26582
ENSG00000139874,0.10447383,0.17083952,0.41890603,5.2092056,14.901412,2.885964,5.4954247,0.39929667,0.63985074,0.09953587,0.0,4.7631507
ENSG00000139899,0.49822778,0.53269786,0.5046302,0.42268336,0.11081722,0.40226996,0.6648973,1.2173806,0.2054641,0.0,30.77327,0.0
ENSG00000139988,0.29695407,0.12946022,0.35466433,1.2378366,0.29152274,0.0,1.2330188,0.46555823,0.26351362,2.938689,0.0,7.0579705
ENSG00000140030,0.15720476,0.19559763,73.68051,0.05050463,0.3125986,0.05933514,0.05638828,0.7450972,0.0,0.42893744,0.0,0.0
ENSG00000140057,6.351167,4.1993957,2.161861,10.882768,1.2340841,3.1560926,6.967493,0.8190892,180.63577,0.62866044,0.0,2.8992405
ENSG00000140090,2.7090864,415.2745,13.138196,41.789623,19.452583,5.509625,20.56639,2.569267,141.91797,5.310659,17.447725,25.703226
ENSG00000140287,0.58634615,0.5223949,0.28484443,12.4814415,0.5041635,0.27569506,38.19178,1.1608443,0.8837918,0.28262356,0.0,0.0
ENSG00000140470,11.162083,50.286915,48.288464,15.708962,648.16254,9.760322,23.002602,26.675268,107.288536,21.503231,2.6160479,24.366045
ENSG00000140479,1368.1129,64.54893,76.15327,20.355742,44.322403,12.758012,21.006866,29.191404,42.0689,47.39414,39.21845,6.671106
ENSG00000140481,0.719986,0.9732828,0.99032915,0.7394396,0.6779919,0.653074,1.0361991,0.23433313,46.028095,0.080720976,0.0,0.0
ENSG00000140506,0.063734725,1.110217,0.03799424,0.11317264,0.0,0.031812336,0.157193,0.039433125,0.26351362,1.4497528,11.848759,0.0
ENSG00000140511,0.19628876,0.3974455,1.919133,0.25361025,0.13313723,31.425976,0.0,6.4471545,0.19472922,0.6671579,0.0,0.0
ENSG00000140527,1.086423,8.237023,0.49600267,2.7026267,2.3950121,0.7512735,2.105486,0.4940364,145.61462,0.4359734,0.0,0.8838403
ENSG00000140545,34.929153,47.46168,12.197068,2.351789,11.593917,41.201046,1.4936948,266.30264,27.550808,4.3845415,0.0,0.0
ENSG00000140678,0.7544363,1.1461711,316.98276,0.7734297,0.6976022,1.613228,1.3001384,0.5628777,0.10273205,0.75911564,2.6160479,0.8838403
ENSG00000140749,0.72176623,0.99141425,46.873398,0.6976615,0.66825944,0.6596965,0.3254028,1.4391612,1.3711016,0.50860226,1.2567804,0.7543731
ENSG00000140795,1.3639145,2.3784602,4.5848675,2.3079445,0.926519,1.6914903,2.330404,1.8112308,227.68686,0.79502857,2.0515513,3.502124
ENSG00000140859,46.33887,58.248264,26.116816,34.085323,37.51756,30.895205,37.50496,43.79555,30.680786,235.95493,5.2320957,16.791021
ENSG00000140945,32.653446,12.55433,20.561365,318.46304,438.7755,10.357128,391.254,6.9162593,16.583952,1107.5266,2.5135608,302.24664
ENSG00000140968,0.17207827,0.7929714,144.48314,0.25857463,0.42548534,0.11867028,0.16566767,0.29685536,0.0,2.0109382,2.0515513,0.0
ENSG00000141052,0.9218185,1.4033397,0.9743523,0.9474558,1.1148486,1.4931947,2.190451,32.56931,1.8855873,0.59631336,0.0,0.0
ENSG00000141294,0.44262516,1.4994365,0.6879211,0.47966862,0.2216437,0.27117857,0.60850996,0.27466476,73.5927,0.0,1.2567804,0.0
ENSG00000141433,0.24079904,0.3424265,0.7266349,36.29161,0.4764679,5.9781246,7.030487,0.68167645,0.0,0.26065966,2.0515513,17.654377
ENSG00000141469,4.548937,1391.9186,10.596785,3.67671,8.056191,8.542769,3.2789404,10.067398,267.05066,2.961043,11.6184845,6.303597
ENSG00000141485,0.19275069,14.970613,0.58497643,0.105622716,1.0463079,1.9892167,0.3526541,1.5712718,0.5126654,0.20959528,0.0,0.8838403
ENSG00000141506,0.7859213,2.097652,408.08362,1.2826163,1.4660068,5.9959245,0.7253566,3.0772905,0.3662457,1.3518119,10.464191,3.8368034
ENSG00000141542,234.85947,35.636745,30.074282,29.346346,26.31674,13.66409,22.98615,16.979145,16.307238,34.65368,46.91957,26.306107
ENSG00000141639,3.2262528,720.8024,8.779939,34.277004,33.496433,10.188979,38.94103,14.52174,269.8918,151.71397,118.19051,11.918889
ENSG00000141668,0.2659484,0.30275905,0.08988749,30.374434,5.3280087,0.1967214,5.1227374,0.039433125,0.0,0.0,0.0,8.24479
ENSG00000141744,0.62620133,40.05788,0.9895512,2.6561642,0.7210745,5.1403737,3.464885,5.0891814,13.750796,5.837196,0.0,2.6515212
ENSG00000141968,1.045841,1.6154679,215.55937,2.4787068,1.3253297,2.6585526,3.7014465,2.16969,0.8110158,1.0373275,7.283647,4.4617085
ENSG00000142273,0.2678068,0.17988768,0.48494217,0.57261616,0.30510923,0.06362467,0.24108987,0.46555823,0.45062423,0.5393962,6.4413066,0.7543731
ENSG00000142319,0.3075836,0.446653,0.271801,2.0852966,0.2761347,0.2242442,1.5356369,0.0,0.7680609,0.0,0.0,226.62285
ENSG00000142347,4.9749417,7.026589,480.3429,3.1695173,3.5181239,22.680721,2.9088528,20.276352,5.259112,2.3327494,11.570915,8.621976
ENSG00000142449,0.8276335,1.1242713,1.3690034,1.2702937,27.95677,1.5445184,1.3797438,2.4090607,0.4077483,0.34413022,0.0,1.1315597
ENSG00000142512,0.24291448,0.66388917,85.57547,0.46576497,0.15068522,0.031812336,0.3087287,0.40159866,0.0,0.361392,2.6160479,0.0
ENSG00000142530,1.1545393,0.7657528,0.4450176,4.1323147,0.6020339,1.846405,6.9971714,0.65037286,2.27787,3.7369964,0.0,1.5624686
ENSG00000142583,1.2363719,3.2334633,366.54916,2.3456433,2.47916,1.598333,2.5842822,0.61093783,1.8779901,3.0836577,4.667599,3.502124
ENSG00000142621,1.8450859,7.813068,22.395447,9.451692,2.4242136,1.7388947,6.646655,11.739283,423.06113,1.921642,4.1031027,5.5712466
ENSG00000142700,1.6640518,0.093479015,0.0,3.0375717,0.48022994,0.0,0.24505864,0.0,3.0323246,0.92418087,0.0,10.271405
ENSG00000142748,0.047802642,0.0,0.16324323,0.23129398,0.06338806,7.6084476,0.0515458,1.5169857,1.1280628,0.026906991,0.0,0.0
ENSG00000142765,0.08575336,0.36938664,0.8308123,1.4553715,0.29529068,1.485629,1.2944676,0.3526835,1.0504491,0.9497814,19.594416,0.8838403
ENSG00000143032,0.1326902,0.16696934,0.0,2.8907778,0.079123184,0.2544596,0.5446115,0.0,1.8392322,0.0,30.967705,0.0
ENSG00000143036,2.4920764,68.28883,0.85288185,5.826946,6.9215713,2.8979294,9.60912,7.399,17.262348,1.4179232,15.3961735,4.537454
ENSG00000143061,1.713832,2.7374392,0.51995105,23.573822,2.1189191,1.9028739,33.620266,6.8055086,13.775002,212.72342,0.0,12.512094
ENSG00000143119,0.66580224,1.7799519,314.93906,0.604049,1.2352742,1.4523242,1.6435227,2.691242,0.2683944,1.5272015,2.6160479,0.8838403
ENSG00000143226,0.7844938,1.7128466,234.77759,0.2910298,0.6248103,2.010726,0.253604,2.7137659,0.2683944,0.91686994,0.0,0.0
ENSG00000143340,0.26067615,0.71521807,0.10378651,21.03545,0.39854822,0.1967214,10.400168,0.34491745,0.85565627,3.9393654,2.0515513,1.2610269
ENSG00000143341,2.2247293,1.6001018,1.387287,33.01259,1.3638924,238.66722,28.192244,64.33317,10.074163,65.95436,2.0515513,0.7543731
ENSG00000143355,0.19794096,0.22141148,0.24493589,43.14249,0.16472197,0.14888567,0.40014535,0.19633351,10.711648,0.026906991,0.0,0.0
ENSG00000143494,0.91878337,0.5698156,0.14918636,10.698653,2.566158,0.06362467,10.296838,1.2996446,2.0454376,91.577446,0.0,5.09783
ENSG00000143502,1.1918274,15.715386,3.6122162,207.02255,114.7399,1.372343,144.21921,1.2483224,10.711279,131.50577,72.150314,69.98676
ENSG00000143921,0.21311563,0.6504365,0.41152927,4.755063,1.1403909,0.0,8.508945,0.19633351,1.0822958,5.309025,0.0,4.3102193
ENSG00000144119,0.024858363,0.7416513,0.4676135,2.9872856,41.68668,0.0,1.7800232,0.27466476,0.0,0.26065966,0.0,0.0
ENSG00000144230,0.6159456,0.7840731,0.5825567,0.31817406,138.86568,2.7051072,0.05638828,1.062919,0.0,0.026906991,0.0,0.0
ENSG00000144331,3.253746,8.087573,3.7884817,315.10373,5.733195,258.01855,259.3937,128.53278,6.808591,261.7233,1289.9135,204.85414
ENSG00000144355,0.13994871,0.23643042,0.0,3.881016,0.0,0.22157197,14.294703,0.16408044,0.0,0.0,0.0,0.0
ENSG00000144366,5.349762,10.283881,1.4195632,144.72235,4.665899,90.81623,175.72943,119.0419,97.637596,786.2621,3.3083317,40.80344
ENSG00000144460,1.0403014,2.7181761,3.214553,157.38383,1.7839153,2.767953,139.812,2.6095839,1.2709442,1028.3384,93.13804,404.13052
ENSG00000144596,0.4351246,1.8977016,0.89761525,40.38198,12.779145,2.4095793,74.291824,15.229618,0.42159945,311.58252,0.0,29.885513
ENSG00000144649,1.5018464,32.690792,2.551221,1.1988683,2.4677486,1.4992499,2.0091238,2.696007,9.46838,1.1949915,0.0,1.1852821
ENSG00000144749,71.229385,709.9944,79.64121,10.390555,56.589622,56.584713,12.599262,164.22064,242.61458,7.743261,55.40654,19.667831
ENSG00000144837,0.123324245,0.22702546,1.2454194,0.2482895,0.13627638,139.58669,0.22982708,38.3076,0.0,0.026906991,2.0515513,0.0
ENSG00000145014,1.4585651,1.8571006,6.134694,17.057909,1.3203765,94.70601,18.562492,25.69178,4.08549,4.397721,0.0,19.065355
ENSG00000145242,2.1374469,36.580585,1.7143878,249.44771,57.846867,3.5153456,296.67847,3.0949996,20.327538,3.6797652,8.437941,612.22876
ENSG00000145248,0.09340282,0.30177137,0.17714225,1.3658715,1.0959172,0.20193347,1.8475815,0.0,0.0,0.31058666,0.0,15.36729
ENSG00000145287,1.0402747,3.087264,65.640114,2.0534012,0.7831678,2.1809182,0.9950747,0.6440459,0.46897775,1.2708843,0.0,3.071215
ENSG00000145451,0.807561,1.6499573,1.4088682,141.80284,0.700403,0.31539166,100.052025,1.0816034,1.0369968,12.680592,0.0,318.63223
ENSG00000145491,0.33572027,2.0080898,0.99338144,5.9707255,0.69196546,0.8105036,2.6561685,0.25017774,301.36807,2.599937,1.2567804,1.6382135
ENSG00000145536,2.846399,3.1786845,0.6395088,6.3535886,1.3624091,0.5033274,1.8559868,1.1069146,9.48544,0.85200214,206.5241,2.3925865
ENSG00000145721,1.1749473,34.01956,0.69514835,1.5755576,0.8959151,1.0634935,2.2594526,1.3399098,9.428232,0.18414381,0.0,0.37718654
ENSG00000145757,3.3755171,5.860504,2.9024522,3.7242103,28.198517,0.36163047,3.4707642,3.3439257,1.37627,4.0595555,3.3083317,0.8838403
ENSG00000145832,29.9599,112.869965,3.1802833,6.132175,10.985656,2.1617968,4.172536,1.9479072,39.607105,7.307729,2.6160479,15.476272
ENSG00000145863,0.624587,1.3051108,0.30350226,12.603616,0.7807846,0.12136286,13.309269,1.5579568,1.0253308,15.993584,97.89932,2.3925865
ENSG00000146038,0.9666126,18.155882,2.0533283,19.675653,1.4596901,0.42435378,23.061918,3.7903762,284.06592,4.011608,0.0,18.708654
ENSG00000146192,0.42470777,2.4647448,301.96432,0.43166402,0.49800634,1.0152347,0.10347503,0.7523283,0.4109282,0.90194196,0.0,0.0
ENSG00000146242,3.4728882,5.313378,1.5468433,18.802092,1.3279256,11.388436,6.0591702,12.362804,12.906088,0.0,0.0,7.4888787
ENSG00000146285,0.31325212,0.3470821,6.7899,19.752596,0.29908085,1.4990538,8.138176,0.18855208,1.3254457,1.8800228,2.6160479,11.768936
ENSG00000146469,0.0388381,0.046416387,0.103477694,3.8521354,0.0,7.114154,2.954197,1.0719247,0.0,0.19907174,0.0,47.575485
ENSG00000146477,0.3724582,37.783997,2.518622,7.046985,274.92795,1.6913295,3.996998,59.35944,10.529512,0.23492137,0.0,5.7227364
ENSG00000146674,0.12623087,0.42703038,0.2591287,7.129185,1.232904,166.59352,4.5341005,48.23523,0.09199717,5.6832266,0.0,1.6382135
ENSG00000146910,9.095762,16.368856,1.8497487,4.572144,3.2071183,0.7786913,7.898855,0.039433125,13.027875,1.9129047,136.87993,26.662401
ENSG00000146938,95.28467,82.66941,13.275134,306.5288,870.08246,4.699063,292.46286,4.4700685,21.40034,243.31155,268.67792,168.44157
ENSG00000146950,14.695741,26.274733,2.7377603,10.640484,17.54239,140.83545,10.957033,38.9395,29.100805,3.291415,4.1031027,11.822659
ENSG00000147113,68.37741,5.541599,5.8389454,1.0998762,1.8067058,438.44464,0.8528497,110.862274,1.9535,1.3419212,5.2320957,0.8838403
ENSG00000147432,0.6844287,1.0394368,1.0755339,3.7172463,0.7015967,0.5698513,2.6594124,0.17993851,2.4504113,0.31447366,6.7191505,57.567825
ENSG00000147488,4737.461,193.83325,369.50125,56.324802,70.64163,73.142784,51.37943,42.95727,43.933952,32.77266,464.8791,50.636246
ENSG00000147509,0.94535965,121.440994,3.2241805,28.480848,1.5130173,5.650847,27.866308,2.192045,26.556137,8.14264,0.0,25.790184
ENSG00000147655,4.637078,28.652647,1.9951286,16.864796,1.7932698,0.21251033,16.504133,1.499435,35.53346,3.0722792,2.0515513,292.29996
ENSG00000147676,0.529299,1.0923594,0.43337145,17.960436,0.7284409,0.14259832,16.82,0.56427556,0.7207831,4.490022,78.647934,2.2631195
ENSG00000148143,197.017,252.76176,18.806654,139.98288,707.4947,8.592969,143.4033,82.25876,233.34225,227.78658,174.53273,136.0518
ENSG00000148600,1.9571112,1.7128104,3.1695588,8.654597,7.016418,0.031812336,16.323265,0.0,0.50288326,3.7037697,2.0515513,6.153645
ENSG00000148604,0.18012036,16.943851,0.46675432,0.14007485,1.0433812,0.28627193,0.05638828,1.0545589,4.10974,0.0,1.2567804,0.0
ENSG00000148660,18.553215,536.72284,72.99729,127.445045,76.6941,42.92447,142.12819,53.155178,169.72478,132.50565,54.221165,145.62373
ENSG00000148798,1.4299927,3.7024758,3.1311407,100.02277,3.435,2.098698,146.35022,1.381246,1.5503209,90.20035,64.2307,96.97119
ENSG00000148826,357.92038,18.83651,26.063848,4.7858553,10.140284,9.858841,4.0147433,9.214436,4.4770913,4.3038206,21.88505,3.502124
ENSG00000148908,0.493832,2.371654,225.59628,0.5029671,1.1997757,1.5550141,0.91161466,1.3982772,7.101409,0.6972728,3.3083317,1.7676806
ENSG00000149124,1.4988074,1.9418149,0.7466891,2.265148,2.6376588,1.216198,1.5935696,1.0684329,1.1284525,8.909166,0.0,0.7543731
ENSG00000149201,5.087113,15.525836,3.2146082,3.2290618,7.369864,1.1284289,3.8559668,8.049642,216.63889,3.517934,5.1296086,2.3925865
ENSG00000149295,1.0847895,2.191765,0.5222081,21.806942,0.82266384,0.031812336,9.37775,0.070252694,0.3188674,2.1387992,0.0,211.21953
ENSG00000149506,0.0,0.0,0.08162162,0.2644949,0.0,0.7983752,0.2115805,7.266643,0.0,0.0,0.0,0.0
ENSG00000149573,0.030927991,0.0,0.08339408,0.0,0.0,55.574093,0.0,14.435352,0.0,0.053813983,0.0,0.37718654
ENSG00000149591,29.589111,15.651632,10.217413,7.40708,5.805963,81.26587,7.67997,490.53485,24.537827,14.419985,11.156475,6.325619
ENSG00000150048,0.12068867,0.16446754,22.733822,0.25284055,0.49946997,96.74956,0.072348,24.66621,0.0,0.12644286,0.0,0.0
ENSG00000150337,0.2697767,0.4583977,133.36859,0.117595,0.09841468,0.4882054,0.033462163,0.80239713,0.13175681,0.39814347,6.4413066,1.2610269
ENSG00000150361,2.4689093,9.6615505,3.2552001,483.06308,188.95279,2.2350175,288.6689,1.237403,4.962409,13.120158,1.2567804,2814.4727
ENSG00000150510,399.61008,39.943787,25.460732,14.309369,24.885681,63.5302,14.8134,31.838036,68.92149,30.9738,29.11378,40.455288
ENSG00000150556,0.8662855,1.7866875,0.62701553,50.332462,0.985906,0.7052609,73.01183,0.82045645,0.42159945,276.55304,0.0,0.37718654
ENSG00000150630,0.4026225,17.663948,0.69702893,3.4562156,0.55737156,119.69848,2.0706358,30.476402,28.056921,4.077412,0.0,2.1448672
ENSG00000150636,59.8432,39.832638,50.172695,59.031372,28.637451,22.895325,55.414185,309.5557,50.1286,34.26572,28.399227,49.80301
ENSG00000150656,489.48914,37.4983,47.907345,7.2474003,13.610276,7.560741,4.8687153,10.425222,9.117012,7.420924,7.6980867,7.20946
ENSG00000151491,158.77248,142.83925,414.5374,50.834152,159.10318,247.87447,54.905674,1903.5293,123.469925,138.87926,70.95131,78.958984
ENSG00000151552,840.1469,62.69458,92.9104,63.489635,57.72612,36.033066,64.98402,44.322067,27.63801,63.133007,91.23801,111.35647
ENSG00000151615,0.027998382,0.06890688,0.013899013,6.2943807,0.1908624,0.0,0.386107,0.0,0.18399434,0.0,0.0,0.0
ENSG00000151617,1.3292365,8.184,0.8897776,4.621968,2.8082201,5.4264393,2.4639094,236.68776,3.9485908,0.33603814,0.0,0.8838403
ENSG00000151715,0.5629212,0.6858435,0.725414,1.7076523,0.6758489,22.234962,2.2603178,4.1836987,0.6793226,0.5436014,0.0,5.118315
ENSG00000151789,5.6581273,14.160715,11.539899,632.128,84.334404,272.62955,909.78345,97.24145,10.782426,1025.361,4992.133,663.13495
ENSG00000151892,1.0715872,6.2824306,2.7421134,60.31565,154.21075,1.5944134,38.843063,2.8574283,7.3981047,33.319824,0.0,322.03323
ENSG00000151952,6.7677126,9.305282,12.584507,220.36348,762.7475,7.325619,231.26178,4.37674,7.283889,8.96862,2.6160479,115.53518
ENSG00000152049,1.0963298,61.504276,1.1373347,3.8885477,1.1952581,3.5436728,1.7225255,456.7302,3.5146747,6.0349007,0.0,2.6515212
ENSG00000152154,70.44567,18.999582,3.9650831,70.35776,41.953796,7.8630023,77.04092,3.4553378,14.025206,117.88273,505.05573,46.924664
ENSG00000152192,0.14081827,2.3932776,0.0,8.077336,0.5111161,0.05933514,0.11955786,0.0,0.7764883,0.0,0.0,0.0
ENSG00000152207,0.22397453,0.56300795,0.96354806,0.76747364,0.07125562,12.687979,0.58698344,299.93253,12.6002865,0.15723683,1.2567804,0.0
ENSG00000152495,4.491035,39.399174,9.375274,223.54434,117.630394,4.651124,195.5208,3.3803518,10.600641,237.6844,1641.1504,160.44214
ENSG00000152527,22.90966,24.148975,7.1694994,4.9479136,282.68915,22.020714,6.9844236,54.131886,17.61875,13.689283,0.0,1.5624686
ENSG00000152611,0.11566896,2.8633997,0.0,0.6503195,0.52209324,0.089550525,0.18534923,0.0,109.16512,0.0,0.0,0.0
ENSG00000152760,0.22199863,8.106389,4.6266685,16.529655,0.7171171,12.698382,25.618853,6.899797,303.46405,19.164137,0.0,7.695629
ENSG00000152766,0.073333755,0.1623859,44.015125,0.05010331,0.0,0.16490906,0.061925806,0.070252694,0.0,0.2986076,0.0,0.0
ENSG00000152953,3.0699487,4.8765197,137.77773,41.246216,351.9847,2.3680716,57.48212,5.579414,2.0516431,3.8476098,2.0515513,16.219429
ENSG00000152969,1.5917606,62.741882,2.0602489,123.104225,4.4009533,0.9204924,111.348236,9.604192,7.4180236,45.5261,20.730757,255.61023
ENSG00000153347,0.3147486,8.320678,0.22211348,0.68120956,0.3763808,0.45118096,0.8162129,1.1816849,164.25102,0.8192943,0.0,0.37718654
ENSG00000153404,0.1768983,1.6553798,0.20971154,5.045601,1.9258667,0.4998988,2.1953735,0.7764372,77.028824,0.42893744,0.0,3.276427
ENSG00000153789,0.36067554,0.886018,0.10941964,1.184178,0.13461721,0.0,1.0101416,0.16408044,101.33214,0.7351028,0.0,1.9396553
ENSG00000153820,1.44729,2.9446733,1.7567477,215.16211,35.634926,0.5396359,125.68543,0.87117803,8.3541355,1819.6918,663.30566,7.6940913
ENSG00000153902,40.422226,143.11623,7.624045,6.059215,1.8152,8.335407,3.1120222,28.602068,30.64944,1.3512697,9.749639,3.1249373
ENSG00000153956,563.6075,214.81783,50.405003,1061.3417,454.9047,36.864555,232.10776,343.3105,89.64476,134.12881,330.924,457.6049
ENSG00000154080,1.6811332,53.952602,4.1587048,24.06825,601.2156,2.2824926,44.249817,0.7942293,139.63937,3.6225095,2.0515513,2.3925865
ENSG00000154099,0.6093631,15.229154,0.27601305,22.328663,1.0614578,1.3843528,17.902803,0.8322653,651.1865,48.860138,2.6160479,7.2852044
ENSG00000154127,7.3665648,37.996483,146.95111,59.73644,62.01649,20.667215,89.83801,80.87513,39.184998,82.6497,653.76416,160.69225
ENSG00000154133,0.9956255,3.9565482,2.6274583,0.25376493,0.48461133,205.18797,0.07730433,59.015854,0.36039156,0.20716384,0.0,0.0
ENSG00000154237,1.1705413,4.057445,494.48807,12.762237,23.59483,9.687869,5.7248464,12.587576,1.725597,1.8584893,18.440123,7.1669526
ENSG00000154479,0.3132541,21.296318,0.11961586,8.68221,2.2701426,0.28090712,5.5506663,1.1286002,404.05573,3.3660667,0.0,7.3072267
ENSG00000154642,93.74192,13.413466,11.039098,5.2587466,8.173881,13.609315,4.0541058,14.363476,15.127543,3.3410478,5.9243793,3.783081
ENSG00000154721,3.138427,97.840034,54.466354,11.675157,61.676636,322.31082,9.051055,87.46115,19.59075,2.7094665,10.361704,3.524146
ENSG00000154764,0.047783438,17.065783,0.0,0.67462695,3.0896914,0.0,1.7415721,0.0,4.0485125,0.09953587,0.0,0.0
ENSG00000154856,22.049324,113.585205,26.654108,4.6302395,373.95264,60.51521,5.9853487,62.570103,92.36247,0.6988579,5.9243793,9.202838
ENSG00000154864,513.2742,23.273415,34.997204,9.681742,9.752027,7.6921763,9.4640875,8.791485,16.104774,7.651206,2.0515513,9.019649
ENSG00000155026,0.4824483,0.42661875,0.2786896,0.91942525,0.21226043,0.0,0.80059665,0.50499135,22.07756,0.15334985,0.0,0.0
ENSG00000155052,9.399143,23.006203,8.877071,1040.9198,770.89746,3.1367922,1037.8302,43.87935,22.976225,2728.4897,31.346577,561.72723
ENSG00000155307,1.893385,2.399748,354.67636,3.0697298,1.9071629,1.6335047,2.7802842,2.57135,0.22375397,4.030221,2.0515513,6.4346023
ENSG00000155380,17.14129,22.198164,13.392345,12.385194,19.112867,658.2561,14.0243225,180.31316,55.68517,25.50607,2.5135608,15.863136
ENSG00000155530,5.659468,15.922857,6.3240404,26.18203,5.96889,7.4421163,18.952888,3.869905,386.25034,10.540716,6.7191505,30.338854
ENSG00000155629,1.232298,3.900135,397.0238,1.5256435,2.3953314,1.2200462,1.9127777,5.585033,7.480933,2.4642243,15.696287,2.747751
ENSG00000155659,0.38851672,0.9390036,175.51259,0.088563316,0.38032818,0.93084717,0.09325106,1.4322366,0.60466254,0.99535865,0.0,0.37718654
ENSG00000155761,1.0987588,26.48893,2.311481,24.151842,0.8144624,0.65693396,11.019397,5.284754,1354.7991,6.0322227,1.2567804,13.567908
ENSG00000155926,0.709602,2.8755815,319.45227,1.885009,2.8986197,4.989969,1.2134467,4.866034,10.407148,1.3352838,0.0,0.37718654
ENSG00000156103,3.094196,64.61908,12.304894,312.1711,1974.2964,12.445026,395.74063,68.78638,138.58298,116.339455,183.83685,365.65933
ENSG00000156299,137.09895,142.00475,343.9874,271.67606,359.8331,52.19136,207.45663,16.78582,291.66418,104.32108,2671.9717,137.74754
ENSG00000156463,0.81762904,1.1169152,0.5372953,6.111429,0.87230515,36.729458,1.4235129,6.652757,1.5920756,0.23407082,0.0,0.0
ENSG00000156466,0.013205033,0.06890688,0.0,0.70725226,8.850765,0.0,0.79812074,0.0,0.0,0.0,0.0,0.0
ENSG00000156564,0.92473865,38.73009,1.4745659,126.81558,86.67341,0.7320476,107.5168,1.3381436,4.6990824,403.74643,90.900925,126.934715
ENSG00000156966,0.48726118,0.3175906,1.3976291,0.8594913,56.92491,0.42840022,0.90738416,0.3146329,0.74715424,0.39477822,0.0,0.0
ENSG00000157005,0.5330236,0.39682186,0.5144395,16.390293,0.32769674,1.3830276,62.482323,0.20351356,0.0,2.5304027,1.2567804,24.894312
ENSG00000157212,29.054773,23.815187,31.001043,32.621616,27.614832,16.202557,32.66332,25.796898,24.771248,29.270227,200.11093,31.791931
ENSG00000157303,0.13701592,0.22656317,63.802513,0.34584662,0.23801018,2.3139625,0.38235503,0.10968582,0.3188674,0.0,0.0,0.8838403
ENSG00000157330,0.08690453,4.9793515,0.10554114,0.38569072,0.15164405,0.089550525,0.08966523,0.0,98.76466,0.93312347,0.0,0.0
ENSG00000157388,39.14715,38.671574,314.93167,346.5013,240.52011,4.743437,317.1891,9.07479,67.32237,1233.3779,192.72462,396.95493
ENSG00000157404,4.5381937,21.321938,0.65214866,27.916548,15.411643,7.7365184,23.171242,4.0934734,4.0345373,472.5136,4.667599,6.4346023
ENSG00000157510,0.8640167,0.7276899,0.43456382,1.3239281,4.129536,110.42141,2.3634198,27.689613,1.4502845,0.36945632,0.0,3.2544048
ENSG00000157542,2.239242,5.636587,3.063967,186.88637,67.259,10.048808,145.0827,4.9248123,3.558633,387.86902,204.16205,2116.364
ENSG00000157554,1.011992,1.9850882,2.2932355,3.216339,1.3872412,1076.6434,1.5933228,262.2162,2.140924,0.5715645,0.0,0.0
ENSG00000157613,0.39320663,0.7301632,0.5857076,2.3474011,50.13485,2.723738,3.410501,1.8615261,0.4184832,7.0299997,2.0515513,6.573339
ENSG00000157734,19.383806,2.028538,11.60413,2.3061235,131.40825,2.657831,2.974624,0.8150394,0.09199717,1.3792211,0.0,2.3168418
ENSG00000157766,0.2675048,1.5730278,0.4915927,2.85664,30.985706,1.039085,4.689639,0.4410318,0.5126654,0.39373907,0.0,0.0
ENSG00000157833,13.0048275,55.18427,2.0045407,4.577321,11.216715,2.6296968,3.5054674,5.158565,8.779567,3.3774407,1.2567804,4.4617085
ENSG00000157856,0.8824337,18.252611,0.95251375,10.804578,1.0540204,1.1961201,8.409802,1.7282654,228.25264,4.0133977,0.0,7.20946
ENSG00000157890,3.788884,14.204093,8.828644,53.218006,1394.0569,5.033179,50.497093,2.5300531,16.6973,8.316072,351.69586,7.608669
ENSG00000158089,5.947475,2.8732336,0.86433315,78.996925,4.413422,1.7833205,68.15915,22.517366,3.8359787,728.8263,4.1031027,15.141593
ENSG00000158186,49.76659,350.74014,18.213448,40.55748,61.6063,32.663868,38.670628,29.486437,75.378716,45.74769,38.141518,24.689917
ENSG00000158258,23.799574,19.262184,3.1469038,264.10394,57.13648,3.5935442,235.27545,42.14652,88.69181,77.854805,10.489491,1025.1278
ENSG00000158321,985.86035,1131.2345,1014.47675,1162.1123,256.60336,770.42224,885.3726,900.8908,673.8871,3301.769,1179.2084,1316.1216
ENSG00000158428,0.10995471,6.2948227,0.4504069,1.0952111,0.42633203,0.0,0.989039,0.6541103,93.15026,0.15723683,0.0,0.8838403
ENSG00000158486,2.4958057,4.3480964,2.2990549,4.5850086,3.4977064,2.9092157,3.3163612,2.8292866,423.50458,3.164302,12.882613,3.9550552
ENSG00000158715,66.80318,3.4872744,3.7037377,0.6534695,0.7892549,0.28627193,0.7079529,2.7943964,7.359816,0.75003064,2.6160479,0.7543731
ENSG00000158769,0.24251558,0.9028744,10.338155,1.9291358,1.1564722,74.08612,1.1623744,16.62457,14.901682,0.09953587,1.2567804,0.7543731
ENSG00000158865,1345.4956,78.913086,100.59343,13.11491,20.102468,11.860254,12.318241,23.624016,18.189602,10.20957,30.678022,10.841052
ENSG00000158869,0.44075263,0.9264292,87.35861,0.2054358,0.34019974,2.3290453,0.18077937,1.6915917,0.0,0.09953587,0.0,0.0
ENSG00000159189,1.140778,2.1591027,375.41116,0.52230376,1.2563515,4.6134357,0.57875025,3.233615,1.9398197,0.9496368,2.5135608,0.0
ENSG00000159212,0.31491315,1.5871341,0.15938257,7.8825517,2.6715403,0.20981775,2.580303,7.0538197,214.02986,0.16232027,0.0,1.5624686
ENSG00000159216,38.44901,25.863226,1682.7944,52.095848,14.998699,11.823856,36.338562,42.751873,40.910038,17.76624,48.93544,40.717705
ENSG00000159228,160.298,33.85513,20.721579,10.174399,29.710339,10.603281,10.174208,28.859045,27.216516,5.691659,6.6166635,5.0866146
ENSG00000159261,1.9359668,0.711375,1.1295826,0.951704,0.9033869,9.31051,0.80158275,0.5978958,0.09199717,0.2259787,0.0,0.37718654
ENSG00000159307,0.45209396,0.39598525,0.4960039,2.467288,0.11395636,4.3970494,2.3599012,2.0955927,0.5872618,0.026906991,1.2567804,68.34394
ENSG00000159625,0.29613003,3.4232507,0.24100417,0.54532325,0.22185637,0.0,0.6161701,0.0,100.19734,0.26182836,0.0,1.5624686
ENSG00000159648,0.24609017,0.07754648,0.0628069,1.0609843,0.09841468,0.0,1.2505158,0.35986355,0.2683944,0.6863892,0.0,5.8726883
ENSG00000160097,0.3532405,7.9874816,0.7984078,19.616196,8.056372,1.5211853,31.053875,10.0235,3.9552612,127.85091,15.414125,12.048355
ENSG00000160111,1.9820113,370.11163,5.0277047,5.355971,2.8205268,28.66052,5.3155346,10.0789175,104.232216,0.66806394,0.0,5.216082
ENSG00000160117,1.1281924,0.8657223,1.8195758,1.5059524,0.7527977,0.091147475,1.4485765,0.17219457,0.46312362,0.46004954,14.417237,1.2610269
ENSG00000160183,0.06566202,7.715065,0.06579227,0.20780435,0.034833178,0.17910105,0.07928522,0.6762634,1.7050431,0.0,0.0,0.37718654
ENSG00000160188,0.5382275,14.697973,0.9863481,16.503647,1.1693648,1.6432884,15.226403,1.187096,484.3378,9.748492,1.2567804,14.387219
ENSG00000160255,0.74523586,1.4222194,164.07787,1.293461,0.62636584,2.8610036,1.0306848,1.3344553,0.937312,1.4200013,0.0,1.2610269
ENSG00000160401,0.64957315,2.193291,0.5218232,0.708728,0.23619752,0.15048261,0.66813093,0.79108053,686.56854,0.28367966,2.6160479,1.5624686
ENSG00000160447,0.3991227,0.721636,3.3612924,0.7895477,0.5231575,108.67549,0.68308157,26.87282,0.61632866,1.5729066,11.284264,0.8838403
ENSG00000160472,0.055712666,0.059025582,0.03799424,0.016082255,0.14573321,0.0,0.025404288,0.0,37.216038,0.0,0.0,0.0
ENSG00000160593,0.14618748,0.2854084,3.6721199,0.30524504,0.13324785,0.15317519,0.10096708,2.426184,0.0,0.41760963,18.233688,0.0
ENSG00000160801,0.52630925,42.080914,1.2407504,4.155231,4.74177,34.540073,6.1768894,1103.8123,4.8641434,5.7407126,0.0,9.095392
ENSG00000161381,0.6762594,1.8941677,8.199191,20.754576,3.4821272,11.629378,18.509544,434.60193,1.8189878,26.624874,2.0515513,4.2897344
ENSG00000161544,0.5661948,2.0027966,0.78161216,23.836315,1.3306994,10.13457,43.715866,6.8095474,11.712786,7.4865685,4.667599,9.581562
ENSG00000161609,0.16348438,0.36835796,0.2862093,0.18053798,0.1681504,0.0,0.113669224,0.086097285,0.3188674,0.053813983,11.848759,0.0
ENSG00000161610,2.3486993,2.722574,1.7515289,24.300306,1.465831,1.2494092,4.3446574,1.1599212,3.9800415,2.2772205,0.0,2.446309
ENSG00000161652,0.18425831,0.29139626,0.20106177,0.5779496,0.627084,0.031812336,0.63297874,0.16408044,0.0,0.5586516,0.0,6.303597
ENSG00000161835,1.2370704,0.58189875,11.393712,1.9349536,1.433674,227.07553,0.42937124,65.629486,0.0,0.4566843,2.6160479,0.0
ENSG00000161992,0.0212592,0.0,0.0,0.26594475,0.0,0.0,0.018424883,0.0,0.0,0.0,33.34467,0.0
ENSG00000162004,1.6173607,3.4174461,0.32915166,1.4180665,0.35368225,0.0,1.2800835,0.5493295,50.88679,1.2568858,0.0,1.7676806
ENSG00000162073,75.712555,9.344941,6.5853257,3.2047334,4.199076,7.101479,2.9551103,4.945455,7.187487,4.6722383,2.0515513,0.37718654
ENSG00000162383,0.123503596,0.33568743,0.2977794,0.1162241,0.078079894,79.455475,0.18241209,18.62979,0.0,18.702719,0.0,0.0
ENSG00000162444,20.605318,1.6946378,3.224201,0.83477175,1.5041442,2.370937,0.7179247,3.2005844,0.2683944,0.4257295,0.0,1.5624686
ENSG00000162458,0.68510926,0.87875277,0.65484357,1.9479911,2.9127684,3.7442183,4.971581,57.136684,0.10273205,1.3876616,0.0,0.0
ENSG00000162510,0.9698496,0.29826233,0.31525266,1.0499142,0.83719766,0.031812336,1.0411614,0.07886625,0.13175681,0.0,0.0,18.964514
ENSG00000162511,1.9321042,3.6385496,378.68723,1.8325013,2.4274087,4.851932,0.7868777,3.6095192,1.0494541,1.2197639,0.0,0.8838403
ENSG00000162551,0.31646556,1.6937013,0.7982494,0.2560548,5.2021813,168.14952,0.6409543,41.10835,1.9220864,0.080720976,0.0,0.0
ENSG00000162571,0.17860085,0.21070166,0.09552062,0.23916572,0.35447147,1.4088211,0.3163455,0.11829939,43.998604,0.053813983,0.0,0.0
ENSG00000162576,0.13010019,19.526123,0.11737671,1.0745342,0.61736196,3.313082,2.436539,109.41535,4.51383,2.4664426,0.0,0.37718654
ENSG00000162595,0.43963912,6.1992984,0.76840305,34.569702,3.9865305,1.5462067,50.943836,3.4895003,6.1295986,13.20312,0.0,11.101524
ENSG00000162618,0.31452215,1.015628,0.4199189,0.9591597,0.72822416,799.1799,0.9206526,205.10503,0.32648605,2.0946622,0.0,0.0
ENSG00000162621,0.4128126,0.21271229,0.091642134,2.2243536,0.3154252,0.0,2.2051,0.0,0.4292181,0.26833537,0.0,5.4212937
ENSG00000162631,2.9998019,286.56528,6.078056,543.4109,345.34232,78.296234,211.80591,12.090683,57.743427,131.47922,50.67196,250.46014
ENSG00000162643,1.35891,10.357063,2.793889,3.8790514,2.2214108,0.38532403,3.473488,1.1213846,371.3641,2.9622786,0.0,7.856388
ENSG00000162761,0.24273682,1.4626888,0.15832752,31.76529,0.20402522,0.0,5.304134,0.039433125,8.355985,0.9062165,0.0,193.05687
ENSG00000162814,2.5411863,39.046024,1.6648246,13.085443,4.773724,1.8804172,9.639814,2.038369,757.08905,5.3183208,0.0,14.80886
ENSG00000162975,0.11646092,0.8939835,0.20427884,4.5297527,38.978634,0.1967214,5.1158442,0.5444245,0.5126654,0.026906991,0.0,1.2610269
ENSG00000162998,1.898101,1.5855308,0.37056342,4.4948506,8.512563,4.199934,4.767738,107.02148,6.0432606,6.384346,2.6160479,2.3925865
ENSG00000163064,0.40696535,1.3092179,0.10080114,4.9530377,3.3861604,0.05933514,3.3319242,0.0,2.5638523,0.13032983,0.0,52.1852
ENSG00000163071,0.15837274,2.4528773,0.92595273,4.9307375,0.93527466,2.5746336,7.370611,11.537513,160.93588,0.566943,0.0,5.6690135
ENSG00000163082,0.735885,2.0457516,1.829069,90.0561,6.6857133,495.4704,86.22284,101.10151,35.53421,20.021683,135.07037,31.241234
ENSG00000163239,0.44619292,4.4034667,4.942944,0.766885,1.5192069,74.09388,0.5909522,15.496862,0.5658557,0.547089,6.4413066,0.0
ENSG00000163273,0.98136556,0.29070628,0.03799424,2.4501703,0.31979445,0.0,8.45957,0.07886625,0.0,58.57801,0.0,4.4192023
ENSG00000163331,2.2255952,2.1708782,2.0580795,8.940697,9.29779,0.76771986,11.541682,1.2936058,2.2858863,4.1836004,7.6980867,34.03303
ENSG00000163359,0.34774363,0.48717257,0.7094123,2.0009933,0.18333808,0.8423159,0.81780607,13.541782,0.2683944,0.28262356,0.0,1.7676806
ENSG00000163362,0.23001157,1.9707588,0.19335145,0.17990848,14.0372095,0.0,0.25776583,0.0,0.0,0.37033463,0.0,1.1852821
ENSG00000163394,0.040243696,0.03445344,0.103477694,0.51173836,0.15824637,0.0,1.1441188,0.0,0.0,0.026906991,0.0,9.450557
ENSG00000163508,0.0,0.0,0.06949507,0.3256813,0.0,0.0,0.036849767,0.0,0.0,0.0,11.38675,0.0
ENSG00000163576,6.8314986,11.407111,5.6437697,4.795679,9.246256,0.7697869,4.2187915,2.8537474,166.53972,3.4574769,4.1031027,2.6940281
ENSG00000163630,1.9918286,5.008656,1.0218949,137.13676,3.8423164,3.7576876,215.02315,2.3696795,2.2812781,1739.3269,566.58704,33.634636
ENSG00000163694,2.913962,8.036225,588.9659,6.8559465,2.9318726,9.239467,6.224304,6.164551,23.866535,7.6493692,5.8218923,7.963833
ENSG00000163701,0.6111385,5.3434305,0.8220777,3.508377,2.487688,0.85209566,2.7035294,2.6152506,2.851882,0.8058301,31.762478,0.37718654
ENSG00000163710,4.4287567,1.3252763,3.4562829,8.708921,33.454353,3.7834802,7.1802,19.515789,8.195045,75.192345,2.6160479,1.2610269
ENSG00000163749,3.5305483,2.315438,0.6485145,8.663418,3.4501169,0.089550525,7.3576946,0.7292238,13.179074,0.26340926,0.0,31.596807
ENSG00000163762,1.278219,0.5322599,0.5740144,0.13786861,0.14406113,215.05682,0.41059008,59.015297,0.36039156,0.2986076,0.0,0.0
ENSG00000163793,0.09428761,0.34760377,0.027798027,1.7325062,0.1575095,0.9488124,8.372132,0.0,0.09199717,3.4126124,0.0,0.8838403
ENSG00000163817,0.38397503,0.102416344,0.013899013,1.3030583,0.034833178,0.031812336,0.5789375,34.47188,0.0,0.12644286,2.0515513,0.0
ENSG00000163823,0.16748884,0.30587703,41.30184,0.07553281,0.09508209,0.0,0.02076002,0.41425818,0.2683944,0.13032983,0.0,0.0
ENSG00000163885,2.162216,12.292481,1.6350055,10.131295,1.706469,1.2004414,8.219036,1.643113,397.54578,0.46478707,6.386389,5.032892
ENSG00000163909,0.9115212,18.477976,1.193636,0.11945499,0.3045803,5.0948777,0.1458553,249.64267,1.4011632,0.2567727,0.0,0.37718654
ENSG00000163959,1.8982927,2.3801603,2.5993035,3.5660963,1.285919,2.3738992,5.6925206,1.6524932,3.3526912,2.6757412,3.3083317,1.9396553
ENSG00000163975,0.85345745,2.5962057,3.021769,3.4403336,2.5879376,0.8094347,2.7640107,38.06387,5.2419877,0.8625535,3.770341,2.5220537
ENSG00000164082,0.059497043,0.29766634,0.82921547,8.01914,0.0,3.7250612,4.514653,0.48594436,0.0,0.9355668,2.0515513,1.7676806
ENSG00000164089,1.3015257,298.75272,3.3404083,1.7044549,0.89483887,7.88105,2.8694184,3.8354304,49.498966,0.61003417,3.3083317,2.0691226
ENSG00000164099,0.24396057,0.7266721,0.13127571,8.546121,0.37393987,2.7702112,20.08647,1.4821467,8.72699,133.90865,0.0,0.8838403
ENSG00000164122,3.1286523,0.86508983,0.20283423,0.72801703,5.592792,0.6251216,0.5363963,0.039433125,1.2602514,0.67478174,0.0,12.361012
ENSG00000164124,1623.661,177.16444,185.24094,29.665943,29.08277,37.37595,20.86103,26.615858,119.605545,9.856422,33.041527,14.644618
ENSG00000164181,174.42242,23.67896,14.644398,37.25475,15.013312,2647.4912,39.806206,631.4884,16.044943,17.033333,67.87325,44.418484
ENSG00000164188,1.9230629,464.6047,3.9670668,3.6068733,3.8886163,4.8837194,3.7501218,99.85027,118.87197,67.305855,15.5938,3.5778687
ENSG00000164303,184.26201,8.568496,7.1208863,3.3544805,3.7149355,2.8384514,2.7289188,13.269379,1.2378259,2.0008445,9.057354,0.37718654
ENSG00000164362,0.091699846,0.10903769,0.09552062,0.34734952,0.0,0.4998988,0.37641612,0.0,0.0,0.0,0.0,7.0579705
ENSG00000164488,0.19435018,0.11393161,0.2181641,1.9042237,0.25422397,17.943705,2.8797064,2.8755808,0.0,0.0,0.0,2.1448672
ENSG00000164692,0.12570387,0.17643048,0.027798027,0.14647326,0.0,9.604363,0.17861213,290.46057,0.36039156,0.13032983,0.0,0.0
ENSG00000164736,0.026613804,0.046416387,0.08162162,0.021073835,0.0,35.91483,0.01038001,9.175317,0.0,0.107627966,0.0,0.0
ENSG00000164741,1319.6503,236.20752,98.59314,267.90372,326.68704,422.5828,300.87045,5493.202,58.2446,91.698135,52.528965,344.5627
ENSG00000164746,0.10021198,1.2091548,0.39330006,1.0121481,0.29529232,0.2639612,0.25665095,0.07886625,97.94652,0.28367966,0.0,0.0
ENSG00000164841,2.3598592,8.846996,1.1753374,6.547844,1.7057183,1.4490012,5.286696,2.0048027,5.4415255,3.31807,0.0,63.350025
ENSG00000164850,0.26368082,1.9035627,1.1321368,0.4065283,1.6331161,23.020683,0.71665436,259.42996,0.60073453,0.0,1.2567804,0.37718654
ENSG00000164867,0.13813299,0.37611988,0.7955271,0.4011908,0.24835199,133.59071,0.4227134,31.595507,1.1773036,0.080720976,0.0,1.2610269
ENSG00000164877,9.543295,163.75256,5.096186,20.914011,46.398373,41.91751,24.707104,35.10924,54.36214,11.749875,8.540427,23.665802
ENSG00000164930,4.9490952,22.648012,1.2688386,7.4953246,28.550457,106.42508,10.760882,31.074347,30.392187,6.876274,23.14183,2.3925865
ENSG00000165025,1.1010901,3.2512598,727.5111,1.6025398,1.309302,1.7085903,1.8487892,1.5230209,0.09199717,4.740175,10.464191,8.27649
ENSG00000165061,1.5413787,5.0014443,2.456312,182.59152,49.697044,0.88301814,229.35817,0.72255665,7.4996123,1029.5232,1.2567804,37.39836
ENSG00000165125,8.822782,0.5943205,0.0628069,0.15279955,0.05238117,0.16490906,0.15108338,0.0,0.0,0.0,0.0,0.0
ENSG00000165164,2.6549747,91.061615,5.1718826,32.312916,1.6112596,2.832649,19.305399,1.014351,1319.8557,66.3166,4.667599,23.051704
ENSG00000165309,11.253303,75.703156,2.1973116,4.865038,2.08271,2.588252,1.5516526,0.83315223,1181.9197,0.65326136,0.0,1.1315597
ENSG00000165490,0.46392393,0.8646431,1.4999303,0.4742508,0.35615665,1.5979384,0.59627783,1.1377797,1.0086306,0.64945567,0.0,7.995533
ENSG00000165588,0.13919652,13.5616455,0.18315524,1.4909364,8.940427,0.05933514,16.652256,0.7013249,16.9153,162.03006,2.5135608,3.1469595
ENSG00000165646,1.3450642,0.68658537,0.76910174,8.628815,0.95565295,2.523907,10.035032,0.67399704,1.0289371,1.7935398,0.0,459.57468
ENSG00000165678,20.129345,17.90348,22.590363,41.35002,16.6561,35.263268,61.592075,39.372444,18.635513,34.300613,26.16351,34.91728
ENSG00000165731,0.23202342,8.02955,0.86584985,15.96586,1.3550445,0.089550525,18.065386,0.89478755,0.5126654,0.9278175,9.749639,131.75859
ENSG00000165810,0.32157394,0.7757564,0.58470607,14.288196,0.4858657,600.114,7.265739,136.87599,0.09199717,0.70394135,0.0,1.5087461
ENSG00000165816,0.21135019,0.457037,0.14147194,0.29257166,0.55212265,74.07626,0.19061932,20.373968,0.97352505,0.36136422,0.0,0.0
ENSG00000165899,1.0262631,5.972877,0.52250314,4.5750027,31.130737,2.1334803,4.4448276,4.168747,8.009616,0.8222643,0.0,3.4058943
ENSG00000165923,0.97070044,4.67198,1.616813,0.8106138,0.9999687,1.0233535,0.82927185,2.7585948,109.654495,0.7266154,1.2567804,0.0
ENSG00000165973,5.3852177,6.9160233,4.442834,229.73584,37.87823,2.2153459,365.17023,2.349878,6.985321,1330.5808,0.0,17.480457
ENSG00000166147,274.47354,150.61261,25.824688,154.38116,92.82603,11.40008,179.46458,52.569275,198.5268,821.6322,5.1296086,210.73529
ENSG00000166148,0.029857587,0.0,0.027798027,0.22746013,0.0,0.05933514,0.46221125,6.093588,0.0,0.0,0.0,0.0
ENSG00000166173,116.620514,15.6695595,8.946115,15.088988,11.608204,12.067838,18.52467,12.657075,7.547965,16.106714,7.283647,12.7382
ENSG00000166265,0.30555236,0.91582197,0.7882603,3.7387335,0.42727697,415.60666,3.936505,102.2616,1.7639014,0.31564233,1.2567804,5.840988
ENSG00000166292,0.13448296,4.785738,0.33460787,0.5171766,36.19623,1.1239429,0.4611932,2.5428572,0.0,0.0,0.0,0.0
ENSG00000166407,0.2652864,3.233185,14.564618,6.884557,3.2152803,0.42435378,17.721144,0.039433125,0.7073946,56.9665,0.0,13.880566
ENSG00000166446,1.4405997,43.253178,18.357267,41.499714,31.223448,535.3927,44.672638,121.42673,33.65311,73.689476,152.93288,38.807396
ENSG00000166510,0.32716802,0.60168856,0.50618637,1.7551707,0.4247428,97.35235,1.9146209,21.30721,1.3834584,0.39373907,0.0,11.659953
ENSG00000166523,0.044550743,0.0,1.4516307,0.01628138,0.038518306,48.242283,0.0,11.580094,0.0,0.19907174,0.0,0.0
ENSG00000166573,0.6685275,0.8364575,0.8332584,9.892264,60.397594,0.17012113,9.228118,0.086097285,0.5367888,11.805086,0.0,4.0308
ENSG00000166596,1.3395429,10.97903,1.1599885,7.1433415,2.6417916,1.8407458,6.1959,3.2603316,507.21307,2.8365636,0.0,6.8542957
ENSG00000166819,0.83395636,12.694134,0.3890595,0.5781688,0.6515929,0.3763441,0.72240716,0.61150366,3.022838,0.18922725,0.0,0.0
ENSG00000166825,0.1471309,0.17201321,0.96536106,0.2683303,0.13046107,3.1136134,0.57299715,99.441895,0.10273205,0.2298657,0.0,0.0
ENSG00000166828,0.15411216,0.10685663,0.1256138,0.53729385,0.54259694,0.0,0.34905583,0.40159866,0.09199717,0.20959528,20.62827,0.0
ENSG00000166831,0.3583412,1.6067361,0.57038474,0.853067,0.80794054,9.571085,0.41597432,48.791294,5.5320225,0.49063793,0.0,0.0
ENSG00000166839,13.177002,190.05011,25.324646,55.289635,31.73532,10.131542,50.99208,19.475166,30.79902,5.5838304,31.579771,65.56684
ENSG00000166923,43.80365,3.2956467,3.7962089,0.9786939,2.7784352,0.48528585,1.835135,0.6232908,1.2888443,0.5505637,0.0,2.446309
ENSG00000166928,0.077607855,0.0805721,50.517662,0.016834876,0.10294964,0.4998988,0.24193788,0.47185135,0.0,0.09953587,0.0,0.0
ENSG00000167077,1.8277069,2.2446167,4.230075,4.0951757,1.0388201,2.147834,3.6058846,7.97693,8.149017,25.3093,0.0,3.2544048
ENSG00000167105,0.06424416,0.0,0.013899013,0.0,0.0,9.431985,0.1588,1.7459884,0.0,0.0,0.0,0.0
ENSG00000167123,574.749,55.455112,65.629,27.00154,38.25095,18.677689,25.02226,19.296995,17.595093,16.889109,11.181776,20.28193
ENSG00000167157,0.31513476,0.99136454,0.58231366,0.724213,5.2134695,0.06362467,0.6218462,0.99676394,0.46312362,0.0,0.0,0.7543731
ENSG00000167210,0.6757219,0.31987295,0.521078,2.8385818,0.7820007,0.22853373,1.2311848,0.31409788,0.5426214,0.860433,14.926817,1.9396553
ENSG00000167281,2.040346,5.3599405,3.007163,171.01198,3.3121622,2.0243878,147.51526,1.8788558,4.4193983,272.6111,1416.1897,73.13259
ENSG00000167535,0.27728412,1.371562,2.5002496,20.316133,2.6868145,7.906056,18.744804,6.9619746,5.4509516,50.035576,16.366302,4.4617085
ENSG00000167613,0.79726183,1.4810826,135.77486,0.6579723,1.1776938,1.8131622,0.84788805,3.7575495,0.4738585,0.69740236,6.4888763,1.5624686
ENSG00000167646,0.33499217,0.5892572,1.0286952,0.5787397,1.2076488,0.2639612,0.3159551,0.0,37.04754,0.4429357,0.0,0.0
ENSG00000167701,0.3230314,26.744474,1.095758,0.74001193,2.376361,0.6341715,0.7203502,0.1957831,3.0246036,0.82022154,0.0,0.0
ENSG00000167755,181.39061,6.6264424,12.652878,1.5233033,4.409797,3.9894876,1.0595616,5.443593,0.5426214,1.599825,0.0,0.7543731
ENSG00000167772,7.705252,433.1991,8.8377495,0.8791641,2.6125274,96.52639,2.1797643,162.67259,17.663794,2.1127355,0.0,3.2544048
ENSG00000167779,0.23616843,0.73065436,0.50935996,4.541596,0.806929,20.858284,7.722479,89.66288,2.3794634,0.5774665,2.6160479,0.37718654
ENSG00000167851,0.20943603,1.0219765,91.28533,1.0011276,0.1506024,4.02623,0.61574227,2.6775305,0.10273205,0.32940155,2.6160479,1.1852821
ENSG00000167858,1.5589142,12.591053,2.0600748,3.1713417,1.0886079,0.76888555,2.910681,1.4073306,456.9256,1.2595005,1.2567804,1.1852821
ENSG00000168081,0.6099705,0.8138139,0.6566636,4.334702,0.5568036,0.4920249,22.322649,0.353531,1.418564,2.3759532,0.0,1.7676806
ENSG00000168297,891.9726,88.209564,117.73776,68.77522,152.59358,58.62953,72.25601,78.92654,58.906075,80.60177,138.16924,100.49032
ENSG00000168314,1711.3706,80.35613,136.84065,23.299236,36.596478,36.928535,15.9141245,39.716873,12.584051,18.089428,14.28945,21.950308
ENSG00000168329,0.5454922,0.975641,212.97894,0.63121766,0.8729601,0.05933514,0.657504,0.14050539,1.1365706,0.30913115,0.0,0.8838403
ENSG00000168348,0.019934522,0.11393161,0.0,1.4489139,0.0,0.06362467,1.6109917,0.039433125,0.0,5.1237097,0.0,1.1852821
ENSG00000168389,1.7230929,16.883394,9.800361,2.7324064,1.9886894,337.2064,1.805553,90.61904,12.963423,0.61003417,5.2320957,0.37718654
ENSG00000168418,0.031311065,0.03445344,0.091642134,0.07810568,21.884586,0.0,2.153654,0.0,0.23448887,0.23650226,0.0,0.0
ENSG00000168421,0.39697507,0.82439417,66.787674,0.86627996,0.66109395,1.6552612,0.9876709,0.5556755,0.09199717,0.80720985,2.6160479,0.37718654
ENSG00000168484,12.048169,0.7073033,1.6288434,1.7765969,1.5224862,0.16490906,1.8176849,0.0,0.0,1.3029132,0.0,0.8838403
ENSG00000168502,56.044727,17.421944,25.356731,57.946133,45.774612,8.6700735,67.94383,17.113367,28.498356,19.90066,813.91895,167.84886
ENSG00000168509,0.54197234,0.8138132,0.1526944,0.75639766,0.51346356,0.0,0.5650921,0.50499135,2.1996236,1.0342402,0.0,6.6807837
ENSG00000168542,0.07282252,0.2866911,0.31283492,0.17830628,0.0,0.96447855,0.23129044,26.161932,0.0,1.0797161,0.0,0.0
ENSG00000168589,2.2960737,15.344563,0.37734213,4.942489,1.8118858,0.20822081,4.6659775,1.760922,193.9478,2.7855573,4.565112,4.892618
ENSG00000168621,2.0703626,0.2839548,0.51746804,1.2857652,3.7333982,0.0,0.4763218,0.32186392,0.5126654,0.5382836,28.981674,0.37718654
ENSG00000168658,1.7059045,26.571226,1.5182766,1.8601341,0.7852595,0.81010914,1.8915347,1.4686153,425.59628,1.3668156,0.0,0.0
ENSG00000168710,78.639725,1195.9708,98.5166,69.86632,97.71472,138.39835,84.691956,144.65051,294.26923,107.32228,82.28314,53.130085
ENSG00000168743,0.46454418,71.25146,0.6656103,28.07931,28.067738,11.104893,25.584394,7.857204,16.3342,0.60773873,0.0,196.59358
ENSG00000168779,0.14836921,2.1579607,0.5268909,25.628698,1.3614174,0.089550525,5.1631074,0.0,0.0,0.0,0.0,1.1852821
ENSG00000168843,146.527,159.70071,14.662785,402.19885,17.65745,8.047248,525.32965,2.2835636,42.05268,91.89228,3306.231,280.83066
ENSG00000168875,0.08939707,0.21331407,0.0,0.27964914,0.26694325,0.031812336,9.667554,0.0,0.18399434,63.23651,0.0,0.0
ENSG00000169006,0.8921343,85.24743,2.8885548,1.9454824,0.6284615,9.610018,3.0473838,2.2835581,15.973765,1.6090868,0.0,5.0220857
ENSG00000169064,0.5687364,20.35238,0.684998,19.47991,1.6244937,0.14259832,8.060975,1.1766719,846.64355,1.269891,0.0,14.063756
ENSG00000169126,1.0002134,14.037542,2.7006116,4.706984,8.08592,7.3921537,5.6408963,4.0918355,444.18695,2.141315,3.3083317,1.8859328
ENSG00000169224,0.51733166,0.21495628,2.331404,0.7920425,0.17913081,0.0,0.47989056,0.27519977,0.0,0.2567727,19.499277,1.7676806
ENSG00000169247,350.22266,18.184792,29.480518,3.6427526,5.6845627,13.433967,3.5996652,7.6552706,6.547385,3.780412,5.2320957,2.7697732
ENSG00000169297,0.10920752,0.03445344,0.03799424,0.15787745,10.2483,0.0,0.25525847,0.0,0.0,0.0,0.0,0.0
ENSG00000169313,6.3704906,5.2773623,440.73538,1.9496922,9.166922,0.89334184,1.2166098,1.2400242,5.659445,2.5719333,5.9243793,4.7963886
ENSG00000169314,0.029370693,0.23001504,0.03799424,0.0114783235,0.0,0.0,0.025404288,0.039433125,21.240452,0.0,0.0,0.0
ENSG00000169330,5.8956127,0.86421704,3.010122,14.472556,8.105864,0.28786886,22.761156,0.6287308,0.0,105.307884,22.188194,17.92258
ENSG00000169403,4.104631,1.8995181,128.08571,1.7682903,1.2508461,1.5262642,1.0354488,2.0432825,0.8632533,2.8786564,0.0,1.5624686
ENSG00000169413,0.20753798,0.37501842,40.67414,0.108366825,0.19280583,0.11078598,0.023082154,0.41427162,0.0,0.09953587,0.0,0.0
ENSG00000169427,0.9389829,0.7848926,0.5855105,30.511747,0.62055016,0.18658447,22.003628,0.47876433,0.4184832,3.144298,143.00198,34.108776
ENSG00000169429,0.024229504,0.024572136,0.65009266,0.029314088,0.03169403,7.665579,0.0,1.4626212,0.0,0.69820213,0.0,0.0
ENSG00000169507,0.3084576,0.5940123,0.46045095,7.5326457,0.5457034,9.077047,4.4900713,784.0301,16.032415,0.09953587,0.0,0.7543731
ENSG00000169508,0.22866431,0.8009233,76.89087,0.10848219,0.3164753,0.50921386,0.08768435,0.3045858,0.0,0.99535865,0.0,0.0
ENSG00000169562,106.77439,5.386432,7.2682695,1.1230286,2.3479786,2.1555934,1.5094081,4.2900324,2.3708498,1.3381091,1.2567804,0.0
ENSG00000169758,1.980288,6.321225,4.9796567,44.971874,4.9092927,3.1029594,46.330925,2.171292,18.766,39.77987,390.09448,63.818104
ENSG00000169896,1.0166061,1.6138546,186.55498,0.96407527,1.3072969,1.3003535,1.0869142,1.257819,0.8708719,1.92176,0.0,2.1448672
ENSG00000169933,3.8985145,250.34492,6.8395705,640.5375,31.366419,7.374998,622.5678,2.3121347,300.39954,1588.0369,4.667599,538.62946
ENSG00000170049,0.99470735,1.0989047,3.118245,12.215976,8.341237,3.1424234,17.298449,2.0741878,0.3662457,76.45793,17.447725,2.6940281
ENSG00000170231,1.2289081,2.2633588,1.9001002,3.8642166,1.3743488,0.6202268,5.4186935,1.8824064,75.56929,1.4065552,1.2567804,3.502124
ENSG00000170293,1.1162041,1.5721588,4.207989,8.969869,18.299578,614.038,5.871925,180.62791,10.550703,1.6603558,0.0,28.733469
ENSG00000170323,0.004314186,0.0,0.0,0.028512323,0.0,0.2337458,0.01038001,5.71787,0.10273205,0.0,0.0,0.0
ENSG00000170385,4.0734143,41.377754,21.02785,4.5506115,11.615957,236.58359,4.5310273,69.89917,20.976337,4.4467673,4.667599,1.7676806
ENSG00000170419,0.5655186,1.1910557,1.309485,81.73481,18.525953,0.58404326,116.84492,0.5493141,3.0323246,45.86394,2.0515513,34.099503
ENSG00000170458,1.0434909,2.4281397,250.26797,1.9262062,0.4971198,5.734248,1.7011319,9.137368,3.553899,1.4007202,3.770341,0.7543731
ENSG00000170579,11.172821,358.40033,23.62412,1494.1812,1130.065,58.924496,1488.5647,110.481415,153.54648,6066.285,1780.9469,944.2564
ENSG00000170624,277.95602,246.23903,32.609756,551.1104,645.81665,9.465513,326.79422,22.822472,106.619385,14.245145,11.156475,2078.762
ENSG00000170775,293.86194,34.4334,21.017454,9.18226,7.5159225,4.9583735,5.9742126,5.727245,18.385004,7.860921,9.335198,5.5175242
ENSG00000170820,1.4172744,2.2929747,0.95080715,41.68768,2.0002754,0.18658447,5.3165045,2.1834433,5.2688227,2.7940927,17.003668,0.7543731
ENSG00000170891,0.09379894,0.47888124,35.34408,0.22832368,0.431968,0.60750127,0.20275974,0.97493327,0.2683944,0.0,0.0,0.0
ENSG00000170959,6.565173,53.020054,3.8055563,52.72294,6.713158,3.2398002,44.90128,15.154943,1432.6554,10.959494,22.632254,48.712017
ENSG00000171051,0.49150047,1.289036,54.998657,0.7157071,0.7771111,1.4327283,0.57324815,0.6445454,0.39527044,0.053813983,0.0,1.2610269
ENSG00000171056,0.5805491,0.42010853,0.6389687,2.5833013,0.51204306,129.21696,2.3704708,38.164196,0.0,2.0859692,6.4413066,0.8838403
ENSG00000171189,6.593008,25.840673,24.743639,392.60168,1193.7085,9.146516,773.0323,7.1592283,24.424734,7137.151,17.669191,307.95425
ENSG00000171246,0.22034912,0.32050446,0.20798163,16.573814,0.53331506,0.089550525,9.568145,0.0,0.0,3.5416932,84.73118,2.3925865
ENSG00000171509,2.2542653,2.319054,1.7969493,9.262956,1.552587,8.966976,15.161363,3.3976104,1.6362371,0.958062,2.0515513,0.37718654
ENSG00000171532,0.07703575,0.2722779,0.1256138,4.04632,0.0,0.089550525,0.4115113,0.27466476,0.13175681,0.13032983,43.44934,0.0
ENSG00000171551,0.1318269,3.4162323,0.38832214,11.501437,0.13150436,0.11078598,29.991552,0.27376625,1.5200627,1.2768027,0.0,0.37718654
ENSG00000171595,1.1683444,2.1970177,1.1933731,0.97772676,0.694551,0.14259832,0.85113406,0.575244,304.1261,0.29524237,0.0,1.7676806
ENSG00000171643,0.97414345,1.200868,163.9275,2.1599844,0.8546152,0.1967214,2.5081072,0.80670744,1.2472091,0.67586565,1.2567804,1.2610269
ENSG00000171659,0.5845844,1.783083,114.92884,1.3388714,1.5123919,2.1869504,1.3955535,3.09948,1.5481359,0.0,2.5135608,1.6382135
ENSG00000171819,0.5326584,0.4975994,0.67395335,1.2794994,0.5335029,0.63033366,0.73999524,0.0,0.59488046,0.5440525,11.801189,1.1852821
ENSG00000171860,0.42739466,0.83813345,82.28223,0.4050251,0.3539255,1.0668613,0.26801017,0.5470466,0.99991244,0.7181975,2.6160479,1.1852821
ENSG00000171885,6.978372,978.8139,14.681823,4.1170316,15.323639,30.914312,5.9813075,21.743217,364.5578,2.5218434,12.643531,4.0087776
ENSG00000171962,2.5849524,12.883496,3.7826524,6.123429,2.9507432,2.2545614,6.079659,2.903743,295.3819,5.5699253,0.0,3.2006824
ENSG00000172005,242.89804,47.7296,21.414911,4.6922874,17.759611,10.153482,2.878333,6.4497347,14.530324,5.347048,21.987537,3.1469595
ENSG00000172179,0.026684487,0.024572136,0.013899013,0.101081066,0.0,0.0,0.049564913,0.0,0.0,6.44605,0.0,0.0
ENSG00000172243,0.28811133,0.91760945,176.44383,0.3569306,0.43926227,2.000946,0.08268583,1.3376048,0.09199717,0.46740708,0.0,0.0
ENSG00000172318,0.185081,1.5847682,0.07670591,7.7057805,2.713088,0.0,11.618771,0.896573,1.076294,3.3068554,1.2567804,7.4888787
ENSG00000172508,437.26852,27.835665,44.074955,8.829205,16.827421,15.839623,8.853799,12.575269,22.632679,9.607425,9.335198,2.446309
ENSG00000172548,26.298082,1.1849917,1.4894485,0.6490282,0.30183342,0.031812336,0.6500428,1.133425,0.0,0.68234485,0.0,1.1315597
ENSG00000172575,2.4234316,8.823325,4.5460467,21.32314,3.1105154,2.7451212,11.652255,2.2395859,9.68101,5.421523,167.7572,2.6940281
ENSG00000172578,0.69411695,0.764234,154.38438,0.37012196,0.6783639,5.9764843,0.4395362,2.072737,0.10273205,0.42505044,3.8728282,2.0691226
ENSG00000172987,9.690294,3260.301,32.39836,19.208265,18.252438,34.93401,50.233902,16.163355,911.08875,11.492267,28.904314,14.374875
ENSG00000173157,0.8091583,1.7409453,0.96674615,7.0266805,9.7049265,1.1525432,25.972801,1.4363525,0.4001512,0.7287211,2.5135608,7.6198845
ENSG00000173267,2.863373,8.963113,4.736751,112.579254,3.2426908,32.90715,169.95705,69.35311,0.9428147,25.523209,0.0,71.1493
ENSG00000173369,2.7074263,6.2769694,655.8062,1.2395629,2.3505385,14.110989,0.8917534,6.6811295,2.0108886,2.709971,3.770341,0.7543731
ENSG00000173372,1.3419019,3.443848,301.55713,0.7050959,1.1459496,7.1180463,0.23788495,4.934715,1.0109771,1.2220165,7.6431694,0.37718654
ENSG00000173376,0.10387183,16.196424,0.0,2.218151,0.13360038,8.421618,5.9799657,3.044319,13.611654,0.0,0.0,43.13191
ENSG00000173391,0.7501535,1.4162208,213.79062,0.43107978,0.82281077,0.35710648,0.15298475,0.7456176,0.5126654,0.32551458,2.6160479,1.2610269
ENSG00000173597,0.25341,0.34942386,0.5598047,0.52650917,0.83055264,95.92386,0.48819587,20.84887,2.3069882,0.18922725,0.0,0.0
ENSG00000173638,3.4277918,16.398252,25.784657,6.8115177,5.4281726,7.164717,6.06001,439.84064,8.720587,9.362531,8.668215,5.01087
ENSG00000173705,1.4226699,1.5206345,1.462742,18.401272,85.692726,1.050398,16.048872,1.0683819,3.4221458,6.3633184,0.0,9.807259
ENSG00000173786,928.80133,72.401436,94.16909,24.458956,116.51679,50.232407,23.129255,49.164516,31.780422,25.689875,30.600834,15.529994
ENSG00000173838,10.561282,0.8749592,2.3155107,3.0608275,4.4762673,1.2321649,2.5169082,2.357586,198.71025,0.7316711,3.3083317,0.7543731
ENSG00000173894,0.549609,0.06890688,0.1256138,0.17999393,0.038518306,5.213312,0.06783376,0.79136235,0.0,0.0,0.0,0.0
ENSG00000173918,0.5397354,24.274097,2.228696,1.6447445,0.537091,11.859963,3.1634417,264.0793,2.3982525,0.5255245,0.0,1.1852821
ENSG00000173930,0.12382893,0.20700535,0.30841798,3.6731942,0.19120565,0.16490906,3.1971605,0.0,0.0,1.5267341,0.0,8.0395775
ENSG00000173988,323.44373,10.646424,19.46641,9.63627,8.6741085,6.1388993,5.916943,7.85583,58.57606,1.6792959,9.057354,11.144031
ENSG00000174125,3.083599,2.0219178,218.9309,1.3758981,7.326708,4.3130355,2.5639658,2.2577355,2.4447215,6.2738624,0.0,3.2544048
ENSG00000174171,0.028059153,0.0,0.04169704,0.09956121,0.29524407,0.23843618,0.0,0.0,0.0,0.0,8.770702,0.0
ENSG00000174417,0.07141591,0.1897741,0.013899013,4.1117573,0.098221235,0.4259507,2.9101336,0.21075808,0.0,4.989942,0.0,37.420383
ENSG00000174607,867.6863,31.753735,52.955627,11.737036,130.73694,10.50345,15.607712,11.351238,8.508881,16.986582,37.511497,7.5866466
ENSG00000174807,0.016087966,1.237884,0.08162162,0.027759703,1.7980797,3.0441017,0.0,80.397064,0.0,0.026906991,0.0,0.0
ENSG00000174827,3.1013472,3.8871017,1.4176631,4.483593,3.8529677,5.596182,4.8926597,5.7608633,2.4587965,3.5469081,30.266613,2.3925865
ENSG00000174844,27.387543,29.242992,5.742811,13.460728,12.4374275,5.476118,8.541028,4.5908775,1043.6931,4.057703,14.139394,10.012471
ENSG00000174898,1.422907,1.5466008,0.9333288,1.2837602,1.1051761,1.7915642,1.2771198,1.2184795,54.89043,0.25288573,0.0,0.0
ENSG00000174899,0.21471299,0.13686979,0.40343982,18.484426,0.10617161,0.4998988,9.516753,0.28962433,0.0,0.0,0.0,12.144585
ENSG00000174944,1.1758834,22.672874,7.044049,9.304687,11.562009,4.326894,9.789852,412.5635,21.792782,2.8686736,6.386389,7.9321327
ENSG00000174945,10.733429,24.728638,9.740981,17.545855,305.57205,3.910362,15.979575,25.22959,5.488496,3.37909,3.3083317,13.298167
ENSG00000174950,0.01467031,0.0,0.0,0.12634347,0.10617161,0.0,0.0,0.0,12.768106,0.026906991,0.0,0.0
ENSG00000175093,0.2545972,2.0080981,0.9808147,5.897853,130.89081,0.34401008,10.932961,14.273121,12.34052,7.2657294,0.0,2.6940281
ENSG00000175147,0.61323506,6.120815,9.303987,1.3790594,2.0237303,0.29737046,1.5574096,3.9293597,4.561514,1.5428394,64.0821,0.0
ENSG00000175262,0.22697192,0.34943247,0.6871833,0.28379995,0.09841468,0.23214884,0.8389174,0.0,0.0,22.4436,0.0,0.37718654
ENSG00000175267,1.6718688,56.048313,2.3052561,14.429443,2.3983355,5.191288,7.6524754,0.56481063,986.3013,5.851264,4.667599,15.173293
ENSG00000175287,1.8108764,165.89453,4.1934767,1.2781814,5.072029,4.670753,1.6503392,6.488948,53.35016,9.933139,2.6160479,0.37718654
ENSG00000175305,27.759619,2.980671,3.4035118,3.2045677,4.6464086,3.52847,3.585202,1.954771,2.2123437,2.516386,1.2567804,1.6382135
ENSG00000175426,0.5613228,1.0609261,0.7731756,15.6141815,2.4239206,0.15048261,6.2129545,1.3044494,0.0,0.8839776,1.2567804,31.049181
ENSG00000175445,7.5810285,4.824402,24.495672,3.9685786,50.935204,14.871461,2.169797,269.44412,0.6056153,1.5897304,0.0,1.5624686
ENSG00000175785,148.47974,13.650845,10.988412,1.6669556,8.238465,3.136206,3.0668252,1.5142897,20.139793,5.075762,15.259579,22.866974
ENSG00000175806,281.72937,339.27933,201.88432,252.8018,331.25272,205.58238,221.4035,125.25921,308.09308,552.0412,2287.4155,195.81555
ENSG00000175928,16.495855,59.53975,5.5774617,73.510895,348.81155,2.3911328,47.380184,1.8061124,92.986496,25.46684,62.681374,44.944035
ENSG00000176029,0.22622065,0.39322698,0.24293451,0.38043925,0.19338612,0.17012113,0.4752535,0.9377868,69.781494,0.29524237,0.0,1.2610269
ENSG00000176165,0.03214191,4.38735,0.18328427,11.367329,1.3605047,0.0,5.3075533,0.0,6.1083174,0.0,0.0,0.0
ENSG00000176381,82.452446,12.439536,10.93887,2.1731832,7.3414044,2.4064214,3.0556338,0.4715333,9.306625,2.103518,0.0,0.0
ENSG00000176435,5.455465,0.6891368,0.29064047,0.31315956,7.1773605,123.57239,0.18008995,34.930546,0.0,0.026906991,0.0,0.0
ENSG00000176490,2.6876948,3.218332,2.2386713,27.952578,1.8207169,0.8980724,47.653236,3.455662,6.61535,7.0059676,3.3083317,21.13294
ENSG00000176531,3.2849882,6.722089,10.570835,9.515863,9.1367,19.977577,10.128363,94.88252,16.787567,6.409196,2.0515513,9.322627
ENSG00000176601,2.590244,23.48661,3.011693,2.965725,2.1140976,1.4542648,2.6682153,1.7098614,476.02084,1.2640762,3.8728282,0.0
ENSG00000176641,61.31128,9.621537,5.1911626,46.319584,11.633859,30.342552,63.87858,1050.1986,7.502262,10.875537,103.166985,55.511868
ENSG00000176678,0.0035561712,0.0,0.0,0.0,0.0,0.813507,0.0,10.962747,0.0,0.0,0.0,0.0
ENSG00000176692,0.04263934,0.03445344,0.0,0.008240252,0.0,0.97803634,0.031127028,40.314705,0.0,0.0,0.0,0.37718654
ENSG00000176720,172.65388,11.62264,12.764837,11.594035,22.77531,14.954596,10.877651,9.471369,6.0228405,5.188941,12.977753,11.704407
ENSG00000176887,2.822646,4.9102254,0.23135944,17.471117,18.638132,0.26555812,21.447813,0.07886625,11.486465,56.94499,0.0,18.547485
ENSG00000176927,12.785916,5.4620633,4.9639373,20.820824,10.646178,3.434993,18.641865,10.947768,1.9466972,15.061648,19.594416,46.111954
ENSG00000177076,5.333531,4.11958,14.299615,26.04179,9.824981,468.58597,23.317009,125.4489,11.489119,6.514781,13.003052,33.828228
ENSG00000177133,0.2555296,38.876247,0.67544127,0.35735705,8.785514,6.1635714,0.49446905,2.592539,8.756409,0.0,2.6160479,0.0
ENSG00000177234,0.81949806,2.111719,0.5933453,1.903871,15.128565,0.25605652,1.7046086,0.2116277,0.0,0.0,2.5135608,0.37718654
ENSG00000177238,0.1369818,0.22875565,1.4032145,1.1777139,0.19985789,0.0,1.1432863,0.070252694,0.0,0.66049355,12.827696,1.5624686
ENSG00000177575,0.34787643,1.1351575,199.51997,0.25284255,0.6270543,2.5103943,0.18107843,3.8437095,0.0,1.8911813,5.2320957,0.0
ENSG00000177875,0.7089471,0.78277874,0.70123297,10.812507,4.4915156,1.5110279,16.885311,4.94012,3.6052933,9.297274,2.0515513,9.914704
ENSG00000178031,4.24221,12.550698,4.4084663,197.31206,12.377473,4.603998,66.03515,1.4431897,14.877116,30.570957,49.65605,4.526239
ENSG00000178125,7.1862903,40.818306,1.6550002,13.219982,7.389256,2.0378065,10.467466,3.069811,505.14008,7.7360473,2.5135608,6.293919
ENSG00000178175,0.35300988,0.81918806,6.440204,0.9300655,0.40642938,438.65305,0.5122302,103.976906,0.6444222,0.9345032,0.0,0.0
ENSG00000178233,0.0,0.6291369,0.0,0.9644647,0.27746132,0.0,0.991801,0.0,0.0,0.96877414,7.6980867,0.0
ENSG00000178734,0.034780487,0.45749032,0.013899013,1.0788049,0.13797627,0.4998988,4.0441294,0.0,0.0,17.48067,0.0,0.37718654
ENSG00000178776,0.14371482,0.03445344,0.0,0.017034,0.0,0.0,0.0,0.0,0.0,0.09953587,7.6980867,0.0
ENSG00000178814,3.9829216,26.755217,3.2734601,0.9238766,1.8109632,0.8094347,1.037625,2.834247,7.096289,0.39025155,1.2567804,0.0
ENSG00000178860,0.004314186,0.0,0.0,0.075684994,0.0,0.44306222,0.0,5.770941,0.0,0.0,0.0,0.0
ENSG00000179178,69.28464,4.3076305,5.874347,0.76417124,1.6719158,1.4052584,0.6932279,2.2202418,0.72663724,0.67478174,1.2567804,0.37718654
ENSG00000179292,151.71526,10.218279,13.137582,24.318642,10.111439,4.151102,30.504408,7.1227584,2.590054,18.556925,3.3083317,25.627886
ENSG00000179314,36.368687,13.832859,6.2887425,18.770872,179.60057,19.064808,17.678026,5.690982,11.756071,5.823937,25.885666,13.331405
ENSG00000179348,0.089774996,0.5290889,0.22307982,0.23285848,0.05238117,88.60388,16.360792,23.535406,0.70282316,9.580961,0.0,0.0
ENSG00000179428,0.019688735,0.0,0.7571008,0.0,0.0,5.5473375,0.0,0.36759397,0.0,0.0,0.0,0.0
ENSG00000179456,21.029179,21.872585,26.040514,25.636375,30.24896,61.71234,18.891375,27.784174,54.28834,40.27605,276.78046,8.416764
ENSG00000179593,0.081582025,0.0923851,40.21187,0.47369462,0.070212334,0.54235715,0.3212845,0.086097285,0.36039156,0.19907174,0.0,0.0
ENSG00000179772,0.049102996,0.046118654,0.0,0.025075126,0.034833178,2.2072737,0.04940888,30.542944,0.09199717,0.0,0.0,0.0
ENSG00000179776,0.3108042,0.64018416,0.7466182,0.3103859,0.16805321,217.00665,0.04582306,60.293056,0.2054641,0.42168522,0.0,0.8838403
ENSG00000179813,0.11458626,0.4088088,0.22114946,0.23821579,0.39035356,0.27117857,0.08179257,0.0,76.810234,0.0,0.0,0.0
ENSG00000179869,0.74073946,3.261819,0.6771082,4.592004,1.1174262,0.42435378,0.8121526,0.64587396,99.588844,0.3694841,0.0,1.5087461
ENSG00000179902,0.65719175,2.1537657,0.09552062,1.6403762,0.1831254,0.11078598,1.1484692,0.070252694,55.841827,0.2887631,0.0,0.37718654
ENSG00000180071,246.89731,7.2689576,8.917797,44.450172,15.808737,3.089036,39.998363,4.2439303,37.86583,21.677101,7.283647,33.828228
ENSG00000180176,0.3231186,1.3124908,1.2053962,6.0769224,0.3252939,0.4484884,2.9464579,1.1287891,0.0,0.0,0.0,401.0566
ENSG00000180264,0.10068237,0.47312924,0.21108228,0.501086,0.1225935,0.2242442,0.7592859,0.086097285,23.946098,0.09953587,0.0,0.0
ENSG00000180269,0.06820229,0.070690796,0.10554114,4.742899,1.1754894,0.089550525,9.371546,0.19633351,0.0,0.0,0.0,3.4058943
ENSG00000180347,2.6329377,156.57246,2.773798,2.8160555,1.9040227,1.4525756,1.4363759,4.9650006,27.332424,1.7479753,0.0,0.0
ENSG00000180353,1.2879062,2.635944,383.12646,1.2306755,0.9392534,10.733646,1.0474055,12.743994,2.112669,2.2621818,7.8481436,0.8838403
ENSG00000180440,0.08190945,0.2445158,0.103477694,8.885254,0.1956618,0.66480786,8.034506,0.0,1.2866594,28.06102,0.0,4.0308
ENSG00000180448,0.70081216,0.75719124,97.80959,1.1648266,0.7487972,1.7561044,0.8867458,0.45458785,0.0,1.1782236,0.0,2.1448672
ENSG00000180638,1.144644,21.242659,1.1211647,1.087324,1.118085,2.4099286,0.5179502,0.2501912,425.1181,0.29031625,1.2567804,1.5624686
ENSG00000180739,32.220257,1.6797761,3.0138934,0.1796967,0.43174705,0.24272572,0.26134014,0.6744964,0.09199717,0.0,0.0,1.2610269
ENSG00000180776,1032.8699,90.72663,130.56297,174.05363,95.06242,124.01331,160.35423,88.0762,79.707535,100.73777,131.65399,187.70671
ENSG00000180875,0.75544447,1.4182185,0.4497183,41.67307,1.4544657,10.315512,43.641823,0.52571017,2.0487874,281.57965,0.0,19.161177
ENSG00000180929,28.278206,1.4693267,1.8760324,0.6924773,1.0684618,1.1134945,0.91217864,0.23576665,4.6670876,0.41919056,0.0,0.0
ENSG00000181072,0.78665334,2.5203164,1.3685482,201.79662,2.4188616,0.7577795,298.5248,0.9414461,1.3058805,1246.767,0.0,107.91494
ENSG00000181085,0.16318072,1.1218637,0.14242221,0.8152908,0.039561592,0.0,0.24286008,0.039433125,97.56984,0.0,0.0,0.0
ENSG00000181195,0.13374853,0.21532421,0.7970032,11.563716,0.1571435,0.17800541,29.744017,0.0,0.0,0.0,1.2567804,0.37718654
ENSG00000181215,0.65126854,6.808315,0.6551524,52.455093,0.8303907,2.0032785,45.181843,0.25106084,1.3267704,13.35618,1.2567804,103.970825
ENSG00000181234,50.56466,20.729988,14.114907,165.86479,1311.253,516.99976,183.08966,207.45195,9.424002,8.771376,75.81923,145.70915
ENSG00000181378,0.57443136,1.037156,0.12331865,3.112493,0.2572107,0.0,2.3112671,0.0,156.45065,0.43702954,0.0,2.3925865
ENSG00000181541,0.04520135,0.3214839,0.11737671,5.101797,0.09841468,0.27117857,0.8392732,0.47099826,1.3969258,0.0,0.0,0.0
ENSG00000181631,0.1854973,0.2761534,67.38383,0.2513484,0.3420015,1.3681406,0.12652801,0.070252694,0.29746127,0.25571656,2.6160479,1.7676806
ENSG00000181790,1.9694577,45.02949,1.926331,66.440186,109.837715,1.6315495,73.3161,1.5442563,5.4654737,252.1921,2.6160479,33.754017
ENSG00000181856,0.02626664,4.2373424,0.013899013,0.008041128,0.06338806,1.4274758,0.01038001,21.567137,0.61082596,0.0,0.0,0.8838403
ENSG00000182010,0.76590735,0.2899445,0.92385274,3.7058103,2.8934317,0.2003365,1.9402562,0.55794865,0.0,9.873039,1.2567804,1.5624686
ENSG00000182175,2.492657,510.4332,6.561165,11.579808,18.182142,6.7336574,9.604286,20.539673,185.5452,0.97602636,10.591979,11.132815
ENSG00000182272,31.595198,172.27669,4.712583,63.326637,35.29568,3.1078196,60.537807,2.2213228,26.788498,34.710934,31.117762,34.37892
ENSG00000182329,2.013941,9.278411,1.6909649,33.93571,1.6521125,1.4143125,11.238782,2.0156257,553.09875,2.1297948,0.0,38.678333
ENSG00000182492,0.26844642,6.0523396,0.3497624,0.13275863,49.69159,80.17299,0.26943967,574.90735,3.068952,0.32214934,0.0,1.1852821
ENSG00000182578,1.5012593,4.9187813,748.1108,1.4726295,2.6438677,6.5723543,1.5107521,36.80624,0.9587181,1.3839123,5.2320957,1.5624686
ENSG00000182612,3.1080751,2.9949317,2.4438534,2.3513246,1.0283375,1.0032262,1.5884557,0.90340114,2.474304,0.23492137,1.2567804,9.827744
ENSG00000182752,1.2340581,15.903695,1.1179601,14.386096,11.717937,1.6002998,22.980375,10.776444,3.6555324,7.2907333,0.0,118.28415
ENSG00000182902,20.253698,504.0443,7.0888033,3.2089775,35.032078,15.183903,4.1397586,10.503485,89.75034,7.2262864,6.4413066,2.747751
ENSG00000182963,0.66866213,1.5454937,1.3649024,3.5458791,1.066228,9.449298,2.879583,463.93796,6.0992455,15.081675,30.878677,1.5624686
ENSG00000183098,21.218538,215.94038,10.882941,600.2162,416.6196,6.080759,910.2745,209.61195,153.04478,631.21063,1.2567804,2474.3276
ENSG00000183134,0.12528409,0.02347821,0.22024131,0.04459458,0.0,1.574869,0.16590999,71.86716,0.0,0.0,0.0,0.0
ENSG00000183160,0.17007066,0.5129886,69.76479,0.06818173,1.6949979,0.15048261,0.06444616,0.039433125,0.0,0.09953587,2.0515513,0.37718654
ENSG00000183166,330.80283,170.84056,31.146734,395.95663,365.7278,12.027355,345.1531,11.049267,17.430416,459.93936,1916.5731,451.09604
ENSG00000183230,4886.3584,251.4061,403.70654,96.00955,136.91087,55.01544,75.73927,155.80295,155.58014,61.827873,63.15808,67.58803
ENSG00000183273,0.92252195,0.9876156,1.8687855,1.982338,0.9553721,9.26712,1.8429427,1.663921,298.00278,2.5154834,0.0,0.7543731
ENSG00000183287,1.6549091,1.798494,1.9471546,71.54307,1.6047412,0.3232963,23.218874,1.629565,2.9936087,2.395445,6.4413066,2.0154
ENSG00000183379,0.46100712,2.271303,1.3590436,11.485703,0.33762705,3.014833,20.703646,0.1957831,0.7716076,179.73558,0.0,2.6403058
ENSG00000183470,0.45946255,0.3782384,0.7346975,0.88550854,0.6943998,0.089550525,0.71941537,0.086097285,0.09199717,0.55217236,0.0,6.885996
ENSG00000183644,0.8699486,0.47088316,0.37823525,0.20317754,0.034833178,0.4049422,0.0,0.0,116.11507,0.0,0.0,0.0
ENSG00000183671,0.7175133,0.5078448,0.4197566,2.6389322,0.8656917,0.39254144,1.5068691,0.31409788,0.5872618,0.51860106,0.0,9.805721
ENSG00000183695,0.06231346,0.21239801,0.0,0.049387038,0.0,0.05933514,0.1321369,0.086097285,0.0,0.20801437,6.4413066,0.0
ENSG00000183773,0.59452003,55.560543,2.3286636,7.4654026,1.4968113,4.0481715,7.297852,3.2789488,4.932908,16.86132,16.985716,2.0691226
ENSG00000183798,0.18136479,0.66301745,0.3511697,0.10435295,49.177723,0.46021253,0.4349868,0.57562125,0.0,0.0,6.4413066,0.8838403
ENSG00000183801,0.6630881,0.91600794,0.8149023,0.46423063,0.5899861,0.24432264,0.98601896,13.358139,0.09199717,2.1871564,2.6160479,0.7543731
ENSG00000183876,56.15503,3.1639977,3.3454542,0.89233136,4.2493815,0.92806,0.6567131,0.69354343,0.0,0.8368002,0.0,0.8838403
ENSG00000183914,1.8503217,3.3487542,2.0989354,7.512413,8.667575,0.45347354,5.4212527,1.6286327,235.19382,2.4445267,6.6166635,3.4058943
ENSG00000184144,703.44055,44.570797,59.582333,42.157383,26.661455,16.554522,43.065952,16.479702,16.14209,11.915098,31.443174,35.594368
ENSG00000184221,140.19025,12.142234,15.60758,3.3537688,437.00684,7.680578,3.58432,4.253879,7.7961426,1.984775,2.0515513,0.8838403
ENSG00000184232,13.838653,15.561782,5.3902073,1.7407745,4.3871408,5.328461,1.9655991,95.49292,16.168167,4.966223,0.0,0.7543731
ENSG00000184254,6.0812116,1.0180644,1.1593686,1.7235146,43.984146,0.3393197,1.3337693,1.0077214,1.839995,0.026906991,1.2567804,0.7543731
ENSG00000184258,1.4351074,1.404801,0.19458619,2.0659902,1.719118,0.6064056,2.8779204,1.0470954,3.722921,1.3016783,88.65321,1.8859328
ENSG00000184347,5.2904797,5.6443114,7.045567,228.07301,3.1774468,5.676695,109.40085,143.79921,165.77652,23.153221,1030.9188,131.1695
ENSG00000184574,0.39476374,0.7134734,84.94507,0.33894384,0.24262796,0.79072624,0.39024213,0.6408608,0.10273205,0.2986076,0.0,0.37718654
ENSG00000184611,6.6276584,14.300393,3.7800162,717.5568,16.736969,3.4622965,434.15482,3.7163236,1.8265159,128.8544,499.58197,469.1664
ENSG00000184838,1.0725135,77.18129,19.56966,321.1501,2.036767,0.86429465,282.10406,75.58141,30.6978,4.9913225,229.28984,616.19867
ENSG00000185559,0.1408676,0.49788922,0.12788175,20.678907,0.47758856,0.22853373,14.798047,0.0,0.10273205,0.0,0.0,73.95426
ENSG00000185585,0.267441,0.87253225,0.2888858,0.96415997,0.40660942,9.813259,1.1243315,50.223812,3.5691185,0.15723683,0.0,2.0691226
ENSG00000185630,254.88422,584.279,55.048367,705.969,465.89832,279.5067,581.46216,562.9267,615.80066,593.1298,509.3386,2554.918
ENSG00000185633,0.6740445,3.2521546,1.4426928,4.0245795,1.6679306,139.87337,3.3208404,1040.3374,0.54268503,3.9740005,1.2567804,4.2139897
ENSG00000185666,8.004657,20.117311,7.086365,501.39746,39.234337,11.214173,532.0036,26.309198,16.260357,1401.3909,165.74722,236.9633
ENSG00000185681,1.1056677,4.3323636,0.41152927,5.032933,0.74397755,0.2957735,2.93386,0.92872775,71.33537,2.2461202,2.6160479,0.37718654
ENSG00000185742,0.29417318,0.35506505,0.4000601,32.351757,0.22738166,0.46789998,25.533314,0.354066,0.09199717,78.1629,6.386389,31.037966
ENSG00000185774,62.214867,81.62254,72.04107,4615.7383,5190.5474,16.256533,3978.7205,23.08445,31.527441,18443.422,7879.1274,5567.824
ENSG00000185811,0.8625046,2.2497587,602.2234,1.1144804,0.86197513,4.2967863,1.74622,1.9117028,0.31575117,2.187201,5.2320957,0.8838403
ENSG00000185924,0.949521,1.9921219,10.353329,42.203915,20.701704,2.4000752,23.764637,6.813226,1.7981981,101.28622,30.083908,29.66796
ENSG00000185960,0.69061315,0.65125686,0.8841781,21.415094,0.6476414,0.5513601,0.38718936,0.5493295,1.0364554,0.0,0.0,0.0
ENSG00000186185,0.19720344,0.1623859,1.3753082,0.36787006,18.923174,0.38648102,0.033120915,0.0,0.19472922,0.47300452,0.0,0.0
ENSG00000186193,4.7249026,2.271749,0.6933974,0.22035252,27.99569,0.031812336,0.18779011,1.4204944,1.3736762,0.026906991,0.0,0.0
ENSG00000186204,0.30104825,52.171738,0.2052291,0.40835875,0.17313552,0.5556495,0.33434412,0.6681849,17.218174,0.053813983,0.0,0.37718654
ENSG00000186479,0.7527844,2.1888592,1.7750007,101.36795,77.52742,1.8221701,106.69868,93.27772,2.846073,271.9655,52.576706,71.23278
ENSG00000186684,0.4499377,0.7350333,1.712384,5.377489,2.6749146,1.7629889,2.5403564,1.3819444,0.37872356,1.2837608,0.0,42.320328
ENSG00000186710,0.68787366,4.629017,0.4453223,1.1118691,0.33413392,0.11078598,0.22589655,0.10968582,418.06577,0.026906991,0.0,0.0
ENSG00000186825,1.3240968,0.47538072,0.62831366,2.3590715,8.665549,0.98384535,2.5874097,1.4872192,0.8139014,2.1524127,0.0,1.8859328
ENSG00000186854,0.4691639,0.9651268,3.439329,1.6542419,0.6774965,28.00307,2.1397626,4.7855434,0.45238876,0.80384463,0.0,0.37718654
ENSG00000186960,0.086673096,2.2067313,0.091642134,21.294632,0.10617161,0.0,6.154419,0.0,0.0,0.0,0.0,0.0
ENSG00000186973,0.11995916,0.83719116,0.091642134,0.38781166,0.039561592,1.6354918,0.16464369,0.0,105.68937,0.026906991,0.0,0.0
ENSG00000186998,0.6470434,34.159702,22.917213,11.614526,93.62678,0.8423159,15.452065,3.9410157,26.855785,3.2054646,12.882613,5.5175242
ENSG00000187091,3.421739,62.31885,5.7115145,2.7479365,13.973898,6.6666813,3.17572,10.412861,15.1972,3.4288757,5.1296086,0.0
ENSG00000187122,3.3096871,16.839985,7.4060435,101.39633,10.232632,5.2159395,81.19734,2.2499073,8.000961,14.764257,3.770341,232.3335
ENSG00000187123,3.9619493,74.199524,1.2077976,17.319042,12.01937,1.1223586,34.59601,3.0523958,34.16915,227.3337,0.0,1.5624686
ENSG00000187147,3644.103,251.0801,268.83444,181.90184,75.11579,250.61142,76.82141,335.23367,269.22833,67.96164,105.14696,105.91355
ENSG00000187258,1.7198001,2.727079,1.5250535,36.159927,2.4522781,2.3763742,22.036848,1.2636456,2.3626192,262.36935,2.0515513,28.153427
ENSG00000187416,31.220854,32.76035,41.30468,840.6391,4195.5044,23.924574,729.4303,17.094412,13.639316,10.296316,18.98235,302.42355
ENSG00000187474,0.23441139,0.28757745,30.174334,0.15557502,0.070212334,0.12136286,0.73150593,0.070252694,0.9456582,0.053813983,0.0,0.0
ENSG00000187479,3.1496544,8.453903,0.4030905,11.497171,36.573734,23.241241,20.151499,703.1093,0.71812946,2.768579,0.0,7.9101105
ENSG00000187492,0.05277779,0.06376359,0.08162162,0.061429456,0.1750005,0.0,0.0,0.0,18.878567,0.0,0.0,0.0
ENSG00000187498,0.5506812,19.716871,1.647345,12.062757,3.918706,81.377014,14.118758,530.0695,3.742324,25.831598,2.6160479,7.1777596
ENSG00000187513,0.05782718,0.21229859,0.20231973,0.0,0.104499534,10.276671,0.0,204.96935,0.0,0.026906991,1.2567804,0.0
ENSG00000187554,0.2165876,5.0434804,123.40655,2.2985058,2.0948546,3.275271,2.1055026,3.3100698,2.0744205,0.8177334,1.2567804,3.4058943
ENSG00000187664,0.2506071,0.650281,0.26811197,25.953035,1.8082725,0.46021253,40.370945,1.4527475,0.0,14.720961,2.0515513,7.188975
ENSG00000187720,15.359561,9.314692,9.374723,86.34617,7.478515,1918.3853,50.852676,493.82864,11.051342,204.53021,6.4413066,24.03218
ENSG00000187726,1.2668195,3.3958855,0.6576533,0.81856304,0.1795231,0.3029909,0.3559,0.0,78.67168,0.6986523,0.0,0.8838403
ENSG00000187730,0.10618091,4.774964,0.92214274,6.537395,1.0337118,1.2727832,2.70113,0.79196364,5.6459093,0.0,69.360306,0.0
ENSG00000187775,110.32683,6.3077083,8.425413,4.226941,4.8326106,7.808362,4.5748625,3.366456,6.649185,5.839082,3.770341,1.8859328
ENSG00000187783,0.039000295,0.090453394,0.57408756,0.7068179,0.35910904,0.0,3.233377,0.0,0.0,42.02155,0.0,0.8838403
ENSG00000187905,0.32195753,4.627675,0.09552062,1.4009905,0.46357754,0.6995788,1.6043776,0.0,97.59306,0.8874294,0.0,0.0
ENSG00000187908,14.433585,0.48102668,0.76516,0.059510108,0.7169139,0.5788828,0.18433486,0.6034251,0.0,0.33643752,0.0,0.7543731
ENSG00000187944,0.07686817,0.02347821,0.0,1.3615619,0.38008738,0.091147475,1.7947143,0.0,0.7425828,0.44480348,0.0,6.3476415
ENSG00000187955,6.690743,4.023953,6.234438,20.211184,2.0083086,12.747159,17.332067,18.409937,1.4671041,6.268186,2.5135608,61.229992
ENSG00000188064,0.16955611,3.5929263,0.4558376,1.3215278,28.11701,0.4998988,2.2484622,0.0,0.870793,0.0,0.0,0.0
ENSG00000188133,0.009288014,0.093479015,0.0,2.3460917,0.0,0.7862098,0.39654148,0.48046494,0.0,18.686958,0.0,0.0
ENSG00000188157,27.429644,27.787123,7.5052443,16.391378,30.886133,50.34927,16.870953,275.4209,15.996069,3.3372695,0.0,3.783081
ENSG00000188282,0.18204966,0.66701084,0.6893534,0.2797026,22.974253,0.25967166,0.19890518,0.070252694,0.3662457,0.0,0.0,0.0
ENSG00000188290,0.7639564,15.164709,1.7675483,28.152569,3.2897966,74.72579,32.939915,733.0532,4.1805563,25.978683,0.0,8.664483
ENSG00000188322,3.0217774,4.2764173,0.9692976,14.4632845,8.753704,0.1967214,17.182817,1.4477072,5.544772,77.93753,35.118378,8.718205
ENSG00000188467,0.6790399,2.7776384,0.40826556,2.7074504,1.2475728,0.9588217,2.6169393,0.7764372,2.7006366,0.7912258,0.0,10.454186
ENSG00000188487,0.08821372,0.29929942,2.377598,0.5267629,9.102347,0.11078598,0.6167953,0.94602317,0.0,0.0,0.0,0.8838403
ENSG00000188523,1.4257022,3.631314,2.247765,2.4927516,1.3570983,0.23214884,1.4722859,0.57260555,200.20743,1.2129161,3.770341,0.0
ENSG00000188582,0.09194534,0.23390274,0.15537095,9.613328,1.166079,0.14259832,10.336373,0.0,0.0,40.428017,2.0515513,0.37718654
ENSG00000188596,24.117369,187.07689,5.653331,42.679256,3.3634741,15.300675,17.112986,8.961567,2746.816,17.547527,6.6166635,44.100353
ENSG00000188783,0.5340822,11.658042,1.3122998,0.8184791,8.43822,25.701208,0.44498494,552.5516,3.0900702,5.713191,0.0,0.37718654
ENSG00000188800,0.19974445,0.1576563,0.23302713,0.48466733,0.22967282,0.06362467,0.28995982,0.27466476,0.3188674,0.053813983,9.057354,0.37718654
ENSG00000188991,0.20050766,8.745266,0.3759961,0.25833014,0.43110552,0.15477213,0.30997607,0.07886625,1.8216836,0.0,0.0,0.0
ENSG00000189127,0.1052769,0.16348824,0.32654145,12.129867,0.05238117,0.06362467,22.031826,0.23576665,0.0,0.9151988,0.0,9.871788
ENSG00000189129,0.26381415,0.9484323,0.47894704,0.6096203,0.28049117,27.394896,0.7452065,189.13046,0.3188674,0.2259787,0.0,0.37718654
ENSG00000189152,0.45014286,3.4177313,21.942705,0.54109216,1.4589515,125.18993,0.23556913,25.078718,1.7514862,0.75911564,2.6160479,0.0
ENSG00000189184,2.2316437,7.828268,0.72306824,4.89023,0.6746597,1.6347129,9.068604,75.28993,2.2958894,8.308893,0.0,3.1469595
ENSG00000189229,1.7059727,1.2247945,5.697669,3.1551745,1.4220217,36.20053,2.639023,10.224002,1.7515045,0.842209,1.2567804,1.6382135
ENSG00000196091,1.48485,144.41685,5.395075,1.3494719,2.2513955,6.970814,2.9462526,8.961106,25.842327,0.9123231,4.667599,0.37718654
ENSG00000196092,0.6068493,1.392047,0.75798374,6.9782486,1.1258091,1.0909854,23.403633,0.44739434,1.9400098,1.7114236,0.0,8.836457
ENSG00000196187,320.9723,54.228085,64.79612,3.7066698,8.224084,40.014446,3.0759299,47.56053,49.525295,3.481371,33.61337,7.004248
ENSG00000196209,0.20941634,1.1032413,117.87259,0.36532497,0.10190637,3.4572136,0.27195445,0.5792506,0.0,0.52847326,1.2567804,0.0
ENSG00000196338,44.872166,29.159924,6.186603,22.889778,113.53735,1.4799727,21.246674,1.5957943,7.5034285,17.97012,22.80761,23.860207
ENSG00000196526,9.749894,11.735439,24.413885,35.650394,206.08592,40.20966,40.75844,48.982433,13.950293,25.927216,19.499277,26.003128
ENSG00000196566,0.15761289,0.3787842,0.404027,0.077528976,0.30291817,0.1967214,0.16950826,0.841762,0.5126654,0.0,0.0,9.482257
ENSG00000196569,208.39853,145.27667,28.078217,11.364758,16.881102,235.09464,15.245174,2604.7341,97.07222,7.7482314,8.492858,8.243252
ENSG00000196611,0.10708313,0.17280127,0.20426507,0.049780603,0.0,0.0,0.0,0.0,0.0,0.026906991,6.4413066,0.0
ENSG00000196616,0.059915695,0.14645337,0.13721767,0.08840924,0.0,4.880026,0.01038001,61.330917,0.0,0.026906991,0.0,0.0
ENSG00000196639,0.92544365,28.893066,8.945916,12.473952,5.8944135,25.389381,11.586448,5.975371,22.440294,63.10247,1.2567804,3.9330328
ENSG00000196660,4.377285,43.591843,4.3510175,38.091194,10.025692,9.065115,37.156986,641.4175,12.702828,4.0131345,4.1031027,31.135735
ENSG00000196664,0.16651767,0.5577228,69.10289,0.2351504,0.20402522,0.42006424,0.103332,0.0,0.0,0.49767932,0.0,0.8838403
ENSG00000196735,0.14917089,0.50216794,56.466297,0.092049666,0.10190637,1.3891616,0.16010095,0.17993851,0.0,1.290283,0.0,0.0
ENSG00000196862,0.4625553,0.3562584,0.5124492,1.263411,0.20761481,0.74063706,1.0101166,1.4830166,0.8003446,16.84097,0.0,0.37718654
ENSG00000196943,0.52920634,0.4648717,1.3615228,0.30865338,0.33911934,0.43567926,0.28502893,1.8566726,1.7766917,0.23650226,12.882613,0.0
ENSG00000196950,41.751728,43.744713,140.0089,129.15558,50.24116,846.25836,120.1892,242.74576,102.947975,60.890705,50.36915,107.90033
ENSG00000196990,0.031317208,0.31939593,0.08988749,2.6168537,0.32021993,0.11078598,2.4619477,0.0,0.0,10.250542,0.0,2.6940281
ENSG00000197057,6.611005,5.8617992,1.8743083,0.22877151,0.56294763,0.91752815,0.52859,0.086097285,823.2331,0.25571656,0.0,0.0
ENSG00000197142,1.1344712,2.259203,20.27845,1.0512041,1.4064428,286.1877,1.4670459,75.91532,2.1222978,0.67700654,2.6160479,0.37718654
ENSG00000197249,0.20656624,0.22964579,44.486446,0.16595072,0.24565801,0.031812336,0.34694436,0.4301162,0.13175681,0.5972152,1.2567804,0.0
ENSG00000197299,5.9697328,12.970782,10.056871,1.7547501,94.10558,2.7968233,3.3166986,0.43239725,3.9433608,1.2181937,0.0,3.2544048
ENSG00000197308,0.015428323,0.06796291,0.0,0.03291713,0.0,0.05933514,4.0502214,0.0,0.0,12.7802105,0.0,0.0
ENSG00000197332,1.7137275,3.2152405,2.095706,6.709424,3.210332,3.1335363,7.2854843,2.977053,7.7960005,7.3988953,39.840897,6.885996
ENSG00000197385,0.017496241,0.03445344,0.0628069,2.869505,0.3244257,0.06362467,3.8253965,1.617176,0.0,0.52438706,0.0,14.193223
ENSG00000197430,91.38514,4.5170674,12.804971,2.2519739,4.463013,2.9002972,2.119596,1.501019,7.284709,1.2218537,0.0,0.0
ENSG00000197467,0.3438307,1.5966887,1.0147735,0.6907905,0.49345043,0.7280403,0.5019107,7.8163304,1.3298446,1.0073333,55.22972,0.0
ENSG00000197506,0.20390064,3.108407,0.5482798,0.33677867,0.3807768,2.001227,0.3879098,0.0,51.423958,0.026906991,0.0,0.37718654
ENSG00000197587,0.046449568,0.06890688,0.0628069,0.15474755,0.15164405,0.0,1.2623996,0.16408044,0.0,49.990902,0.0,0.8838403
ENSG00000197653,13.367072,5.3294215,2.122333,13.633712,3.8610647,2.0953572,14.628439,2.9507585,361.8714,11.757755,8.954867,14.624133
ENSG00000197748,8.1109295,53.298534,1.1845281,39.324448,4.244467,2.6330671,31.902971,2.1231022,1642.6328,35.274628,14.139394,22.330566
ENSG00000197901,1.505328,24.506868,1.3904849,0.9997355,1.3655967,1.0124722,0.62187505,1.562908,1.0483903,0.76814926,0.0,2.0691226
ENSG00000197905,0.5562709,0.9376961,0.3176341,0.6346216,1.7688293,121.488716,0.8900061,33.34864,1.0115992,0.29031625,2.6160479,2.3705642
ENSG00000197971,4144.4526,241.84508,772.8916,123.88386,253.04771,150.08961,109.59697,145.33957,99.48447,153.08023,93.61929,128.33461
ENSG00000197993,49.477783,2.9577208,3.5887077,1.0463333,0.7599506,1.5988301,0.4239215,1.6560172,2.4392529,1.1981922,4.1031027,1.5624686
ENSG00000198019,0.16289707,0.3000565,59.20145,0.08377306,0.03169403,0.27117857,0.01038001,0.5806841,0.0,0.0,0.0,0.0
ENSG00000198108,24.058916,12.20004,292.98508,458.292,54.168007,4.851385,235.3292,217.57227,25.526937,132.89803,1.2567804,1178.3676
ENSG00000198216,12.137218,16.52315,7.7529597,503.18607,55.869747,4.6803384,286.73398,2.1214535,32.032143,222.43672,27.754513,211.01385
ENSG00000198223,1.3538324,2.9571624,307.42404,5.565452,2.259368,1.4989026,7.5878158,0.4782139,3.8219345,3.967958,5.2320957,3.5778687
ENSG00000198286,1.6125175,2.876623,224.69273,11.814303,1.8697369,4.58627,4.122205,0.87203115,1.2353531,1.3713379,0.0,2.1448672
ENSG00000198483,1.2047598,8.402862,1.1188849,13.005832,10.549078,3.5860069,14.761322,7.277997,5.099964,1.3686975,5.9243793,30.928986
ENSG00000198515,0.3839282,0.52873087,2.6070478,1.7099293,1.3825272,1.4667983,1.7629933,22.675722,1.1714073,0.026906991,0.0,3.276427
ENSG00000198576,0.291835,2.134987,0.0,2.4241533,25.329609,2.9743032,7.259475,1.6629348,8.291731,0.026906991,0.0,0.0
ENSG00000198633,4.09913,5.069099,1.0006965,11.159293,3.6023066,0.5238372,6.9543834,0.74022293,4.4376307,6.719004,3.3083317,0.8838403
ENSG00000198732,142.57115,174.55646,20.977882,18.239058,1383.5175,8.779591,12.339156,9.222478,281.98315,7.439007,22.31295,9.774021
ENSG00000198734,0.41839924,29.85331,0.16659342,2.1612666,0.36062953,0.42435378,2.2080348,0.0,6.345652,4.4310617,0.0,0.37718654
ENSG00000198805,0.70931214,4.683344,9.777537,1.0155544,5.8599105,101.88059,2.2382908,26.324999,7.295762,1.0746434,2.6160479,1.1852821
ENSG00000198835,73.37131,4.682268,6.0285006,2.464846,1.5472652,4.053609,1.8338104,3.0695982,1.5184104,2.005941,0.0,0.8838403
ENSG00000198838,7.162968,1804.2247,17.425627,346.10538,11.201834,50.235523,204.48322,17.95913,672.5662,231.12784,23.56973,271.1664
ENSG00000198844,0.15858191,0.30627605,0.0,0.5680492,0.0,58.19174,0.8445917,14.932483,0.37112644,0.09953587,0.0,0.0
ENSG00000198963,17.5963,201.55698,5.9832687,75.85381,3.1900291,6.215129,59.340137,2.9104156,32.301643,668.84564,0.0,3.1469595
ENSG00000203386,4.3914914,6.285345,6.564586,13.753632,4.2971625,5.0340466,4.7201324,2.9530485,5.48332,4.883914,0.0,7.1557374
ENSG00000203685,0.7836373,112.94527,1.0029194,15.467798,17.053186,2.5131514,4.388692,11.442313,3.8258712,0.44755307,6.4413066,8.179852
ENSG00000203734,5.9237456,13.774673,2.3229144,6.6343737,4.274551,2.6164877,4.8291073,3.137931,199.5854,2.981238,11.6184845,5.1623597
ENSG00000203747,0.61013186,1.0972441,224.67772,0.40726873,0.4931515,1.5462867,0.14980838,0.7139296,0.8691074,1.1038445,3.8728282,0.0
ENSG00000203805,31.947044,51.408974,4.59564,36.346622,477.87625,1.1060654,22.335112,0.7225431,8.73068,1.47434,42.27873,5.01087
ENSG00000203883,0.09773585,0.27446526,0.12331865,0.18626118,0.1650247,154.51915,0.11149073,40.923832,0.10273205,0.12644286,0.0,0.8838403
ENSG00000203963,0.74697393,2.0188835,1.1609142,1.4935263,0.5713775,0.15317519,1.1666875,0.87887853,58.818592,0.6186617,0.0,1.2610269
ENSG00000204025,0.1441133,0.84892064,0.60719115,0.97102356,0.23187798,1.2135117,1.0980837,0.0,1.7848097,2.1095395,0.0,5.0866146
ENSG00000204065,2.0485864,2.273242,0.64004046,15.293878,7.532381,2.4628859,22.063728,1.1512412,0.7318479,14.910376,14.824329,5.8522034
ENSG00000204092,0.010356123,0.47589904,0.051893257,1.9820937,0.72681993,0.091147475,1.3006756,0.0,1.2807262,5.5188675,0.0,0.37718654
ENSG00000204099,0.5444086,1.8476831,1.5018295,1.3542215,95.459785,0.031812336,0.92571396,0.18855208,3.9213321,1.2283937,2.6160479,0.0
ENSG00000204110,0.14623676,0.05793165,0.10080114,6.190747,0.17913081,0.51393294,2.471096,0.039433125,0.10273205,0.30755025,0.0,36.73714
ENSG00000204128,15.151025,164.48233,4.135773,24.549633,32.614464,7.593881,23.866087,23.357307,36.425667,4.673139,4.1031027,15.907181
ENSG00000204252,0.05351542,0.10360014,30.892794,0.25860128,0.18179895,0.031812336,0.04150704,0.12553042,0.0,0.0,0.0,0.0
ENSG00000204278,86.88889,5.40817,9.155107,1.7650794,1.8732895,1.6538831,1.1724437,2.9603424,1.2937251,1.7609758,2.0515513,5.118315
ENSG00000204287,1.7948067,6.745973,433.35547,1.1276926,1.2851774,11.1830845,0.7959761,8.013642,3.3532119,3.366736,6.4888763,1.2610269
ENSG00000204301,0.54588866,0.34077108,8.531938,0.54908746,0.92463875,208.64297,0.41349933,52.485855,1.2271125,0.42505044,0.0,1.1852821
ENSG00000204472,0.6007523,0.89477676,91.78472,0.24648453,0.3851,1.1751816,0.24992713,1.4137123,0.13175681,0.2567727,1.2567804,0.0
ENSG00000204482,0.41245472,1.2524842,104.17708,0.30446863,0.8881628,0.2544596,0.23937117,0.2501912,1.6938763,0.2298657,2.6160479,0.0
ENSG00000204577,0.29161075,0.5769162,35.148594,0.25755212,0.41060552,0.57237077,0.43244693,0.23576665,0.45062423,0.0,0.0,0.0
ENSG00000204655,560.0294,26.992992,43.910854,6.723515,15.006442,10.140369,5.5026584,10.254692,6.9356146,5.8038597,16.755442,2.6940281
ENSG00000204695,0.03883058,0.0,0.0,0.13131896,0.0,0.0,0.08932398,0.0,40.04488,1.3405324,0.0,0.0
ENSG00000204700,0.0,0.02347821,0.0,0.05964968,0.0,0.0,0.04582306,0.0,25.630102,0.13453497,0.0,0.0
ENSG00000204711,0.2928023,0.52399254,0.34778947,2.3632262,0.35394347,0.031812336,1.4919304,0.17219457,167.13478,0.23492137,1.2567804,0.0
ENSG00000204767,59.900707,13.7867775,25.120934,54.410034,11.494765,1.6322926,48.308304,2.7805223,7.7943115,194.2074,4.1031027,58.94792
ENSG00000205038,0.31646717,1.0627265,0.8052611,1.1836829,0.44928387,23.482374,1.6999748,2.1125507,3.966959,0.20959528,0.0,0.0
ENSG00000205045,0.42036706,0.9080826,5.8608212,0.42761537,0.47897157,134.90155,0.9606518,30.928383,0.6000911,0.40906638,6.4413066,2.446309
ENSG00000205221,0.5368276,0.99535805,0.57404137,0.7732573,0.415131,1.1062771,0.9188921,10.590719,0.13175681,0.3694841,0.0,1.1852821
ENSG00000205279,0.1362544,0.3047983,0.11737671,7.151573,0.34248722,0.15317519,2.5362535,0.6750979,0.0,41.752728,0.0,12.015118
ENSG00000205488,0.04972521,0.0805721,0.0,0.3618781,0.0,0.05933514,0.4030451,1.295847,0.0,6.594842,0.0,0.0
ENSG00000205628,0.8594193,0.73490834,1.3478513,0.6218692,2.3955853,2.2075083,1.057866,0.4304864,1.427116,1.4729713,0.0,8.838405
ENSG00000205927,36.712906,4.7476783,7.958406,1.4274685,213.77977,1.8763034,1.1436912,1.7614175,1.2311846,2.9322839,0.0,0.0
ENSG00000206129,0.836034,0.93683624,1.3963313,0.89908355,0.91682357,0.24861218,0.9574633,0.43101472,1.5288532,40.64866,0.0,0.0
ENSG00000206190,1.2376481,3.0346098,4.04793,15.907281,13.594186,2534.2388,2.2127962,671.3251,52.779583,27.617,3.8728282,0.37718654
ENSG00000206530,26.29058,97.883415,38.76802,49.49773,43.19288,32.00372,38.096073,42.474728,1184.0007,27.924906,50.55331,48.971355
ENSG00000207955,341.5859,14.786172,32.60886,7.4691067,44.801357,13.792283,6.420789,11.573418,8.294653,11.722181,4.1031027,2.3705642
ENSG00000211689,0.36355698,0.20785831,0.18911093,0.12193196,0.07335148,61.696,0.123893194,14.942944,0.0,0.053813983,0.0,0.0
ENSG00000213085,0.13096902,2.3681705,0.22515701,0.25266263,0.09841468,0.8830107,0.16590999,0.1577325,148.139,0.026906991,0.0,0.0
ENSG00000213145,0.023956029,0.0,0.3221972,0.02027207,0.078079894,4.162172,0.0,29.013695,5.2663965,0.13032983,1.2567804,0.0
ENSG00000213186,35.58562,2.0681362,2.0723047,2.6237042,1.1543797,0.62873673,2.6068604,0.6541103,1.1296526,2.5483983,0.0,6.3793416
ENSG00000213578,0.08555662,6.076881,0.19336519,0.39390668,0.12747434,0.0,0.84627146,0.0,1.0161879,103.527016,21.470612,0.8838403
ENSG00000213694,0.15173164,11.554487,0.3485069,0.3081238,0.24186787,6.5245695,0.20855013,140.82904,10.1952305,0.4339931,0.0,0.37718654
ENSG00000213981,0.91313004,5.083808,0.9305376,3.4371188,3.177883,0.12136286,8.658808,1.1708348,4.61494,20.809906,0.0,0.0
ENSG00000214353,0.23051324,31.542084,0.6470635,0.27063,2.7079804,0.089550525,0.61395144,0.8580521,3.3551888,0.6225487,0.0,0.37718654
ENSG00000214402,15.707786,114.74578,3.8411286,3.410521,7.1107717,3.3692439,4.209247,5.215339,12.57078,2.3898487,3.8728282,0.0
ENSG00000214694,3.040356,10.955545,1.4079821,14.661813,4.04393,1.8098747,15.503086,3.969217,61.099895,171.01022,23.244318,12.782245
ENSG00000214787,0.1912889,0.36957437,32.019955,0.44530055,0.3224373,0.81353575,0.20102216,0.0,0.23448887,0.7931325,0.0,0.0
ENSG00000215041,1.3891336,1.5856434,1.197928,1.3697441,1.6398787,0.4764715,1.1371269,2.1680791,1.4647206,1.8462803,12.882613,0.37718654
ENSG00000215187,0.011426529,0.1829133,0.7379719,0.053540505,0.034833178,0.8053883,0.036849767,0.37570813,24.391968,0.0,0.0,0.0
ENSG00000215217,0.28907746,10.979719,0.33874398,7.960521,0.49248093,1.1167439,6.6415005,0.44685933,154.7989,0.0,0.0,8.599954
ENSG00000215475,0.28994158,0.8482897,0.38832214,26.205744,1.0981107,1.0072249,32.22507,0.0,14.901947,14.963495,0.0,77.1704
ENSG00000215612,1.1393765,3.155018,0.10080114,0.08685705,19.122679,0.031812336,0.012702144,0.9768427,1.0207593,0.23492137,0.0,0.0
ENSG00000215912,0.76185805,14.178247,2.2623203,3.1541963,1.3648174,1.1045496,3.4809313,2.8995738,234.42178,1.8967918,2.6160479,2.8234956
ENSG00000218357,0.0716515,0.08086982,0.19093174,0.06627106,0.0,9.8951,0.012702144,0.7519802,0.0,0.026906991,0.0,0.0
ENSG00000220008,0.10361742,0.09193492,0.3884575,1.8113388,9.686142,0.031812336,1.5178432,0.0,0.09199717,0.555902,0.0,1.6382135
ENSG00000220161,0.04407343,0.1525046,0.92568165,0.69357294,0.39684618,0.0,1.0710057,0.70115167,0.937312,1.9843479,2.6160479,8.674161
ENSG00000221887,16.140701,0.7240086,1.153051,0.40379146,1.3326824,0.78912926,0.44181773,1.3471408,0.2054641,0.09953587,0.0,0.37718654
ENSG00000221946,5.127767,4.8605533,4.030231,45.136135,0.9218884,1.3517632,22.674425,0.27464935,0.09199717,8.036875,0.0,22.53424
ENSG00000221968,19.515919,100.753,8.650083,21.57407,36.254055,11.433558,22.049324,32.705196,25.726004,11.849596,5.1296086,13.126193
ENSG00000223351,0.011454305,0.0,0.21004508,1.6849563,0.20669454,0.089550525,2.2086802,0.0,0.0,0.026906991,24.701756,0.0
ENSG00000223462,0.27985403,0.4058051,0.34525645,0.1297188,0.038518306,0.0,0.26884902,0.90659004,0.60466254,6.4580393,0.0,0.7543731
ENSG00000223770,0.5642955,0.15213074,0.0,0.7089451,1.131824,0.05933514,0.2926649,0.14050539,0.0,12.229811,1.2567804,0.37718654
ENSG00000223786,3.7778177,7.086882,2.869304,5.469109,4.16264,29.117609,2.805606,7.3191304,4.0846663,4.056898,5.1296086,2.3168418
ENSG00000223838,0.41973716,1.9345928,1.1182818,76.45354,0.7683884,5.3243623,12.256454,4.005111,42.27632,0.31447366,0.0,267.17807
ENSG00000223930,0.3516424,1.0023372,0.687585,8.231361,4.8204646,0.9555828,6.800379,0.30601934,0.50809395,73.31101,0.0,1.5087461
ENSG00000224153,0.48364913,1.6469406,0.41077328,1.8216138,0.6970605,0.12295981,2.0302413,0.7397017,0.78408545,0.47634974,36.190994,0.0
ENSG00000224184,4.0047226,6.0504684,5.5027003,8.099988,127.454155,6.2549534,8.9423485,5.5900526,11.976603,7.958724,3.8728282,3.1249373
ENSG00000224189,34.29332,1.6144179,1.4684176,0.4351841,0.30137044,0.15477213,0.37230366,1.1689585,0.60466254,0.96003044,0.0,0.0
ENSG00000224272,0.070535906,0.21744189,0.16763061,0.008041128,16.56056,0.0,0.0,0.0,0.10273205,0.0,0.0,0.0
ENSG00000224383,0.049141634,0.2215887,0.07670591,1.6527082,0.0,1.8404756,1.251534,0.07886625,100.27884,0.09953587,0.0,1.9396553
ENSG00000224445,0.64282614,1.4578998,2.6637368,1.5783691,0.50578946,0.31383383,1.2184104,0.88247275,108.30647,0.36828762,2.6160479,0.37718654
ENSG00000224825,1.358163,8.767541,0.48980072,3.2715292,0.15164405,0.48773536,2.6570263,0.50499135,6.6682267,20.524773,0.0,1.1852821
ENSG00000224842,0.020740021,0.8231849,0.0,1.4538727,0.0,0.0,0.22970948,0.0,4.5954595,0.09953587,0.0,21.554174
ENSG00000224893,0.15734807,0.19169603,0.10554114,0.22729096,0.0665272,0.0,0.3112901,0.0,0.0,0.3668321,10.591979,0.0
ENSG00000224910,0.015570351,0.03445344,0.0,0.14915511,0.0,0.0,0.018424883,0.0,0.09199717,0.0,6.4413066,0.0
ENSG00000225096,88.08802,79.524925,9.947491,102.30832,438.7541,13.028638,99.402435,74.43655,116.43964,64.18147,9.462986,22.71897
ENSG00000225140,25.934404,1.7641735,1.6842334,0.34901115,1.2419896,0.8969671,0.8618425,0.39211664,0.39527044,0.2986076,0.0,0.37718654
ENSG00000225243,0.016884245,0.85979944,0.0628069,0.0,18.01837,0.6157103,0.0,2.4943752,0.0,0.0,0.0,0.0
ENSG00000225376,23.131107,1.5108117,2.685038,0.9144724,1.5254688,0.0,1.1361184,0.59509516,1.8292602,0.31722325,1.2567804,1.1315597
ENSG00000225383,0.10813954,0.28473333,0.013899013,0.87128013,0.19016236,4.0321803,0.18117414,36.063362,0.0,0.20801437,0.0,0.0
ENSG00000225421,2.9311724,3.499306,2.6968203,5.595302,3.292176,0.653074,4.1078196,2.8903983,235.16818,4.3157907,2.0515513,6.530832
ENSG00000225614,0.42650604,2.8585622,6.2432003,1.2871864,17.315516,0.0,1.5545051,0.77593213,2.8966067,1.496745,0.0,1.1852821
ENSG00000225930,0.16078511,0.79259986,0.39162502,4.1584363,0.08721434,8.65332,1.9075145,2.5619695,1.6560386,0.12644286,0.0,28.85172
ENSG00000225937,50.773373,2.8615928,1.5784707,9.578078,4.57448,1.2428459,6.8918915,1.0059108,9.765197,2.2715425,8.668215,6.6065764
ENSG00000225968,4.407245,0.7505402,1.3541445,6.7383194,2.6992173,16.379225,9.301133,7.417682,0.10273205,0.026906991,0.0,34.465473
ENSG00000226053,0.24384545,7.066176,0.85568905,33.211273,4.980682,0.0,22.946983,0.24294668,30.434479,0.0,0.0,72.66071
ENSG00000226070,0.007140118,0.30594176,0.0,2.6618583,0.9340182,0.0,1.2262007,0.0,0.0,11.710941,0.0,1.7676806
ENSG00000226276,0.17228392,0.17443901,0.1395128,0.3807005,0.35100627,0.0,0.25067565,0.16408044,0.13175681,0.805006,8.954867,0.0
ENSG00000226321,0.16027218,0.41544896,0.47886068,1.03539,0.20428357,0.16490906,0.9483496,0.7796562,211.69331,0.23492137,0.0,0.0
ENSG00000226447,0.27563208,0.090453394,0.15537095,0.12121686,0.2424924,0.06362467,0.12975897,0.14050539,0.8315328,0.0,6.4413066,0.0
ENSG00000226476,3.6490378,301.7718,2.298232,9.799975,15.415219,1.6157143,4.2929554,0.30601934,67.938995,5.9836035,2.5135608,7.995533
ENSG00000226496,23.95387,0.48334268,0.4856486,0.27128705,0.47085425,0.841247,0.14013898,2.4424782,1.2761549,0.23650226,2.6160479,0.37718654
ENSG00000226644,0.028220307,0.20014967,0.013899013,0.37538493,0.039561592,0.0,0.2112233,0.0,25.951176,0.026906991,0.0,0.37718654
ENSG00000226690,1.0919027,2.7743475,1.6876347,2.2472346,1.3022017,2.6301908,2.4323888,2.4891925,206.24532,1.1537685,0.0,1.6382135
ENSG00000226764,9.574757,1.0440024,0.45464742,0.2968821,0.72760695,0.6251216,0.30724913,1.13289,0.0,0.26182836,0.0,0.0
ENSG00000226828,2.0998917,6.5929637,1.4651812,8.589736,40.560654,1.2586262,3.7152364,0.86396235,3.6074185,4.7740293,7.6980867,2.6403058
ENSG00000226939,0.21192008,0.20850919,1.235246,0.45542306,24.259224,0.0,0.9386215,0.0,0.3372209,0.0,0.0,0.8838403
ENSG00000227016,0.2792575,0.6677645,0.0,16.600515,1.3348682,0.0,16.489367,0.0,0.2683944,12.031306,2.0515513,35.133297
ENSG00000227036,76.46856,401.30545,15.260171,41.087612,1007.8639,9.99483,28.21687,7.1023793,214.81567,13.216327,136.10895,13.019156
ENSG00000227078,0.3133098,0.65142214,0.013899013,1.6488678,1.6340854,0.51393294,1.5181292,0.0,0.8600581,1.2419097,15.7765045,1.9396553
ENSG00000227191,0.5067076,0.6288036,0.7618097,0.45996717,0.5999828,87.68295,0.5229466,24.796684,0.09199717,0.85358304,0.0,0.0
ENSG00000227206,0.054718338,0.1927946,0.0,0.20888597,0.0,0.0,0.18814173,0.0,116.05277,0.49169406,0.0,0.37718654
ENSG00000227220,26.58676,25.42254,7.4880977,67.272,265.50815,19.828386,52.509323,22.563795,33.532944,1.2096353,0.0,29.8175
ENSG00000227392,92.693245,11.767327,7.8864975,1.45657,1.6306542,2.143872,1.0697213,1.189853,1.3518169,2.00709,14.139394,2.446309
ENSG00000227432,0.30628422,1.6331532,0.21108228,0.36949244,12.787101,0.14888567,0.64133614,0.46555823,0.13175681,2.2470245,1.2567804,1.1315597
ENSG00000227531,1.7331127,0.8017404,72.30192,0.8318817,0.39026347,2.3052728,0.57275814,0.14050539,1.6325359,0.9227341,1.2567804,2.446309
ENSG00000227542,0.009942268,0.24497986,0.0,0.6186251,0.10476234,1.3923577,0.5903197,11.581973,0.0,1.1099564,0.0,0.0
ENSG00000227544,33.288807,3.3659258,2.8106108,0.39878175,0.61835164,2.0989249,0.23770605,1.4827083,0.69761246,0.89712113,0.0,0.0
ENSG00000227579,1.089397,2.9670408,1.4822719,7.371779,1.9809387,0.24432264,3.5656908,2.074982,1.3759823,0.74510455,0.0,0.37718654
ENSG00000227695,0.65576774,16.16404,1.3611057,1.7855293,1.8990723,1.291098,1.6496984,5.1551976,0.84988624,1.5445031,2.6160479,0.7543731
ENSG00000227712,0.34688208,1.0970454,0.39252618,7.106216,3.8368552,0.3607291,12.264016,1.2220155,1.0161879,1.1352996,0.0,6.325619
ENSG00000227877,0.38973448,0.4599853,0.54699594,0.8542138,1.6494747,0.06362467,0.8365196,0.0,0.13175681,1.0318177,26.655136,0.8838403
ENSG00000227895,0.17918962,0.13748,0.03799424,1.7652543,0.039561592,0.0,0.9662357,0.0,1.8488461,0.09953587,0.0,6.810251
ENSG00000227954,4.18139,7.233635,1.6198536,23.335516,1.2228097,1.187923,2.893758,0.12553042,11.530604,1.4921372,2.5135608,1.5624686
ENSG00000227963,5.980551,7.6533217,7.2583356,5.7045445,4.062076,4.0580363,7.475957,2.361516,4.922757,72.718544,24.621536,3.3301494
ENSG00000228058,0.41702023,0.35312498,84.51861,0.17498697,0.50324667,0.8099131,0.06565466,0.4618189,0.13175681,0.19907174,2.6160479,0.0
ENSG00000228162,0.12648451,0.14221935,0.14242221,0.017587496,0.069666356,0.089550525,0.15528765,0.039433125,66.67186,0.0,0.0,0.37718654
ENSG00000228222,17.380594,105.15357,4.816688,374.28415,145.80292,4.743141,409.04245,57.111084,123.03137,125.064926,302.42935,815.5806
ENSG00000228401,0.19664459,0.17514966,0.12963638,0.10262012,0.069666356,10.639133,0.18874983,1.9300084,0.23448887,0.0,0.0,0.0
ENSG00000228408,0.0,8.175758,0.15444903,0.008240252,0.0,0.18229495,0.0,0.2665862,1.6162789,0.026906991,0.0,0.0
ENSG00000228459,0.0306585,0.059025582,0.9163656,0.11799529,10.497542,0.089550525,0.02076002,0.086097285,0.0,0.09953587,0.0,0.0
ENSG00000228484,0.056342233,20.546083,0.49474838,0.61245525,0.27055243,0.9291739,1.3123318,0.11829939,2.9895654,0.3882712,1.2567804,0.37718654
ENSG00000228495,0.39793396,2.2106895,0.35721633,7.0452085,21.11514,2.1997511,4.5710416,0.5444245,1.0369968,0.0,0.0,4.2027745
ENSG00000228624,464.8002,59.201622,72.022285,52.150757,57.396927,9.933345,45.86015,10.555373,27.905102,22.222809,29.90855,55.943905
ENSG00000228651,2.220151,6.903459,1286.8174,3.148648,3.8213708,4.2363477,1.756865,3.4252222,0.7771102,7.286456,50.91412,7.8250957
ENSG00000228719,0.19893003,0.15184449,0.0,0.06106448,0.039561592,0.089550525,0.32330814,0.039433125,0.6743782,0.23492137,6.4413066,0.0
ENSG00000228793,155.30345,8.312067,10.923745,2.7602885,6.708755,22.046638,1.8410347,10.510259,1.7882888,1.9654953,2.6160479,1.1852821
ENSG00000228824,1.1820067,10.327865,0.69177306,46.41209,11.914471,0.8369576,32.37763,0.07886625,7.563015,29.202984,0.0,136.11485
ENSG00000229140,5.1082244,7.71701,605.3745,7.6703506,10.249165,4.1049876,9.2234955,3.6228354,8.540153,24.350042,6.6166635,7.6623917
ENSG00000229308,0.15970716,0.0933728,0.3765625,2.921239,0.2810893,14.319717,1.4415632,2.5303845,0.2759915,0.5032567,0.0,1.1852821
ENSG00000229453,0.69319385,1.4446558,0.71533024,1.2474247,1.200854,27.140497,0.9289785,7.234076,0.2683944,0.28367966,1.2567804,0.7543731
ENSG00000229618,5.9760823,11.915923,16.490326,44.94946,16.014206,16.25743,26.627272,11.357558,10.547416,9.262932,14.490107,29.07434
ENSG00000229953,0.092851214,1.0481353,0.10554114,0.051655494,5.120608,1.3437345,0.21014494,1.3747134,0.0,0.0,0.0,0.0
ENSG00000230010,0.1466861,0.10336032,0.14145818,0.6331257,0.1684071,0.031812336,0.3447114,40.0225,0.0,0.57095945,0.0,0.37718654
ENSG00000230051,0.10513138,0.16308051,0.13127571,6.3510942,0.43177453,0.14259832,0.80544335,0.5361881,0.19472922,0.5928108,0.0,1.1315597
ENSG00000230062,0.008628372,0.08833572,0.08162162,0.016082255,0.0,0.22157197,0.01038001,0.0,27.880173,0.0,0.0,0.0
ENSG00000230223,0.04218424,0.3637453,0.103477694,8.681032,10.6806555,0.0,6.1087813,0.0,0.0,0.16232027,0.0,48.591095
ENSG00000230426,5.4161215,14.245792,25.976229,10.447977,10.371623,4.7535005,6.6490083,2.6079352,27.202768,3.3962064,210.96031,4.537454
ENSG00000230479,0.23613997,0.28372115,0.48221654,0.7814286,0.26948062,15.589608,0.3780714,3.9725769,0.22375397,0.7181975,0.0,0.0
ENSG00000230500,0.0067999517,0.29579297,0.0,0.4331933,0.0,0.0,0.4779418,0.0,0.9891775,0.0,0.0,5.0866146
ENSG00000230525,0.05028743,0.046118654,0.0,0.21051706,0.10476234,0.0,0.2792643,0.070252694,0.7680609,0.0,11.514538,0.0
ENSG00000230615,11.355091,10.777186,6.059503,1.4888581,32.4408,1.0059578,1.354353,1.7512952,4.516462,0.9784727,0.0,1.6382135
ENSG00000230630,0.71514726,0.118055776,0.013899013,0.17559291,0.65692663,0.92806,0.20118195,10.950342,0.13175681,0.18922725,0.0,0.0
ENSG00000230749,2.378692,0.5115079,0.08988749,0.2587557,1.3498107,0.0,0.02076002,0.0,2.0145082,0.026906991,16.652954,0.0
ENSG00000231057,0.43886766,1.0521439,0.20971154,0.19834338,0.2600803,0.0,0.101295926,0.19633351,62.640034,0.0,0.0,0.8838403
ENSG00000231107,2.2551498,1.0411578,1.027795,1.2295779,1.2279458,1.2966421,3.757107,1.3027833,1.181211,40.036407,3.3083317,0.37718654
ENSG00000231131,0.0106296,0.119763546,16.861126,0.067643866,0.0,0.089550525,0.031127028,0.086097285,0.13175681,0.0,0.0,0.0
ENSG00000231171,16.625662,1.5349555,1.8117324,1.7280759,1.5289998,0.5378045,2.7036047,1.3180306,0.6239473,0.5252654,0.0,0.7543731
ENSG00000231246,2.5265882,156.17287,17.455124,3.5835993,2.366346,54.23146,2.5246825,27.790586,20.912077,1.4595693,6.6166635,9.40805
ENSG00000231252,1.0516307,237.22525,3.11707,5.4616733,20.199018,1.3283156,7.13582,0.6909049,75.88166,4.1015606,9.104924,5.09783
ENSG00000231427,34.425957,1.2270832,1.1213939,0.16584279,0.76269495,0.031812336,0.43359137,0.39266703,0.36039156,0.61479944,0.0,0.0
ENSG00000231557,0.5466648,1.0727595,0.417926,0.6224868,0.27479863,0.23214884,0.611101,0.16408044,399.1896,0.41602874,0.0,0.0
ENSG00000231758,0.06830785,0.32694542,0.48405182,0.6046447,5.723058,0.0,0.34243786,0.0,0.0,0.0,0.0,0.0
ENSG00000231764,0.1511582,0.3681224,0.2458999,13.751846,0.46264517,0.11078598,96.363815,0.67451185,0.10273205,0.026906991,0.0,0.0
ENSG00000231824,0.236067,0.06890688,0.0628069,5.343125,0.1650247,0.05933514,2.7934313,0.039433125,0.0,0.16144195,32.114647,0.37718654
ENSG00000231826,0.29194075,9.959157,1.6858844,0.050656807,0.05238117,0.68285984,0.37042132,0.19633351,0.99511594,0.0,0.0,0.0
ENSG00000231871,27.03048,25.426502,19.204689,15.193332,114.25263,16.85296,18.191603,16.737473,7.8510313,10.578863,4.565112,15.357613
ENSG00000232046,1.5092576,0.9945852,1.0499259,3.7588117,1.5493531,0.2242442,2.3134217,0.086097285,8.98055,1.1541464,327.1939,1.1852821
ENSG00000232077,1.7296063,0.9038219,0.4593902,2.0726035,2.2468812,2.5077136,1.3875691,1.969831,0.6270636,2.7334456,1.2567804,6.2498746
ENSG00000232084,0.027552756,0.05793165,0.0,0.6248473,0.0,0.0,0.54802287,0.039433125,0.10273205,5.040463,0.0,0.0
ENSG00000232560,16.388752,0.80671847,1.7856399,0.086587004,0.28297934,0.34989658,0.07928522,0.5361881,0.09199717,0.0,0.0,0.0
ENSG00000232591,0.10498571,0.45034102,43.48458,0.18720108,0.20901197,0.27117857,0.08252979,0.14050539,0.439953,1.5521114,0.0,0.0
ENSG00000232682,1.4703274,0.23899202,0.08162162,0.5976847,0.8638427,0.0,0.8375303,0.50499135,0.23448887,0.080720976,8.954867,0.37718654
ENSG00000232892,1.413804,1.6076125,0.3469292,0.47878647,0.4799733,0.5195477,0.6518632,18.993929,0.41086453,0.026906991,0.0,1.5624686
ENSG00000233024,0.45866984,0.8322584,0.15907374,0.9546783,0.60058135,0.031812336,0.9955732,0.4410318,0.61082596,0.5301637,12.882613,0.37718654
ENSG00000233044,0.38655427,0.49389413,0.6613095,0.34566146,0.6631895,0.15048261,0.5588453,0.38345206,0.42159945,0.15334985,6.4413066,0.0
ENSG00000233117,0.03945799,0.094169,0.051893257,0.10247014,0.0,2.000174,0.04368614,14.242509,0.41086453,0.026906991,0.0,0.0
ENSG00000233143,1.9339875,1.8561326,2.8791022,6.2908416,27.60299,1.4088861,4.9448824,2.329479,5.802531,5.969871,4.565112,1.2610269
ENSG00000233359,64.97835,1.6495606,1.6251621,1.2407918,0.5254982,0.6989205,0.6796999,0.8627668,1.342344,1.04529,1.2567804,0.0
ENSG00000233410,7.288948,0.13781376,0.19581251,0.13048272,0.5001175,0.5592339,0.34063575,0.0,0.0,0.641763,0.0,0.0
ENSG00000233818,0.6781669,1.0936391,2.0044463,1.0684392,0.5147078,32.655487,1.2915931,6.6368194,3.2270539,0.8015355,0.0,0.0
ENSG00000233928,2.5937579,4.3827643,1.0263482,10.364544,0.35876453,1.1113175,3.234356,4.671344,1.1705182,0.21613427,0.0,1.1852821
ENSG00000234021,0.11733907,0.13104825,0.14145818,7.3027363,0.2498653,0.0,3.4415185,0.0,0.13175681,3.6676667,0.0,0.0
ENSG00000234173,0.5912388,0.9405203,0.28745463,6.862439,43.361973,0.678842,5.969868,0.46555823,0.9601733,4.4725485,0.0,10.324719
ENSG00000234261,2.5207434,4.5023656,4.4696016,12.752194,2.2657604,2.938736,6.0495944,3.3347769,1.9274414,3.6227489,3.3083317,7.4146714
ENSG00000234277,0.15773737,0.22468153,0.26297554,0.17858504,0.40223333,0.7736046,0.22769624,0.070252694,0.23448887,0.30755025,6.4413066,0.0
ENSG00000234352,2.4525695,4.0632915,3.6748955,9.83868,3.8321679,1.0668913,14.154859,3.7551696,5.4198823,41.92631,3.3083317,7.360949
ENSG00000234377,5.203013,1690.9052,12.900568,105.82746,11.5834465,10.944199,10.6263275,4.95578,294.96368,5.202381,17.645351,13.739883
ENSG00000234626,0.009184253,0.0,0.103477694,0.7301665,0.06661002,24.256605,0.23416242,3.0798697,0.0,0.2887631,0.0,0.0
ENSG00000234690,161.07494,33.12112,11.186893,8.463777,13.288479,8.031952,7.0573606,3.9112291,34.903378,4.9884686,25.783178,8.847673
ENSG00000234693,0.15797256,0.26645672,0.013899013,0.2538582,0.20334955,0.0,0.043842174,9.745659,1.1366127,0.20801437,0.0,0.0
ENSG00000234883,0.9265432,1.1074141,11.147751,1.5672387,2.7544565,41.760616,1.9788941,10.854287,0.9166335,2.3757586,2.5135608,0.37718654
ENSG00000235109,67.77688,5.029304,6.7398653,6.6168656,2.7247806,12.8078575,4.5285535,8.887422,2.1925578,2.5129464,13.981989,7.510902
ENSG00000235189,65.03802,7.9441147,11.848762,4.4052863,3.3315988,3.5396194,3.7583594,6.346202,6.702732,2.387463,8.954867,6.271897
ENSG00000235387,0.57405037,0.7451157,0.04169704,1.7459621,0.62790316,118.01651,1.3877445,34.682358,3.6870346,0.5309261,0.0,1.7676806
ENSG00000235448,124.19678,2.2349126,13.056388,9.508923,2.8035345,3.6327398,12.852216,3.1990614,0.10273205,5.3888993,11.801189,1.8859328
ENSG00000235531,0.50892735,1.8173264,2.1181195,8.920948,0.58010143,3.8623276,3.441434,234.68369,2.0457253,0.026906991,2.0515513,0.8838403
ENSG00000235532,0.13293809,0.21513778,0.11470015,0.8065599,5.916714,0.091147475,1.3500711,0.5361881,0.0,0.0,0.0,0.37718654
ENSG00000235665,0.33528712,74.10493,0.9755922,3.0998251,4.080658,1.7843773,6.0369945,0.3131994,12.551704,0.47446007,0.0,0.8838403
ENSG00000235806,0.037554946,0.0,0.091642134,0.6527782,0.0,0.0,0.7967438,0.0,0.09199717,6.564289,0.0,0.37718654
ENSG00000235885,0.84824365,0.94760853,0.1801836,1.9804417,0.45542297,0.47874287,2.0422459,2.4280849,0.0,0.5978665,71.65413,0.37718654
ENSG00000236166,1.1268739,1.4243064,0.40276787,5.2634997,22.020906,0.53918624,3.6963644,0.0,1.0552868,0.026906991,0.0,3.9330328
ENSG00000236197,9.015159,336.78958,2.7076945,12.43671,18.512344,4.090673,12.766819,2.9084096,38.62391,5.471922,3.770341,15.475863
ENSG00000236376,0.011256164,0.05599996,0.013899013,0.0,0.0,0.05933514,0.0,6.7711987,0.0,0.0,0.0,0.0
ENSG00000236451,0.5144828,0.79123557,0.5640808,12.459332,1.6325809,0.4616051,7.49586,0.0,4.462203,0.58559054,0.0,1.1852821
ENSG00000236790,0.92450315,307.30545,4.5272946,13.000818,24.92683,4.0291,13.5609865,1.3677033,77.62346,0.68162394,0.0,8.847673
ENSG00000236922,0.7249243,0.98295844,0.58912635,7.7524586,0.47637245,2.3948274,2.6415966,0.039433125,1.6249593,0.6220239,2.0515513,0.0
ENSG00000236948,0.96349627,2.1032884,0.47367632,8.361185,2.7627072,0.23843618,7.21622,0.16408044,0.09199717,41.241524,0.0,17.31775
ENSG00000236963,0.37016153,1.8193574,139.11983,2.4140625,0.5317314,0.0,0.7525119,1.1726258,1.0263256,2.284006,5.2320957,2.0691226
ENSG00000237125,1.1161295,1.1704209,1.1259242,1.6041558,1.6923608,0.30165997,1.7330241,0.45369127,0.97090816,1.2297456,20.516975,0.8838403
ENSG00000237152,3.4707,3.0959022,398.1011,1.5423317,2.7500398,2.5839355,2.5302885,0.9342218,0.60466254,1.946407,0.0,3.276427
ENSG00000237166,48.879383,3.3991117,5.275418,0.74975604,2.554365,2.2923942,0.77431035,0.27519977,0.13175681,0.42893744,2.6160479,0.0
ENSG00000237316,0.0,0.124296784,0.0,1.7716904,0.0,0.0,1.4358974,0.0,0.10273205,0.2259787,0.0,5.216082
ENSG00000237372,0.24983014,22.551577,1.7712234,0.6549496,1.432509,1.2389039,0.42052191,0.5248406,1.4713835,1.710675,2.0515513,0.0
ENSG00000237480,0.6252188,2.180418,0.523927,1.0913512,15.881156,0.3607291,0.72950155,0.707618,0.4292181,0.7351028,0.0,0.8838403
ENSG00000237484,0.6530045,1.1700153,191.97382,1.1344216,0.55818284,0.06362467,0.57638586,0.7822628,0.7073946,0.9601604,2.0515513,0.8838403
ENSG00000237596,1.6136743,25.111961,5.281536,13.513253,21.078794,20.98705,10.975174,182.67906,13.118581,5.1531153,1.2567804,4.0308
ENSG00000237667,0.31619182,0.5967678,0.44111398,5.1731625,0.5583162,0.24272572,4.1699185,0.0,0.7425828,3.0777855,2.5135608,17.03874
ENSG00000237844,3.491945,17.149845,2.3878462,62.358852,4.114667,2.445613,13.675323,1.2790736,12.307257,5.9330883,1.2567804,2.6515212
ENSG00000237880,0.3154248,0.60825133,0.45119125,5.886764,0.28521797,0.031812336,2.3732934,0.4700998,0.18399434,2.1390908,0.0,0.37718654
ENSG00000237919,0.15376122,38.356697,0.19511981,0.55766016,1.1553009,0.12136286,1.0877649,0.16408044,1.0207593,0.46636796,0.0,0.37718654
ENSG00000238217,77.95501,2.204231,5.4465938,0.79152226,0.91146755,0.65693396,0.47762918,0.19633351,0.19472922,2.2903638,0.0,0.0
ENSG00000239498,0.69966835,1.8135921,0.44773033,18.688004,0.07439477,0.62873673,10.402778,0.039433125,3.977429,1.2201579,0.0,1.5624686
ENSG00000239513,0.02212681,1.0774134,0.3484136,1.6225483,0.15351795,0.0,39.01606,0.0,3.3296177,221.30705,0.0,1.1852821
ENSG00000239572,0.2678623,0.38346723,0.2597989,1.8903325,0.12677594,0.5317111,1.6783013,1.7504125,0.23448887,1.2414348,0.0,5.9264107
ENSG00000240021,0.06460187,0.09972465,0.03799424,0.18214478,0.0,0.0,0.21700121,0.10968582,0.0,0.26833537,5.2320957,0.0
ENSG00000240053,0.59427476,0.6319433,0.33382827,0.37379134,0.49248645,0.22945625,0.39350346,0.5979322,0.50809395,0.26065966,6.4413066,0.0
ENSG00000240373,0.094962545,0.13058421,0.1650157,0.08738398,0.098304056,0.0,0.27493495,0.8671569,0.8139014,0.0,6.4413066,0.0
ENSG00000240405,125.33192,4.956076,5.686255,2.6819348,4.130743,1.8445381,3.4222848,2.5674481,1.7787873,1.5733863,2.6160479,19.493189
ENSG00000240583,3.2158813,536.8827,7.8284426,3.3773887,5.3177385,14.447263,2.8858519,20.722815,38.65734,3.5178227,11.801189,2.9529629
ENSG00000240687,10.192518,0.6465847,0.4794738,0.25787774,0.906319,0.12295981,0.29069382,0.039433125,0.7694916,0.0,0.0,0.37718654
ENSG00000241131,0.0,0.09828854,0.0,0.098735526,0.0,0.27117857,0.0,0.51671296,0.0,0.0,5.3598833,0.0
ENSG00000241345,211.06612,7.1071897,11.063587,1.8524327,1.9580928,0.5295193,2.0791128,5.6392484,1.0968109,0.7287211,0.0,2.747751
ENSG00000241359,0.15482634,0.13998526,0.013899013,1.9364343,0.15382437,0.0,2.821208,0.16408044,0.09199717,7.979515,2.5135608,0.0
ENSG00000241792,0.0,0.04914427,0.0,0.12549974,0.0,0.0,0.028804893,0.27466476,0.0,0.0,12.309309,0.0
ENSG00000242265,28.824694,8.83558,7.9355197,154.3694,14.373514,3.9455032,168.5869,4.453351,20.243822,28.357578,58.233448,410.44284
ENSG00000242574,0.44684312,1.8849403,119.3384,0.77891296,0.4139047,3.6240602,0.51125723,0.6975855,0.2683944,0.43065563,6.7191505,0.0
ENSG00000243710,1.2478948,4.2007346,0.92276365,4.6195717,1.0734757,1.7562493,2.8109038,0.20439668,106.745316,1.639789,0.0,3.0287077
ENSG00000243910,0.1814429,0.63599247,0.07969128,0.5175028,0.07703661,0.05933514,1.1429609,0.16408044,93.19411,0.13032983,1.2567804,2.0691226
ENSG00000244300,0.07880309,0.55356044,0.03799424,0.46114635,0.17128955,110.86658,12.72058,25.765888,0.0,21.91042,3.3083317,0.0
ENSG00000244349,0.27742597,0.7080899,0.2858867,0.38776034,0.25425026,0.33480322,0.33353212,0.039433125,0.18399434,0.18414381,6.4413066,0.0
ENSG00000244694,1.1395425,26.807543,79.86567,114.204,1.7940681,55.732094,175.09837,37.598392,6.53385,502.11923,0.0,88.42803
ENSG00000244757,0.31961396,19.501879,0.62508184,2.6195786,6.1386366,0.46021253,3.8760607,0.6064408,1.7134283,5.813971,0.0,1.5087461
ENSG00000245248,1.1685828,16.34743,0.6162541,11.500548,5.0342,0.97414553,14.971841,8.748611,225.60356,8.419578,6.4413066,0.37718654
ENSG00000245293,258.67804,25.67614,14.871289,24.538708,7.8947234,6.180861,25.19522,6.1264954,16.92384,16.935001,6.4413066,18.427698
ENSG00000245384,23.67655,14.093424,1.7831184,66.71188,25.765913,0.8443893,46.132645,0.16408044,9.750639,27.740154,18.465424,36.575977
ENSG00000245812,0.047100045,0.24989362,0.03799424,1.1355172,0.9580366,2.3900406,0.24378304,18.269035,0.09199717,0.0,0.0,2.0154
ENSG00000246016,0.017186148,0.021546518,0.0,0.70001596,0.1750005,0.0,0.22731972,0.0,34.88128,0.0,0.0,0.0
ENSG00000246859,1.4915619,3.4765418,2.5083487,19.792189,9.695484,16.296629,16.436028,3.2528214,1.5266682,19.640377,94.68883,7.3072267
ENSG00000247131,0.64392626,0.25080138,0.31318924,0.96019655,16.678347,0.0,1.3382972,0.1577325,0.69761246,0.6270796,2.5135608,1.2610269
ENSG00000247675,4.760733,11.119704,1.6367481,1.3024825,31.180391,0.5195477,0.85447174,0.69932365,2.304491,0.44599995,0.0,0.0
ENSG00000247765,2.3568099,2.1662781,5.302036,7.894219,3.5941904,1.1020926,9.984069,2.1674428,4.296186,4.362859,6.2839017,23.94635
ENSG00000248184,0.95254594,0.4391158,0.0,7.384789,49.64916,0.031812336,4.746481,0.039433125,0.23448887,0.27979273,0.0,0.7543731
ENSG00000248222,0.12967965,0.2467083,0.11737671,0.79684734,0.41508344,0.0,0.33151457,1.0954622,0.13175681,0.3668321,11.0539875,1.1315597
ENSG00000248300,0.088940315,0.27336672,0.08162162,2.4529533,0.36900204,15.696195,3.1690376,1.9949993,0.0,2.5737429,0.0,0.37718654
ENSG00000248323,42.936306,5.987558,4.7893624,2.5983822,0.2603747,1.1185082,5.420702,1.6485502,5.970154,0.20959528,0.0,6.530832
ENSG00000248550,2.262919,70.03766,4.714519,7.8776064,24.312365,0.6853667,78.677956,2.4581175,68.94755,1364.0698,5.0271215,13.654869
ENSG00000248587,16.176796,1.6988177,1.4055212,13.421893,54.673485,2.455861,8.171134,0.5181975,0.09199717,20.99863,231.59695,2.2631195
ENSG00000248636,3.4005537,6.464974,18.871157,19.919298,4.635005,154.68335,20.38786,34.238705,32.174484,18.297665,0.0,12.264374
ENSG00000248677,0.6970721,2.6114361,0.81331927,2.8350046,2.4425282,1.0070862,3.125696,0.10968582,0.46312362,2.2670312,22.115324,2.8992405
ENSG00000248710,63.58997,3.4322715,6.188313,1.7690749,3.3303123,3.4396744,1.946128,0.94229925,4.0359063,2.2356744,2.5135608,1.1852821
ENSG00000248869,48.358433,2.2640378,5.2235265,1.9046494,0.7600281,0.38915327,0.8653795,5.3688855,5.316611,0.23650226,0.0,1.5624686
ENSG00000248896,0.49028274,0.539826,0.6154303,1.4967529,0.50558335,27.511534,1.148489,4.2947803,0.09199717,0.39636332,3.3083317,0.0
ENSG00000248995,0.25179553,1.5058185,0.6187302,5.5876956,0.42179707,0.5772858,9.051856,0.0,0.870793,2.1760042,3.8728282,4.655706
ENSG00000249618,0.44959173,0.5831283,0.14145818,2.8819475,0.59775805,3.2093306,2.8681467,0.88119507,1.5781876,2.7842586,0.0,62.028812
ENSG00000249669,0.13926037,0.5713263,0.46383512,0.12017653,0.33999938,20.186018,0.41728833,450.0806,0.8600581,0.09953587,0.0,0.8838403
ENSG00000249675,0.4145478,0.6540625,0.3674035,6.176334,0.59356326,0.0,2.7078335,0.16408044,3.5404186,1.4795102,0.0,2.3705642
ENSG00000249776,0.88997555,164.44165,1.021804,14.936185,55.172447,3.6417968,8.521721,37.82461,24.622585,9.052934,0.0,3.9125478
ENSG00000249786,1.4889697,1.5858594,1.2570252,1.110937,1.9559605,1.000186,1.7357036,1.7697579,2.5821843,1.4135444,15.498661,1.6382135
ENSG00000249815,0.9303072,1.3665047,0.53678685,3.4676874,0.52728087,0.8784942,1.5159912,0.87246317,0.45824283,1.5870202,2.0515513,8.202282
ENSG00000249835,0.20100485,1.247348,0.1750362,0.6013037,28.452013,0.0,0.8949487,0.0,5.222496,0.0,0.0,1.1315597
ENSG00000250072,127.45047,6.6094327,10.074212,1.4651176,3.4665568,7.0999913,0.43858233,4.1915097,0.5126654,1.1269869,5.2320957,1.5624686
ENSG00000250137,0.7096643,1.2766316,0.40832597,16.03898,1.0335348,0.5195477,1.3282226,0.40019515,0.95348597,2.1228297,1.2567804,0.0
ENSG00000250156,2.1389163,52.749832,0.8191601,4.0169826,6.475237,0.15477213,3.719851,0.21075808,12.404367,5.311653,4.1031027,2.6940281
ENSG00000250284,0.05335444,9.338123,0.6898682,0.09888976,0.05238117,0.0,0.48700333,0.19633351,0.0,0.0,0.0,0.8838403
ENSG00000250334,0.6012021,5.5832577,0.63926214,0.6035628,0.3852072,1.2147789,0.24576393,0.16408044,0.0,0.26340926,1.2567804,0.0
ENSG00000250371,0.4707023,1.0566968,1.2555946,2.775546,1.0063773,2.0538816,3.1477418,0.92470306,0.781991,2.7308211,2.6160479,8.318997
ENSG00000250379,0.38850024,0.3899291,0.1752119,1.099498,0.6408096,0.5547579,0.8381769,0.16408044,0.6868776,0.23407082,9.057354,0.0
ENSG00000250488,0.76107675,0.6873662,0.59041524,1.7500676,0.8105137,0.12136286,1.0880424,1.6898525,1.3243818,0.8815462,0.0,5.3992724
ENSG00000250579,0.03186584,0.0,0.0,0.7713406,0.1301087,0.0,0.68644595,0.4410318,0.2867264,0.26833537,22.522415,0.0
ENSG00000250597,0.041323658,5.958534,0.04169704,0.024123384,0.039561592,0.42840022,0.04150704,0.20351356,144.34566,0.0,0.0,0.0
ENSG00000250722,722.2817,66.89702,42.508564,6.6742907,46.730946,83.741234,6.3675594,77.1101,34.83484,5.1491404,23.544432,7.6623917
ENSG00000250846,0.12939115,6.513278,0.34029457,38.31458,15.180701,0.0,38.073486,0.12553042,5.3223867,0.64747536,0.0,84.59589
ENSG00000250863,0.031721897,0.06376359,0.08162162,0.017587496,0.0,25.625526,0.15320784,6.509254,0.0,0.13032983,0.0,0.0
ENSG00000250969,0.3642163,18.64924,0.40497363,0.79833394,0.5128932,0.031812336,0.5629367,1.9971719,5.386747,0.026906991,0.0,0.0
ENSG00000251027,0.9973902,8.871368,1.0016801,4.9536004,0.8656727,0.5112117,3.9955008,0.2501912,4.2149925,37.036705,1.2567804,6.175667
ENSG00000251138,237.18076,13.201721,22.090166,4.192071,4.5480556,5.547619,4.2257233,3.934825,4.78834,4.968669,6.4413066,0.37718654
ENSG00000251165,0.5557547,26.67854,1.4165654,2.1739042,8.624011,0.68807185,3.449077,0.27519977,0.84988624,0.55707073,6.1546545,0.0
ENSG00000251184,0.2591445,8.872893,0.33713272,0.30918503,0.59363514,0.16490906,0.35025784,0.16496354,2.5820186,0.0,1.2567804,0.37718654
ENSG00000251209,4.664122,28.131956,2.9685302,63.74331,1.9324608,1.3111385,40.349865,6.305266,15.236773,43.885628,2.0515513,36.414806
ENSG00000251293,0.7602311,0.88726616,1.8040371,60.46112,1.5758235,0.0,6.3630886,2.0265582,0.09199717,1.0518855,0.0,22.191832
ENSG00000251307,3.6118865,2.8847039,2.2445824,7.6076612,3.7311592,2.4216049,6.8962398,5.9769993,101.67167,2.4745872,2.5135608,3.0174923
ENSG00000251372,79.085686,260.55154,3.3595932,0.9703482,2.7382033,2.2806306,1.3895117,2.23585,25.614384,1.922752,3.770341,4.3102193
ENSG00000251458,0.04222605,0.024572136,0.013899013,0.8506626,0.0,0.0,0.6410286,0.27466476,0.10273205,0.26833537,7.7456565,0.0
ENSG00000251493,0.13331006,3.3188941,0.17326374,0.40816787,2.6711953,3.2444875,0.2711482,120.998146,1.6381466,0.0,0.0,0.0
ENSG00000251504,91.16572,7.0148163,13.464904,5.881482,3.433551,10.87607,13.200912,9.612644,1.7801174,1.3872664,0.0,2.3925865
ENSG00000251632,0.5927802,0.14092955,0.17714225,0.60908085,0.07703661,1.1938875,0.41614324,105.703026,0.7680609,0.28262356,0.0,0.0
ENSG00000251680,2.2840288,1.6542305,73.82699,55.374622,2.7865572,1.1636592,34.524563,0.9595473,4.3646836,8.968634,0.0,212.38237
ENSG00000253154,45.919346,2.5373607,5.295824,1.1553773,0.6642578,1.2039464,0.84152406,2.6692603,0.10273205,0.107627966,0.0,0.7543731
ENSG00000253260,0.0,0.0,0.0,0.024322508,0.034833178,0.0,0.064260945,0.0,0.0,10.626003,0.0,0.0
ENSG00000253304,0.0,0.26285887,0.0,0.07999717,0.0,0.4092317,0.05638828,6.9331174,0.13175681,0.0,0.0,0.0
ENSG00000253444,0.5558724,1.115244,0.08162162,0.6113172,0.5610123,0.05933514,0.8995287,0.0,0.5126654,5.249763,0.0,0.0
ENSG00000253500,1.3948355,1.9878296,1.6520385,2.2800214,9.447467,1.2908682,2.341797,2.5839798,0.713558,1.231485,2.6160479,2.3705642
ENSG00000253535,8.69898,6.42878,111.94055,276.71628,5.157436,2.4042141,296.6918,3.191385,4.018874,140.79073,11.801189,641.8159
ENSG00000253554,4.6708617,24.15683,3.4172926,257.29153,15.950545,3.6138346,244.9501,4.2028437,7.6899185,781.0823,4.565112,206.31139
ENSG00000253591,0.12379155,0.6175211,0.5718736,1.2527092,6.041332,0.0,0.87364286,0.070252694,0.0,0.3652512,0.0,0.37718654
ENSG00000253627,1.0790014,0.8837402,3.8080912,1.8867211,1.2982532,2.0019114,1.5871681,1.3488214,0.19472922,2.6732852,33.891216,0.0
ENSG00000253656,0.23388371,0.03445344,0.32958496,0.15297066,0.34790874,0.031812336,0.12437808,0.0,17.449951,0.0,0.0,0.0
ENSG00000253661,10.181579,14.255126,4.07838,41.242615,41.69314,0.79003066,39.355606,0.51043135,7.9294195,13.5664425,12.882613,89.21256
ENSG00000253730,1.1267391,0.39332858,0.0,1.4452153,8.115981,0.091147475,1.4881519,0.5167639,0.13175681,1.218365,1.2567804,0.7543731
ENSG00000253733,0.20564833,0.10647611,0.03799424,0.35154477,0.07439477,0.05933514,0.012702144,19.162125,0.0,0.0,2.6160479,0.0
ENSG00000253778,0.44972274,0.58759993,0.64908093,0.98524743,0.99896586,0.17441064,0.9926712,0.12553042,0.8003446,1.5787199,0.0,5.624969
ENSG00000253796,1.9354739,3.045725,2.150077,3.5383048,0.84560394,12.627933,3.6529381,6.731451,3.7642086,10.10146,0.0,86.347595
ENSG00000253809,0.14654832,0.420617,0.28291637,0.5141246,6.905855,0.0,0.7457396,0.0,1.5367218,0.18414381,0.0,1.1852821
ENSG00000253832,0.14088756,0.27802527,0.0,1.141818,0.090899475,0.0,0.7971311,0.20351356,0.5126654,0.0,0.0,11.596962
ENSG00000253855,0.12971982,0.1884904,0.0,0.13820115,0.07439477,0.42840022,0.13955839,0.0,0.0,6.9887686,0.0,0.0
ENSG00000253875,2.4890249,45.10055,0.45989665,0.4521269,2.531611,1.4921494,1.1650195,0.14050539,8.083374,0.57642734,0.0,0.0
ENSG00000253877,331.48352,23.24743,38.338398,6.547398,10.714629,4.773081,4.30672,4.3148503,0.6444222,6.1857157,1.2567804,2.747751
ENSG00000253988,0.120227665,0.44537315,136.04803,0.24057935,0.55165046,0.0,0.11955786,0.14050539,0.0,0.28756666,5.2320957,0.0
ENSG00000254081,13.508933,1.7313637,1.7244363,0.66129416,0.38032472,0.14888567,0.7105272,0.8811056,0.10273205,0.25571656,2.0515513,0.0
ENSG00000254237,1.4301131,1.522189,0.74014795,1.1149474,2.2052052,0.63662106,1.6139771,0.43154976,3.1244364,8.632129,0.0,1.2610269
ENSG00000254239,1.6633823,9.3110075,0.0,0.104445435,0.22862953,0.0,0.031127028,0.0,0.31575117,0.0,0.0,0.0
ENSG00000254295,0.3550793,0.2619302,0.4479458,0.3797474,0.53347456,0.091147475,0.28099898,0.3368389,0.09199717,0.18025684,7.6980867,0.7543731
ENSG00000254319,1.3087661,6.339415,0.84878343,8.770047,10.670703,10.131181,9.447533,11.081949,3.0678363,56.77761,8.797462,3.1249373
ENSG00000254349,55.736107,37.741135,21.84322,137.51015,68.37232,3.590715,104.882576,16.68475,30.182842,102.6167,33.520027,384.34323
ENSG00000254377,0.2716774,8.631298,0.6754267,101.012184,12.251184,0.3934428,104.635864,0.7479381,0.67925894,280.85995,21.311745,88.99532
ENSG00000254416,0.8135656,0.9296402,0.63914734,0.21005692,0.21817125,0.18069799,0.059931923,0.3368389,0.69761246,5.0642633,0.0,0.0
ENSG00000254445,0.24251823,0.5943291,0.013899013,0.15670852,0.03169403,0.0,0.24005479,0.47906142,0.13175681,0.0,8.954867,0.8838403
ENSG00000254553,3.485732,5.3579135,2.0434659,7.5844116,38.947727,1.034382,9.002186,1.1476338,4.7851286,4.010733,0.0,9.548325
ENSG00000254571,0.8849855,1.5843917,0.41659185,4.388991,1.8537631,0.05933514,4.35687,1.5138359,0.3662457,4.6847153,29.289137,2.0154
ENSG00000254703,0.0406567,0.0,1.4681972,0.0,0.0,12.098932,0.0,2.641065,0.0,0.0,0.0,0.0
ENSG00000254768,0.58174413,1.1800727,0.741951,16.923618,1.370452,0.49275053,1.9637393,0.47185135,0.13175681,0.81193674,0.0,6.229389
ENSG00000254981,0.25285938,0.49516115,0.14517473,0.9150538,0.8468387,0.05933514,0.7255527,0.14050539,0.4077483,0.026906991,9.002437,0.0
ENSG00000254986,3.9920766,4.472676,4.637919,4.8482075,2.5541975,2.3578093,5.0261717,3.246672,3.0152822,1.7909966,29.685625,6.4346023
ENSG00000255046,2.7387316,0.75166327,1.7704471,1.2426413,1.1687521,0.35939816,1.4567128,0.6350633,0.6869197,1.0056907,0.0,6.3793416
ENSG00000255132,0.0057318434,0.5504437,0.28025356,2.3851995,15.947254,0.0,2.128359,0.0,0.0,3.7233396,0.0,0.7543731
ENSG00000255243,0.014916096,0.0,0.013899013,0.20700432,0.034833178,0.031812336,0.15440446,11.087261,0.0,0.0,0.0,0.0
ENSG00000255258,0.2323616,0.2004788,0.42753506,0.15083958,5.1141434,0.83965015,0.6438278,0.46555823,0.26351362,0.33445722,0.0,0.0
ENSG00000255641,0.6174274,0.09004945,0.34098724,0.12531926,5.521187,0.0,0.09775229,0.0,0.0,0.0,0.0,0.37718654
ENSG00000255819,4.324386,0.39218083,1.5392646,0.35974362,48.88375,0.16490906,0.17935964,0.23433313,0.45062423,0.34905633,0.0,0.0
ENSG00000255856,1.1723913,2.1671574,0.56972444,1.2921191,2.0528724,0.7786913,1.5758973,0.5361881,1.8658669,1.0838194,15.498661,2.8234956
ENSG00000256152,1.1135705,2.7812517,0.3810449,0.42798212,11.321725,0.5055913,0.5798322,0.43101472,0.0,0.13032983,0.0,0.37718654
ENSG00000256422,0.36104757,1.1289,0.21912813,7.192488,9.418387,0.091147475,9.159952,0.039433125,0.78105974,97.73094,19.696903,8.945441
ENSG00000256540,0.04220005,0.05599996,0.013899013,0.5831861,0.0,0.43679363,0.4211445,11.013138,0.0,0.6913153,0.0,0.37718654
ENSG00000256694,0.004314186,0.0,0.0,0.033821933,0.0,1.3825002,0.033462163,12.870751,0.0,0.0,0.0,0.0
ENSG00000257185,0.16252133,0.69680774,0.19581251,9.792296,39.094288,0.0,10.617402,0.0,2.1401153,0.0,0.0,3.9125478
ENSG00000257225,0.05725712,0.1890443,0.0,0.5260077,0.65229213,0.37582242,0.5247172,0.12553042,0.0,0.053813983,6.4413066,0.0
ENSG00000257277,0.46575758,1.7422822,5.2116838,2.961136,20.706789,0.48773536,2.8424153,0.0,2.2946465,0.50662196,0.0,4.7963886
ENSG00000257365,69.52672,11.969834,8.298921,4.334532,6.3727493,6.0627255,4.3634076,6.413294,2.7242393,4.819356,14.567294,6.0779
ENSG00000257703,0.13107301,10.622221,1.4014881,0.39625132,33.42286,0.88861275,0.15760979,0.0,7.4179816,0.29031625,2.0515513,0.0
ENSG00000257842,4.3795753,15.589278,3.2845123,65.45877,352.5904,1.7276534,76.815094,1.0044525,40.336308,2.9003327,13.3358135,34.790886
ENSG00000257845,0.233784,0.1989256,0.27251843,1.3317235,6.5120378,0.0,1.4005889,0.31409788,1.5695635,0.69820213,0.0,0.0
ENSG00000257986,1.65369,4.412527,2.9766114,34.899693,1.7780944,2.3803911,16.974897,1.8489184,13.181882,1.4833105,0.0,4.7963886
ENSG00000258052,0.5853909,0.024572136,0.4525365,0.9169184,3.699749,0.5592339,0.9691387,0.34491745,1.005745,0.20716384,17.798439,1.2610269
ENSG00000258077,3.5472167,3.1620476,2.439147,14.657185,23.107542,2.9038777,16.529762,5.277147,3.4428432,8.736145,10.464191,61.92865
ENSG00000258081,1.7011523,4.530527,2.4387667,29.703028,113.37117,0.7124091,35.071335,1.7880447,8.525599,2.5084488,42.464294,7.532924
ENSG00000258343,0.35480067,4.5737147,0.4504738,1.6784633,0.16056584,0.15048261,1.2934817,0.0,93.40504,0.4667674,0.0,1.8859328
ENSG00000258498,0.08663806,3.9575644,0.0,0.21390453,0.06661002,0.9881041,0.030983996,67.7191,0.2054641,0.026906991,0.0,0.0
ENSG00000258548,0.1128441,11.528436,0.20695539,0.6204452,1.6357524,0.12136286,1.140116,0.48046494,0.0,0.0,0.0,0.0
ENSG00000258691,0.2203105,0.16079567,0.013899013,0.0114783235,0.0,1.1647066,0.074484915,0.070252694,0.13175681,0.0,9.057354,0.0
ENSG00000258752,0.2696796,1.314219,1.5254905,1.8423268,1.1083016,1.8949777,2.1222959,1.3960359,303.04462,0.80894506,5.0271215,0.8838403
ENSG00000258754,0.5164505,5.0019703,0.9370384,5.4113393,2.3837678,0.031812336,2.9148498,0.6123567,6.582731,0.5175449,0.0,15.098678
ENSG00000258776,0.45498484,2.5816195,1.5673009,0.9430172,0.8985992,1.0634222,4.266268,0.070252694,7.443728,27.75715,2.0515513,0.7543731
ENSG00000258785,0.21159253,4.9582787,1.1672499,8.448048,0.27608517,0.27117857,4.8243284,0.0,1.1368799,0.053813983,0.0,25.56408
ENSG00000258859,1.3285193,1.5241138,1.8609515,8.000333,1.3072953,2.121237,8.439731,0.70676494,2.5249655,0.72170645,0.0,23.18158
ENSG00000258867,0.2852243,0.8139754,59.048965,0.24511571,0.35831454,0.18229495,0.2793245,0.4070916,1.5819623,0.6664788,0.0,0.37718654
ENSG00000258873,0.17376246,0.40993196,0.06579227,0.15731455,0.034833178,0.031812336,0.34154722,0.070252694,0.7680609,0.0,6.4413066,0.0
ENSG00000258926,0.034560233,7.0445843,0.43319577,0.15642405,0.05238117,0.33277753,0.0357843,0.2824308,0.8139014,0.0,0.0,0.37718654
ENSG00000259001,0.90863615,1.840258,1.1342387,1.4004856,0.8986053,1.3977367,1.9291406,1.4290911,1.5451711,1.0635831,23.291887,1.1852821
ENSG00000259070,430.93332,21.37667,33.397015,5.854943,64.069855,7.1319065,4.5302324,5.2824802,11.237909,4.8352137,20.730757,12.845235
ENSG00000259134,0.1331602,0.045024727,0.09552062,0.37779427,0.09841468,0.996291,0.58420587,35.64502,0.0,3.7158923,0.0,0.37718654
ENSG00000259255,1.5688014,616.0633,3.4381623,1.8825089,2.1252732,4.7602506,3.01968,3.50809,181.90619,3.3772652,2.6160479,8.997625
ENSG00000259288,0.056172132,0.048050348,0.11768553,3.471631,0.039561592,0.0,2.3408282,0.0,0.0,21.131699,7.6980867,6.153645
ENSG00000259343,6.952487,2.5112054,13.099817,13.495637,4.6311765,0.24861218,13.9761505,1.4213775,7.3018084,10.421976,77.30628,8.4387865
ENSG00000259347,0.4036733,34.454292,0.7321602,0.9540489,1.674805,0.12295981,0.9592443,0.6541103,5.272683,1.7592599,0.0,0.0
ENSG00000259426,0.11895692,2.1839912,0.06579227,1.8350053,0.0,0.6727229,1.9234828,0.23521623,46.471962,2.065166,0.0,0.8838403
ENSG00000259434,8.691601,5.744352,3.8039923,6.135477,6.8615494,2.1596181,4.66652,2.3388758,6.332897,35.31321,0.0,6.455086
ENSG00000259485,0.88018817,0.9694595,0.8294201,1.731865,0.5923695,0.33480322,2.4547231,1.8928794,0.69759095,157.95088,2.0515513,1.9396553
ENSG00000259604,23.835854,2.0126877,2.7432077,0.4707313,2.5771112,0.0,0.33531472,0.16408044,1.0008857,0.20959528,0.0,1.6382135
ENSG00000259616,1.9784976,85.55044,1.9135841,10.272665,2.921949,16.643347,6.526959,18.496029,26.261715,5.9126606,0.0,1.6382135
ENSG00000259656,0.039588593,0.0,0.0,0.14008556,0.0,0.0,0.27259982,0.40159866,0.5126654,0.026906991,6.4413066,0.0
ENSG00000259685,8.686835,54.624195,1.091894,1.2155145,1.0397023,0.97752726,1.1728889,2.427595,19.330135,0.7079259,0.0,0.0
ENSG00000259786,0.2677411,0.3470839,1.5659817,0.13063811,0.60697174,0.26865157,0.6728419,0.15634999,0.22375397,0.26833537,2.0515513,5.3030424
ENSG00000259803,0.033103663,0.0,0.20971154,0.58527505,0.0,0.0,0.33820888,0.0,0.0,0.0,25.876858,0.0
ENSG00000259846,0.9892124,35.53511,1.1111538,2.9025843,1.9080651,0.64952046,2.0806558,3.6043482,10.465705,0.6889814,0.0,2.7697732
ENSG00000259974,0.04232453,0.0,0.0,0.1687823,0.0,0.0,0.13026987,0.0,0.0,0.0,0.0,6.3476415
ENSG00000260019,12.772611,0.6431838,0.96665114,0.33735672,0.58339113,0.33480322,0.58154434,0.5361881,0.19472922,0.5495204,0.0,0.0
ENSG00000260042,31.401636,1.9982995,2.3144429,0.633208,0.60583556,0.66480786,0.02076002,0.16408044,0.0,0.20801437,0.0,1.5087461
ENSG00000260577,0.04512809,0.0,0.0,0.008240252,6.0008945,0.0,0.0,0.0,0.0,0.0,0.0,0.0
ENSG00000260701,0.587946,0.06890688,0.0,0.3448744,0.0,0.0,0.8824987,0.0,0.0,0.0,16.598036,0.0
ENSG00000260785,0.21470624,31.830421,0.28745463,0.3135647,0.25223905,1.3100246,0.56306577,0.8031973,9.610685,0.053813983,0.0,0.8838403
ENSG00000260788,350.75323,15.86287,23.379698,3.8595214,7.103626,3.2438948,4.4223957,2.4343674,3.673205,3.8591542,7.283647,4.6336837
ENSG00000260898,0.0534249,5.7609806,1.5291882,0.29686382,0.034833178,0.05933514,0.17330207,0.0,0.5126654,0.26833537,0.0,0.37718654
ENSG00000260990,0.0991112,0.38330775,0.013899013,0.522478,16.368994,0.089550525,0.74846274,0.55165553,4.06878,0.7804294,0.0,1.1315597
ENSG00000261083,0.59253424,0.28200874,3.1340408,1.5705608,2.6388495,2.6212142,2.9333982,5.855242,1.4000422,0.0,0.0,22.412916
ENSG00000261146,0.01394007,0.10816986,0.0,0.22475559,0.0,0.0,6.4488096,0.0,0.09199717,36.182697,0.0,0.0
ENSG00000261156,0.7393351,0.16296968,0.5266518,0.86077535,0.42690727,0.42840022,0.8661482,0.039433125,0.59488046,0.3882712,6.4413066,0.37718654
ENSG00000261161,0.010046029,0.046416387,0.0,0.008041128,0.0,0.11078598,0.041364007,14.546456,0.0,0.0,0.0,0.0
ENSG00000261170,1.1767806,1.4701377,0.0,0.6680991,1.0755157,1.045644,0.99703526,0.070252694,1.9453224,0.94113684,30.377909,0.7543731
ENSG00000261231,1.5047143,1.3395869,1.9811965,19.649925,2.054006,5.5179515,8.925274,2.8029647,2.337897,1.9362218,1.2567804,3.5778687
ENSG00000261325,0.09444645,0.08359771,0.013899013,2.0101476,0.10512833,0.0,5.3277206,0.0,0.0,0.0,0.0,0.37718654
ENSG00000261329,178.54147,13.265822,15.214031,3.1021566,8.988645,3.9197035,2.334042,2.265508,7.7180204,3.1964898,8.492858,0.37718654
ENSG00000261478,0.033139553,3.300142,0.11944015,0.64438206,10.753954,0.42840022,0.40844962,0.0,0.09199717,0.0,0.0,0.0
ENSG00000261742,0.6993952,0.85888,0.9346166,8.76281,0.8338297,0.3029909,13.205698,0.2660358,2.3245463,0.49677747,1.2567804,2.3168418
ENSG00000261786,17.913801,2.9834466,0.83436006,27.478094,18.84067,1.5791074,26.769157,1.4137677,1.0161879,25.265429,0.0,54.28213
ENSG00000261810,0.11881824,0.227563,0.0,1.6507263,0.0,0.0,1.2797431,0.0,1.8922532,2.1553648,1.2567804,5.2918267
ENSG00000261873,0.20928222,0.08250379,0.09552062,0.6900669,0.0840752,0.05933514,0.52554345,0.19633351,0.60466254,9.254577,0.0,0.37718654
ENSG00000261889,0.0857986,0.20964222,0.19581251,0.6153336,0.0,0.85298085,0.34376714,0.0,0.0,0.0,0.0,6.6807837
ENSG00000262529,0.47627476,2.46562,1.7029549,7.09829,2.7548718,42.57735,6.1280537,8.544153,6.162116,6.5158415,1.2567804,4.537454
ENSG00000262655,2.9284058,588.1416,148.95125,59.196545,36.900482,13.779804,59.693005,16.348387,103.22093,213.83212,58.084854,12.780705
ENSG00000262660,0.37513238,0.3190142,0.48501813,0.339217,0.42418995,0.28988704,0.71621704,0.4410318,0.0,0.5087844,7.6980867,0.37718654
ENSG00000263400,2.0310514,70.55167,8.677975,6.4074903,9.662664,5.950191,6.3846784,6.9545565,16.53166,5.6704464,0.0,8.621976
ENSG00000263424,7.460196,1.1427495,0.8677032,2.3177145,20.646978,2.3250072,1.5626125,2.5114782,1.6091753,4.7485266,1.2567804,0.7543731
ENSG00000263508,0.27569205,29.681335,2.1486056,1.5477887,2.120991,0.06362467,1.5950539,0.2982379,10.005378,0.7169276,0.0,0.37718654
ENSG00000263551,0.71223545,0.95294535,0.58831525,45.166084,1.0086503,24.32564,7.779234,8.996326,1.8211626,0.026906991,1.2567804,19.776815
ENSG00000263635,2.5822442,0.26370832,0.14242221,4.2150593,0.39427203,0.4998988,6.10139,0.086097285,0.6685456,0.12644286,0.0,12.739736
ENSG00000263724,0.14126717,0.5657969,0.4992402,1.268836,0.9056296,0.7786913,1.946318,0.0,0.42159945,6.634374,2.0515513,0.37718654
ENSG00000263787,0.7948107,0.6726364,0.42883965,0.15642032,0.34503,0.0,0.112406135,0.0,0.0,0.25571656,6.4413066,0.0
ENSG00000263878,0.15738875,1.1521776,0.19632177,4.3680778,2.657044,1.303561,3.6908453,1.0311825,3.6700592,12.728318,0.0,3.7718656
ENSG00000264015,0.9480969,1.236561,1.7438604,9.783273,102.61938,0.5592339,8.161712,7.139876,3.5951595,7.776667,0.0,3.0174923
ENSG00000264016,0.22580238,7.1678343,1.2479243,0.2428462,0.9443214,0.12724935,0.8574752,0.07886625,1.5242817,0.0,0.0,0.0
ENSG00000264964,0.6872764,0.762236,0.59183335,2.1577637,1.0838077,0.7819615,2.2730734,0.40654123,1.2937251,0.23407082,0.0,6.0241776
ENSG00000265485,0.0,0.0,0.0,0.073034555,0.0,0.0,0.0,0.0,0.0,0.13032983,10.464191,0.0
ENSG00000265763,59.59995,1.993279,4.2817454,1.7245613,11.002781,2.5237098,0.38727036,2.3892376,0.0,8.129722,0.0,0.8838403
ENSG00000265818,1.451506,0.6470686,1.196527,1.6375039,0.89456534,0.82948244,0.9817999,1.116495,0.0,0.78712153,17.597782,2.0691226
ENSG00000266076,1.3150462,11.263993,2.27765,63.33981,11.934283,17.398848,47.19086,14.466296,12.094061,154.60544,58.102806,31.294954
ENSG00000266248,6.6579013,0.31008098,0.53309697,7.5767117,22.738024,0.0,5.979982,0.11829939,0.0,6.8089705,0.0,4.1602674
ENSG00000266268,1.066104,1.1631317,0.8313589,1.1679862,3.2102644,0.8588674,2.1207004,2.1445205,1.9613254,18.378315,2.0515513,1.9396553
ENSG00000266554,0.04239427,0.03445344,0.17891471,5.170241,0.05238117,0.0,7.2040515,0.0,0.0,0.13032983,0.0,29.003622
ENSG00000266573,1.3039591,1.1397433,0.8446359,2.3492653,1.0574492,0.16490906,3.2768824,1.7496029,0.4738585,4.7114043,131.90308,0.7543731
ENSG00000266824,0.44590852,0.26774466,0.6393308,0.71342903,0.28810042,0.089550525,0.7473291,0.27466476,0.45824283,0.5301637,1.2567804,6.810251
ENSG00000266903,1.880354,7.646922,3.6063032,7.364441,6.098106,30.458776,8.083158,6.743332,3.0851722,4.880698,7.6980867,7.1020145
ENSG00000266964,1.5960721,74.677635,2.698161,1.5365989,1.1010544,7.497704,0.9850031,12.815937,13.277753,0.45247918,1.2567804,0.0
ENSG00000267014,0.21183452,28.12799,1.2628789,0.17891479,0.81847495,2.5899477,0.039184902,1.9019108,5.1331596,0.8605224,2.6160479,0.0
ENSG00000267026,0.18085979,0.046118654,0.2965824,0.17356266,0.18333808,0.031812336,0.3431484,0.27466476,0.0,0.026906991,6.4413066,0.37718654
ENSG00000267055,0.040076368,0.06796291,0.4163126,1.6805316,0.0,0.05933514,0.52972853,0.039433125,0.9566022,0.12644286,0.0,6.0574155
ENSG00000267107,0.22960658,0.21324258,0.6060579,0.21231066,0.41068137,232.40297,0.21876718,61.110607,0.0,0.40708607,0.0,0.0
ENSG00000267214,0.5694171,0.13638607,0.2149786,0.074302234,0.51621574,0.0,0.01038001,0.0,0.5533563,0.0,6.4413066,0.37718654
ENSG00000267228,0.18312162,0.28772405,0.0,0.10952764,0.37699622,0.031812336,0.04152004,0.46555823,0.0,0.026906991,6.4413066,0.0
ENSG00000267653,0.66033566,1.2613214,0.17326374,0.22712797,0.43813583,2.2537642,0.15732679,101.85943,4.9480276,1.4705398,0.0,0.0
ENSG00000267667,0.2719014,0.3511098,0.0,0.23285116,0.09508209,0.15317519,0.2893981,7.9263506,0.3662457,0.053813983,0.0,0.0
ENSG00000267761,63.566227,2.1566114,1.2283013,1.1303343,3.364658,2.567256,2.166934,0.698136,0.13175681,0.6541119,2.6160479,2.747751
ENSG00000268388,0.203717,0.13417809,0.013899013,0.053636596,0.06661002,131.33171,0.023082154,34.709324,0.10273205,0.0,0.0,0.0
ENSG00000269091,0.096535355,1.1970472,0.1074893,1.4280148,0.3037755,0.0,0.6276462,0.17993851,26.973255,1.1284852,0.0,0.0
ENSG00000269113,2.708792,0.7965875,0.7923807,0.9715126,0.84161973,5.726663,1.0783585,34.106865,6.9360275,1.2668793,1.2567804,1.1852821
ENSG00000270087,0.81861997,6.0147657,3.4339094,9.93332,1.9628975,4.721088,3.3348975,1.0747261,2.7738025,0.9410102,0.0,1.2610269
ENSG00000270104,0.09883551,0.10903769,0.027798027,0.07404263,0.0665272,0.05933514,0.19472788,0.039433125,0.0,0.12644286,6.4413066,0.37718654
ENSG00000270164,0.09667218,0.44309676,36.91478,0.049780603,0.16862701,0.7786913,0.041364007,0.16408044,0.0,0.026906991,0.0,0.0
ENSG00000270240,1.4962541,1.9307148,1.5663581,5.3702207,1.0805246,1.7641028,2.6622078,1.4450268,0.69208825,1.4829576,2.6160479,11.273498
ENSG00000271447,0.882498,108.29404,4.457254,6.202431,1.6839925,26.527372,8.172524,7.514867,30.146841,4.206183,0.0,3.0287077
ENSG00000271605,0.2076478,0.36495095,61.812233,0.31177557,0.32698634,0.11078598,0.6538333,0.039433125,0.09199717,0.46740708,0.0,1.1852821
ENSG00000271850,136.61404,19.124102,4.557484,6.002747,1.7905396,3.4644883,5.919894,7.0744023,3.7385228,2.188662,6.4413066,1.1315597
ENSG00000271904,5.3768163,162.8987,2.7107553,9.701819,20.69632,2.8546183,8.824936,0.07886625,37.52423,14.97537,6.4413066,9.4285345
ENSG00000272479,0.0,0.06890688,0.0,1.918451,0.3321276,0.0,1.7693557,0.0,0.2683944,11.355953,0.0,0.8838403
ENSG00000272512,0.06966471,0.8925091,0.013899013,0.66730815,0.0,5.3765683,1.0182414,102.238235,0.13175681,2.0926125,0.0,0.0
ENSG00000272622,0.16792855,2.9667687,0.051893257,4.2129335,2.02151,0.0,5.001616,2.0300806,5.2396684,2.1593335,32.83655,2.747751
ENSG00000272916,0.120986395,0.3106104,0.2727339,0.045913294,0.06338806,0.0,0.028804893,0.0,0.26351362,0.23650226,6.4413066,0.0
ENSG00000273100,0.064816855,0.05793165,0.0,0.021073835,0.20334955,54.618465,0.12567909,10.098903,0.0,0.0,0.0,0.0
ENSG00000273301,0.35066774,0.19286975,0.051893257,11.0792465,0.16230752,0.16490906,16.173256,0.0,0.0,113.27809,10.387005,23.083405
ENSG00000273409,0.4320695,0.9473312,194.39932,2.8322887,0.5731101,0.4137769,0.87971956,0.51658374,0.0,0.15334985,0.0,2.0691226
ENSG00000273507,144.32387,18.702166,26.33661,6.5428104,9.297677,8.885387,6.1947026,8.195428,4.0093594,8.701813,9.002437,2.3925865
ENSG00000273540,29.915474,20.503687,4.6983457,84.72516,19.376154,5.348677,84.72875,3.9255233,1055.6846,7.454483,8.206205,25.59619
ENSG00000273604,0.37961408,0.8784302,1.2091838,0.9577244,2.8084211,1.5288509,0.8250546,2.4697332,0.13175681,9.218594,0.0,3.3301494
ENSG00000273771,0.013498439,1.8942777,0.0,0.8024166,0.46336988,0.7786913,1.5778267,2.4998271,1.6408627,9.24487,0.0,0.0
ENSG00000274515,0.23170829,0.22193547,0.8237236,0.19539441,0.0,0.42840022,0.35635698,0.070252694,0.0,0.53667074,6.4413066,0.0
ENSG00000274536,0.18508114,0.7578011,140.89539,0.12170934,0.20402522,0.089550525,0.175244,0.37627202,0.0,1.3044899,0.0,0.0
ENSG00000275395,0.7848185,5.3614726,187.00433,0.87475485,1.3054732,3.1407783,0.5935085,0.70479447,6.8019295,1.4852684,1.2567804,0.8838403
ENSG00000275443,0.8414042,12.758993,0.6636131,4.63265,7.946106,1.120113,6.956407,342.39502,9.43595,77.0676,5.8218923,6.401365
ENSG00000275491,0.14163567,0.48798457,0.31037188,0.5613308,0.05238117,0.06362467,0.32023907,0.5361881,0.0,0.0,5.9243793,0.0
ENSG00000275620,0.08751106,9.750932,0.013899013,0.05010331,2.5072882,1.2342871,0.012702144,1.4204944,0.5126654,0.0,0.0,0.0
ENSG00000275830,0.3942428,139.57204,0.7393055,1.2489238,28.06025,0.30096522,0.8224976,1.5318348,14.99478,0.60615784,0.0,0.0
ENSG00000275871,0.049772564,0.11181393,0.013899013,0.07560834,0.03169403,0.20822081,0.043500926,18.540123,0.0,0.30755025,0.0,0.0
ENSG00000277196,0.7041019,20.180088,0.17022024,0.20198146,2.5036407,1.2780994,0.34637037,2.1506972,4.070864,0.026906991,0.0,0.37718654
ENSG00000277224,0.11301203,0.070690796,23.146017,0.0114783235,0.20912127,0.05933514,0.0,0.16408044,0.0,0.13032983,0.0,0.0
ENSG00000277494,115.5157,5.3953214,7.9149914,1.269532,3.6671808,24.602922,1.4459875,13.160152,0.9082872,0.8596441,0.0,1.2610269
ENSG00000277526,2.210681,2.335809,0.4796929,1.7883412,2.7636602,0.70612174,2.7461758,0.6690718,0.5126654,28.96255,0.0,2.0691226
ENSG00000277586,2.7853658,5.2848873,5.5366507,90.28198,3.46593,3.962179,133.10866,4.394506,1.9714209,41.149506,9.899694,93.56995
ENSG00000277639,0.18826213,1.6002655,1.0557499,0.36255643,0.21168028,0.86824185,0.42670095,0.9907914,140.23363,0.0,0.0,0.0
ENSG00000278192,0.038846765,0.03445344,0.2586194,0.44047996,17.236183,0.42840022,0.18832003,0.57562125,0.3188674,0.0,0.0,0.0
ENSG00000278254,0.47958896,3.7953994,1.8285046,6.3349347,531.93024,1.2872105,8.142875,0.07886625,1.2807262,0.29524237,1.2567804,23.841257
ENSG00000279249,5.3759813,1.2856518,0.97255844,35.227848,3.627375,0.11867028,8.991405,0.27376625,0.0,2.3242695,577.2191,62.99767
ENSG00000280081,0.1596228,0.0,0.3432264,2.0182104,0.32664454,0.7786913,0.5190248,0.039433125,0.0,0.0,0.0,7.543731
ENSG00000280809,1.2488424,224.7958,1.1473057,3.08308,1.9937221,0.9425314,2.2525995,0.7847837,56.194958,3.685688,3.8728282,1.5624686
ENSG00000281131,0.72288436,9.903258,1.5361465,3.0732918,1.1018002,0.75595534,0.86766773,0.9201615,1.0593343,0.026906991,0.0,0.37718654
ENSG00000281327,0.16083984,25.574028,0.051893257,0.7928412,0.46139562,0.0,0.33330756,0.23576665,3.967584,0.796351,0.0,0.37718654
ENSG00000281508,29.534252,71.32547,19.421663,48.169495,42.339817,13.225051,72.59276,10.038497,92.72888,91.258545,715.22833,16.262346
ENSG00000281692,12.507596,0.39258477,1.3396939,0.2784446,0.61239773,0.68285984,0.2269972,0.0,0.91281664,0.47300452,0.0,0.37718654
ENSG00000282142,2.022627,1.5327045,0.0,2.1267588,2.2692041,0.0,2.8797743,0.0,0.5126654,21.434418,0.0,0.0
ENSG00000282440,0.017091768,0.0,0.03799424,2.0843751,0.0,0.0,0.01038001,0.46555823,0.0,0.0,0.0,25.640234
ENSG00000283052,0.5529098,0.9073824,3.282284,1.6812767,0.81285024,1.1004745,2.1623285,0.23521623,0.6346401,12.451876,0.0,2.5220537
ENSG00000283117,2.6725824,5.1859646,2.3617322,4.8498645,6.2675962,2.49741,5.2792573,0.532622,433.61053,3.008881,17.623083,4.785173
ENSG00000283154,383.55643,78.51059,48.94003,1724.3782,73.90333,100.02766,892.09045,36.335484,39.72555,94.20546,100.8584,3638.8555
ENSG00000283361,0.531965,9.950429,0.3931381,4.4110847,0.2507787,1.0816822,1.2351184,0.6296387,167.11568,0.23492137,0.0,11.715214
ENSG00000283486,252.30629,6.2747045,9.850627,26.118431,14.183188,4.3431497,30.393494,2.679831,34.476265,18.55791,20.16626,19.828999
ENSG00000283662,0.36050558,0.34726608,0.33055407,4.5515976,0.41175994,0.61049825,2.2506998,0.0,0.776179,1.6978216,89.34386,0.7543731
ENSG00000283982,0.5200457,1.0683068,20.68831,80.632195,1.2741514,0.5732394,100.97767,0.17993851,1.0207593,28.95156,24.368992,250.70482
ENSG00000284377,42.942986,3.807294,5.0618615,1.3306316,2.9377546,3.1100655,1.1121483,0.6359318,1.1888081,0.39130765,2.0515513,3.1249373
ENSG00000284418,2.089762,2.2551641,12.583206,26.366785,1.921003,1.9321979,12.83526,2.0487092,6.015344,1.3057923,0.0,77.94106
ENSG00000284977,0.12560855,5.6510987,0.39567116,0.02756058,0.13797627,0.06362467,1.2251955,0.354066,0.61082596,0.0,0.0,0.0
ENSG00000284999,1.3365676,23.741364,4.129745,2.0715992,1.064737,4.398517,1.736377,2.2467752,0.96505415,3.6051323,0.0,0.37718654
ENSG00000285082,3.5029397,167.24312,37.74989,0.46723488,2.8099654,6.216389,0.8419111,5.6589427,32.37701,0.35242158,0.0,0.0
ENSG00000285090,0.27506068,0.7917113,0.11470015,0.2971702,0.2140468,0.06362467,0.103631064,24.30486,5.148839,0.0,0.0,0.8838403
ENSG00000285162,0.3375906,0.62672573,2.1616182,0.16350442,0.038518306,0.0,0.36886895,0.5361881,0.0,0.0,15.491313,0.0
ENSG00000285218,1163.3853,127.87,87.39419,23.503359,20.89998,16.436995,21.979935,113.88013,30.157894,26.202236,25.423656,38.7823
ENSG00000285280,9.121349,17.00116,18.903723,19.351582,6.2361546,20.427275,25.329035,8.170539,137.97693,339.52347,22.696312,12.739736
ENSG00000285294,0.4545411,22.767,0.0628069,4.174043,0.22738166,0.43835145,3.3866384,0.37627202,3.4724479,0.30913115,0.0,5.1623597
ENSG00000285454,1.1309124,1.7787979,1.5057334,19.730053,10.711214,0.21410728,35.24049,0.6889229,1.5291452,25.791391,0.0,75.71344
