list,source,native,name,term_size,query_size,hits,domain,p_raw,p_adj,significant,genes,genes_ensg,calibrated_p
all,GO:MF,GO:0099534,calcium ion binding involved in regulation of presynaptic cytosolic calcium ion concentration,2,30,2,5622,2.753054609021627e-05,0.005175742664960661,True,"CALB1, CALB2","ENSG00000104327, ENSG00000172137",0.019801980198019802
all,GO:CC,GO:0060076,excitatory synapse,43,30,4,5622,7.038449653344448e-05,0.015554973733891258,True,"ADGRB3, PLXNC1, PPFIA4, CALB2","ENSG00000135298, ENSG00000136040, ENSG00000143847, ENSG00000172137",0.06930693069306931
all,GO:CC,GO:0150053,cerebellar climbing fiber to Purkinje cell synapse,4,30,2,5622,0.00016408795089093383,0.018131718573448228,True,"ADGRB3, PLXNC1","ENSG00000135298, ENSG00000136040",0.07920792079207921
all,GO:BP,GO:1905806,regulation of synapse pruning,2,30,2,5622,2.753054609021627e-05,0.028218809742471686,True,"ADGRB3, PLXNC1","ENSG00000135298, ENSG00000136040",0.1485148514851485
all,GO:CC,GO:0098978,glutamatergic synapse,311,30,7,5622,0.0009997344233141443,0.06665181265707408,False,"FUS, CALB1, DNAJB1, ADGRB3, PLXNC1, SH3GL3, PPFIA4","ENSG00000089280, ENSG00000104327, ENSG00000132002, ENSG00000135298, ENSG00000136040, ENSG00000140600, ENSG00000143847",0.32673267326732675
all,GO:CC,GO:0098985,"asymmetric, glutamatergic, excitatory synapse",10,30,2,5622,0.0012063676499017926,0.06665181265707408,False,"ADGRB3, PLXNC1","ENSG00000135298, ENSG00000136040",0.32673267326732675
all,GO:MF,GO:0004197,cysteine-type endopeptidase activity,34,30,3,5622,0.0007339999091801493,0.06899599146293416,False,"CFLAR, LGMN, USP12","ENSG00000003402, ENSG00000100600, ENSG00000152484",0.32673267326732675
all,GO:BP,GO:0098883,synapse pruning,4,30,2,5622,0.00016408795089093383,0.08409507483160376,False,"ADGRB3, PLXNC1","ENSG00000135298, ENSG00000136040",0.32673267326732675
all,GO:MF,GO:0003712,transcription coregulator activity,241,30,6,5622,0.001453960218464964,0.0911148403571375,False,"FUS, ZMYND8, BCL11A, DNAJB1, SCAI, TRRAP","ENSG00000089280, ENSG00000101040, ENSG00000119866, ENSG00000132002, ENSG00000173611, ENSG00000196367",0.32673267326732675
all,GO:CC,GO:0099524,postsynaptic cytosol,18,30,2,5622,0.003994270868963263,0.10941189462947971,False,"FUS, CALB1","ENSG00000089280, ENSG00000104327",0.32673267326732675
all,GO:CC,GO:0097342,ripoptosome,1,30,1,5622,0.005336179295624333,0.10941189462947971,False,CFLAR,ENSG00000003402,0.32673267326732675
all,GO:CC,GO:0099523,presynaptic cytosol,18,30,2,5622,0.003994270868963263,0.10941189462947971,False,"FUS, CALB1","ENSG00000089280, ENSG00000104327",0.32673267326732675
all,GO:CC,GO:0098984,neuron to neuron synapse,223,30,5,5622,0.005940917355446853,0.10941189462947971,False,"CALB1, DNAJB1, ADGRB3, PLXNC1, SH3GL3","ENSG00000104327, ENSG00000132002, ENSG00000135298, ENSG00000136040, ENSG00000140600",0.32673267326732675
all,GO:CC,GO:0030054,cell junction,1056,30,12,5622,0.0055477240323742695,0.10941189462947971,False,"CPNE3, FUS, ZMYND8, CALB1, PRKAR2A, DNAJB1, ADGRB3, PLXNC1, SH3GL3, PPFIA4, CNTN4, CALB2","ENSG00000085719, ENSG00000089280, ENSG00000101040, ENSG00000104327, ENSG00000114302, ENSG00000132002, ENSG00000135298, ENSG00000136040, ENSG00000140600, ENSG00000143847, ENSG00000144619, ENSG00000172137",0.32673267326732675
all,GO:CC,GO:0098688,parallel fiber to Purkinje cell synapse,17,30,2,5622,0.003562243973711684,0.10941189462947971,False,"PPFIA4, CALB2","ENSG00000143847, ENSG00000172137",0.32673267326732675
all,GO:CC,GO:0043195,terminal bouton,21,30,2,5622,0.005428150696707433,0.10941189462947971,False,"CALB1, CALB2","ENSG00000104327, ENSG00000172137",0.32673267326732675
all,GO:CC,GO:0061827,sperm head,1,30,1,5622,0.005336179295624333,0.10941189462947971,False,DNAJB1,ENSG00000132002,0.32673267326732675
all,GO:BP,GO:0021529,spinal cord oligodendrocyte cell differentiation,1,30,1,5622,0.005336179295624333,0.11890399517422351,False,SOX6,ENSG00000110693,0.32673267326732675
all,GO:BP,GO:0090026,positive regulation of monocyte chemotaxis,1,30,1,5622,0.005336179295624333,0.11890399517422351,False,LGMN,ENSG00000100600,0.32673267326732675
all,GO:BP,GO:0030334,regulation of cell migration,276,30,6,5622,0.0029015332026030606,0.11890399517422351,False,"CPNE3, LGMN, ZMYND8, PLXNC1, GPNMB, SCAI","ENSG00000085719, ENSG00000100600, ENSG00000101040, ENSG00000136040, ENSG00000136235, ENSG00000173611",0.32673267326732675
all,GO:BP,GO:1901740,negative regulation of myoblast fusion,1,30,1,5622,0.005336179295624333,0.11890399517422351,False,CFLAR,ENSG00000003402,0.32673267326732675
all,GO:BP,GO:1904646,cellular response to amyloid-beta,18,30,2,5622,0.003994270868963263,0.11890399517422351,False,"LGMN, CACNA1A","ENSG00000100600, ENSG00000141837",0.32673267326732675
all,GO:BP,GO:0048519,negative regulation of biological process,1794,30,17,5622,0.004300226514948399,0.11890399517422351,False,"CFLAR, IBTK, FUS, LGMN, ZMYND8, SOX6, PRKAR2A, BCL11A, DNAJB1, ADGRB3, PLXNC1, GPNMB, SSTR1, SH3GL3, CNTN4, SCAI, L3MBTL1","ENSG00000003402, ENSG00000005700, ENSG00000089280, ENSG00000100600, ENSG00000101040, ENSG00000110693, ENSG00000114302, ENSG00000119866, ENSG00000132002, ENSG00000135298, ENSG00000136040, ENSG00000136235, ENSG00000139874, ENSG00000140600, ENSG00000144619, ENSG00000173611, ENSG00000185513",0.32673267326732675
all,GO:BP,GO:1905168,positive regulation of double-strand break repair via homologous recombination,19,30,2,5622,0.004449425542333239,0.11890399517422351,False,"FUS, TRRAP","ENSG00000089280, ENSG00000196367",0.32673267326732675
all,GO:BP,GO:0014732,skeletal muscle atrophy,1,30,1,5622,0.005336179295624333,0.11890399517422351,False,CFLAR,ENSG00000003402,0.32673267326732675
all,GO:BP,GO:0000768,syncytium formation by plasma membrane fusion,12,30,2,5622,0.0017576335223865838,0.11890399517422351,False,"CFLAR, ADGRB3","ENSG00000003402, ENSG00000135298",0.32673267326732675
all,GO:BP,GO:1902952,positive regulation of dendritic spine maintenance,1,30,1,5622,0.005336179295624333,0.11890399517422351,False,ZMYND8,ENSG00000101040,0.32673267326732675
all,GO:BP,GO:0072235,metanephric distal tubule development,1,30,1,5622,0.005336179295624333,0.11890399517422351,False,CALB1,ENSG00000104327,0.32673267326732675
all,GO:BP,GO:0000724,double-strand break repair via homologous recombination,59,30,3,5622,0.0036449206945436932,0.11890399517422351,False,"FUS, ZMYND8, TRRAP","ENSG00000089280, ENSG00000101040, ENSG00000196367",0.32673267326732675
all,GO:BP,GO:0099509,regulation of presynaptic cytosolic calcium ion concentration,7,30,2,5622,0.0005686090156345362,0.11890399517422351,False,"CALB1, CALB2","ENSG00000104327, ENSG00000172137",0.32673267326732675
all,GO:BP,GO:0072286,metanephric connecting tubule development,1,30,1,5622,0.005336179295624333,0.11890399517422351,False,CALB1,ENSG00000104327,0.32673267326732675
all,GO:BP,GO:1901724,positive regulation of cell proliferation involved in kidney development,1,30,1,5622,0.005336179295624333,0.11890399517422351,False,CFLAR,ENSG00000003402,0.32673267326732675
all,GO:BP,GO:1904645,response to amyloid-beta,20,30,2,5622,0.004927465667432041,0.11890399517422351,False,"LGMN, CACNA1A","ENSG00000100600, ENSG00000141837",0.32673267326732675
all,GO:BP,GO:0000725,recombinational repair,60,30,3,5622,0.0038230151361510257,0.11890399517422351,False,"FUS, ZMYND8, TRRAP","ENSG00000089280, ENSG00000101040, ENSG00000196367",0.32673267326732675
all,GO:BP,GO:0072221,metanephric distal convoluted tubule development,1,30,1,5622,0.005336179295624333,0.11890399517422351,False,CALB1,ENSG00000104327,0.32673267326732675
all,GO:BP,GO:0072025,distal convoluted tubule development,1,30,1,5622,0.005336179295624333,0.11890399517422351,False,CALB1,ENSG00000104327,0.32673267326732675
all,GO:BP,GO:0009890,negative regulation of biosynthetic process,763,30,10,5622,0.004625093961630014,0.11890399517422351,False,"CFLAR, FUS, LGMN, ZMYND8, SOX6, BCL11A, DNAJB1, GPNMB, SCAI, L3MBTL1","ENSG00000003402, ENSG00000089280, ENSG00000100600, ENSG00000101040, ENSG00000110693, ENSG00000119866, ENSG00000132002, ENSG00000136235, ENSG00000173611, ENSG00000185513",0.32673267326732675
all,GO:BP,GO:0051480,regulation of cytosolic calcium ion concentration,19,30,2,5622,0.004449425542333239,0.11890399517422351,False,"CALB1, CALB2","ENSG00000104327, ENSG00000172137",0.32673267326732675
all,GO:BP,GO:0050808,synapse organization,289,30,6,5622,0.0036519725739299464,0.11890399517422351,False,"LGMN, ZMYND8, ADGRB3, PLXNC1, PPFIA4, CNTN4","ENSG00000100600, ENSG00000101040, ENSG00000135298, ENSG00000136040, ENSG00000143847, ENSG00000144619",0.32673267326732675
all,GO:BP,GO:0051093,negative regulation of developmental process,255,30,6,5622,0.0019431635071457216,0.11890399517422351,False,"CFLAR, LGMN, SOX6, BCL11A, ADGRB3, CNTN4","ENSG00000003402, ENSG00000100600, ENSG00000110693, ENSG00000119866, ENSG00000135298, ENSG00000144619",0.32673267326732675
all,GO:BP,GO:0007520,myoblast fusion,9,30,2,5622,0.0009683039006639908,0.11890399517422351,False,"CFLAR, ADGRB3","ENSG00000003402, ENSG00000135298",0.32673267326732675
all,GO:BP,GO:2000145,regulation of cell motility,293,30,6,5622,0.0039098493366398045,0.11890399517422351,False,"CPNE3, LGMN, ZMYND8, PLXNC1, GPNMB, SCAI","ENSG00000085719, ENSG00000100600, ENSG00000101040, ENSG00000136040, ENSG00000136235, ENSG00000173611",0.32673267326732675
all,GO:BP,GO:1903845,negative regulation of cellular response to transforming growth factor beta stimulus,1,30,1,5622,0.005336179295624333,0.11890399517422351,False,CFLAR,ENSG00000003402,0.32673267326732675
all,GO:BP,GO:2000741,positive regulation of mesenchymal stem cell differentiation,1,30,1,5622,0.005336179295624333,0.11890399517422351,False,SOX6,ENSG00000110693,0.32673267326732675
all,GO:BP,GO:0050793,regulation of developmental process,800,30,11,5622,0.001858457219297267,0.11890399517422351,False,"CFLAR, LGMN, ZMYND8, SOX6, BCL11A, ADGRB3, PLXNC1, GPNMB, SH3GL3, CNTN4, L3MBTL1","ENSG00000003402, ENSG00000100600, ENSG00000101040, ENSG00000110693, ENSG00000119866, ENSG00000135298, ENSG00000136040, ENSG00000136235, ENSG00000140600, ENSG00000144619, ENSG00000185513",0.32673267326732675
all,GO:BP,GO:0072126,positive regulation of glomerular mesangial cell proliferation,1,30,1,5622,0.005336179295624333,0.11890399517422351,False,CFLAR,ENSG00000003402,0.32673267326732675
all,GO:BP,GO:0034242,negative regulation of syncytium formation by plasma membrane fusion,1,30,1,5622,0.005336179295624333,0.11890399517422351,False,CFLAR,ENSG00000003402,0.32673267326732675
all,GO:BP,GO:0032332,positive regulation of chondrocyte differentiation,1,30,1,5622,0.005336179295624333,0.11890399517422351,False,SOX6,ENSG00000110693,0.32673267326732675
all,GO:BP,GO:0140253,cell-cell fusion,12,30,2,5622,0.0017576335223865838,0.11890399517422351,False,"CFLAR, ADGRB3","ENSG00000003402, ENSG00000135298",0.32673267326732675
all,GO:BP,GO:0150146,cell junction disassembly,11,30,2,5622,0.0014695631784802123,0.11890399517422351,False,"ADGRB3, PLXNC1","ENSG00000135298, ENSG00000136040",0.32673267326732675
all,GO:BP,GO:0071392,cellular response to estradiol stimulus,12,30,2,5622,0.0017576335223865838,0.11890399517422351,False,"CFLAR, SSTR1","ENSG00000003402, ENSG00000139874",0.32673267326732675
all,GO:BP,GO:0001980,regulation of systemic arterial blood pressure by ischemic conditions,1,30,1,5622,0.005336179295624333,0.11890399517422351,False,MANF,ENSG00000145050,0.32673267326732675
all,GO:BP,GO:0040012,regulation of locomotion,310,30,6,5622,0.005160929890501715,0.11890399517422351,False,"CPNE3, LGMN, ZMYND8, PLXNC1, GPNMB, SCAI","ENSG00000085719, ENSG00000100600, ENSG00000101040, ENSG00000136040, ENSG00000136235, ENSG00000173611",0.32673267326732675
all,GO:BP,GO:0038170,somatostatin signaling pathway,1,30,1,5622,0.005336179295624333,0.11890399517422351,False,SSTR1,ENSG00000139874,0.32673267326732675
all,GO:BP,GO:0038169,somatostatin receptor signaling pathway,1,30,1,5622,0.005336179295624333,0.11890399517422351,False,SSTR1,ENSG00000139874,0.32673267326732675
all,GO:BP,GO:0002014,vasoconstriction of artery involved in ischemic response to lowering of systemic arterial blood pressure,1,30,1,5622,0.005336179295624333,0.11890399517422351,False,MANF,ENSG00000145050,0.32673267326732675
all,GO:BP,GO:0072124,regulation of glomerular mesangial cell proliferation,1,30,1,5622,0.005336179295624333,0.11890399517422351,False,CFLAR,ENSG00000003402,0.32673267326732675
all,GO:BP,GO:0072027,connecting tubule development,1,30,1,5622,0.005336179295624333,0.11890399517422351,False,CALB1,ENSG00000104327,0.32673267326732675
all,GO:BP,GO:0006949,syncytium formation,13,30,2,5622,0.0020703235874688143,0.11890399517422351,False,"CFLAR, ADGRB3","ENSG00000003402, ENSG00000135298",0.32673267326732675
all,GO:BP,GO:0072110,glomerular mesangial cell proliferation,1,30,1,5622,0.005336179295624333,0.11890399517422351,False,CFLAR,ENSG00000003402,0.32673267326732675
all,GO:BP,GO:0072109,glomerular mesangium development,1,30,1,5622,0.005336179295624333,0.11890399517422351,False,CFLAR,ENSG00000003402,0.32673267326732675
all,GO:MF,GO:0004994,somatostatin receptor activity,1,30,1,5622,0.005336179295624333,0.12540021344715668,False,SSTR1,ENSG00000139874,0.32673267326732675
all,GO:MF,GO:0032093,SAM domain binding,1,30,1,5622,0.005336179295624333,0.12540021344715668,False,L3MBTL1,ENSG00000185513,0.32673267326732675
all,GO:MF,GO:0099567,calcium ion binding involved in regulation of postsynaptic cytosolic calcium ion concentration,1,30,1,5622,0.005336179295624333,0.12540021344715668,False,CALB1,ENSG00000104327,0.32673267326732675
all,GO:MF,GO:0008234,cysteine-type peptidase activity,65,30,3,5622,0.0047931290061364,0.12540021344715668,False,"CFLAR, LGMN, USP12","ENSG00000003402, ENSG00000100600, ENSG00000152484",0.32673267326732675
all,GO:MF,GO:0005499,vitamin D binding,1,30,1,5622,0.005336179295624333,0.12540021344715668,False,CALB1,ENSG00000104327,0.32673267326732675
all,GO:MF,GO:0030292,protein tyrosine kinase inhibitor activity,2,30,1,5622,0.01064482804515845,0.14332449221051485,False,IBTK,ENSG00000005700,0.32673267326732675
all,GO:MF,GO:0045545,syndecan binding,2,30,1,5622,0.01064482804515845,0.14332449221051485,False,GPNMB,ENSG00000136235,0.32673267326732675
all,GO:MF,GO:0140110,transcription regulator activity,475,30,7,5622,0.010785999971188821,0.14332449221051485,False,"FUS, ZMYND8, SOX6, BCL11A, DNAJB1, SCAI, TRRAP","ENSG00000089280, ENSG00000101040, ENSG00000110693, ENSG00000119866, ENSG00000132002, ENSG00000173611, ENSG00000196367",0.32673267326732675
all,GO:MF,GO:0140677,molecular function activator activity,334,30,6,5622,0.007404839279496678,0.14332449221051485,False,"CFLAR, LGMN, DNAJB1, ADGRB3, GPNMB, MANF","ENSG00000003402, ENSG00000100600, ENSG00000132002, ENSG00000135298, ENSG00000136235, ENSG00000145050",0.32673267326732675
all,GO:MF,GO:0008188,neuropeptide receptor activity,2,30,1,5622,0.01064482804515845,0.14332449221051485,False,SSTR1,ENSG00000139874,0.32673267326732675
all,GO:MF,GO:0004175,endopeptidase activity,77,30,3,5622,0.007689094392981537,0.14332449221051485,False,"CFLAR, LGMN, USP12","ENSG00000003402, ENSG00000100600, ENSG00000152484",0.32673267326732675
all,GO:MF,GO:0003714,transcription corepressor activity,89,30,3,5622,0.011435464804030418,0.14332449221051485,False,"ZMYND8, DNAJB1, SCAI","ENSG00000101040, ENSG00000132002, ENSG00000173611",0.32673267326732675
all,GO:CC,GO:0035363,histone locus body,2,30,1,5622,0.01064482804515845,0.14703168737375386,False,ICE1,ENSG00000164151,0.32673267326732675
all,GO:CC,GO:0031265,CD95 death-inducing signaling complex,2,30,1,5622,0.01064482804515845,0.14703168737375386,False,CFLAR,ENSG00000003402,0.32673267326732675
all,GO:CC,GO:0045202,synapse,833,30,10,5622,0.0086899628107948,0.14703168737375386,False,"FUS, ZMYND8, CALB1, DNAJB1, ADGRB3, PLXNC1, SH3GL3, PPFIA4, CNTN4, CALB2","ENSG00000089280, ENSG00000101040, ENSG00000104327, ENSG00000132002, ENSG00000135298, ENSG00000136040, ENSG00000140600, ENSG00000143847, ENSG00000144619, ENSG00000172137",0.32673267326732675
all,GO:CC,GO:0031264,death-inducing signaling complex,2,30,1,5622,0.01064482804515845,0.14703168737375386,False,CFLAR,ENSG00000003402,0.32673267326732675
all,GO:MF,GO:0004860,protein kinase inhibitor activity,33,30,2,5622,0.01311749441692076,0.1541305593988191,False,"IBTK, PRKAR2A","ENSG00000005700, ENSG00000114302",0.32673267326732675
all,GO:BP,GO:2000726,negative regulation of cardiac muscle cell differentiation,2,30,1,5622,0.01064482804515845,0.16168985203375782,False,SOX6,ENSG00000110693,0.32673267326732675
all,GO:BP,GO:2000347,positive regulation of hepatocyte proliferation,2,30,1,5622,0.01064482804515845,0.16168985203375782,False,CFLAR,ENSG00000003402,0.32673267326732675
all,GO:BP,GO:0051146,striated muscle cell differentiation,84,30,3,5622,0.009767862852580982,0.16168985203375782,False,"CFLAR, SOX6, ADGRB3","ENSG00000003402, ENSG00000110693, ENSG00000135298",0.32673267326732675
all,GO:BP,GO:0051253,negative regulation of RNA metabolic process,473,30,7,5622,0.010548726000366155,0.16168985203375782,False,"FUS, ZMYND8, SOX6, BCL11A, DNAJB1, SCAI, L3MBTL1","ENSG00000089280, ENSG00000101040, ENSG00000110693, ENSG00000119866, ENSG00000132002, ENSG00000173611, ENSG00000185513",0.32673267326732675
all,GO:BP,GO:0010569,regulation of double-strand break repair via homologous recombination,30,30,2,5622,0.010914512655695213,0.16168985203375782,False,"FUS, TRRAP","ENSG00000089280, ENSG00000196367",0.32673267326732675
all,GO:BP,GO:0009892,negative regulation of metabolic process,954,30,11,5622,0.007583941875588972,0.16168985203375782,False,"CFLAR, IBTK, FUS, LGMN, ZMYND8, SOX6, BCL11A, DNAJB1, GPNMB, SCAI, L3MBTL1","ENSG00000003402, ENSG00000005700, ENSG00000089280, ENSG00000100600, ENSG00000101040, ENSG00000110693, ENSG00000119866, ENSG00000132002, ENSG00000136235, ENSG00000173611, ENSG00000185513",0.32673267326732675
all,GO:BP,GO:0072017,distal tubule development,2,30,1,5622,0.01064482804515845,0.16168985203375782,False,CALB1,ENSG00000104327,0.32673267326732675
all,GO:BP,GO:0061437,renal system vasculature development,2,30,1,5622,0.01064482804515845,0.16168985203375782,False,CFLAR,ENSG00000003402,0.32673267326732675
all,GO:BP,GO:0006624,vacuolar protein processing,2,30,1,5622,0.01064482804515845,0.16168985203375782,False,LGMN,ENSG00000100600,0.32673267326732675
all,GO:BP,GO:0006310,DNA recombination,86,30,3,5622,0.010416404004618393,0.16168985203375782,False,"FUS, ZMYND8, TRRAP","ENSG00000089280, ENSG00000101040, ENSG00000196367",0.32673267326732675
all,GO:BP,GO:0048523,negative regulation of cellular process,1726,30,16,5622,0.007983205424869926,0.16168985203375782,False,"CFLAR, IBTK, FUS, LGMN, ZMYND8, SOX6, PRKAR2A, BCL11A, DNAJB1, PLXNC1, GPNMB, SSTR1, SH3GL3, CNTN4, SCAI, L3MBTL1","ENSG00000003402, ENSG00000005700, ENSG00000089280, ENSG00000100600, ENSG00000101040, ENSG00000110693, ENSG00000114302, ENSG00000119866, ENSG00000132002, ENSG00000136040, ENSG00000136235, ENSG00000139874, ENSG00000140600, ENSG00000144619, ENSG00000173611, ENSG00000185513",0.32673267326732675
all,GO:BP,GO:0050804,modulation of chemical synaptic transmission,259,30,5,5622,0.01104223379742735,0.16168985203375782,False,"LGMN, ZMYND8, CALB1, CACNA1A, CNTN4","ENSG00000100600, ENSG00000101040, ENSG00000104327, ENSG00000141837, ENSG00000144619",0.32673267326732675
all,GO:BP,GO:0014891,striated muscle atrophy,2,30,1,5622,0.01064482804515845,0.16168985203375782,False,CFLAR,ENSG00000003402,0.32673267326732675
all,GO:BP,GO:0035502,metanephric part of ureteric bud development,2,30,1,5622,0.01064482804515845,0.16168985203375782,False,CALB1,ENSG00000104327,0.32673267326732675
all,GO:BP,GO:0099177,regulation of trans-synaptic signaling,259,30,5,5622,0.01104223379742735,0.16168985203375782,False,"LGMN, ZMYND8, CALB1, CACNA1A, CNTN4","ENSG00000100600, ENSG00000101040, ENSG00000104327, ENSG00000141837, ENSG00000144619",0.32673267326732675
all,GO:BP,GO:0032460,negative regulation of protein oligomerization,2,30,1,5622,0.01064482804515845,0.16168985203375782,False,BCL11A,ENSG00000119866,0.32673267326732675
all,GO:BP,GO:0032463,negative regulation of protein homooligomerization,2,30,1,5622,0.01064482804515845,0.16168985203375782,False,BCL11A,ENSG00000119866,0.32673267326732675
all,GO:BP,GO:0040011,locomotion,343,30,6,5622,0.008407446889249794,0.16168985203375782,False,"CPNE3, LGMN, ZMYND8, PLXNC1, GPNMB, SCAI","ENSG00000085719, ENSG00000100600, ENSG00000101040, ENSG00000136040, ENSG00000136235, ENSG00000173611",0.32673267326732675
all,GO:BP,GO:0072012,glomerulus vasculature development,2,30,1,5622,0.01064482804515845,0.16168985203375782,False,CFLAR,ENSG00000003402,0.32673267326732675
all,GO:BP,GO:0072205,metanephric collecting duct development,2,30,1,5622,0.01064482804515845,0.16168985203375782,False,CALB1,ENSG00000104327,0.32673267326732675
all,GO:BP,GO:0042359,vitamin D metabolic process,2,30,1,5622,0.01064482804515845,0.16168985203375782,False,LGMN,ENSG00000100600,0.32673267326732675
all,GO:BP,GO:0072044,collecting duct development,2,30,1,5622,0.01064482804515845,0.16168985203375782,False,CALB1,ENSG00000104327,0.32673267326732675
all,GO:BP,GO:0061440,kidney vasculature development,2,30,1,5622,0.01064482804515845,0.16168985203375782,False,CFLAR,ENSG00000003402,0.32673267326732675
all,GO:BP,GO:0045911,positive regulation of DNA recombination,26,30,2,5622,0.00826295336748624,0.16168985203375782,False,"FUS, TRRAP","ENSG00000089280, ENSG00000196367",0.32673267326732675
all,GO:BP,GO:1905208,negative regulation of cardiocyte differentiation,3,30,1,5622,0.015926083411465432,0.162011820490906,False,SOX6,ENSG00000110693,0.32673267326732675
all,GO:BP,GO:0000018,regulation of DNA recombination,41,30,2,5622,0.019842126287506156,0.162011820490906,False,"FUS, TRRAP","ENSG00000089280, ENSG00000196367",0.32673267326732675
all,GO:BP,GO:0014857,regulation of skeletal muscle cell proliferation,3,30,1,5622,0.015926083411465432,0.162011820490906,False,CFLAR,ENSG00000003402,0.32673267326732675
all,GO:BP,GO:0048640,negative regulation of developmental growth,34,30,2,5622,0.013891462823654553,0.162011820490906,False,"LGMN, BCL11A","ENSG00000100600, ENSG00000119866",0.32673267326732675
all,GO:BP,GO:0022008,neurogenesis,741,30,9,5622,0.012430788806156874,0.162011820490906,False,"CFLAR, ZMYND8, SOX6, BCL11A, ADGRB3, PLXNC1, SH3GL3, CNTN4, MANF","ENSG00000003402, ENSG00000101040, ENSG00000110693, ENSG00000119866, ENSG00000135298, ENSG00000136040, ENSG00000140600, ENSG00000144619, ENSG00000145050",0.32673267326732675
all,GO:BP,GO:0030182,neuron differentiation,626,30,8,5622,0.014274656818071038,0.162011820490906,False,"CFLAR, ZMYND8, BCL11A, ADGRB3, PLXNC1, SH3GL3, CNTN4, MANF","ENSG00000003402, ENSG00000101040, ENSG00000119866, ENSG00000135298, ENSG00000136040, ENSG00000140600, ENSG00000144619, ENSG00000145050",0.32673267326732675
all,GO:BP,GO:0019368,"fatty acid elongation, unsaturated fatty acid",4,30,1,5622,0.021180081898323593,0.162011820490906,False,ELOVL7,ENSG00000164181,0.32673267326732675
all,GO:BP,GO:0030030,cell projection organization,654,30,8,5622,0.018285550907921732,0.162011820490906,False,"CFLAR, LGMN, ZMYND8, BCL11A, ADGRB3, PLXNC1, CNTN4, MANF","ENSG00000003402, ENSG00000100600, ENSG00000101040, ENSG00000119866, ENSG00000135298, ENSG00000136040, ENSG00000144619, ENSG00000145050",0.32673267326732675
all,GO:BP,GO:0048699,generation of neurons,653,30,8,5622,0.018129397601561868,0.162011820490906,False,"CFLAR, ZMYND8, BCL11A, ADGRB3, PLXNC1, SH3GL3, CNTN4, MANF","ENSG00000003402, ENSG00000101040, ENSG00000119866, ENSG00000135298, ENSG00000136040, ENSG00000140600, ENSG00000144619, ENSG00000145050",0.32673267326732675
all,GO:BP,GO:1902897,regulation of postsynaptic density protein 95 clustering,4,30,1,5622,0.021180081898323593,0.162011820490906,False,ZMYND8,ENSG00000101040,0.32673267326732675
all,GO:BP,GO:0031346,positive regulation of cell projection organization,177,30,4,5622,0.013726528940760265,0.162011820490906,False,"CFLAR, ZMYND8, BCL11A, PLXNC1","ENSG00000003402, ENSG00000101040, ENSG00000119866, ENSG00000136040",0.32673267326732675
all,GO:BP,GO:0045934,negative regulation of nucleobase-containing compound metabolic process,507,30,7,5622,0.015144047316226966,0.162011820490906,False,"FUS, ZMYND8, SOX6, BCL11A, DNAJB1, SCAI, L3MBTL1","ENSG00000089280, ENSG00000101040, ENSG00000110693, ENSG00000119866, ENSG00000132002, ENSG00000173611, ENSG00000185513",0.32673267326732675
all,GO:BP,GO:0032355,response to estradiol,33,30,2,5622,0.01311749441692076,0.162011820490906,False,"CFLAR, SSTR1","ENSG00000003402, ENSG00000139874",0.32673267326732675
all,GO:BP,GO:0032459,regulation of protein oligomerization,4,30,1,5622,0.021180081898323593,0.162011820490906,False,BCL11A,ENSG00000119866,0.32673267326732675
all,GO:BP,GO:0034330,cell junction organization,375,30,6,5622,0.012781148087042732,0.162011820490906,False,"LGMN, ZMYND8, ADGRB3, PLXNC1, PPFIA4, CNTN4","ENSG00000100600, ENSG00000101040, ENSG00000135298, ENSG00000136040, ENSG00000143847, ENSG00000144619",0.32673267326732675
all,GO:BP,GO:0042796,snRNA transcription by RNA polymerase III,4,30,1,5622,0.021180081898323593,0.162011820490906,False,ICE1,ENSG00000164151,0.32673267326732675
all,GO:BP,GO:0034625,"fatty acid elongation, monounsaturated fatty acid",4,30,1,5622,0.021180081898323593,0.162011820490906,False,ELOVL7,ENSG00000164181,0.32673267326732675
all,GO:BP,GO:0034626,"fatty acid elongation, polyunsaturated fatty acid",4,30,1,5622,0.021180081898323593,0.162011820490906,False,ELOVL7,ENSG00000164181,0.32673267326732675
all,GO:BP,GO:0098743,cell aggregation,4,30,1,5622,0.021180081898323593,0.162011820490906,False,SOX6,ENSG00000110693,0.32673267326732675
all,GO:BP,GO:0032462,regulation of protein homooligomerization,3,30,1,5622,0.015926083411465432,0.162011820490906,False,BCL11A,ENSG00000119866,0.32673267326732675
all,GO:BP,GO:0090025,regulation of monocyte chemotaxis,3,30,1,5622,0.015926083411465432,0.162011820490906,False,LGMN,ENSG00000100600,0.32673267326732675
all,GO:BP,GO:0043954,cellular component maintenance,37,30,2,5622,0.01632925650048582,0.162011820490906,False,"ZMYND8, ADGRB3","ENSG00000101040, ENSG00000135298",0.32673267326732675
all,GO:BP,GO:0031175,neuron projection development,480,30,7,5622,0.01139650375753668,0.162011820490906,False,"CFLAR, ZMYND8, BCL11A, ADGRB3, PLXNC1, CNTN4, MANF","ENSG00000003402, ENSG00000101040, ENSG00000119866, ENSG00000135298, ENSG00000136040, ENSG00000144619, ENSG00000145050",0.32673267326732675
all,GO:BP,GO:0048666,neuron development,536,30,7,5622,0.020093844929483455,0.162011820490906,False,"CFLAR, ZMYND8, BCL11A, ADGRB3, PLXNC1, CNTN4, MANF","ENSG00000003402, ENSG00000101040, ENSG00000119866, ENSG00000135298, ENSG00000136040, ENSG00000144619, ENSG00000145050",0.32673267326732675
all,GO:BP,GO:0048731,system development,1387,30,13,5622,0.01911633906499248,0.162011820490906,False,"CFLAR, ZMYND8, CALB1, SOX6, BCL11A, DNAJB1, ADGRB3, PLXNC1, GPNMB, SSTR1, SH3GL3, CNTN4, MANF","ENSG00000003402, ENSG00000101040, ENSG00000104327, ENSG00000110693, ENSG00000119866, ENSG00000132002, ENSG00000135298, ENSG00000136040, ENSG00000136235, ENSG00000139874, ENSG00000140600, ENSG00000144619, ENSG00000145050",0.32673267326732675
all,GO:BP,GO:0072243,metanephric nephron epithelium development,4,30,1,5622,0.021180081898323593,0.162011820490906,False,CALB1,ENSG00000104327,0.32673267326732675
all,GO:BP,GO:0014866,skeletal myofibril assembly,3,30,1,5622,0.015926083411465432,0.162011820490906,False,CFLAR,ENSG00000003402,0.32673267326732675
all,GO:BP,GO:0007399,nervous system development,1049,30,11,5622,0.01542217935908595,0.162011820490906,False,"CFLAR, ZMYND8, SOX6, BCL11A, DNAJB1, ADGRB3, PLXNC1, SSTR1, SH3GL3, CNTN4, MANF","ENSG00000003402, ENSG00000101040, ENSG00000110693, ENSG00000119866, ENSG00000132002, ENSG00000135298, ENSG00000136040, ENSG00000139874, ENSG00000140600, ENSG00000144619, ENSG00000145050",0.32673267326732675
all,GO:BP,GO:0061036,positive regulation of cartilage development,4,30,1,5622,0.021180081898323593,0.162011820490906,False,SOX6,ENSG00000110693,0.32673267326732675
all,GO:BP,GO:2000725,regulation of cardiac muscle cell differentiation,3,30,1,5622,0.015926083411465432,0.162011820490906,False,SOX6,ENSG00000110693,0.32673267326732675
all,GO:BP,GO:2000738,positive regulation of stem cell differentiation,4,30,1,5622,0.021180081898323593,0.162011820490906,False,SOX6,ENSG00000110693,0.32673267326732675
all,GO:BP,GO:0071277,cellular response to calcium ion,31,30,2,5622,0.011628800103416414,0.162011820490906,False,"CPNE3, LGMN","ENSG00000085719, ENSG00000100600",0.32673267326732675
all,GO:BP,GO:0001976,nervous system process involved in regulation of systemic arterial blood pressure,4,30,1,5622,0.021180081898323593,0.162011820490906,False,MANF,ENSG00000145050,0.32673267326732675
all,GO:BP,GO:0072207,metanephric epithelium development,4,30,1,5622,0.021180081898323593,0.162011820490906,False,CALB1,ENSG00000104327,0.32673267326732675
all,GO:BP,GO:0065008,regulation of biological quality,1068,30,11,5622,0.01756212899912978,0.162011820490906,False,"FUS, LGMN, ZMYND8, CALB1, BCL11A, ADGRB3, PLXNC1, CACNA1A, CNTN4, MANF, USP12","ENSG00000089280, ENSG00000100600, ENSG00000101040, ENSG00000104327, ENSG00000119866, ENSG00000135298, ENSG00000136040, ENSG00000141837, ENSG00000144619, ENSG00000145050, ENSG00000152484",0.32673267326732675
all,GO:BP,GO:0061743,motor learning,3,30,1,5622,0.015926083411465432,0.162011820490906,False,ADGRB3,ENSG00000135298,0.32673267326732675
all,GO:BP,GO:0070050,neuron cellular homeostasis,38,30,2,5622,0.017179772023835346,0.162011820490906,False,"CALB1, CALB2","ENSG00000104327, ENSG00000172137",0.32673267326732675
all,GO:BP,GO:0072170,metanephric tubule development,4,30,1,5622,0.021180081898323593,0.162011820490906,False,CALB1,ENSG00000104327,0.32673267326732675
all,GO:BP,GO:0003084,positive regulation of systemic arterial blood pressure,3,30,1,5622,0.015926083411465432,0.162011820490906,False,MANF,ENSG00000145050,0.32673267326732675
all,GO:BP,GO:0072111,cell proliferation involved in kidney development,4,30,1,5622,0.021180081898323593,0.162011820490906,False,CFLAR,ENSG00000003402,0.32673267326732675
all,GO:BP,GO:0072006,nephron development,37,30,2,5622,0.01632925650048582,0.162011820490906,False,"CFLAR, CALB1","ENSG00000003402, ENSG00000104327",0.32673267326732675
all,GO:BP,GO:0008037,cell recognition,40,30,2,5622,0.01893641492112471,0.162011820490906,False,"PRKAR2A, CNTN4","ENSG00000114302, ENSG00000144619",0.32673267326732675
all,GO:BP,GO:0001502,cartilage condensation,4,30,1,5622,0.021180081898323593,0.162011820490906,False,SOX6,ENSG00000110693,0.32673267326732675
all,GO:BP,GO:0072497,mesenchymal stem cell differentiation,4,30,1,5622,0.021180081898323593,0.162011820490906,False,SOX6,ENSG00000110693,0.32673267326732675
all,GO:BP,GO:0072234,metanephric nephron tubule development,4,30,1,5622,0.021180081898323593,0.162011820490906,False,CALB1,ENSG00000104327,0.32673267326732675
all,GO:BP,GO:0014842,regulation of skeletal muscle satellite cell proliferation,3,30,1,5622,0.015926083411465432,0.162011820490906,False,CFLAR,ENSG00000003402,0.32673267326732675
all,GO:BP,GO:0014902,myotube differentiation,34,30,2,5622,0.013891462823654553,0.162011820490906,False,"CFLAR, ADGRB3","ENSG00000003402, ENSG00000135298",0.32673267326732675
all,GO:BP,GO:0014889,muscle atrophy,4,30,1,5622,0.021180081898323593,0.162011820490906,False,CFLAR,ENSG00000003402,0.32673267326732675
all,GO:BP,GO:0010605,negative regulation of macromolecule metabolic process,886,30,10,5622,0.013329274557669015,0.162011820490906,False,"IBTK, FUS, LGMN, ZMYND8, SOX6, BCL11A, DNAJB1, GPNMB, SCAI, L3MBTL1","ENSG00000005700, ENSG00000089280, ENSG00000100600, ENSG00000101040, ENSG00000110693, ENSG00000119866, ENSG00000132002, ENSG00000136235, ENSG00000173611, ENSG00000185513",0.32673267326732675
all,GO:BP,GO:2000171,negative regulation of dendrite development,4,30,1,5622,0.021180081898323593,0.162011820490906,False,BCL11A,ENSG00000119866,0.32673267326732675
all,GO:BP,GO:0050896,response to stimulus,2584,30,20,5622,0.017825671903813983,0.162011820490906,False,"CFLAR, CPNE3, FUS, LGMN, ZMYND8, CALB1, SOX6, PRKAR2A, DNAJB1, ADGRB3, PLXNC1, GPNMB, SSTR1, SH3GL3, CACNA1A, MANF, SCAI, RBM4B, TRRAP, GSTK1","ENSG00000003402, ENSG00000085719, ENSG00000089280, ENSG00000100600, ENSG00000101040, ENSG00000104327, ENSG00000110693, ENSG00000114302, ENSG00000132002, ENSG00000135298, ENSG00000136040, ENSG00000136235, ENSG00000139874, ENSG00000140600, ENSG00000141837, ENSG00000145050, ENSG00000173611, ENSG00000173914, ENSG00000196367, ENSG00000197448",0.32673267326732675
all,GO:BP,GO:0010558,negative regulation of macromolecule biosynthetic process,738,30,9,5622,0.01211576142249374,0.162011820490906,False,"FUS, LGMN, ZMYND8, SOX6, BCL11A, DNAJB1, GPNMB, SCAI, L3MBTL1","ENSG00000089280, ENSG00000100600, ENSG00000101040, ENSG00000110693, ENSG00000119866, ENSG00000132002, ENSG00000136235, ENSG00000173611, ENSG00000185513",0.32673267326732675
all,GO:BP,GO:2001026,regulation of endothelial cell chemotaxis,4,30,1,5622,0.021180081898323593,0.162011820490906,False,LGMN,ENSG00000100600,0.32673267326732675
all,GO:BP,GO:2000026,regulation of multicellular organismal development,418,30,6,5622,0.020943581380919042,0.162011820490906,False,"SOX6, BCL11A, ADGRB3, PLXNC1, GPNMB, L3MBTL1","ENSG00000110693, ENSG00000119866, ENSG00000135298, ENSG00000136040, ENSG00000136235, ENSG00000185513",0.32673267326732675
all,GO:BP,GO:2000781,positive regulation of double-strand break repair,42,30,2,5622,0.02076582286481385,0.162011820490906,False,"FUS, TRRAP","ENSG00000089280, ENSG00000196367",0.32673267326732675
all,GO:BP,GO:2000739,regulation of mesenchymal stem cell differentiation,3,30,1,5622,0.015926083411465432,0.162011820490906,False,SOX6,ENSG00000110693,0.32673267326732675
all,GO:BP,GO:0051241,negative regulation of multicellular organismal process,283,30,5,5622,0.015772786072151282,0.162011820490906,False,"LGMN, SOX6, BCL11A, ADGRB3, GPNMB","ENSG00000100600, ENSG00000110693, ENSG00000119866, ENSG00000135298, ENSG00000136235",0.32673267326732675
all,GO:BP,GO:2001028,positive regulation of endothelial cell chemotaxis,3,30,1,5622,0.015926083411465432,0.162011820490906,False,LGMN,ENSG00000100600,0.32673267326732675
all,GO:BP,GO:1900186,negative regulation of clathrin-dependent endocytosis,3,30,1,5622,0.015926083411465432,0.162011820490906,False,SH3GL3,ENSG00000140600,0.32673267326732675
all,GO:BP,GO:2000345,regulation of hepatocyte proliferation,4,30,1,5622,0.021180081898323593,0.162011820490906,False,CFLAR,ENSG00000003402,0.32673267326732675
all,GO:BP,GO:0120036,plasma membrane bounded cell projection organization,643,30,8,5622,0.01662156093913543,0.162011820490906,False,"CFLAR, LGMN, ZMYND8, BCL11A, ADGRB3, PLXNC1, CNTN4, MANF","ENSG00000003402, ENSG00000100600, ENSG00000101040, ENSG00000119866, ENSG00000135298, ENSG00000136040, ENSG00000144619, ENSG00000145050",0.32673267326732675
all,GO:BP,GO:0040015,negative regulation of multicellular organism growth,4,30,1,5622,0.021180081898323593,0.162011820490906,False,LGMN,ENSG00000100600,0.32673267326732675
all,GO:BP,GO:0006302,double-strand break repair,103,30,3,5622,0.0169395362828471,0.162011820490906,False,"FUS, ZMYND8, TRRAP","ENSG00000089280, ENSG00000101040, ENSG00000196367",0.32673267326732675
all,GO:BP,GO:0007187,"G protein-coupled receptor signaling pathway, coupled to cyclic nucleotide second messenger",3,30,1,5622,0.015926083411465432,0.162011820490906,False,SSTR1,ENSG00000139874,0.32673267326732675
all,GO:MF,GO:0019210,kinase inhibitor activity,35,30,2,5622,0.014684889146342538,0.16239759761837663,False,"IBTK, PRKAR2A","ENSG00000005700, ENSG00000114302",0.32673267326732675
all,GO:BP,GO:0050772,positive regulation of axonogenesis,43,30,2,5622,0.021707300540672325,0.16360281657492048,False,"BCL11A, PLXNC1","ENSG00000119866, ENSG00000136040",0.32673267326732675
all,GO:BP,GO:0051094,positive regulation of developmental process,421,30,6,5622,0.0216220257436665,0.16360281657492048,False,"ZMYND8, SOX6, BCL11A, ADGRB3, PLXNC1, SH3GL3","ENSG00000101040, ENSG00000110693, ENSG00000119866, ENSG00000135298, ENSG00000136040, ENSG00000140600",0.32673267326732675
all,GO:BP,GO:1902679,negative regulation of RNA biosynthetic process,425,30,6,5622,0.02255008348362408,0.16538630144475178,False,"ZMYND8, SOX6, BCL11A, DNAJB1, SCAI, L3MBTL1","ENSG00000101040, ENSG00000110693, ENSG00000119866, ENSG00000132002, ENSG00000173611, ENSG00000185513",0.32673267326732675
all,GO:BP,GO:0120035,regulation of plasma membrane bounded cell projection organization,309,30,5,5622,0.022273913365366518,0.16538630144475178,False,"CFLAR, ZMYND8, BCL11A, ADGRB3, PLXNC1","ENSG00000003402, ENSG00000101040, ENSG00000119866, ENSG00000135298, ENSG00000136040",0.32673267326732675
all,GO:BP,GO:0045892,negative regulation of DNA-templated transcription,425,30,6,5622,0.02255008348362408,0.16538630144475178,False,"ZMYND8, SOX6, BCL11A, DNAJB1, SCAI, L3MBTL1","ENSG00000101040, ENSG00000110693, ENSG00000119866, ENSG00000132002, ENSG00000173611, ENSG00000185513",0.32673267326732675
all,GO:BP,GO:0007275,multicellular organism development,1577,30,14,5622,0.022589348490014847,0.16538630144475178,False,"CFLAR, ZMYND8, CALB1, SOX6, BCL11A, DNAJB1, ADGRB3, PLXNC1, GPNMB, SSTR1, SH3GL3, CNTN4, MANF, L3MBTL1","ENSG00000003402, ENSG00000101040, ENSG00000104327, ENSG00000110693, ENSG00000119866, ENSG00000132002, ENSG00000135298, ENSG00000136040, ENSG00000136235, ENSG00000139874, ENSG00000140600, ENSG00000144619, ENSG00000145050, ENSG00000185513",0.32673267326732675
all,GO:MF,GO:0120146,sulfatide binding,3,30,1,5622,0.015926083411465432,0.16633909340864092,False,MANF,ENSG00000145050,0.32673267326732675
all,GO:BP,GO:0048167,regulation of synaptic plasticity,116,30,3,5622,0.023177796400663486,0.16849107312539074,False,"LGMN, CALB1, CNTN4","ENSG00000100600, ENSG00000104327, ENSG00000144619",0.32673267326732675
all,GO:BP,GO:0007189,adenylate cyclase-activating G protein-coupled receptor signaling pathway,45,30,2,5622,0.023642790423154803,0.16946755373240335,False,"PRKAR2A, ADGRB3","ENSG00000114302, ENSG00000135298",0.32673267326732675
all,GO:BP,GO:0070374,positive regulation of ERK1 and ERK2 cascade,45,30,2,5622,0.023642790423154803,0.16946755373240335,False,"CFLAR, GPNMB","ENSG00000003402, ENSG00000136235",0.32673267326732675
all,GO:BP,GO:1905207,regulation of cardiocyte differentiation,5,30,1,5622,0.026406959353476738,0.17023354300197172,False,SOX6,ENSG00000110693,0.32673267326732675
all,GO:BP,GO:0042761,very long-chain fatty acid biosynthetic process,5,30,1,5622,0.026406959353476738,0.17023354300197172,False,ELOVL7,ENSG00000164181,0.32673267326732675
all,GO:BP,GO:0014856,skeletal muscle cell proliferation,5,30,1,5622,0.026406959353476738,0.17023354300197172,False,CFLAR,ENSG00000003402,0.32673267326732675
all,GO:BP,GO:0014841,skeletal muscle satellite cell proliferation,5,30,1,5622,0.026406959353476738,0.17023354300197172,False,CFLAR,ENSG00000003402,0.32673267326732675
all,GO:BP,GO:0031344,regulation of cell projection organization,316,30,5,5622,0.024286866807892427,0.17023354300197172,False,"CFLAR, ZMYND8, BCL11A, ADGRB3, PLXNC1","ENSG00000003402, ENSG00000101040, ENSG00000119866, ENSG00000135298, ENSG00000136040",0.32673267326732675
all,GO:BP,GO:0045777,positive regulation of blood pressure,5,30,1,5622,0.026406959353476738,0.17023354300197172,False,MANF,ENSG00000145050,0.32673267326732675
all,GO:BP,GO:0019367,"fatty acid elongation, saturated fatty acid",5,30,1,5622,0.026406959353476738,0.17023354300197172,False,ELOVL7,ENSG00000164181,0.32673267326732675
all,GO:BP,GO:1901739,regulation of myoblast fusion,5,30,1,5622,0.026406959353476738,0.17023354300197172,False,CFLAR,ENSG00000003402,0.32673267326732675
all,GO:BP,GO:0035767,endothelial cell chemotaxis,5,30,1,5622,0.026406959353476738,0.17023354300197172,False,LGMN,ENSG00000100600,0.32673267326732675
all,GO:BP,GO:0072574,hepatocyte proliferation,5,30,1,5622,0.026406959353476738,0.17023354300197172,False,CFLAR,ENSG00000003402,0.32673267326732675
all,GO:BP,GO:0003338,metanephros morphogenesis,5,30,1,5622,0.026406959353476738,0.17023354300197172,False,CALB1,ENSG00000104327,0.32673267326732675
all,GO:BP,GO:0002548,monocyte chemotaxis,5,30,1,5622,0.026406959353476738,0.17023354300197172,False,LGMN,ENSG00000100600,0.32673267326732675
all,GO:BP,GO:0071732,cellular response to nitric oxide,5,30,1,5622,0.026406959353476738,0.17023354300197172,False,CFLAR,ENSG00000003402,0.32673267326732675
all,GO:BP,GO:0007614,short-term memory,5,30,1,5622,0.026406959353476738,0.17023354300197172,False,CALB1,ENSG00000104327,0.32673267326732675
all,GO:BP,GO:1903944,negative regulation of hepatocyte apoptotic process,5,30,1,5622,0.026406959353476738,0.17023354300197172,False,CFLAR,ENSG00000003402,0.32673267326732675
all,GO:BP,GO:0042692,muscle cell differentiation,120,30,3,5622,0.025318309347517193,0.17023354300197172,False,"CFLAR, SOX6, ADGRB3","ENSG00000003402, ENSG00000110693, ENSG00000135298",0.32673267326732675
all,GO:BP,GO:0097061,dendritic spine organization,49,30,2,5622,0.027718332047335235,0.17757056467824123,False,"LGMN, ZMYND8","ENSG00000100600, ENSG00000101040",0.32673267326732675
all,GO:CC,GO:0061793,chromatin lock complex,3,30,1,5622,0.015926083411465432,0.17930078345239375,False,L3MBTL1,ENSG00000185513,0.32673267326732675
all,GO:CC,GO:0000785,chromatin,395,30,6,5622,0.016226315244560526,0.17930078345239375,False,"ZMYND8, SOX6, BCL11A, ICE1, L3MBTL1, TRRAP","ENSG00000101040, ENSG00000110693, ENSG00000119866, ENSG00000164151, ENSG00000185513, ENSG00000196367",0.32673267326732675
all,GO:CC,GO:0032437,cuticular plate,3,30,1,5622,0.015926083411465432,0.17930078345239375,False,CALB1,ENSG00000104327,0.32673267326732675
all,GO:CC,GO:0036021,endolysosome lumen,3,30,1,5622,0.015926083411465432,0.17930078345239375,False,LGMN,ENSG00000100600,0.32673267326732675
all,GO:BP,GO:0071731,response to nitric oxide,6,30,1,5622,0.031606850971670736,0.17990483915798633,False,CFLAR,ENSG00000003402,0.32673267326732675
all,GO:BP,GO:0051962,positive regulation of nervous system development,128,30,3,5622,0.029911986412596656,0.17990483915798633,False,"BCL11A, ADGRB3, PLXNC1","ENSG00000119866, ENSG00000135298, ENSG00000136040",0.32673267326732675
all,GO:BP,GO:1903427,negative regulation of reactive oxygen species biosynthetic process,6,30,1,5622,0.031606850971670736,0.17990483915798633,False,CFLAR,ENSG00000003402,0.32673267326732675
all,GO:BP,GO:0099566,regulation of postsynaptic cytosolic calcium ion concentration,6,30,1,5622,0.031606850971670736,0.17990483915798633,False,CALB1,ENSG00000104327,0.32673267326732675
all,GO:BP,GO:0051592,response to calcium ion,51,30,2,5622,0.029855251362643772,0.17990483915798633,False,"CPNE3, LGMN","ENSG00000085719, ENSG00000100600",0.32673267326732675
all,GO:BP,GO:0010447,response to acidic pH,6,30,1,5622,0.031606850971670736,0.17990483915798633,False,LGMN,ENSG00000100600,0.32673267326732675
all,GO:BP,GO:0050794,regulation of cellular process,3510,30,24,5622,0.031768561841556596,0.17990483915798633,False,"CFLAR, IBTK, CPNE3, FUS, LGMN, ZMYND8, CALB1, SOX6, PRKAR2A, BCL11A, DNAJB1, ADGRB3, PLXNC1, GPNMB, SSTR1, SH3GL3, CACNA1A, CNTN4, MANF, ICE1, SCAI, RBM4B, L3MBTL1, TRRAP","ENSG00000003402, ENSG00000005700, ENSG00000085719, ENSG00000089280, ENSG00000100600, ENSG00000101040, ENSG00000104327, ENSG00000110693, ENSG00000114302, ENSG00000119866, ENSG00000132002, ENSG00000135298, ENSG00000136040, ENSG00000136235, ENSG00000139874, ENSG00000140600, ENSG00000141837, ENSG00000144619, ENSG00000145050, ENSG00000164151, ENSG00000173611, ENSG00000173914, ENSG00000185513, ENSG00000196367",0.32673267326732675
all,GO:BP,GO:0051130,positive regulation of cellular component organization,457,30,6,5622,0.030979389467389495,0.17990483915798633,False,"CFLAR, ZMYND8, BCL11A, ADGRB3, PLXNC1, ICE1","ENSG00000003402, ENSG00000101040, ENSG00000119866, ENSG00000135298, ENSG00000136040, ENSG00000164151",0.32673267326732675
all,GO:BP,GO:0060142,regulation of syncytium formation by plasma membrane fusion,6,30,1,5622,0.031606850971670736,0.17990483915798633,False,CFLAR,ENSG00000003402,0.32673267326732675
all,GO:BP,GO:0050877,nervous system process,339,30,5,5622,0.031730546578727724,0.17990483915798633,False,"LGMN, ZMYND8, CALB1, ADGRB3, MANF","ENSG00000100600, ENSG00000101040, ENSG00000104327, ENSG00000135298, ENSG00000145050",0.32673267326732675
all,GO:BP,GO:1903943,regulation of hepatocyte apoptotic process,6,30,1,5622,0.031606850971670736,0.17990483915798633,False,CFLAR,ENSG00000003402,0.32673267326732675
all,GO:BP,GO:0141162,negative regulation of cAMP/PKA signal transduction,6,30,1,5622,0.031606850971670736,0.17990483915798633,False,PRKAR2A,ENSG00000114302,0.32673267326732675
all,GO:BP,GO:0016477,cell migration,456,30,6,5622,0.03068803326518321,0.17990483915798633,False,"CPNE3, LGMN, ZMYND8, PLXNC1, GPNMB, SCAI","ENSG00000085719, ENSG00000100600, ENSG00000101040, ENSG00000136040, ENSG00000136235, ENSG00000173611",0.32673267326732675
all,GO:BP,GO:0045739,positive regulation of DNA repair,50,30,2,5622,0.028778690311218665,0.17990483915798633,False,"FUS, TRRAP","ENSG00000089280, ENSG00000196367",0.32673267326732675
all,GO:BP,GO:0030497,fatty acid elongation,6,30,1,5622,0.031606850971670736,0.17990483915798633,False,ELOVL7,ENSG00000164181,0.32673267326732675
all,GO:BP,GO:0080135,regulation of cellular response to stress,221,30,4,5622,0.02855641718335556,0.17990483915798633,False,"FUS, DNAJB1, MANF, TRRAP","ENSG00000089280, ENSG00000132002, ENSG00000145050, ENSG00000196367",0.32673267326732675
all,GO:BP,GO:0010975,regulation of neuron projection development,226,30,4,5622,0.030678287031675258,0.17990483915798633,False,"CFLAR, BCL11A, ADGRB3, PLXNC1","ENSG00000003402, ENSG00000119866, ENSG00000135298, ENSG00000136040",0.32673267326732675
all,GO:BP,GO:1902170,cellular response to reactive nitrogen species,6,30,1,5622,0.031606850971670736,0.17990483915798633,False,CFLAR,ENSG00000003402,0.32673267326732675
all,GO:BP,GO:0043501,skeletal muscle adaptation,6,30,1,5622,0.031606850971670736,0.17990483915798633,False,CFLAR,ENSG00000003402,0.32673267326732675
all,GO:BP,GO:0045652,regulation of megakaryocyte differentiation,6,30,1,5622,0.031606850971670736,0.17990483915798633,False,L3MBTL1,ENSG00000185513,0.32673267326732675
all,GO:BP,GO:1902950,regulation of dendritic spine maintenance,6,30,1,5622,0.031606850971670736,0.17990483915798633,False,ZMYND8,ENSG00000101040,0.32673267326732675
all,GO:BP,GO:0065007,biological regulation,3730,30,25,5622,0.03241361093537188,0.1825491824656935,False,"CFLAR, IBTK, CPNE3, FUS, LGMN, ZMYND8, CALB1, SOX6, PRKAR2A, BCL11A, DNAJB1, ADGRB3, PLXNC1, GPNMB, SSTR1, SH3GL3, CACNA1A, CNTN4, MANF, USP12, ICE1, SCAI, RBM4B, L3MBTL1, TRRAP","ENSG00000003402, ENSG00000005700, ENSG00000085719, ENSG00000089280, ENSG00000100600, ENSG00000101040, ENSG00000104327, ENSG00000110693, ENSG00000114302, ENSG00000119866, ENSG00000132002, ENSG00000135298, ENSG00000136040, ENSG00000136235, ENSG00000139874, ENSG00000140600, ENSG00000141837, ENSG00000144619, ENSG00000145050, ENSG00000152484, ENSG00000164151, ENSG00000173611, ENSG00000173914, ENSG00000185513, ENSG00000196367",0.32673267326732675
all,GO:BP,GO:2000779,regulation of double-strand break repair,54,30,2,5622,0.03318025241242342,0.18284816517598937,False,"FUS, TRRAP","ENSG00000089280, ENSG00000196367",0.32673267326732675
all,GO:BP,GO:0050773,regulation of dendrite development,54,30,2,5622,0.03318025241242342,0.18284816517598937,False,"BCL11A, ADGRB3","ENSG00000119866, ENSG00000135298",0.32673267326732675
all,GO:BP,GO:0106027,neuron projection organization,54,30,2,5622,0.03318025241242342,0.18284816517598937,False,"LGMN, ZMYND8","ENSG00000100600, ENSG00000101040",0.32673267326732675
all,GO:BP,GO:0016358,dendrite development,133,30,3,5622,0.03299422423856339,0.18284816517598937,False,"ZMYND8, BCL11A, ADGRB3","ENSG00000101040, ENSG00000119866, ENSG00000135298",0.32673267326732675
all,GO:MF,GO:0030674,protein-macromolecule adaptor activity,528,30,7,5622,0.01862655786526766,0.18430488835106956,False,"FUS, ZMYND8, BCL11A, DNAJB1, ICE1, SCAI, TRRAP","ENSG00000089280, ENSG00000101040, ENSG00000119866, ENSG00000132002, ENSG00000164151, ENSG00000173611, ENSG00000196367",0.32673267326732675
all,GO:CC,GO:0098794,postsynapse,404,30,6,5622,0.017972270292215084,0.18913674926569174,False,"FUS, ZMYND8, CALB1, DNAJB1, ADGRB3, SH3GL3","ENSG00000089280, ENSG00000101040, ENSG00000104327, ENSG00000132002, ENSG00000135298, ENSG00000140600",0.32673267326732675
all,GO:BP,GO:0019886,antigen processing and presentation of exogenous peptide antigen via MHC class II,7,30,1,5622,0.03677989129767676,0.1894441637191866,False,LGMN,ENSG00000100600,0.32673267326732675
all,GO:BP,GO:0043153,entrainment of circadian clock by photoperiod,7,30,1,5622,0.03677989129767676,0.1894441637191866,False,RBM4B,ENSG00000173914,0.32673267326732675
all,GO:BP,GO:0048672,positive regulation of collateral sprouting,7,30,1,5622,0.03677989129767676,0.1894441637191866,False,BCL11A,ENSG00000119866,0.32673267326732675
all,GO:BP,GO:0007611,learning or memory,136,30,3,5622,0.034921206961369675,0.1894441637191866,False,"LGMN, CALB1, ADGRB3","ENSG00000100600, ENSG00000104327, ENSG00000135298",0.32673267326732675
all,GO:BP,GO:0070593,dendrite self-avoidance,7,30,1,5622,0.03677989129767676,0.1894441637191866,False,CNTN4,ENSG00000144619,0.32673267326732675
all,GO:BP,GO:0002495,antigen processing and presentation of peptide antigen via MHC class II,7,30,1,5622,0.03677989129767676,0.1894441637191866,False,LGMN,ENSG00000100600,0.32673267326732675
all,GO:BP,GO:0090084,negative regulation of inclusion body assembly,7,30,1,5622,0.03677989129767676,0.1894441637191866,False,DNAJB1,ENSG00000132002,0.32673267326732675
all,GO:BP,GO:0036500,ATF6-mediated unfolded protein response,7,30,1,5622,0.03677989129767676,0.1894441637191866,False,MANF,ENSG00000145050,0.32673267326732675
all,GO:BP,GO:0071363,cellular response to growth factor stimulus,235,30,4,5622,0.03473114936004769,0.1894441637191866,False,"CFLAR, CPNE3, LGMN, SOX6","ENSG00000003402, ENSG00000085719, ENSG00000100600, ENSG00000110693",0.32673267326732675
all,GO:BP,GO:0042795,snRNA transcription by RNA polymerase II,7,30,1,5622,0.03677989129767676,0.1894441637191866,False,ICE1,ENSG00000164151,0.32673267326732675
all,GO:BP,GO:0035729,cellular response to hepatocyte growth factor stimulus,7,30,1,5622,0.03677989129767676,0.1894441637191866,False,LGMN,ENSG00000100600,0.32673267326732675
all,GO:BP,GO:0048671,negative regulation of collateral sprouting,7,30,1,5622,0.03677989129767676,0.1894441637191866,False,BCL11A,ENSG00000119866,0.32673267326732675
all,GO:BP,GO:0016322,neuron remodeling,7,30,1,5622,0.03677989129767676,0.1894441637191866,False,ADGRB3,ENSG00000135298,0.32673267326732675
all,GO:BP,GO:0097553,calcium ion transmembrane import into cytosol,58,30,2,5622,0.037829027585409285,0.1938737663752227,False,"IBTK, CACNA1A","ENSG00000005700, ENSG00000141837",0.32673267326732675
all,GO:BP,GO:0070848,response to growth factor,242,30,4,5622,0.03809270134138117,0.1942538252483369,False,"CFLAR, CPNE3, LGMN, SOX6","ENSG00000003402, ENSG00000085719, ENSG00000100600, ENSG00000110693",0.32673267326732675
all,GO:BP,GO:0098916,anterograde trans-synaptic signaling,366,30,5,5622,0.04216402890164735,0.1973430576446967,False,"LGMN, ZMYND8, CALB1, CACNA1A, CNTN4","ENSG00000100600, ENSG00000101040, ENSG00000104327, ENSG00000141837, ENSG00000144619",0.32673267326732675
all,GO:BP,GO:0090102,cochlea development,8,30,1,5622,0.04192621422930092,0.1973430576446967,False,CALB1,ENSG00000104327,0.32673267326732675
all,GO:BP,GO:0009648,photoperiodism,8,30,1,5622,0.04192621422930092,0.1973430576446967,False,RBM4B,ENSG00000173914,0.32673267326732675
all,GO:BP,GO:0009301,snRNA transcription,8,30,1,5622,0.04192621422930092,0.1973430576446967,False,ICE1,ENSG00000164151,0.32673267326732675
all,GO:BP,GO:0050918,positive chemotaxis,8,30,1,5622,0.04192621422930092,0.1973430576446967,False,GPNMB,ENSG00000136235,0.32673267326732675
all,GO:BP,GO:0009628,response to abiotic stimulus,360,30,5,5622,0.039682902709397665,0.1973430576446967,False,"CFLAR, LGMN, CALB1, DNAJB1, RBM4B","ENSG00000003402, ENSG00000100600, ENSG00000104327, ENSG00000132002, ENSG00000173914",0.32673267326732675
all,GO:BP,GO:0097119,postsynaptic density protein 95 clustering,8,30,1,5622,0.04192621422930092,0.1973430576446967,False,ZMYND8,ENSG00000101040,0.32673267326732675
all,GO:BP,GO:0010667,negative regulation of cardiac muscle cell apoptotic process,8,30,1,5622,0.04192621422930092,0.1973430576446967,False,CFLAR,ENSG00000003402,0.32673267326732675
all,GO:BP,GO:0032330,regulation of chondrocyte differentiation,8,30,1,5622,0.04192621422930092,0.1973430576446967,False,SOX6,ENSG00000110693,0.32673267326732675
all,GO:BP,GO:0021515,cell differentiation in spinal cord,8,30,1,5622,0.04192621422930092,0.1973430576446967,False,SOX6,ENSG00000110693,0.32673267326732675
all,GO:BP,GO:0045945,positive regulation of transcription by RNA polymerase III,8,30,1,5622,0.04192621422930092,0.1973430576446967,False,ICE1,ENSG00000164151,0.32673267326732675
all,GO:BP,GO:0007268,chemical synaptic transmission,366,30,5,5622,0.04216402890164735,0.1973430576446967,False,"LGMN, ZMYND8, CALB1, CACNA1A, CNTN4","ENSG00000100600, ENSG00000101040, ENSG00000104327, ENSG00000141837, ENSG00000144619",0.32673267326732675
all,GO:BP,GO:0009268,response to pH,8,30,1,5622,0.04192621422930092,0.1973430576446967,False,LGMN,ENSG00000100600,0.32673267326732675
all,GO:BP,GO:0002504,antigen processing and presentation of peptide or polysaccharide antigen via MHC class II,8,30,1,5622,0.04192621422930092,0.1973430576446967,False,LGMN,ENSG00000100600,0.32673267326732675
all,GO:BP,GO:0007267,cell-cell signaling,485,30,6,5622,0.039905420987705484,0.1973430576446967,False,"LGMN, ZMYND8, CALB1, GPNMB, CACNA1A, CNTN4","ENSG00000100600, ENSG00000101040, ENSG00000104327, ENSG00000136235, ENSG00000141837, ENSG00000144619",0.32673267326732675
all,GO:BP,GO:0140861,DNA repair-dependent chromatin remodeling,8,30,1,5622,0.04192621422930092,0.1973430576446967,False,TRRAP,ENSG00000196367,0.32673267326732675
all,GO:BP,GO:0038128,ERBB2 signaling pathway,8,30,1,5622,0.04192621422930092,0.1973430576446967,False,CPNE3,ENSG00000085719,0.32673267326732675
all,GO:BP,GO:0035728,response to hepatocyte growth factor,8,30,1,5622,0.04192621422930092,0.1973430576446967,False,LGMN,ENSG00000100600,0.32673267326732675
all,GO:BP,GO:0045595,regulation of cell differentiation,492,30,6,5622,0.04237436481770471,0.19742601790066977,False,"SOX6, BCL11A, PLXNC1, SH3GL3, CNTN4, L3MBTL1","ENSG00000110693, ENSG00000119866, ENSG00000136040, ENSG00000140600, ENSG00000144619, ENSG00000185513",0.32673267326732675
all,GO:BP,GO:0051716,cellular response to stimulus,2224,30,17,5622,0.0428505597746937,0.19770092889321503,False,"CFLAR, CPNE3, FUS, LGMN, ZMYND8, PRKAR2A, DNAJB1, ADGRB3, PLXNC1, GPNMB, SSTR1, SH3GL3, CACNA1A, MANF, SCAI, TRRAP, GSTK1","ENSG00000003402, ENSG00000085719, ENSG00000089280, ENSG00000100600, ENSG00000101040, ENSG00000114302, ENSG00000132002, ENSG00000135298, ENSG00000136040, ENSG00000136235, ENSG00000139874, ENSG00000140600, ENSG00000141837, ENSG00000145050, ENSG00000173611, ENSG00000196367, ENSG00000197448",0.32673267326732675
all,GO:BP,GO:0071248,cellular response to metal ion,62,30,2,5622,0.04271332002636405,0.19770092889321503,False,"CPNE3, LGMN","ENSG00000085719, ENSG00000100600",0.32673267326732675
all,GO:BP,GO:0099537,trans-synaptic signaling,368,30,5,5622,0.04301200696896283,0.19770092889321503,False,"LGMN, ZMYND8, CALB1, CACNA1A, CNTN4","ENSG00000100600, ENSG00000101040, ENSG00000104327, ENSG00000141837, ENSG00000144619",0.32673267326732675
all,GO:BP,GO:0032502,developmental process,2050,30,16,5622,0.0434917869464354,0.1990137572325722,False,"CFLAR, LGMN, ZMYND8, CALB1, SOX6, BCL11A, DNAJB1, ADGRB3, PLXNC1, GPNMB, SSTR1, SH3GL3, CNTN4, MANF, L3MBTL1, GSTK1","ENSG00000003402, ENSG00000100600, ENSG00000101040, ENSG00000104327, ENSG00000110693, ENSG00000119866, ENSG00000132002, ENSG00000135298, ENSG00000136040, ENSG00000136235, ENSG00000139874, ENSG00000140600, ENSG00000144619, ENSG00000145050, ENSG00000185513, ENSG00000197448",0.32673267326732675
all,GO:MF,GO:0009922,fatty acid elongase activity,4,30,1,5622,0.021180081898323593,0.19909276984423924,False,ELOVL7,ENSG00000164181,0.32673267326732675
all,GO:BP,GO:0045664,regulation of neuron differentiation,63,30,2,5622,0.04396985610898493,0.20030712227426475,False,"SH3GL3, CNTN4","ENSG00000140600, ENSG00000144619",0.32673267326732675
all,GO:BP,GO:0048870,cell motility,497,30,6,5622,0.044197441695356124,0.20045299883955756,False,"CPNE3, LGMN, ZMYND8, PLXNC1, GPNMB, SCAI","ENSG00000085719, ENSG00000100600, ENSG00000101040, ENSG00000136040, ENSG00000136235, ENSG00000173611",0.32673267326732675
all,GO:BP,GO:0007613,memory,64,30,2,5622,0.04524022780381713,0.2041924895893845,False,"LGMN, CALB1","ENSG00000100600, ENSG00000104327",0.32673267326732675
all,GO:BP,GO:0050890,cognition,151,30,3,5622,0.045420378172077655,0.2041924895893845,False,"LGMN, CALB1, ADGRB3","ENSG00000100600, ENSG00000104327, ENSG00000135298",0.32673267326732675
all,GO:BP,GO:0030335,positive regulation of cell migration,152,30,3,5622,0.046170958807593324,0.2052004333867641,False,"CPNE3, LGMN, GPNMB","ENSG00000085719, ENSG00000100600, ENSG00000136235",0.32673267326732675
all,GO:BP,GO:0002478,antigen processing and presentation of exogenous peptide antigen,9,30,1,5622,0.04704595302038054,0.2052004333867641,False,LGMN,ENSG00000100600,0.32673267326732675
all,GO:BP,GO:0090083,regulation of inclusion body assembly,9,30,1,5622,0.04704595302038054,0.2052004333867641,False,DNAJB1,ENSG00000132002,0.32673267326732675
all,GO:BP,GO:0035338,long-chain fatty-acyl-CoA biosynthetic process,9,30,1,5622,0.04704595302038054,0.2052004333867641,False,ELOVL7,ENSG00000164181,0.32673267326732675
all,GO:BP,GO:0009649,entrainment of circadian clock,9,30,1,5622,0.04704595302038054,0.2052004333867641,False,RBM4B,ENSG00000173914,0.32673267326732675
all,GO:BP,GO:0051154,negative regulation of striated muscle cell differentiation,9,30,1,5622,0.04704595302038054,0.2052004333867641,False,SOX6,ENSG00000110693,0.32673267326732675
all,GO:BP,GO:1900034,regulation of cellular response to heat,9,30,1,5622,0.04704595302038054,0.2052004333867641,False,DNAJB1,ENSG00000132002,0.32673267326732675
all,GO:MF,GO:0042923,neuropeptide binding,5,30,1,5622,0.026406959353476738,0.2068545149355666,False,SSTR1,ENSG00000139874,0.32673267326732675
all,GO:MF,GO:0008331,high voltage-gated calcium channel activity,5,30,1,5622,0.026406959353476738,0.2068545149355666,False,CACNA1A,ENSG00000141837,0.32673267326732675
all,GO:MF,GO:0017154,semaphorin receptor activity,5,30,1,5622,0.026406959353476738,0.2068545149355666,False,PLXNC1,ENSG00000136040,0.32673267326732675
all,GO:MF,GO:0004930,G protein-coupled receptor activity,47,30,2,5622,0.025646993638413173,0.2068545149355666,False,"ADGRB3, SSTR1","ENSG00000135298, ENSG00000139874",0.32673267326732675
all,GO:BP,GO:0141161,regulation of cAMP/PKA signal transduction,10,30,1,5622,0.05213924028376707,0.2071423305847334,False,PRKAR2A,ENSG00000114302,0.32673267326732675
all,GO:BP,GO:0032720,negative regulation of tumor necrosis factor production,10,30,1,5622,0.05213924028376707,0.2071423305847334,False,GPNMB,ENSG00000136235,0.32673267326732675
all,GO:BP,GO:2000369,regulation of clathrin-dependent endocytosis,10,30,1,5622,0.05213924028376707,0.2071423305847334,False,SH3GL3,ENSG00000140600,0.32673267326732675
all,GO:BP,GO:0038127,ERBB signaling pathway,69,30,2,5622,0.05179363221142004,0.2071423305847334,False,"CPNE3, LGMN","ENSG00000085719, ENSG00000100600",0.32673267326732675
all,GO:BP,GO:0042130,negative regulation of T cell proliferation,10,30,1,5622,0.05213924028376707,0.2071423305847334,False,GPNMB,ENSG00000136235,0.32673267326732675
all,GO:BP,GO:0070372,regulation of ERK1 and ERK2 cascade,68,30,2,5622,0.050456642215308045,0.2071423305847334,False,"CFLAR, GPNMB","ENSG00000003402, ENSG00000136235",0.32673267326732675
all,GO:BP,GO:0007188,adenylate cyclase-modulating G protein-coupled receptor signaling pathway,67,30,2,5622,0.049132638991581656,0.2071423305847334,False,"PRKAR2A, ADGRB3","ENSG00000114302, ENSG00000135298",0.32673267326732675
all,GO:BP,GO:0060544,regulation of necroptotic process,10,30,1,5622,0.05213924028376707,0.2071423305847334,False,CFLAR,ENSG00000003402,0.32673267326732675
all,GO:BP,GO:0007339,binding of sperm to zona pellucida,10,30,1,5622,0.05213924028376707,0.2071423305847334,False,PRKAR2A,ENSG00000114302,0.32673267326732675
all,GO:BP,GO:1904036,negative regulation of epithelial cell apoptotic process,10,30,1,5622,0.05213924028376707,0.2071423305847334,False,CFLAR,ENSG00000003402,0.32673267326732675
all,GO:BP,GO:1903055,positive regulation of extracellular matrix organization,10,30,1,5622,0.05213924028376707,0.2071423305847334,False,CFLAR,ENSG00000003402,0.32673267326732675
all,GO:BP,GO:0050789,regulation of biological process,3625,30,24,5622,0.05163952467792782,0.2071423305847334,False,"CFLAR, IBTK, CPNE3, FUS, LGMN, ZMYND8, CALB1, SOX6, PRKAR2A, BCL11A, DNAJB1, ADGRB3, PLXNC1, GPNMB, SSTR1, SH3GL3, CACNA1A, CNTN4, MANF, ICE1, SCAI, RBM4B, L3MBTL1, TRRAP","ENSG00000003402, ENSG00000005700, ENSG00000085719, ENSG00000089280, ENSG00000100600, ENSG00000101040, ENSG00000104327, ENSG00000110693, ENSG00000114302, ENSG00000119866, ENSG00000132002, ENSG00000135298, ENSG00000136040, ENSG00000136235, ENSG00000139874, ENSG00000140600, ENSG00000141837, ENSG00000144619, ENSG00000145050, ENSG00000164151, ENSG00000173611, ENSG00000173914, ENSG00000185513, ENSG00000196367",0.32673267326732675
all,GO:BP,GO:0050803,regulation of synapse structure or activity,158,30,3,5622,0.0508052250779116,0.2071423305847334,False,"ZMYND8, ADGRB3, PLXNC1","ENSG00000101040, ENSG00000135298, ENSG00000136040",0.32673267326732675
all,GO:BP,GO:0050807,regulation of synapse organization,156,30,3,5622,0.0492356633619663,0.2071423305847334,False,"ZMYND8, ADGRB3, PLXNC1","ENSG00000101040, ENSG00000135298, ENSG00000136040",0.32673267326732675
all,GO:BP,GO:1903556,negative regulation of tumor necrosis factor superfamily cytokine production,10,30,1,5622,0.05213924028376707,0.2071423305847334,False,GPNMB,ENSG00000136235,0.32673267326732675
all,GO:BP,GO:2000147,positive regulation of cell motility,159,30,3,5622,0.05159925097538653,0.2071423305847334,False,"CPNE3, LGMN, GPNMB","ENSG00000085719, ENSG00000100600, ENSG00000136235",0.32673267326732675
all,GO:BP,GO:0048856,anatomical structure development,1898,30,15,5622,0.04797367923872674,0.2071423305847334,False,"CFLAR, ZMYND8, CALB1, SOX6, BCL11A, DNAJB1, ADGRB3, PLXNC1, GPNMB, SSTR1, SH3GL3, CNTN4, MANF, L3MBTL1, GSTK1","ENSG00000003402, ENSG00000101040, ENSG00000104327, ENSG00000110693, ENSG00000119866, ENSG00000132002, ENSG00000135298, ENSG00000136040, ENSG00000136235, ENSG00000139874, ENSG00000140600, ENSG00000144619, ENSG00000145050, ENSG00000185513, ENSG00000197448",0.32673267326732675
all,GO:BP,GO:0097284,hepatocyte apoptotic process,10,30,1,5622,0.05213924028376707,0.2071423305847334,False,CFLAR,ENSG00000003402,0.32673267326732675
all,GO:BP,GO:0045765,regulation of angiogenesis,67,30,2,5622,0.049132638991581656,0.2071423305847334,False,"ADGRB3, GPNMB","ENSG00000135298, ENSG00000136235",0.32673267326732675
all,GO:BP,GO:0010664,negative regulation of striated muscle cell apoptotic process,10,30,1,5622,0.05213924028376707,0.2071423305847334,False,CFLAR,ENSG00000003402,0.32673267326732675
all,GO:BP,GO:1901342,regulation of vasculature development,69,30,2,5622,0.05179363221142004,0.2071423305847334,False,"ADGRB3, GPNMB","ENSG00000135298, ENSG00000136235",0.32673267326732675
all,GO:BP,GO:0099536,synaptic signaling,385,30,5,5622,0.0506464080846864,0.2071423305847334,False,"LGMN, ZMYND8, CALB1, CACNA1A, CNTN4","ENSG00000100600, ENSG00000101040, ENSG00000104327, ENSG00000141837, ENSG00000144619",0.32673267326732675
all,GO:BP,GO:0035036,sperm-egg recognition,10,30,1,5622,0.05213924028376707,0.2071423305847334,False,PRKAR2A,ENSG00000114302,0.32673267326732675
all,WP,WP:WP5372,Involvement of secretase in neurodegenerative diseases,14,30,1,5622,0.0722505040488365,0.21056687485647937,False,LGMN,ENSG00000100600,0.32673267326732675
all,WP,WP:WP536,Calcium regulation in cardiac cells,74,30,2,5622,0.05866762500961539,0.21056687485647937,False,"PRKAR2A, CACNA1A","ENSG00000114302, ENSG00000141837",0.32673267326732675
all,WP,WP:WP5269,Genetic causes of porto sinusoidal vascular disease,8,30,1,5622,0.04192621422930092,0.21056687485647937,False,IBTK,ENSG00000005700,0.32673267326732675
all,WP,WP:WP4698,Vitamin D sensitive calcium signaling in depression,16,30,1,5622,0.08215082808357342,0.21056687485647937,False,CALB1,ENSG00000104327,0.32673267326732675
all,WP,WP:WP4754,IL18 signaling,22,30,1,5622,0.11124287728266836,0.21056687485647937,False,CFLAR,ENSG00000003402,0.32673267326732675
all,WP,WP:WP474,Endochondral ossification,21,30,1,5622,0.10645689385392676,0.21056687485647937,False,SOX6,ENSG00000110693,0.32673267326732675
all,WP,WP:WP4808,Endochondral ossification with skeletal dysplasias,21,30,1,5622,0.10645689385392676,0.21056687485647937,False,SOX6,ENSG00000110693,0.32673267326732675
all,WP,WP:WP4760,PKC gamma calcium signaling in ataxia,14,30,1,5622,0.0722505040488365,0.21056687485647937,False,CACNA1A,ENSG00000141837,0.32673267326732675
all,WP,WP:WP455,GPCRs class A rhodopsin like,13,30,1,5622,0.06726170948376482,0.21056687485647937,False,SSTR1,ENSG00000139874,0.32673267326732675
all,WP,WP:WP254,Apoptosis,22,30,1,5622,0.11124287728266836,0.21056687485647937,False,CFLAR,ENSG00000003402,0.32673267326732675
all,WP,WP:WP314,Fas ligand pathway and stress induction of heat shock proteins,18,30,1,5622,0.09194898775052657,0.21056687485647937,False,CFLAR,ENSG00000003402,0.32673267326732675
all,WP,WP:WP3413,NOTCH1 regulation of endothelial cell calcification,7,30,1,5622,0.03677989129767676,0.21056687485647937,False,SOX6,ENSG00000110693,0.32673267326732675
all,WP,WP:WP2507,Nanomaterial induced apoptosis,2,30,1,5622,0.01064482804515845,0.21056687485647937,False,CFLAR,ENSG00000003402,0.32673267326732675
all,WP,WP:WP24,Peptide GPCRs,7,30,1,5622,0.03677989129767676,0.21056687485647937,False,SSTR1,ENSG00000139874,0.32673267326732675
all,WP,WP:WP1584,Type II diabetes mellitus,8,30,1,5622,0.04192621422930092,0.21056687485647937,False,CACNA1A,ENSG00000141837,0.32673267326732675
all,WP,WP:WP706,Sudden infant death syndrome SIDS susceptibility pathways,70,30,2,5622,0.053143443154280295,0.21056687485647937,False,"PRKAR2A, SSTR1","ENSG00000114302, ENSG00000139874",0.32673267326732675
all,WP,WP:WP3965,Lipid metabolism pathway,15,30,1,5622,0.07721350063916009,0.21056687485647937,False,PRKAR2A,ENSG00000114302,0.32673267326732675
all,WP,WP:WP3995,Prion disease pathway,20,30,1,5622,0.10164600132263059,0.21056687485647937,False,BCL11A,ENSG00000119866,0.32673267326732675
all,WP,WP:WP4304,Oligodendrocyte specification and differentiation leading to myelin components for CNS,8,30,1,5622,0.04192621422930092,0.21056687485647937,False,SOX6,ENSG00000110693,0.32673267326732675
all,WP,WP:WP3617,Photodynamic therapy induced NF kB survival signaling,5,30,1,5622,0.026406959353476738,0.21056687485647937,False,CFLAR,ENSG00000003402,0.32673267326732675
all,WP,WP:WP5440,EPAC1 and PKA reduction of retinal inflammation,5,30,1,5622,0.026406959353476738,0.21056687485647937,False,PRKAR2A,ENSG00000114302,0.32673267326732675
all,WP,WP:WP5503,Albuterol and budesonide therapy for asthma,14,30,1,5622,0.0722505040488365,0.21056687485647937,False,PRKAR2A,ENSG00000114302,0.32673267326732675
all,WP,WP:WP3611,Photodynamic therapy induced AP 1 survival signaling,16,30,1,5622,0.08215082808357342,0.21056687485647937,False,CFLAR,ENSG00000003402,0.32673267326732675
all,WP,WP:WP5408,15q25 copy number variation,18,30,1,5622,0.09194898775052657,0.21056687485647937,False,SH3GL3,ENSG00000140600,0.32673267326732675
all,WP,WP:WP5606,Beta globin gene expression regulation,5,30,1,5622,0.026406959353476738,0.21056687485647937,False,BCL11A,ENSG00000119866,0.32673267326732675
all,WP,WP:WP5574,Oligodendrocyte development,15,30,1,5622,0.07721350063916009,0.21056687485647937,False,SOX6,ENSG00000110693,0.32673267326732675
all,WP,WP:WP5514,DNAJB1 PRKACA fusion in fibrolamellar liver cancer,7,30,1,5622,0.03677989129767676,0.21056687485647937,False,DNAJB1,ENSG00000132002,0.32673267326732675
all,WP,WP:WP5402,10q22q23 copy number variation,19,30,1,5622,0.09681007453987066,0.21056687485647937,False,SH3GL3,ENSG00000140600,0.32673267326732675
all,WP,WP:WP1772,Apoptosis modulation and signaling,23,30,1,5622,0.11600407615436842,0.2120074495235002,False,CFLAR,ENSG00000003402,0.32673267326732675
all,GO:MF,GO:0098772,molecular function regulator activity,722,30,8,5622,0.031407588208037865,0.21303049392185194,False,"CFLAR, IBTK, LGMN, PRKAR2A, DNAJB1, ADGRB3, GPNMB, MANF","ENSG00000003402, ENSG00000005700, ENSG00000100600, ENSG00000114302, ENSG00000132002, ENSG00000135298, ENSG00000136235, ENSG00000145050",0.32673267326732675
all,GO:MF,GO:0061133,endopeptidase activator activity,7,30,1,5622,0.03677989129767676,0.21303049392185194,False,LGMN,ENSG00000100600,0.32673267326732675
all,GO:MF,GO:0043394,proteoglycan binding,8,30,1,5622,0.04192621422930092,0.21303049392185194,False,GPNMB,ENSG00000136235,0.32673267326732675
all,GO:MF,GO:0004888,transmembrane signaling receptor activity,136,30,3,5622,0.034921206961369675,0.21303049392185194,False,"ADGRB3, PLXNC1, SSTR1","ENSG00000135298, ENSG00000136040, ENSG00000139874",0.32673267326732675
all,GO:MF,GO:0004862,cAMP-dependent protein kinase inhibitor activity,8,30,1,5622,0.04192621422930092,0.21303049392185194,False,PRKAR2A,ENSG00000114302,0.32673267326732675
all,GO:MF,GO:0005123,death receptor binding,7,30,1,5622,0.03677989129767676,0.21303049392185194,False,CFLAR,ENSG00000003402,0.32673267326732675
all,GO:MF,GO:0042056,chemoattractant activity,6,30,1,5622,0.031606850971670736,0.21303049392185194,False,GPNMB,ENSG00000136235,0.32673267326732675
all,GO:MF,GO:0048018,receptor ligand activity,55,30,2,5622,0.03431973301310369,0.21303049392185194,False,"GPNMB, MANF","ENSG00000136235, ENSG00000145050",0.32673267326732675
all,GO:MF,GO:0060090,molecular adaptor activity,590,30,7,5622,0.032226837258059055,0.21303049392185194,False,"FUS, ZMYND8, BCL11A, DNAJB1, ICE1, SCAI, TRRAP","ENSG00000089280, ENSG00000101040, ENSG00000119866, ENSG00000132002, ENSG00000164151, ENSG00000173611, ENSG00000196367",0.32673267326732675
all,GO:MF,GO:0004602,glutathione peroxidase activity,8,30,1,5622,0.04192621422930092,0.21303049392185194,False,GSTK1,ENSG00000197448,0.32673267326732675
all,GO:MF,GO:0030546,signaling receptor activator activity,56,30,2,5622,0.03547447779749533,0.21303049392185194,False,"GPNMB, MANF","ENSG00000136235, ENSG00000145050",0.32673267326732675
all,GO:MF,GO:0008603,cAMP-dependent protein kinase regulator activity,8,30,1,5622,0.04192621422930092,0.21303049392185194,False,PRKAR2A,ENSG00000114302,0.32673267326732675
all,GO:MF,GO:0030545,signaling receptor regulator activity,60,30,2,5622,0.04024245113232986,0.21303049392185194,False,"GPNMB, MANF","ENSG00000136235, ENSG00000145050",0.32673267326732675
all,WP,WP:WP4312,Rett syndrome,24,30,1,5622,0.12074061441394496,0.21330841879796933,False,TRRAP,ENSG00000196367,0.32673267326732675
all,GO:MF,GO:0008233,peptidase activity,148,30,3,5622,0.043206302581924066,0.21375749698425617,False,"CFLAR, LGMN, USP12","ENSG00000003402, ENSG00000100600, ENSG00000152484",0.32673267326732675
all,GO:BP,GO:0033574,response to testosterone,11,30,1,5622,0.057206207994295766,0.21445832542012094,False,CFLAR,ENSG00000003402,0.32673267326732675
all,GO:BP,GO:0035024,negative regulation of Rho protein signal transduction,11,30,1,5622,0.057206207994295766,0.21445832542012094,False,SCAI,ENSG00000173611,0.32673267326732675
all,GO:BP,GO:1900273,positive regulation of long-term synaptic potentiation,11,30,1,5622,0.057206207994295766,0.21445832542012094,False,LGMN,ENSG00000100600,0.32673267326732675
all,GO:BP,GO:1902042,negative regulation of extrinsic apoptotic signaling pathway via death domain receptors,11,30,1,5622,0.057206207994295766,0.21445832542012094,False,CFLAR,ENSG00000003402,0.32673267326732675
all,GO:BP,GO:0090128,regulation of synapse maturation,11,30,1,5622,0.057206207994295766,0.21445832542012094,False,ADGRB3,ENSG00000135298,0.32673267326732675
all,GO:BP,GO:0097062,dendritic spine maintenance,11,30,1,5622,0.057206207994295766,0.21445832542012094,False,ZMYND8,ENSG00000101040,0.32673267326732675
all,GO:BP,GO:0006986,response to unfolded protein,73,30,2,5622,0.057268162772994374,0.21445832542012094,False,"DNAJB1, MANF","ENSG00000132002, ENSG00000145050",0.32673267326732675
all,GO:BP,GO:0014888,striated muscle adaptation,11,30,1,5622,0.057206207994295766,0.21445832542012094,False,CFLAR,ENSG00000003402,0.32673267326732675
all,GO:BP,GO:0051260,protein homooligomerization,73,30,2,5622,0.057268162772994374,0.21445832542012094,False,"FUS, BCL11A","ENSG00000089280, ENSG00000119866",0.32673267326732675
all,GO:BP,GO:0045597,positive regulation of cell differentiation,273,30,4,5622,0.05520314767421759,0.21445832542012094,False,"SOX6, BCL11A, PLXNC1, SH3GL3","ENSG00000110693, ENSG00000119866, ENSG00000136040, ENSG00000140600",0.32673267326732675
all,GO:BP,GO:0071549,cellular response to dexamethasone stimulus,11,30,1,5622,0.057206207994295766,0.21445832542012094,False,CFLAR,ENSG00000003402,0.32673267326732675
all,GO:BP,GO:0071526,semaphorin-plexin signaling pathway,11,30,1,5622,0.057206207994295766,0.21445832542012094,False,PLXNC1,ENSG00000136040,0.32673267326732675
all,GO:BP,GO:0007413,axonal fasciculation,11,30,1,5622,0.057206207994295766,0.21445832542012094,False,CNTN4,ENSG00000144619,0.32673267326732675
all,GO:BP,GO:0040017,positive regulation of locomotion,166,30,3,5622,0.057328371868403095,0.21445832542012094,False,"CPNE3, LGMN, GPNMB","ENSG00000085719, ENSG00000100600, ENSG00000136235",0.32673267326732675
all,GO:BP,GO:0035336,long-chain fatty-acyl-CoA metabolic process,11,30,1,5622,0.057206207994295766,0.21445832542012094,False,ELOVL7,ENSG00000164181,0.32673267326732675
all,GO:BP,GO:0106030,neuron projection fasciculation,11,30,1,5622,0.057206207994295766,0.21445832542012094,False,CNTN4,ENSG00000144619,0.32673267326732675
all,GO:CC,GO:0032279,asymmetric synapse,203,30,4,5622,0.021671208482168795,0.21769713975269575,False,"DNAJB1, ADGRB3, PLXNC1, SH3GL3","ENSG00000132002, ENSG00000135298, ENSG00000136040, ENSG00000140600",0.32673267326732675
all,GO:BP,GO:0007346,regulation of mitotic cell cycle,173,30,3,5622,0.06335203079810263,0.22042784759212558,False,"LGMN, GPNMB, L3MBTL1","ENSG00000100600, ENSG00000136235, ENSG00000185513",0.32673267326732675
all,GO:BP,GO:0010976,positive regulation of neuron projection development,78,30,2,5622,0.06438400902203263,0.22042784759212558,False,"CFLAR, BCL11A","ENSG00000003402, ENSG00000119866",0.32673267326732675
all,GO:BP,GO:0061035,regulation of cartilage development,12,30,1,5622,0.062246987491742026,0.22042784759212558,False,SOX6,ENSG00000110693,0.32673267326732675
all,GO:BP,GO:0006636,unsaturated fatty acid biosynthetic process,13,30,1,5622,0.06726170948376482,0.22042784759212558,False,ELOVL7,ENSG00000164181,0.32673267326732675
all,GO:BP,GO:0006359,regulation of transcription by RNA polymerase III,13,30,1,5622,0.06726170948376482,0.22042784759212558,False,ICE1,ENSG00000164151,0.32673267326732675
all,GO:BP,GO:0043403,skeletal muscle tissue regeneration,12,30,1,5622,0.062246987491742026,0.22042784759212558,False,CFLAR,ENSG00000003402,0.32673267326732675
all,GO:BP,GO:0071548,response to dexamethasone,13,30,1,5622,0.06726170948376482,0.22042784759212558,False,CFLAR,ENSG00000003402,0.32673267326732675
all,GO:BP,GO:2000378,negative regulation of reactive oxygen species metabolic process,13,30,1,5622,0.06726170948376482,0.22042784759212558,False,CFLAR,ENSG00000003402,0.32673267326732675
all,GO:BP,GO:0010665,regulation of cardiac muscle cell apoptotic process,13,30,1,5622,0.06726170948376482,0.22042784759212558,False,CFLAR,ENSG00000003402,0.32673267326732675
all,GO:BP,GO:0003008,system process,551,30,6,5622,0.06713894790527701,0.22042784759212558,False,"CFLAR, LGMN, ZMYND8, CALB1, ADGRB3, MANF","ENSG00000003402, ENSG00000100600, ENSG00000101040, ENSG00000104327, ENSG00000135298, ENSG00000145050",0.32673267326732675
all,GO:BP,GO:0071168,protein localization to chromatin,13,30,1,5622,0.06726170948376482,0.22042784759212558,False,ZMYND8,ENSG00000101040,0.32673267326732675
all,GO:BP,GO:0019884,antigen processing and presentation of exogenous antigen,12,30,1,5622,0.062246987491742026,0.22042784759212558,False,LGMN,ENSG00000100600,0.32673267326732675
all,GO:BP,GO:0030225,macrophage differentiation,12,30,1,5622,0.062246987491742026,0.22042784759212558,False,CFLAR,ENSG00000003402,0.32673267326732675
all,GO:BP,GO:0001822,kidney development,80,30,2,5622,0.06731113785008323,0.22042784759212558,False,"CFLAR, CALB1","ENSG00000003402, ENSG00000104327",0.32673267326732675
all,GO:BP,GO:1903053,regulation of extracellular matrix organization,13,30,1,5622,0.06726170948376482,0.22042784759212558,False,CFLAR,ENSG00000003402,0.32673267326732675
all,GO:BP,GO:0000038,very long-chain fatty acid metabolic process,12,30,1,5622,0.062246987491742026,0.22042784759212558,False,ELOVL7,ENSG00000164181,0.32673267326732675
all,GO:BP,GO:0006874,intracellular calcium ion homeostasis,76,30,2,5622,0.061502424504485356,0.22042784759212558,False,"CALB1, CALB2","ENSG00000104327, ENSG00000172137",0.32673267326732675
all,GO:BP,GO:0007162,negative regulation of cell adhesion,78,30,2,5622,0.06438400902203263,0.22042784759212558,False,"PLXNC1, GPNMB","ENSG00000136040, ENSG00000136235",0.32673267326732675
all,GO:BP,GO:0010996,response to auditory stimulus,13,30,1,5622,0.06726170948376482,0.22042784759212558,False,CALB1,ENSG00000104327,0.32673267326732675
all,GO:BP,GO:0062098,regulation of programmed necrotic cell death,12,30,1,5622,0.062246987491742026,0.22042784759212558,False,CFLAR,ENSG00000003402,0.32673267326732675
all,GO:BP,GO:0061448,connective tissue development,76,30,2,5622,0.061502424504485356,0.22042784759212558,False,"CFLAR, SOX6","ENSG00000003402, ENSG00000110693",0.32673267326732675
all,GO:BP,GO:0007158,neuron cell-cell adhesion,13,30,1,5622,0.06726170948376482,0.22042784759212558,False,CNTN4,ENSG00000144619,0.32673267326732675
all,GO:BP,GO:0010842,retina layer formation,12,30,1,5622,0.062246987491742026,0.22042784759212558,False,CALB1,ENSG00000104327,0.32673267326732675
all,GO:BP,GO:0030517,negative regulation of axon extension,13,30,1,5622,0.06726170948376482,0.22042784759212558,False,BCL11A,ENSG00000119866,0.32673267326732675
all,GO:BP,GO:0050672,negative regulation of lymphocyte proliferation,12,30,1,5622,0.062246987491742026,0.22042784759212558,False,GPNMB,ENSG00000136235,0.32673267326732675
all,GO:BP,GO:0009988,cell-cell recognition,13,30,1,5622,0.06726170948376482,0.22042784759212558,False,PRKAR2A,ENSG00000114302,0.32673267326732675
all,GO:BP,GO:0032781,positive regulation of ATP-dependent activity,12,30,1,5622,0.062246987491742026,0.22042784759212558,False,DNAJB1,ENSG00000132002,0.32673267326732675
all,GO:BP,GO:0009889,regulation of biosynthetic process,1625,30,13,5622,0.06464256081808357,0.22042784759212558,False,"CFLAR, FUS, LGMN, ZMYND8, SOX6, BCL11A, DNAJB1, GPNMB, ICE1, SCAI, RBM4B, L3MBTL1, TRRAP","ENSG00000003402, ENSG00000089280, ENSG00000100600, ENSG00000101040, ENSG00000110693, ENSG00000119866, ENSG00000132002, ENSG00000136235, ENSG00000164151, ENSG00000173611, ENSG00000173914, ENSG00000185513, ENSG00000196367",0.32673267326732675
all,GO:BP,GO:0050770,regulation of axonogenesis,79,30,2,5622,0.06584195717565586,0.22042784759212558,False,"BCL11A, PLXNC1","ENSG00000119866, ENSG00000136040",0.32673267326732675
all,GO:BP,GO:0046949,fatty-acyl-CoA biosynthetic process,13,30,1,5622,0.06726170948376482,0.22042784759212558,False,ELOVL7,ENSG00000164181,0.32673267326732675
all,GO:BP,GO:0048002,antigen processing and presentation of peptide antigen,12,30,1,5622,0.062246987491742026,0.22042784759212558,False,LGMN,ENSG00000100600,0.32673267326732675
all,GO:BP,GO:1903426,regulation of reactive oxygen species biosynthetic process,12,30,1,5622,0.062246987491742026,0.22042784759212558,False,CFLAR,ENSG00000003402,0.32673267326732675
all,GO:BP,GO:0048670,regulation of collateral sprouting,13,30,1,5622,0.06726170948376482,0.22042784759212558,False,BCL11A,ENSG00000119866,0.32673267326732675
all,GO:BP,GO:0048667,cell morphogenesis involved in neuron differentiation,286,30,4,5622,0.06345823027083654,0.22042784759212558,False,"BCL11A, ADGRB3, PLXNC1, CNTN4","ENSG00000119866, ENSG00000135298, ENSG00000136040, ENSG00000144619",0.32673267326732675
all,GO:BP,GO:0070371,ERK1 and ERK2 cascade,76,30,2,5622,0.061502424504485356,0.22042784759212558,False,"CFLAR, GPNMB","ENSG00000003402, ENSG00000136235",0.32673267326732675
all,GO:BP,GO:0141156,cAMP/PKA signal transduction,12,30,1,5622,0.062246987491742026,0.22042784759212558,False,PRKAR2A,ENSG00000114302,0.32673267326732675
all,GO:BP,GO:0045926,negative regulation of growth,79,30,2,5622,0.06584195717565586,0.22042784759212558,False,"LGMN, BCL11A","ENSG00000100600, ENSG00000119866",0.32673267326732675
all,GO:BP,GO:0007417,central nervous system development,409,30,5,5622,0.06273827925805599,0.22042784759212558,False,"SOX6, DNAJB1, SSTR1, SH3GL3, CNTN4","ENSG00000110693, ENSG00000132002, ENSG00000139874, ENSG00000140600, ENSG00000144619",0.32673267326732675
all,GO:BP,GO:0032945,negative regulation of mononuclear cell proliferation,13,30,1,5622,0.06726170948376482,0.22042784759212558,False,GPNMB,ENSG00000136235,0.32673267326732675
all,GO:BP,GO:0051239,regulation of multicellular organismal process,839,30,8,5622,0.06756000842900176,0.2205382440755634,False,"LGMN, ZMYND8, SOX6, BCL11A, ADGRB3, PLXNC1, GPNMB, L3MBTL1","ENSG00000100600, ENSG00000101040, ENSG00000110693, ENSG00000119866, ENSG00000135298, ENSG00000136040, ENSG00000136235, ENSG00000185513",0.32673267326732675
all,GO:CC,GO:0033162,melanosome membrane,6,30,1,5622,0.031606850971670736,0.2213882752229526,False,GPNMB,ENSG00000136235,0.32673267326732675
all,GO:CC,GO:0045009,chitosome,6,30,1,5622,0.031606850971670736,0.2213882752229526,False,GPNMB,ENSG00000136235,0.32673267326732675
all,GO:CC,GO:0090741,pigment granule membrane,6,30,1,5622,0.031606850971670736,0.2213882752229526,False,GPNMB,ENSG00000136235,0.32673267326732675
all,GO:CC,GO:0033018,sarcoplasmic reticulum lumen,5,30,1,5622,0.026406959353476738,0.2213882752229526,False,MANF,ENSG00000145050,0.32673267326732675
all,GO:CC,GO:0002116,semaphorin receptor complex,6,30,1,5622,0.031606850971670736,0.2213882752229526,False,PLXNC1,ENSG00000136040,0.32673267326732675
all,GO:CC,GO:0043679,axon terminus,53,30,2,5622,0.03205622084676237,0.2213882752229526,False,"CALB1, CALB2","ENSG00000104327, ENSG00000172137",0.32673267326732675
all,GO:CC,GO:0098793,presynapse,327,30,5,5622,0.027685674381801095,0.2213882752229526,False,"FUS, CALB1, SH3GL3, PPFIA4, CALB2","ENSG00000089280, ENSG00000104327, ENSG00000140600, ENSG00000143847, ENSG00000172137",0.32673267326732675
all,GO:CC,GO:0070603,SWI/SNF superfamily-type complex,50,30,2,5622,0.028778690311218665,0.2213882752229526,False,"BCL11A, TRRAP","ENSG00000119866, ENSG00000196367",0.32673267326732675
all,GO:CC,GO:0005921,gap junction,5,30,1,5622,0.026406959353476738,0.2213882752229526,False,CALB2,ENSG00000172137,0.32673267326732675
all,GO:CC,GO:0005952,cAMP-dependent protein kinase complex,6,30,1,5622,0.031606850971670736,0.2213882752229526,False,PRKAR2A,ENSG00000114302,0.32673267326732675
all,GO:BP,GO:0023052,signaling,1983,30,15,5622,0.06885045883141788,0.2226237233507992,False,"CFLAR, CPNE3, LGMN, ZMYND8, CALB1, PRKAR2A, ADGRB3, PLXNC1, GPNMB, SSTR1, SH3GL3, CACNA1A, CNTN4, MANF, SCAI","ENSG00000003402, ENSG00000085719, ENSG00000100600, ENSG00000101040, ENSG00000104327, ENSG00000114302, ENSG00000135298, ENSG00000136040, ENSG00000136235, ENSG00000139874, ENSG00000140600, ENSG00000141837, ENSG00000144619, ENSG00000145050, ENSG00000173611",0.32673267326732675
all,GO:BP,GO:0045596,negative regulation of cell differentiation,179,30,3,5622,0.06874432295587098,0.2226237233507992,False,"SOX6, BCL11A, CNTN4","ENSG00000110693, ENSG00000119866, ENSG00000144619",0.32673267326732675
all,GO:BP,GO:0006282,regulation of DNA repair,81,30,2,5622,0.06879139900678165,0.2226237233507992,False,"FUS, TRRAP","ENSG00000089280, ENSG00000196367",0.32673267326732675
all,GO:BP,GO:0007420,brain development,295,30,4,5622,0.06954315277710599,0.22415638866834486,False,"SOX6, DNAJB1, SSTR1, CNTN4","ENSG00000110693, ENSG00000132002, ENSG00000139874, ENSG00000144619",0.32673267326732675
all,GO:BP,GO:0072001,renal system development,82,30,2,5622,0.07028258981238342,0.22582963811189027,False,"CFLAR, CALB1","ENSG00000003402, ENSG00000104327",0.32673267326732675
all,GO:BP,GO:0055074,calcium ion homeostasis,83,30,2,5622,0.07178456063085085,0.22641945737935,False,"CALB1, CALB2","ENSG00000104327, ENSG00000172137",0.32673267326732675
all,GO:BP,GO:0051148,negative regulation of muscle cell differentiation,14,30,1,5622,0.0722505040488365,0.22641945737935,False,SOX6,ENSG00000110693,0.32673267326732675
all,GO:BP,GO:1905874,regulation of postsynaptic density organization,14,30,1,5622,0.0722505040488365,0.22641945737935,False,ZMYND8,ENSG00000101040,0.32673267326732675
all,GO:BP,GO:0010659,cardiac muscle cell apoptotic process,14,30,1,5622,0.0722505040488365,0.22641945737935,False,CFLAR,ENSG00000003402,0.32673267326732675
all,GO:BP,GO:0001656,metanephros development,14,30,1,5622,0.0722505040488365,0.22641945737935,False,CALB1,ENSG00000104327,0.32673267326732675
all,GO:BP,GO:0007154,cell communication,1993,30,15,5622,0.07168430840223317,0.22641945737935,False,"CFLAR, CPNE3, LGMN, ZMYND8, CALB1, PRKAR2A, ADGRB3, PLXNC1, GPNMB, SSTR1, SH3GL3, CACNA1A, CNTN4, MANF, SCAI","ENSG00000003402, ENSG00000085719, ENSG00000100600, ENSG00000101040, ENSG00000104327, ENSG00000114302, ENSG00000135298, ENSG00000136040, ENSG00000136235, ENSG00000139874, ENSG00000140600, ENSG00000141837, ENSG00000144619, ENSG00000145050, ENSG00000173611",0.32673267326732675
all,GO:BP,GO:0032801,receptor catabolic process,14,30,1,5622,0.0722505040488365,0.22641945737935,False,LGMN,ENSG00000100600,0.32673267326732675
all,GO:BP,GO:0070266,necroptotic process,14,30,1,5622,0.0722505040488365,0.22641945737935,False,CFLAR,ENSG00000003402,0.32673267326732675
all,GO:BP,GO:0051960,regulation of nervous system development,183,30,3,5622,0.07245422636139194,0.22641945737935,False,"BCL11A, ADGRB3, PLXNC1","ENSG00000119866, ENSG00000135298, ENSG00000136040",0.32673267326732675
all,GO:MF,GO:0004364,glutathione transferase activity,9,30,1,5622,0.04704595302038054,0.2267856196879859,False,GSTK1,ENSG00000197448,0.32673267326732675
all,GO:MF,GO:0008270,zinc ion binding,643,30,7,5622,0.048323420528610744,0.22712007648447094,False,"FUS, ZMYND8, CALB1, BCL11A, RBM4B, C11orf54, L3MBTL1","ENSG00000089280, ENSG00000101040, ENSG00000104327, ENSG00000119866, ENSG00000173914, ENSG00000182919, ENSG00000185513",0.32673267326732675
all,GO:BP,GO:0006790,sulfur compound metabolic process,84,30,2,5622,0.07329716301568671,0.22797202856870366,False,"ELOVL7, GSTK1","ENSG00000164181, ENSG00000197448",0.32673267326732675
all,GO:BP,GO:0001568,blood vessel development,184,30,3,5622,0.07339587261236306,0.22797202856870366,False,"CFLAR, ADGRB3, GPNMB","ENSG00000003402, ENSG00000135298, ENSG00000136235",0.32673267326732675
all,GO:BP,GO:0051128,regulation of cellular component organization,1007,30,9,5622,0.07381515504194243,0.2285816734682507,False,"CFLAR, ZMYND8, BCL11A, DNAJB1, ADGRB3, PLXNC1, SH3GL3, ICE1, L3MBTL1","ENSG00000003402, ENSG00000101040, ENSG00000119866, ENSG00000132002, ENSG00000135298, ENSG00000136040, ENSG00000140600, ENSG00000164151, ENSG00000185513",0.32673267326732675
all,GO:BP,GO:0035966,response to topologically incorrect protein,85,30,2,5622,0.0748202497021888,0.22873941663334904,False,"DNAJB1, MANF","ENSG00000132002, ENSG00000145050",0.32673267326732675
all,GO:BP,GO:0098703,calcium ion import across plasma membrane,15,30,1,5622,0.07721350063916009,0.22873941663334904,False,CACNA1A,ENSG00000141837,0.32673267326732675
all,GO:BP,GO:0010656,negative regulation of muscle cell apoptotic process,15,30,1,5622,0.07721350063916009,0.22873941663334904,False,CFLAR,ENSG00000003402,0.32673267326732675
all,GO:BP,GO:0051129,negative regulation of cellular component organization,305,30,4,5622,0.07665463575518822,0.22873941663334904,False,"CFLAR, BCL11A, DNAJB1, SH3GL3","ENSG00000003402, ENSG00000119866, ENSG00000132002, ENSG00000140600",0.32673267326732675
all,GO:BP,GO:0006355,regulation of DNA-templated transcription,1013,30,9,5622,0.0761407842438551,0.22873941663334904,False,"FUS, ZMYND8, SOX6, BCL11A, DNAJB1, ICE1, SCAI, L3MBTL1, TRRAP","ENSG00000089280, ENSG00000101040, ENSG00000110693, ENSG00000119866, ENSG00000132002, ENSG00000164151, ENSG00000173611, ENSG00000185513, ENSG00000196367",0.32673267326732675
all,GO:BP,GO:2001141,regulation of RNA biosynthetic process,1015,30,9,5622,0.07692651446017224,0.22873941663334904,False,"FUS, ZMYND8, SOX6, BCL11A, DNAJB1, ICE1, SCAI, L3MBTL1, TRRAP","ENSG00000089280, ENSG00000101040, ENSG00000110693, ENSG00000119866, ENSG00000132002, ENSG00000164151, ENSG00000173611, ENSG00000185513, ENSG00000196367",0.32673267326732675
all,GO:BP,GO:0030219,megakaryocyte differentiation,15,30,1,5622,0.07721350063916009,0.22873941663334904,False,L3MBTL1,ENSG00000185513,0.32673267326732675
all,GO:BP,GO:0007218,neuropeptide signaling pathway,15,30,1,5622,0.07721350063916009,0.22873941663334904,False,SSTR1,ENSG00000139874,0.32673267326732675
all,GO:BP,GO:0070664,negative regulation of leukocyte proliferation,15,30,1,5622,0.07721350063916009,0.22873941663334904,False,GPNMB,ENSG00000136235,0.32673267326732675
all,GO:BP,GO:0010662,regulation of striated muscle cell apoptotic process,15,30,1,5622,0.07721350063916009,0.22873941663334904,False,CFLAR,ENSG00000003402,0.32673267326732675
all,GO:BP,GO:0043523,regulation of neuron apoptotic process,86,30,2,5622,0.07635367459974998,0.22873941663334904,False,"CFLAR, LGMN","ENSG00000003402, ENSG00000100600",0.32673267326732675
all,GO:BP,GO:0071542,dopaminergic neuron differentiation,15,30,1,5622,0.07721350063916009,0.22873941663334904,False,MANF,ENSG00000145050,0.32673267326732675
all,GO:BP,GO:1902656,calcium ion import into cytosol,15,30,1,5622,0.07721350063916009,0.22873941663334904,False,CACNA1A,ENSG00000141837,0.32673267326732675
all,GO:BP,GO:0022603,regulation of anatomical structure morphogenesis,302,30,4,5622,0.07448275512105684,0.22873941663334904,False,"BCL11A, ADGRB3, PLXNC1, GPNMB","ENSG00000119866, ENSG00000135298, ENSG00000136040, ENSG00000136235",0.32673267326732675
all,GO:BP,GO:0071495,cellular response to endogenous stimulus,433,30,5,5622,0.07637852828606166,0.22873941663334904,False,"CFLAR, CPNE3, LGMN, SOX6, SSTR1","ENSG00000003402, ENSG00000085719, ENSG00000100600, ENSG00000110693, ENSG00000139874",0.32673267326732675
all,GO:BP,GO:0072359,circulatory system development,307,30,4,5622,0.07812073911448422,0.230097004575708,False,"CFLAR, SOX6, ADGRB3, GPNMB","ENSG00000003402, ENSG00000110693, ENSG00000135298, ENSG00000136235",0.32673267326732675
all,GO:BP,GO:0007612,learning,87,30,2,5622,0.07789729278420252,0.230097004575708,False,"LGMN, ADGRB3","ENSG00000100600, ENSG00000135298",0.32673267326732675
all,GO:MF,GO:0034236,protein kinase A catalytic subunit binding,10,30,1,5622,0.05213924028376707,0.23338517079400486,False,PRKAR2A,ENSG00000114302,0.32673267326732675
all,GO:MF,GO:0008528,G protein-coupled peptide receptor activity,10,30,1,5622,0.05213924028376707,0.23338517079400486,False,SSTR1,ENSG00000139874,0.32673267326732675
all,GO:BP,GO:0009653,anatomical structure morphogenesis,868,30,8,5622,0.07952970788888028,0.23357578964499232,False,"CFLAR, CALB1, SOX6, BCL11A, ADGRB3, PLXNC1, GPNMB, CNTN4","ENSG00000003402, ENSG00000104327, ENSG00000110693, ENSG00000119866, ENSG00000135298, ENSG00000136040, ENSG00000136235, ENSG00000144619",0.32673267326732675
all,GO:BP,GO:0060255,regulation of macromolecule metabolic process,1847,30,14,5622,0.08020908790476787,0.2346316688929612,False,"IBTK, FUS, LGMN, ZMYND8, SOX6, PRKAR2A, BCL11A, DNAJB1, GPNMB, ICE1, SCAI, RBM4B, L3MBTL1, TRRAP","ENSG00000005700, ENSG00000089280, ENSG00000100600, ENSG00000101040, ENSG00000110693, ENSG00000114302, ENSG00000119866, ENSG00000132002, ENSG00000136235, ENSG00000164151, ENSG00000173611, ENSG00000173914, ENSG00000185513, ENSG00000196367",0.32673267326732675
all,GO:BP,GO:0060322,head development,310,30,4,5622,0.08034703978676037,0.2346316688929612,False,"SOX6, DNAJB1, SSTR1, CNTN4","ENSG00000110693, ENSG00000132002, ENSG00000139874, ENSG00000144619",0.32673267326732675
all,GO:BP,GO:0010468,regulation of gene expression,1510,30,12,5622,0.08111267530379765,0.2361945800749792,False,"FUS, LGMN, ZMYND8, SOX6, BCL11A, DNAJB1, GPNMB, ICE1, SCAI, RBM4B, L3MBTL1, TRRAP","ENSG00000089280, ENSG00000100600, ENSG00000101040, ENSG00000110693, ENSG00000119866, ENSG00000132002, ENSG00000136235, ENSG00000164151, ENSG00000173611, ENSG00000173914, ENSG00000185513, ENSG00000196367",0.32673267326732675
all,GO:BP,GO:0070841,inclusion body assembly,16,30,1,5622,0.08215082808357342,0.23719605291735962,False,DNAJB1,ENSG00000132002,0.32673267326732675
all,GO:BP,GO:0010658,striated muscle cell apoptotic process,16,30,1,5622,0.08215082808357342,0.23719605291735962,False,CFLAR,ENSG00000003402,0.32673267326732675
all,GO:BP,GO:0048261,negative regulation of receptor-mediated endocytosis,16,30,1,5622,0.08215082808357342,0.23719605291735962,False,SH3GL3,ENSG00000140600,0.32673267326732675
all,GO:BP,GO:0071560,cellular response to transforming growth factor beta stimulus,90,30,2,5622,0.0825878751542853,0.2377881236886024,False,"CFLAR, SOX6","ENSG00000003402, ENSG00000110693",0.32673267326732675
all,GO:BP,GO:0071559,response to transforming growth factor beta,92,30,2,5622,0.08576329135935122,0.240800351550272,False,"CFLAR, SOX6","ENSG00000003402, ENSG00000110693",0.32673267326732675
all,GO:BP,GO:0030239,myofibril assembly,17,30,1,5622,0.08706261459043978,0.240800351550272,False,CFLAR,ENSG00000003402,0.32673267326732675
all,GO:BP,GO:1904035,regulation of epithelial cell apoptotic process,17,30,1,5622,0.08706261459043978,0.240800351550272,False,CFLAR,ENSG00000003402,0.32673267326732675
all,GO:BP,GO:1903409,reactive oxygen species biosynthetic process,17,30,1,5622,0.08706261459043978,0.240800351550272,False,CFLAR,ENSG00000003402,0.32673267326732675
all,GO:BP,GO:0007186,G protein-coupled receptor signaling pathway,198,30,3,5622,0.08715798090258613,0.240800351550272,False,"PRKAR2A, ADGRB3, SSTR1","ENSG00000114302, ENSG00000135298, ENSG00000139874",0.32673267326732675
all,GO:BP,GO:0016073,snRNA metabolic process,17,30,1,5622,0.08706261459043978,0.240800351550272,False,ICE1,ENSG00000164151,0.32673267326732675
all,GO:BP,GO:0001944,vasculature development,195,30,3,5622,0.08411961077727978,0.240800351550272,False,"CFLAR, ADGRB3, GPNMB","ENSG00000003402, ENSG00000135298, ENSG00000136235",0.32673267326732675
all,GO:BP,GO:1902041,regulation of extrinsic apoptotic signaling pathway via death domain receptors,17,30,1,5622,0.08706261459043978,0.240800351550272,False,CFLAR,ENSG00000003402,0.32673267326732675
all,GO:BP,GO:1901185,negative regulation of ERBB signaling pathway,17,30,1,5622,0.08706261459043978,0.240800351550272,False,LGMN,ENSG00000100600,0.32673267326732675
all,GO:BP,GO:0060074,synapse maturation,17,30,1,5622,0.08706261459043978,0.240800351550272,False,ADGRB3,ENSG00000135298,0.32673267326732675
all,GO:BP,GO:0032835,glomerulus development,17,30,1,5622,0.08706261459043978,0.240800351550272,False,CFLAR,ENSG00000003402,0.32673267326732675
all,GO:BP,GO:0097300,programmed necrotic cell death,17,30,1,5622,0.08706261459043978,0.240800351550272,False,CFLAR,ENSG00000003402,0.32673267326732675
all,GO:BP,GO:0042246,tissue regeneration,17,30,1,5622,0.08706261459043978,0.240800351550272,False,CFLAR,ENSG00000003402,0.32673267326732675
all,GO:BP,GO:1901570,fatty acid derivative biosynthetic process,17,30,1,5622,0.08706261459043978,0.240800351550272,False,ELOVL7,ENSG00000164181,0.32673267326732675
all,GO:BP,GO:0035337,fatty-acyl-CoA metabolic process,17,30,1,5622,0.08706261459043978,0.240800351550272,False,ELOVL7,ENSG00000164181,0.32673267326732675
all,GO:CC,GO:0031588,nucleotide-activated protein kinase complex,8,30,1,5622,0.04192621422930092,0.24090843735427223,False,PRKAR2A,ENSG00000114302,0.32673267326732675
all,GO:CC,GO:0031904,endosome lumen,10,30,1,5622,0.05213924028376707,0.24090843735427223,False,LGMN,ENSG00000100600,0.32673267326732675
all,GO:CC,GO:0000812,Swr1 complex,8,30,1,5622,0.04192621422930092,0.24090843735427223,False,TRRAP,ENSG00000196367,0.32673267326732675
all,GO:CC,GO:0005677,chromatin silencing complex,9,30,1,5622,0.04704595302038054,0.24090843735427223,False,L3MBTL1,ENSG00000185513,0.32673267326732675
all,GO:CC,GO:0005654,nucleoplasm,1747,30,14,5622,0.052496975669899366,0.24090843735427223,False,"IBTK, CPNE3, FUS, ZMYND8, SOX6, BCL11A, DNAJB1, USP12, ICE1, SCAI, RBM4B, C11orf54, L3MBTL1, TRRAP","ENSG00000005700, ENSG00000085719, ENSG00000089280, ENSG00000101040, ENSG00000110693, ENSG00000119866, ENSG00000132002, ENSG00000152484, ENSG00000164151, ENSG00000173611, ENSG00000173914, ENSG00000182919, ENSG00000185513, ENSG00000196367",0.32673267326732675
all,GO:CC,GO:0005576,extracellular region,1064,30,10,5622,0.04358219697007343,0.24090843735427223,False,"CPNE3, LGMN, CALB1, PRKAR2A, DNAJB1, ADGRB3, CNTN4, MANF, C11orf54, GSTK1","ENSG00000085719, ENSG00000100600, ENSG00000104327, ENSG00000114302, ENSG00000132002, ENSG00000135298, ENSG00000144619, ENSG00000145050, ENSG00000182919, ENSG00000197448",0.32673267326732675
all,GO:CC,GO:0033276,transcription factor TFTC complex,9,30,1,5622,0.04704595302038054,0.24090843735427223,False,TRRAP,ENSG00000196367,0.32673267326732675
all,GO:CC,GO:1904949,ATPase complex,68,30,2,5622,0.050456642215308045,0.24090843735427223,False,"BCL11A, TRRAP","ENSG00000119866, ENSG00000196367",0.32673267326732675
all,GO:CC,GO:0044306,neuron projection terminus,64,30,2,5622,0.04524022780381713,0.24090843735427223,False,"CALB1, CALB2","ENSG00000104327, ENSG00000172137",0.32673267326732675
all,GO:CC,GO:0043233,organelle lumen,2276,30,17,5622,0.05341408792017795,0.24090843735427223,False,"IBTK, CPNE3, FUS, LGMN, ZMYND8, SOX6, BCL11A, DNAJB1, MANF, USP12, ICE1, SCAI, RBM4B, C11orf54, L3MBTL1, TRRAP, GSTK1","ENSG00000005700, ENSG00000085719, ENSG00000089280, ENSG00000100600, ENSG00000101040, ENSG00000110693, ENSG00000119866, ENSG00000132002, ENSG00000145050, ENSG00000152484, ENSG00000164151, ENSG00000173611, ENSG00000173914, ENSG00000182919, ENSG00000185513, ENSG00000196367, ENSG00000197448",0.32673267326732675
all,GO:CC,GO:0099092,"postsynaptic density, intracellular component",7,30,1,5622,0.03677989129767676,0.24090843735427223,False,SH3GL3,ENSG00000140600,0.32673267326732675
all,GO:CC,GO:0070013,intracellular organelle lumen,2276,30,17,5622,0.05341408792017795,0.24090843735427223,False,"IBTK, CPNE3, FUS, LGMN, ZMYND8, SOX6, BCL11A, DNAJB1, MANF, USP12, ICE1, SCAI, RBM4B, C11orf54, L3MBTL1, TRRAP, GSTK1","ENSG00000005700, ENSG00000085719, ENSG00000089280, ENSG00000100600, ENSG00000101040, ENSG00000110693, ENSG00000119866, ENSG00000132002, ENSG00000145050, ENSG00000152484, ENSG00000164151, ENSG00000173611, ENSG00000173914, ENSG00000182919, ENSG00000185513, ENSG00000196367, ENSG00000197448",0.32673267326732675
all,GO:CC,GO:0043083,synaptic cleft,10,30,1,5622,0.05213924028376707,0.24090843735427223,False,ADGRB3,ENSG00000135298,0.32673267326732675
all,GO:CC,GO:0098982,GABA-ergic synapse,60,30,2,5622,0.04024245113232986,0.24090843735427223,False,"FUS, CALB1","ENSG00000089280, ENSG00000104327",0.32673267326732675
all,GO:CC,GO:0099091,"postsynaptic specialization, intracellular component",9,30,1,5622,0.04704595302038054,0.24090843735427223,False,SH3GL3,ENSG00000140600,0.32673267326732675
all,GO:CC,GO:0042382,paraspeckles,8,30,1,5622,0.04192621422930092,0.24090843735427223,False,BCL11A,ENSG00000119866,0.32673267326732675
all,GO:CC,GO:0031974,membrane-enclosed lumen,2276,30,17,5622,0.05341408792017795,0.24090843735427223,False,"IBTK, CPNE3, FUS, LGMN, ZMYND8, SOX6, BCL11A, DNAJB1, MANF, USP12, ICE1, SCAI, RBM4B, C11orf54, L3MBTL1, TRRAP, GSTK1","ENSG00000005700, ENSG00000085719, ENSG00000089280, ENSG00000100600, ENSG00000101040, ENSG00000110693, ENSG00000119866, ENSG00000132002, ENSG00000145050, ENSG00000152484, ENSG00000164151, ENSG00000173611, ENSG00000173914, ENSG00000182919, ENSG00000185513, ENSG00000196367, ENSG00000197448",0.32673267326732675
all,GO:BP,GO:0048646,anatomical structure formation involved in morphogenesis,320,30,4,5622,0.08800104274853048,0.2424759914442039,False,"CFLAR, CALB1, ADGRB3, GPNMB","ENSG00000003402, ENSG00000104327, ENSG00000135298, ENSG00000136235",0.32673267326732675
all,GO:MF,GO:0001217,DNA-binding transcription repressor activity,72,30,2,5622,0.05588087104136761,0.2443163664134213,False,"SOX6, BCL11A","ENSG00000110693, ENSG00000119866",0.32673267326732675
all,GO:MF,GO:0032813,tumor necrosis factor receptor superfamily binding,11,30,1,5622,0.057206207994295766,0.244426525066535,False,CFLAR,ENSG00000003402,0.32673267326732675
all,GO:BP,GO:0042330,taxis,95,30,2,5622,0.09059618462491792,0.24566425725010813,False,"LGMN, GPNMB","ENSG00000100600, ENSG00000136235",0.32673267326732675
all,GO:BP,GO:0030336,negative regulation of cell migration,95,30,2,5622,0.09059618462491792,0.24566425725010813,False,"ZMYND8, SCAI","ENSG00000101040, ENSG00000173611",0.32673267326732675
all,GO:BP,GO:0044087,regulation of cellular component biogenesis,455,30,5,5622,0.09023372707303834,0.24566425725010813,False,"ZMYND8, BCL11A, DNAJB1, ADGRB3, ICE1","ENSG00000101040, ENSG00000119866, ENSG00000132002, ENSG00000135298, ENSG00000164151",0.32673267326732675
all,GO:BP,GO:0006935,chemotaxis,95,30,2,5622,0.09059618462491792,0.24566425725010813,False,"LGMN, GPNMB","ENSG00000100600, ENSG00000136235",0.32673267326732675
all,GO:BP,GO:0019222,regulation of metabolic process,2053,30,15,5622,0.09047867311225255,0.24566425725010813,False,"CFLAR, IBTK, FUS, LGMN, ZMYND8, SOX6, PRKAR2A, BCL11A, DNAJB1, GPNMB, ICE1, SCAI, RBM4B, L3MBTL1, TRRAP","ENSG00000003402, ENSG00000005700, ENSG00000089280, ENSG00000100600, ENSG00000101040, ENSG00000110693, ENSG00000114302, ENSG00000119866, ENSG00000132002, ENSG00000136235, ENSG00000164151, ENSG00000173611, ENSG00000173914, ENSG00000185513, ENSG00000196367",0.32673267326732675
all,GO:BP,GO:0061061,muscle structure development,201,30,3,5622,0.09024377159323421,0.24566425725010813,False,"CFLAR, SOX6, ADGRB3","ENSG00000003402, ENSG00000110693, ENSG00000135298",0.32673267326732675
all,GO:BP,GO:0071364,cellular response to epidermal growth factor stimulus,18,30,1,5622,0.09194898775052657,0.24802029590602576,False,CFLAR,ENSG00000003402,0.32673267326732675
all,GO:BP,GO:0007616,long-term memory,18,30,1,5622,0.09194898775052657,0.24802029590602576,False,CALB1,ENSG00000104327,0.32673267326732675
all,GO:MF,GO:0001653,peptide receptor activity,12,30,1,5622,0.062246987491742026,0.24898794996696783,False,SSTR1,ENSG00000139874,0.32673267326732675
all,GO:MF,GO:0140416,transcription regulator inhibitor activity,12,30,1,5622,0.062246987491742026,0.24898794996696783,False,DNAJB1,ENSG00000132002,0.32673267326732675
all,GO:MF,GO:0051861,glycolipid binding,12,30,1,5622,0.062246987491742026,0.24898794996696783,False,MANF,ENSG00000145050,0.32673267326732675
all,GO:BP,GO:0007517,muscle organ development,97,30,2,5622,0.09386304098809083,0.25251867982360393,False,"CFLAR, SOX6","ENSG00000003402, ENSG00000110693",0.32673267326732675
all,GO:CC,GO:0097346,INO80-type complex,11,30,1,5622,0.057206207994295766,0.2528514393347858,False,TRRAP,ENSG00000196367,0.32673267326732675
all,GO:BP,GO:0051491,positive regulation of filopodium assembly,19,30,1,5622,0.09681007453987066,0.25509081337626505,False,ZMYND8,ENSG00000101040,0.32673267326732675
all,GO:BP,GO:0006351,DNA-templated transcription,1061,30,9,5622,0.09646605853771575,0.25509081337626505,False,"FUS, ZMYND8, SOX6, BCL11A, DNAJB1, ICE1, SCAI, L3MBTL1, TRRAP","ENSG00000089280, ENSG00000101040, ENSG00000110693, ENSG00000119866, ENSG00000132002, ENSG00000164151, ENSG00000173611, ENSG00000185513, ENSG00000196367",0.32673267326732675
all,GO:BP,GO:0006508,proteolysis,207,30,3,5622,0.09655473324200353,0.25509081337626505,False,"CFLAR, LGMN, USP12","ENSG00000003402, ENSG00000100600, ENSG00000152484",0.32673267326732675
all,GO:BP,GO:0048668,collateral sprouting,19,30,1,5622,0.09681007453987066,0.25509081337626505,False,BCL11A,ENSG00000119866,0.32673267326732675
all,GO:BP,GO:0002690,positive regulation of leukocyte chemotaxis,19,30,1,5622,0.09681007453987066,0.25509081337626505,False,LGMN,ENSG00000100600,0.32673267326732675
all,GO:BP,GO:0060042,retina morphogenesis in camera-type eye,19,30,1,5622,0.09681007453987066,0.25509081337626505,False,CALB1,ENSG00000104327,0.32673267326732675
all,GO:BP,GO:0043525,positive regulation of neuron apoptotic process,19,30,1,5622,0.09681007453987066,0.25509081337626505,False,CFLAR,ENSG00000003402,0.32673267326732675
all,GO:BP,GO:0048812,neuron projection morphogenesis,329,30,4,5622,0.09519135076907945,0.25509081337626505,False,"BCL11A, ADGRB3, PLXNC1, CNTN4","ENSG00000119866, ENSG00000135298, ENSG00000136040, ENSG00000144619",0.32673267326732675
all,GO:BP,GO:0051054,positive regulation of DNA metabolic process,99,30,2,5622,0.09716459427052106,0.2553684849417541,False,"FUS, TRRAP","ENSG00000089280, ENSG00000196367",0.32673267326732675
all,GO:BP,GO:2000146,negative regulation of cell motility,100,30,2,5622,0.09882805415265945,0.2584151926185611,False,"ZMYND8, SCAI","ENSG00000101040, ENSG00000173611",0.32673267326732675
all,GO:BP,GO:0051259,protein complex oligomerization,100,30,2,5622,0.09882805415265945,0.2584151926185611,False,"FUS, BCL11A","ENSG00000089280, ENSG00000119866",0.32673267326732675
all,GO:MF,GO:0140678,molecular function inhibitor activity,176,30,3,5622,0.06602205684978517,0.25858638932832545,False,"IBTK, PRKAR2A, DNAJB1","ENSG00000005700, ENSG00000114302, ENSG00000132002",0.32673267326732675
all,GO:BP,GO:0010556,regulation of macromolecule biosynthetic process,1559,30,12,5622,0.09934554774299814,0.2591073446223238,False,"FUS, LGMN, ZMYND8, SOX6, BCL11A, DNAJB1, GPNMB, ICE1, SCAI, RBM4B, L3MBTL1, TRRAP","ENSG00000089280, ENSG00000100600, ENSG00000101040, ENSG00000110693, ENSG00000119866, ENSG00000132002, ENSG00000136235, ENSG00000164151, ENSG00000173611, ENSG00000173914, ENSG00000185513, ENSG00000196367",0.32673267326732675
all,GO:BP,GO:0120039,plasma membrane bounded cell projection morphogenesis,336,30,4,5622,0.1009773486402691,0.2598183325578459,False,"BCL11A, ADGRB3, PLXNC1, CNTN4","ENSG00000119866, ENSG00000135298, ENSG00000136040, ENSG00000144619",0.32673267326732675
all,GO:BP,GO:0071385,cellular response to glucocorticoid stimulus,20,30,1,5622,0.10164600132263059,0.2598183325578459,False,CFLAR,ENSG00000003402,0.32673267326732675
all,GO:BP,GO:0006749,glutathione metabolic process,20,30,1,5622,0.10164600132263059,0.2598183325578459,False,GSTK1,ENSG00000197448,0.32673267326732675
all,GO:BP,GO:0045665,negative regulation of neuron differentiation,20,30,1,5622,0.10164600132263059,0.2598183325578459,False,CNTN4,ENSG00000144619,0.32673267326732675
all,GO:BP,GO:0072080,nephron tubule development,20,30,1,5622,0.10164600132263059,0.2598183325578459,False,CALB1,ENSG00000104327,0.32673267326732675
all,GO:BP,GO:0006281,DNA repair,211,30,3,5622,0.10086292478197487,0.2598183325578459,False,"FUS, ZMYND8, TRRAP","ENSG00000089280, ENSG00000101040, ENSG00000196367",0.32673267326732675
all,GO:BP,GO:0014855,striated muscle cell proliferation,20,30,1,5622,0.10164600132263059,0.2598183325578459,False,CFLAR,ENSG00000003402,0.32673267326732675
all,GO:BP,GO:0042310,vasoconstriction,20,30,1,5622,0.10164600132263059,0.2598183325578459,False,MANF,ENSG00000145050,0.32673267326732675
all,GO:CC,GO:0036477,somatodendritic compartment,404,30,5,5622,0.06009152813517587,0.26039662191909557,False,"ZMYND8, CALB1, DNAJB1, CACNA1A, CALB2","ENSG00000101040, ENSG00000104327, ENSG00000132002, ENSG00000141837, ENSG00000172137",0.32673267326732675
all,GO:CC,GO:0032420,stereocilium,13,30,1,5622,0.06726170948376482,0.26078662799845675,False,CALB1,ENSG00000104327,0.32673267326732675
all,GO:CC,GO:0043189,H4/H2A histone acetyltransferase complex,13,30,1,5622,0.06726170948376482,0.26078662799845675,False,TRRAP,ENSG00000196367,0.32673267326732675
all,GO:CC,GO:0097546,ciliary base,13,30,1,5622,0.06726170948376482,0.26078662799845675,False,PRKAR2A,ENSG00000114302,0.32673267326732675
all,GO:CC,GO:0000124,SAGA complex,13,30,1,5622,0.06726170948376482,0.26078662799845675,False,TRRAP,ENSG00000196367,0.32673267326732675
all,GO:CC,GO:0035267,NuA4 histone acetyltransferase complex,13,30,1,5622,0.06726170948376482,0.26078662799845675,False,TRRAP,ENSG00000196367,0.32673267326732675
all,GO:CC,GO:0044305,calyx of Held,12,30,1,5622,0.062246987491742026,0.26078662799845675,False,CALB1,ENSG00000104327,0.32673267326732675
all,GO:BP,GO:0030154,cell differentiation,1400,30,11,5622,0.1027830414985172,0.2614208871860553,False,"CFLAR, ZMYND8, SOX6, BCL11A, ADGRB3, PLXNC1, SH3GL3, CNTN4, MANF, L3MBTL1, GSTK1","ENSG00000003402, ENSG00000101040, ENSG00000110693, ENSG00000119866, ENSG00000135298, ENSG00000136040, ENSG00000140600, ENSG00000144619, ENSG00000145050, ENSG00000185513, ENSG00000197448",0.32673267326732675
all,GO:BP,GO:0048858,cell projection morphogenesis,338,30,4,5622,0.10266110384896879,0.2614208871860553,False,"BCL11A, ADGRB3, PLXNC1, CNTN4","ENSG00000119866, ENSG00000135298, ENSG00000136040, ENSG00000144619",0.32673267326732675
all,GO:BP,GO:0048869,cellular developmental process,1401,30,11,5622,0.10320795506188088,0.2618518661842276,False,"CFLAR, ZMYND8, SOX6, BCL11A, ADGRB3, PLXNC1, SH3GL3, CNTN4, MANF, L3MBTL1, GSTK1","ENSG00000003402, ENSG00000101040, ENSG00000110693, ENSG00000119866, ENSG00000135298, ENSG00000136040, ENSG00000140600, ENSG00000144619, ENSG00000145050, ENSG00000185513, ENSG00000197448",0.32673267326732675
all,GO:BP,GO:0044089,positive regulation of cellular component biogenesis,214,30,3,5622,0.10414576969779625,0.2635787998524473,False,"ZMYND8, ADGRB3, ICE1","ENSG00000101040, ENSG00000135298, ENSG00000164151",0.32673267326732675
all,GO:MF,GO:0008289,lipid binding,297,30,4,5622,0.0709360891945309,0.26527531247790737,False,"CPNE3, CALB1, SH3GL3, MANF","ENSG00000085719, ENSG00000104327, ENSG00000140600, ENSG00000145050",0.32673267326732675
all,GO:MF,GO:0005245,voltage-gated calcium channel activity,14,30,1,5622,0.0722505040488365,0.26527531247790737,False,CACNA1A,ENSG00000141837,0.32673267326732675
all,GO:MF,GO:0060089,molecular transducer activity,186,30,3,5622,0.07529600435268308,0.26527531247790737,False,"ADGRB3, PLXNC1, SSTR1","ENSG00000135298, ENSG00000136040, ENSG00000139874",0.32673267326732675
all,GO:MF,GO:0046914,transition metal ion binding,715,30,7,5622,0.07760713928874931,0.26527531247790737,False,"FUS, ZMYND8, CALB1, BCL11A, RBM4B, C11orf54, L3MBTL1","ENSG00000089280, ENSG00000101040, ENSG00000104327, ENSG00000119866, ENSG00000173914, ENSG00000182919, ENSG00000185513",0.32673267326732675
all,GO:MF,GO:0038023,signaling receptor activity,186,30,3,5622,0.07529600435268308,0.26527531247790737,False,"ADGRB3, PLXNC1, SSTR1","ENSG00000135298, ENSG00000136040, ENSG00000139874",0.32673267326732675
all,GO:MF,GO:0030551,cyclic nucleotide binding,15,30,1,5622,0.07721350063916009,0.26527531247790737,False,PRKAR2A,ENSG00000114302,0.32673267326732675
all,GO:MF,GO:0030552,cAMP binding,14,30,1,5622,0.0722505040488365,0.26527531247790737,False,PRKAR2A,ENSG00000114302,0.32673267326732675
all,GO:MF,GO:0046872,metal ion binding,1340,30,11,5622,0.07933397697322277,0.266335494124391,False,"CPNE3, FUS, ZMYND8, CALB1, BCL11A, CACNA1A, USP12, CALB2, RBM4B, C11orf54, L3MBTL1","ENSG00000085719, ENSG00000089280, ENSG00000101040, ENSG00000104327, ENSG00000119866, ENSG00000141837, ENSG00000152484, ENSG00000172137, ENSG00000173914, ENSG00000182919, ENSG00000185513",0.32673267326732675
all,GO:BP,GO:0061326,renal tubule development,21,30,1,5622,0.10645689385392676,0.26679294914492535,False,CALB1,ENSG00000104327,0.32673267326732675
all,GO:BP,GO:0099558,maintenance of synapse structure,21,30,1,5622,0.10645689385392676,0.26679294914492535,False,ADGRB3,ENSG00000135298,0.32673267326732675
all,GO:BP,GO:0043462,regulation of ATP-dependent activity,21,30,1,5622,0.10645689385392676,0.26679294914492535,False,DNAJB1,ENSG00000132002,0.32673267326732675
all,GO:BP,GO:0034103,regulation of tissue remodeling,21,30,1,5622,0.10645689385392676,0.26679294914492535,False,GPNMB,ENSG00000136235,0.32673267326732675
all,GO:BP,GO:0032501,multicellular organismal process,2101,30,15,5622,0.10781769829461771,0.26954424573654495,False,"CFLAR, LGMN, ZMYND8, CALB1, SOX6, BCL11A, DNAJB1, ADGRB3, PLXNC1, GPNMB, SSTR1, SH3GL3, CNTN4, MANF, L3MBTL1","ENSG00000003402, ENSG00000100600, ENSG00000101040, ENSG00000104327, ENSG00000110693, ENSG00000119866, ENSG00000132002, ENSG00000135298, ENSG00000136040, ENSG00000136235, ENSG00000139874, ENSG00000140600, ENSG00000144619, ENSG00000145050, ENSG00000185513",0.32673267326732675
all,GO:CC,GO:0032421,stereocilium bundle,14,30,1,5622,0.0722505040488365,0.2706332439795388,False,CALB1,ENSG00000104327,0.32673267326732675
all,GO:CC,GO:0036019,endolysosome,14,30,1,5622,0.0722505040488365,0.2706332439795388,False,LGMN,ENSG00000100600,0.32673267326732675
all,GO:BP,GO:0040013,negative regulation of locomotion,106,30,2,5622,0.10897829442605175,0.2717828510625379,False,"ZMYND8, SCAI","ENSG00000101040, ENSG00000173611",0.32673267326732675
all,GO:BP,GO:0051153,regulation of striated muscle cell differentiation,22,30,1,5622,0.11124287728266836,0.27213353034542975,False,SOX6,ENSG00000110693,0.32673267326732675
all,GO:BP,GO:0007409,axonogenesis,220,30,3,5622,0.11084109523619992,0.27213353034542975,False,"BCL11A, PLXNC1, CNTN4","ENSG00000119866, ENSG00000136040, ENSG00000144619",0.32673267326732675
all,GO:BP,GO:0050769,positive regulation of neurogenesis,107,30,2,5622,0.11069707464773126,0.27213353034542975,False,"BCL11A, PLXNC1","ENSG00000119866, ENSG00000136040",0.32673267326732675
all,GO:BP,GO:0060993,kidney morphogenesis,22,30,1,5622,0.11124287728266836,0.27213353034542975,False,CALB1,ENSG00000104327,0.32673267326732675
all,GO:BP,GO:0071384,cellular response to corticosteroid stimulus,22,30,1,5622,0.11124287728266836,0.27213353034542975,False,CFLAR,ENSG00000003402,0.32673267326732675
all,GO:BP,GO:0003073,regulation of systemic arterial blood pressure,22,30,1,5622,0.11124287728266836,0.27213353034542975,False,MANF,ENSG00000145050,0.32673267326732675
all,GO:BP,GO:0070849,response to epidermal growth factor,22,30,1,5622,0.11124287728266836,0.27213353034542975,False,CFLAR,ENSG00000003402,0.32673267326732675
all,GO:BP,GO:2000134,negative regulation of G1/S transition of mitotic cell cycle,22,30,1,5622,0.11124287728266836,0.27213353034542975,False,GPNMB,ENSG00000136235,0.32673267326732675
all,GO:MF,GO:0042277,peptide binding,90,30,2,5622,0.0825878751542853,0.27239509700009895,False,"SSTR1, CACNA1A","ENSG00000139874, ENSG00000141837",0.32673267326732675
all,GO:CC,GO:0030425,dendrite,304,30,4,5622,0.07592703269517277,0.27507990533824883,False,"ZMYND8, CALB1, DNAJB1, CALB2","ENSG00000101040, ENSG00000104327, ENSG00000132002, ENSG00000172137",0.32673267326732675
all,GO:CC,GO:0097447,dendritic tree,304,30,4,5622,0.07592703269517277,0.27507990533824883,False,"ZMYND8, CALB1, DNAJB1, CALB2","ENSG00000101040, ENSG00000104327, ENSG00000132002, ENSG00000172137",0.32673267326732675
all,GO:CC,GO:0005891,voltage-gated calcium channel complex,15,30,1,5622,0.07721350063916009,0.2752287684073276,False,CACNA1A,ENSG00000141837,0.32673267326732675
all,GO:MF,GO:0001671,ATPase activator activity,17,30,1,5622,0.08706261459043978,0.2774198566610615,False,DNAJB1,ENSG00000132002,0.32673267326732675
all,GO:MF,GO:0004601,peroxidase activity,17,30,1,5622,0.08706261459043978,0.2774198566610615,False,GSTK1,ENSG00000197448,0.32673267326732675
all,GO:BP,GO:0043484,regulation of RNA splicing,109,30,2,5622,0.11415673266564329,0.2785967880530581,False,"FUS, TRRAP","ENSG00000089280, ENSG00000196367",0.32673267326732675
all,GO:MF,GO:0043169,cation binding,1373,30,11,5622,0.09173533277884915,0.27881305963062913,False,"CPNE3, FUS, ZMYND8, CALB1, BCL11A, CACNA1A, USP12, CALB2, RBM4B, C11orf54, L3MBTL1","ENSG00000085719, ENSG00000089280, ENSG00000101040, ENSG00000104327, ENSG00000119866, ENSG00000141837, ENSG00000152484, ENSG00000172137, ENSG00000173914, ENSG00000182919, ENSG00000185513",0.32673267326732675
all,GO:MF,GO:0030291,protein serine/threonine kinase inhibitor activity,18,30,1,5622,0.09194898775052657,0.27881305963062913,False,PRKAR2A,ENSG00000114302,0.32673267326732675
all,GO:MF,GO:0016504,peptidase activator activity,18,30,1,5622,0.09194898775052657,0.27881305963062913,False,LGMN,ENSG00000100600,0.32673267326732675
all,GO:BP,GO:1900271,regulation of long-term synaptic potentiation,23,30,1,5622,0.11600407615436842,0.279117788869078,False,LGMN,ENSG00000100600,0.32673267326732675
all,GO:BP,GO:1990000,amyloid fibril formation,23,30,1,5622,0.11600407615436842,0.279117788869078,False,FUS,ENSG00000089280,0.32673267326732675
all,GO:BP,GO:0071677,positive regulation of mononuclear cell migration,23,30,1,5622,0.11600407615436842,0.279117788869078,False,LGMN,ENSG00000100600,0.32673267326732675
all,GO:BP,GO:1902807,negative regulation of cell cycle G1/S phase transition,23,30,1,5622,0.11600407615436842,0.279117788869078,False,GPNMB,ENSG00000136235,0.32673267326732675
all,GO:BP,GO:0008038,neuron recognition,23,30,1,5622,0.11600407615436842,0.279117788869078,False,CNTN4,ENSG00000144619,0.32673267326732675
all,GO:BP,GO:1901568,fatty acid derivative metabolic process,23,30,1,5622,0.11600407615436842,0.279117788869078,False,ELOVL7,ENSG00000164181,0.32673267326732675
all,WP,WP:WP4541,Hippo Merlin signaling dysregulation,38,30,1,5622,0.18453078918482516,0.27943233790844946,False,PRKAR2A,ENSG00000114302,0.32673267326732675
all,WP,WP:WP3584,MECP2 and associated Rett syndrome,37,30,1,5622,0.1801268150490097,0.27943233790844946,False,FUS,ENSG00000089280,0.32673267326732675
all,WP,WP:WP702,Metapathway biotransformation Phase I and II,36,30,1,5622,0.17569985400715776,0.27943233790844946,False,GSTK1,ENSG00000197448,0.32673267326732675
all,WP,WP:WP2267,Synaptic vesicle pathway,37,30,1,5622,0.1801268150490097,0.27943233790844946,False,CACNA1A,ENSG00000141837,0.32673267326732675
all,WP,WP:WP4540,Hippo signaling regulation,38,30,1,5622,0.18453078918482516,0.27943233790844946,False,PRKAR2A,ENSG00000114302,0.32673267326732675
all,GO:BP,GO:0050868,negative regulation of T cell activation,24,30,1,5622,0.12074061441394496,0.2825550908088893,False,GPNMB,ENSG00000136235,0.32673267326732675
all,GO:BP,GO:0019882,antigen processing and presentation,24,30,1,5622,0.12074061441394496,0.2825550908088893,False,LGMN,ENSG00000100600,0.32673267326732675
all,GO:BP,GO:0070588,calcium ion transmembrane transport,112,30,2,5622,0.11939966193644716,0.2825550908088893,False,"IBTK, CACNA1A","ENSG00000005700, ENSG00000141837",0.32673267326732675
all,GO:BP,GO:0051402,neuron apoptotic process,112,30,2,5622,0.11939966193644716,0.2825550908088893,False,"CFLAR, LGMN","ENSG00000003402, ENSG00000100600",0.32673267326732675
all,GO:BP,GO:0007204,positive regulation of cytosolic calcium ion concentration,24,30,1,5622,0.12074061441394496,0.2825550908088893,False,CACNA1A,ENSG00000141837,0.32673267326732675
all,GO:BP,GO:0001823,mesonephros development,24,30,1,5622,0.12074061441394496,0.2825550908088893,False,CALB1,ENSG00000104327,0.32673267326732675
all,GO:BP,GO:0001657,ureteric bud development,24,30,1,5622,0.12074061441394496,0.2825550908088893,False,CALB1,ENSG00000104327,0.32673267326732675
all,GO:BP,GO:0070509,calcium ion import,24,30,1,5622,0.12074061441394496,0.2825550908088893,False,CACNA1A,ENSG00000141837,0.32673267326732675
all,GO:BP,GO:0002688,regulation of leukocyte chemotaxis,24,30,1,5622,0.12074061441394496,0.2825550908088893,False,LGMN,ENSG00000100600,0.32673267326732675
all,GO:BP,GO:0072164,mesonephric tubule development,24,30,1,5622,0.12074061441394496,0.2825550908088893,False,CALB1,ENSG00000104327,0.32673267326732675
all,GO:BP,GO:0072163,mesonephric epithelium development,24,30,1,5622,0.12074061441394496,0.2825550908088893,False,CALB1,ENSG00000104327,0.32673267326732675
all,GO:BP,GO:0060999,positive regulation of dendritic spine development,24,30,1,5622,0.12074061441394496,0.2825550908088893,False,ZMYND8,ENSG00000101040,0.32673267326732675
all,GO:CC,GO:0031901,early endosome membrane,89,30,2,5622,0.08101453510368159,0.2841938453637085,False,"GPNMB, SH3GL3","ENSG00000136235, ENSG00000140600",0.32673267326732675
all,GO:MF,GO:0005544,calcium-dependent phospholipid binding,19,30,1,5622,0.09681007453987066,0.2843795939608691,False,CPNE3,ENSG00000085719,0.32673267326732675
all,GO:MF,GO:0016684,"oxidoreductase activity, acting on peroxide as acceptor",19,30,1,5622,0.09681007453987066,0.2843795939608691,False,GSTK1,ENSG00000197448,0.32673267326732675
all,GO:CC,GO:0000786,nucleosome,17,30,1,5622,0.08706261459043978,0.28498142152846706,False,TRRAP,ENSG00000196367,0.32673267326732675
all,GO:CC,GO:0005694,chromosome,592,30,6,5622,0.08863027544166198,0.28498142152846706,False,"ZMYND8, SOX6, BCL11A, ICE1, L3MBTL1, TRRAP","ENSG00000101040, ENSG00000110693, ENSG00000119866, ENSG00000164151, ENSG00000185513, ENSG00000196367",0.32673267326732675
all,GO:CC,GO:0016514,SWI/SNF complex,17,30,1,5622,0.08706261459043978,0.28498142152846706,False,BCL11A,ENSG00000119866,0.32673267326732675
all,GO:CC,GO:0044309,neuron spine,94,30,2,5622,0.08897609993422717,0.28498142152846706,False,"ZMYND8, DNAJB1","ENSG00000101040, ENSG00000132002",0.32673267326732675
all,GO:CC,GO:0043197,dendritic spine,92,30,2,5622,0.08576329135935122,0.28498142152846706,False,"ZMYND8, DNAJB1","ENSG00000101040, ENSG00000132002",0.32673267326732675
all,GO:CC,GO:0014069,postsynaptic density,194,30,3,5622,0.08311748084435296,0.28498142152846706,False,"DNAJB1, ADGRB3, SH3GL3","ENSG00000132002, ENSG00000135298, ENSG00000140600",0.32673267326732675
all,GO:BP,GO:0001941,postsynaptic membrane organization,25,30,1,5622,0.1254526154085111,0.2857531795416085,False,ZMYND8,ENSG00000101040,0.32673267326732675
all,GO:BP,GO:0048522,positive regulation of cellular process,1961,30,14,5622,0.12280052754818074,0.2857531795416085,False,"CFLAR, CPNE3, FUS, LGMN, ZMYND8, SOX6, BCL11A, ADGRB3, PLXNC1, GPNMB, SH3GL3, ICE1, RBM4B, TRRAP","ENSG00000003402, ENSG00000085719, ENSG00000089280, ENSG00000100600, ENSG00000101040, ENSG00000110693, ENSG00000119866, ENSG00000135298, ENSG00000136040, ENSG00000136235, ENSG00000140600, ENSG00000164151, ENSG00000173914, ENSG00000196367",0.32673267326732675
all,GO:BP,GO:0048255,mRNA stabilization,25,30,1,5622,0.1254526154085111,0.2857531795416085,False,FUS,ENSG00000089280,0.32673267326732675
all,GO:BP,GO:0003407,neural retina development,25,30,1,5622,0.1254526154085111,0.2857531795416085,False,CALB1,ENSG00000104327,0.32673267326732675
all,GO:BP,GO:0033559,unsaturated fatty acid metabolic process,25,30,1,5622,0.1254526154085111,0.2857531795416085,False,ELOVL7,ENSG00000164181,0.32673267326732675
all,GO:BP,GO:2000181,negative regulation of blood vessel morphogenesis,25,30,1,5622,0.1254526154085111,0.2857531795416085,False,ADGRB3,ENSG00000135298,0.32673267326732675
all,GO:BP,GO:0021510,spinal cord development,25,30,1,5622,0.1254526154085111,0.2857531795416085,False,SOX6,ENSG00000110693,0.32673267326732675
all,GO:BP,GO:0010038,response to metal ion,114,30,2,5622,0.12292919809828494,0.2857531795416085,False,"CPNE3, LGMN","ENSG00000085719, ENSG00000100600",0.32673267326732675
all,GO:BP,GO:0009719,response to endogenous stimulus,502,30,5,5622,0.12403077255476815,0.2857531795416085,False,"CFLAR, CPNE3, LGMN, SOX6, SSTR1","ENSG00000003402, ENSG00000085719, ENSG00000100600, ENSG00000110693, ENSG00000139874",0.32673267326732675
all,GO:BP,GO:1901343,negative regulation of vasculature development,25,30,1,5622,0.1254526154085111,0.2857531795416085,False,ADGRB3,ENSG00000135298,0.32673267326732675
all,GO:BP,GO:0010660,regulation of muscle cell apoptotic process,25,30,1,5622,0.1254526154085111,0.2857531795416085,False,CFLAR,ENSG00000003402,0.32673267326732675
all,GO:BP,GO:0016525,negative regulation of angiogenesis,25,30,1,5622,0.1254526154085111,0.2857531795416085,False,ADGRB3,ENSG00000135298,0.32673267326732675
all,GO:CC,GO:0098845,postsynaptic endosome,18,30,1,5622,0.09194898775052657,0.28620741257558285,False,SH3GL3,ENSG00000140600,0.32673267326732675
all,GO:CC,GO:0031981,nuclear lumen,1881,30,14,5622,0.09163228980769851,0.28620741257558285,False,"IBTK, CPNE3, FUS, ZMYND8, SOX6, BCL11A, DNAJB1, USP12, ICE1, SCAI, RBM4B, C11orf54, L3MBTL1, TRRAP","ENSG00000005700, ENSG00000085719, ENSG00000089280, ENSG00000101040, ENSG00000110693, ENSG00000119866, ENSG00000132002, ENSG00000152484, ENSG00000164151, ENSG00000173611, ENSG00000173914, ENSG00000182919, ENSG00000185513, ENSG00000196367",0.32673267326732675
all,GO:BP,GO:0014706,striated muscle tissue development,116,30,2,5622,0.12648505224560444,0.2874660278309194,False,"CFLAR, SOX6","ENSG00000003402, ENSG00000110693",0.32673267326732675
all,GO:MF,GO:0005102,signaling receptor binding,335,30,4,5622,0.10014054483260658,0.2896372681312316,False,"CFLAR, CPNE3, PLXNC1, GPNMB","ENSG00000003402, ENSG00000085719, ENSG00000136040, ENSG00000136235",0.32673267326732675
all,GO:MF,GO:0019887,protein kinase regulator activity,103,30,2,5622,0.10386761742998103,0.29005646441359634,False,"IBTK, PRKAR2A","ENSG00000005700, ENSG00000114302",0.32673267326732675
all,GO:MF,GO:0016765,"transferase activity, transferring alkyl or aryl (other than methyl) groups",21,30,1,5622,0.10645689385392676,0.29005646441359634,False,GSTK1,ENSG00000197448,0.32673267326732675
all,GO:MF,GO:0098631,cell adhesion mediator activity,21,30,1,5622,0.10645689385392676,0.29005646441359634,False,CNTN4,ENSG00000144619,0.32673267326732675
all,GO:MF,GO:0098632,cell-cell adhesion mediator activity,21,30,1,5622,0.10645689385392676,0.29005646441359634,False,CNTN4,ENSG00000144619,0.32673267326732675
all,REAC,REAC:R-HSA-8875360,InlB-mediated entry of Listeria monocytogenes into host cell,12,30,1,5622,0.062246987491742026,0.29079278447574713,False,SH3GL3,ENSG00000140600,0.32673267326732675
all,REAC,REAC:R-HSA-163685,Integration of energy metabolism,55,30,2,5622,0.03431973301310369,0.29079278447574713,False,"PRKAR2A, CACNA1A","ENSG00000114302, ENSG00000141837",0.32673267326732675
all,REAC,REAC:R-HSA-8876384,Listeria monocytogenes entry into host cells,13,30,1,5622,0.06726170948376482,0.29079278447574713,False,SH3GL3,ENSG00000140600,0.32673267326732675
all,REAC,REAC:R-HSA-75105,Fatty acyl-CoA biosynthesis,16,30,1,5622,0.08215082808357342,0.29079278447574713,False,ELOVL7,ENSG00000164181,0.32673267326732675
all,REAC,REAC:R-HSA-181430,Norepinephrine Neurotransmitter Release Cycle,12,30,1,5622,0.062246987491742026,0.29079278447574713,False,PPFIA4,ENSG00000143847,0.32673267326732675
all,REAC,REAC:R-HSA-112316,Neuronal System,180,30,3,5622,0.06966324999711189,0.29079278447574713,False,"PRKAR2A, CACNA1A, PPFIA4","ENSG00000114302, ENSG00000141837, ENSG00000143847",0.32673267326732675
all,REAC,REAC:R-HSA-9634597,GPER1 signaling,21,30,1,5622,0.10645689385392676,0.29079278447574713,False,PRKAR2A,ENSG00000114302,0.32673267326732675
all,REAC,REAC:R-HSA-381676,Glucagon-like Peptide-1 (GLP1) regulates insulin secretion,19,30,1,5622,0.09681007453987066,0.29079278447574713,False,PRKAR2A,ENSG00000114302,0.32673267326732675
all,REAC,REAC:R-HSA-201722,Formation of the beta-catenin:TCF transactivating complex,12,30,1,5622,0.062246987491742026,0.29079278447574713,False,TRRAP,ENSG00000196367,0.32673267326732675
all,REAC,REAC:R-HSA-418594,G alpha (i) signalling events,66,30,2,5622,0.04782178966867888,0.29079278447574713,False,"PRKAR2A, SSTR1","ENSG00000114302, ENSG00000139874",0.32673267326732675
all,REAC,REAC:R-HSA-163359,Glucagon signaling in metabolic regulation,16,30,1,5622,0.08215082808357342,0.29079278447574713,False,PRKAR2A,ENSG00000114302,0.32673267326732675
all,REAC,REAC:R-HSA-3371571,HSF1-dependent transactivation,12,30,1,5622,0.062246987491742026,0.29079278447574713,False,DNAJB1,ENSG00000132002,0.32673267326732675
all,REAC,REAC:R-HSA-6807004,Negative regulation of MET activity,13,30,1,5622,0.06726170948376482,0.29079278447574713,False,SH3GL3,ENSG00000140600,0.32673267326732675
all,REAC,REAC:R-HSA-9031628,NGF-stimulated transcription,13,30,1,5622,0.06726170948376482,0.29079278447574713,False,SH3GL3,ENSG00000140600,0.32673267326732675
all,REAC,REAC:R-HSA-156590,Glutathione conjugation,15,30,1,5622,0.07721350063916009,0.29079278447574713,False,GSTK1,ENSG00000197448,0.32673267326732675
all,REAC,REAC:R-HSA-210500,Glutamate Neurotransmitter Release Cycle,16,30,1,5622,0.08215082808357342,0.29079278447574713,False,PPFIA4,ENSG00000143847,0.32673267326732675
all,REAC,REAC:R-HSA-373076,Class A/1 (Rhodopsin-like receptors),20,30,1,5622,0.10164600132263059,0.29079278447574713,False,SSTR1,ENSG00000139874,0.32673267326732675
all,REAC,REAC:R-HSA-163615,PKA activation,11,30,1,5622,0.057206207994295766,0.29079278447574713,False,PRKAR2A,ENSG00000114302,0.32673267326732675
all,REAC,REAC:R-HSA-8857538,PTK6 promotes HIF1A stabilization,2,30,1,5622,0.01064482804515845,0.29079278447574713,False,GPNMB,ENSG00000136235,0.32673267326732675
all,REAC,REAC:R-HSA-111931,PKA-mediated phosphorylation of CREB,11,30,1,5622,0.057206207994295766,0.29079278447574713,False,PRKAR2A,ENSG00000114302,0.32673267326732675
all,REAC,REAC:R-HSA-375276,Peptide ligand-binding receptors,16,30,1,5622,0.08215082808357342,0.29079278447574713,False,SSTR1,ENSG00000139874,0.32673267326732675
all,REAC,REAC:R-HSA-164378,PKA activation in glucagon signalling,11,30,1,5622,0.057206207994295766,0.29079278447574713,False,PRKAR2A,ENSG00000114302,0.32673267326732675
all,REAC,REAC:R-HSA-180024,DARPP-32 events,15,30,1,5622,0.07721350063916009,0.29079278447574713,False,PRKAR2A,ENSG00000114302,0.32673267326732675
all,REAC,REAC:R-HSA-163125,Post-translational modification: synthesis of GPI-anchored proteins,20,30,1,5622,0.10164600132263059,0.29079278447574713,False,CNTN4,ENSG00000144619,0.32673267326732675
all,REAC,REAC:R-HSA-1489509,DAG and IP3 signaling,22,30,1,5622,0.11124287728266836,0.29079278447574713,False,PRKAR2A,ENSG00000114302,0.32673267326732675
all,REAC,REAC:R-HSA-112308,Presynaptic depolarization and calcium channel opening,8,30,1,5622,0.04192621422930092,0.29079278447574713,False,CACNA1A,ENSG00000141837,0.32673267326732675
all,REAC,REAC:R-HSA-416700,Other semaphorin interactions,5,30,1,5622,0.026406959353476738,0.29079278447574713,False,PLXNC1,ENSG00000136040,0.32673267326732675
all,REAC,REAC:R-HSA-9006927,Signaling by Non-Receptor Tyrosine Kinases,22,30,1,5622,0.11124287728266836,0.29079278447574713,False,GPNMB,ENSG00000136235,0.32673267326732675
all,REAC,REAC:R-HSA-9664323,FCGR3A-mediated IL10 synthesis,14,30,1,5622,0.0722505040488365,0.29079278447574713,False,PRKAR2A,ENSG00000114302,0.32673267326732675
all,REAC,REAC:R-HSA-182971,EGFR downregulation,16,30,1,5622,0.08215082808357342,0.29079278447574713,False,SH3GL3,ENSG00000140600,0.32673267326732675
all,REAC,REAC:R-HSA-212676,Dopamine Neurotransmitter Release Cycle,17,30,1,5622,0.08706261459043978,0.29079278447574713,False,PPFIA4,ENSG00000143847,0.32673267326732675
all,REAC,REAC:R-HSA-3769402,Deactivation of the beta-catenin transactivating complex,21,30,1,5622,0.10645689385392676,0.29079278447574713,False,SOX6,ENSG00000110693,0.32673267326732675
all,REAC,REAC:R-HSA-442720,CREB1 phosphorylation through the activation of Adenylate Cyclase,7,30,1,5622,0.03677989129767676,0.29079278447574713,False,PRKAR2A,ENSG00000114302,0.32673267326732675
all,REAC,REAC:R-HSA-111996,Ca-dependent events,20,30,1,5622,0.10164600132263059,0.29079278447574713,False,PRKAR2A,ENSG00000114302,0.32673267326732675
all,REAC,REAC:R-HSA-9010642,ROBO receptors bind AKAP5,6,30,1,5622,0.031606850971670736,0.29079278447574713,False,PRKAR2A,ENSG00000114302,0.32673267326732675
all,REAC,REAC:R-HSA-388844,Receptor-type tyrosine-protein phosphatases,12,30,1,5622,0.062246987491742026,0.29079278447574713,False,PPFIA4,ENSG00000143847,0.32673267326732675
all,REAC,REAC:R-HSA-6804760,Regulation of TP53 Activity through Methylation,10,30,1,5622,0.05213924028376707,0.29079278447574713,False,L3MBTL1,ENSG00000185513,0.32673267326732675
all,REAC,REAC:R-HSA-422356,Regulation of insulin secretion,37,30,2,5622,0.01632925650048582,0.29079278447574713,False,"PRKAR2A, CACNA1A","ENSG00000114302, ENSG00000141837",0.32673267326732675
all,REAC,REAC:R-HSA-3371568,Attenuation phase,7,30,1,5622,0.03677989129767676,0.29079278447574713,False,DNAJB1,ENSG00000132002,0.32673267326732675
all,REAC,REAC:R-HSA-445717,Aquaporin-mediated transport,22,30,1,5622,0.11124287728266836,0.29079278447574713,False,PRKAR2A,ENSG00000114302,0.32673267326732675
all,REAC,REAC:R-HSA-8848021,Signaling by PTK6,22,30,1,5622,0.11124287728266836,0.29079278447574713,False,GPNMB,ENSG00000136235,0.32673267326732675
all,REAC,REAC:R-HSA-9660821,ADORA2B mediated anti-inflammatory cytokines production,21,30,1,5622,0.10645689385392676,0.29079278447574713,False,PRKAR2A,ENSG00000114302,0.32673267326732675
all,REAC,REAC:R-HSA-111997,CaM pathway,19,30,1,5622,0.09681007453987066,0.29079278447574713,False,PRKAR2A,ENSG00000114302,0.32673267326732675
all,REAC,REAC:R-HSA-111933,Calmodulin induced events,19,30,1,5622,0.09681007453987066,0.29079278447574713,False,PRKAR2A,ENSG00000114302,0.32673267326732675
all,REAC,REAC:R-HSA-162582,Signal Transduction,889,30,9,5622,0.03727387549729083,0.29079278447574713,False,"CFLAR, SOX6, PRKAR2A, DNAJB1, GPNMB, SSTR1, SH3GL3, SCAI, TRRAP","ENSG00000003402, ENSG00000110693, ENSG00000114302, ENSG00000132002, ENSG00000136235, ENSG00000139874, ENSG00000140600, ENSG00000173611, ENSG00000196367",0.32673267326732675
all,REAC,REAC:R-HSA-264642,Acetylcholine Neurotransmitter Release Cycle,10,30,1,5622,0.05213924028376707,0.29079278447574713,False,PPFIA4,ENSG00000143847,0.32673267326732675
all,REAC,REAC:R-HSA-9700645,ALK mutants bind TKIs,8,30,1,5622,0.04192621422930092,0.29079278447574713,False,BCL11A,ENSG00000119866,0.32673267326732675
all,REAC,REAC:R-HSA-181429,Serotonin Neurotransmitter Release Cycle,13,30,1,5622,0.06726170948376482,0.29079278447574713,False,PPFIA4,ENSG00000143847,0.32673267326732675
all,REAC,REAC:0000000,REACTOME root term,3626,30,24,5622,0.05184950435864746,0.29079278447574713,False,"CFLAR, CPNE3, FUS, LGMN, CALB1, SOX6, PRKAR2A, BCL11A, DNAJB1, PLXNC1, GPNMB, SSTR1, SH3GL3, CACNA1A, PPFIA4, CNTN4, MANF, USP12, ICE1, ELOVL7, SCAI, L3MBTL1, TRRAP, GSTK1","ENSG00000003402, ENSG00000085719, ENSG00000089280, ENSG00000100600, ENSG00000104327, ENSG00000110693, ENSG00000114302, ENSG00000119866, ENSG00000132002, ENSG00000136040, ENSG00000136235, ENSG00000139874, ENSG00000140600, ENSG00000141837, ENSG00000143847, ENSG00000144619, ENSG00000145050, ENSG00000152484, ENSG00000164151, ENSG00000164181, ENSG00000173611, ENSG00000185513, ENSG00000196367, ENSG00000197448",0.32673267326732675
all,REAC,REAC:R-HSA-201681,TCF dependent signaling in response to WNT,85,30,2,5622,0.0748202497021888,0.29079278447574713,False,"SOX6, TRRAP","ENSG00000110693, ENSG00000196367",0.32673267326732675
all,REAC,REAC:R-HSA-196791,Vitamin D (calciferol) metabolism,3,30,1,5622,0.015926083411465432,0.29079278447574713,False,LGMN,ENSG00000100600,0.32673267326732675
all,REAC,REAC:R-HSA-432040,Vasopressin regulates renal water homeostasis via Aquaporins,21,30,1,5622,0.10645689385392676,0.29079278447574713,False,PRKAR2A,ENSG00000114302,0.32673267326732675
all,REAC,REAC:R-HSA-5689880,Ub-specific processing proteases,94,30,2,5622,0.08897609993422717,0.29079278447574713,False,"USP12, TRRAP","ENSG00000152484, ENSG00000196367",0.32673267326732675
all,REAC,REAC:R-HSA-112315,Transmission across Chemical Synapses,132,30,3,5622,0.03236481868253621,0.29079278447574713,False,"PRKAR2A, CACNA1A, PPFIA4","ENSG00000114302, ENSG00000141837, ENSG00000143847",0.32673267326732675
all,REAC,REAC:R-HSA-1679131,Trafficking and processing of endosomal TLR,4,30,1,5622,0.021180081898323593,0.29079278447574713,False,LGMN,ENSG00000100600,0.32673267326732675
all,REAC,REAC:R-HSA-75876,Synthesis of very long-chain fatty acyl-CoAs,10,30,1,5622,0.05213924028376707,0.29079278447574713,False,ELOVL7,ENSG00000164181,0.32673267326732675
all,REAC,REAC:R-HSA-75158,TRAIL  signaling,1,30,1,5622,0.005336179295624333,0.29079278447574713,False,CFLAR,ENSG00000003402,0.32673267326732675
all,GO:BP,GO:0050771,negative regulation of axonogenesis,26,30,1,5622,0.13014020189015213,0.29253005907325824,False,BCL11A,ENSG00000119866,0.32673267326732675
all,GO:BP,GO:0097106,postsynaptic density organization,26,30,1,5622,0.13014020189015213,0.29253005907325824,False,ZMYND8,ENSG00000101040,0.32673267326732675
all,GO:BP,GO:0042551,neuron maturation,26,30,1,5622,0.13014020189015213,0.29253005907325824,False,ADGRB3,ENSG00000135298,0.32673267326732675
all,GO:BP,GO:0032922,circadian regulation of gene expression,26,30,1,5622,0.13014020189015213,0.29253005907325824,False,RBM4B,ENSG00000173914,0.32673267326732675
all,GO:BP,GO:0034331,cell junction maintenance,26,30,1,5622,0.13014020189015213,0.29253005907325824,False,ADGRB3,ENSG00000135298,0.32673267326732675
all,GO:CC,GO:0031907,microbody lumen,19,30,1,5622,0.09681007453987066,0.29308255442892256,False,GSTK1,ENSG00000197448,0.32673267326732675
all,GO:CC,GO:0005782,peroxisomal matrix,19,30,1,5622,0.09681007453987066,0.29308255442892256,False,GSTK1,ENSG00000197448,0.32673267326732675
all,GO:MF,GO:0016209,antioxidant activity,22,30,1,5622,0.11124287728266836,0.2945586046357979,False,GSTK1,ENSG00000197448,0.32673267326732675
all,GO:MF,GO:0008083,growth factor activity,22,30,1,5622,0.11124287728266836,0.2945586046357979,False,MANF,ENSG00000145050,0.32673267326732675
all,WP,WP:WP231,TNF alpha signaling,42,30,1,5622,0.2019191135989695,0.2953817071836521,False,CFLAR,ENSG00000003402,0.32673267326732675
all,WP,WP:WP5224,2q37 copy number variation syndrome,43,30,1,5622,0.2062098710527384,0.2953817071836521,False,CFLAR,ENSG00000003402,0.32673267326732675
all,GO:CC,GO:0043005,neuron projection,612,30,6,5622,0.10039542264833615,0.29548592446686484,False,"ZMYND8, CALB1, DNAJB1, SSTR1, CNTN4, CALB2","ENSG00000101040, ENSG00000104327, ENSG00000132002, ENSG00000139874, ENSG00000144619, ENSG00000172137",0.32673267326732675
all,GO:CC,GO:0099572,postsynaptic specialization,210,30,3,5622,0.09977843495748819,0.29548592446686484,False,"DNAJB1, ADGRB3, SH3GL3","ENSG00000132002, ENSG00000135298, ENSG00000140600",0.32673267326732675
all,GO:CC,GO:0005615,extracellular space,915,30,8,5622,0.10161506904742863,0.29548592446686484,False,"CPNE3, LGMN, CALB1, PRKAR2A, DNAJB1, MANF, C11orf54, GSTK1","ENSG00000085719, ENSG00000100600, ENSG00000104327, ENSG00000114302, ENSG00000132002, ENSG00000145050, ENSG00000182919, ENSG00000197448",0.32673267326732675
all,REAC,REAC:R-HSA-9033241,Peroxisomal protein import,23,30,1,5622,0.11600407615436842,0.2980104715000144,False,GSTK1,ENSG00000197448,0.32673267326732675
all,GO:BP,GO:1903555,regulation of tumor necrosis factor superfamily cytokine production,28,30,1,5622,0.13944261936443392,0.29893170474703507,False,GPNMB,ENSG00000136235,0.32673267326732675
all,GO:BP,GO:0032680,regulation of tumor necrosis factor production,28,30,1,5622,0.13944261936443392,0.29893170474703507,False,GPNMB,ENSG00000136235,0.32673267326732675
all,GO:BP,GO:1902373,negative regulation of mRNA catabolic process,28,30,1,5622,0.13944261936443392,0.29893170474703507,False,FUS,ENSG00000089280,0.32673267326732675
all,GO:BP,GO:0032640,tumor necrosis factor production,28,30,1,5622,0.13944261936443392,0.29893170474703507,False,GPNMB,ENSG00000136235,0.32673267326732675
all,GO:BP,GO:0043410,positive regulation of MAPK cascade,122,30,2,5622,0.1373014976447656,0.29893170474703507,False,"CFLAR, GPNMB","ENSG00000003402, ENSG00000136235",0.32673267326732675
all,GO:BP,GO:0034605,cellular response to heat,28,30,1,5622,0.13944261936443392,0.29893170474703507,False,DNAJB1,ENSG00000132002,0.32673267326732675
all,GO:BP,GO:1903038,negative regulation of leukocyte cell-cell adhesion,27,30,1,5622,0.13480349601868957,0.29893170474703507,False,GPNMB,ENSG00000136235,0.32673267326732675
all,GO:BP,GO:0090288,negative regulation of cellular response to growth factor stimulus,28,30,1,5622,0.13944261936443392,0.29893170474703507,False,CFLAR,ENSG00000003402,0.32673267326732675
all,GO:BP,GO:0007166,cell surface receptor signaling pathway,825,30,7,5622,0.13969588934032157,0.29893170474703507,False,"CFLAR, CPNE3, LGMN, ZMYND8, ADGRB3, PLXNC1, SSTR1","ENSG00000003402, ENSG00000085719, ENSG00000100600, ENSG00000101040, ENSG00000135298, ENSG00000136040, ENSG00000139874",0.32673267326732675
all,GO:BP,GO:0061564,axon development,241,30,3,5622,0.1355535068609514,0.29893170474703507,False,"BCL11A, PLXNC1, CNTN4","ENSG00000119866, ENSG00000136040, ENSG00000144619",0.32673267326732675
all,GO:BP,GO:0002062,chondrocyte differentiation,28,30,1,5622,0.13944261936443392,0.29893170474703507,False,SOX6,ENSG00000110693,0.32673267326732675
all,GO:BP,GO:1904019,epithelial cell apoptotic process,27,30,1,5622,0.13480349601868957,0.29893170474703507,False,CFLAR,ENSG00000003402,0.32673267326732675
all,GO:BP,GO:1901184,regulation of ERBB signaling pathway,27,30,1,5622,0.13480349601868957,0.29893170474703507,False,LGMN,ENSG00000100600,0.32673267326732675
all,GO:BP,GO:0071616,acyl-CoA biosynthetic process,28,30,1,5622,0.13944261936443392,0.29893170474703507,False,ELOVL7,ENSG00000164181,0.32673267326732675
all,GO:BP,GO:0072009,nephron epithelium development,28,30,1,5622,0.13944261936443392,0.29893170474703507,False,CALB1,ENSG00000104327,0.32673267326732675
all,GO:BP,GO:0016925,protein sumoylation,28,30,1,5622,0.13944261936443392,0.29893170474703507,False,BCL11A,ENSG00000119866,0.32673267326732675
all,GO:BP,GO:0051252,regulation of RNA metabolic process,1135,30,9,5622,0.13386041645201469,0.29893170474703507,False,"FUS, ZMYND8, SOX6, BCL11A, DNAJB1, ICE1, SCAI, L3MBTL1, TRRAP","ENSG00000089280, ENSG00000101040, ENSG00000110693, ENSG00000119866, ENSG00000132002, ENSG00000164151, ENSG00000173611, ENSG00000185513, ENSG00000196367",0.32673267326732675
all,GO:BP,GO:0060537,muscle tissue development,122,30,2,5622,0.1373014976447656,0.29893170474703507,False,"CFLAR, SOX6","ENSG00000003402, ENSG00000110693",0.32673267326732675
all,GO:BP,GO:0071706,tumor necrosis factor superfamily cytokine production,28,30,1,5622,0.13944261936443392,0.29893170474703507,False,GPNMB,ENSG00000136235,0.32673267326732675
all,GO:BP,GO:0010657,muscle cell apoptotic process,27,30,1,5622,0.13480349601868957,0.29893170474703507,False,CFLAR,ENSG00000003402,0.32673267326732675
all,GO:BP,GO:0008625,extrinsic apoptotic signaling pathway via death domain receptors,28,30,1,5622,0.13944261936443392,0.29893170474703507,False,CFLAR,ENSG00000003402,0.32673267326732675
all,GO:BP,GO:0051489,regulation of filopodium assembly,28,30,1,5622,0.13944261936443392,0.29893170474703507,False,ZMYND8,ENSG00000101040,0.32673267326732675
all,GO:BP,GO:0051058,negative regulation of small GTPase mediated signal transduction,27,30,1,5622,0.13480349601868957,0.29893170474703507,False,SCAI,ENSG00000173611,0.32673267326732675
all,GO:BP,GO:0008380,RNA splicing,247,30,3,5622,0.14295310457556965,0.3041255797391607,False,"FUS, RBM4B, TRRAP","ENSG00000089280, ENSG00000173914, ENSG00000196367",0.32673267326732675
all,GO:BP,GO:0040014,regulation of multicellular organism growth,29,30,1,5622,0.14405769291092418,0.3041255797391607,False,LGMN,ENSG00000100600,0.32673267326732675
all,GO:BP,GO:0045806,negative regulation of endocytosis,29,30,1,5622,0.14405769291092418,0.3041255797391607,False,SH3GL3,ENSG00000140600,0.32673267326732675
all,GO:BP,GO:0032968,positive regulation of transcription elongation by RNA polymerase II,29,30,1,5622,0.14405769291092418,0.3041255797391607,False,ZMYND8,ENSG00000101040,0.32673267326732675
all,GO:BP,GO:0042129,regulation of T cell proliferation,29,30,1,5622,0.14405769291092418,0.3041255797391607,False,GPNMB,ENSG00000136235,0.32673267326732675
all,GO:BP,GO:0098869,cellular oxidant detoxification,29,30,1,5622,0.14405769291092418,0.3041255797391607,False,GSTK1,ENSG00000197448,0.32673267326732675
all,GO:BP,GO:1901699,cellular response to nitrogen compound,248,30,3,5622,0.14420003097876294,0.3041255797391607,False,"CFLAR, LGMN, CACNA1A","ENSG00000003402, ENSG00000100600, ENSG00000141837",0.32673267326732675
all,REAC,REAC:R-HSA-977225,Amyloid fiber formation,24,30,1,5622,0.12074061441394496,0.30492121267250494,False,CALB1,ENSG00000104327,0.32673267326732675
all,GO:BP,GO:0006366,transcription by RNA polymerase II,833,30,7,5622,0.14501325671611723,0.3052127066406983,False,"FUS, ZMYND8, SOX6, BCL11A, DNAJB1, ICE1, TRRAP","ENSG00000089280, ENSG00000101040, ENSG00000110693, ENSG00000119866, ENSG00000132002, ENSG00000164151, ENSG00000196367",0.32673267326732675
all,GO:BP,GO:0048583,regulation of response to stimulus,1321,30,10,5622,0.14535779487661984,0.30531094210765486,False,"CFLAR, FUS, LGMN, ZMYND8, PRKAR2A, DNAJB1, GPNMB, MANF, SCAI, TRRAP","ENSG00000003402, ENSG00000089280, ENSG00000100600, ENSG00000101040, ENSG00000114302, ENSG00000132002, ENSG00000136235, ENSG00000145050, ENSG00000173611, ENSG00000196367",0.32673267326732675
all,GO:BP,GO:0099173,postsynapse organization,127,30,2,5622,0.14647277209848975,0.3070237042964254,False,"LGMN, ZMYND8","ENSG00000100600, ENSG00000101040",0.32673267326732675
all,GO:MF,GO:0005515,protein binding,4963,30,29,5622,0.11767724564291714,0.3072683636231726,False,"CFLAR, IBTK, CPNE3, FUS, LGMN, ZMYND8, CALB1, SOX6, PRKAR2A, BCL11A, DNAJB1, ADGRB3, PLXNC1, GPNMB, SSTR1, SH3GL3, CACNA1A, PPFIA4, CNTN4, MANF, USP12, ICE1, ELOVL7, SCAI, RBM4B, C11orf54, L3MBTL1, TRRAP, GSTK1","ENSG00000003402, ENSG00000005700, ENSG00000085719, ENSG00000089280, ENSG00000100600, ENSG00000101040, ENSG00000104327, ENSG00000110693, ENSG00000114302, ENSG00000119866, ENSG00000132002, ENSG00000135298, ENSG00000136040, ENSG00000136235, ENSG00000139874, ENSG00000140600, ENSG00000141837, ENSG00000143847, ENSG00000144619, ENSG00000145050, ENSG00000152484, ENSG00000164151, ENSG00000164181, ENSG00000173611, ENSG00000173914, ENSG00000182919, ENSG00000185513, ENSG00000196367, ENSG00000197448",0.32673267326732675
all,GO:BP,GO:0010629,negative regulation of gene expression,386,30,4,5622,0.14691264263780418,0.3073172626607129,False,"FUS, LGMN, GPNMB, L3MBTL1","ENSG00000089280, ENSG00000100600, ENSG00000136235, ENSG00000185513",0.32673267326732675
all,GO:BP,GO:0051250,negative regulation of lymphocyte activation,30,30,1,5622,0.14864883705765627,0.3078081979476719,False,GPNMB,ENSG00000136235,0.32673267326732675
all,GO:BP,GO:0098815,modulation of excitatory postsynaptic potential,30,30,1,5622,0.14864883705765627,0.3078081979476719,False,ZMYND8,ENSG00000101040,0.32673267326732675
all,GO:BP,GO:0007088,regulation of mitotic nuclear division,30,30,1,5622,0.14864883705765627,0.3078081979476719,False,L3MBTL1,ENSG00000185513,0.32673267326732675
all,GO:BP,GO:0048468,cell development,997,30,8,5622,0.1480945559974634,0.3078081979476719,False,"CFLAR, ZMYND8, BCL11A, ADGRB3, PLXNC1, CNTN4, MANF, L3MBTL1","ENSG00000003402, ENSG00000101040, ENSG00000119866, ENSG00000135298, ENSG00000136040, ENSG00000144619, ENSG00000145050, ENSG00000185513",0.32673267326732675
all,GO:BP,GO:0043500,muscle adaptation,30,30,1,5622,0.14864883705765627,0.3078081979476719,False,CFLAR,ENSG00000003402,0.32673267326732675
all,GO:CC,GO:0043230,extracellular organelle,795,30,7,5622,0.1207002549515536,0.31017158539875994,False,"CPNE3, LGMN, CALB1, PRKAR2A, DNAJB1, C11orf54, GSTK1","ENSG00000085719, ENSG00000100600, ENSG00000104327, ENSG00000114302, ENSG00000132002, ENSG00000182919, ENSG00000197448",0.32673267326732675
all,GO:CC,GO:0065010,extracellular membrane-bounded organelle,795,30,7,5622,0.1207002549515536,0.31017158539875994,False,"CPNE3, LGMN, CALB1, PRKAR2A, DNAJB1, C11orf54, GSTK1","ENSG00000085719, ENSG00000100600, ENSG00000104327, ENSG00000114302, ENSG00000132002, ENSG00000182919, ENSG00000197448",0.32673267326732675
all,GO:CC,GO:0070461,SAGA-type complex,23,30,1,5622,0.11600407615436842,0.31017158539875994,False,TRRAP,ENSG00000196367,0.32673267326732675
all,GO:CC,GO:0070062,extracellular exosome,783,30,7,5622,0.1135280188049659,0.31017158539875994,False,"CPNE3, LGMN, CALB1, PRKAR2A, DNAJB1, C11orf54, GSTK1","ENSG00000085719, ENSG00000100600, ENSG00000104327, ENSG00000114302, ENSG00000132002, ENSG00000182919, ENSG00000197448",0.32673267326732675
all,GO:CC,GO:0140168,nuclear ribonucleoprotein granule,225,30,3,5622,0.11654888088714974,0.31017158539875994,False,"BCL11A, ICE1, RBM4B","ENSG00000119866, ENSG00000164151, ENSG00000173914",0.32673267326732675
all,GO:CC,GO:1902562,H4 histone acetyltransferase complex,23,30,1,5622,0.11600407615436842,0.31017158539875994,False,TRRAP,ENSG00000196367,0.32673267326732675
all,GO:CC,GO:1903561,extracellular vesicle,795,30,7,5622,0.1207002549515536,0.31017158539875994,False,"CPNE3, LGMN, CALB1, PRKAR2A, DNAJB1, C11orf54, GSTK1","ENSG00000085719, ENSG00000100600, ENSG00000104327, ENSG00000114302, ENSG00000132002, ENSG00000182919, ENSG00000197448",0.32673267326732675
all,GO:CC,GO:0043198,dendritic shaft,22,30,1,5622,0.11124287728266836,0.31017158539875994,False,ZMYND8,ENSG00000101040,0.32673267326732675
all,GO:CC,GO:0000791,euchromatin,22,30,1,5622,0.11124287728266836,0.31017158539875994,False,ICE1,ENSG00000164151,0.32673267326732675
all,GO:CC,GO:0043025,neuronal cell body,223,30,3,5622,0.11425202619028114,0.31017158539875994,False,"CALB1, DNAJB1, CACNA1A","ENSG00000104327, ENSG00000132002, ENSG00000141837",0.32673267326732675
all,GO:MF,GO:0030544,Hsp70 protein binding,24,30,1,5622,0.12074061441394496,0.31094843164139235,False,DNAJB1,ENSG00000132002,0.32673267326732675
all,WP,WP:WP2884,NRF2 pathway,47,30,1,5622,0.22315098141441048,0.31123689513062525,False,DNAJB1,ENSG00000132002,0.32673267326732675
all,REAC,REAC:R-HSA-198725,Nuclear Events (kinase and transcription factor activation),25,30,1,5622,0.1254526154085111,0.31154066159780247,False,SH3GL3,ENSG00000140600,0.32673267326732675
all,GO:MF,GO:0019207,kinase regulator activity,114,30,2,5622,0.12292919809828494,0.3123066113848323,False,"IBTK, PRKAR2A","ENSG00000005700, ENSG00000114302",0.32673267326732675
all,REAC,REAC:R-HSA-112043,PLC beta mediated events,26,30,1,5622,0.13014020189015213,0.3127562916392362,False,PRKAR2A,ENSG00000114302,0.32673267326732675
all,REAC,REAC:R-HSA-156580,Phase II - Conjugation of compounds,26,30,1,5622,0.13014020189015213,0.3127562916392362,False,GSTK1,ENSG00000197448,0.32673267326732675
all,REAC,REAC:R-HSA-9662851,Anti-inflammatory response favouring Leishmania parasite infection,27,30,1,5622,0.13480349601868957,0.3138393891685117,False,PRKAR2A,ENSG00000114302,0.32673267326732675
all,REAC,REAC:R-HSA-9664433,Leishmania parasite growth and survival,27,30,1,5622,0.13480349601868957,0.3138393891685117,False,PRKAR2A,ENSG00000114302,0.32673267326732675
all,GO:BP,GO:0051726,regulation of cell cycle,391,30,4,5622,0.1519178724530204,0.31394318400069765,False,"LGMN, GPNMB, L3MBTL1, TRRAP","ENSG00000100600, ENSG00000136235, ENSG00000185513, ENSG00000196367",0.32673267326732675
all,GO:CC,GO:0035577,azurophil granule membrane,25,30,1,5622,0.1254526154085111,0.31402115715715717,False,CPNE3,ENSG00000085719,0.32673267326732675
all,GO:CC,GO:0098686,hippocampal mossy fiber to CA3 synapse,25,30,1,5622,0.1254526154085111,0.31402115715715717,False,CALB1,ENSG00000104327,0.32673267326732675
all,GO:CC,GO:0042995,cell projection,961,30,8,5622,0.12646100899089138,0.31402115715715717,False,"ZMYND8, CALB1, PRKAR2A, DNAJB1, SSTR1, CACNA1A, CNTN4, CALB2","ENSG00000101040, ENSG00000104327, ENSG00000114302, ENSG00000132002, ENSG00000139874, ENSG00000141837, ENSG00000144619, ENSG00000172137",0.32673267326732675
all,GO:BP,GO:2000736,regulation of stem cell differentiation,31,30,1,5622,0.15321617162279758,0.3140931518267345,False,SOX6,ENSG00000110693,0.32673267326732675
all,GO:BP,GO:0045666,positive regulation of neuron differentiation,31,30,1,5622,0.15321617162279758,0.3140931518267345,False,SH3GL3,ENSG00000140600,0.32673267326732675
all,GO:BP,GO:0010595,positive regulation of endothelial cell migration,31,30,1,5622,0.15321617162279758,0.3140931518267345,False,LGMN,ENSG00000100600,0.32673267326732675
all,GO:BP,GO:0060998,regulation of dendritic spine development,31,30,1,5622,0.15321617162279758,0.3140931518267345,False,ZMYND8,ENSG00000101040,0.32673267326732675
all,REAC,REAC:R-HSA-177929,Signaling by EGFR,28,30,1,5622,0.13944261936443392,0.3148022770500092,False,SH3GL3,ENSG00000140600,0.32673267326732675
all,REAC,REAC:R-HSA-5688426,Deubiquitination,123,30,2,5622,0.13912479329176214,0.3148022770500092,False,"USP12, TRRAP","ENSG00000152484, ENSG00000196367",0.32673267326732675
all,REAC,REAC:R-HSA-112310,Neurotransmitter release cycle,30,30,1,5622,0.14864883705765627,0.31640966745129673,False,PPFIA4,ENSG00000143847,0.32673267326732675
all,REAC,REAC:R-HSA-112040,G-protein mediated events,30,30,1,5622,0.14864883705765627,0.31640966745129673,False,PRKAR2A,ENSG00000114302,0.32673267326732675
all,REAC,REAC:R-HSA-388396,GPCR downstream signalling,126,30,2,5622,0.14462776787891618,0.31640966745129673,False,"PRKAR2A, SSTR1","ENSG00000114302, ENSG00000139874",0.32673267326732675
all,REAC,REAC:R-HSA-195721,Signaling by WNT,127,30,2,5622,0.14647277209848975,0.31640966745129673,False,"SOX6, TRRAP","ENSG00000110693, ENSG00000196367",0.32673267326732675
all,GO:BP,GO:1901701,cellular response to oxygen-containing compound,394,30,4,5622,0.1549540099709261,0.31702167708622647,False,"CFLAR, LGMN, SSTR1, CACNA1A","ENSG00000003402, ENSG00000100600, ENSG00000139874, ENSG00000141837",0.32673267326732675
all,GO:BP,GO:0002687,positive regulation of leukocyte migration,32,30,1,5622,0.15775981584589108,0.3189424284852822,False,LGMN,ENSG00000100600,0.32673267326732675
all,GO:BP,GO:0043489,RNA stabilization,32,30,1,5622,0.15775981584589108,0.3189424284852822,False,FUS,ENSG00000089280,0.32673267326732675
all,GO:BP,GO:0050921,positive regulation of chemotaxis,32,30,1,5622,0.15775981584589108,0.3189424284852822,False,LGMN,ENSG00000100600,0.32673267326732675
all,GO:BP,GO:0007416,synapse assembly,133,30,2,5622,0.15764775437861597,0.3189424284852822,False,"ADGRB3, PLXNC1","ENSG00000135298, ENSG00000136040",0.32673267326732675
all,GO:BP,GO:0051965,positive regulation of synapse assembly,32,30,1,5622,0.15775981584589108,0.3189424284852822,False,ADGRB3,ENSG00000135298,0.32673267326732675
all,GO:BP,GO:0048638,regulation of developmental growth,133,30,2,5622,0.15764775437861597,0.3189424284852822,False,"LGMN, BCL11A","ENSG00000100600, ENSG00000119866",0.32673267326732675
all,GO:BP,GO:0048589,developmental growth,259,30,3,5622,0.15816176463638287,0.31912560778010324,False,"CFLAR, LGMN, BCL11A","ENSG00000003402, ENSG00000100600, ENSG00000119866",0.32673267326732675
all,GO:CC,GO:0034704,calcium channel complex,26,30,1,5622,0.13014020189015213,0.3195664957524843,False,CACNA1A,ENSG00000141837,0.32673267326732675
all,WP,WP:WP35,G protein signaling,50,30,1,5622,0.23562690336434525,0.32021091995667444,False,PRKAR2A,ENSG00000114302,0.32673267326732675
all,GO:BP,GO:0099084,postsynaptic specialization organization,33,30,1,5622,0.16227988839054636,0.3242434417160043,False,ZMYND8,ENSG00000101040,0.32673267326732675
all,GO:BP,GO:0003014,renal system process,33,30,1,5622,0.16227988839054636,0.3242434417160043,False,LGMN,ENSG00000100600,0.32673267326732675
all,GO:BP,GO:0046847,filopodium assembly,33,30,1,5622,0.16227988839054636,0.3242434417160043,False,ZMYND8,ENSG00000101040,0.32673267326732675
all,GO:BP,GO:0051384,response to glucocorticoid,33,30,1,5622,0.16227988839054636,0.3242434417160043,False,CFLAR,ENSG00000003402,0.32673267326732675
all,GO:BP,GO:0006984,ER-nucleus signaling pathway,33,30,1,5622,0.16227988839054636,0.3242434417160043,False,MANF,ENSG00000145050,0.32673267326732675
all,GO:CC,GO:0016604,nuclear body,373,30,4,5622,0.13423159000035814,0.3259910042865841,False,"BCL11A, ICE1, RBM4B, C11orf54","ENSG00000119866, ENSG00000164151, ENSG00000173914, ENSG00000182919",0.32673267326732675
all,GO:MF,GO:0140693,molecular condensate scaffold activity,26,30,1,5622,0.13014020189015213,0.3262181060713143,False,FUS,ENSG00000089280,0.32673267326732675
all,REAC,REAC:R-HSA-373755,Semaphorin interactions,33,30,1,5622,0.16227988839054636,0.32675274824583017,False,PLXNC1,ENSG00000136040,0.32673267326732675
all,REAC,REAC:R-HSA-3371497,HSP90 chaperone cycle for steroid hormone receptors (SHR) in the presence of ligand,33,30,1,5622,0.16227988839054636,0.32675274824583017,False,DNAJB1,ENSG00000132002,0.32673267326732675
all,REAC,REAC:R-HSA-418555,G alpha (s) signalling events,33,30,1,5622,0.16227988839054636,0.32675274824583017,False,PRKAR2A,ENSG00000114302,0.32673267326732675
all,REAC,REAC:R-HSA-372790,Signaling by GPCR,135,30,2,5622,0.161410334381486,0.32675274824583017,False,"PRKAR2A, SSTR1","ENSG00000114302, ENSG00000139874",0.32673267326732675
all,GO:BP,GO:0006816,calcium ion transport,137,30,2,5622,0.16519040663884535,0.32813985814886926,False,"IBTK, CACNA1A","ENSG00000005700, ENSG00000141837",0.32673267326732675
all,GO:BP,GO:0070887,cellular response to chemical stimulus,704,30,6,5622,0.16486227569520936,0.32813985814886926,False,"CFLAR, CPNE3, LGMN, SSTR1, CACNA1A, GSTK1","ENSG00000003402, ENSG00000085719, ENSG00000100600, ENSG00000139874, ENSG00000141837, ENSG00000197448",0.32673267326732675
all,GO:BP,GO:0001525,angiogenesis,137,30,2,5622,0.16519040663884535,0.32813985814886926,False,"ADGRB3, GPNMB","ENSG00000135298, ENSG00000136235",0.32673267326732675
all,GO:BP,GO:0072583,clathrin-dependent endocytosis,34,30,1,5622,0.166776507347119,0.32874215390537886,False,SH3GL3,ENSG00000140600,0.32673267326732675
all,GO:BP,GO:0032786,"positive regulation of DNA-templated transcription, elongation",34,30,1,5622,0.166776507347119,0.32874215390537886,False,ZMYND8,ENSG00000101040,0.32673267326732675
all,GO:BP,GO:0035023,regulation of Rho protein signal transduction,34,30,1,5622,0.166776507347119,0.32874215390537886,False,SCAI,ENSG00000173611,0.32673267326732675
all,GO:BP,GO:0007215,glutamate receptor signaling pathway,34,30,1,5622,0.166776507347119,0.32874215390537886,False,SSTR1,ENSG00000139874,0.32673267326732675
all,REAC,REAC:R-HSA-6806834,Signaling by MET,34,30,1,5622,0.166776507347119,0.3313293279296098,False,SH3GL3,ENSG00000140600,0.32673267326732675
all,GO:MF,GO:0005488,binding,5265,30,30,5622,0.13897581655467484,0.33183813215839886,False,"CFLAR, IBTK, CPNE3, FUS, LGMN, ZMYND8, CALB1, SOX6, PRKAR2A, BCL11A, DNAJB1, ADGRB3, PLXNC1, GPNMB, SSTR1, SH3GL3, CACNA1A, PPFIA4, CNTN4, MANF, USP12, ICE1, ELOVL7, CALB2, SCAI, RBM4B, C11orf54, L3MBTL1, TRRAP, GSTK1","ENSG00000003402, ENSG00000005700, ENSG00000085719, ENSG00000089280, ENSG00000100600, ENSG00000101040, ENSG00000104327, ENSG00000110693, ENSG00000114302, ENSG00000119866, ENSG00000132002, ENSG00000135298, ENSG00000136040, ENSG00000136235, ENSG00000139874, ENSG00000140600, ENSG00000141837, ENSG00000143847, ENSG00000144619, ENSG00000145050, ENSG00000152484, ENSG00000164151, ENSG00000164181, ENSG00000172137, ENSG00000173611, ENSG00000173914, ENSG00000182919, ENSG00000185513, ENSG00000196367, ENSG00000197448",0.32673267326732675
all,GO:MF,GO:0031491,nucleosome binding,28,30,1,5622,0.13944261936443392,0.33183813215839886,False,L3MBTL1,ENSG00000185513,0.32673267326732675
all,GO:MF,GO:0050839,cell adhesion molecule binding,243,30,3,5622,0.1380042256001399,0.33183813215839886,False,"DNAJB1, GPNMB, CNTN4","ENSG00000132002, ENSG00000136235, ENSG00000144619",0.32673267326732675
all,GO:MF,GO:0048306,calcium-dependent protein binding,28,30,1,5622,0.13944261936443392,0.33183813215839886,False,CPNE3,ENSG00000085719,0.32673267326732675
all,GO:MF,GO:0030971,receptor tyrosine kinase binding,29,30,1,5622,0.14405769291092418,0.3326902543671353,False,CPNE3,ENSG00000085719,0.32673267326732675
all,GO:MF,GO:0019901,protein kinase binding,250,30,3,5622,0.14670531901010297,0.3326902543671353,False,"IBTK, CPNE3, PRKAR2A","ENSG00000005700, ENSG00000085719, ENSG00000114302",0.32673267326732675
all,GO:MF,GO:0030234,enzyme regulator activity,526,30,5,5622,0.1433774121924099,0.3326902543671353,False,"CFLAR, IBTK, LGMN, PRKAR2A, ADGRB3","ENSG00000003402, ENSG00000005700, ENSG00000100600, ENSG00000114302, ENSG00000135298",0.32673267326732675
all,GO:MF,GO:0051018,protein kinase A binding,30,30,1,5622,0.14864883705765627,0.3326902543671353,False,PRKAR2A,ENSG00000114302,0.32673267326732675
all,GO:MF,GO:0019842,vitamin binding,30,30,1,5622,0.14864883705765627,0.3326902543671353,False,CALB1,ENSG00000104327,0.32673267326732675
all,GO:BP,GO:0097746,blood vessel diameter maintenance,35,30,1,5622,0.17124979023537706,0.3337091919985952,False,MANF,ENSG00000145050,0.32673267326732675
all,GO:BP,GO:0035296,regulation of tube diameter,35,30,1,5622,0.17124979023537706,0.3337091919985952,False,MANF,ENSG00000145050,0.32673267326732675
all,GO:BP,GO:0034502,protein localization to chromosome,35,30,1,5622,0.17124979023537706,0.3337091919985952,False,ZMYND8,ENSG00000101040,0.32673267326732675
all,GO:BP,GO:0002695,negative regulation of leukocyte activation,35,30,1,5622,0.17124979023537706,0.3337091919985952,False,GPNMB,ENSG00000136235,0.32673267326732675
all,GO:BP,GO:0071675,regulation of mononuclear cell migration,35,30,1,5622,0.17124979023537706,0.3337091919985952,False,LGMN,ENSG00000100600,0.32673267326732675
all,GO:BP,GO:0035150,regulation of tube size,35,30,1,5622,0.17124979023537706,0.3337091919985952,False,MANF,ENSG00000145050,0.32673267326732675
all,GO:BP,GO:0045893,positive regulation of DNA-templated transcription,559,30,5,5622,0.17208693337735698,0.3347041873089013,False,"FUS, ZMYND8, BCL11A, ICE1, TRRAP","ENSG00000089280, ENSG00000101040, ENSG00000119866, ENSG00000164151, ENSG00000196367",0.32673267326732675
all,GO:MF,GO:0008047,enzyme activator activity,254,30,3,5622,0.15176078344453464,0.3356591445596767,False,"CFLAR, LGMN, ADGRB3","ENSG00000003402, ENSG00000100600, ENSG00000135298",0.32673267326732675
all,GO:BP,GO:1902680,positive regulation of RNA biosynthetic process,561,30,5,5622,0.17390036577504978,0.33759067219588235,False,"FUS, ZMYND8, BCL11A, ICE1, TRRAP","ENSG00000089280, ENSG00000101040, ENSG00000119866, ENSG00000164151, ENSG00000196367",0.32673267326732675
all,GO:BP,GO:0048518,positive regulation of biological process,2069,30,14,5622,0.17471333259568467,0.33852772383852037,False,"CFLAR, CPNE3, FUS, LGMN, ZMYND8, SOX6, BCL11A, ADGRB3, PLXNC1, GPNMB, SH3GL3, ICE1, RBM4B, TRRAP","ENSG00000003402, ENSG00000085719, ENSG00000089280, ENSG00000100600, ENSG00000101040, ENSG00000110693, ENSG00000119866, ENSG00000135298, ENSG00000136040, ENSG00000136235, ENSG00000140600, ENSG00000164151, ENSG00000173914, ENSG00000196367",0.32673267326732675
all,GO:CC,GO:0001669,acrosomal vesicle,29,30,1,5622,0.14405769291092418,0.33868883120547066,False,SH3GL3,ENSG00000140600,0.32673267326732675
all,GO:CC,GO:0015030,Cajal body,29,30,1,5622,0.14405769291092418,0.33868883120547066,False,ICE1,ENSG00000164151,0.32673267326732675
all,GO:CC,GO:0008023,transcription elongation factor complex,29,30,1,5622,0.14405769291092418,0.33868883120547066,False,ICE1,ENSG00000164151,0.32673267326732675
all,GO:BP,GO:2001237,negative regulation of extrinsic apoptotic signaling pathway,36,30,1,5622,0.17569985400715776,0.33979688746667247,False,CFLAR,ENSG00000003402,0.32673267326732675
all,GO:MF,GO:0004857,enzyme inhibitor activity,133,30,2,5622,0.15764775437861597,0.34090626872445373,False,"IBTK, PRKAR2A","ENSG00000005700, ENSG00000114302",0.32673267326732675
all,GO:MF,GO:0048156,tau protein binding,32,30,1,5622,0.15775981584589108,0.34090626872445373,False,LGMN,ENSG00000100600,0.32673267326732675
all,GO:MF,GO:0060590,ATPase regulator activity,33,30,1,5622,0.16227988839054636,0.3427934721058735,False,DNAJB1,ENSG00000132002,0.32673267326732675
all,GO:MF,GO:0008201,heparin binding,33,30,1,5622,0.16227988839054636,0.3427934721058735,False,GPNMB,ENSG00000136235,0.32673267326732675
all,GO:BP,GO:0006637,acyl-CoA metabolic process,37,30,1,5622,0.1801268150490097,0.34381747751440406,False,ELOVL7,ENSG00000164181,0.32673267326732675
all,GO:BP,GO:1902369,negative regulation of RNA catabolic process,37,30,1,5622,0.1801268150490097,0.34381747751440406,False,FUS,ENSG00000089280,0.32673267326732675
all,GO:BP,GO:0055007,cardiac muscle cell differentiation,37,30,1,5622,0.1801268150490097,0.34381747751440406,False,SOX6,ENSG00000110693,0.32673267326732675
all,GO:BP,GO:0051783,regulation of nuclear division,37,30,1,5622,0.1801268150490097,0.34381747751440406,False,L3MBTL1,ENSG00000185513,0.32673267326732675
all,GO:BP,GO:0050670,regulation of lymphocyte proliferation,37,30,1,5622,0.1801268150490097,0.34381747751440406,False,GPNMB,ENSG00000136235,0.32673267326732675
all,GO:BP,GO:0048593,camera-type eye morphogenesis,37,30,1,5622,0.1801268150490097,0.34381747751440406,False,CALB1,ENSG00000104327,0.32673267326732675
all,GO:BP,GO:0031960,response to corticosteroid,37,30,1,5622,0.1801268150490097,0.34381747751440406,False,CFLAR,ENSG00000003402,0.32673267326732675
all,GO:BP,GO:0030099,myeloid cell differentiation,145,30,2,5622,0.18047060978183144,0.34383341082969787,False,"CFLAR, L3MBTL1","ENSG00000003402, ENSG00000185513",0.32673267326732675
all,GO:BP,GO:0080090,regulation of primary metabolic process,1727,30,12,5622,0.1810736450768762,0.34434227496066483,False,"IBTK, FUS, ZMYND8, SOX6, PRKAR2A, BCL11A, DNAJB1, ICE1, SCAI, RBM4B, L3MBTL1, TRRAP","ENSG00000005700, ENSG00000089280, ENSG00000101040, ENSG00000110693, ENSG00000114302, ENSG00000119866, ENSG00000132002, ENSG00000164151, ENSG00000173611, ENSG00000173914, ENSG00000185513, ENSG00000196367",0.32673267326732675
all,GO:BP,GO:0032944,regulation of mononuclear cell proliferation,38,30,1,5622,0.18453078918482516,0.34465247779901736,False,GPNMB,ENSG00000136235,0.32673267326732675
all,GO:BP,GO:0035295,tube development,279,30,3,5622,0.18459922957235148,0.34465247779901736,False,"CALB1, ADGRB3, GPNMB","ENSG00000104327, ENSG00000135298, ENSG00000136235",0.32673267326732675
all,GO:BP,GO:1901655,cellular response to ketone,38,30,1,5622,0.18453078918482516,0.34465247779901736,False,CFLAR,ENSG00000003402,0.32673267326732675
all,GO:BP,GO:0006383,transcription by RNA polymerase III,38,30,1,5622,0.18453078918482516,0.34465247779901736,False,ICE1,ENSG00000164151,0.32673267326732675
all,GO:BP,GO:0051209,release of sequestered calcium ion into cytosol,38,30,1,5622,0.18453078918482516,0.34465247779901736,False,IBTK,ENSG00000005700,0.32673267326732675
all,GO:BP,GO:0007610,behavior,279,30,3,5622,0.18459922957235148,0.34465247779901736,False,"LGMN, CALB1, ADGRB3","ENSG00000100600, ENSG00000104327, ENSG00000135298",0.32673267326732675
all,GO:BP,GO:0048814,regulation of dendrite morphogenesis,38,30,1,5622,0.18453078918482516,0.34465247779901736,False,ADGRB3,ENSG00000135298,0.32673267326732675
all,GO:BP,GO:0060284,regulation of cell development,277,30,3,5622,0.181899667515553,0.34465247779901736,False,"BCL11A, PLXNC1, L3MBTL1","ENSG00000119866, ENSG00000136040, ENSG00000185513",0.32673267326732675
all,GO:BP,GO:0007156,homophilic cell-cell adhesion,38,30,1,5622,0.18453078918482516,0.34465247779901736,False,CNTN4,ENSG00000144619,0.32673267326732675
all,GO:BP,GO:0007338,single fertilization,38,30,1,5622,0.18453078918482516,0.34465247779901736,False,PRKAR2A,ENSG00000114302,0.32673267326732675
all,GO:MF,GO:0019904,protein domain specific binding,265,30,3,5622,0.16595766215764812,0.34618237165861093,False,"ZMYND8, PRKAR2A, L3MBTL1","ENSG00000101040, ENSG00000114302, ENSG00000185513",0.32673267326732675
all,GO:MF,GO:0005178,integrin binding,35,30,1,5622,0.17124979023537706,0.34618237165861093,False,GPNMB,ENSG00000136235,0.32673267326732675
all,GO:MF,GO:0022843,voltage-gated monoatomic cation channel activity,35,30,1,5622,0.17124979023537706,0.34618237165861093,False,CACNA1A,ENSG00000141837,0.32673267326732675
all,GO:MF,GO:0005126,cytokine receptor binding,35,30,1,5622,0.17124979023537706,0.34618237165861093,False,CFLAR,ENSG00000003402,0.32673267326732675
all,GO:BP,GO:0072073,kidney epithelium development,39,30,1,5622,0.1889118916784598,0.3488913314782359,False,CALB1,ENSG00000104327,0.32673267326732675
all,GO:BP,GO:0019219,regulation of nucleobase-containing compound metabolic process,1223,30,9,5622,0.18765843929896212,0.3488913314782359,False,"FUS, ZMYND8, SOX6, BCL11A, DNAJB1, ICE1, SCAI, L3MBTL1, TRRAP","ENSG00000089280, ENSG00000101040, ENSG00000110693, ENSG00000119866, ENSG00000132002, ENSG00000164151, ENSG00000173611, ENSG00000185513, ENSG00000196367",0.32673267326732675
all,GO:BP,GO:0010927,cellular component assembly involved in morphogenesis,39,30,1,5622,0.1889118916784598,0.3488913314782359,False,CFLAR,ENSG00000003402,0.32673267326732675
all,GO:BP,GO:0043112,receptor metabolic process,39,30,1,5622,0.1889118916784598,0.3488913314782359,False,LGMN,ENSG00000100600,0.32673267326732675
all,GO:BP,GO:0034654,nucleobase-containing compound biosynthetic process,1564,30,11,5622,0.1874943885671634,0.3488913314782359,False,"FUS, ZMYND8, SOX6, BCL11A, DNAJB1, ICE1, ELOVL7, SCAI, RBM4B, L3MBTL1, TRRAP","ENSG00000089280, ENSG00000101040, ENSG00000110693, ENSG00000119866, ENSG00000132002, ENSG00000164151, ENSG00000164181, ENSG00000173611, ENSG00000173914, ENSG00000185513, ENSG00000196367",0.32673267326732675
all,GO:BP,GO:0032989,cellular anatomical entity morphogenesis,39,30,1,5622,0.1889118916784598,0.3488913314782359,False,CFLAR,ENSG00000003402,0.32673267326732675
all,WP,WP:WP5426,HDAC6 interactions in the central nervous system,57,30,1,5622,0.263988802544715,0.34978516337174725,False,FUS,ENSG00000089280,0.32673267326732675
all,GO:CC,GO:0044297,cell body,253,30,3,5622,0.1504913824642707,0.3500904792063563,False,"CALB1, DNAJB1, CACNA1A","ENSG00000104327, ENSG00000132002, ENSG00000141837",0.32673267326732675
all,GO:BP,GO:0032774,RNA biosynthetic process,1397,30,10,5622,0.1905634474342312,0.3513085137051921,False,"FUS, ZMYND8, SOX6, BCL11A, DNAJB1, ICE1, SCAI, RBM4B, L3MBTL1, TRRAP","ENSG00000089280, ENSG00000101040, ENSG00000110693, ENSG00000119866, ENSG00000132002, ENSG00000164151, ENSG00000173611, ENSG00000173914, ENSG00000185513, ENSG00000196367",0.32673267326732675
all,REAC,REAC:R-HSA-500792,GPCR ligand binding,37,30,1,5622,0.1801268150490097,0.353143361082927,False,SSTR1,ENSG00000139874,0.32673267326732675
all,GO:BP,GO:1990748,cellular detoxification,40,30,1,5622,0.19327023723634024,0.3537535592272294,False,GSTK1,ENSG00000197448,0.32673267326732675
all,GO:BP,GO:0051147,regulation of muscle cell differentiation,40,30,1,5622,0.19327023723634024,0.3537535592272294,False,SOX6,ENSG00000110693,0.32673267326732675
all,GO:BP,GO:0008217,regulation of blood pressure,40,30,1,5622,0.19327023723634024,0.3537535592272294,False,MANF,ENSG00000145050,0.32673267326732675
all,GO:BP,GO:0050866,negative regulation of cell activation,40,30,1,5622,0.19327023723634024,0.3537535592272294,False,GPNMB,ENSG00000136235,0.32673267326732675
all,GO:BP,GO:0030900,forebrain development,152,30,2,5622,0.19402390658497345,0.35450000757504085,False,"DNAJB1, SSTR1","ENSG00000132002, ENSG00000139874",0.32673267326732675
all,REAC,REAC:R-HSA-438064,Post NMDA receptor activation events,39,30,1,5622,0.1889118916784598,0.356302175444183,False,PRKAR2A,ENSG00000114302,0.32673267326732675
all,REAC,REAC:R-HSA-6807505,RNA polymerase II transcribes snRNA genes,38,30,1,5622,0.18453078918482516,0.356302175444183,False,ICE1,ENSG00000164151,0.32673267326732675
all,REAC,REAC:R-HSA-3371453,Regulation of HSF1-mediated heat shock response,39,30,1,5622,0.1889118916784598,0.356302175444183,False,DNAJB1,ENSG00000132002,0.32673267326732675
all,REAC,REAC:R-HSA-556833,Metabolism of lipids,284,30,3,5622,0.19139798422415105,0.35647874561748144,False,"CPNE3, LGMN, ELOVL7","ENSG00000085719, ENSG00000100600, ENSG00000164181",0.32673267326732675
all,GO:BP,GO:0050767,regulation of neurogenesis,153,30,2,5622,0.19597219948133635,0.3574226058156051,False,"BCL11A, PLXNC1","ENSG00000119866, ENSG00000136040",0.32673267326732675
all,GO:BP,GO:0048771,tissue remodeling,41,30,1,5622,0.19760594001006093,0.3584886522306409,False,GPNMB,ENSG00000136235,0.32673267326732675
all,GO:BP,GO:0090316,positive regulation of intracellular protein transport,41,30,1,5622,0.19760594001006093,0.3584886522306409,False,ICE1,ENSG00000164151,0.32673267326732675
all,GO:BP,GO:0048839,inner ear development,41,30,1,5622,0.19760594001006093,0.3584886522306409,False,CALB1,ENSG00000104327,0.32673267326732675
all,GO:CC,GO:0016529,sarcoplasmic reticulum,32,30,1,5622,0.15775981584589108,0.3586385533431078,False,MANF,ENSG00000145050,0.32673267326732675
all,GO:CC,GO:0005930,axoneme,33,30,1,5622,0.16227988839054636,0.3586385533431078,False,PRKAR2A,ENSG00000114302,0.32673267326732675
all,GO:CC,GO:0043228,membraneless organelle,2045,30,14,5622,0.16219916148137942,0.3586385533431078,False,"CPNE3, FUS, ZMYND8, CALB1, SOX6, PRKAR2A, BCL11A, DNAJB1, SH3GL3, ICE1, RBM4B, C11orf54, L3MBTL1, TRRAP","ENSG00000085719, ENSG00000089280, ENSG00000101040, ENSG00000104327, ENSG00000110693, ENSG00000114302, ENSG00000119866, ENSG00000132002, ENSG00000140600, ENSG00000164151, ENSG00000173914, ENSG00000182919, ENSG00000185513, ENSG00000196367",0.32673267326732675
all,GO:CC,GO:0005634,nucleus,2773,30,18,5622,0.16121066662935507,0.3586385533431078,False,"IBTK, CPNE3, FUS, ZMYND8, CALB1, SOX6, BCL11A, DNAJB1, CACNA1A, MANF, USP12, ICE1, CALB2, SCAI, RBM4B, C11orf54, L3MBTL1, TRRAP","ENSG00000005700, ENSG00000085719, ENSG00000089280, ENSG00000101040, ENSG00000104327, ENSG00000110693, ENSG00000119866, ENSG00000132002, ENSG00000141837, ENSG00000145050, ENSG00000152484, ENSG00000164151, ENSG00000172137, ENSG00000173611, ENSG00000173914, ENSG00000182919, ENSG00000185513, ENSG00000196367",0.32673267326732675
all,GO:CC,GO:0043232,intracellular membraneless organelle,2045,30,14,5622,0.16219916148137942,0.3586385533431078,False,"CPNE3, FUS, ZMYND8, CALB1, SOX6, PRKAR2A, BCL11A, DNAJB1, SH3GL3, ICE1, RBM4B, C11orf54, L3MBTL1, TRRAP","ENSG00000085719, ENSG00000089280, ENSG00000101040, ENSG00000104327, ENSG00000110693, ENSG00000114302, ENSG00000119866, ENSG00000132002, ENSG00000140600, ENSG00000164151, ENSG00000173914, ENSG00000182919, ENSG00000185513, ENSG00000196367",0.32673267326732675
all,GO:BP,GO:0007165,signal transduction,1756,30,12,5622,0.1981473056732019,0.35883566840111686,False,"CFLAR, CPNE3, LGMN, ZMYND8, PRKAR2A, ADGRB3, PLXNC1, GPNMB, SSTR1, SH3GL3, MANF, SCAI","ENSG00000003402, ENSG00000085719, ENSG00000100600, ENSG00000101040, ENSG00000114302, ENSG00000135298, ENSG00000136040, ENSG00000136235, ENSG00000139874, ENSG00000140600, ENSG00000145050, ENSG00000173611",0.32673267326732675
all,GO:BP,GO:1990830,cellular response to leukemia inhibitory factor,42,30,1,5622,0.2019191135989695,0.361199112458889,False,SSTR1,ENSG00000139874,0.32673267326732675
all,GO:BP,GO:0022607,cellular component assembly,1241,30,9,5622,0.19983353512659488,0.361199112458889,False,"CFLAR, FUS, ZMYND8, BCL11A, DNAJB1, ADGRB3, PLXNC1, ICE1, L3MBTL1","ENSG00000003402, ENSG00000089280, ENSG00000101040, ENSG00000119866, ENSG00000132002, ENSG00000135298, ENSG00000136040, ENSG00000164151, ENSG00000185513",0.32673267326732675
all,GO:BP,GO:1903312,negative regulation of mRNA metabolic process,42,30,1,5622,0.2019191135989695,0.361199112458889,False,FUS,ENSG00000089280,0.32673267326732675
all,GO:BP,GO:0099587,inorganic ion import across plasma membrane,42,30,1,5622,0.2019191135989695,0.361199112458889,False,CACNA1A,ENSG00000141837,0.32673267326732675
all,GO:BP,GO:0098659,inorganic cation import across plasma membrane,42,30,1,5622,0.2019191135989695,0.361199112458889,False,CACNA1A,ENSG00000141837,0.32673267326732675
all,GO:BP,GO:0042098,T cell proliferation,42,30,1,5622,0.2019191135989695,0.361199112458889,False,GPNMB,ENSG00000136235,0.32673267326732675
all,GO:BP,GO:1990823,response to leukemia inhibitory factor,42,30,1,5622,0.2019191135989695,0.361199112458889,False,SSTR1,ENSG00000139874,0.32673267326732675
all,GO:BP,GO:0033554,cellular response to stress,751,30,6,5622,0.2037340337843301,0.36130789372488326,False,"CFLAR, FUS, ZMYND8, DNAJB1, MANF, TRRAP","ENSG00000003402, ENSG00000089280, ENSG00000101040, ENSG00000132002, ENSG00000145050, ENSG00000196367",0.32673267326732675
all,GO:BP,GO:0097237,cellular response to toxic substance,43,30,1,5622,0.2062098710527384,0.36130789372488326,False,GSTK1,ENSG00000197448,0.32673267326732675
all,GO:BP,GO:0070663,regulation of leukocyte proliferation,43,30,1,5622,0.2062098710527384,0.36130789372488326,False,GPNMB,ENSG00000136235,0.32673267326732675
all,GO:BP,GO:0035051,cardiocyte differentiation,43,30,1,5622,0.2062098710527384,0.36130789372488326,False,SOX6,ENSG00000110693,0.32673267326732675
all,GO:BP,GO:0008306,associative learning,43,30,1,5622,0.2062098710527384,0.36130789372488326,False,LGMN,ENSG00000100600,0.32673267326732675
all,GO:BP,GO:0080134,regulation of response to stress,439,30,4,5622,0.20320056056229152,0.36130789372488326,False,"FUS, DNAJB1, MANF, TRRAP","ENSG00000089280, ENSG00000132002, ENSG00000145050, ENSG00000196367",0.32673267326732675
all,GO:BP,GO:0030595,leukocyte chemotaxis,43,30,1,5622,0.2062098710527384,0.36130789372488326,False,LGMN,ENSG00000100600,0.32673267326732675
all,GO:BP,GO:0048514,blood vessel morphogenesis,157,30,2,5622,0.20379233416319248,0.36130789372488326,False,"ADGRB3, GPNMB","ENSG00000135298, ENSG00000136235",0.32673267326732675
all,GO:BP,GO:0000902,cell morphogenesis,439,30,4,5622,0.20320056056229152,0.36130789372488326,False,"BCL11A, ADGRB3, PLXNC1, CNTN4","ENSG00000119866, ENSG00000135298, ENSG00000136040, ENSG00000144619",0.32673267326732675
all,GO:BP,GO:0097529,myeloid leukocyte migration,43,30,1,5622,0.2062098710527384,0.36130789372488326,False,LGMN,ENSG00000100600,0.32673267326732675
all,GO:BP,GO:0010720,positive regulation of cell development,157,30,2,5622,0.20379233416319248,0.36130789372488326,False,"BCL11A, PLXNC1","ENSG00000119866, ENSG00000136040",0.32673267326732675
all,GO:BP,GO:0042127,regulation of cell population proliferation,441,30,4,5622,0.2054512761033689,0.36130789372488326,False,"CFLAR, LGMN, GPNMB, SSTR1","ENSG00000003402, ENSG00000100600, ENSG00000136235, ENSG00000139874",0.32673267326732675
all,WP,WP:WP1984,Integrated breast cancer pathway,61,30,1,5622,0.27973599954899336,0.3616099506365034,False,ZMYND8,ENSG00000101040,0.32673267326732675
all,GO:MF,GO:0019900,kinase binding,277,30,3,5622,0.181899667515553,0.3633480460043191,False,"IBTK, CPNE3, PRKAR2A","ENSG00000005700, ENSG00000085719, ENSG00000114302",0.32673267326732675
all,GO:MF,GO:0061135,endopeptidase regulator activity,40,30,1,5622,0.19327023723634024,0.3633480460043191,False,LGMN,ENSG00000100600,0.32673267326732675
all,GO:MF,GO:0004843,cysteine-type deubiquitinase activity,39,30,1,5622,0.1889118916784598,0.3633480460043191,False,USP12,ENSG00000152484,0.32673267326732675
all,GO:MF,GO:0019905,syntaxin binding,40,30,1,5622,0.19327023723634024,0.3633480460043191,False,CACNA1A,ENSG00000141837,0.32673267326732675
all,GO:MF,GO:0001540,amyloid-beta binding,38,30,1,5622,0.18453078918482516,0.3633480460043191,False,CACNA1A,ENSG00000141837,0.32673267326732675
all,GO:MF,GO:0005262,calcium channel activity,40,30,1,5622,0.19327023723634024,0.3633480460043191,False,CACNA1A,ENSG00000141837,0.32673267326732675
all,GO:MF,GO:1990782,protein tyrosine kinase binding,39,30,1,5622,0.1889118916784598,0.3633480460043191,False,CPNE3,ENSG00000085719,0.32673267326732675
all,GO:BP,GO:1901890,positive regulation of cell junction assembly,44,30,1,5622,0.21047832487392823,0.36442615370908166,False,ADGRB3,ENSG00000135298,0.32673267326732675
all,GO:BP,GO:0140694,membraneless organelle assembly,160,30,2,5622,0.20968350954365095,0.36442615370908166,False,"CFLAR, FUS","ENSG00000003402, ENSG00000089280",0.32673267326732675
all,GO:BP,GO:0048592,eye morphogenesis,44,30,1,5622,0.21047832487392823,0.36442615370908166,False,CALB1,ENSG00000104327,0.32673267326732675
all,GO:BP,GO:0060041,retina development in camera-type eye,44,30,1,5622,0.21047832487392823,0.36442615370908166,False,CALB1,ENSG00000104327,0.32673267326732675
all,GO:BP,GO:0034243,regulation of transcription elongation by RNA polymerase II,44,30,1,5622,0.21047832487392823,0.36442615370908166,False,ZMYND8,ENSG00000101040,0.32673267326732675
all,GO:BP,GO:0030148,sphingolipid biosynthetic process,44,30,1,5622,0.21047832487392823,0.36442615370908166,False,ELOVL7,ENSG00000164181,0.32673267326732675
all,GO:BP,GO:0030516,regulation of axon extension,44,30,1,5622,0.21047832487392823,0.36442615370908166,False,BCL11A,ENSG00000119866,0.32673267326732675
all,GO:CC,GO:0097014,ciliary plasm,34,30,1,5622,0.166776507347119,0.36492681310607233,False,PRKAR2A,ENSG00000114302,0.32673267326732675
all,GO:BP,GO:0000122,negative regulation of transcription by RNA polymerase II,299,30,3,5622,0.21218858933292406,0.36676779775083873,False,"ZMYND8, BCL11A, DNAJB1","ENSG00000101040, ENSG00000119866, ENSG00000132002",0.32673267326732675
all,GO:BP,GO:0048709,oligodendrocyte differentiation,45,30,1,5622,0.21472458702053665,0.3674335587580131,False,SOX6,ENSG00000110693,0.32673267326732675
all,GO:BP,GO:2000377,regulation of reactive oxygen species metabolic process,45,30,1,5622,0.21472458702053665,0.3674335587580131,False,CFLAR,ENSG00000003402,0.32673267326732675
all,GO:BP,GO:0009566,fertilization,45,30,1,5622,0.21472458702053665,0.3674335587580131,False,PRKAR2A,ENSG00000114302,0.32673267326732675
all,GO:BP,GO:0022408,negative regulation of cell-cell adhesion,45,30,1,5622,0.21472458702053665,0.3674335587580131,False,GPNMB,ENSG00000136235,0.32673267326732675
all,GO:BP,GO:0141187,nucleic acid biosynthetic process,1432,30,10,5622,0.21355040441604672,0.3674335587580131,False,"FUS, ZMYND8, SOX6, BCL11A, DNAJB1, ICE1, SCAI, RBM4B, L3MBTL1, TRRAP","ENSG00000089280, ENSG00000101040, ENSG00000110693, ENSG00000119866, ENSG00000132002, ENSG00000164151, ENSG00000173611, ENSG00000173914, ENSG00000185513, ENSG00000196367",0.32673267326732675
all,GO:BP,GO:0071674,mononuclear cell migration,45,30,1,5622,0.21472458702053665,0.3674335587580131,False,LGMN,ENSG00000100600,0.32673267326732675
all,GO:MF,GO:0044183,protein folding chaperone,41,30,1,5622,0.19760594001006093,0.36782095764248907,False,DNAJB1,ENSG00000132002,0.32673267326732675
all,GO:BP,GO:0010594,regulation of endothelial cell migration,46,30,1,5622,0.21894876890853826,0.3709462613739693,False,LGMN,ENSG00000100600,0.32673267326732675
all,GO:BP,GO:0060079,excitatory postsynaptic potential,46,30,1,5622,0.21894876890853826,0.3709462613739693,False,ZMYND8,ENSG00000101040,0.32673267326732675
all,GO:BP,GO:0002685,regulation of leukocyte migration,46,30,1,5622,0.21894876890853826,0.3709462613739693,False,LGMN,ENSG00000100600,0.32673267326732675
all,GO:BP,GO:0021549,cerebellum development,46,30,1,5622,0.21894876890853826,0.3709462613739693,False,SSTR1,ENSG00000139874,0.32673267326732675
all,GO:BP,GO:0009408,response to heat,46,30,1,5622,0.21894876890853826,0.3709462613739693,False,DNAJB1,ENSG00000132002,0.32673267326732675
all,GO:BP,GO:0098771,inorganic ion homeostasis,164,30,2,5622,0.21756918537353395,0.3709462613739693,False,"CALB1, CALB2","ENSG00000104327, ENSG00000172137",0.32673267326732675
all,GO:MF,GO:0005496,steroid binding,42,30,1,5622,0.2019191135989695,0.3721646407510412,False,CALB1,ENSG00000104327,0.32673267326732675
all,GO:BP,GO:0023051,regulation of signaling,1271,30,9,5622,0.22093979635989056,0.37370180077374254,False,"CFLAR, LGMN, ZMYND8, CALB1, PRKAR2A, GPNMB, CACNA1A, CNTN4, SCAI","ENSG00000003402, ENSG00000100600, ENSG00000101040, ENSG00000104327, ENSG00000114302, ENSG00000136235, ENSG00000141837, ENSG00000144619, ENSG00000173611",0.32673267326732675
all,GO:BP,GO:0010646,regulation of cell communication,1272,30,9,5622,0.22166021709313308,0.37430267301558673,False,"CFLAR, LGMN, ZMYND8, CALB1, PRKAR2A, GPNMB, CACNA1A, CNTN4, SCAI","ENSG00000003402, ENSG00000100600, ENSG00000101040, ENSG00000104327, ENSG00000114302, ENSG00000136235, ENSG00000141837, ENSG00000144619, ENSG00000173611",0.32673267326732675
all,GO:BP,GO:0098754,detoxification,47,30,1,5622,0.22315098141441048,0.3743531193940603,False,GSTK1,ENSG00000197448,0.32673267326732675
all,GO:BP,GO:1905897,regulation of response to endoplasmic reticulum stress,47,30,1,5622,0.22315098141441048,0.3743531193940603,False,MANF,ENSG00000145050,0.32673267326732675
all,GO:BP,GO:0031507,heterochromatin formation,47,30,1,5622,0.22315098141441048,0.3743531193940603,False,L3MBTL1,ENSG00000185513,0.32673267326732675
all,GO:BP,GO:0016579,protein deubiquitination,47,30,1,5622,0.22315098141441048,0.3743531193940603,False,USP12,ENSG00000152484,0.32673267326732675
all,GO:BP,GO:0050768,negative regulation of neurogenesis,48,30,1,5622,0.22733133487765125,0.37643718618674055,False,BCL11A,ENSG00000119866,0.32673267326732675
all,GO:BP,GO:0030968,endoplasmic reticulum unfolded protein response,48,30,1,5622,0.22733133487765125,0.37643718618674055,False,MANF,ENSG00000145050,0.32673267326732675
all,GO:BP,GO:0050679,positive regulation of epithelial cell proliferation,48,30,1,5622,0.22733133487765125,0.37643718618674055,False,CFLAR,ENSG00000003402,0.32673267326732675
all,GO:BP,GO:0051052,regulation of DNA metabolic process,168,30,2,5622,0.22548562673816033,0.37643718618674055,False,"FUS, TRRAP","ENSG00000089280, ENSG00000196367",0.32673267326732675
all,GO:BP,GO:0043583,ear development,48,30,1,5622,0.22733133487765125,0.37643718618674055,False,CALB1,ENSG00000104327,0.32673267326732675
all,GO:BP,GO:0031644,regulation of nervous system process,48,30,1,5622,0.22733133487765125,0.37643718618674055,False,ZMYND8,ENSG00000101040,0.32673267326732675
all,GO:BP,GO:0006633,fatty acid biosynthetic process,48,30,1,5622,0.22733133487765125,0.37643718618674055,False,ELOVL7,ENSG00000164181,0.32673267326732675
all,GO:BP,GO:0042752,regulation of circadian rhythm,48,30,1,5622,0.22733133487765125,0.37643718618674055,False,RBM4B,ENSG00000173914,0.32673267326732675
all,REAC,REAC:R-HSA-9824439,Bacterial Infection Pathways,43,30,1,5622,0.2062098710527384,0.3793243307019506,False,SH3GL3,ENSG00000140600,0.32673267326732675
all,GO:BP,GO:0030003,intracellular monoatomic cation homeostasis,170,30,2,5622,0.22945392688336766,0.3793391533152451,False,"CALB1, CALB2","ENSG00000104327, ENSG00000172137",0.32673267326732675
all,GO:BP,GO:0048705,skeletal system morphogenesis,49,30,1,5622,0.23148993910328272,0.37964350012938386,False,SOX6,ENSG00000110693,0.32673267326732675
all,GO:BP,GO:0022037,metencephalon development,49,30,1,5622,0.23148993910328272,0.37964350012938386,False,SSTR1,ENSG00000139874,0.32673267326732675
all,GO:BP,GO:0099565,"chemical synaptic transmission, postsynaptic",49,30,1,5622,0.23148993910328272,0.37964350012938386,False,ZMYND8,ENSG00000101040,0.32673267326732675
all,GO:BP,GO:0031099,regeneration,49,30,1,5622,0.23148993910328272,0.37964350012938386,False,CFLAR,ENSG00000003402,0.32673267326732675
all,GO:BP,GO:0008360,regulation of cell shape,49,30,1,5622,0.23148993910328272,0.37964350012938386,False,PLXNC1,ENSG00000136040,0.32673267326732675
all,REAC,REAC:R-HSA-8978868,Fatty acid metabolism,51,30,1,5622,0.23974233640437953,0.3800171077048146,False,ELOVL7,ENSG00000164181,0.32673267326732675
all,REAC,REAC:R-HSA-9725370,Signaling by ALK fusions and activated point mutants,50,30,1,5622,0.23562690336434525,0.3800171077048146,False,BCL11A,ENSG00000119866,0.32673267326732675
all,REAC,REAC:R-HSA-9700206,Signaling by ALK in cancer,50,30,1,5622,0.23562690336434525,0.3800171077048146,False,BCL11A,ENSG00000119866,0.32673267326732675
all,REAC,REAC:R-HSA-442755,Activation of NMDA receptors and postsynaptic events,48,30,1,5622,0.22733133487765125,0.3800171077048146,False,PRKAR2A,ENSG00000114302,0.32673267326732675
all,REAC,REAC:R-HSA-76005,Response to elevated platelet cytosolic Ca2+,48,30,1,5622,0.22733133487765125,0.3800171077048146,False,MANF,ENSG00000145050,0.32673267326732675
all,REAC,REAC:R-HSA-111885,Opioid Signalling,45,30,1,5622,0.21472458702053665,0.3800171077048146,False,PRKAR2A,ENSG00000114302,0.32673267326732675
all,REAC,REAC:R-HSA-6794362,Protein-protein interactions at synapses,50,30,1,5622,0.23562690336434525,0.3800171077048146,False,PPFIA4,ENSG00000143847,0.32673267326732675
all,REAC,REAC:R-HSA-5663220,RHO GTPases Activate Formins,51,30,1,5622,0.23974233640437953,0.3800171077048146,False,SCAI,ENSG00000173611,0.32673267326732675
all,REAC,REAC:R-HSA-211859,Biological oxidations,47,30,1,5622,0.22315098141441048,0.3800171077048146,False,GSTK1,ENSG00000197448,0.32673267326732675
all,REAC,REAC:R-HSA-3371556,Cellular response to heat stress,51,30,1,5622,0.23974233640437953,0.3800171077048146,False,DNAJB1,ENSG00000132002,0.32673267326732675
all,REAC,REAC:R-HSA-1483206,Glycerophospholipid biosynthesis,50,30,1,5622,0.23562690336434525,0.3800171077048146,False,CPNE3,ENSG00000085719,0.32673267326732675
all,REAC,REAC:R-HSA-3214847,HATs acetylate histones,48,30,1,5622,0.22733133487765125,0.3800171077048146,False,TRRAP,ENSG00000196367,0.32673267326732675
all,REAC,REAC:R-HSA-114608,Platelet degranulation ,44,30,1,5622,0.21047832487392823,0.3800171077048146,False,MANF,ENSG00000145050,0.32673267326732675
all,GO:BP,GO:0006357,regulation of transcription by RNA polymerase II,783,30,6,5622,0.23213608668990507,0.3800950301232475,False,"FUS, ZMYND8, SOX6, BCL11A, DNAJB1, TRRAP","ENSG00000089280, ENSG00000101040, ENSG00000110693, ENSG00000119866, ENSG00000132002, ENSG00000196367",0.32673267326732675
all,GO:BP,GO:0051254,positive regulation of RNA metabolic process,622,30,5,5622,0.2327352837945369,0.38046836664976114,False,"FUS, ZMYND8, BCL11A, ICE1, TRRAP","ENSG00000089280, ENSG00000101040, ENSG00000119866, ENSG00000164151, ENSG00000196367",0.32673267326732675
all,GO:MF,GO:0005539,glycosaminoglycan binding,44,30,1,5622,0.21047832487392823,0.3804800488105624,False,GPNMB,ENSG00000136235,0.32673267326732675
all,GO:MF,GO:0101005,deubiquitinase activity,44,30,1,5622,0.21047832487392823,0.3804800488105624,False,USP12,ENSG00000152484,0.32673267326732675
all,GO:BP,GO:0006873,intracellular monoatomic ion homeostasis,172,30,2,5622,0.23342819073984458,0.380993464185256,False,"CALB1, CALB2","ENSG00000104327, ENSG00000172137",0.32673267326732675
all,GO:BP,GO:0007266,Rho protein signal transduction,50,30,1,5622,0.23562690336434525,0.3815443537890268,False,SCAI,ENSG00000173611,0.32673267326732675
all,GO:BP,GO:0033002,muscle cell proliferation,50,30,1,5622,0.23562690336434525,0.3815443537890268,False,CFLAR,ENSG00000003402,0.32673267326732675
all,GO:BP,GO:0070828,heterochromatin organization,50,30,1,5622,0.23562690336434525,0.3815443537890268,False,L3MBTL1,ENSG00000185513,0.32673267326732675
all,GO:BP,GO:0044272,sulfur compound biosynthetic process,50,30,1,5622,0.23562690336434525,0.3815443537890268,False,ELOVL7,ENSG00000164181,0.32673267326732675
all,GO:BP,GO:0051216,cartilage development,50,30,1,5622,0.23562690336434525,0.3815443537890268,False,SOX6,ENSG00000110693,0.32673267326732675
all,REAC,REAC:R-HSA-5687128,MAPK6/MAPK4 signaling,52,30,1,5622,0.24383634643989707,0.3824380591531017,False,DNAJB1,ENSG00000132002,0.32673267326732675
all,GO:CC,GO:0061695,"transferase complex, transferring phosphorus-containing groups",143,30,2,5622,0.1766280401117838,0.38269408690886497,False,"PRKAR2A, TRRAP","ENSG00000114302, ENSG00000196367",0.32673267326732675
all,GO:CC,GO:0030864,cortical actin cytoskeleton,37,30,1,5622,0.1801268150490097,0.3827694819791457,False,CALB1,ENSG00000104327,0.32673267326732675
all,GO:CC,GO:0044853,plasma membrane raft,37,30,1,5622,0.1801268150490097,0.3827694819791457,False,PRKAR2A,ENSG00000114302,0.32673267326732675
all,GO:BP,GO:0051240,positive regulation of multicellular organismal process,470,30,4,5622,0.23893537890858935,0.38629142489164686,False,"SOX6, BCL11A, ADGRB3, PLXNC1","ENSG00000110693, ENSG00000119866, ENSG00000135298, ENSG00000136040",0.32673267326732675
all,GO:BP,GO:1903844,regulation of cellular response to transforming growth factor beta stimulus,51,30,1,5622,0.23974233640437953,0.38637719310454277,False,CFLAR,ENSG00000003402,0.32673267326732675
all,GO:BP,GO:0050920,regulation of chemotaxis,51,30,1,5622,0.23974233640437953,0.38637719310454277,False,LGMN,ENSG00000100600,0.32673267326732675
all,WP,WP:WP289,Myometrial relaxation and contraction pathways,68,30,1,5622,0.3065132780224158,0.38679056512352467,False,PRKAR2A,ENSG00000114302,0.32673267326732675
all,GO:BP,GO:0016070,RNA metabolic process,1471,30,10,5622,0.24063932630870408,0.3872139866034882,False,"FUS, ZMYND8, SOX6, BCL11A, DNAJB1, ICE1, SCAI, RBM4B, L3MBTL1, TRRAP","ENSG00000089280, ENSG00000101040, ENSG00000110693, ENSG00000119866, ENSG00000132002, ENSG00000164151, ENSG00000173611, ENSG00000173914, ENSG00000185513, ENSG00000196367",0.32673267326732675
all,GO:BP,GO:1901991,negative regulation of mitotic cell cycle phase transition,52,30,1,5622,0.24383634643989707,0.38809356382126475,False,GPNMB,ENSG00000136235,0.32673267326732675
all,GO:BP,GO:0071456,cellular response to hypoxia,52,30,1,5622,0.24383634643989707,0.38809356382126475,False,CFLAR,ENSG00000003402,0.32673267326732675
all,GO:BP,GO:0034620,cellular response to unfolded protein,52,30,1,5622,0.24383634643989707,0.38809356382126475,False,MANF,ENSG00000145050,0.32673267326732675
all,GO:BP,GO:0006259,DNA metabolic process,321,30,3,5622,0.24358388647208215,0.38809356382126475,False,"FUS, ZMYND8, TRRAP","ENSG00000089280, ENSG00000101040, ENSG00000196367",0.32673267326732675
all,GO:BP,GO:0051961,negative regulation of nervous system development,52,30,1,5622,0.24383634643989707,0.38809356382126475,False,BCL11A,ENSG00000119866,0.32673267326732675
all,GO:BP,GO:0007519,skeletal muscle tissue development,52,30,1,5622,0.24383634643989707,0.38809356382126475,False,CFLAR,ENSG00000003402,0.32673267326732675
all,GO:BP,GO:0045931,positive regulation of mitotic cell cycle,52,30,1,5622,0.24383634643989707,0.38809356382126475,False,LGMN,ENSG00000100600,0.32673267326732675
all,GO:MF,GO:0051117,ATPase binding,46,30,1,5622,0.21894876890853826,0.3883242316491051,False,DNAJB1,ENSG00000132002,0.32673267326732675
all,GO:MF,GO:0005244,voltage-gated monoatomic ion channel activity,46,30,1,5622,0.21894876890853826,0.3883242316491051,False,CACNA1A,ENSG00000141837,0.32673267326732675
all,WP,WP:WP2003,miR targeted genes in leukocytes,71,30,1,5622,0.3176923206809831,0.39157425572307214,False,DNAJB1,ENSG00000132002,0.32673267326732675
all,GO:MF,GO:0022832,voltage-gated channel activity,47,30,1,5622,0.22315098141441048,0.3920783598683102,False,CACNA1A,ENSG00000141837,0.32673267326732675
all,GO:BP,GO:0001932,regulation of protein phosphorylation,179,30,2,5622,0.2473771760085291,0.39214007282702623,False,"IBTK, PRKAR2A","ENSG00000005700, ENSG00000114302",0.32673267326732675
all,GO:BP,GO:0043254,regulation of protein-containing complex assembly,179,30,2,5622,0.2473771760085291,0.39214007282702623,False,"BCL11A, ICE1","ENSG00000119866, ENSG00000164151",0.32673267326732675
all,GO:BP,GO:0018205,peptidyl-lysine modification,53,30,1,5622,0.24790904116284185,0.39214007282702623,False,BCL11A,ENSG00000119866,0.32673267326732675
all,GO:BP,GO:0032784,regulation of DNA-templated transcription elongation,53,30,1,5622,0.24790904116284185,0.39214007282702623,False,ZMYND8,ENSG00000101040,0.32673267326732675
all,WP,WP:WP411,mRNA processing,80,30,1,5622,0.35019414924396686,0.3948997853176646,False,FUS,ENSG00000089280,0.32673267326732675
all,WP,WP:WP3594,Circadian rhythm genes,75,30,1,5622,0.3323270422888777,0.3948997853176646,False,RBM4B,ENSG00000173914,0.32673267326732675
all,WP,WP:WP4549,Fragile X syndrome,79,30,1,5622,0.3466581116015431,0.3948997853176646,False,SH3GL3,ENSG00000140600,0.32673267326732675
all,WP,WP:WP2006,miR targeted genes in squamous cell,77,30,1,5622,0.3395301502262471,0.3948997853176646,False,DNAJB1,ENSG00000132002,0.32673267326732675
all,GO:MF,GO:0002020,protease binding,48,30,1,5622,0.22733133487765125,0.39572491626850376,False,CFLAR,ENSG00000003402,0.32673267326732675
all,GO:BP,GO:0046651,lymphocyte proliferation,54,30,1,5622,0.2519605277430384,0.39602662815519923,False,GPNMB,ENSG00000136235,0.32673267326732675
all,GO:BP,GO:1901698,response to nitrogen compound,327,30,3,5622,0.2522979396930196,0.39602662815519923,False,"CFLAR, LGMN, CACNA1A","ENSG00000003402, ENSG00000100600, ENSG00000141837",0.32673267326732675
all,GO:BP,GO:0055002,striated muscle cell development,54,30,1,5622,0.2519605277430384,0.39602662815519923,False,CFLAR,ENSG00000003402,0.32673267326732675
all,GO:BP,GO:0120034,positive regulation of plasma membrane bounded cell projection assembly,54,30,1,5622,0.2519605277430384,0.39602662815519923,False,ZMYND8,ENSG00000101040,0.32673267326732675
all,GO:BP,GO:2001236,regulation of extrinsic apoptotic signaling pathway,54,30,1,5622,0.2519605277430384,0.39602662815519923,False,CFLAR,ENSG00000003402,0.32673267326732675
all,GO:BP,GO:0071396,cellular response to lipid,182,30,2,5622,0.25336994193220047,0.3964932148632745,False,"CFLAR, SSTR1","ENSG00000003402, ENSG00000139874",0.32673267326732675
all,GO:BP,GO:0006974,DNA damage response,328,30,3,5622,0.2537556575124954,0.3964932148632745,False,"FUS, ZMYND8, TRRAP","ENSG00000089280, ENSG00000101040, ENSG00000196367",0.32673267326732675
all,GO:BP,GO:0010557,positive regulation of macromolecule biosynthetic process,806,30,6,5622,0.2533868168070639,0.3964932148632745,False,"FUS, ZMYND8, BCL11A, ICE1, RBM4B, TRRAP","ENSG00000089280, ENSG00000101040, ENSG00000119866, ENSG00000164151, ENSG00000173914, ENSG00000196367",0.32673267326732675
all,GO:BP,GO:0061387,regulation of extent of cell growth,55,30,1,5622,0.25599091283063,0.396960190092883,False,BCL11A,ENSG00000119866,0.32673267326732675
all,GO:BP,GO:0060996,dendritic spine development,55,30,1,5622,0.25599091283063,0.396960190092883,False,ZMYND8,ENSG00000101040,0.32673267326732675
all,GO:BP,GO:0016485,protein processing,55,30,1,5622,0.25599091283063,0.396960190092883,False,LGMN,ENSG00000100600,0.32673267326732675
all,GO:BP,GO:0048469,cell maturation,55,30,1,5622,0.25599091283063,0.396960190092883,False,ADGRB3,ENSG00000135298,0.32673267326732675
all,GO:BP,GO:0022411,cellular component disassembly,183,30,2,5622,0.25536901061254097,0.396960190092883,False,"ADGRB3, PLXNC1","ENSG00000135298, ENSG00000136040",0.32673267326732675
all,GO:BP,GO:0036294,cellular response to decreased oxygen levels,56,30,1,5622,0.26000030255850487,0.40075234604882304,False,CFLAR,ENSG00000003402,0.32673267326732675
all,GO:BP,GO:0060291,long-term synaptic potentiation,56,30,1,5622,0.26000030255850487,0.40075234604882304,False,LGMN,ENSG00000100600,0.32673267326732675
all,GO:BP,GO:0043542,endothelial cell migration,56,30,1,5622,0.26000030255850487,0.40075234604882304,False,LGMN,ENSG00000100600,0.32673267326732675
all,GO:BP,GO:0032943,mononuclear cell proliferation,56,30,1,5622,0.26000030255850487,0.40075234604882304,False,GPNMB,ENSG00000136235,0.32673267326732675
all,GO:BP,GO:0043408,regulation of MAPK cascade,186,30,2,5622,0.26136978831543756,0.4020386913370711,False,"CFLAR, GPNMB","ENSG00000003402, ENSG00000136235",0.32673267326732675
all,GO:BP,GO:0009968,negative regulation of signal transduction,489,30,4,5622,0.2616193240212939,0.4020386913370711,False,"CFLAR, LGMN, PRKAR2A, SCAI","ENSG00000003402, ENSG00000100600, ENSG00000114302, ENSG00000173611",0.32673267326732675
all,REAC,REAC:R-HSA-983231,Factors involved in megakaryocyte development and platelet production,56,30,1,5622,0.26000030255850487,0.40354213626267915,False,PRKAR2A,ENSG00000114302,0.32673267326732675
all,GO:BP,GO:0048259,regulation of receptor-mediated endocytosis,57,30,1,5622,0.263988802544715,0.4038634665796012,False,SH3GL3,ENSG00000140600,0.32673267326732675
all,GO:BP,GO:0060326,cell chemotaxis,57,30,1,5622,0.263988802544715,0.4038634665796012,False,LGMN,ENSG00000100600,0.32673267326732675
all,GO:BP,GO:0060538,skeletal muscle organ development,57,30,1,5622,0.263988802544715,0.4038634665796012,False,CFLAR,ENSG00000003402,0.32673267326732675
all,GO:CC,GO:0043202,lysosomal lumen,41,30,1,5622,0.19760594001006093,0.4043603031687351,False,LGMN,ENSG00000100600,0.32673267326732675
all,GO:CC,GO:0098862,cluster of actin-based cell projections,40,30,1,5622,0.19327023723634024,0.4043603031687351,False,CALB1,ENSG00000104327,0.32673267326732675
all,GO:CC,GO:0150034,distal axon,153,30,2,5622,0.19597219948133635,0.4043603031687351,False,"CALB1, CALB2","ENSG00000104327, ENSG00000172137",0.32673267326732675
all,GO:CC,GO:0005730,nucleolus,432,30,4,5622,0.19538852679771693,0.4043603031687351,False,"CPNE3, ZMYND8, DNAJB1, RBM4B","ENSG00000085719, ENSG00000101040, ENSG00000132002, ENSG00000173914",0.32673267326732675
all,REAC,REAC:R-HSA-8957322,Metabolism of steroids,57,30,1,5622,0.263988802544715,0.40550857298105697,False,LGMN,ENSG00000100600,0.32673267326732675
all,GO:BP,GO:0045229,external encapsulating structure organization,58,30,1,5622,0.26795651789487845,0.40629501603883156,False,CFLAR,ENSG00000003402,0.32673267326732675
all,GO:BP,GO:0030198,extracellular matrix organization,58,30,1,5622,0.26795651789487845,0.40629501603883156,False,CFLAR,ENSG00000003402,0.32673267326732675
all,GO:BP,GO:0051604,protein maturation,189,30,2,5622,0.2673746520520506,0.40629501603883156,False,"LGMN, DNAJB1","ENSG00000100600, ENSG00000132002",0.32673267326732675
all,GO:BP,GO:0045637,regulation of myeloid cell differentiation,58,30,1,5622,0.26795651789487845,0.40629501603883156,False,L3MBTL1,ENSG00000185513,0.32673267326732675
all,GO:BP,GO:0006575,modified amino acid metabolic process,58,30,1,5622,0.26795651789487845,0.40629501603883156,False,GSTK1,ENSG00000197448,0.32673267326732675
all,GO:BP,GO:0043062,extracellular structure organization,58,30,1,5622,0.26795651789487845,0.40629501603883156,False,CFLAR,ENSG00000003402,0.32673267326732675
all,GO:CC,GO:0016528,sarcoplasm,42,30,1,5622,0.2019191135989695,0.4093956339942403,False,MANF,ENSG00000145050,0.32673267326732675
all,GO:MF,GO:0015085,calcium ion transmembrane transporter activity,51,30,1,5622,0.23974233640437953,0.4097414476729398,False,CACNA1A,ENSG00000141837,0.32673267326732675
all,GO:MF,GO:0019783,ubiquitin-like protein peptidase activity,51,30,1,5622,0.23974233640437953,0.4097414476729398,False,USP12,ENSG00000152484,0.32673267326732675
all,GO:BP,GO:0000278,mitotic cell cycle,340,30,3,5622,0.2713546640466684,0.41083977939118943,False,"LGMN, GPNMB, L3MBTL1","ENSG00000100600, ENSG00000136235, ENSG00000185513",0.32673267326732675
all,GO:BP,GO:0045814,"negative regulation of gene expression, epigenetic",59,30,1,5622,0.27190355320457527,0.4110636313196009,False,L3MBTL1,ENSG00000185513,0.32673267326732675
all,GO:CC,GO:0071944,cell periphery,1597,30,11,5622,0.20806574379912185,0.4116434495321957,False,"CFLAR, CPNE3, CALB1, PRKAR2A, ADGRB3, PLXNC1, GPNMB, SSTR1, CACNA1A, CNTN4, USP12","ENSG00000003402, ENSG00000085719, ENSG00000104327, ENSG00000114302, ENSG00000135298, ENSG00000136040, ENSG00000136235, ENSG00000139874, ENSG00000141837, ENSG00000144619, ENSG00000152484",0.32673267326732675
all,GO:CC,GO:0016591,"RNA polymerase II, holoenzyme",44,30,1,5622,0.21047832487392823,0.4116434495321957,False,TRRAP,ENSG00000196367,0.32673267326732675
all,GO:CC,GO:0048786,presynaptic active zone,44,30,1,5622,0.21047832487392823,0.4116434495321957,False,PPFIA4,ENSG00000143847,0.32673267326732675
all,GO:CC,GO:0120025,plasma membrane bounded cell projection,918,30,7,5622,0.20760198325147516,0.4116434495321957,False,"ZMYND8, CALB1, PRKAR2A, DNAJB1, SSTR1, CNTN4, CALB2","ENSG00000101040, ENSG00000104327, ENSG00000114302, ENSG00000132002, ENSG00000139874, ENSG00000144619, ENSG00000172137",0.32673267326732675
all,GO:MF,GO:0061134,peptidase regulator activity,52,30,1,5622,0.24383634643989707,0.41298408225856437,False,LGMN,ENSG00000100600,0.32673267326732675
all,REAC,REAC:R-HSA-187037,Signaling by NTRK1 (TRKA),59,30,1,5622,0.27190355320457527,0.4134043819130784,False,SH3GL3,ENSG00000140600,0.32673267326732675
all,GO:BP,GO:0043524,negative regulation of neuron apoptotic process,60,30,1,5622,0.2758300125617319,0.4151626473946774,False,LGMN,ENSG00000100600,0.32673267326732675
all,GO:BP,GO:0072330,monocarboxylic acid biosynthetic process,60,30,1,5622,0.2758300125617319,0.4151626473946774,False,ELOVL7,ENSG00000164181,0.32673267326732675
all,GO:BP,GO:0048675,axon extension,60,30,1,5622,0.2758300125617319,0.4151626473946774,False,BCL11A,ENSG00000119866,0.32673267326732675
all,GO:MF,GO:0031072,heat shock protein binding,53,30,1,5622,0.24790904116284185,0.41613303338048474,False,DNAJB1,ENSG00000132002,0.32673267326732675
all,GO:CC,GO:0055029,nuclear DNA-directed RNA polymerase complex,45,30,1,5622,0.21472458702053665,0.41626433097840837,False,TRRAP,ENSG00000196367,0.32673267326732675
all,GO:BP,GO:0090066,regulation of anatomical structure size,195,30,2,5622,0.27939030274099175,0.41797288562349566,False,"BCL11A, MANF","ENSG00000119866, ENSG00000145050",0.32673267326732675
all,GO:BP,GO:0006368,transcription elongation by RNA polymerase II,61,30,1,5622,0.27973599954899336,0.41797288562349566,False,ZMYND8,ENSG00000101040,0.32673267326732675
all,GO:BP,GO:1901654,response to ketone,61,30,1,5622,0.27973599954899336,0.41797288562349566,False,CFLAR,ENSG00000003402,0.32673267326732675
all,GO:BP,GO:0010977,negative regulation of neuron projection development,61,30,1,5622,0.27973599954899336,0.41797288562349566,False,BCL11A,ENSG00000119866,0.32673267326732675
all,GO:BP,GO:0030902,hindbrain development,61,30,1,5622,0.27973599954899336,0.41797288562349566,False,SSTR1,ENSG00000139874,0.32673267326732675
all,GO:BP,GO:0008285,negative regulation of cell population proliferation,196,30,2,5622,0.281393016294097,0.41964129990081905,False,"GPNMB, SSTR1","ENSG00000136235, ENSG00000139874",0.32673267326732675
all,GO:BP,GO:0044085,cellular component biogenesis,1351,30,9,5622,0.2816714286163542,0.41964129990081905,False,"CFLAR, FUS, ZMYND8, BCL11A, DNAJB1, ADGRB3, PLXNC1, ICE1, L3MBTL1","ENSG00000003402, ENSG00000089280, ENSG00000101040, ENSG00000119866, ENSG00000132002, ENSG00000135298, ENSG00000136040, ENSG00000164151, ENSG00000185513",0.32673267326732675
all,GO:BP,GO:0070646,protein modification by small protein removal,62,30,1,5622,0.28362161724608564,0.42010427410005485,False,USP12,ENSG00000152484,0.32673267326732675
all,GO:BP,GO:0030308,negative regulation of cell growth,62,30,1,5622,0.28362161724608564,0.42010427410005485,False,BCL11A,ENSG00000119866,0.32673267326732675
all,GO:BP,GO:0045165,cell fate commitment,62,30,1,5622,0.28362161724608564,0.42010427410005485,False,SOX6,ENSG00000110693,0.32673267326732675
all,GO:BP,GO:0032388,positive regulation of intracellular transport,62,30,1,5622,0.28362161724608564,0.42010427410005485,False,ICE1,ENSG00000164151,0.32673267326732675
all,GO:BP,GO:0009888,tissue development,508,30,4,5622,0.2847721585593909,0.4211998016210332,False,"CFLAR, CALB1, SOX6, GSTK1","ENSG00000003402, ENSG00000104327, ENSG00000110693, ENSG00000197448",0.32673267326732675
all,GO:BP,GO:0060078,regulation of postsynaptic membrane potential,63,30,1,5622,0.28748696823216807,0.4221692585071234,False,ZMYND8,ENSG00000101040,0.32673267326732675
all,GO:BP,GO:0055080,monoatomic cation homeostasis,199,30,2,5622,0.28740023723761376,0.4221692585071234,False,"CALB1, CALB2","ENSG00000104327, ENSG00000172137",0.32673267326732675
all,GO:BP,GO:0035967,cellular response to topologically incorrect protein,63,30,1,5622,0.28748696823216807,0.4221692585071234,False,MANF,ENSG00000145050,0.32673267326732675
all,GO:BP,GO:0040007,growth,350,30,3,5622,0.286148173771309,0.4221692585071234,False,"CFLAR, LGMN, BCL11A","ENSG00000003402, ENSG00000100600, ENSG00000119866",0.32673267326732675
all,GO:BP,GO:0042325,regulation of phosphorylation,199,30,2,5622,0.28740023723761376,0.4221692585071234,False,"IBTK, PRKAR2A","ENSG00000005700, ENSG00000114302",0.32673267326732675
all,REAC,REAC:R-HSA-5610787,Hedgehog 'off' state,65,30,1,5622,0.29515727789914054,0.42286956160549904,False,PRKAR2A,ENSG00000114302,0.32673267326732675
all,REAC,REAC:R-HSA-1430728,Metabolism,840,30,6,5622,0.2858908676251683,0.42286956160549904,False,"CPNE3, LGMN, PRKAR2A, CACNA1A, ELOVL7, GSTK1","ENSG00000085719, ENSG00000100600, ENSG00000114302, ENSG00000141837, ENSG00000164181, ENSG00000197448",0.32673267326732675
all,REAC,REAC:R-HSA-109582,Hemostasis,202,30,2,5622,0.29340496085401474,0.42286956160549904,False,"PRKAR2A, MANF","ENSG00000114302, ENSG00000145050",0.32673267326732675
all,REAC,REAC:R-HSA-2132295,MHC class II antigen presentation,65,30,1,5622,0.29515727789914054,0.42286956160549904,False,LGMN,ENSG00000100600,0.32673267326732675
all,REAC,REAC:R-HSA-8856825,Cargo recognition for clathrin-mediated endocytosis,63,30,1,5622,0.28748696823216807,0.42286956160549904,False,SH3GL3,ENSG00000140600,0.32673267326732675
all,REAC,REAC:R-HSA-168898,Toll-like Receptor Cascades,64,30,1,5622,0.2913321545881735,0.42286956160549904,False,LGMN,ENSG00000100600,0.32673267326732675
all,GO:BP,GO:0048738,cardiac muscle tissue development,64,30,1,5622,0.2913321545881735,0.4235680261742945,False,SOX6,ENSG00000110693,0.32673267326732675
all,GO:BP,GO:0055001,muscle cell development,64,30,1,5622,0.2913321545881735,0.4235680261742945,False,CFLAR,ENSG00000003402,0.32673267326732675
all,GO:BP,GO:2000045,regulation of G1/S transition of mitotic cell cycle,64,30,1,5622,0.2913321545881735,0.4235680261742945,False,GPNMB,ENSG00000136235,0.32673267326732675
all,GO:BP,GO:0006665,sphingolipid metabolic process,64,30,1,5622,0.2913321545881735,0.4235680261742945,False,ELOVL7,ENSG00000164181,0.32673267326732675
all,GO:BP,GO:0071453,cellular response to oxygen levels,64,30,1,5622,0.2913321545881735,0.4235680261742945,False,CFLAR,ENSG00000003402,0.32673267326732675
all,GO:BP,GO:0070661,leukocyte proliferation,64,30,1,5622,0.2913321545881735,0.4235680261742945,False,GPNMB,ENSG00000136235,0.32673267326732675
all,GO:BP,GO:0045930,negative regulation of mitotic cell cycle,64,30,1,5622,0.2913321545881735,0.4235680261742945,False,GPNMB,ENSG00000136235,0.32673267326732675
all,GO:BP,GO:0050801,monoatomic ion homeostasis,202,30,2,5622,0.29340496085401474,0.4247741311798938,False,"CALB1, CALB2","ENSG00000104327, ENSG00000172137",0.32673267326732675
all,GO:BP,GO:1901700,response to oxygen-containing compound,515,30,4,5622,0.2933999426192193,0.4247741311798938,False,"CFLAR, LGMN, SSTR1, CACNA1A","ENSG00000003402, ENSG00000100600, ENSG00000139874, ENSG00000141837",0.32673267326732675
all,GO:BP,GO:0009891,positive regulation of biosynthetic process,847,30,6,5622,0.29272302981495274,0.4247741311798938,False,"FUS, ZMYND8, BCL11A, ICE1, RBM4B, TRRAP","ENSG00000089280, ENSG00000101040, ENSG00000119866, ENSG00000164151, ENSG00000173914, ENSG00000196367",0.32673267326732675
all,GO:BP,GO:0002573,myeloid leukocyte differentiation,65,30,1,5622,0.29515727789914054,0.42670833546772746,False,CFLAR,ENSG00000003402,0.32673267326732675
all,GO:CC,GO:0000118,histone deacetylase complex,47,30,1,5622,0.22315098141441048,0.42883797297899773,False,TRRAP,ENSG00000196367,0.32673267326732675
all,REAC,REAC:R-HSA-9824443,Parasitic Infection Pathways,69,30,1,5622,0.3102591551666954,0.4292094954605298,False,PRKAR2A,ENSG00000114302,0.32673267326732675
all,REAC,REAC:R-HSA-9658195,Leishmania infection,69,30,1,5622,0.3102591551666954,0.4292094954605298,False,PRKAR2A,ENSG00000114302,0.32673267326732675
all,REAC,REAC:R-HSA-73887,Death Receptor Signaling,70,30,1,5622,0.31398546983354186,0.4292094954605298,False,CFLAR,ENSG00000003402,0.32673267326732675
all,REAC,REAC:R-HSA-166520,Signaling by NTRKs,70,30,1,5622,0.31398546983354186,0.4292094954605298,False,SH3GL3,ENSG00000140600,0.32673267326732675
all,REAC,REAC:R-HSA-5633007,Regulation of TP53 Activity,70,30,1,5622,0.31398546983354186,0.4292094954605298,False,L3MBTL1,ENSG00000185513,0.32673267326732675
all,GO:BP,GO:0033157,regulation of intracellular protein transport,66,30,1,5622,0.29896243925653215,0.4303883430308225,False,ICE1,ENSG00000164151,0.32673267326732675
all,GO:BP,GO:0048513,animal organ development,853,30,6,5622,0.2986129336404781,0.4303883430308225,False,"CFLAR, CALB1, SOX6, DNAJB1, SSTR1, CNTN4","ENSG00000003402, ENSG00000104327, ENSG00000110693, ENSG00000132002, ENSG00000139874, ENSG00000144619",0.32673267326732675
all,GO:BP,GO:0090596,sensory organ morphogenesis,66,30,1,5622,0.29896243925653215,0.4303883430308225,False,CALB1,ENSG00000104327,0.32673267326732675
all,KEGG,KEGG:04217,Necroptosis,50,30,1,5622,0.23562690336434525,0.4318468197955015,False,CFLAR,ENSG00000003402,0.32673267326732675
all,KEGG,KEGG:00980,Metabolism of xenobiotics by cytochrome P450,11,30,1,5622,0.057206207994295766,0.4318468197955015,False,GSTK1,ENSG00000197448,0.32673267326732675
all,KEGG,KEGG:01040,Biosynthesis of unsaturated fatty acids,13,30,1,5622,0.06726170948376482,0.4318468197955015,False,ELOVL7,ENSG00000164181,0.32673267326732675
all,KEGG,KEGG:01212,Fatty acid metabolism,28,30,1,5622,0.13944261936443392,0.4318468197955015,False,ELOVL7,ENSG00000164181,0.32673267326732675
all,KEGG,KEGG:03015,mRNA surveillance pathway,55,30,1,5622,0.25599091283063,0.4318468197955015,False,FUS,ENSG00000089280,0.32673267326732675
all,KEGG,KEGG:00982,Drug metabolism - cytochrome P450,11,30,1,5622,0.057206207994295766,0.4318468197955015,False,GSTK1,ENSG00000197448,0.32673267326732675
all,KEGG,KEGG:00480,Glutathione metabolism,24,30,1,5622,0.12074061441394496,0.4318468197955015,False,GSTK1,ENSG00000197448,0.32673267326732675
all,KEGG,KEGG:00062,Fatty acid elongation,14,30,1,5622,0.0722505040488365,0.4318468197955015,False,ELOVL7,ENSG00000164181,0.32673267326732675
all,KEGG,KEGG:03083,Polycomb repressive complex,42,30,1,5622,0.2019191135989695,0.4318468197955015,False,L3MBTL1,ENSG00000185513,0.32673267326732675
all,KEGG,KEGG:04930,Type II diabetes mellitus,20,30,1,5622,0.10164600132263059,0.4318468197955015,False,CACNA1A,ENSG00000141837,0.32673267326732675
all,KEGG,KEGG:04146,Peroxisome,38,30,1,5622,0.18453078918482516,0.4318468197955015,False,GSTK1,ENSG00000197448,0.32673267326732675
all,KEGG,KEGG:05204,Chemical carcinogenesis - DNA adducts,10,30,1,5622,0.05213924028376707,0.4318468197955015,False,GSTK1,ENSG00000197448,0.32673267326732675
all,KEGG,KEGG:04742,Taste transduction,15,30,1,5622,0.07721350063916009,0.4318468197955015,False,CACNA1A,ENSG00000141837,0.32673267326732675
all,KEGG,KEGG:04730,Long-term depression,35,30,1,5622,0.17124979023537706,0.4318468197955015,False,CACNA1A,ENSG00000141837,0.32673267326732675
all,KEGG,KEGG:04727,GABAergic synapse,41,30,1,5622,0.19760594001006093,0.4318468197955015,False,CACNA1A,ENSG00000141837,0.32673267326732675
all,KEGG,KEGG:04726,Serotonergic synapse,47,30,1,5622,0.22315098141441048,0.4318468197955015,False,CACNA1A,ENSG00000141837,0.32673267326732675
all,KEGG,KEGG:04210,Apoptosis,51,30,1,5622,0.23974233640437953,0.4318468197955015,False,CFLAR,ENSG00000003402,0.32673267326732675
all,KEGG,KEGG:04724,Glutamatergic synapse,57,30,1,5622,0.263988802544715,0.4318468197955015,False,CACNA1A,ENSG00000141837,0.32673267326732675
all,KEGG,KEGG:04725,Cholinergic synapse,47,30,1,5622,0.22315098141441048,0.4318468197955015,False,CACNA1A,ENSG00000141837,0.32673267326732675
all,KEGG,KEGG:05033,Nicotine addiction,17,30,1,5622,0.08706261459043978,0.4318468197955015,False,CACNA1A,ENSG00000141837,0.32673267326732675
all,KEGG,KEGG:03082,ATP-dependent chromatin remodeling,46,30,1,5622,0.21894876890853826,0.4318468197955015,False,TRRAP,ENSG00000196367,0.32673267326732675
all,KEGG,KEGG:05142,Chagas disease,44,30,1,5622,0.21047832487392823,0.4318468197955015,False,CFLAR,ENSG00000003402,0.32673267326732675
all,KEGG,KEGG:05032,Morphine addiction,40,30,1,5622,0.19327023723634024,0.4318468197955015,False,CACNA1A,ENSG00000141837,0.32673267326732675
all,KEGG,KEGG:04080,Neuroactive ligand-receptor interaction,49,30,1,5622,0.23148993910328272,0.4318468197955015,False,SSTR1,ENSG00000139874,0.32673267326732675
all,KEGG,KEGG:05202,Transcriptional misregulation in cancer,45,30,1,5622,0.21472458702053665,0.4318468197955015,False,FUS,ENSG00000089280,0.32673267326732675
all,KEGG,KEGG:04064,NF-kappa B signaling pathway,24,30,1,5622,0.12074061441394496,0.4318468197955015,False,CFLAR,ENSG00000003402,0.32673267326732675
all,KEGG,KEGG:04081,Hormone signaling,55,30,1,5622,0.25599091283063,0.4318468197955015,False,SSTR1,ENSG00000139874,0.32673267326732675
all,KEGG,KEGG:04961,Endocrine and other factor-regulated calcium reabsorption,33,30,1,5622,0.16227988839054636,0.4318468197955015,False,CALB1,ENSG00000104327,0.32673267326732675
all,KEGG,KEGG:05164,Influenza A,45,30,1,5622,0.21472458702053665,0.4318468197955015,False,DNAJB1,ENSG00000132002,0.32673267326732675
all,KEGG,KEGG:04935,"Growth hormone synthesis, secretion and action",59,30,1,5622,0.27190355320457527,0.4318468197955015,False,SSTR1,ENSG00000139874,0.32673267326732675
all,KEGG,KEGG:05160,Hepatitis C,54,30,1,5622,0.2519605277430384,0.4318468197955015,False,CFLAR,ENSG00000003402,0.32673267326732675
all,KEGG,KEGG:04612,Antigen processing and presentation,18,30,1,5622,0.09194898775052657,0.4318468197955015,False,LGMN,ENSG00000100600,0.32673267326732675
all,KEGG,KEGG:04668,TNF signaling pathway,40,30,1,5622,0.19327023723634024,0.4318468197955015,False,CFLAR,ENSG00000003402,0.32673267326732675
all,KEGG,KEGG:04721,Synaptic vesicle cycle,47,30,1,5622,0.22315098141441048,0.4318468197955015,False,CACNA1A,ENSG00000141837,0.32673267326732675
all,WP,WP:WP437,EGF EGFR signaling,92,30,1,5622,0.3912097646492906,0.4319607818002585,False,SH3GL3,ENSG00000140600,0.32673267326732675
all,GO:CC,GO:0090734,site of DNA damage,48,30,1,5622,0.22733133487765125,0.4331053879996629,False,ZMYND8,ENSG00000101040,0.32673267326732675
all,GO:BP,GO:0001933,negative regulation of protein phosphorylation,67,30,1,5622,0.30274773926054666,0.43522641338297396,False,IBTK,ENSG00000005700,0.32673267326732675
all,GO:BP,GO:0072593,reactive oxygen species metabolic process,68,30,1,5622,0.3065132780224158,0.43879344968292766,False,CFLAR,ENSG00000003402,0.32673267326732675
all,GO:BP,GO:0009612,response to mechanical stimulus,68,30,1,5622,0.3065132780224158,0.43879344968292766,False,CALB1,ENSG00000104327,0.32673267326732675
all,GO:BP,GO:0030307,positive regulation of cell growth,68,30,1,5622,0.3065132780224158,0.43879344968292766,False,BCL11A,ENSG00000119866,0.32673267326732675
all,GO:BP,GO:0010648,negative regulation of cell communication,528,30,4,5622,0.30953779999007025,0.44250522313782725,False,"CFLAR, LGMN, PRKAR2A, SCAI","ENSG00000003402, ENSG00000100600, ENSG00000114302, ENSG00000173611",0.32673267326732675
all,GO:BP,GO:0023057,negative regulation of signaling,529,30,4,5622,0.3107846455908408,0.443668888204195,False,"CFLAR, LGMN, PRKAR2A, SCAI","ENSG00000003402, ENSG00000100600, ENSG00000114302, ENSG00000173611",0.32673267326732675
all,WP,WP:WP2882,Nuclear receptors meta pathway,98,30,1,5622,0.4107676298145508,0.4442996812279836,False,DNAJB1,ENSG00000132002,0.32673267326732675
all,REAC,REAC:R-HSA-9609507,Protein localization,74,30,1,5622,0.3286970697025543,0.44523512168800505,False,GSTK1,ENSG00000197448,0.32673267326732675
all,KEGG,KEGG:04024,cAMP signaling pathway,75,30,1,5622,0.3323270422888777,0.44691651806769916,False,SSTR1,ENSG00000139874,0.32673267326732675
all,KEGG,KEGG:04020,Calcium signaling pathway,76,30,1,5622,0.33593803719266974,0.44691651806769916,False,CACNA1A,ENSG00000141837,0.32673267326732675
all,KEGG,KEGG:05166,Human T-cell leukemia virus 1 infection,80,30,1,5622,0.35019414924396686,0.44691651806769916,False,TRRAP,ENSG00000196367,0.32673267326732675
all,KEGG,KEGG:05017,Spinocerebellar ataxia,84,30,1,5622,0.36415419990701414,0.44691651806769916,False,CACNA1A,ENSG00000141837,0.32673267326732675
all,KEGG,KEGG:04910,Insulin signaling pathway,68,30,1,5622,0.3065132780224158,0.44691651806769916,False,PRKAR2A,ENSG00000114302,0.32673267326732675
all,KEGG,KEGG:04723,Retrograde endocannabinoid signaling,78,30,1,5622,0.34310347673539254,0.44691651806769916,False,CACNA1A,ENSG00000141837,0.32673267326732675
all,KEGG,KEGG:05207,Chemical carcinogenesis - receptor activation,68,30,1,5622,0.3065132780224158,0.44691651806769916,False,CACNA1A,ENSG00000141837,0.32673267326732675
all,KEGG,KEGG:04728,Dopaminergic synapse,79,30,1,5622,0.3466581116015431,0.44691651806769916,False,CACNA1A,ENSG00000141837,0.32673267326732675
all,KEGG,KEGG:04360,Axon guidance,81,30,1,5622,0.3537116836219316,0.44691651806769916,False,PLXNC1,ENSG00000136040,0.32673267326732675
all,KEGG,KEGG:03040,Spliceosome,83,30,1,5622,0.36069161613449846,0.44691651806769916,False,FUS,ENSG00000089280,0.32673267326732675
all,GO:BP,GO:0016043,cellular component organization,2475,30,15,5622,0.31509903691744323,0.44920238225365694,False,"CFLAR, FUS, LGMN, ZMYND8, BCL11A, DNAJB1, ADGRB3, PLXNC1, SH3GL3, PPFIA4, CNTN4, MANF, ICE1, L3MBTL1, TRRAP","ENSG00000003402, ENSG00000089280, ENSG00000100600, ENSG00000101040, ENSG00000119866, ENSG00000132002, ENSG00000135298, ENSG00000136040, ENSG00000140600, ENSG00000143847, ENSG00000144619, ENSG00000145050, ENSG00000164151, ENSG00000185513, ENSG00000196367",0.32673267326732675
all,GO:BP,GO:0001818,negative regulation of cytokine production,71,30,1,5622,0.3176923206809831,0.4516430356421743,False,GPNMB,ENSG00000136235,0.32673267326732675
all,GO:BP,GO:0048639,positive regulation of developmental growth,71,30,1,5622,0.3176923206809831,0.4516430356421743,False,BCL11A,ENSG00000119866,0.32673267326732675
all,GO:MF,GO:0003730,mRNA 3'-UTR binding,59,30,1,5622,0.27190355320457527,0.4523705132961071,False,FUS,ENSG00000089280,0.32673267326732675
all,GO:BP,GO:0006354,DNA-templated transcription elongation,72,30,1,5622,0.32137980588717485,0.4531145818904457,False,ZMYND8,ENSG00000101040,0.32673267326732675
all,GO:BP,GO:0034329,cell junction assembly,216,30,2,5622,0.32135393765720793,0.4531145818904457,False,"ADGRB3, PLXNC1","ENSG00000135298, ENSG00000136040",0.32673267326732675
all,GO:BP,GO:0031333,negative regulation of protein-containing complex assembly,72,30,1,5622,0.32137980588717485,0.4531145818904457,False,BCL11A,ENSG00000119866,0.32673267326732675
all,GO:BP,GO:1902806,regulation of cell cycle G1/S phase transition,72,30,1,5622,0.32137980588717485,0.4531145818904457,False,GPNMB,ENSG00000136235,0.32673267326732675
all,GO:BP,GO:0009266,response to temperature stimulus,72,30,1,5622,0.32137980588717485,0.4531145818904457,False,DNAJB1,ENSG00000132002,0.32673267326732675
all,GO:BP,GO:0007169,cell surface receptor protein tyrosine kinase signaling pathway,215,30,2,5622,0.3193632394362013,0.4531145818904457,False,"CPNE3, LGMN","ENSG00000085719, ENSG00000100600",0.32673267326732675
all,GO:BP,GO:0035239,tube morphogenesis,217,30,2,5622,0.32334353630043416,0.45525703943399054,False,"ADGRB3, GPNMB","ENSG00000135298, ENSG00000136235",0.32673267326732675
all,GO:BP,GO:0035264,multicellular organism growth,73,30,1,5622,0.3250480231526496,0.4561768689785701,False,LGMN,ENSG00000100600,0.32673267326732675
all,GO:BP,GO:0042326,negative regulation of phosphorylation,73,30,1,5622,0.3250480231526496,0.4561768689785701,False,IBTK,ENSG00000005700,0.32673267326732675
all,GO:BP,GO:0030155,regulation of cell adhesion,218,30,2,5622,0.32533199143739977,0.4561768689785701,False,"PLXNC1, GPNMB","ENSG00000136040, ENSG00000136235",0.32673267326732675
all,GO:BP,GO:1901988,negative regulation of cell cycle phase transition,74,30,1,5622,0.3286970697025543,0.4602657055261174,False,GPNMB,ENSG00000136235,0.32673267326732675
all,GO:CC,GO:0000123,histone acetyltransferase complex,52,30,1,5622,0.24383634643989707,0.4605797654975833,False,TRRAP,ENSG00000196367,0.32673267326732675
all,GO:MF,GO:0051082,unfolded protein binding,61,30,1,5622,0.27973599954899336,0.4613190168000941,False,DNAJB1,ENSG00000132002,0.32673267326732675
all,GO:CC,GO:0005925,focal adhesion,184,30,2,5622,0.2573687154257295,0.46179024763781445,False,"CPNE3, PRKAR2A","ENSG00000085719, ENSG00000114302",0.32673267326732675
all,GO:CC,GO:0005769,early endosome,183,30,2,5622,0.25536901061254097,0.46179024763781445,False,"GPNMB, SH3GL3","ENSG00000136235, ENSG00000140600",0.32673267326732675
all,GO:CC,GO:0035770,ribonucleoprotein granule,334,30,3,5622,0.2625317371741254,0.46179024763781445,False,"BCL11A, ICE1, RBM4B","ENSG00000119866, ENSG00000164151, ENSG00000173914",0.32673267326732675
all,GO:CC,GO:0030863,cortical cytoskeleton,55,30,1,5622,0.25599091283063,0.46179024763781445,False,CALB1,ENSG00000104327,0.32673267326732675
all,GO:CC,GO:0030880,RNA polymerase complex,54,30,1,5622,0.2519605277430384,0.46179024763781445,False,TRRAP,ENSG00000196367,0.32673267326732675
all,GO:CC,GO:0098797,plasma membrane protein complex,188,30,2,5622,0.26537267624435484,0.46179024763781445,False,"CFLAR, CACNA1A","ENSG00000003402, ENSG00000141837",0.32673267326732675
all,GO:CC,GO:0000428,DNA-directed RNA polymerase complex,54,30,1,5622,0.2519605277430384,0.46179024763781445,False,TRRAP,ENSG00000196367,0.32673267326732675
all,GO:CC,GO:0070161,anchoring junction,326,30,3,5622,0.2508417120554974,0.46179024763781445,False,"CPNE3, PRKAR2A, CALB2","ENSG00000085719, ENSG00000114302, ENSG00000172137",0.32673267326732675
all,GO:CC,GO:0032993,protein-DNA complex,56,30,1,5622,0.26000030255850487,0.46179024763781445,False,TRRAP,ENSG00000196367,0.32673267326732675
all,GO:CC,GO:0030055,cell-substrate junction,187,30,2,5622,0.26337103530481887,0.46179024763781445,False,"CPNE3, PRKAR2A","ENSG00000085719, ENSG00000114302",0.32673267326732675
all,WP,WP:WP382,MAPK signaling,106,30,1,5622,0.43590214624619167,0.46205627502096347,False,CACNA1A,ENSG00000141837,0.32673267326732675
all,GO:BP,GO:0003018,vascular process in circulatory system,75,30,1,5622,0.3323270422888777,0.4621916124099043,False,MANF,ENSG00000145050,0.32673267326732675
all,GO:BP,GO:0048863,stem cell differentiation,75,30,1,5622,0.3323270422888777,0.4621916124099043,False,SOX6,ENSG00000110693,0.32673267326732675
all,GO:BP,GO:0031334,positive regulation of protein-containing complex assembly,75,30,1,5622,0.3323270422888777,0.4621916124099043,False,ICE1,ENSG00000164151,0.32673267326732675
all,GO:BP,GO:0009636,response to toxic substance,75,30,1,5622,0.3323270422888777,0.4621916124099043,False,GSTK1,ENSG00000197448,0.32673267326732675
all,GO:BP,GO:0031032,actomyosin structure organization,75,30,1,5622,0.3323270422888777,0.4621916124099043,False,CFLAR,ENSG00000003402,0.32673267326732675
all,GO:BP,GO:0048584,positive regulation of response to stimulus,716,30,5,5622,0.3332363436654392,0.46282825509088765,False,"CFLAR, FUS, LGMN, GPNMB, TRRAP","ENSG00000003402, ENSG00000089280, ENSG00000100600, ENSG00000136235, ENSG00000196367",0.32673267326732675
all,GO:BP,GO:0043488,regulation of mRNA stability,76,30,1,5622,0.33593803719266974,0.4640653478739709,False,FUS,ENSG00000089280,0.32673267326732675
all,GO:BP,GO:0008283,cell population proliferation,548,30,4,5622,0.33459341376478,0.4640653478739709,False,"CFLAR, LGMN, GPNMB, SSTR1","ENSG00000003402, ENSG00000100600, ENSG00000136235, ENSG00000139874",0.32673267326732675
all,GO:BP,GO:0010721,negative regulation of cell development,76,30,1,5622,0.33593803719266974,0.4640653478739709,False,BCL11A,ENSG00000119866,0.32673267326732675
all,GO:BP,GO:0097191,extrinsic apoptotic signaling pathway,76,30,1,5622,0.33593803719266974,0.4640653478739709,False,CFLAR,ENSG00000003402,0.32673267326732675
all,GO:CC,GO:0098839,postsynaptic density membrane,60,30,1,5622,0.2758300125617319,0.46774365585954447,False,ADGRB3,ENSG00000135298,0.32673267326732675
all,GO:CC,GO:0005886,plasma membrane,1520,30,10,5622,0.27666279724404746,0.46774365585954447,False,"CFLAR, CPNE3, PRKAR2A, ADGRB3, PLXNC1, GPNMB, SSTR1, CACNA1A, CNTN4, USP12","ENSG00000003402, ENSG00000085719, ENSG00000114302, ENSG00000135298, ENSG00000136040, ENSG00000136235, ENSG00000139874, ENSG00000141837, ENSG00000144619, ENSG00000152484",0.32673267326732675
all,GO:CC,GO:0031248,protein acetyltransferase complex,60,30,1,5622,0.2758300125617319,0.46774365585954447,False,TRRAP,ENSG00000196367,0.32673267326732675
all,GO:CC,GO:0030424,axon,344,30,3,5622,0.2772598141067885,0.46774365585954447,False,"CALB1, CNTN4, CALB2","ENSG00000104327, ENSG00000144619, ENSG00000172137",0.32673267326732675
all,GO:BP,GO:0050900,leukocyte migration,77,30,1,5622,0.3395301502262471,0.4683962368531668,False,LGMN,ENSG00000100600,0.32673267326732675
all,GO:MF,GO:0000149,SNARE binding,63,30,1,5622,0.28748696823216807,0.46906906460748443,False,CACNA1A,ENSG00000141837,0.32673267326732675
all,GO:MF,GO:0051087,protein-folding chaperone binding,65,30,1,5622,0.29515727789914054,0.46906906460748443,False,DNAJB1,ENSG00000132002,0.32673267326732675
all,GO:MF,GO:0140297,DNA-binding transcription factor binding,204,30,2,5622,0.29740602881613787,0.46906906460748443,False,"ZMYND8, BCL11A","ENSG00000101040, ENSG00000119866",0.32673267326732675
all,GO:MF,GO:0005509,calcium ion binding,205,30,2,5622,0.2994057859196709,0.46906906460748443,False,"CALB1, CALB2","ENSG00000104327, ENSG00000172137",0.32673267326732675
all,GO:MF,GO:0000978,RNA polymerase II cis-regulatory region sequence-specific DNA binding,202,30,2,5622,0.29340496085401474,0.46906906460748443,False,"SOX6, BCL11A","ENSG00000110693, ENSG00000119866",0.32673267326732675
all,GO:MF,GO:1901681,sulfur compound binding,65,30,1,5622,0.29515727789914054,0.46906906460748443,False,GPNMB,ENSG00000136235,0.32673267326732675
all,REAC,REAC:R-HSA-5358351,Signaling by Hedgehog,80,30,1,5622,0.35019414924396686,0.4700804345707302,False,PRKAR2A,ENSG00000114302,0.32673267326732675
all,GO:BP,GO:0099175,regulation of postsynapse organization,78,30,1,5622,0.34310347673539254,0.472055118998359,False,ZMYND8,ENSG00000101040,0.32673267326732675
all,GO:BP,GO:0007623,circadian rhythm,78,30,1,5622,0.34310347673539254,0.472055118998359,False,RBM4B,ENSG00000173914,0.32673267326732675
all,GO:CC,GO:0016363,nuclear matrix,62,30,1,5622,0.28362161724608564,0.47485134402564366,False,BCL11A,ENSG00000119866,0.32673267326732675
all,GO:CC,GO:0042579,microbody,64,30,1,5622,0.2913321545881735,0.47612962347233573,False,GSTK1,ENSG00000197448,0.32673267326732675
all,GO:CC,GO:0048770,pigment granule,65,30,1,5622,0.29515727789914054,0.47612962347233573,False,GPNMB,ENSG00000136235,0.32673267326732675
all,GO:CC,GO:0005777,peroxisome,64,30,1,5622,0.2913321545881735,0.47612962347233573,False,GSTK1,ENSG00000197448,0.32673267326732675
all,GO:CC,GO:0042470,melanosome,65,30,1,5622,0.29515727789914054,0.47612962347233573,False,GPNMB,ENSG00000136235,0.32673267326732675
all,GO:CC,GO:1902493,acetyltransferase complex,65,30,1,5622,0.29515727789914054,0.47612962347233573,False,TRRAP,ENSG00000196367,0.32673267326732675
all,GO:BP,GO:0071695,anatomical structure maturation,79,30,1,5622,0.3466581116015431,0.47630638658388985,False,ADGRB3,ENSG00000135298,0.32673267326732675
all,GO:MF,GO:0000987,cis-regulatory region sequence-specific DNA binding,209,30,2,5622,0.3073984787441068,0.4776108595362986,False,"SOX6, BCL11A","ENSG00000110693, ENSG00000119866",0.32673267326732675
all,GO:CC,GO:0098858,actin-based cell projection,66,30,1,5622,0.29896243925653215,0.4779089312612917,False,CALB1,ENSG00000104327,0.32673267326732675
all,GO:CC,GO:0042582,azurophil granule,67,30,1,5622,0.30274773926054666,0.4779089312612917,False,CPNE3,ENSG00000085719,0.32673267326732675
all,GO:CC,GO:0005766,primary lysosome,67,30,1,5622,0.30274773926054666,0.4779089312612917,False,CPNE3,ENSG00000085719,0.32673267326732675
all,GO:BP,GO:0040008,regulation of growth,231,30,2,5622,0.35105869752729185,0.4804207809952931,False,"LGMN, BCL11A","ENSG00000100600, ENSG00000119866",0.32673267326732675
all,GO:BP,GO:0043123,positive regulation of canonical NF-kappaB signal transduction,80,30,1,5622,0.35019414924396686,0.4804207809952931,False,CFLAR,ENSG00000003402,0.32673267326732675
all,GO:BP,GO:0009887,animal organ morphogenesis,231,30,2,5622,0.35105869752729185,0.4804207809952931,False,"CALB1, SOX6","ENSG00000104327, ENSG00000110693",0.32673267326732675
all,GO:BP,GO:0000165,MAPK cascade,232,30,2,5622,0.3530267866687311,0.4824699417805993,False,"CFLAR, GPNMB","ENSG00000003402, ENSG00000136235",0.32673267326732675
all,GO:BP,GO:0061013,regulation of mRNA catabolic process,81,30,1,5622,0.3537116836219316,0.4827622845705453,False,FUS,ENSG00000089280,0.32673267326732675
all,GO:MF,GO:0001227,"DNA-binding transcription repressor activity, RNA polymerase II-specific",70,30,1,5622,0.31398546983354186,0.48384646171070395,False,BCL11A,ENSG00000119866,0.32673267326732675
all,GO:BP,GO:0008284,positive regulation of cell population proliferation,233,30,2,5622,0.3549931275778414,0.4838669624564991,False,"CFLAR, LGMN","ENSG00000003402, ENSG00000100600",0.32673267326732675
all,GO:BP,GO:0043487,regulation of RNA stability,82,30,1,5622,0.3572108082368638,0.48495507078514666,False,FUS,ENSG00000089280,0.32673267326732675
all,GO:BP,GO:0010608,post-transcriptional regulation of gene expression,234,30,2,5622,0.35695768340356654,0.48495507078514666,False,"FUS, RBM4B","ENSG00000089280, ENSG00000173914",0.32673267326732675
all,GO:BP,GO:0001666,response to hypoxia,82,30,1,5622,0.3572108082368638,0.48495507078514666,False,CFLAR,ENSG00000003402,0.32673267326732675
all,GO:BP,GO:2001234,negative regulation of apoptotic signaling pathway,83,30,1,5622,0.36069161613449846,0.48810875405289655,False,CFLAR,ENSG00000003402,0.32673267326732675
all,GO:BP,GO:0007155,cell adhesion,400,30,3,5622,0.36096237616789817,0.48810875405289655,False,"PLXNC1, GPNMB, CNTN4","ENSG00000136040, ENSG00000136235, ENSG00000144619",0.32673267326732675
all,GO:BP,GO:0009755,hormone-mediated signaling pathway,83,30,1,5622,0.36069161613449846,0.48810875405289655,False,SSTR1,ENSG00000139874,0.32673267326732675
all,GO:BP,GO:0090304,nucleic acid metabolic process,1628,30,10,5622,0.3622476635390845,0.48920139015489067,False,"FUS, ZMYND8, SOX6, BCL11A, DNAJB1, ICE1, SCAI, RBM4B, L3MBTL1, TRRAP","ENSG00000089280, ENSG00000101040, ENSG00000110693, ENSG00000119866, ENSG00000132002, ENSG00000164151, ENSG00000173611, ENSG00000173914, ENSG00000185513, ENSG00000196367",0.32673267326732675
all,GO:BP,GO:0000082,G1/S transition of mitotic cell cycle,84,30,1,5622,0.36415419990701414,0.4898399670665216,False,GPNMB,ENSG00000136235,0.32673267326732675
all,GO:BP,GO:0042221,response to chemical,1094,30,7,5622,0.36387301535537514,0.4898399670665216,False,"CFLAR, CPNE3, LGMN, GPNMB, SSTR1, CACNA1A, GSTK1","ENSG00000003402, ENSG00000085719, ENSG00000100600, ENSG00000136235, ENSG00000139874, ENSG00000141837, ENSG00000197448",0.32673267326732675
all,GO:BP,GO:0051963,regulation of synapse assembly,84,30,1,5622,0.36415419990701414,0.4898399670665216,False,ADGRB3,ENSG00000135298,0.32673267326732675
all,GO:BP,GO:0048813,dendrite morphogenesis,85,30,1,5622,0.36759865169516726,0.49253414116019095,False,ADGRB3,ENSG00000135298,0.32673267326732675
all,GO:BP,GO:0002682,regulation of immune system process,404,30,3,5622,0.36695551322189635,0.49253414116019095,False,"LGMN, GPNMB, L3MBTL1","ENSG00000100600, ENSG00000136235, ENSG00000185513",0.32673267326732675
all,GO:BP,GO:0043010,camera-type eye development,85,30,1,5622,0.36759865169516726,0.49253414116019095,False,CALB1,ENSG00000104327,0.32673267326732675
all,GO:CC,GO:1902554,serine/threonine protein kinase complex,71,30,1,5622,0.3176923206809831,0.4944366399330793,False,PRKAR2A,ENSG00000114302,0.32673267326732675
all,GO:CC,GO:0034703,cation channel complex,71,30,1,5622,0.3176923206809831,0.4944366399330793,False,CACNA1A,ENSG00000141837,0.32673267326732675
all,GO:BP,GO:0060341,regulation of cellular localization,241,30,2,5622,0.3706565826981335,0.4947867850264086,False,"ZMYND8, ICE1","ENSG00000101040, ENSG00000164151",0.32673267326732675
all,GO:BP,GO:0048585,negative regulation of response to stimulus,577,30,4,5622,0.3712107684734719,0.4947867850264086,False,"CFLAR, LGMN, PRKAR2A, SCAI","ENSG00000003402, ENSG00000100600, ENSG00000114302, ENSG00000173611",0.32673267326732675
all,GO:BP,GO:0071383,cellular response to steroid hormone stimulus,86,30,1,5622,0.37102506319040696,0.4947867850264086,False,CFLAR,ENSG00000003402,0.32673267326732675
all,GO:BP,GO:0055082,intracellular chemical homeostasis,241,30,2,5622,0.3706565826981335,0.4947867850264086,False,"CALB1, CALB2","ENSG00000104327, ENSG00000172137",0.32673267326732675
all,GO:BP,GO:0050806,positive regulation of synaptic transmission,87,30,1,5622,0.3744335256369907,0.49843423867261755,False,LGMN,ENSG00000100600,0.32673267326732675
all,GO:CC,GO:1905368,peptidase complex,73,30,1,5622,0.3250480231526496,0.4988584244217749,False,TRRAP,ENSG00000196367,0.32673267326732675
all,GO:CC,GO:0099634,postsynaptic specialization membrane,73,30,1,5622,0.3250480231526496,0.4988584244217749,False,ADGRB3,ENSG00000135298,0.32673267326732675
all,GO:BP,GO:1903037,regulation of leukocyte cell-cell adhesion,88,30,1,5622,0.37782412983408026,0.5016447319688244,False,GPNMB,ENSG00000136235,0.32673267326732675
all,GO:BP,GO:0031345,negative regulation of cell projection organization,88,30,1,5622,0.37782412983408026,0.5016447319688244,False,BCL11A,ENSG00000119866,0.32673267326732675
all,GO:BP,GO:0071840,cellular component organization or biogenesis,2565,30,15,5622,0.38101523158584427,0.5052271828919666,False,"CFLAR, FUS, LGMN, ZMYND8, BCL11A, DNAJB1, ADGRB3, PLXNC1, SH3GL3, PPFIA4, CNTN4, MANF, ICE1, L3MBTL1, TRRAP","ENSG00000003402, ENSG00000089280, ENSG00000100600, ENSG00000101040, ENSG00000119866, ENSG00000132002, ENSG00000135298, ENSG00000136040, ENSG00000140600, ENSG00000143847, ENSG00000144619, ENSG00000145050, ENSG00000164151, ENSG00000185513, ENSG00000196367",0.32673267326732675
all,GO:CC,GO:0005775,vacuolar lumen,75,30,1,5622,0.3323270422888777,0.5065122506609788,False,LGMN,ENSG00000100600,0.32673267326732675
all,REAC,REAC:R-HSA-76002,"Platelet activation, signaling and aggregation",90,30,1,5622,0.38455212446349285,0.5070643057084995,False,MANF,ENSG00000145050,0.32673267326732675
all,REAC,REAC:R-HSA-8856828,Clathrin-mediated endocytosis,90,30,1,5622,0.38455212446349285,0.5070643057084995,False,SH3GL3,ENSG00000140600,0.32673267326732675
all,GO:BP,GO:0050863,regulation of T cell activation,90,30,1,5622,0.38455212446349285,0.5072920560811843,False,GPNMB,ENSG00000136235,0.32673267326732675
all,GO:BP,GO:0036293,response to decreased oxygen levels,90,30,1,5622,0.38455212446349285,0.5072920560811843,False,CFLAR,ENSG00000003402,0.32673267326732675
all,GO:BP,GO:0033993,response to lipid,248,30,2,5622,0.3842543629347468,0.5072920560811843,False,"CFLAR, SSTR1","ENSG00000003402, ENSG00000139874",0.32673267326732675
all,GO:BP,GO:0007411,axon guidance,90,30,1,5622,0.38455212446349285,0.5072920560811843,False,CNTN4,ENSG00000144619,0.32673267326732675
all,GO:BP,GO:0051222,positive regulation of protein transport,93,30,1,5622,0.3945124241539058,0.507371687274471,False,ICE1,ENSG00000164151,0.32673267326732675
all,GO:BP,GO:0060491,regulation of cell projection assembly,92,30,1,5622,0.3912097646492906,0.507371687274471,False,ZMYND8,ENSG00000101040,0.32673267326732675
all,GO:BP,GO:0097485,neuron projection guidance,91,30,1,5622,0.3878896942874436,0.507371687274471,False,CNTN4,ENSG00000144619,0.32673267326732675
all,GO:BP,GO:0008202,steroid metabolic process,93,30,1,5622,0.3945124241539058,0.507371687274471,False,LGMN,ENSG00000100600,0.32673267326732675
all,GO:BP,GO:0009416,response to light stimulus,93,30,1,5622,0.3945124241539058,0.507371687274471,False,RBM4B,ENSG00000173914,0.32673267326732675
all,GO:BP,GO:0010467,gene expression,2029,30,12,5622,0.3926792881697428,0.507371687274471,False,"FUS, LGMN, ZMYND8, SOX6, BCL11A, DNAJB1, GPNMB, ICE1, SCAI, RBM4B, L3MBTL1, TRRAP","ENSG00000089280, ENSG00000100600, ENSG00000101040, ENSG00000110693, ENSG00000119866, ENSG00000132002, ENSG00000136235, ENSG00000164151, ENSG00000173611, ENSG00000173914, ENSG00000185513, ENSG00000196367",0.32673267326732675
all,GO:BP,GO:0045936,negative regulation of phosphate metabolic process,91,30,1,5622,0.3878896942874436,0.507371687274471,False,IBTK,ENSG00000005700,0.32673267326732675
all,GO:BP,GO:0046394,carboxylic acid biosynthetic process,92,30,1,5622,0.3912097646492906,0.507371687274471,False,ELOVL7,ENSG00000164181,0.32673267326732675
all,GO:BP,GO:0010563,negative regulation of phosphorus metabolic process,91,30,1,5622,0.3878896942874436,0.507371687274471,False,IBTK,ENSG00000005700,0.32673267326732675
all,GO:BP,GO:0120032,regulation of plasma membrane bounded cell projection assembly,92,30,1,5622,0.3912097646492906,0.507371687274471,False,ZMYND8,ENSG00000101040,0.32673267326732675
all,GO:BP,GO:0016053,organic acid biosynthetic process,92,30,1,5622,0.3912097646492906,0.507371687274471,False,ELOVL7,ENSG00000164181,0.32673267326732675
all,GO:BP,GO:0050678,regulation of epithelial cell proliferation,91,30,1,5622,0.3878896942874436,0.507371687274471,False,CFLAR,ENSG00000003402,0.32673267326732675
all,GO:BP,GO:0010948,negative regulation of cell cycle process,91,30,1,5622,0.3878896942874436,0.507371687274471,False,GPNMB,ENSG00000136235,0.32673267326732675
all,GO:BP,GO:0098739,import across plasma membrane,92,30,1,5622,0.3912097646492906,0.507371687274471,False,CACNA1A,ENSG00000141837,0.32673267326732675
all,GO:BP,GO:0044843,cell cycle G1/S phase transition,93,30,1,5622,0.3945124241539058,0.507371687274471,False,GPNMB,ENSG00000136235,0.32673267326732675
all,GO:BP,GO:0032870,cellular response to hormone stimulus,253,30,2,5622,0.39389902042988645,0.507371687274471,False,"CFLAR, SSTR1","ENSG00000003402, ENSG00000139874",0.32673267326732675
all,GO:BP,GO:1905475,regulation of protein localization to membrane,91,30,1,5622,0.3878896942874436,0.507371687274471,False,ZMYND8,ENSG00000101040,0.32673267326732675
all,GO:BP,GO:0007049,cell cycle,592,30,4,5622,0.390190238564732,0.507371687274471,False,"LGMN, GPNMB, L3MBTL1, TRRAP","ENSG00000100600, ENSG00000136235, ENSG00000185513, ENSG00000196367",0.32673267326732675
all,GO:BP,GO:0007159,leukocyte cell-cell adhesion,93,30,1,5622,0.3945124241539058,0.507371687274471,False,GPNMB,ENSG00000136235,0.32673267326732675
all,GO:BP,GO:0006139,nucleobase-containing compound metabolic process,1844,30,11,5622,0.3906598666693403,0.507371687274471,False,"FUS, ZMYND8, SOX6, BCL11A, DNAJB1, ICE1, ELOVL7, SCAI, RBM4B, L3MBTL1, TRRAP","ENSG00000089280, ENSG00000101040, ENSG00000110693, ENSG00000119866, ENSG00000132002, ENSG00000164151, ENSG00000164181, ENSG00000173611, ENSG00000173914, ENSG00000185513, ENSG00000196367",0.32673267326732675
all,GO:BP,GO:0098609,cell-cell adhesion,254,30,2,5622,0.39582075246945236,0.5077800641817133,False,"GPNMB, CNTN4","ENSG00000136235, ENSG00000144619",0.32673267326732675
all,GO:BP,GO:0051174,regulation of phosphorus metabolic process,254,30,2,5622,0.39582075246945236,0.5077800641817133,False,"IBTK, PRKAR2A","ENSG00000005700, ENSG00000114302",0.32673267326732675
all,GO:MF,GO:0042393,histone binding,75,30,1,5622,0.3323270422888777,0.5079470239862519,False,L3MBTL1,ENSG00000185513,0.32673267326732675
all,GO:BP,GO:0040029,epigenetic regulation of gene expression,94,30,1,5622,0.39779776097347236,0.5090420786489499,False,L3MBTL1,ENSG00000185513,0.32673267326732675
all,GO:BP,GO:1990138,neuron projection extension,94,30,1,5622,0.39779776097347236,0.5090420786489499,False,BCL11A,ENSG00000119866,0.32673267326732675
all,GO:BP,GO:0009605,response to external stimulus,599,30,4,5622,0.39903993948258737,0.5099949351242538,False,"LGMN, CALB1, GPNMB, RBM4B","ENSG00000100600, ENSG00000104327, ENSG00000136235, ENSG00000173914",0.32673267326732675
all,GO:BP,GO:0008150,biological_process,5250,30,29,5622,0.40017585664151956,0.5108097796482658,False,"CFLAR, IBTK, CPNE3, FUS, LGMN, ZMYND8, CALB1, SOX6, PRKAR2A, BCL11A, DNAJB1, ADGRB3, PLXNC1, GPNMB, SSTR1, SH3GL3, CACNA1A, PPFIA4, CNTN4, MANF, USP12, ICE1, ELOVL7, CALB2, SCAI, RBM4B, L3MBTL1, TRRAP, GSTK1","ENSG00000003402, ENSG00000005700, ENSG00000085719, ENSG00000089280, ENSG00000100600, ENSG00000101040, ENSG00000104327, ENSG00000110693, ENSG00000114302, ENSG00000119866, ENSG00000132002, ENSG00000135298, ENSG00000136040, ENSG00000136235, ENSG00000139874, ENSG00000140600, ENSG00000141837, ENSG00000143847, ENSG00000144619, ENSG00000145050, ENSG00000152484, ENSG00000164151, ENSG00000164181, ENSG00000172137, ENSG00000173611, ENSG00000173914, ENSG00000185513, ENSG00000196367, ENSG00000197448",0.32673267326732675
all,GO:MF,GO:0000981,"DNA-binding transcription factor activity, RNA polymerase II-specific",224,30,2,5622,0.337236307095719,0.5112937559193157,False,"SOX6, BCL11A","ENSG00000110693, ENSG00000119866",0.32673267326732675
all,GO:BP,GO:0008361,regulation of cell size,95,30,1,5622,0.4010658628495206,0.5113090913193514,False,BCL11A,ENSG00000119866,0.32673267326732675
all,REAC,REAC:R-HSA-112314,Neurotransmitter receptors and postsynaptic signal transmission,93,30,1,5622,0.3945124241539058,0.5156346596397541,False,PRKAR2A,ENSG00000114302,0.32673267326732675
all,GO:MF,GO:0022836,gated channel activity,78,30,1,5622,0.34310347673539254,0.5160276290100305,False,CACNA1A,ENSG00000141837,0.32673267326732675
all,GO:BP,GO:0006457,protein folding,97,30,1,5622,0.40755071059606796,0.5176449545984753,False,DNAJB1,ENSG00000132002,0.32673267326732675
all,GO:BP,GO:0140014,mitotic nuclear division,97,30,1,5622,0.40755071059606796,0.5176449545984753,False,L3MBTL1,ENSG00000185513,0.32673267326732675
all,GO:BP,GO:0010001,glial cell differentiation,97,30,1,5622,0.40755071059606796,0.5176449545984753,False,SOX6,ENSG00000110693,0.32673267326732675
all,KEGG,KEGG:04141,Protein processing in endoplasmic reticulum,107,30,1,5622,0.43897011861976215,0.518263850470162,False,DNAJB1,ENSG00000132002,0.32673267326732675
all,KEGG,KEGG:04140,Autophagy - animal,110,30,1,5622,0.4480775675213221,0.518263850470162,False,CFLAR,ENSG00000003402,0.32673267326732675
all,KEGG,KEGG:04010,MAPK signaling pathway,111,30,1,5622,0.4510814994832892,0.518263850470162,False,CACNA1A,ENSG00000141837,0.32673267326732675
all,GO:BP,GO:1902532,negative regulation of intracellular signal transduction,261,30,2,5622,0.4092022121403873,0.5190993408959119,False,"PRKAR2A, SCAI","ENSG00000114302, ENSG00000173611",0.32673267326732675
all,GO:BP,GO:0042594,response to starvation,98,30,1,5622,0.4107676298145508,0.5202234709245657,False,SSTR1,ENSG00000139874,0.32673267326732675
all,GO:BP,GO:0010564,regulation of cell cycle process,262,30,2,5622,0.4111034258038032,0.5202234709245657,False,"GPNMB, L3MBTL1","ENSG00000136235, ENSG00000185513",0.32673267326732675
all,GO:MF,GO:0003682,chromatin binding,231,30,2,5622,0.35105869752729185,0.5238018661518329,False,"FUS, L3MBTL1","ENSG00000089280, ENSG00000185513",0.32673267326732675
all,GO:BP,GO:0001654,eye development,100,30,1,5622,0.4171508891393568,0.5265759376451241,False,CALB1,ENSG00000104327,0.32673267326732675
all,GO:BP,GO:0045927,positive regulation of growth,100,30,1,5622,0.4171508891393568,0.5265759376451241,False,BCL11A,ENSG00000119866,0.32673267326732675
all,REAC,REAC:R-HSA-1483257,Phospholipid metabolism,97,30,1,5622,0.40755071059606796,0.528043964163601,False,CPNE3,ENSG00000085719,0.32673267326732675
all,GO:MF,GO:0003700,DNA-binding transcription factor activity,234,30,2,5622,0.35695768340356654,0.5284097990540988,False,"SOX6, BCL11A","ENSG00000110693, ENSG00000119866",0.32673267326732675
all,GO:BP,GO:0007626,locomotory behavior,101,30,1,5622,0.42031740006398893,0.5288570676467765,False,CALB1,ENSG00000104327,0.32673267326732675
all,GO:BP,GO:0006396,RNA processing,440,30,3,5622,0.42050586354353436,0.5288570676467765,False,"FUS, RBM4B, TRRAP","ENSG00000089280, ENSG00000173914, ENSG00000196367",0.32673267326732675
all,GO:BP,GO:0150063,visual system development,101,30,1,5622,0.42031740006398893,0.5288570676467765,False,CALB1,ENSG00000104327,0.32673267326732675
all,GO:CC,GO:1902911,protein kinase complex,80,30,1,5622,0.35019414924396686,0.5300884039925798,False,PRKAR2A,ENSG00000114302,0.32673267326732675
all,GO:BP,GO:0070482,response to oxygen levels,102,30,1,5622,0.423467278346561,0.5312777971912179,False,CFLAR,ENSG00000003402,0.32673267326732675
all,GO:BP,GO:0048880,sensory system development,102,30,1,5622,0.423467278346561,0.5312777971912179,False,CALB1,ENSG00000104327,0.32673267326732675
all,GO:MF,GO:0043167,ion binding,1990,30,12,5622,0.36206243412321326,0.5317792001184698,False,"CPNE3, FUS, ZMYND8, CALB1, PRKAR2A, BCL11A, CACNA1A, USP12, CALB2, RBM4B, C11orf54, L3MBTL1","ENSG00000085719, ENSG00000089280, ENSG00000101040, ENSG00000104327, ENSG00000114302, ENSG00000119866, ENSG00000141837, ENSG00000152484, ENSG00000172137, ENSG00000173914, ENSG00000182919, ENSG00000185513",0.32673267326732675
all,GO:BP,GO:0090287,regulation of cellular response to growth factor stimulus,103,30,1,5622,0.4266006083555472,0.5345545520347625,False,CFLAR,ENSG00000003402,0.32673267326732675
all,GO:CC,GO:0005788,endoplasmic reticulum lumen,82,30,1,5622,0.3572108082368638,0.5370312151044011,False,MANF,ENSG00000145050,0.32673267326732675
all,GO:MF,GO:0000977,RNA polymerase II transcription regulatory region sequence-specific DNA binding,240,30,2,5622,0.36870551982811567,0.5373382769588038,False,"SOX6, BCL11A","ENSG00000110693, ENSG00000119866",0.32673267326732675
all,GO:CC,GO:0000228,nuclear chromosome,83,30,1,5622,0.36069161613449846,0.5386003186873256,False,TRRAP,ENSG00000196367,0.32673267326732675
all,GO:CC,GO:0140513,nuclear protein-containing complex,571,30,4,5622,0.3636202642491936,0.5393293852286698,False,"BCL11A, ICE1, L3MBTL1, TRRAP","ENSG00000119866, ENSG00000164151, ENSG00000185513, ENSG00000196367",0.32673267326732675
all,GO:MF,GO:0016747,"acyltransferase activity, transferring groups other than amino-acyl groups",87,30,1,5622,0.3744335256369907,0.5414884832288789,False,ELOVL7,ENSG00000164181,0.32673267326732675
all,GO:MF,GO:0005261,monoatomic cation channel activity,88,30,1,5622,0.37782412983408026,0.5422208886168483,False,CACNA1A,ENSG00000141837,0.32673267326732675
all,GO:BP,GO:0048511,rhythmic process,106,30,1,5622,0.43590214624619167,0.54487768280774,False,RBM4B,ENSG00000173914,0.32673267326732675
all,GO:BP,GO:0019953,sexual reproduction,275,30,2,5622,0.4355658061231149,0.54487768280774,False,"PRKAR2A, SSTR1","ENSG00000114302, ENSG00000139874",0.32673267326732675
all,GO:BP,GO:0043122,regulation of canonical NF-kappaB signal transduction,107,30,1,5622,0.43897011861976215,0.5473775810039617,False,CFLAR,ENSG00000003402,0.32673267326732675
all,GO:BP,GO:0032869,cellular response to insulin stimulus,107,30,1,5622,0.43897011861976215,0.5473775810039617,False,CFLAR,ENSG00000003402,0.32673267326732675
all,GO:MF,GO:0042802,identical protein binding,763,30,5,5622,0.3858094625272695,0.5494862042055054,False,"FUS, SOX6, BCL11A, SH3GL3, L3MBTL1","ENSG00000089280, ENSG00000110693, ENSG00000119866, ENSG00000140600, ENSG00000185513",0.32673267326732675
all,GO:BP,GO:0030001,metal ion transport,279,30,2,5622,0.4429932177323937,0.5517230232997615,False,"IBTK, CACNA1A","ENSG00000005700, ENSG00000141837",0.32673267326732675
all,GO:BP,GO:0043066,negative regulation of apoptotic process,280,30,2,5622,0.4448424254594007,0.5533537452619979,False,"CFLAR, LGMN","ENSG00000003402, ENSG00000100600",0.32673267326732675
all,KEGG,KEGG:04142,Lysosome biogenesis,129,30,1,5622,0.5025255593639744,0.5538036776664209,False,LGMN,ENSG00000100600,0.32673267326732675
all,KEGG,KEGG:00000,KEGG root term,2716,30,15,5622,0.4981627041538108,0.5538036776664209,False,"CFLAR, FUS, LGMN, CALB1, PRKAR2A, DNAJB1, PLXNC1, SSTR1, SH3GL3, CACNA1A, PPFIA4, ELOVL7, L3MBTL1, TRRAP, GSTK1","ENSG00000003402, ENSG00000089280, ENSG00000100600, ENSG00000104327, ENSG00000114302, ENSG00000132002, ENSG00000136040, ENSG00000139874, ENSG00000140600, ENSG00000141837, ENSG00000143847, ENSG00000164181, ENSG00000185513, ENSG00000196367, ENSG00000197448",0.32673267326732675
all,GO:BP,GO:1904951,positive regulation of establishment of protein localization,110,30,1,5622,0.4480775675213221,0.5560284584859027,False,ICE1,ENSG00000164151,0.32673267326732675
all,GO:BP,GO:0045787,positive regulation of cell cycle,110,30,1,5622,0.4480775675213221,0.5560284584859027,False,LGMN,ENSG00000100600,0.32673267326732675
all,REAC,REAC:R-HSA-3247509,Chromatin modifying enzymes,107,30,1,5622,0.43897011861976215,0.5570338875488016,False,TRRAP,ENSG00000196367,0.32673267326732675
all,REAC,REAC:R-HSA-4839726,Chromatin organization,107,30,1,5622,0.43897011861976215,0.5570338875488016,False,TRRAP,ENSG00000196367,0.32673267326732675
all,REAC,REAC:R-HSA-422475,Axon guidance,278,30,2,5622,0.44114093107891666,0.5570338875488016,False,"PRKAR2A, PLXNC1","ENSG00000114302, ENSG00000136040",0.32673267326732675
all,GO:BP,GO:0042060,wound healing,111,30,1,5622,0.4510814994832892,0.5577304426663104,False,CFLAR,ENSG00000003402,0.32673267326732675
all,GO:BP,GO:0048545,response to steroid hormone,111,30,1,5622,0.4510814994832892,0.5577304426663104,False,CFLAR,ENSG00000003402,0.32673267326732675
all,GO:BP,GO:0022604,regulation of cell morphogenesis,111,30,1,5622,0.4510814994832892,0.5577304426663104,False,PLXNC1,ENSG00000136040,0.32673267326732675
all,GO:BP,GO:0050673,epithelial cell proliferation,112,30,1,5622,0.45406962414587343,0.5600738444639234,False,CFLAR,ENSG00000003402,0.32673267326732675
all,GO:BP,GO:0045786,negative regulation of cell cycle,112,30,1,5622,0.45406962414587343,0.5600738444639234,False,GPNMB,ENSG00000136235,0.32673267326732675
all,GO:MF,GO:0036094,small molecule binding,2045,30,12,5622,0.4053946437419056,0.5603984781138112,False,"CPNE3, FUS, ZMYND8, CALB1, PRKAR2A, BCL11A, CACNA1A, USP12, CALB2, RBM4B, C11orf54, L3MBTL1","ENSG00000085719, ENSG00000089280, ENSG00000101040, ENSG00000104327, ENSG00000114302, ENSG00000119866, ENSG00000141837, ENSG00000152484, ENSG00000172137, ENSG00000173914, ENSG00000182919, ENSG00000185513",0.32673267326732675
all,GO:MF,GO:0008134,transcription factor binding,259,30,2,5622,0.40539183294296327,0.5603984781138112,False,"ZMYND8, BCL11A","ENSG00000101040, ENSG00000119866",0.32673267326732675
all,GO:MF,GO:0003674,molecular_function,5453,30,30,5622,0.39929561310510286,0.5603984781138112,False,"CFLAR, IBTK, CPNE3, FUS, LGMN, ZMYND8, CALB1, SOX6, PRKAR2A, BCL11A, DNAJB1, ADGRB3, PLXNC1, GPNMB, SSTR1, SH3GL3, CACNA1A, PPFIA4, CNTN4, MANF, USP12, ICE1, ELOVL7, CALB2, SCAI, RBM4B, C11orf54, L3MBTL1, TRRAP, GSTK1","ENSG00000003402, ENSG00000005700, ENSG00000085719, ENSG00000089280, ENSG00000100600, ENSG00000101040, ENSG00000104327, ENSG00000110693, ENSG00000114302, ENSG00000119866, ENSG00000132002, ENSG00000135298, ENSG00000136040, ENSG00000136235, ENSG00000139874, ENSG00000140600, ENSG00000141837, ENSG00000143847, ENSG00000144619, ENSG00000145050, ENSG00000152484, ENSG00000164151, ENSG00000164181, ENSG00000172137, ENSG00000173611, ENSG00000173914, ENSG00000182919, ENSG00000185513, ENSG00000196367, ENSG00000197448",0.32673267326732675
all,GO:MF,GO:0042803,protein homodimerization activity,259,30,2,5622,0.40539183294296327,0.5603984781138112,False,"SOX6, BCL11A","ENSG00000110693, ENSG00000119866",0.32673267326732675
all,GO:BP,GO:0031400,negative regulation of protein modification process,113,30,1,5622,0.45704202183654913,0.5623866415155617,False,IBTK,ENSG00000005700,0.32673267326732675
all,GO:BP,GO:0007249,canonical NF-kappaB signal transduction,113,30,1,5622,0.45704202183654913,0.5623866415155617,False,CFLAR,ENSG00000003402,0.32673267326732675
all,GO:BP,GO:0006402,mRNA catabolic process,114,30,1,5622,0.4599987724891001,0.5646691518578775,False,FUS,ENSG00000089280,0.32673267326732675
all,GO:BP,GO:1903047,mitotic cell cycle process,288,30,2,5622,0.45952285550184424,0.5646691518578775,False,"GPNMB, L3MBTL1","ENSG00000136235, ENSG00000185513",0.32673267326732675
all,REAC,REAC:R-HSA-376176,Signaling by ROBO receptors,111,30,1,5622,0.4510814994832892,0.5647995245631099,False,PRKAR2A,ENSG00000114302,0.32673267326732675
all,GO:BP,GO:0060429,epithelium development,289,30,2,5622,0.46134346810085386,0.5656424100518841,False,"CALB1, GSTK1","ENSG00000104327, ENSG00000197448",0.32673267326732675
all,GO:CC,GO:0110165,cellular anatomical structure,5446,30,30,5622,0.3841616662111409,0.5659981882177472,False,"CFLAR, IBTK, CPNE3, FUS, LGMN, ZMYND8, CALB1, SOX6, PRKAR2A, BCL11A, DNAJB1, ADGRB3, PLXNC1, GPNMB, SSTR1, SH3GL3, CACNA1A, PPFIA4, CNTN4, MANF, USP12, ICE1, ELOVL7, CALB2, SCAI, RBM4B, C11orf54, L3MBTL1, TRRAP, GSTK1","ENSG00000003402, ENSG00000005700, ENSG00000085719, ENSG00000089280, ENSG00000100600, ENSG00000101040, ENSG00000104327, ENSG00000110693, ENSG00000114302, ENSG00000119866, ENSG00000132002, ENSG00000135298, ENSG00000136040, ENSG00000136235, ENSG00000139874, ENSG00000140600, ENSG00000141837, ENSG00000143847, ENSG00000144619, ENSG00000145050, ENSG00000152484, ENSG00000164151, ENSG00000164181, ENSG00000172137, ENSG00000173611, ENSG00000173914, ENSG00000182919, ENSG00000185513, ENSG00000196367, ENSG00000197448",0.32673267326732675
all,GO:BP,GO:0042981,regulation of apoptotic process,469,30,3,5622,0.46276000743953755,0.5662451724780604,False,"CFLAR, LGMN, TRRAP","ENSG00000003402, ENSG00000100600, ENSG00000196367",0.32673267326732675
all,GO:BP,GO:0030100,regulation of endocytosis,115,30,1,5622,0.4629399556454773,0.5662451724780604,False,SH3GL3,ENSG00000140600,0.32673267326732675
all,GO:BP,GO:0141124,intracellular signaling cassette,651,30,4,5622,0.4641928490584254,0.5664319039814756,False,"CFLAR, PRKAR2A, GPNMB, SCAI","ENSG00000003402, ENSG00000114302, ENSG00000136235, ENSG00000173611",0.32673267326732675
all,GO:BP,GO:0006325,chromatin organization,470,30,3,5622,0.4641978530189652,0.5664319039814756,False,"ZMYND8, L3MBTL1, TRRAP","ENSG00000101040, ENSG00000185513, ENSG00000196367",0.32673267326732675
all,GO:BP,GO:0060560,developmental growth involved in morphogenesis,116,30,1,5622,0.4658656504576505,0.5664439996667754,False,BCL11A,ENSG00000119866,0.32673267326732675
all,GO:BP,GO:0072522,purine-containing compound biosynthetic process,116,30,1,5622,0.4658656504576505,0.5664439996667754,False,ELOVL7,ENSG00000164181,0.32673267326732675
all,GO:BP,GO:1903706,regulation of hemopoiesis,116,30,1,5622,0.4658656504576505,0.5664439996667754,False,L3MBTL1,ENSG00000185513,0.32673267326732675
all,GO:BP,GO:0051249,regulation of lymphocyte activation,117,30,1,5622,0.46877593568944664,0.5679613878034075,False,GPNMB,ENSG00000136235,0.32673267326732675
all,GO:BP,GO:0006898,receptor-mediated endocytosis,117,30,1,5622,0.46877593568944664,0.5679613878034075,False,SH3GL3,ENSG00000140600,0.32673267326732675
all,GO:BP,GO:0043069,negative regulation of programmed cell death,293,30,2,5622,0.46859303909020344,0.5679613878034075,False,"CFLAR, LGMN","ENSG00000003402, ENSG00000100600",0.32673267326732675
all,WP,WP:000000,WIKIPATHWAYS,2968,30,16,5622,0.5504848472160011,0.5720724882832952,False,"CFLAR, IBTK, FUS, LGMN, ZMYND8, CALB1, SOX6, PRKAR2A, BCL11A, DNAJB1, SSTR1, SH3GL3, CACNA1A, RBM4B, TRRAP, GSTK1","ENSG00000003402, ENSG00000005700, ENSG00000089280, ENSG00000100600, ENSG00000101040, ENSG00000104327, ENSG00000110693, ENSG00000114302, ENSG00000119866, ENSG00000132002, ENSG00000139874, ENSG00000140600, ENSG00000141837, ENSG00000173914, ENSG00000196367, ENSG00000197448",0.32673267326732675
all,REAC,REAC:R-HSA-9675108,Nervous system development,289,30,2,5622,0.46134346810085386,0.5728348062252269,False,"PRKAR2A, PLXNC1","ENSG00000114302, ENSG00000136040",0.32673267326732675
all,GO:BP,GO:0021700,developmental maturation,119,30,1,5622,0.4745505905375092,0.5729262135464631,False,ADGRB3,ENSG00000135298,0.32673267326732675
all,GO:BP,GO:0030097,hemopoiesis,296,30,2,5622,0.47399521477290485,0.5729262135464631,False,"CFLAR, L3MBTL1","ENSG00000003402, ENSG00000185513",0.32673267326732675
all,GO:BP,GO:0006631,fatty acid metabolic process,119,30,1,5622,0.4745505905375092,0.5729262135464631,False,ELOVL7,ENSG00000164181,0.32673267326732675
all,KEGG,KEGG:04517,IgSF CAM signaling,144,30,1,5622,0.5418062870366274,0.5736772450976052,False,PPFIA4,ENSG00000143847,0.32673267326732675
all,KEGG,KEGG:04144,Endocytosis,143,30,1,5622,0.5392836569413983,0.5736772450976052,False,SH3GL3,ENSG00000140600,0.32673267326732675
all,GO:CC,GO:0031982,vesicle,1483,30,9,5622,0.39213316253025526,0.573916747809182,False,"CPNE3, LGMN, CALB1, PRKAR2A, DNAJB1, GPNMB, SH3GL3, C11orf54, GSTK1","ENSG00000085719, ENSG00000100600, ENSG00000104327, ENSG00000114302, ENSG00000132002, ENSG00000136235, ENSG00000140600, ENSG00000182919, ENSG00000197448",0.32673267326732675
all,GO:BP,GO:1901990,regulation of mitotic cell cycle phase transition,120,30,1,5622,0.47741511575718487,0.5752282539783259,False,GPNMB,ENSG00000136235,0.32673267326732675
all,GO:BP,GO:0019725,cellular homeostasis,298,30,2,5622,0.47757975037615136,0.5752282539783259,False,"CALB1, CALB2","ENSG00000104327, ENSG00000172137",0.32673267326732675
all,GO:BP,GO:0031399,regulation of protein modification process,300,30,2,5622,0.48115060696536943,0.5788490283327512,False,"IBTK, PRKAR2A","ENSG00000005700, ENSG00000114302",0.32673267326732675
all,GO:BP,GO:0010604,positive regulation of macromolecule metabolic process,1034,30,6,5622,0.4831727533521152,0.5806003190925181,False,"FUS, ZMYND8, BCL11A, ICE1, RBM4B, TRRAP","ENSG00000089280, ENSG00000101040, ENSG00000119866, ENSG00000164151, ENSG00000173914, ENSG00000196367",0.32673267326732675
all,GO:BP,GO:0097435,supramolecular fiber organization,302,30,2,5622,0.4847076629132293,0.5817627101710304,False,"CFLAR, FUS","ENSG00000003402, ENSG00000089280",0.32673267326732675
all,GO:BP,GO:0048588,developmental cell growth,123,30,1,5622,0.4859184082211723,0.5825337642417564,False,BCL11A,ENSG00000119866,0.32673267326732675
all,GO:BP,GO:0006950,response to stress,1222,30,7,5622,0.48680724031790285,0.5829175482778631,False,"CFLAR, FUS, ZMYND8, DNAJB1, SSTR1, MANF, TRRAP","ENSG00000003402, ENSG00000089280, ENSG00000101040, ENSG00000132002, ENSG00000139874, ENSG00000145050, ENSG00000196367",0.32673267326732675
all,GO:BP,GO:0032868,response to insulin,124,30,1,5622,0.48872299955657256,0.5831677235686689,False,CFLAR,ENSG00000003402,0.32673267326732675
all,GO:BP,GO:0032386,regulation of intracellular transport,124,30,1,5622,0.48872299955657256,0.5831677235686689,False,ICE1,ENSG00000164151,0.32673267326732675
all,GO:BP,GO:0043067,regulation of programmed cell death,487,30,3,5622,0.4884131518942876,0.5831677235686689,False,"CFLAR, LGMN, TRRAP","ENSG00000003402, ENSG00000100600, ENSG00000196367",0.32673267326732675
all,GO:BP,GO:0098655,monoatomic cation transmembrane transport,306,30,2,5622,0.4917799058909325,0.5847730899515151,False,"IBTK, CACNA1A","ENSG00000005700, ENSG00000141837",0.32673267326732675
all,GO:BP,GO:0000280,nuclear division,125,30,1,5622,0.4915127976673951,0.5847730899515151,False,L3MBTL1,ENSG00000185513,0.32673267326732675
all,GO:BP,GO:1901888,regulation of cell junction assembly,125,30,1,5622,0.4915127976673951,0.5847730899515151,False,ADGRB3,ENSG00000135298,0.32673267326732675
all,GO:CC,GO:0000793,condensed chromosome,96,30,1,5622,0.4043168170949546,0.587855372223585,False,L3MBTL1,ENSG00000185513,0.32673267326732675
all,GO:BP,GO:0022407,regulation of cell-cell adhesion,127,30,1,5622,0.49704831525337917,0.5896695869614739,False,GPNMB,ENSG00000136235,0.32673267326732675
all,GO:BP,GO:0009314,response to radiation,127,30,1,5622,0.49704831525337917,0.5896695869614739,False,RBM4B,ENSG00000173914,0.32673267326732675
all,REAC,REAC:R-HSA-195258,RHO GTPase Effectors,121,30,1,5622,0.4802645426069279,0.591400139243241,False,SCAI,ENSG00000173611,0.32673267326732675
all,GO:BP,GO:0051056,regulation of small GTPase mediated signal transduction,128,30,1,5622,0.4997941843238793,0.5915577816766469,False,SCAI,ENSG00000173611,0.32673267326732675
all,GO:BP,GO:0042063,gliogenesis,128,30,1,5622,0.4997941843238793,0.5915577816766469,False,SOX6,ENSG00000110693,0.32673267326732675
all,GO:CC,GO:0010008,endosome membrane,263,30,2,5622,0.41300195404504947,0.5940704742498524,False,"GPNMB, SH3GL3","ENSG00000136235, ENSG00000140600",0.32673267326732675
all,GO:CC,GO:0045121,membrane raft,99,30,1,5622,0.41396766078949004,0.5940704742498524,False,PRKAR2A,ENSG00000114302,0.32673267326732675
all,GO:BP,GO:0002694,regulation of leukocyte activation,129,30,1,5622,0.5025255593639744,0.5941046117048142,False,GPNMB,ENSG00000136235,0.32673267326732675
all,GO:CC,GO:0098857,membrane microdomain,100,30,1,5622,0.4171508891393568,0.594776429030954,False,PRKAR2A,ENSG00000114302,0.32673267326732675
all,GO:CC,GO:0090575,RNA polymerase II transcription regulator complex,101,30,1,5622,0.42031740006398893,0.5954496500906514,False,TRRAP,ENSG00000196367,0.32673267326732675
all,GO:CC,GO:0043235,receptor complex,102,30,1,5622,0.423467278346561,0.5960908822585349,False,PLXNC1,ENSG00000136040,0.32673267326732675
all,GO:CC,GO:0005575,cellular_component,5465,30,30,5622,0.42659026921830145,0.5966863892230668,False,"CFLAR, IBTK, CPNE3, FUS, LGMN, ZMYND8, CALB1, SOX6, PRKAR2A, BCL11A, DNAJB1, ADGRB3, PLXNC1, GPNMB, SSTR1, SH3GL3, CACNA1A, PPFIA4, CNTN4, MANF, USP12, ICE1, ELOVL7, CALB2, SCAI, RBM4B, C11orf54, L3MBTL1, TRRAP, GSTK1","ENSG00000003402, ENSG00000005700, ENSG00000085719, ENSG00000089280, ENSG00000100600, ENSG00000101040, ENSG00000104327, ENSG00000110693, ENSG00000114302, ENSG00000119866, ENSG00000132002, ENSG00000135298, ENSG00000136040, ENSG00000136235, ENSG00000139874, ENSG00000140600, ENSG00000141837, ENSG00000143847, ENSG00000144619, ENSG00000145050, ENSG00000152484, ENSG00000164151, ENSG00000164181, ENSG00000172137, ENSG00000173611, ENSG00000173914, ENSG00000182919, ENSG00000185513, ENSG00000196367, ENSG00000197448",0.32673267326732675
all,GO:MF,GO:0046982,protein heterodimerization activity,106,30,1,5622,0.43590214624619167,0.5981722882794459,False,BCL11A,ENSG00000119866,0.32673267326732675
all,GO:BP,GO:0002683,negative regulation of immune system process,131,30,1,5622,0.5079451225170198,0.5991297475028142,False,GPNMB,ENSG00000136235,0.32673267326732675
all,GO:BP,GO:2001233,regulation of apoptotic signaling pathway,131,30,1,5622,0.5079451225170198,0.5991297475028142,False,CFLAR,ENSG00000003402,0.32673267326732675
all,GO:BP,GO:0009059,macromolecule biosynthetic process,2177,30,12,5622,0.511813106576235,0.6023058946505631,False,"FUS, LGMN, ZMYND8, SOX6, BCL11A, DNAJB1, GPNMB, ICE1, SCAI, RBM4B, L3MBTL1, TRRAP","ENSG00000089280, ENSG00000100600, ENSG00000101040, ENSG00000110693, ENSG00000119866, ENSG00000132002, ENSG00000136235, ENSG00000164151, ENSG00000173611, ENSG00000173914, ENSG00000185513, ENSG00000196367",0.32673267326732675
all,GO:BP,GO:1902531,regulation of intracellular signal transduction,690,30,4,5622,0.5117734966623763,0.6023058946505631,False,"CFLAR, PRKAR2A, GPNMB, SCAI","ENSG00000003402, ENSG00000114302, ENSG00000136235, ENSG00000173611",0.32673267326732675
all,GO:BP,GO:1903131,mononuclear cell differentiation,134,30,1,5622,0.5159675972954978,0.6059381514264454,False,CFLAR,ENSG00000003402,0.32673267326732675
all,GO:BP,GO:0009725,response to hormone,320,30,2,5622,0.5160819572636943,0.6059381514264454,False,"CFLAR, SSTR1","ENSG00000003402, ENSG00000139874",0.32673267326732675
all,GO:CC,GO:0005768,endosome,451,30,3,5622,0.4366509738671821,0.6069173913499821,False,"LGMN, GPNMB, SH3GL3","ENSG00000100600, ENSG00000136235, ENSG00000140600",0.32673267326732675
all,GO:BP,GO:0006401,RNA catabolic process,135,30,1,5622,0.5186135470187372,0.6075187265076634,False,FUS,ENSG00000089280,0.32673267326732675
all,GO:BP,GO:0009058,biosynthetic process,2556,30,14,5622,0.5181407831392045,0.6075187265076634,False,"CFLAR, FUS, LGMN, ZMYND8, SOX6, BCL11A, DNAJB1, GPNMB, ICE1, ELOVL7, SCAI, RBM4B, L3MBTL1, TRRAP","ENSG00000003402, ENSG00000089280, ENSG00000100600, ENSG00000101040, ENSG00000110693, ENSG00000119866, ENSG00000132002, ENSG00000136235, ENSG00000164151, ENSG00000164181, ENSG00000173611, ENSG00000173914, ENSG00000185513, ENSG00000196367",0.32673267326732675
all,GO:BP,GO:0003012,muscle system process,136,30,1,5622,0.5212455123166113,0.6099048517403272,False,CFLAR,ENSG00000003402,0.32673267326732675
all,GO:CC,GO:0034702,monoatomic ion channel complex,108,30,1,5622,0.4420219584096817,0.6105428300533731,False,CACNA1A,ENSG00000141837,0.32673267326732675
all,GO:BP,GO:0007167,enzyme-linked receptor protein signaling pathway,325,30,2,5622,0.5245869824471304,0.6117197463120689,False,"CPNE3, LGMN","ENSG00000085719, ENSG00000100600",0.32673267326732675
all,GO:BP,GO:0042110,T cell activation,137,30,1,5622,0.5238635645642422,0.6117197463120689,False,GPNMB,ENSG00000136235,0.32673267326732675
all,GO:BP,GO:0009966,regulation of signal transduction,1075,30,6,5622,0.5245021977284527,0.6117197463120689,False,"CFLAR, LGMN, ZMYND8, PRKAR2A, GPNMB, SCAI","ENSG00000003402, ENSG00000100600, ENSG00000101040, ENSG00000114302, ENSG00000136235, ENSG00000173611",0.32673267326732675
all,GO:BP,GO:0071375,cellular response to peptide hormone stimulus,138,30,1,5622,0.5264677747854041,0.6118247949603619,False,CFLAR,ENSG00000003402,0.32673267326732675
all,GO:BP,GO:0141188,nucleic acid catabolic process,138,30,1,5622,0.5264677747854041,0.6118247949603619,False,FUS,ENSG00000089280,0.32673267326732675
all,GO:BP,GO:0001501,skeletal system development,138,30,1,5622,0.5264677747854041,0.6118247949603619,False,SOX6,ENSG00000110693,0.32673267326732675
all,GO:MF,GO:0001067,transcription regulatory region nucleic acid binding,285,30,2,5622,0.45404157555057095,0.6140993971475349,False,"SOX6, BCL11A","ENSG00000110693, ENSG00000119866",0.32673267326732675
all,GO:MF,GO:0000976,transcription cis-regulatory region binding,285,30,2,5622,0.45404157555057095,0.6140993971475349,False,"SOX6, BCL11A","ENSG00000110693, ENSG00000119866",0.32673267326732675
all,GO:CC,GO:0030667,secretory granule membrane,110,30,1,5622,0.4480775675213221,0.6150629964112564,False,CPNE3,ENSG00000085719,0.32673267326732675
all,GO:BP,GO:0034976,response to endoplasmic reticulum stress,140,30,1,5622,0.5316349514966836,0.6171300399593435,False,MANF,ENSG00000145050,0.32673267326732675
all,GO:MF,GO:0005216,monoatomic ion channel activity,114,30,1,5622,0.4599987724891001,0.6177126373425058,False,CACNA1A,ENSG00000141837,0.32673267326732675
all,GO:BP,GO:0050865,regulation of cell activation,141,30,1,5622,0.5341980582925784,0.6187039658190884,False,GPNMB,ENSG00000136235,0.32673267326732675
all,GO:BP,GO:0007423,sensory organ development,141,30,1,5622,0.5341980582925784,0.6187039658190884,False,CALB1,ENSG00000104327,0.32673267326732675
all,GO:BP,GO:0010628,positive regulation of gene expression,333,30,2,5622,0.5379994312829638,0.6224034052652795,False,"FUS, RBM4B","ENSG00000089280, ENSG00000173914",0.32673267326732675
all,REAC,REAC:R-HSA-72163,mRNA Splicing - Major Pathway,132,30,1,5622,0.5106334573056722,0.6236425011356159,False,FUS,ENSG00000089280,0.32673267326732675
all,GO:BP,GO:1901293,nucleoside phosphate biosynthetic process,145,30,1,5622,0.5443155625731186,0.6290005091741226,False,ELOVL7,ENSG00000164181,0.32673267326732675
all,GO:BP,GO:0048285,organelle fission,147,30,1,5622,0.5492943227226548,0.6336031751995275,False,L3MBTL1,ENSG00000185513,0.32673267326732675
all,GO:BP,GO:0048878,chemical homeostasis,340,30,2,5622,0.5495348514657364,0.6336031751995275,False,"CALB1, CALB2","ENSG00000104327, ENSG00000172137",0.32673267326732675
all,REAC,REAC:R-HSA-72172,mRNA Splicing,137,30,1,5622,0.5238635645642422,0.6345989521957078,False,FUS,ENSG00000089280,0.32673267326732675
all,GO:BP,GO:1903311,regulation of mRNA metabolic process,148,30,1,5622,0.5517639428721197,0.6347452765925056,False,FUS,ENSG00000089280,0.32673267326732675
all,GO:BP,GO:0008015,blood circulation,148,30,1,5622,0.5517639428721197,0.6347452765925056,False,MANF,ENSG00000145050,0.32673267326732675
all,GO:MF,GO:0044877,protein-containing complex binding,482,30,3,5622,0.481337345276468,0.6351230923929534,False,"CFLAR, GPNMB, L3MBTL1","ENSG00000003402, ENSG00000136235, ENSG00000185513",0.32673267326732675
all,GO:MF,GO:0016301,kinase activity,301,30,2,5622,0.48293086746745206,0.6351230923929534,False,"CPNE3, PRKAR2A","ENSG00000085719, ENSG00000114302",0.32673267326732675
all,GO:MF,GO:0005096,GTPase activator activity,122,30,1,5622,0.48309894793719327,0.6351230923929534,False,ADGRB3,ENSG00000135298,0.32673267326732675
all,GO:MF,GO:1990837,sequence-specific double-stranded DNA binding,303,30,2,5622,0.48648097871064255,0.6351279444277833,False,"SOX6, BCL11A","ENSG00000110693, ENSG00000119866",0.32673267326732675
all,GO:MF,GO:0015267,channel activity,127,30,1,5622,0.49704831525337917,0.6356808385553419,False,CACNA1A,ENSG00000141837,0.32673267326732675
all,GO:MF,GO:0019899,enzyme binding,859,30,5,5622,0.4930207672955502,0.6356808385553419,False,"CFLAR, IBTK, CPNE3, PRKAR2A, DNAJB1","ENSG00000003402, ENSG00000005700, ENSG00000085719, ENSG00000114302, ENSG00000132002",0.32673267326732675
all,GO:MF,GO:0022803,passive transmembrane transporter activity,127,30,1,5622,0.49704831525337917,0.6356808385553419,False,CACNA1A,ENSG00000141837,0.32673267326732675
all,REAC,REAC:R-HSA-9006925,Intracellular signaling by second messengers,140,30,1,5622,0.5316349514966836,0.6388194175242403,False,PRKAR2A,ENSG00000114302,0.32673267326732675
all,GO:BP,GO:1901987,regulation of cell cycle phase transition,150,30,1,5622,0.5566639996583435,0.6396643493831864,False,GPNMB,ENSG00000136235,0.32673267326732675
all,REAC,REAC:R-HSA-5683057,MAPK family signaling cascades,143,30,1,5622,0.5392836569413983,0.6428261190741467,False,DNAJB1,ENSG00000132002,0.32673267326732675
all,GO:BP,GO:0043170,macromolecule metabolic process,2984,30,16,5622,0.5629582681553885,0.6461727042097121,False,"CFLAR, IBTK, FUS, LGMN, ZMYND8, SOX6, PRKAR2A, BCL11A, DNAJB1, GPNMB, USP12, ICE1, SCAI, RBM4B, L3MBTL1, TRRAP","ENSG00000003402, ENSG00000005700, ENSG00000089280, ENSG00000100600, ENSG00000101040, ENSG00000110693, ENSG00000114302, ENSG00000119866, ENSG00000132002, ENSG00000136235, ENSG00000152484, ENSG00000164151, ENSG00000173611, ENSG00000173914, ENSG00000185513, ENSG00000196367",0.32673267326732675
all,GO:BP,GO:0007283,spermatogenesis,153,30,1,5622,0.5639171251424195,0.6465492765894634,False,SSTR1,ENSG00000139874,0.32673267326732675
all,GO:BP,GO:0009895,negative regulation of catabolic process,154,30,1,5622,0.5663092418448749,0.6478426036729875,False,FUS,ENSG00000089280,0.32673267326732675
all,GO:BP,GO:0009987,cellular process,5173,30,28,5622,0.5662746958405696,0.6478426036729875,False,"CFLAR, IBTK, CPNE3, FUS, LGMN, ZMYND8, CALB1, SOX6, PRKAR2A, BCL11A, DNAJB1, ADGRB3, PLXNC1, GPNMB, SSTR1, SH3GL3, CACNA1A, PPFIA4, CNTN4, MANF, USP12, ICE1, ELOVL7, SCAI, RBM4B, L3MBTL1, TRRAP, GSTK1","ENSG00000003402, ENSG00000005700, ENSG00000085719, ENSG00000089280, ENSG00000100600, ENSG00000101040, ENSG00000104327, ENSG00000110693, ENSG00000114302, ENSG00000119866, ENSG00000132002, ENSG00000135298, ENSG00000136040, ENSG00000136235, ENSG00000139874, ENSG00000140600, ENSG00000141837, ENSG00000143847, ENSG00000144619, ENSG00000145050, ENSG00000152484, ENSG00000164151, ENSG00000164181, ENSG00000173611, ENSG00000173914, ENSG00000185513, ENSG00000196367, ENSG00000197448",0.32673267326732675
all,GO:BP,GO:0048232,male gamete generation,155,30,1,5622,0.5686886717542848,0.64983934063338,False,SSTR1,ENSG00000139874,0.32673267326732675
all,KEGG,KEGG:05014,Amyotrophic lateral sclerosis,181,30,1,5622,0.626307226019051,0.6503959654813221,False,FUS,ENSG00000089280,0.32673267326732675
all,GO:MF,GO:0016740,transferase activity,878,30,5,5622,0.5137347597336859,0.6525819920941415,False,"CPNE3, PRKAR2A, ELOVL7, TRRAP, GSTK1","ENSG00000085719, ENSG00000114302, ENSG00000164181, ENSG00000196367, ENSG00000197448",0.32673267326732675
all,GO:MF,GO:0003713,transcription coactivator activity,135,30,1,5622,0.5186135470187372,0.6543580324800171,False,FUS,ENSG00000089280,0.32673267326732675
all,WP,WP:WP2005,miR targeted genes in muscle cell,189,30,1,5622,0.6424862398130109,0.6548417444247993,False,DNAJB1,ENSG00000132002,0.32673267326732675
all,GO:BP,GO:0009611,response to wounding,158,30,1,5622,0.5757514888926865,0.6571773676113626,False,CFLAR,ENSG00000003402,0.32673267326732675
all,GO:BP,GO:0034220,monoatomic ion transmembrane transport,358,30,2,5622,0.5783212403682937,0.6593762751696347,False,"IBTK, CACNA1A","ENSG00000005700, ENSG00000141837",0.32673267326732675
all,GO:BP,GO:0030855,epithelial cell differentiation,160,30,1,5622,0.5803977824050285,0.6595429345511686,False,GSTK1,ENSG00000197448,0.32673267326732675
all,GO:BP,GO:0051051,negative regulation of transport,160,30,1,5622,0.5803977824050285,0.6595429345511686,False,SH3GL3,ENSG00000140600,0.32673267326732675
all,GO:BP,GO:0001558,regulation of cell growth,160,30,1,5622,0.5803977824050285,0.6595429345511686,False,BCL11A,ENSG00000119866,0.32673267326732675
all,GO:BP,GO:0006468,protein phosphorylation,360,30,2,5622,0.5814408839137108,0.659996573656206,False,"IBTK, PRKAR2A","ENSG00000005700, ENSG00000114302",0.32673267326732675
all,GO:BP,GO:0006812,monoatomic cation transport,361,30,2,5622,0.5829947476174069,0.660297918572201,False,"IBTK, CACNA1A","ENSG00000005700, ENSG00000141837",0.32673267326732675
all,GO:BP,GO:0044772,mitotic cell cycle phase transition,161,30,1,5622,0.5827024448963956,0.660297918572201,False,GPNMB,ENSG00000136235,0.32673267326732675
all,GO:BP,GO:0043065,positive regulation of apoptotic process,162,30,1,5622,0.5849948687479077,0.6618319431198737,False,CFLAR,ENSG00000003402,0.32673267326732675
all,GO:CC,GO:0005829,cytosol,2331,30,13,5622,0.4866978376358954,0.6639519883798324,False,"CFLAR, CPNE3, FUS, CALB1, PRKAR2A, BCL11A, DNAJB1, PPFIA4, MANF, USP12, CALB2, RBM4B, GSTK1","ENSG00000003402, ENSG00000085719, ENSG00000089280, ENSG00000104327, ENSG00000114302, ENSG00000119866, ENSG00000132002, ENSG00000143847, ENSG00000145050, ENSG00000152484, ENSG00000172137, ENSG00000173914, ENSG00000197448",0.32673267326732675
all,GO:BP,GO:0016071,mRNA metabolic process,365,30,2,5622,0.5891704042655054,0.6650877360926679,False,"FUS, RBM4B","ENSG00000089280, ENSG00000173914",0.32673267326732675
all,GO:BP,GO:1902533,positive regulation of intracellular signal transduction,365,30,2,5622,0.5891704042655054,0.6650877360926679,False,"CFLAR, GPNMB","ENSG00000003402, ENSG00000136235",0.32673267326732675
all,GO:BP,GO:0032535,regulation of cellular component size,166,30,1,5622,0.594043428353088,0.6698509505631632,False,BCL11A,ENSG00000119866,0.32673267326732675
all,GO:CC,GO:0030141,secretory granule,308,30,2,5622,0.49529486898923025,0.6715347610222088,False,"CPNE3, SH3GL3","ENSG00000085719, ENSG00000140600",0.32673267326732675
all,GO:BP,GO:0032103,positive regulation of response to external stimulus,167,30,1,5622,0.5962755942529058,0.6716291034167349,False,LGMN,ENSG00000100600,0.32673267326732675
all,GO:BP,GO:0009893,positive regulation of metabolic process,1150,30,6,5622,0.5971490737108365,0.6718746438568681,False,"FUS, ZMYND8, BCL11A, ICE1, RBM4B, TRRAP","ENSG00000089280, ENSG00000101040, ENSG00000119866, ENSG00000164151, ENSG00000173914, ENSG00000196367",0.32673267326732675
all,GO:BP,GO:0043068,positive regulation of programmed cell death,168,30,1,5622,0.5984958934595809,0.6726516346448145,False,CFLAR,ENSG00000003402,0.32673267326732675
all,GO:MF,GO:0046873,metal ion transmembrane transporter activity,144,30,1,5622,0.5418062870366274,0.6760109801279878,False,CACNA1A,ENSG00000141837,0.32673267326732675
all,GO:MF,GO:0003690,double-stranded DNA binding,336,30,2,5622,0.5429662659538625,0.6760109801279878,False,"SOX6, BCL11A","ENSG00000110693, ENSG00000119866",0.32673267326732675
all,GO:BP,GO:0031667,response to nutrient levels,170,30,1,5622,0.6029011351789892,0.6761199820114483,False,SSTR1,ENSG00000139874,0.32673267326732675
all,GO:BP,GO:0002521,leukocyte differentiation,170,30,1,5622,0.6029011351789892,0.6761199820114483,False,CFLAR,ENSG00000003402,0.32673267326732675
all,GO:BP,GO:0042391,regulation of membrane potential,171,30,1,5622,0.6050861986317827,0.6763504401282195,False,ZMYND8,ENSG00000101040,0.32673267326732675
all,GO:BP,GO:0098657,import into cell,375,30,2,5622,0.6043300010502095,0.6763504401282195,False,"SH3GL3, CACNA1A","ENSG00000140600, ENSG00000141837",0.32673267326732675
all,GO:BP,GO:0051223,regulation of protein transport,171,30,1,5622,0.6050861986317827,0.6763504401282195,False,ICE1,ENSG00000164151,0.32673267326732675
all,GO:BP,GO:0043434,response to peptide hormone,173,30,1,5622,0.609421510830713,0.67971387225406,False,CFLAR,ENSG00000003402,0.32673267326732675
all,GO:BP,GO:0031647,regulation of protein stability,173,30,1,5622,0.609421510830713,0.67971387225406,False,USP12,ENSG00000152484,0.32673267326732675
all,GO:BP,GO:0007507,heart development,175,30,1,5622,0.613710800101147,0.6837538805474739,False,SOX6,ENSG00000110693,0.32673267326732675
all,GO:BP,GO:0019538,protein metabolic process,1744,30,9,5622,0.6161454968842278,0.685721101309808,False,"CFLAR, IBTK, FUS, LGMN, PRKAR2A, BCL11A, DNAJB1, USP12, RBM4B","ENSG00000003402, ENSG00000005700, ENSG00000089280, ENSG00000100600, ENSG00000114302, ENSG00000119866, ENSG00000132002, ENSG00000152484, ENSG00000173914",0.32673267326732675
all,GO:BP,GO:0044057,regulation of system process,177,30,1,5622,0.617954538340151,0.6862442056323449,False,ZMYND8,ENSG00000101040,0.32673267326732675
all,GO:BP,GO:0070925,organelle assembly,384,30,2,5622,0.6176309241142521,0.6862442056323449,False,"CFLAR, FUS","ENSG00000003402, ENSG00000089280",0.32673267326732675
all,REAC,REAC:R-HSA-3700989,Transcriptional Regulation by TP53,160,30,1,5622,0.5803977824050285,0.686343409351978,False,L3MBTL1,ENSG00000185513,0.32673267326732675
all,GO:BP,GO:0032880,regulation of protein localization,385,30,2,5622,0.6190887235009253,0.6867596770437753,False,"ZMYND8, ICE1","ENSG00000101040, ENSG00000164151",0.32673267326732675
all,GO:BP,GO:0022414,reproductive process,386,30,2,5622,0.620542504712633,0.6876281808977827,False,"PRKAR2A, SSTR1","ENSG00000114302, ENSG00000139874",0.32673267326732675
all,GO:BP,GO:0003013,circulatory system process,179,30,1,5622,0.6221531927772785,0.6886684909251738,False,MANF,ENSG00000145050,0.32673267326732675
all,GO:BP,GO:0006417,regulation of translation,181,30,1,5622,0.626307226019051,0.6925187774212805,False,RBM4B,ENSG00000173914,0.32673267326732675
all,GO:BP,GO:0016310,phosphorylation,391,30,2,5622,0.6277511352882236,0.6933673638689967,False,"IBTK, PRKAR2A","ENSG00000005700, ENSG00000114302",0.32673267326732675
all,REAC,REAC:R-HSA-72203,Processing of Capped Intron-Containing Pre-mRNA,165,30,1,5622,0.5917993345352504,0.6943157546909626,False,FUS,ENSG00000089280,0.32673267326732675
all,GO:BP,GO:0001817,regulation of cytokine production,183,30,1,5622,0.6304170960930133,0.695562458014358,False,GPNMB,ENSG00000136235,0.32673267326732675
all,GO:MF,GO:0043565,sequence-specific DNA binding,348,30,2,5622,0.5624857281861754,0.6957060322302699,False,"SOX6, BCL11A","ENSG00000110693, ENSG00000119866",0.32673267326732675
all,GO:BP,GO:0001816,cytokine production,184,30,1,5622,0.6324556118343648,0.6963125694202188,False,GPNMB,ENSG00000136235,0.32673267326732675
all,GO:BP,GO:0044283,small molecule biosynthetic process,184,30,1,5622,0.6324556118343648,0.6963125694202188,False,ELOVL7,ENSG00000164181,0.32673267326732675
all,GO:BP,GO:1903829,positive regulation of protein localization,185,30,1,5622,0.6344832564914022,0.6977954269352866,False,ICE1,ENSG00000164151,0.32673267326732675
all,REAC,REAC:R-HSA-168249,Innate Immune System,372,30,2,5622,0.5998241433584804,0.6982327918782307,False,"CPNE3, LGMN","ENSG00000085719, ENSG00000100600",0.32673267326732675
all,GO:CC,GO:0045177,apical part of cell,135,30,1,5622,0.5186135470187372,0.698395922414553,False,LGMN,ENSG00000100600,0.32673267326732675
all,GO:CC,GO:0005764,lysosome,325,30,2,5622,0.5245869824471304,0.698395922414553,False,"CPNE3, LGMN","ENSG00000085719, ENSG00000100600",0.32673267326732675
all,GO:CC,GO:0000323,lytic vacuole,325,30,2,5622,0.5245869824471304,0.698395922414553,False,"CPNE3, LGMN","ENSG00000085719, ENSG00000100600",0.32673267326732675
all,GO:BP,GO:0045944,positive regulation of transcription by RNA polymerase II,398,30,2,5622,0.6376745017791321,0.7005534451485641,False,"ZMYND8, BCL11A","ENSG00000101040, ENSG00000119866",0.32673267326732675
all,GO:CC,GO:0005770,late endosome,146,30,1,5622,0.5468115518232202,0.7034006876916502,False,LGMN,ENSG00000100600,0.32673267326732675
all,GO:CC,GO:0030659,cytoplasmic vesicle membrane,524,30,3,5622,0.5394175852814381,0.7034006876916502,False,"CPNE3, GPNMB, SH3GL3","ENSG00000085719, ENSG00000136235, ENSG00000140600",0.32673267326732675
all,GO:CC,GO:0012506,vesicle membrane,530,30,3,5622,0.5474430691536823,0.7034006876916502,False,"CPNE3, GPNMB, SH3GL3","ENSG00000085719, ENSG00000136235, ENSG00000140600",0.32673267326732675
all,GO:CC,GO:0005938,cell cortex,143,30,1,5622,0.5392836569413983,0.7034006876916502,False,CALB1,ENSG00000104327,0.32673267326732675
all,GO:CC,GO:0031965,nuclear membrane,146,30,1,5622,0.5468115518232202,0.7034006876916502,False,SCAI,ENSG00000173611,0.32673267326732675
all,GO:CC,GO:0045211,postsynaptic membrane,141,30,1,5622,0.5341980582925784,0.7034006876916502,False,ADGRB3,ENSG00000135298,0.32673267326732675
all,WP,WP:WP2004,miR targeted genes in lymphocytes,223,30,1,5622,0.7040068510223996,0.7040068510223995,False,DNAJB1,ENSG00000132002,0.32673267326732675
all,GO:MF,GO:0046983,protein dimerization activity,355,30,2,5622,0.5736120400999783,0.7048304806457261,False,"SOX6, BCL11A","ENSG00000110693, ENSG00000119866",0.32673267326732675
all,GO:MF,GO:0016772,"transferase activity, transferring phosphorus-containing groups",360,30,2,5622,0.5814408839137108,0.705231523714695,False,"CPNE3, PRKAR2A","ENSG00000085719, ENSG00000114302",0.32673267326732675
all,GO:MF,GO:0031625,ubiquitin protein ligase binding,159,30,1,5622,0.5780808181996449,0.705231523714695,False,PRKAR2A,ENSG00000114302,0.32673267326732675
all,GO:CC,GO:0098552,side of membrane,150,30,1,5622,0.5566639996583435,0.711114126731179,False,CNTN4,ENSG00000144619,0.32673267326732675
all,GO:BP,GO:0044770,cell cycle phase transition,193,30,1,5622,0.6503197148495448,0.7136806292513739,False,GPNMB,ENSG00000136235,0.32673267326732675
all,GO:BP,GO:0010647,positive regulation of cell communication,615,30,3,5622,0.6526019886576877,0.7149499618640291,False,"CFLAR, LGMN, GPNMB","ENSG00000003402, ENSG00000100600, ENSG00000136235",0.32673267326732675
all,GO:BP,GO:0006338,chromatin remodeling,409,30,2,5622,0.652871379809494,0.7149499618640291,False,"L3MBTL1, TRRAP","ENSG00000185513, ENSG00000196367",0.32673267326732675
all,GO:BP,GO:0070201,regulation of establishment of protein localization,195,30,1,5622,0.6541739735238156,0.7156118707170871,False,ICE1,ENSG00000164151,0.32673267326732675
all,GO:MF,GO:0044389,ubiquitin-like protein ligase binding,166,30,1,5622,0.594043428353088,0.7158984905793627,False,PRKAR2A,ENSG00000114302,0.32673267326732675
all,GO:BP,GO:0018193,peptidyl-amino acid modification,196,30,1,5622,0.6560856707403779,0.7169379664273853,False,BCL11A,ENSG00000119866,0.32673267326732675
all,GO:BP,GO:0023056,positive regulation of signaling,620,30,3,5622,0.658257470473012,0.7177807523774862,False,"CFLAR, LGMN, GPNMB","ENSG00000003402, ENSG00000100600, ENSG00000136235",0.32673267326732675
all,GO:BP,GO:0120031,plasma membrane bounded cell projection assembly,197,30,1,5622,0.6579871506293917,0.7177807523774862,False,ZMYND8,ENSG00000101040,0.32673267326732675
all,GO:BP,GO:0044093,positive regulation of molecular function,199,30,1,5622,0.6617596691006417,0.7208327957791258,False,DNAJB1,ENSG00000132002,0.32673267326732675
all,GO:BP,GO:0030031,cell projection assembly,200,30,1,5622,0.6636308123658048,0.7221035909500529,False,ZMYND8,ENSG00000101040,0.32673267326732675
all,GO:BP,GO:0032787,monocarboxylic acid metabolic process,203,30,1,5622,0.6691844009170782,0.7250676648414428,False,ELOVL7,ENSG00000164181,0.32673267326732675
all,GO:BP,GO:0006811,monoatomic ion transport,420,30,2,5622,0.6675851082081472,0.7250676648414428,False,"IBTK, CACNA1A","ENSG00000005700, ENSG00000141837",0.32673267326732675
all,GO:BP,GO:0007276,gamete generation,203,30,1,5622,0.6691844009170782,0.7250676648414428,False,SSTR1,ENSG00000139874,0.32673267326732675
all,GO:BP,GO:0046649,lymphocyte activation,203,30,1,5622,0.6691844009170782,0.7250676648414428,False,GPNMB,ENSG00000136235,0.32673267326732675
all,GO:BP,GO:0016049,cell growth,204,30,1,5622,0.6710158214692994,0.7262842840612799,False,BCL11A,ENSG00000119866,0.32673267326732675
all,KEGG,KEGG:05022,Pathways of neurodegeneration - multiple diseases,231,30,1,5622,0.7169196824065522,0.7304464688670531,False,FUS,ENSG00000089280,0.32673267326732675
all,REAC,REAC:R-HSA-6798695,Neutrophil degranulation,184,30,1,5622,0.6324556118343648,0.7305107454520956,False,CPNE3,ENSG00000085719,0.32673267326732675
all,GO:MF,GO:0016787,hydrolase activity,776,30,4,5622,0.6101553880165194,0.7306319295993987,False,"CFLAR, LGMN, USP12, C11orf54","ENSG00000003402, ENSG00000100600, ENSG00000152484, ENSG00000182919",0.32673267326732675
all,GO:BP,GO:0007264,small GTPase-mediated signal transduction,207,30,1,5622,0.676451469165807,0.7313407873063466,False,SCAI,ENSG00000173611,0.32673267326732675
all,GO:BP,GO:0035556,intracellular signal transduction,1042,30,5,5622,0.6771145435646078,0.7313407873063466,False,"CFLAR, PRKAR2A, GPNMB, MANF, SCAI","ENSG00000003402, ENSG00000114302, ENSG00000136235, ENSG00000145050, ENSG00000173611",0.32673267326732675
all,GO:MF,GO:0045296,cadherin binding,177,30,1,5622,0.617954538340151,0.7352876785313184,False,DNAJB1,ENSG00000132002,0.32673267326732675
all,GO:BP,GO:0006629,lipid metabolic process,432,30,2,5622,0.6830895777551431,0.7370177023147597,False,"LGMN, ELOVL7","ENSG00000100600, ENSG00000164181",0.32673267326732675
all,GO:MF,GO:0004674,protein serine/threonine kinase activity,180,30,1,5622,0.6242357583140568,0.7380900790128467,False,CPNE3,ENSG00000085719,0.32673267326732675
all,GO:CC,GO:0005911,cell-cell junction,162,30,1,5622,0.5849948687479077,0.7401486271716735,False,CALB2,ENSG00000172137,0.32673267326732675
all,GO:CC,GO:0005773,vacuole,363,30,2,5622,0.5860905418780219,0.7401486271716735,False,"CPNE3, LGMN","ENSG00000085719, ENSG00000100600",0.32673267326732675
all,GO:BP,GO:0097190,apoptotic signaling pathway,213,30,1,5622,0.6870635111427189,0.7404683561250075,False,CFLAR,ENSG00000003402,0.32673267326732675
all,GO:BP,GO:0065003,protein-containing complex assembly,647,30,3,5622,0.6877325610058611,0.7404683561250075,False,"FUS, BCL11A, ICE1","ENSG00000089280, ENSG00000119866, ENSG00000164151",0.32673267326732675
all,GO:BP,GO:0034655,nucleobase-containing compound catabolic process,214,30,1,5622,0.6887991544530756,0.7408385449259206,False,FUS,ENSG00000089280,0.32673267326732675
all,GO:BP,GO:0006915,apoptotic process,650,30,3,5622,0.6908961178564781,0.7423150113237839,False,"CFLAR, LGMN, TRRAP","ENSG00000003402, ENSG00000100600, ENSG00000196367",0.32673267326732675
all,GO:BP,GO:0070647,protein modification by small protein conjugation or removal,441,30,2,5622,0.6943469816924314,0.7452415248531328,False,"BCL11A, USP12","ENSG00000119866, ENSG00000152484",0.32673267326732675
all,GO:MF,GO:0003729,mRNA binding,185,30,1,5622,0.6344832564914022,0.7455178263773974,False,FUS,ENSG00000089280,0.32673267326732675
all,GO:BP,GO:0051246,regulation of protein metabolic process,658,30,3,5622,0.6992229790257716,0.7496899095203094,False,"IBTK, PRKAR2A, RBM4B","ENSG00000005700, ENSG00000114302, ENSG00000173914",0.32673267326732675
all,GO:BP,GO:0002376,immune system process,661,30,3,5622,0.7023045604996437,0.752207078905052,False,"LGMN, GPNMB, L3MBTL1","ENSG00000100600, ENSG00000136235, ENSG00000185513",0.32673267326732675
all,REAC,REAC:R-HSA-597592,Post-translational protein modification,620,30,3,5622,0.658257470473012,0.7544643315421441,False,"CNTN4, USP12, TRRAP","ENSG00000144619, ENSG00000152484, ENSG00000196367",0.32673267326732675
all,GO:BP,GO:0072521,purine-containing compound metabolic process,226,30,1,5622,0.7089145218032289,0.7584941386725569,False,ELOVL7,ENSG00000164181,0.32673267326732675
all,GO:BP,GO:0072657,protein localization to membrane,228,30,1,5622,0.7121425032938694,0.7606515271005261,False,ZMYND8,ENSG00000101040,0.32673267326732675
all,GO:BP,GO:0012501,programmed cell death,671,30,3,5622,0.7124150887965905,0.7606515271005261,False,"CFLAR, LGMN, TRRAP","ENSG00000003402, ENSG00000100600, ENSG00000196367",0.32673267326732675
all,GO:BP,GO:0008219,cell death,673,30,3,5622,0.7144074193352059,0.761985020622878,False,"CFLAR, LGMN, TRRAP","ENSG00000003402, ENSG00000100600, ENSG00000196367",0.32673267326732675
all,GO:BP,GO:0043687,post-translational protein modification,462,30,2,5622,0.719397254945672,0.7665095491884757,False,"BCL11A, USP12","ENSG00000119866, ENSG00000152484",0.32673267326732675
all,GO:BP,GO:0022402,cell cycle process,467,30,2,5622,0.7251143623535803,0.7709981549921366,False,"GPNMB, L3MBTL1","ENSG00000136235, ENSG00000185513",0.32673267326732675
all,GO:BP,GO:0071345,cellular response to cytokine stimulus,236,30,1,5622,0.7247118352082729,0.7709981549921366,False,SSTR1,ENSG00000139874,0.32673267326732675
all,GO:BP,GO:0045321,leukocyte activation,237,30,1,5622,0.7262451892639268,0.7714003305653105,False,GPNMB,ENSG00000136235,0.32673267326732675
all,GO:MF,GO:0005543,phospholipid binding,200,30,1,5622,0.6636308123658048,0.7749229361787036,False,CPNE3,ENSG00000085719,0.32673267326732675
all,GO:MF,GO:0003723,RNA binding,832,30,4,5622,0.6679908315058573,0.775199236562353,False,"CPNE3, FUS, MANF, RBM4B","ENSG00000085719, ENSG00000089280, ENSG00000145050, ENSG00000173914",0.32673267326732675
all,GO:CC,GO:0005667,transcription regulator complex,179,30,1,5622,0.6221531927772785,0.7768127435241732,False,TRRAP,ENSG00000196367,0.32673267326732675
all,GO:CC,GO:1902495,transmembrane transporter complex,178,30,1,5622,0.620059472013207,0.7768127435241732,False,CACNA1A,ENSG00000141837,0.32673267326732675
all,GO:BP,GO:0060627,regulation of vesicle-mediated transport,244,30,1,5622,0.736749844250153,0.7817480231432781,False,SH3GL3,ENSG00000140600,0.32673267326732675
all,REAC,REAC:R-HSA-9006934,Signaling by Receptor Tyrosine Kinases,217,30,1,5622,0.6939504333797017,0.7833228376786027,False,SH3GL3,ENSG00000140600,0.32673267326732675
all,REAC,REAC:R-HSA-73857,RNA Polymerase II Transcription,440,30,2,5622,0.6931117520256622,0.7833228376786027,False,"ICE1, L3MBTL1","ENSG00000164151, ENSG00000185513",0.32673267326732675
all,GO:BP,GO:0008610,lipid biosynthetic process,247,30,1,5622,0.7411315761262627,0.7855841422227704,False,ELOVL7,ENSG00000164181,0.32673267326732675
all,GO:BP,GO:0048609,multicellular organismal reproductive process,248,30,1,5622,0.7425764231432321,0.7863025141754265,False,SSTR1,ENSG00000139874,0.32673267326732675
all,GO:MF,GO:0030695,GTPase regulator activity,224,30,1,5622,0.7056515619817121,0.7868049594600586,False,ADGRB3,ENSG00000135298,0.32673267326732675
all,GO:MF,GO:0060589,nucleoside-triphosphatase regulator activity,225,30,1,5622,0.7072874369614359,0.7868049594600586,False,ADGRB3,ENSG00000135298,0.32673267326732675
all,GO:MF,GO:0008324,monoatomic cation transmembrane transporter activity,225,30,1,5622,0.7072874369614359,0.7868049594600586,False,CACNA1A,ENSG00000141837,0.32673267326732675
all,GO:MF,GO:0140096,"catalytic activity, acting on a protein",867,30,4,5622,0.7013048213094972,0.7868049594600586,False,"CFLAR, CPNE3, LGMN, USP12","ENSG00000003402, ENSG00000085719, ENSG00000100600, ENSG00000152484",0.32673267326732675
all,GO:MF,GO:0016491,oxidoreductase activity,212,30,1,5622,0.6853185121342211,0.7868049594600586,False,GSTK1,ENSG00000197448,0.32673267326732675
all,GO:MF,GO:0004672,protein kinase activity,216,30,1,5622,0.692242567494544,0.7868049594600586,False,CPNE3,ENSG00000085719,0.32673267326732675
all,GO:MF,GO:0003677,DNA binding,652,30,3,5622,0.692992738351506,0.7868049594600586,False,"FUS, SOX6, BCL11A","ENSG00000089280, ENSG00000110693, ENSG00000119866",0.32673267326732675
all,REAC,REAC:R-HSA-5663205,Infectious disease,461,30,2,5622,0.7182425324892605,0.7928924016494243,False,"PRKAR2A, SH3GL3","ENSG00000114302, ENSG00000140600",0.32673267326732675
all,REAC,REAC:R-HSA-392499,Metabolism of proteins,892,30,4,5622,0.7237138699618906,0.7928924016494243,False,"CALB1, CNTN4, USP12, TRRAP","ENSG00000104327, ENSG00000144619, ENSG00000152484, ENSG00000196367",0.32673267326732675
all,REAC,REAC:R-HSA-5663202,Diseases of signal transduction by growth factor receptors and second messengers,234,30,1,5622,0.72162018138458,0.7928924016494243,False,BCL11A,ENSG00000119866,0.32673267326732675
all,REAC,REAC:R-HSA-1266738,Developmental Biology,458,30,2,5622,0.7147556600832874,0.7928924016494243,False,"PRKAR2A, PLXNC1","ENSG00000114302, ENSG00000136040",0.32673267326732675
all,GO:MF,GO:0016788,"hydrolase activity, acting on ester bonds",233,30,1,5622,0.7200617946410715,0.7963036317207142,False,C11orf54,ENSG00000182919,0.32673267326732675
all,GO:CC,GO:0043227,membrane-bounded organelle,4576,30,24,5622,0.6812206450308327,0.7972594878176164,False,"IBTK, CPNE3, FUS, LGMN, ZMYND8, CALB1, SOX6, PRKAR2A, BCL11A, DNAJB1, GPNMB, SH3GL3, CACNA1A, MANF, USP12, ICE1, ELOVL7, CALB2, SCAI, RBM4B, C11orf54, L3MBTL1, TRRAP, GSTK1","ENSG00000005700, ENSG00000085719, ENSG00000089280, ENSG00000100600, ENSG00000101040, ENSG00000104327, ENSG00000110693, ENSG00000114302, ENSG00000119866, ENSG00000132002, ENSG00000136235, ENSG00000140600, ENSG00000141837, ENSG00000145050, ENSG00000152484, ENSG00000164151, ENSG00000164181, ENSG00000172137, ENSG00000173611, ENSG00000173914, ENSG00000182919, ENSG00000185513, ENSG00000196367, ENSG00000197448",0.32673267326732675
all,GO:CC,GO:0009986,cell surface,199,30,1,5622,0.6617596691006417,0.7972594878176164,False,PPFIA4,ENSG00000143847,0.32673267326732675
all,GO:CC,GO:0043231,intracellular membrane-bounded organelle,4369,30,23,5622,0.6526562181180791,0.7972594878176164,False,"IBTK, CPNE3, FUS, LGMN, ZMYND8, CALB1, SOX6, BCL11A, DNAJB1, GPNMB, SH3GL3, CACNA1A, MANF, USP12, ICE1, ELOVL7, CALB2, SCAI, RBM4B, C11orf54, L3MBTL1, TRRAP, GSTK1","ENSG00000005700, ENSG00000085719, ENSG00000089280, ENSG00000100600, ENSG00000101040, ENSG00000104327, ENSG00000110693, ENSG00000119866, ENSG00000132002, ENSG00000136235, ENSG00000140600, ENSG00000141837, ENSG00000145050, ENSG00000152484, ENSG00000164151, ENSG00000164181, ENSG00000172137, ENSG00000173611, ENSG00000173914, ENSG00000182919, ENSG00000185513, ENSG00000196367, ENSG00000197448",0.32673267326732675
all,GO:CC,GO:0097060,synaptic membrane,203,30,1,5622,0.6691844009170782,0.7972594878176164,False,ADGRB3,ENSG00000135298,0.32673267326732675
all,GO:CC,GO:1990351,transporter complex,190,30,1,5622,0.6444603632817409,0.7972594878176164,False,CACNA1A,ENSG00000141837,0.32673267326732675
all,GO:CC,GO:0098590,plasma membrane region,431,30,2,5622,0.6818191999888212,0.7972594878176164,False,"PRKAR2A, ADGRB3","ENSG00000114302, ENSG00000135298",0.32673267326732675
all,GO:CC,GO:0099503,secretory vesicle,408,30,2,5622,0.6515098532883381,0.7972594878176164,False,"CPNE3, SH3GL3","ENSG00000085719, ENSG00000140600",0.32673267326732675
all,GO:CC,GO:0098852,lytic vacuole membrane,206,30,1,5622,0.6746493050505034,0.7972594878176164,False,CPNE3,ENSG00000085719,0.32673267326732675
all,GO:CC,GO:0005765,lysosomal membrane,206,30,1,5622,0.6746493050505034,0.7972594878176164,False,CPNE3,ENSG00000085719,0.32673267326732675
all,GO:CC,GO:0016607,nuclear speck,200,30,1,5622,0.6636308123658048,0.7972594878176164,False,RBM4B,ENSG00000173914,0.32673267326732675
all,GO:CC,GO:0005737,cytoplasm,4385,30,23,5622,0.6668125417775559,0.7972594878176164,False,"CFLAR, IBTK, CPNE3, FUS, LGMN, ZMYND8, CALB1, SOX6, PRKAR2A, BCL11A, DNAJB1, GPNMB, SH3GL3, CACNA1A, PPFIA4, MANF, USP12, ELOVL7, CALB2, SCAI, RBM4B, TRRAP, GSTK1","ENSG00000003402, ENSG00000005700, ENSG00000085719, ENSG00000089280, ENSG00000100600, ENSG00000101040, ENSG00000104327, ENSG00000110693, ENSG00000114302, ENSG00000119866, ENSG00000132002, ENSG00000136235, ENSG00000140600, ENSG00000141837, ENSG00000143847, ENSG00000145050, ENSG00000152484, ENSG00000164181, ENSG00000172137, ENSG00000173611, ENSG00000173914, ENSG00000196367, ENSG00000197448",0.32673267326732675
all,GO:CC,GO:0015629,actin cytoskeleton,201,30,1,5622,0.6654919476717853,0.7972594878176164,False,CALB1,ENSG00000104327,0.32673267326732675
all,GO:BP,GO:0003006,developmental process involved in reproduction,257,30,1,5622,0.7552340187529536,0.7988801539956424,False,SSTR1,ENSG00000139874,0.32673267326732675
all,GO:BP,GO:0051248,negative regulation of protein metabolic process,259,30,1,5622,0.7579639832812703,0.8001164602093739,False,IBTK,ENSG00000005700,0.32673267326732675
all,GO:BP,GO:0006753,nucleoside phosphate metabolic process,259,30,1,5622,0.7579639832812703,0.8001164602093739,False,ELOVL7,ENSG00000164181,0.32673267326732675
all,GO:BP,GO:0006397,mRNA processing,261,30,1,5622,0.7606645035049798,0.8021410659388934,False,RBM4B,ENSG00000173914,0.32673267326732675
all,GO:BP,GO:0033043,regulation of organelle organization,501,30,2,5622,0.7615478874315199,0.8022472606549929,False,"ZMYND8, L3MBTL1","ENSG00000101040, ENSG00000185513",0.32673267326732675
all,GO:CC,GO:1902494,catalytic complex,855,30,4,5622,0.6901360283374812,0.80273716980307,False,"CFLAR, PRKAR2A, BCL11A, TRRAP","ENSG00000003402, ENSG00000114302, ENSG00000119866, ENSG00000196367",0.32673267326732675
all,GO:BP,GO:0043933,protein-containing complex organization,729,30,3,5622,0.76620182174521,0.805494222860349,False,"FUS, BCL11A, ICE1","ENSG00000089280, ENSG00000119866, ENSG00000164151",0.32673267326732675
all,GO:BP,GO:0030036,actin cytoskeleton organization,265,30,1,5622,0.7659784349073027,0.805494222860349,False,CFLAR,ENSG00000003402,0.32673267326732675
all,GO:BP,GO:0055086,nucleobase-containing small molecule metabolic process,267,30,1,5622,0.7685924503439101,0.8055288973440775,False,ELOVL7,ENSG00000164181,0.32673267326732675
all,GO:BP,GO:0090407,organophosphate biosynthetic process,266,30,1,5622,0.7672889906199744,0.8055288973440775,False,ELOVL7,ENSG00000164181,0.32673267326732675
all,GO:BP,GO:0034097,response to cytokine,267,30,1,5622,0.7685924503439101,0.8055288973440775,False,SSTR1,ENSG00000139874,0.32673267326732675
all,GO:BP,GO:1901652,response to peptide,271,30,1,5622,0.7737360686152795,0.8100913895103794,False,SSTR1,ENSG00000139874,0.32673267326732675
all,GO:BP,GO:0001775,cell activation,272,30,1,5622,0.7750046012150817,0.8105915471892436,False,GPNMB,ENSG00000136235,0.32673267326732675
all,GO:BP,GO:0002684,positive regulation of immune system process,277,30,1,5622,0.7812448390052589,0.8162853822430074,False,LGMN,ENSG00000100600,0.32673267326732675
all,GO:CC,GO:0043229,intracellular organelle,4632,30,24,5622,0.731864330817386,0.816878874296173,False,"IBTK, CPNE3, FUS, LGMN, ZMYND8, CALB1, SOX6, PRKAR2A, BCL11A, DNAJB1, GPNMB, SH3GL3, CACNA1A, MANF, USP12, ICE1, ELOVL7, CALB2, SCAI, RBM4B, C11orf54, L3MBTL1, TRRAP, GSTK1","ENSG00000005700, ENSG00000085719, ENSG00000089280, ENSG00000100600, ENSG00000101040, ENSG00000104327, ENSG00000110693, ENSG00000114302, ENSG00000119866, ENSG00000132002, ENSG00000136235, ENSG00000140600, ENSG00000141837, ENSG00000145050, ENSG00000152484, ENSG00000164151, ENSG00000164181, ENSG00000172137, ENSG00000173611, ENSG00000173914, ENSG00000182919, ENSG00000185513, ENSG00000196367, ENSG00000197448",0.32673267326732675
all,GO:CC,GO:0043226,organelle,4796,30,25,5622,0.7276367819170335,0.816878874296173,False,"IBTK, CPNE3, FUS, LGMN, ZMYND8, CALB1, SOX6, PRKAR2A, BCL11A, DNAJB1, ADGRB3, GPNMB, SH3GL3, CACNA1A, MANF, USP12, ICE1, ELOVL7, CALB2, SCAI, RBM4B, C11orf54, L3MBTL1, TRRAP, GSTK1","ENSG00000005700, ENSG00000085719, ENSG00000089280, ENSG00000100600, ENSG00000101040, ENSG00000104327, ENSG00000110693, ENSG00000114302, ENSG00000119866, ENSG00000132002, ENSG00000135298, ENSG00000136235, ENSG00000140600, ENSG00000141837, ENSG00000145050, ENSG00000152484, ENSG00000164151, ENSG00000164181, ENSG00000172137, ENSG00000173611, ENSG00000173914, ENSG00000182919, ENSG00000185513, ENSG00000196367, ENSG00000197448",0.32673267326732675
all,GO:CC,GO:1990234,transferase complex,460,30,2,5622,0.717084029622198,0.816878874296173,False,"PRKAR2A, TRRAP","ENSG00000114302, ENSG00000196367",0.32673267326732675
all,GO:CC,GO:0005774,vacuolar membrane,225,30,1,5622,0.7072874369614359,0.816878874296173,False,CPNE3,ENSG00000085719,0.32673267326732675
all,GO:CC,GO:0005759,mitochondrial matrix,227,30,1,5622,0.7105328621193711,0.816878874296173,False,GSTK1,ENSG00000197448,0.32673267326732675
all,GO:CC,GO:0005635,nuclear envelope,237,30,1,5622,0.7262451892639268,0.816878874296173,False,SCAI,ENSG00000173611,0.32673267326732675
all,GO:CC,GO:0099080,supramolecular complex,673,30,3,5622,0.7144074193352059,0.816878874296173,False,"BCL11A, ICE1, RBM4B","ENSG00000119866, ENSG00000164151, ENSG00000173914",0.32673267326732675
all,GO:CC,GO:0140535,intracellular protein-containing complex,470,30,2,5622,0.7284996341122982,0.816878874296173,False,"PRKAR2A, TRRAP","ENSG00000114302, ENSG00000196367",0.32673267326732675
all,KEGG,KEGG:01100,Metabolic pathways,563,30,2,5622,0.8177220102157694,0.8177220102157692,False,"ELOVL7, GSTK1","ENSG00000164181, ENSG00000197448",0.32673267326732675
all,GO:BP,GO:0006897,endocytosis,280,30,1,5622,0.784908321043229,0.819278033675468,False,SH3GL3,ENSG00000140600,0.32673267326732675
all,GO:BP,GO:0009967,positive regulation of signal transduction,526,30,2,5622,0.7857263772376326,0.8192975957971244,False,"CFLAR, GPNMB","ENSG00000003402, ENSG00000136235",0.32673267326732675
all,GO:BP,GO:0036211,protein modification process,973,30,4,5622,0.7883068625005545,0.8211529817714109,False,"IBTK, PRKAR2A, BCL11A, USP12","ENSG00000005700, ENSG00000114302, ENSG00000119866, ENSG00000152484",0.32673267326732675
all,GO:MF,GO:0015075,monoatomic ion transmembrane transporter activity,255,30,1,5622,0.7524743000696235,0.8251093631317203,False,CACNA1A,ENSG00000141837,0.32673267326732675
all,GO:MF,GO:0003824,catalytic activity,1934,30,9,5622,0.7548872896737016,0.8251093631317203,False,"CFLAR, CPNE3, LGMN, PRKAR2A, USP12, ELOVL7, C11orf54, TRRAP, GSTK1","ENSG00000003402, ENSG00000085719, ENSG00000100600, ENSG00000114302, ENSG00000152484, ENSG00000164181, ENSG00000182919, ENSG00000196367, ENSG00000197448",0.32673267326732675
all,REAC,REAC:R-HSA-1643685,Disease,722,30,3,5622,0.7601443979614442,0.8267263890237602,False,"PRKAR2A, BCL11A, SH3GL3","ENSG00000114302, ENSG00000119866, ENSG00000140600",0.32673267326732675
all,GO:BP,GO:0008152,metabolic process,3677,30,18,5622,0.7945830879310993,0.8268504214511435,False,"CFLAR, IBTK, FUS, LGMN, ZMYND8, SOX6, PRKAR2A, BCL11A, DNAJB1, GPNMB, USP12, ICE1, ELOVL7, SCAI, RBM4B, L3MBTL1, TRRAP, GSTK1","ENSG00000003402, ENSG00000005700, ENSG00000089280, ENSG00000100600, ENSG00000101040, ENSG00000110693, ENSG00000114302, ENSG00000119866, ENSG00000132002, ENSG00000136235, ENSG00000152484, ENSG00000164151, ENSG00000164181, ENSG00000173611, ENSG00000173914, ENSG00000185513, ENSG00000196367, ENSG00000197448",0.32673267326732675
all,GO:BP,GO:0055085,transmembrane transport,537,30,2,5622,0.7956976280575733,0.8271704551308442,False,"IBTK, CACNA1A","ENSG00000005700, ENSG00000141837",0.32673267326732675
all,GO:MF,GO:0016773,"phosphotransferase activity, alcohol group as acceptor",265,30,1,5622,0.7659784349073027,0.8276088836929478,False,CPNE3,ENSG00000085719,0.32673267326732675
all,GO:MF,GO:0003676,nucleic acid binding,1356,30,6,5622,0.7657227323602295,0.8276088836929478,False,"CPNE3, FUS, SOX6, BCL11A, MANF, RBM4B","ENSG00000085719, ENSG00000089280, ENSG00000110693, ENSG00000119866, ENSG00000145050, ENSG00000173914",0.32673267326732675
all,GO:BP,GO:0019752,carboxylic acid metabolic process,294,30,1,5622,0.8012348161643308,0.8320827624806879,False,ELOVL7,ENSG00000164181,0.32673267326732675
all,GO:BP,GO:0044238,primary metabolic process,3332,30,16,5622,0.8029422743056374,0.8330119748616175,False,"CFLAR, IBTK, FUS, LGMN, ZMYND8, SOX6, PRKAR2A, BCL11A, DNAJB1, USP12, ICE1, ELOVL7, SCAI, RBM4B, L3MBTL1, TRRAP","ENSG00000003402, ENSG00000005700, ENSG00000089280, ENSG00000100600, ENSG00000101040, ENSG00000110693, ENSG00000114302, ENSG00000119866, ENSG00000132002, ENSG00000152484, ENSG00000164151, ENSG00000164181, ENSG00000173611, ENSG00000173914, ENSG00000185513, ENSG00000196367",0.32673267326732675
all,GO:BP,GO:0043436,oxoacid metabolic process,300,30,1,5622,0.8078591032440847,0.8369655980044202,False,ELOVL7,ENSG00000164181,0.32673267326732675
all,GO:BP,GO:0006082,organic acid metabolic process,301,30,1,5622,0.80894219736334,0.8369655980044202,False,ELOVL7,ENSG00000164181,0.32673267326732675
all,GO:BP,GO:0032101,regulation of response to external stimulus,302,30,1,5622,0.8100193885076927,0.8369655980044202,False,LGMN,ENSG00000100600,0.32673267326732675
all,GO:BP,GO:0030029,actin filament-based process,302,30,1,5622,0.8100193885076927,0.8369655980044202,False,CFLAR,ENSG00000003402,0.32673267326732675
all,GO:BP,GO:0032879,regulation of localization,786,30,3,5622,0.811255947516208,0.8373991401854111,False,"ZMYND8, SH3GL3, ICE1","ENSG00000101040, ENSG00000140600, ENSG00000164151",0.32673267326732675
all,GO:BP,GO:0006412,translation,307,30,1,5622,0.815317881492445,0.8395212486530197,False,RBM4B,ENSG00000173914,0.32673267326732675
all,GO:BP,GO:0160307,protein biosynthetic process,307,30,1,5622,0.815317881492445,0.8395212486530197,False,RBM4B,ENSG00000173914,0.32673267326732675
all,GO:BP,GO:0043412,macromolecule modification,1013,30,4,5622,0.8157689401545443,0.8395212486530197,False,"IBTK, PRKAR2A, BCL11A, USP12","ENSG00000005700, ENSG00000114302, ENSG00000119866, ENSG00000152484",0.32673267326732675
all,REAC,REAC:R-HSA-382551,Transport of small molecules,281,30,1,5622,0.7861162488546671,0.8426713746715496,False,PRKAR2A,ENSG00000114302,0.32673267326732675
all,REAC,REAC:R-HSA-74160,Gene expression (Transcription),525,30,2,5622,0.7848000443229477,0.8426713746715496,False,"ICE1, L3MBTL1","ENSG00000164151, ENSG00000185513",0.32673267326732675
all,GO:CC,GO:0005929,cilium,263,30,1,5622,0.7633358861618846,0.8477247780993793,False,PRKAR2A,ENSG00000114302,0.32673267326732675
all,GO:CC,GO:0098796,membrane protein complex,508,30,2,5622,0.7685347674610231,0.8492309180444304,False,"CFLAR, CACNA1A","ENSG00000003402, ENSG00000141837",0.32673267326732675
all,GO:BP,GO:0051050,positive regulation of transport,318,30,1,5622,0.8264765179102311,0.8496874933380009,False,ICE1,ENSG00000164151,0.32673267326732675
all,GO:CC,GO:0016020,membrane,3101,30,15,5622,0.7750181310072323,0.8521343629482503,False,"CFLAR, IBTK, CPNE3, PRKAR2A, ADGRB3, PLXNC1, GPNMB, SSTR1, SH3GL3, CACNA1A, CNTN4, USP12, ELOVL7, SCAI, GSTK1","ENSG00000003402, ENSG00000005700, ENSG00000085719, ENSG00000114302, ENSG00000135298, ENSG00000136040, ENSG00000136235, ENSG00000139874, ENSG00000140600, ENSG00000141837, ENSG00000144619, ENSG00000152484, ENSG00000164181, ENSG00000173611, ENSG00000197448",0.32673267326732675
all,REAC,REAC:R-HSA-194315,Signaling by Rho GTPases,296,30,1,5622,0.803467070089023,0.8551185245947457,False,SCAI,ENSG00000173611,0.32673267326732675
all,GO:BP,GO:0042592,homeostatic process,583,30,2,5622,0.8332568388668335,0.8557998595576195,False,"CALB1, CALB2","ENSG00000104327, ENSG00000172137",0.32673267326732675
all,REAC,REAC:R-HSA-9716542,"Signaling by Rho GTPases, Miro GTPases and RHOBTB3",307,30,1,5622,0.815317881492445,0.8615770520735765,False,SCAI,ENSG00000173611,0.32673267326732675
all,GO:BP,GO:0006796,phosphate-containing compound metabolic process,835,30,3,5622,0.84422253633973,0.8659641828349043,False,"IBTK, PRKAR2A, ELOVL7","ENSG00000005700, ENSG00000114302, ENSG00000164181",0.32673267326732675
all,GO:BP,GO:0006793,phosphorus metabolic process,836,30,3,5622,0.8448431052047849,0.8659641828349043,False,"IBTK, PRKAR2A, ELOVL7","ENSG00000005700, ENSG00000114302, ENSG00000164181",0.32673267326732675
all,REAC,REAC:R-HSA-1280218,Adaptive Immune System,322,30,1,5622,0.8303702982398604,0.8713040453361913,False,LGMN,ENSG00000100600,0.32673267326732675
all,GO:BP,GO:0006886,intracellular protein transport,346,30,1,5622,0.8520187587109086,0.8724467808977836,False,ICE1,ENSG00000164151,0.32673267326732675
all,GO:MF,GO:0097367,carbohydrate derivative binding,802,30,3,5622,0.8225836342306271,0.8786688820190786,False,"PRKAR2A, GPNMB, MANF","ENSG00000114302, ENSG00000136235, ENSG00000145050",0.32673267326732675
all,GO:MF,GO:0016746,acyltransferase activity,314,30,1,5622,0.8224964027227089,0.8786688820190786,False,ELOVL7,ENSG00000164181,0.32673267326732675
all,GO:BP,GO:0051049,regulation of transport,621,30,2,5622,0.8596508414704821,0.879383345815613,False,"SH3GL3, ICE1","ENSG00000140600, ENSG00000164151",0.32673267326732675
all,GO:CC,GO:0031410,cytoplasmic vesicle,998,30,4,5622,0.8058055461453457,0.8794603283090343,False,"CPNE3, LGMN, GPNMB, SH3GL3","ENSG00000085719, ENSG00000100600, ENSG00000136235, ENSG00000140600",0.32673267326732675
all,GO:CC,GO:0097708,intracellular vesicle,1001,30,4,5622,0.8078300753245883,0.8794603283090343,False,"CPNE3, LGMN, GPNMB, SH3GL3","ENSG00000085719, ENSG00000100600, ENSG00000136235, ENSG00000140600",0.32673267326732675
all,REAC,REAC:R-HSA-8953854,Metabolism of RNA,360,30,1,5622,0.8633867738739133,0.8819781993708529,False,FUS,ENSG00000089280,0.32673267326732675
all,REAC,REAC:R-HSA-8953897,Cellular responses to stimuli,377,30,1,5622,0.8760588825965518,0.8819781993708529,False,DNAJB1,ENSG00000132002,0.32673267326732675
all,REAC,REAC:R-HSA-212436,Generic Transcription Pathway,377,30,1,5622,0.8760588825965518,0.8819781993708529,False,L3MBTL1,ENSG00000185513,0.32673267326732675
all,REAC,REAC:R-HSA-2262752,Cellular responses to stress,371,30,1,5622,0.8717219081115548,0.8819781993708529,False,DNAJB1,ENSG00000132002,0.32673267326732675
all,REAC,REAC:R-HSA-199991,Membrane Trafficking,362,30,1,5622,0.8649402140371213,0.8819781993708529,False,SH3GL3,ENSG00000140600,0.32673267326732675
all,REAC,REAC:R-HSA-5653656,Vesicle-mediated transport,369,30,1,5622,0.8702439201921424,0.8819781993708529,False,SH3GL3,ENSG00000140600,0.32673267326732675
all,GO:BP,GO:0051668,localization within membrane,362,30,1,5622,0.8649402140371213,0.8839119834377361,False,ZMYND8,ENSG00000101040,0.32673267326732675
all,GO:CC,GO:0012505,endomembrane system,1847,30,8,5622,0.8197588693938691,0.8880721085100248,False,"CPNE3, LGMN, GPNMB, SH3GL3, MANF, ELOVL7, SCAI, TRRAP","ENSG00000085719, ENSG00000100600, ENSG00000136235, ENSG00000140600, ENSG00000145050, ENSG00000164181, ENSG00000173611, ENSG00000196367",0.32673267326732675
all,GO:CC,GO:0005813,centrosome,319,30,1,5622,0.8274579855691099,0.8920400722476746,False,PRKAR2A,ENSG00000114302,0.32673267326732675
all,GO:BP,GO:0061024,membrane organization,378,30,1,5622,0.8767677927056279,0.8951065612781558,False,ZMYND8,ENSG00000101040,0.32673267326732675
all,GO:BP,GO:0065009,regulation of molecular function,380,30,1,5622,0.8781738727658206,0.8956499697362846,False,DNAJB1,ENSG00000132002,0.32673267326732675
all,GO:CC,GO:0005622,intracellular anatomical structure,5071,30,26,5622,0.835085410087673,0.8958926001426006,False,"CFLAR, IBTK, CPNE3, FUS, LGMN, ZMYND8, CALB1, SOX6, PRKAR2A, BCL11A, DNAJB1, GPNMB, SH3GL3, CACNA1A, PPFIA4, MANF, USP12, ICE1, ELOVL7, CALB2, SCAI, RBM4B, C11orf54, L3MBTL1, TRRAP, GSTK1","ENSG00000003402, ENSG00000005700, ENSG00000085719, ENSG00000089280, ENSG00000100600, ENSG00000101040, ENSG00000104327, ENSG00000110693, ENSG00000114302, ENSG00000119866, ENSG00000132002, ENSG00000136235, ENSG00000140600, ENSG00000141837, ENSG00000143847, ENSG00000145050, ENSG00000152484, ENSG00000164151, ENSG00000164181, ENSG00000172137, ENSG00000173611, ENSG00000173914, ENSG00000182919, ENSG00000185513, ENSG00000196367, ENSG00000197448",0.32673267326732675
all,GO:CC,GO:0048471,perinuclear region of cytoplasm,333,30,1,5622,0.8406476726916976,0.8975030708447593,False,LGMN,ENSG00000100600,0.32673267326732675
all,REAC,REAC:R-HSA-168256,Immune System,705,30,2,5622,0.9053934418036006,0.9053934418036006,False,"CPNE3, LGMN","ENSG00000085719, ENSG00000100600",0.32673267326732675
all,GO:BP,GO:0032446,protein modification by small protein conjugation,398,30,1,5622,0.8901499291941984,0.9069619059881248,False,BCL11A,ENSG00000119866,0.32673267326732675
all,GO:BP,GO:0009057,macromolecule catabolic process,677,30,2,5622,0.8918858872178315,0.9078282367410896,False,"FUS, LGMN","ENSG00000089280, ENSG00000100600",0.32673267326732675
all,GO:BP,GO:0019637,organophosphate metabolic process,414,30,1,5622,0.8998333757005801,0.9150091369971176,False,ELOVL7,ENSG00000164181,0.32673267326732675
all,GO:MF,GO:0022857,transmembrane transporter activity,358,30,1,5622,0.8618160684399387,0.9153752591339461,False,CACNA1A,ENSG00000141837,0.32673267326732675
all,GO:BP,GO:0033365,protein localization to organelle,432,30,1,5622,0.909741477335373,0.9241675067083819,False,ZMYND8,ENSG00000101040,0.32673267326732675
all,GO:CC,GO:0005815,microtubule organizing center,383,30,1,5622,0.8802539548947675,0.9352698270756904,False,PRKAR2A,ENSG00000114302,0.32673267326732675
all,GO:BP,GO:0009894,regulation of catabolic process,469,30,1,5622,0.9272204450179822,0.9409910456865661,False,FUS,ENSG00000089280,0.32673267326732675
all,GO:MF,GO:0005215,transporter activity,400,30,1,5622,0.8914081042361601,0.9414872112157195,False,CACNA1A,ENSG00000141837,0.32673267326732675
all,GO:CC,GO:0032991,protein-containing complex,2227,30,9,5622,0.8992087761209104,0.9508379881469913,False,"CFLAR, PRKAR2A, BCL11A, PLXNC1, CACNA1A, ICE1, RBM4B, L3MBTL1, TRRAP","ENSG00000003402, ENSG00000114302, ENSG00000119866, ENSG00000136040, ENSG00000141837, ENSG00000164151, ENSG00000173914, ENSG00000185513, ENSG00000196367",0.32673267326732675
all,GO:CC,GO:0098588,bounding membrane of organelle,957,30,3,5622,0.9062573998884569,0.9537280255969001,False,"CPNE3, GPNMB, SH3GL3","ENSG00000085719, ENSG00000136235, ENSG00000140600",0.32673267326732675
all,GO:MF,GO:0008092,cytoskeletal protein binding,431,30,1,5622,0.9092168201604187,0.9549316323472554,False,LGMN,ENSG00000100600,0.32673267326732675
all,GO:BP,GO:0007010,cytoskeleton organization,551,30,1,5622,0.9550822169948403,0.9683078856772614,False,CFLAR,ENSG00000003402,0.32673267326732675
all,GO:CC,GO:0098827,endoplasmic reticulum subcompartment,511,30,1,5622,0.9431043425325892,0.9717859527060361,False,ELOVL7,ENSG00000164181,0.32673267326732675
all,GO:CC,GO:0005739,mitochondrion,800,30,2,5622,0.9406836782103346,0.9717859527060361,False,"CPNE3, GSTK1","ENSG00000085719, ENSG00000197448",0.32673267326732675
all,GO:CC,GO:0005789,endoplasmic reticulum membrane,506,30,1,5622,0.9414057458623459,0.9717859527060361,False,ELOVL7,ENSG00000164181,0.32673267326732675
all,GO:CC,GO:0005783,endoplasmic reticulum,780,30,2,5622,0.9344431628723054,0.9717859527060361,False,"MANF, ELOVL7","ENSG00000145050, ENSG00000164181",0.32673267326732675
all,GO:CC,GO:0042175,nuclear outer membrane-endoplasmic reticulum membrane network,518,30,1,5622,0.9454026236732931,0.9717859527060361,False,ELOVL7,ENSG00000164181,0.32673267326732675
all,GO:BP,GO:0006996,organelle organization,1404,30,4,5622,0.9626587085697784,0.9740623655321055,False,"CFLAR, FUS, ZMYND8, L3MBTL1","ENSG00000003402, ENSG00000089280, ENSG00000101040, ENSG00000185513",0.32673267326732675
all,GO:BP,GO:0044281,small molecule metabolic process,580,30,1,5622,0.962201016339045,0.9740623655321055,False,ELOVL7,ENSG00000164181,0.32673267326732675
all,GO:CC,GO:0031090,organelle membrane,1593,30,5,5622,0.9547211926857251,0.9768212202941909,False,"CPNE3, GPNMB, SH3GL3, ELOVL7, SCAI","ENSG00000085719, ENSG00000136235, ENSG00000140600, ENSG00000164181, ENSG00000173611",0.32673267326732675
all,GO:CC,GO:0015630,microtubule cytoskeleton,596,30,1,5622,0.9656481870787118,0.9768725311406884,False,PRKAR2A,ENSG00000114302,0.32673267326732675
all,GO:CC,GO:0031967,organelle envelope,608,30,1,5622,0.9680320557457499,0.9768725311406884,False,SCAI,ENSG00000173611,0.32673267326732675
all,GO:CC,GO:0005856,cytoskeleton,891,30,2,5622,0.9627951405226436,0.9768725311406884,False,"CALB1, PRKAR2A","ENSG00000104327, ENSG00000114302",0.32673267326732675
all,GO:CC,GO:0031984,organelle subcompartment,657,30,1,5622,0.9762102934636742,0.9806476129794182,False,ELOVL7,ENSG00000164181,0.32673267326732675
all,GO:CC,GO:0005794,Golgi apparatus,700,30,1,5622,0.9816884107963353,0.9816884107963353,False,TRRAP,ENSG00000196367,0.32673267326732675
all,GO:BP,GO:0015031,protein transport,675,30,1,5622,0.9786729979145407,0.9892897661364932,False,ICE1,ENSG00000164151,0.32673267326732675
all,GO:BP,GO:0046907,intracellular transport,705,30,1,5622,0.9822399240930947,0.9919171647245537,False,ICE1,ENSG00000164151,0.32673267326732675
all,GO:BP,GO:0016192,vesicle-mediated transport,731,30,1,5622,0.9848586922423107,0.99358283420115,False,SH3GL3,ENSG00000140600,0.32673267326732675
all,GO:BP,GO:0006810,transport,1671,30,4,5622,0.9900320081673368,0.9939106840073656,False,"IBTK, SH3GL3, CACNA1A, ICE1","ENSG00000005700, ENSG00000140600, ENSG00000141837, ENSG00000164151",0.32673267326732675
all,GO:BP,GO:0008104,intracellular protein localization,1084,30,2,5622,0.9869499315319105,0.9939106840073656,False,"ZMYND8, ICE1","ENSG00000101040, ENSG00000164151",0.32673267326732675
all,GO:BP,GO:0009056,catabolic process,1099,30,2,5622,0.9880089741202561,0.9939106840073656,False,"FUS, LGMN","ENSG00000089280, ENSG00000100600",0.32673267326732675
all,GO:BP,GO:0051641,cellular localization,1118,30,2,5622,0.9892349990702183,0.9939106840073656,False,"ZMYND8, ICE1","ENSG00000101040, ENSG00000164151",0.32673267326732675
all,GO:BP,GO:0045184,establishment of protein localization,784,30,1,5622,0.9890910095226164,0.9939106840073656,False,ICE1,ENSG00000164151,0.32673267326732675
all,GO:BP,GO:0051649,establishment of localization in cell,920,30,1,5622,0.9953745577389957,0.9953745577389956,False,ICE1,ENSG00000164151,0.32673267326732675
all,GO:BP,GO:0051179,localization,2022,30,5,5622,0.9944893545235783,0.9953745577389956,False,"IBTK, ZMYND8, SH3GL3, CACNA1A, ICE1","ENSG00000005700, ENSG00000101040, ENSG00000140600, ENSG00000141837, ENSG00000164151",0.32673267326732675
all,GO:BP,GO:0051234,establishment of localization,1757,30,4,5622,0.9937325088286483,0.9953745577389956,False,"IBTK, SH3GL3, CACNA1A, ICE1","ENSG00000005700, ENSG00000140600, ENSG00000141837, ENSG00000164151",0.32673267326732675
all,GO:BP,GO:0033036,macromolecule localization,1244,30,2,5622,0.9948312622148717,0.9953745577389956,False,"ZMYND8, ICE1","ENSG00000101040, ENSG00000164151",0.32673267326732675
all,GO:MF,GO:0032555,purine ribonucleotide binding,725,30,1,5622,0.9842897122545609,0.9954625472866134,False,PRKAR2A,ENSG00000114302,0.32673267326732675
all,GO:MF,GO:0032559,adenyl ribonucleotide binding,583,30,1,5622,0.9628718561210149,0.9954625472866134,False,PRKAR2A,ENSG00000114302,0.32673267326732675
all,GO:MF,GO:0032553,ribonucleotide binding,728,30,1,5622,0.9845767383718034,0.9954625472866134,False,PRKAR2A,ENSG00000114302,0.32673267326732675
all,GO:MF,GO:1901363,heterocyclic compound binding,861,30,1,5622,0.9932683744981106,0.9954625472866134,False,PRKAR2A,ENSG00000114302,0.32673267326732675
all,GO:MF,GO:1901265,nucleoside phosphate binding,829,30,1,5622,0.9917650040437431,0.9954625472866134,False,PRKAR2A,ENSG00000114302,0.32673267326732675
all,GO:MF,GO:0043168,anion binding,923,30,1,5622,0.9954625472866134,0.9954625472866134,False,PRKAR2A,ENSG00000114302,0.32673267326732675
all,GO:MF,GO:0030554,adenyl nucleotide binding,619,30,1,5622,0.9700762003617421,0.9954625472866134,False,PRKAR2A,ENSG00000114302,0.32673267326732675
all,GO:MF,GO:0017076,purine nucleotide binding,762,30,1,5622,0.9874952733076798,0.9954625472866134,False,PRKAR2A,ENSG00000114302,0.32673267326732675
all,GO:MF,GO:0000166,nucleotide binding,821,30,1,5622,0.9913412011904147,0.9954625472866134,False,PRKAR2A,ENSG00000114302,0.32673267326732675
down,WP,WP:WP5408,15q25 copy number variation,18,12,1,5622,0.037787431140011936,0.05994073664343927,False,SH3GL3,ENSG00000140600,0.6237623762376238
down,WP,WP:WP5574,Oligodendrocyte development,15,12,1,5622,0.03158185126964484,0.05994073664343927,False,SOX6,ENSG00000110693,0.6237623762376238
down,WP,WP:WP5402,10q22q23 copy number variation,19,12,1,5622,0.03984784349303117,0.05994073664343927,False,SH3GL3,ENSG00000140600,0.6237623762376238
down,WP,WP:WP5372,Involvement of secretase in neurodegenerative diseases,14,12,1,5622,0.02950518619016588,0.05994073664343927,False,LGMN,ENSG00000100600,0.6237623762376238
down,WP,WP:WP4808,Endochondral ossification with skeletal dysplasias,21,12,1,5622,0.043956540205189,0.05994073664343927,False,SOX6,ENSG00000110693,0.6237623762376238
down,WP,WP:WP5269,Genetic causes of porto sinusoidal vascular disease,8,12,1,5622,0.016959231777539534,0.05994073664343927,False,IBTK,ENSG00000005700,0.6237623762376238
down,WP,WP:WP3413,NOTCH1 regulation of endothelial cell calcification,7,12,1,5622,0.01485384373208718,0.05994073664343927,False,SOX6,ENSG00000110693,0.6237623762376238
down,WP,WP:WP474,Endochondral ossification,21,12,1,5622,0.043956540205189,0.05994073664343927,False,SOX6,ENSG00000110693,0.6237623762376238
down,WP,WP:WP24,Peptide GPCRs,7,12,1,5622,0.01485384373208718,0.05994073664343927,False,SSTR1,ENSG00000139874,0.6237623762376238
down,WP,WP:WP4304,Oligodendrocyte specification and differentiation leading to myelin components for CNS,8,12,1,5622,0.016959231777539534,0.05994073664343927,False,SOX6,ENSG00000110693,0.6237623762376238
down,WP,WP:WP455,GPCRs class A rhodopsin like,13,12,1,5622,0.027424439760700442,0.05994073664343927,False,SSTR1,ENSG00000139874,0.6237623762376238
down,GO:MF,GO:0030292,protein tyrosine kinase inhibitor activity,2,12,1,5622,0.004264766388127159,0.0804756843055824,False,IBTK,ENSG00000005700,0.6237623762376238
down,GO:MF,GO:0004994,somatostatin receptor activity,1,12,1,5622,0.0021344717182497333,0.0804756843055824,False,SSTR1,ENSG00000139874,0.6237623762376238
down,GO:MF,GO:0008188,neuropeptide receptor activity,2,12,1,5622,0.004264766388127159,0.0804756843055824,False,SSTR1,ENSG00000139874,0.6237623762376238
down,GO:MF,GO:0004197,cysteine-type endopeptidase activity,34,12,2,5622,0.0022560098744173426,0.0804756843055824,False,"LGMN, USP12","ENSG00000100600, ENSG00000152484",0.6237623762376238
down,GO:MF,GO:0004930,G protein-coupled receptor activity,47,12,2,5622,0.004280621505616085,0.0804756843055824,False,"ADGRB3, SSTR1","ENSG00000135298, ENSG00000139874",0.6237623762376238
down,GO:MF,GO:0009922,fatty acid elongase activity,4,12,1,5622,0.00851285430074208,0.11431547203853694,False,ELOVL7,ENSG00000164181,0.6237623762376238
down,GO:MF,GO:0008234,cysteine-type peptidase activity,65,12,2,5622,0.008062588313499305,0.11431547203853694,False,"LGMN, USP12","ENSG00000100600, ENSG00000152484",0.6237623762376238
down,GO:MF,GO:0042923,neuropeptide binding,5,12,1,5622,0.010630662372723408,0.11678652837375166,False,SSTR1,ENSG00000139874,0.6237623762376238
down,GO:MF,GO:0004175,endopeptidase activity,77,12,2,5622,0.011181688886848559,0.11678652837375166,False,"LGMN, USP12","ENSG00000100600, ENSG00000152484",0.6237623762376238
down,GO:BP,GO:0040015,negative regulation of multicellular organism growth,4,12,1,5622,0.00851285430074208,0.12102664036334643,False,LGMN,ENSG00000100600,0.6237623762376238
down,GO:BP,GO:0032332,positive regulation of chondrocyte differentiation,1,12,1,5622,0.0021344717182497333,0.12102664036334643,False,SOX6,ENSG00000110693,0.6237623762376238
down,GO:BP,GO:0034626,"fatty acid elongation, polyunsaturated fatty acid",4,12,1,5622,0.00851285430074208,0.12102664036334643,False,ELOVL7,ENSG00000164181,0.6237623762376238
down,GO:BP,GO:0038169,somatostatin receptor signaling pathway,1,12,1,5622,0.0021344717182497333,0.12102664036334643,False,SSTR1,ENSG00000139874,0.6237623762376238
down,GO:BP,GO:0021529,spinal cord oligodendrocyte cell differentiation,1,12,1,5622,0.0021344717182497333,0.12102664036334643,False,SOX6,ENSG00000110693,0.6237623762376238
down,GO:BP,GO:0042359,vitamin D metabolic process,2,12,1,5622,0.004264766388127159,0.12102664036334643,False,LGMN,ENSG00000100600,0.6237623762376238
down,GO:BP,GO:0038170,somatostatin signaling pathway,1,12,1,5622,0.0021344717182497333,0.12102664036334643,False,SSTR1,ENSG00000139874,0.6237623762376238
down,GO:BP,GO:0061743,motor learning,3,12,1,5622,0.006390891442102686,0.12102664036334643,False,ADGRB3,ENSG00000135298,0.6237623762376238
down,GO:BP,GO:0034625,"fatty acid elongation, monounsaturated fatty acid",4,12,1,5622,0.00851285430074208,0.12102664036334643,False,ELOVL7,ENSG00000164181,0.6237623762376238
down,GO:BP,GO:0051093,negative regulation of developmental process,255,12,4,5622,0.0015331593884866594,0.12102664036334643,False,"LGMN, SOX6, ADGRB3, CNTN4","ENSG00000100600, ENSG00000110693, ENSG00000135298, ENSG00000144619",0.6237623762376238
down,GO:BP,GO:0051592,response to calcium ion,51,12,2,5622,0.00502494179903562,0.12102664036334643,False,"CPNE3, LGMN","ENSG00000085719, ENSG00000100600",0.6237623762376238
down,GO:BP,GO:0045664,regulation of neuron differentiation,63,12,2,5622,0.007588277843986535,0.12102664036334643,False,"SH3GL3, CNTN4","ENSG00000140600, ENSG00000144619",0.6237623762376238
down,GO:BP,GO:2000725,regulation of cardiac muscle cell differentiation,3,12,1,5622,0.006390891442102686,0.12102664036334643,False,SOX6,ENSG00000110693,0.6237623762376238
down,GO:BP,GO:2001028,positive regulation of endothelial cell chemotaxis,3,12,1,5622,0.006390891442102686,0.12102664036334643,False,LGMN,ENSG00000100600,0.6237623762376238
down,GO:BP,GO:2001026,regulation of endothelial cell chemotaxis,4,12,1,5622,0.00851285430074208,0.12102664036334643,False,LGMN,ENSG00000100600,0.6237623762376238
down,GO:BP,GO:1905208,negative regulation of cardiocyte differentiation,3,12,1,5622,0.006390891442102686,0.12102664036334643,False,SOX6,ENSG00000110693,0.6237623762376238
down,GO:BP,GO:0061036,positive regulation of cartilage development,4,12,1,5622,0.00851285430074208,0.12102664036334643,False,SOX6,ENSG00000110693,0.6237623762376238
down,GO:BP,GO:0071248,cellular response to metal ion,62,12,2,5622,0.00735609689773162,0.12102664036334643,False,"CPNE3, LGMN","ENSG00000085719, ENSG00000100600",0.6237623762376238
down,GO:BP,GO:0019368,"fatty acid elongation, unsaturated fatty acid",4,12,1,5622,0.00851285430074208,0.12102664036334643,False,ELOVL7,ENSG00000164181,0.6237623762376238
down,GO:BP,GO:0071277,cellular response to calcium ion,31,12,2,5622,0.0018766218796224406,0.12102664036334643,False,"CPNE3, LGMN","ENSG00000085719, ENSG00000100600",0.6237623762376238
down,GO:BP,GO:0001502,cartilage condensation,4,12,1,5622,0.00851285430074208,0.12102664036334643,False,SOX6,ENSG00000110693,0.6237623762376238
down,GO:BP,GO:0098883,synapse pruning,4,12,1,5622,0.00851285430074208,0.12102664036334643,False,ADGRB3,ENSG00000135298,0.6237623762376238
down,GO:BP,GO:0090025,regulation of monocyte chemotaxis,3,12,1,5622,0.006390891442102686,0.12102664036334643,False,LGMN,ENSG00000100600,0.6237623762376238
down,GO:BP,GO:0072497,mesenchymal stem cell differentiation,4,12,1,5622,0.00851285430074208,0.12102664036334643,False,SOX6,ENSG00000110693,0.6237623762376238
down,GO:BP,GO:0007187,"G protein-coupled receptor signaling pathway, coupled to cyclic nucleotide second messenger",3,12,1,5622,0.006390891442102686,0.12102664036334643,False,SSTR1,ENSG00000139874,0.6237623762376238
down,GO:BP,GO:0007417,central nervous system development,409,12,4,5622,0.008540186315961944,0.12102664036334643,False,"SOX6, SSTR1, SH3GL3, CNTN4","ENSG00000110693, ENSG00000139874, ENSG00000140600, ENSG00000144619",0.6237623762376238
down,GO:BP,GO:0098743,cell aggregation,4,12,1,5622,0.00851285430074208,0.12102664036334643,False,SOX6,ENSG00000110693,0.6237623762376238
down,GO:BP,GO:0090026,positive regulation of monocyte chemotaxis,1,12,1,5622,0.0021344717182497333,0.12102664036334643,False,LGMN,ENSG00000100600,0.6237623762376238
down,GO:BP,GO:2000739,regulation of mesenchymal stem cell differentiation,3,12,1,5622,0.006390891442102686,0.12102664036334643,False,SOX6,ENSG00000110693,0.6237623762376238
down,GO:BP,GO:2000738,positive regulation of stem cell differentiation,4,12,1,5622,0.00851285430074208,0.12102664036334643,False,SOX6,ENSG00000110693,0.6237623762376238
down,GO:BP,GO:2000741,positive regulation of mesenchymal stem cell differentiation,1,12,1,5622,0.0021344717182497333,0.12102664036334643,False,SOX6,ENSG00000110693,0.6237623762376238
down,GO:BP,GO:2000726,negative regulation of cardiac muscle cell differentiation,2,12,1,5622,0.004264766388127159,0.12102664036334643,False,SOX6,ENSG00000110693,0.6237623762376238
down,GO:BP,GO:1900186,negative regulation of clathrin-dependent endocytosis,3,12,1,5622,0.006390891442102686,0.12102664036334643,False,SH3GL3,ENSG00000140600,0.6237623762376238
down,GO:BP,GO:0006624,vacuolar protein processing,2,12,1,5622,0.004264766388127159,0.12102664036334643,False,LGMN,ENSG00000100600,0.6237623762376238
down,GO:BP,GO:1905806,regulation of synapse pruning,2,12,1,5622,0.004264766388127159,0.12102664036334643,False,ADGRB3,ENSG00000135298,0.6237623762376238
down,GO:BP,GO:0038127,ERBB signaling pathway,69,12,2,5622,0.009050646969420295,0.12469780268979078,False,"CPNE3, LGMN","ENSG00000085719, ENSG00000100600",0.6237623762376238
down,GO:BP,GO:0019367,"fatty acid elongation, saturated fatty acid",5,12,1,5622,0.010630662372723408,0.12554306040168547,False,ELOVL7,ENSG00000164181,0.6237623762376238
down,GO:BP,GO:0042761,very long-chain fatty acid biosynthetic process,5,12,1,5622,0.010630662372723408,0.12554306040168547,False,ELOVL7,ENSG00000164181,0.6237623762376238
down,GO:BP,GO:0035767,endothelial cell chemotaxis,5,12,1,5622,0.010630662372723408,0.12554306040168547,False,LGMN,ENSG00000100600,0.6237623762376238
down,GO:BP,GO:0071495,cellular response to endogenous stimulus,433,12,4,5622,0.010435365557340835,0.12554306040168547,False,"CPNE3, LGMN, SOX6, SSTR1","ENSG00000085719, ENSG00000100600, ENSG00000110693, ENSG00000139874",0.6237623762376238
down,GO:BP,GO:1905207,regulation of cardiocyte differentiation,5,12,1,5622,0.010630662372723408,0.12554306040168547,False,SOX6,ENSG00000110693,0.6237623762376238
down,GO:BP,GO:0002548,monocyte chemotaxis,5,12,1,5622,0.010630662372723408,0.12554306040168547,False,LGMN,ENSG00000100600,0.6237623762376238
down,GO:BP,GO:0070593,dendrite self-avoidance,7,12,1,5622,0.01485384373208718,0.13643530539102727,False,CNTN4,ENSG00000144619,0.6237623762376238
down,GO:BP,GO:0030497,fatty acid elongation,6,12,1,5622,0.012744323054853962,0.13643530539102727,False,ELOVL7,ENSG00000164181,0.6237623762376238
down,GO:BP,GO:0019886,antigen processing and presentation of exogenous peptide antigen via MHC class II,7,12,1,5622,0.01485384373208718,0.13643530539102727,False,LGMN,ENSG00000100600,0.6237623762376238
down,GO:BP,GO:0002495,antigen processing and presentation of peptide antigen via MHC class II,7,12,1,5622,0.01485384373208718,0.13643530539102727,False,LGMN,ENSG00000100600,0.6237623762376238
down,GO:BP,GO:0016322,neuron remodeling,7,12,1,5622,0.01485384373208718,0.13643530539102727,False,ADGRB3,ENSG00000135298,0.6237623762376238
down,GO:BP,GO:0010447,response to acidic pH,6,12,1,5622,0.012744323054853962,0.13643530539102727,False,LGMN,ENSG00000100600,0.6237623762376238
down,GO:BP,GO:0070848,response to growth factor,242,12,3,5622,0.012983285614403825,0.13643530539102727,False,"CPNE3, LGMN, SOX6","ENSG00000085719, ENSG00000100600, ENSG00000110693",0.6237623762376238
down,GO:BP,GO:0071363,cellular response to growth factor stimulus,235,12,3,5622,0.011986272122936925,0.13643530539102727,False,"CPNE3, LGMN, SOX6","ENSG00000085719, ENSG00000100600, ENSG00000110693",0.6237623762376238
down,GO:BP,GO:0048519,negative regulation of biological process,1794,12,8,5622,0.014097148955729649,0.13643530539102727,False,"IBTK, LGMN, SOX6, ADGRB3, SSTR1, SH3GL3, CNTN4, SCAI","ENSG00000005700, ENSG00000100600, ENSG00000110693, ENSG00000135298, ENSG00000139874, ENSG00000140600, ENSG00000144619, ENSG00000173611",0.6237623762376238
down,GO:BP,GO:0035729,cellular response to hepatocyte growth factor stimulus,7,12,1,5622,0.01485384373208718,0.13643530539102727,False,LGMN,ENSG00000100600,0.6237623762376238
down,GO:BP,GO:0051146,striated muscle cell differentiation,84,12,2,5622,0.013211658652564481,0.13643530539102727,False,"SOX6, ADGRB3","ENSG00000110693, ENSG00000135298",0.6237623762376238
down,GO:BP,GO:0007612,learning,87,12,2,5622,0.014127771106333535,0.13643530539102727,False,"LGMN, ADGRB3","ENSG00000100600, ENSG00000135298",0.6237623762376238
down,GO:MF,GO:0061133,endopeptidase activator activity,7,12,1,5622,0.01485384373208718,0.1396261310816239,False,LGMN,ENSG00000100600,0.6237623762376238
down,GO:BP,GO:2000145,regulation of cell motility,293,12,3,5622,0.021700106971987113,0.13964937696108673,False,"CPNE3, LGMN, SCAI","ENSG00000085719, ENSG00000100600, ENSG00000173611",0.6237623762376238
down,GO:BP,GO:0050808,synapse organization,289,12,3,5622,0.02092244977021159,0.13964937696108673,False,"LGMN, ADGRB3, CNTN4","ENSG00000100600, ENSG00000135298, ENSG00000144619",0.6237623762376238
down,GO:BP,GO:0051241,negative regulation of multicellular organismal process,283,12,3,5622,0.019786283604242394,0.13964937696108673,False,"LGMN, SOX6, ADGRB3","ENSG00000100600, ENSG00000110693, ENSG00000135298",0.6237623762376238
down,GO:BP,GO:1900273,positive regulation of long-term synaptic potentiation,11,12,1,5622,0.023250673677175614,0.13964937696108673,False,LGMN,ENSG00000100600,0.6237623762376238
down,GO:BP,GO:0021515,cell differentiation in spinal cord,8,12,1,5622,0.016959231777539534,0.13964937696108673,False,SOX6,ENSG00000110693,0.6237623762376238
down,GO:BP,GO:0000768,syncytium formation by plasma membrane fusion,12,12,1,5622,0.025339604690519737,0.13964937696108673,False,ADGRB3,ENSG00000135298,0.6237623762376238
down,GO:BP,GO:0019884,antigen processing and presentation of exogenous antigen,12,12,1,5622,0.025339604690519737,0.13964937696108673,False,LGMN,ENSG00000100600,0.6237623762376238
down,GO:BP,GO:0140253,cell-cell fusion,12,12,1,5622,0.025339604690519737,0.13964937696108673,False,ADGRB3,ENSG00000135298,0.6237623762376238
down,GO:BP,GO:0000038,very long-chain fatty acid metabolic process,12,12,1,5622,0.025339604690519737,0.13964937696108673,False,ELOVL7,ENSG00000164181,0.6237623762376238
down,GO:BP,GO:0007420,brain development,295,12,3,5622,0.02209501389609408,0.13964937696108673,False,"SOX6, SSTR1, CNTN4","ENSG00000110693, ENSG00000139874, ENSG00000144619",0.6237623762376238
down,GO:BP,GO:0050793,regulation of developmental process,800,12,5,5622,0.019195770709947543,0.13964937696108673,False,"LGMN, SOX6, ADGRB3, SH3GL3, CNTN4","ENSG00000100600, ENSG00000110693, ENSG00000135298, ENSG00000140600, ENSG00000144619",0.6237623762376238
down,GO:BP,GO:0030334,regulation of cell migration,276,12,3,5622,0.018506569292736773,0.13964937696108673,False,"CPNE3, LGMN, SCAI","ENSG00000085719, ENSG00000100600, ENSG00000173611",0.6237623762376238
down,GO:BP,GO:0061035,regulation of cartilage development,12,12,1,5622,0.025339604690519737,0.13964937696108673,False,SOX6,ENSG00000110693,0.6237623762376238
down,GO:BP,GO:0002478,antigen processing and presentation of exogenous peptide antigen,9,12,1,5622,0.019060494552507374,0.13964937696108673,False,LGMN,ENSG00000100600,0.6237623762376238
down,GO:BP,GO:0060322,head development,310,12,3,5622,0.025186432897346112,0.13964937696108673,False,"SOX6, SSTR1, CNTN4","ENSG00000110693, ENSG00000139874, ENSG00000144619",0.6237623762376238
down,GO:BP,GO:0002504,antigen processing and presentation of peptide or polysaccharide antigen via MHC class II,8,12,1,5622,0.016959231777539534,0.13964937696108673,False,LGMN,ENSG00000100600,0.6237623762376238
down,GO:BP,GO:0032330,regulation of chondrocyte differentiation,8,12,1,5622,0.016959231777539534,0.13964937696108673,False,SOX6,ENSG00000110693,0.6237623762376238
down,GO:BP,GO:2000369,regulation of clathrin-dependent endocytosis,10,12,1,5622,0.021157639406483852,0.13964937696108673,False,SH3GL3,ENSG00000140600,0.6237623762376238
down,GO:BP,GO:0150146,cell junction disassembly,11,12,1,5622,0.023250673677175614,0.13964937696108673,False,ADGRB3,ENSG00000135298,0.6237623762376238
down,GO:BP,GO:0010038,response to metal ion,114,12,2,5622,0.023558521899320797,0.13964937696108673,False,"CPNE3, LGMN","ENSG00000085719, ENSG00000100600",0.6237623762376238
down,GO:BP,GO:0090128,regulation of synapse maturation,11,12,1,5622,0.023250673677175614,0.13964937696108673,False,ADGRB3,ENSG00000135298,0.6237623762376238
down,GO:BP,GO:0035024,negative regulation of Rho protein signal transduction,11,12,1,5622,0.023250673677175614,0.13964937696108673,False,SCAI,ENSG00000173611,0.6237623762376238
down,GO:BP,GO:0106030,neuron projection fasciculation,11,12,1,5622,0.023250673677175614,0.13964937696108673,False,CNTN4,ENSG00000144619,0.6237623762376238
down,GO:BP,GO:0007520,myoblast fusion,9,12,1,5622,0.019060494552507374,0.13964937696108673,False,ADGRB3,ENSG00000135298,0.6237623762376238
down,GO:BP,GO:0071392,cellular response to estradiol stimulus,12,12,1,5622,0.025339604690519737,0.13964937696108673,False,SSTR1,ENSG00000139874,0.6237623762376238
down,GO:BP,GO:0007413,axonal fasciculation,11,12,1,5622,0.023250673677175614,0.13964937696108673,False,CNTN4,ENSG00000144619,0.6237623762376238
down,GO:BP,GO:0040012,regulation of locomotion,310,12,3,5622,0.025186432897346112,0.13964937696108673,False,"CPNE3, LGMN, SCAI","ENSG00000085719, ENSG00000100600, ENSG00000173611",0.6237623762376238
down,GO:BP,GO:0035336,long-chain fatty-acyl-CoA metabolic process,11,12,1,5622,0.023250673677175614,0.13964937696108673,False,ELOVL7,ENSG00000164181,0.6237623762376238
down,GO:BP,GO:0048002,antigen processing and presentation of peptide antigen,12,12,1,5622,0.025339604690519737,0.13964937696108673,False,LGMN,ENSG00000100600,0.6237623762376238
down,GO:BP,GO:0051154,negative regulation of striated muscle cell differentiation,9,12,1,5622,0.019060494552507374,0.13964937696108673,False,SOX6,ENSG00000110693,0.6237623762376238
down,GO:BP,GO:0048167,regulation of synaptic plasticity,116,12,2,5622,0.02433839680474498,0.13964937696108673,False,"LGMN, CNTN4","ENSG00000100600, ENSG00000144619",0.6237623762376238
down,GO:BP,GO:0035728,response to hepatocyte growth factor,8,12,1,5622,0.016959231777539534,0.13964937696108673,False,LGMN,ENSG00000100600,0.6237623762376238
down,GO:BP,GO:0035338,long-chain fatty-acyl-CoA biosynthetic process,9,12,1,5622,0.019060494552507374,0.13964937696108673,False,ELOVL7,ENSG00000164181,0.6237623762376238
down,GO:BP,GO:0038128,ERBB2 signaling pathway,8,12,1,5622,0.016959231777539534,0.13964937696108673,False,CPNE3,ENSG00000085719,0.6237623762376238
down,GO:BP,GO:0009268,response to pH,8,12,1,5622,0.016959231777539534,0.13964937696108673,False,LGMN,ENSG00000100600,0.6237623762376238
down,GO:BP,GO:0009719,response to endogenous stimulus,502,12,4,5622,0.017397053695948628,0.13964937696108673,False,"CPNE3, LGMN, SOX6, SSTR1","ENSG00000085719, ENSG00000100600, ENSG00000110693, ENSG00000139874",0.6237623762376238
down,GO:BP,GO:0042692,muscle cell differentiation,120,12,2,5622,0.02593028523102043,0.14133430191852892,False,"SOX6, ADGRB3","ENSG00000110693, ENSG00000135298",0.6237623762376238
down,GO:BP,GO:0007158,neuron cell-cell adhesion,13,12,1,5622,0.027424439760700442,0.14318444338218322,False,CNTN4,ENSG00000144619,0.6237623762376238
down,GO:BP,GO:0046949,fatty-acyl-CoA biosynthetic process,13,12,1,5622,0.027424439760700442,0.14318444338218322,False,ELOVL7,ENSG00000164181,0.6237623762376238
down,GO:BP,GO:0006636,unsaturated fatty acid biosynthetic process,13,12,1,5622,0.027424439760700442,0.14318444338218322,False,ELOVL7,ENSG00000164181,0.6237623762376238
down,GO:BP,GO:0006949,syncytium formation,13,12,1,5622,0.027424439760700442,0.14318444338218322,False,ADGRB3,ENSG00000135298,0.6237623762376238
down,GO:BP,GO:0051148,negative regulation of muscle cell differentiation,14,12,1,5622,0.02950518619016588,0.1508718799002306,False,SOX6,ENSG00000110693,0.6237623762376238
down,GO:BP,GO:0032801,receptor catabolic process,14,12,1,5622,0.02950518619016588,0.1508718799002306,False,LGMN,ENSG00000100600,0.6237623762376238
down,KEGG,KEGG:00062,Fatty acid elongation,14,12,1,5622,0.02950518619016588,0.15114972456004905,False,ELOVL7,ENSG00000164181,0.6237623762376238
down,KEGG,KEGG:04612,Antigen processing and presentation,18,12,1,5622,0.037787431140011936,0.15114972456004905,False,LGMN,ENSG00000100600,0.6237623762376238
down,KEGG,KEGG:01040,Biosynthesis of unsaturated fatty acids,13,12,1,5622,0.027424439760700442,0.15114972456004905,False,ELOVL7,ENSG00000164181,0.6237623762376238
down,GO:BP,GO:0007218,neuropeptide signaling pathway,15,12,1,5622,0.03158185126964484,0.1598428390790211,False,SSTR1,ENSG00000139874,0.6237623762376238
down,GO:BP,GO:0007611,learning or memory,136,12,2,5622,0.032713405778335536,0.16267345257664295,False,"LGMN, ADGRB3","ENSG00000100600, ENSG00000135298",0.6237623762376238
down,GO:BP,GO:0040011,locomotion,343,12,3,5622,0.03279706705174254,0.16267345257664295,False,"CPNE3, LGMN, SCAI","ENSG00000085719, ENSG00000100600, ENSG00000173611",0.6237623762376238
down,REAC,REAC:R-HSA-75105,Fatty acyl-CoA biosynthesis,16,12,1,5622,0.033654442278163506,0.1652127166382561,False,ELOVL7,ENSG00000164181,0.6237623762376238
down,REAC,REAC:R-HSA-6807004,Negative regulation of MET activity,13,12,1,5622,0.027424439760700442,0.1652127166382561,False,SH3GL3,ENSG00000140600,0.6237623762376238
down,REAC,REAC:R-HSA-8876384,Listeria monocytogenes entry into host cells,13,12,1,5622,0.027424439760700442,0.1652127166382561,False,SH3GL3,ENSG00000140600,0.6237623762376238
down,REAC,REAC:R-HSA-9031628,NGF-stimulated transcription,13,12,1,5622,0.027424439760700442,0.1652127166382561,False,SH3GL3,ENSG00000140600,0.6237623762376238
down,REAC,REAC:R-HSA-556833,Metabolism of lipids,284,12,3,5622,0.01997312278285913,0.1652127166382561,False,"CPNE3, LGMN, ELOVL7","ENSG00000085719, ENSG00000100600, ENSG00000164181",0.6237623762376238
down,REAC,REAC:R-HSA-182971,EGFR downregulation,16,12,1,5622,0.033654442278163506,0.1652127166382561,False,SH3GL3,ENSG00000140600,0.6237623762376238
down,REAC,REAC:R-HSA-1679131,Trafficking and processing of endosomal TLR,4,12,1,5622,0.00851285430074208,0.1652127166382561,False,LGMN,ENSG00000100600,0.6237623762376238
down,REAC,REAC:R-HSA-75876,Synthesis of very long-chain fatty acyl-CoAs,10,12,1,5622,0.021157639406483852,0.1652127166382561,False,ELOVL7,ENSG00000164181,0.6237623762376238
down,REAC,REAC:R-HSA-196791,Vitamin D (calciferol) metabolism,3,12,1,5622,0.006390891442102686,0.1652127166382561,False,LGMN,ENSG00000100600,0.6237623762376238
down,REAC,REAC:R-HSA-8875360,InlB-mediated entry of Listeria monocytogenes into host cell,12,12,1,5622,0.025339604690519737,0.1652127166382561,False,SH3GL3,ENSG00000140600,0.6237623762376238
down,REAC,REAC:R-HSA-375276,Peptide ligand-binding receptors,16,12,1,5622,0.033654442278163506,0.1652127166382561,False,SSTR1,ENSG00000139874,0.6237623762376238
down,GO:BP,GO:0048261,negative regulation of receptor-mediated endocytosis,16,12,1,5622,0.033654442278163506,0.16527330069276222,False,SH3GL3,ENSG00000140600,0.6237623762376238
down,GO:BP,GO:1901570,fatty acid derivative biosynthetic process,17,12,1,5622,0.035722966483062196,0.168748489291418,False,ELOVL7,ENSG00000164181,0.6237623762376238
down,GO:BP,GO:0035337,fatty-acyl-CoA metabolic process,17,12,1,5622,0.035722966483062196,0.168748489291418,False,ELOVL7,ENSG00000164181,0.6237623762376238
down,GO:BP,GO:1901185,negative regulation of ERBB signaling pathway,17,12,1,5622,0.035722966483062196,0.168748489291418,False,LGMN,ENSG00000100600,0.6237623762376238
down,GO:BP,GO:0060074,synapse maturation,17,12,1,5622,0.035722966483062196,0.168748489291418,False,ADGRB3,ENSG00000135298,0.6237623762376238
down,REAC,REAC:R-HSA-3769402,Deactivation of the beta-catenin transactivating complex,21,12,1,5622,0.043956540205189,0.1695466550771568,False,SOX6,ENSG00000110693,0.6237623762376238
down,REAC,REAC:R-HSA-373076,Class A/1 (Rhodopsin-like receptors),20,12,1,5622,0.04190421077450245,0.1695466550771568,False,SSTR1,ENSG00000139874,0.6237623762376238
down,REAC,REAC:R-HSA-163125,Post-translational modification: synthesis of GPI-anchored proteins,20,12,1,5622,0.04190421077450245,0.1695466550771568,False,CNTN4,ENSG00000144619,0.6237623762376238
down,KEGG,KEGG:01212,Fatty acid metabolism,28,12,1,5622,0.05821039050973115,0.17463117152919228,False,ELOVL7,ENSG00000164181,0.6237623762376238
down,WP,WP:WP706,Sudden infant death syndrome SIDS susceptibility pathways,70,12,1,5622,0.13972158900292014,0.1746519862536501,False,SSTR1,ENSG00000139874,0.6237623762376238
down,GO:BP,GO:1904646,cellular response to amyloid-beta,18,12,1,5622,0.037787431140011936,0.17681665891930265,False,LGMN,ENSG00000100600,0.6237623762376238
down,WP,WP:WP4549,Fragile X syndrome,79,12,1,5622,0.15632402153659775,0.18037387100376687,False,SH3GL3,ENSG00000140600,0.6237623762376238
down,GO:MF,GO:0008528,G protein-coupled peptide receptor activity,10,12,1,5622,0.021157639406483852,0.18080164583722563,False,SSTR1,ENSG00000139874,0.6237623762376238
down,GO:BP,GO:0030335,positive regulation of cell migration,152,12,2,5622,0.04012834963146714,0.18260239832300645,False,"CPNE3, LGMN","ENSG00000085719, ENSG00000100600",0.6237623762376238
down,GO:BP,GO:0050890,cognition,151,12,2,5622,0.039647221123180594,0.18260239832300645,False,"LGMN, ADGRB3","ENSG00000100600, ENSG00000135298",0.6237623762376238
down,GO:BP,GO:0002690,positive regulation of leukocyte chemotaxis,19,12,1,5622,0.03984784349303117,0.18260239832300645,False,LGMN,ENSG00000100600,0.6237623762376238
down,GO:BP,GO:0034330,cell junction organization,375,12,3,5622,0.04124227784484403,0.1855757905727966,False,"LGMN, ADGRB3, CNTN4","ENSG00000100600, ENSG00000135298, ENSG00000144619",0.6237623762376238
down,GO:BP,GO:1904645,response to amyloid-beta,20,12,1,5622,0.04190421077450245,0.1855757905727966,False,LGMN,ENSG00000100600,0.6237623762376238
down,GO:BP,GO:0045665,negative regulation of neuron differentiation,20,12,1,5622,0.04190421077450245,0.1855757905727966,False,CNTN4,ENSG00000144619,0.6237623762376238
down,REAC,REAC:R-HSA-198725,Nuclear Events (kinase and transcription factor activation),25,12,1,5622,0.052125623429604244,0.1876522443465741,False,SH3GL3,ENSG00000140600,0.6237623762376238
down,GO:BP,GO:0048523,negative regulation of cellular process,1726,12,7,5622,0.04340604413086299,0.18952466915392036,False,"IBTK, LGMN, SOX6, SSTR1, SH3GL3, CNTN4, SCAI","ENSG00000005700, ENSG00000100600, ENSG00000110693, ENSG00000139874, ENSG00000140600, ENSG00000144619, ENSG00000173611",0.6237623762376238
down,GO:BP,GO:2000147,positive regulation of cell motility,159,12,2,5622,0.04356010541037685,0.18952466915392036,False,"CPNE3, LGMN","ENSG00000085719, ENSG00000100600",0.6237623762376238
down,GO:BP,GO:0099558,maintenance of synapse structure,21,12,1,5622,0.043956540205189,0.18958646905890125,False,ADGRB3,ENSG00000135298,0.6237623762376238
down,WP,WP:WP437,EGF EGFR signaling,92,12,1,5622,0.1797871985768603,0.1926291413323507,False,SH3GL3,ENSG00000140600,0.6237623762376238
down,REAC,REAC:R-HSA-177929,Signaling by EGFR,28,12,1,5622,0.05821039050973115,0.19646006797034132,False,SH3GL3,ENSG00000140600,0.6237623762376238
down,GO:BP,GO:0051153,regulation of striated muscle cell differentiation,22,12,1,5622,0.046004838994251264,0.1967103460443855,False,SOX6,ENSG00000110693,0.6237623762376238
down,GO:BP,GO:0008038,neuron recognition,23,12,1,5622,0.048049114339263566,0.1969616587791302,False,CNTN4,ENSG00000144619,0.6237623762376238
down,GO:BP,GO:0071677,positive regulation of mononuclear cell migration,23,12,1,5622,0.048049114339263566,0.1969616587791302,False,LGMN,ENSG00000100600,0.6237623762376238
down,GO:BP,GO:1901568,fatty acid derivative metabolic process,23,12,1,5622,0.048049114339263566,0.1969616587791302,False,ELOVL7,ENSG00000164181,0.6237623762376238
down,GO:BP,GO:1900271,regulation of long-term synaptic potentiation,23,12,1,5622,0.048049114339263566,0.1969616587791302,False,LGMN,ENSG00000100600,0.6237623762376238
down,GO:BP,GO:0040017,positive regulation of locomotion,166,12,2,5622,0.04710114382185329,0.1969616587791302,False,"CPNE3, LGMN","ENSG00000085719, ENSG00000100600",0.6237623762376238
down,GO:MF,GO:0001653,peptide receptor activity,12,12,1,5622,0.025339604690519737,0.19849357007573817,False,SSTR1,ENSG00000139874,0.6237623762376238
down,GO:BP,GO:0002688,regulation of leukocyte chemotaxis,24,12,1,5622,0.050089373426230675,0.20198641641797122,False,LGMN,ENSG00000100600,0.6237623762376238
down,GO:BP,GO:0019882,antigen processing and presentation,24,12,1,5622,0.050089373426230675,0.20198641641797122,False,LGMN,ENSG00000100600,0.6237623762376238
down,GO:BP,GO:0033559,unsaturated fatty acid metabolic process,25,12,1,5622,0.052125623429604244,0.20198679078971518,False,ELOVL7,ENSG00000164181,0.6237623762376238
down,GO:BP,GO:1901343,negative regulation of vasculature development,25,12,1,5622,0.052125623429604244,0.20198679078971518,False,ADGRB3,ENSG00000135298,0.6237623762376238
down,GO:BP,GO:0021510,spinal cord development,25,12,1,5622,0.052125623429604244,0.20198679078971518,False,SOX6,ENSG00000110693,0.6237623762376238
down,GO:BP,GO:0016525,negative regulation of angiogenesis,25,12,1,5622,0.052125623429604244,0.20198679078971518,False,ADGRB3,ENSG00000135298,0.6237623762376238
down,GO:BP,GO:2000181,negative regulation of blood vessel morphogenesis,25,12,1,5622,0.052125623429604244,0.20198679078971518,False,ADGRB3,ENSG00000135298,0.6237623762376238
down,KEGG,KEGG:04935,"Growth hormone synthesis, secretion and action",59,12,1,5622,0.11902318960101195,0.2040397536017352,False,SSTR1,ENSG00000139874,0.6237623762376238
down,KEGG,KEGG:04080,Neuroactive ligand-receptor interaction,49,12,1,5622,0.09981135086577203,0.2040397536017352,False,SSTR1,ENSG00000139874,0.6237623762376238
down,KEGG,KEGG:04081,Hormone signaling,55,12,1,5622,0.11138401675603406,0.2040397536017352,False,SSTR1,ENSG00000139874,0.6237623762376238
down,GO:BP,GO:0045596,negative regulation of cell differentiation,179,12,2,5622,0.05395573049235243,0.20505575778702734,False,"SOX6, CNTN4","ENSG00000110693, ENSG00000144619",0.6237623762376238
down,GO:BP,GO:0034331,cell junction maintenance,26,12,1,5622,0.05415787151229944,0.20505575778702734,False,ADGRB3,ENSG00000135298,0.6237623762376238
down,GO:BP,GO:0042551,neuron maturation,26,12,1,5622,0.05415787151229944,0.20505575778702734,False,ADGRB3,ENSG00000135298,0.6237623762376238
down,GO:BP,GO:0051094,positive regulation of developmental process,421,12,3,5622,0.05520196151909364,0.20643198454483552,False,"SOX6, ADGRB3, SH3GL3","ENSG00000110693, ENSG00000135298, ENSG00000140600",0.6237623762376238
down,GO:BP,GO:1901184,regulation of ERBB signaling pathway,27,12,1,5622,0.05618612482571121,0.20643198454483552,False,LGMN,ENSG00000100600,0.6237623762376238
down,GO:BP,GO:0051058,negative regulation of small GTPase mediated signal transduction,27,12,1,5622,0.05618612482571121,0.20643198454483552,False,SCAI,ENSG00000173611,0.6237623762376238
down,GO:BP,GO:0007399,nervous system development,1049,12,5,5622,0.05587240368597697,0.20643198454483552,False,"SOX6, ADGRB3, SSTR1, SH3GL3, CNTN4","ENSG00000110693, ENSG00000135298, ENSG00000139874, ENSG00000140600, ENSG00000144619",0.6237623762376238
down,GO:BP,GO:0002062,chondrocyte differentiation,28,12,1,5622,0.05821039050973115,0.21074710724690843,False,SOX6,ENSG00000110693,0.6237623762376238
down,GO:BP,GO:0071616,acyl-CoA biosynthetic process,28,12,1,5622,0.05821039050973115,0.21074710724690843,False,ELOVL7,ENSG00000164181,0.6237623762376238
down,GO:BP,GO:0045806,negative regulation of endocytosis,29,12,1,5622,0.06023067569276351,0.21492384995403388,False,SH3GL3,ENSG00000140600,0.6237623762376238
down,GO:BP,GO:0040014,regulation of multicellular organism growth,29,12,1,5622,0.06023067569276351,0.21492384995403388,False,LGMN,ENSG00000100600,0.6237623762376238
down,GO:BP,GO:0022008,neurogenesis,741,12,4,5622,0.06210704688285483,0.22003639467068614,False,"SOX6, ADGRB3, SH3GL3, CNTN4","ENSG00000110693, ENSG00000135298, ENSG00000140600, ENSG00000144619",0.6237623762376238
down,GO:BP,GO:0032355,response to estradiol,33,12,1,5622,0.06827215358197468,0.22200783962723658,False,SSTR1,ENSG00000139874,0.6237623762376238
down,GO:BP,GO:0045666,positive regulation of neuron differentiation,31,12,1,5622,0.06425933301214601,0.22200783962723658,False,SH3GL3,ENSG00000140600,0.6237623762376238
down,GO:BP,GO:0002687,positive regulation of leukocyte migration,32,12,1,5622,0.06626771934801694,0.22200783962723658,False,LGMN,ENSG00000100600,0.6237623762376238
down,GO:BP,GO:0006508,proteolysis,207,12,2,5622,0.06986105710528522,0.22200783962723658,False,"LGMN, USP12","ENSG00000100600, ENSG00000152484",0.6237623762376238
down,GO:BP,GO:0010595,positive regulation of endothelial cell migration,31,12,1,5622,0.06425933301214601,0.22200783962723658,False,LGMN,ENSG00000100600,0.6237623762376238
down,GO:BP,GO:0003014,renal system process,33,12,1,5622,0.06827215358197468,0.22200783962723658,False,LGMN,ENSG00000100600,0.6237623762376238
down,GO:BP,GO:0061061,muscle structure development,201,12,2,5622,0.06632864368206907,0.22200783962723658,False,"SOX6, ADGRB3","ENSG00000110693, ENSG00000135298",0.6237623762376238
down,GO:BP,GO:0048640,negative regulation of developmental growth,34,12,1,5622,0.07027264278523397,0.22200783962723658,False,LGMN,ENSG00000100600,0.6237623762376238
down,GO:BP,GO:0014902,myotube differentiation,34,12,1,5622,0.07027264278523397,0.22200783962723658,False,ADGRB3,ENSG00000135298,0.6237623762376238
down,GO:BP,GO:0051965,positive regulation of synapse assembly,32,12,1,5622,0.06626771934801694,0.22200783962723658,False,ADGRB3,ENSG00000135298,0.6237623762376238
down,GO:BP,GO:0007186,G protein-coupled receptor signaling pathway,198,12,2,5622,0.06458705162270637,0.22200783962723658,False,"ADGRB3, SSTR1","ENSG00000135298, ENSG00000139874",0.6237623762376238
down,GO:BP,GO:0007215,glutamate receptor signaling pathway,34,12,1,5622,0.07027264278523397,0.22200783962723658,False,SSTR1,ENSG00000139874,0.6237623762376238
down,GO:BP,GO:0072583,clathrin-dependent endocytosis,34,12,1,5622,0.07027264278523397,0.22200783962723658,False,SH3GL3,ENSG00000140600,0.6237623762376238
down,GO:BP,GO:0016477,cell migration,456,12,3,5622,0.06722823504899722,0.22200783962723658,False,"CPNE3, LGMN, SCAI","ENSG00000085719, ENSG00000100600, ENSG00000173611",0.6237623762376238
down,GO:BP,GO:0050921,positive regulation of chemotaxis,32,12,1,5622,0.06626771934801694,0.22200783962723658,False,LGMN,ENSG00000100600,0.6237623762376238
down,GO:BP,GO:2000736,regulation of stem cell differentiation,31,12,1,5622,0.06425933301214601,0.22200783962723658,False,SOX6,ENSG00000110693,0.6237623762376238
down,GO:BP,GO:0035023,regulation of Rho protein signal transduction,34,12,1,5622,0.07027264278523397,0.22200783962723658,False,SCAI,ENSG00000173611,0.6237623762376238
down,REAC,REAC:R-HSA-6806834,Signaling by MET,34,12,1,5622,0.07027264278523397,0.22321898296486142,False,SH3GL3,ENSG00000140600,0.6237623762376238
down,KEGG,KEGG:04024,cAMP signaling pathway,75,12,1,5622,0.14898176606661587,0.22347264909992393,False,SSTR1,ENSG00000139874,0.6237623762376238
down,GO:BP,GO:0071675,regulation of mononuclear cell migration,35,12,1,5622,0.07226919401762072,0.2268703812198728,False,LGMN,ENSG00000100600,0.6237623762376238
down,REAC,REAC:R-HSA-500792,GPCR ligand binding,37,12,1,5622,0.07625051075223362,0.22875153225670097,False,SSTR1,ENSG00000139874,0.6237623762376238
down,GO:MF,GO:0005544,calcium-dependent phospholipid binding,19,12,1,5622,0.03984784349303117,0.2295508210715415,False,CPNE3,ENSG00000085719,0.6237623762376238
down,GO:MF,GO:0016504,peptidase activator activity,18,12,1,5622,0.037787431140011936,0.2295508210715415,False,LGMN,ENSG00000100600,0.6237623762376238
down,GO:MF,GO:0098631,cell adhesion mediator activity,21,12,1,5622,0.043956540205189,0.2295508210715415,False,CNTN4,ENSG00000144619,0.6237623762376238
down,GO:MF,GO:0008233,peptidase activity,148,12,2,5622,0.038217743110485466,0.2295508210715415,False,"LGMN, USP12","ENSG00000100600, ENSG00000152484",0.6237623762376238
down,GO:MF,GO:0004888,transmembrane signaling receptor activity,136,12,2,5622,0.032713405778335536,0.2295508210715415,False,"ADGRB3, SSTR1","ENSG00000135298, ENSG00000139874",0.6237623762376238
down,GO:MF,GO:0098632,cell-cell adhesion mediator activity,21,12,1,5622,0.043956540205189,0.2295508210715415,False,CNTN4,ENSG00000144619,0.6237623762376238
down,GO:BP,GO:0007169,cell surface receptor protein tyrosine kinase signaling pathway,215,12,2,5622,0.0746702380641537,0.23293357282905822,False,"CPNE3, LGMN","ENSG00000085719, ENSG00000100600",0.6237623762376238
down,GO:BP,GO:0043954,cellular component maintenance,37,12,1,5622,0.07625051075223362,0.2334583539080734,False,ADGRB3,ENSG00000135298,0.6237623762376238
down,GO:BP,GO:0055007,cardiac muscle cell differentiation,37,12,1,5622,0.07625051075223362,0.2334583539080734,False,SOX6,ENSG00000110693,0.6237623762376238
down,GO:BP,GO:0006637,acyl-CoA metabolic process,37,12,1,5622,0.07625051075223362,0.2334583539080734,False,ELOVL7,ENSG00000164181,0.6237623762376238
down,GO:BP,GO:0007156,homophilic cell-cell adhesion,38,12,1,5622,0.07823529031731384,0.23518002422659176,False,CNTN4,ENSG00000144619,0.6237623762376238
down,GO:BP,GO:0051209,release of sequestered calcium ion into cytosol,38,12,1,5622,0.07823529031731384,0.23518002422659176,False,IBTK,ENSG00000005700,0.6237623762376238
down,GO:BP,GO:0048814,regulation of dendrite morphogenesis,38,12,1,5622,0.07823529031731384,0.23518002422659176,False,ADGRB3,ENSG00000135298,0.6237623762376238
down,GO:BP,GO:0043112,receptor metabolic process,39,12,1,5622,0.08021616003726227,0.23968202035230307,False,LGMN,ENSG00000100600,0.6237623762376238
down,GO:BP,GO:0045595,regulation of cell differentiation,492,12,3,5622,0.0808187149568521,0.24003642286586024,False,"SOX6, SH3GL3, CNTN4","ENSG00000110693, ENSG00000140600, ENSG00000144619",0.6237623762376238
down,GO:BP,GO:0008037,cell recognition,40,12,1,5622,0.08219312691520479,0.2412295322481752,False,CNTN4,ENSG00000144619,0.6237623762376238
down,GO:BP,GO:0051147,regulation of muscle cell differentiation,40,12,1,5622,0.08219312691520479,0.2412295322481752,False,SOX6,ENSG00000110693,0.6237623762376238
down,GO:BP,GO:0048870,cell motility,497,12,3,5622,0.08280123192963905,0.2415847708064763,False,"CPNE3, LGMN, SCAI","ENSG00000085719, ENSG00000100600, ENSG00000173611",0.6237623762376238
down,GO:BP,GO:0030595,leukocyte chemotaxis,43,12,1,5622,0.08810068035898158,0.2454940306632292,False,LGMN,ENSG00000100600,0.6237623762376238
down,GO:BP,GO:1990830,cellular response to leukemia inhibitory factor,42,12,1,5622,0.08613538010113457,0.2454940306632292,False,SSTR1,ENSG00000139874,0.6237623762376238
down,GO:BP,GO:1990823,response to leukemia inhibitory factor,42,12,1,5622,0.08613538010113457,0.2454940306632292,False,SSTR1,ENSG00000139874,0.6237623762376238
down,GO:BP,GO:0007166,cell surface receptor signaling pathway,825,12,4,5622,0.08616465225915176,0.2454940306632292,False,"CPNE3, LGMN, ADGRB3, SSTR1","ENSG00000085719, ENSG00000100600, ENSG00000135298, ENSG00000139874",0.6237623762376238
down,GO:BP,GO:0023052,signaling,1983,12,7,5622,0.08766275987571154,0.2454940306632292,False,"CPNE3, LGMN, ADGRB3, SSTR1, SH3GL3, CNTN4, SCAI","ENSG00000085719, ENSG00000100600, ENSG00000135298, ENSG00000139874, ENSG00000140600, ENSG00000144619, ENSG00000173611",0.6237623762376238
down,GO:BP,GO:0097529,myeloid leukocyte migration,43,12,1,5622,0.08810068035898158,0.2454940306632292,False,LGMN,ENSG00000100600,0.6237623762376238
down,GO:BP,GO:0008306,associative learning,43,12,1,5622,0.08810068035898158,0.2454940306632292,False,LGMN,ENSG00000100600,0.6237623762376238
down,GO:BP,GO:0035051,cardiocyte differentiation,43,12,1,5622,0.08810068035898158,0.2454940306632292,False,SOX6,ENSG00000110693,0.6237623762376238
down,REAC,REAC:R-HSA-5663220,RHO GTPases Activate Formins,51,12,1,5622,0.10368416662388812,0.24625311673057512,False,SCAI,ENSG00000173611,0.6237623762376238
down,REAC,REAC:R-HSA-162582,Signal Transduction,889,12,4,5622,0.10741758311933235,0.24625311673057512,False,"SOX6, SSTR1, SH3GL3, SCAI","ENSG00000110693, ENSG00000139874, ENSG00000140600, ENSG00000173611",0.6237623762376238
down,REAC,REAC:R-HSA-168898,Toll-like Receptor Cascades,64,12,1,5622,0.12848749064913512,0.24625311673057512,False,LGMN,ENSG00000100600,0.6237623762376238
down,REAC,REAC:R-HSA-2132295,MHC class II antigen presentation,65,12,1,5622,0.13036912974812945,0.24625311673057512,False,LGMN,ENSG00000100600,0.6237623762376238
down,REAC,REAC:R-HSA-8957322,Metabolism of steroids,57,12,1,5622,0.11521116058592801,0.24625311673057512,False,LGMN,ENSG00000100600,0.6237623762376238
down,REAC,REAC:R-HSA-1483206,Glycerophospholipid biosynthesis,50,12,1,5622,0.10174967201947932,0.24625311673057512,False,CPNE3,ENSG00000085719,0.6237623762376238
down,REAC,REAC:R-HSA-8856825,Cargo recognition for clathrin-mediated endocytosis,63,12,1,5622,0.1266021201583815,0.24625311673057512,False,SH3GL3,ENSG00000140600,0.6237623762376238
down,REAC,REAC:R-HSA-8978868,Fatty acid metabolism,51,12,1,5622,0.10368416662388812,0.24625311673057512,False,ELOVL7,ENSG00000164181,0.6237623762376238
down,REAC,REAC:R-HSA-187037,Signaling by NTRK1 (TRKA),59,12,1,5622,0.11902318960101195,0.24625311673057512,False,SH3GL3,ENSG00000140600,0.6237623762376238
down,REAC,REAC:R-HSA-9824439,Bacterial Infection Pathways,43,12,1,5622,0.08810068035898158,0.24625311673057512,False,SH3GL3,ENSG00000140600,0.6237623762376238
down,REAC,REAC:R-HSA-418594,G alpha (i) signalling events,66,12,1,5622,0.1322470441701238,0.24625311673057512,False,SSTR1,ENSG00000139874,0.6237623762376238
down,GO:BP,GO:0007154,cell communication,1993,12,7,5622,0.08983660536667554,0.24680002438999424,False,"CPNE3, LGMN, ADGRB3, SSTR1, SH3GL3, CNTN4, SCAI","ENSG00000085719, ENSG00000100600, ENSG00000135298, ENSG00000139874, ENSG00000140600, ENSG00000144619, ENSG00000173611",0.6237623762376238
down,GO:BP,GO:1901890,positive regulation of cell junction assembly,44,12,1,5622,0.09006210567457439,0.24680002438999424,False,ADGRB3,ENSG00000135298,0.6237623762376238
down,GO:BP,GO:0030148,sphingolipid biosynthetic process,44,12,1,5622,0.09006210567457439,0.24680002438999424,False,ELOVL7,ENSG00000164181,0.6237623762376238
down,GO:BP,GO:0048709,oligodendrocyte differentiation,45,12,1,5622,0.0920196629947438,0.24805300459452628,False,SOX6,ENSG00000110693,0.6237623762376238
down,GO:BP,GO:0071674,mononuclear cell migration,45,12,1,5622,0.0920196629947438,0.24805300459452628,False,LGMN,ENSG00000100600,0.6237623762376238
down,GO:BP,GO:0007189,adenylate cyclase-activating G protein-coupled receptor signaling pathway,45,12,1,5622,0.0920196629947438,0.24805300459452628,False,ADGRB3,ENSG00000135298,0.6237623762376238
down,GO:BP,GO:0010594,regulation of endothelial cell migration,46,12,1,5622,0.09397335925511018,0.24925554112585405,False,LGMN,ENSG00000100600,0.6237623762376238
down,GO:BP,GO:0002685,regulation of leukocyte migration,46,12,1,5622,0.09397335925511018,0.24925554112585405,False,LGMN,ENSG00000100600,0.6237623762376238
down,GO:BP,GO:0021549,cerebellum development,46,12,1,5622,0.09397335925511018,0.24925554112585405,False,SSTR1,ENSG00000139874,0.6237623762376238
down,REAC,REAC:R-HSA-166520,Signaling by NTRKs,70,12,1,5622,0.13972158900292014,0.2514988602052562,False,SH3GL3,ENSG00000140600,0.6237623762376238
down,GO:BP,GO:0016579,protein deubiquitination,47,12,1,5622,0.0959232013800992,0.2530739781091977,False,USP12,ENSG00000152484,0.6237623762376238
down,GO:BP,GO:0006633,fatty acid biosynthetic process,48,12,1,5622,0.09786919628295816,0.2568419119383462,False,ELOVL7,ENSG00000164181,0.6237623762376238
down,GO:MF,GO:0060089,molecular transducer activity,186,12,2,5622,0.05779046756675456,0.25734925068726233,False,"ADGRB3, SSTR1","ENSG00000135298, ENSG00000139874",0.6237623762376238
down,GO:MF,GO:0048306,calcium-dependent protein binding,28,12,1,5622,0.05821039050973115,0.25734925068726233,False,CPNE3,ENSG00000085719,0.6237623762376238
down,GO:MF,GO:0030971,receptor tyrosine kinase binding,29,12,1,5622,0.06023067569276351,0.25734925068726233,False,CPNE3,ENSG00000085719,0.6237623762376238
down,GO:MF,GO:0038023,signaling receptor activity,186,12,2,5622,0.05779046756675456,0.25734925068726233,False,"ADGRB3, SSTR1","ENSG00000135298, ENSG00000139874",0.6237623762376238
down,GO:BP,GO:0048705,skeletal system morphogenesis,49,12,1,5622,0.09981135086577203,0.2578459897365782,False,SOX6,ENSG00000110693,0.6237623762376238
down,GO:BP,GO:0022037,metencephalon development,49,12,1,5622,0.09981135086577203,0.2578459897365782,False,SSTR1,ENSG00000139874,0.6237623762376238
down,GO:BP,GO:0097061,dendritic spine organization,49,12,1,5622,0.09981135086577203,0.2578459897365782,False,LGMN,ENSG00000100600,0.6237623762376238
down,GO:BP,GO:0007266,Rho protein signal transduction,50,12,1,5622,0.10174967201947932,0.25880942216236746,False,SCAI,ENSG00000173611,0.6237623762376238
down,GO:BP,GO:0044272,sulfur compound biosynthetic process,50,12,1,5622,0.10174967201947932,0.25880942216236746,False,ELOVL7,ENSG00000164181,0.6237623762376238
down,GO:BP,GO:0051216,cartilage development,50,12,1,5622,0.10174967201947932,0.25880942216236746,False,SOX6,ENSG00000110693,0.6237623762376238
down,GO:BP,GO:0050804,modulation of chemical synaptic transmission,259,12,2,5622,0.1029613434354295,0.2592326210353962,False,"LGMN, CNTN4","ENSG00000100600, ENSG00000144619",0.6237623762376238
down,GO:BP,GO:0099177,regulation of trans-synaptic signaling,259,12,2,5622,0.1029613434354295,0.2592326210353962,False,"LGMN, CNTN4","ENSG00000100600, ENSG00000144619",0.6237623762376238
down,GO:BP,GO:0050920,regulation of chemotaxis,51,12,1,5622,0.10368416662388812,0.25973407396691195,False,LGMN,ENSG00000100600,0.6237623762376238
down,GO:BP,GO:0045931,positive regulation of mitotic cell cycle,52,12,1,5622,0.10561484154769236,0.2632410120987719,False,LGMN,ENSG00000100600,0.6237623762376238
down,GO:BP,GO:0010605,negative regulation of macromolecule metabolic process,886,12,4,5622,0.10636621534567348,0.26378821405727015,False,"IBTK, LGMN, SOX6, SCAI","ENSG00000005700, ENSG00000100600, ENSG00000110693, ENSG00000173611",0.6237623762376238
down,GO:MF,GO:0048156,tau protein binding,32,12,1,5622,0.06626771934801694,0.2673992681960675,False,LGMN,ENSG00000100600,0.6237623762376238
down,GO:MF,GO:0004860,protein kinase inhibitor activity,33,12,1,5622,0.06827215358197468,0.2673992681960675,False,IBTK,ENSG00000005700,0.6237623762376238
down,GO:BP,GO:0106027,neuron projection organization,54,12,1,5622,0.10946475977278573,0.2687847566698104,False,LGMN,ENSG00000100600,0.6237623762376238
down,GO:BP,GO:0050773,regulation of dendrite development,54,12,1,5622,0.10946475977278573,0.2687847566698104,False,ADGRB3,ENSG00000135298,0.6237623762376238
down,GO:BP,GO:0048469,cell maturation,55,12,1,5622,0.11138401675603406,0.2708160407401612,False,ADGRB3,ENSG00000135298,0.6237623762376238
down,GO:BP,GO:0016485,protein processing,55,12,1,5622,0.11138401675603406,0.2708160407401612,False,LGMN,ENSG00000100600,0.6237623762376238
down,GO:BP,GO:0045597,positive regulation of cell differentiation,273,12,2,5622,0.11254405940812594,0.2714808830223347,False,"SOX6, SH3GL3","ENSG00000110693, ENSG00000140600",0.6237623762376238
down,GO:BP,GO:0043542,endothelial cell migration,56,12,1,5622,0.11329948142262788,0.2714808830223347,False,LGMN,ENSG00000100600,0.6237623762376238
down,GO:BP,GO:0060291,long-term synaptic potentiation,56,12,1,5622,0.11329948142262788,0.2714808830223347,False,LGMN,ENSG00000100600,0.6237623762376238
down,GO:MF,GO:0019210,kinase inhibitor activity,35,12,1,5622,0.07226919401762072,0.2717321695062541,False,IBTK,ENSG00000005700,0.6237623762376238
down,GO:BP,GO:0060326,cell chemotaxis,57,12,1,5622,0.11521116058592801,0.27341978780201137,False,LGMN,ENSG00000100600,0.6237623762376238
down,GO:BP,GO:0048259,regulation of receptor-mediated endocytosis,57,12,1,5622,0.11521116058592801,0.27341978780201137,False,SH3GL3,ENSG00000140600,0.6237623762376238
down,GO:BP,GO:0007610,behavior,279,12,2,5622,0.11672695622731986,0.27531305345945545,False,"LGMN, ADGRB3","ENSG00000100600, ENSG00000135298",0.6237623762376238
down,GO:BP,GO:0097553,calcium ion transmembrane import into cytosol,58,12,1,5622,0.11711906104827638,0.27531305345945545,False,IBTK,ENSG00000005700,0.6237623762376238
down,GO:MF,GO:0004843,cysteine-type deubiquitinase activity,39,12,1,5622,0.08021616003726227,0.2759340689296163,False,USP12,ENSG00000152484,0.6237623762376238
down,GO:MF,GO:1990782,protein tyrosine kinase binding,39,12,1,5622,0.08021616003726227,0.2759340689296163,False,CPNE3,ENSG00000085719,0.6237623762376238
down,GO:MF,GO:0061135,endopeptidase regulator activity,40,12,1,5622,0.08219312691520479,0.2759340689296163,False,LGMN,ENSG00000100600,0.6237623762376238
down,GO:BP,GO:0043524,negative regulation of neuron apoptotic process,60,12,1,5622,0.12092355302448629,0.28158724084575215,False,LGMN,ENSG00000100600,0.6237623762376238
down,GO:BP,GO:0072330,monocarboxylic acid biosynthetic process,60,12,1,5622,0.12092355302448629,0.28158724084575215,False,ELOVL7,ENSG00000164181,0.6237623762376238
down,GO:BP,GO:0048667,cell morphogenesis involved in neuron differentiation,286,12,2,5622,0.1216616552518251,0.28198215422852935,False,"ADGRB3, CNTN4","ENSG00000135298, ENSG00000144619",0.6237623762376238
down,GO:BP,GO:0030902,hindbrain development,61,12,1,5622,0.12282015808807964,0.28334324842645386,False,SSTR1,ENSG00000139874,0.6237623762376238
down,GO:BP,GO:0070646,protein modification by small protein removal,62,12,1,5622,0.12471301155021654,0.2850583121147806,False,USP12,ENSG00000152484,0.6237623762376238
down,GO:BP,GO:0045165,cell fate commitment,62,12,1,5622,0.12471301155021654,0.2850583121147806,False,SOX6,ENSG00000110693,0.6237623762376238
down,GO:BP,GO:0048738,cardiac muscle tissue development,64,12,1,5622,0.12848749064913512,0.28968088800895864,False,SOX6,ENSG00000110693,0.6237623762376238
down,GO:BP,GO:0007613,memory,64,12,1,5622,0.12848749064913512,0.28968088800895864,False,LGMN,ENSG00000100600,0.6237623762376238
down,GO:BP,GO:0006665,sphingolipid metabolic process,64,12,1,5622,0.12848749064913512,0.28968088800895864,False,ELOVL7,ENSG00000164181,0.6237623762376238
down,REAC,REAC:R-HSA-201681,TCF dependent signaling in response to WNT,85,12,1,5622,0.1672285810334185,0.29106167721771153,False,SOX6,ENSG00000110693,0.6237623762376238
down,REAC,REAC:R-HSA-5689880,Ub-specific processing proteases,94,12,1,5622,0.18334335144787559,0.29106167721771153,False,USP12,ENSG00000152484,0.6237623762376238
down,REAC,REAC:R-HSA-1483257,Phospholipid metabolism,97,12,1,5622,0.18865108708555406,0.29106167721771153,False,CPNE3,ENSG00000085719,0.6237623762376238
down,REAC,REAC:R-HSA-8856828,Clathrin-mediated endocytosis,90,12,1,5622,0.17621685593896633,0.29106167721771153,False,SH3GL3,ENSG00000140600,0.6237623762376238
down,REAC,REAC:R-HSA-168249,Innate Immune System,372,12,2,5622,0.18620052252311348,0.29106167721771153,False,"CPNE3, LGMN","ENSG00000085719, ENSG00000100600",0.6237623762376238
down,GO:MF,GO:0101005,deubiquitinase activity,44,12,1,5622,0.09006210567457439,0.2919254459796553,False,USP12,ENSG00000152484,0.6237623762376238
down,GO:MF,GO:0019901,protein kinase binding,250,12,2,5622,0.09693966325572664,0.2919939736906799,False,"IBTK, CPNE3","ENSG00000005700, ENSG00000085719",0.6237623762376238
down,GO:MF,GO:0061134,peptidase regulator activity,52,12,1,5622,0.10561484154769236,0.2919939736906799,False,LGMN,ENSG00000100600,0.6237623762376238
down,GO:MF,GO:0008047,enzyme activator activity,254,12,2,5622,0.09960208715851958,0.2919939736906799,False,"LGMN, ADGRB3","ENSG00000100600, ENSG00000135298",0.6237623762376238
down,GO:MF,GO:0030234,enzyme regulator activity,526,12,3,5622,0.09474167208220537,0.2919939736906799,False,"IBTK, LGMN, ADGRB3","ENSG00000005700, ENSG00000100600, ENSG00000135298",0.6237623762376238
down,GO:MF,GO:0019783,ubiquitin-like protein peptidase activity,51,12,1,5622,0.10368416662388812,0.2919939736906799,False,USP12,ENSG00000152484,0.6237623762376238
down,GO:BP,GO:0009892,negative regulation of metabolic process,954,12,4,5622,0.1314852705159169,0.2950981636918316,False,"IBTK, LGMN, SOX6, SCAI","ENSG00000005700, ENSG00000100600, ENSG00000110693, ENSG00000173611",0.6237623762376238
down,GO:BP,GO:0007188,adenylate cyclase-modulating G protein-coupled receptor signaling pathway,67,12,1,5622,0.13412124061900035,0.2969827470849298,False,ADGRB3,ENSG00000135298,0.6237623762376238
down,GO:BP,GO:0001933,negative regulation of protein phosphorylation,67,12,1,5622,0.13412124061900035,0.2969827470849298,False,IBTK,ENSG00000005700,0.6237623762376238
down,GO:BP,GO:0045765,regulation of angiogenesis,67,12,1,5622,0.13412124061900035,0.2969827470849298,False,ADGRB3,ENSG00000135298,0.6237623762376238
down,GO:BP,GO:0072359,circulatory system development,307,12,2,5622,0.13679534394394316,0.3015577359830924,False,"SOX6, ADGRB3","ENSG00000110693, ENSG00000135298",0.6237623762376238
down,GO:BP,GO:1901342,regulation of vasculature development,69,12,1,5622,0.13785850635863856,0.3018532912507111,False,ADGRB3,ENSG00000135298,0.6237623762376238
down,GO:BP,GO:0007165,signal transduction,1756,12,6,5622,0.13814656676191836,0.3018532912507111,False,"CPNE3, LGMN, ADGRB3, SSTR1, SH3GL3, SCAI","ENSG00000085719, ENSG00000100600, ENSG00000135298, ENSG00000139874, ENSG00000140600, ENSG00000173611",0.6237623762376238
down,GO:CC,GO:0098985,"asymmetric, glutamatergic, excitatory synapse",10,12,1,5622,0.021157639406483852,0.3052745114364099,False,ADGRB3,ENSG00000135298,0.6237623762376238
down,GO:CC,GO:0043083,synaptic cleft,10,12,1,5622,0.021157639406483852,0.3052745114364099,False,ADGRB3,ENSG00000135298,0.6237623762376238
down,GO:CC,GO:0036021,endolysosome lumen,3,12,1,5622,0.006390891442102686,0.3052745114364099,False,LGMN,ENSG00000100600,0.6237623762376238
down,GO:CC,GO:0099092,"postsynaptic density, intracellular component",7,12,1,5622,0.01485384373208718,0.3052745114364099,False,SH3GL3,ENSG00000140600,0.6237623762376238
down,GO:CC,GO:0099091,"postsynaptic specialization, intracellular component",9,12,1,5622,0.019060494552507374,0.3052745114364099,False,SH3GL3,ENSG00000140600,0.6237623762376238
down,GO:CC,GO:0150053,cerebellar climbing fiber to Purkinje cell synapse,4,12,1,5622,0.00851285430074208,0.3052745114364099,False,ADGRB3,ENSG00000135298,0.6237623762376238
down,GO:CC,GO:0031904,endosome lumen,10,12,1,5622,0.021157639406483852,0.3052745114364099,False,LGMN,ENSG00000100600,0.6237623762376238
down,GO:BP,GO:0030182,neuron differentiation,626,12,3,5622,0.14126698966970375,0.30731766173760094,False,"ADGRB3, SH3GL3, CNTN4","ENSG00000135298, ENSG00000140600, ENSG00000144619",0.6237623762376238
down,GO:MF,GO:0019900,kinase binding,277,12,2,5622,0.1153277660141774,0.3097374287237905,False,"IBTK, CPNE3","ENSG00000005700, ENSG00000085719",0.6237623762376238
down,GO:BP,GO:0042326,negative regulation of phosphorylation,73,12,1,5622,0.145288715927633,0.3133182743482864,False,IBTK,ENSG00000005700,0.6237623762376238
down,GO:BP,GO:0035264,multicellular organism growth,73,12,1,5622,0.145288715927633,0.3133182743482864,False,LGMN,ENSG00000100600,0.6237623762376238
down,GO:BP,GO:0007167,enzyme-linked receptor protein signaling pathway,325,12,2,5622,0.1501239229469599,0.31833237923404606,False,"CPNE3, LGMN","ENSG00000085719, ENSG00000100600",0.6237623762376238
down,GO:BP,GO:0061448,connective tissue development,76,12,1,5622,0.15082280064516287,0.31833237923404606,False,SOX6,ENSG00000110693,0.6237623762376238
down,GO:BP,GO:0120036,plasma membrane bounded cell projection organization,643,12,3,5622,0.14992258135268646,0.31833237923404606,False,"LGMN, ADGRB3, CNTN4","ENSG00000100600, ENSG00000135298, ENSG00000144619",0.6237623762376238
down,GO:BP,GO:0048863,stem cell differentiation,75,12,1,5622,0.14898176606661587,0.31833237923404606,False,SOX6,ENSG00000110693,0.6237623762376238
down,GO:BP,GO:0048731,system development,1387,12,5,5622,0.150692679675494,0.31833237923404606,False,"SOX6, ADGRB3, SSTR1, SH3GL3, CNTN4","ENSG00000110693, ENSG00000135298, ENSG00000139874, ENSG00000140600, ENSG00000144619",0.6237623762376238
down,KEGG,KEGG:04144,Endocytosis,143,12,1,5622,0.2661754138863032,0.3194104966635642,False,SH3GL3,ENSG00000140600,0.6237623762376238
down,KEGG,KEGG:04142,Lysosome biogenesis,129,12,1,5622,0.24333230352630228,0.3194104966635642,False,LGMN,ENSG00000100600,0.6237623762376238
down,GO:BP,GO:0048812,neuron projection morphogenesis,329,12,2,5622,0.15312642106548588,0.3204671090653206,False,"ADGRB3, CNTN4","ENSG00000135298, ENSG00000144619",0.6237623762376238
down,GO:BP,GO:0050900,leukocyte migration,77,12,1,5622,0.15266018369461437,0.3204671090653206,False,LGMN,ENSG00000100600,0.6237623762376238
down,GO:BP,GO:0048699,generation of neurons,653,12,3,5622,0.15510546565205102,0.32172910656494846,False,"ADGRB3, SH3GL3, CNTN4","ENSG00000135298, ENSG00000140600, ENSG00000144619",0.6237623762376238
down,GO:BP,GO:0045926,negative regulation of growth,79,12,1,5622,0.15632402153659775,0.32172910656494846,False,LGMN,ENSG00000100600,0.6237623762376238
down,GO:BP,GO:0030030,cell projection organization,654,12,3,5622,0.1556273832793174,0.32172910656494846,False,"LGMN, ADGRB3, CNTN4","ENSG00000100600, ENSG00000135298, ENSG00000144619",0.6237623762376238
down,GO:BP,GO:0071695,anatomical structure maturation,79,12,1,5622,0.15632402153659775,0.32172910656494846,False,ADGRB3,ENSG00000135298,0.6237623762376238
down,GO:BP,GO:0120039,plasma membrane bounded cell projection morphogenesis,336,12,2,5622,0.15841395489748264,0.3246831472278983,False,"ADGRB3, CNTN4","ENSG00000135298, ENSG00000144619",0.6237623762376238
down,GO:BP,GO:0048858,cell projection morphogenesis,338,12,2,5622,0.15993218978922388,0.3264459511747122,False,"ADGRB3, CNTN4","ENSG00000135298, ENSG00000144619",0.6237623762376238
down,GO:BP,GO:0050877,nervous system process,339,12,2,5622,0.16069252844935916,0.32665366438886123,False,"LGMN, ADGRB3","ENSG00000100600, ENSG00000135298",0.6237623762376238
down,GO:BP,GO:0009755,hormone-mediated signaling pathway,83,12,1,5622,0.16360816790765936,0.3312230664579556,False,SSTR1,ENSG00000139874,0.6237623762376238
down,GO:BP,GO:0006790,sulfur compound metabolic process,84,12,1,5622,0.16542017404326298,0.3321797826941638,False,ELOVL7,ENSG00000164181,0.6237623762376238
down,GO:BP,GO:0051963,regulation of synapse assembly,84,12,1,5622,0.16542017404326298,0.3321797826941638,False,ADGRB3,ENSG00000135298,0.6237623762376238
down,REAC,REAC:R-HSA-5688426,Deubiquitination,123,12,1,5622,0.23334434580014538,0.33233028434245737,False,USP12,ENSG00000152484,0.6237623762376238
down,REAC,REAC:R-HSA-195258,RHO GTPase Effectors,121,12,1,5622,0.22998826483992033,0.33233028434245737,False,SCAI,ENSG00000173611,0.6237623762376238
down,REAC,REAC:R-HSA-195721,Signaling by WNT,127,12,1,5622,0.2400163164695524,0.33233028434245737,False,SOX6,ENSG00000110693,0.6237623762376238
down,REAC,REAC:R-HSA-388396,GPCR downstream signalling,126,12,1,5622,0.2383533324793325,0.33233028434245737,False,SSTR1,ENSG00000139874,0.6237623762376238
down,GO:BP,GO:0048813,dendrite morphogenesis,85,12,1,5622,0.1672285810334185,0.33445716206683707,False,ADGRB3,ENSG00000135298,0.6237623762376238
down,GO:BP,GO:0043523,regulation of neuron apoptotic process,86,12,1,5622,0.16903339537829817,0.3367090928017504,False,LGMN,ENSG00000100600,0.6237623762376238
down,GO:MF,GO:0008289,lipid binding,297,12,2,5622,0.12952945967534293,0.3382158113745064,False,"CPNE3, SH3GL3","ENSG00000085719, ENSG00000140600",0.6237623762376238
down,GO:BP,GO:0050806,positive regulation of synaptic transmission,87,12,1,5622,0.1708346235675071,0.3389358931579343,False,LGMN,ENSG00000100600,0.6237623762376238
down,REAC,REAC:R-HSA-372790,Signaling by GPCR,135,12,1,5622,0.2532008523294958,0.34182115064481944,False,SSTR1,ENSG00000139874,0.6237623762376238
down,GO:BP,GO:0046394,carboxylic acid biosynthetic process,92,12,1,5622,0.1797871985768603,0.3424230212161591,False,ELOVL7,ENSG00000164181,0.6237623762376238
down,GO:BP,GO:0007268,chemical synaptic transmission,366,12,2,5622,0.18150690569424643,0.3424230212161591,False,"LGMN, CNTN4","ENSG00000100600, ENSG00000144619",0.6237623762376238
down,GO:BP,GO:0045936,negative regulation of phosphate metabolic process,91,12,1,5622,0.17800380419072562,0.3424230212161591,False,IBTK,ENSG00000005700,0.6237623762376238
down,GO:BP,GO:0008202,steroid metabolic process,93,12,1,5622,0.1815670455238906,0.3424230212161591,False,LGMN,ENSG00000100600,0.6237623762376238
down,GO:BP,GO:0016053,organic acid biosynthetic process,92,12,1,5622,0.1797871985768603,0.3424230212161591,False,ELOVL7,ENSG00000164181,0.6237623762376238
down,GO:BP,GO:0065007,biological regulation,3730,12,10,5622,0.17480623201146167,0.3424230212161591,False,"IBTK, CPNE3, LGMN, SOX6, ADGRB3, SSTR1, SH3GL3, CNTN4, USP12, SCAI","ENSG00000005700, ENSG00000085719, ENSG00000100600, ENSG00000110693, ENSG00000135298, ENSG00000139874, ENSG00000140600, ENSG00000144619, ENSG00000152484, ENSG00000173611",0.6237623762376238
down,GO:BP,GO:0065008,regulation of biological quality,1068,12,4,5622,0.17926283587352632,0.3424230212161591,False,"LGMN, ADGRB3, CNTN4, USP12","ENSG00000100600, ENSG00000135298, ENSG00000144619, ENSG00000152484",0.6237623762376238
down,GO:BP,GO:0071560,cellular response to transforming growth factor beta stimulus,90,12,1,5622,0.17621685593896633,0.3424230212161591,False,SOX6,ENSG00000110693,0.6237623762376238
down,GO:BP,GO:0098916,anterograde trans-synaptic signaling,366,12,2,5622,0.18150690569424643,0.3424230212161591,False,"LGMN, CNTN4","ENSG00000100600, ENSG00000144619",0.6237623762376238
down,GO:BP,GO:0071559,response to transforming growth factor beta,92,12,1,5622,0.1797871985768603,0.3424230212161591,False,SOX6,ENSG00000110693,0.6237623762376238
down,GO:BP,GO:0007411,axon guidance,90,12,1,5622,0.17621685593896633,0.3424230212161591,False,CNTN4,ENSG00000144619,0.6237623762376238
down,GO:BP,GO:0097485,neuron projection guidance,91,12,1,5622,0.17800380419072562,0.3424230212161591,False,CNTN4,ENSG00000144619,0.6237623762376238
down,GO:BP,GO:0010563,negative regulation of phosphorus metabolic process,91,12,1,5622,0.17800380419072562,0.3424230212161591,False,IBTK,ENSG00000005700,0.6237623762376238
down,GO:BP,GO:0042330,taxis,95,12,1,5622,0.18511612275442876,0.34260297345595797,False,LGMN,ENSG00000100600,0.6237623762376238
down,GO:BP,GO:0070887,cellular response to chemical stimulus,704,12,3,5622,0.1825169602260568,0.34260297345595797,False,"CPNE3, LGMN, SSTR1","ENSG00000085719, ENSG00000100600, ENSG00000139874",0.6237623762376238
down,GO:BP,GO:0030336,negative regulation of cell migration,95,12,1,5622,0.18511612275442876,0.34260297345595797,False,SCAI,ENSG00000173611,0.6237623762376238
down,GO:BP,GO:0006935,chemotaxis,95,12,1,5622,0.18511612275442876,0.34260297345595797,False,LGMN,ENSG00000100600,0.6237623762376238
down,GO:BP,GO:0099537,trans-synaptic signaling,368,12,2,5622,0.18306890820873317,0.34260297345595797,False,"LGMN, CNTN4","ENSG00000100600, ENSG00000144619",0.6237623762376238
down,REAC,REAC:R-HSA-1430728,Metabolism,840,12,3,5622,0.26205551530159965,0.3451462884460095,False,"CPNE3, LGMN, ELOVL7","ENSG00000085719, ENSG00000100600, ENSG00000164181",0.6237623762376238
down,GO:BP,GO:0010001,glial cell differentiation,97,12,1,5622,0.18865108708555406,0.3465590340534618,False,SOX6,ENSG00000110693,0.6237623762376238
down,GO:BP,GO:0007517,muscle organ development,97,12,1,5622,0.18865108708555406,0.3465590340534618,False,SOX6,ENSG00000110693,0.6237623762376238
down,GO:BP,GO:0042594,response to starvation,98,12,1,5622,0.19041329286925965,0.348505510196136,False,SSTR1,ENSG00000139874,0.6237623762376238
down,GO:BP,GO:2000146,negative regulation of cell motility,100,12,1,5622,0.19392718349287671,0.3536319228399517,False,SCAI,ENSG00000173611,0.6237623762376238
down,GO:BP,GO:0099536,synaptic signaling,385,12,2,5622,0.1964445091532974,0.35691017047632045,False,"LGMN, CNTN4","ENSG00000100600, ENSG00000144619",0.6237623762376238
down,GO:MF,GO:0001217,DNA-binding transcription repressor activity,72,12,1,5622,0.1434366871430774,0.3644067186878184,False,SOX6,ENSG00000110693,0.6237623762376238
down,GO:BP,GO:0010558,negative regulation of macromolecule biosynthetic process,738,12,3,5622,0.201615524799758,0.3649682492725547,False,"LGMN, SOX6, SCAI","ENSG00000100600, ENSG00000110693, ENSG00000173611",0.6237623762376238
down,GO:BP,GO:1901701,cellular response to oxygen-containing compound,394,12,2,5622,0.20359125201634254,0.36720458545493073,False,"LGMN, SSTR1","ENSG00000100600, ENSG00000139874",0.6237623762376238
down,GO:BP,GO:0040013,negative regulation of locomotion,106,12,1,5622,0.20438514397045018,0.36730083843965017,False,SCAI,ENSG00000173611,0.6237623762376238
down,GO:CC,GO:0036019,endolysosome,14,12,1,5622,0.02950518619016588,0.37250297565084656,False,LGMN,ENSG00000100600,0.6237623762376238
down,GO:BP,GO:0045787,positive regulation of cell cycle,110,12,1,5622,0.21128786228901317,0.3783349447485581,False,LGMN,ENSG00000100600,0.6237623762376238
down,GO:BP,GO:0070588,calcium ion transmembrane transport,112,12,1,5622,0.2147185952346547,0.38172194708383084,False,IBTK,ENSG00000005700,0.6237623762376238
down,GO:BP,GO:0051402,neuron apoptotic process,112,12,1,5622,0.2147185952346547,0.38172194708383084,False,LGMN,ENSG00000100600,0.6237623762376238
down,GO:BP,GO:0009890,negative regulation of biosynthetic process,763,12,3,5622,0.21602849552547168,0.38202383692778974,False,"LGMN, SOX6, SCAI","ENSG00000100600, ENSG00000110693, ENSG00000173611",0.6237623762376238
down,GO:BP,GO:0031400,negative regulation of protein modification process,113,12,1,5622,0.21642882696917093,0.38202383692778974,False,IBTK,ENSG00000005700,0.6237623762376238
down,GO:BP,GO:0030100,regulation of endocytosis,115,12,1,5622,0.21983905201157697,0.38666726878632035,False,SH3GL3,ENSG00000140600,0.6237623762376238
down,GO:BP,GO:0014706,striated muscle tissue development,116,12,1,5622,0.22153905770902757,0.38691328388618923,False,SOX6,ENSG00000110693,0.6237623762376238
down,GO:BP,GO:0072522,purine-containing compound biosynthetic process,116,12,1,5622,0.22153905770902757,0.38691328388618923,False,ELOVL7,ENSG00000164181,0.6237623762376238
down,GO:BP,GO:2000026,regulation of multicellular organismal development,418,12,2,5622,0.2228369614464447,0.3871499681177341,False,"SOX6, ADGRB3","ENSG00000110693, ENSG00000135298",0.6237623762376238
down,GO:BP,GO:0006898,receptor-mediated endocytosis,117,12,1,5622,0.22323566710014497,0.3871499681177341,False,SH3GL3,ENSG00000140600,0.6237623762376238
down,GO:MF,GO:0140677,molecular function activator activity,334,12,2,5622,0.15689901723743072,0.38811862158732885,False,"LGMN, ADGRB3","ENSG00000100600, ENSG00000135298",0.6237623762376238
down,GO:BP,GO:0006631,fatty acid metabolic process,119,12,1,5622,0.22661872163126615,0.3889373215540074,False,ELOVL7,ENSG00000164181,0.6237623762376238
down,GO:BP,GO:0007275,multicellular organism development,1577,12,5,5622,0.22647114255305092,0.3889373215540074,False,"SOX6, ADGRB3, SSTR1, SH3GL3, CNTN4","ENSG00000110693, ENSG00000135298, ENSG00000139874, ENSG00000140600, ENSG00000144619",0.6237623762376238
down,GO:BP,GO:0021700,developmental maturation,119,12,1,5622,0.22661872163126615,0.3889373215540074,False,ADGRB3,ENSG00000135298,0.6237623762376238
down,GO:BP,GO:0045892,negative regulation of DNA-templated transcription,425,12,2,5622,0.2284945801479679,0.38946155241715513,False,"SOX6, SCAI","ENSG00000110693, ENSG00000173611",0.6237623762376238
down,GO:BP,GO:1902679,negative regulation of RNA biosynthetic process,425,12,2,5622,0.2284945801479679,0.38946155241715513,False,"SOX6, SCAI","ENSG00000110693, ENSG00000173611",0.6237623762376238
down,GO:BP,GO:0060537,muscle tissue development,122,12,1,5622,0.23166798504023306,0.39351822116423213,False,SOX6,ENSG00000110693,0.6237623762376238
down,GO:BP,GO:0006629,lipid metabolic process,432,12,2,5622,0.23416924467650319,0.3964093698278009,False,"LGMN, ELOVL7","ENSG00000100600, ENSG00000164181",0.6237623762376238
down,GO:BP,GO:1901888,regulation of cell junction assembly,125,12,1,5622,0.2366870134255044,0.39930870292193954,False,ADGRB3,ENSG00000135298,0.6237623762376238
down,GO:BP,GO:0099173,postsynapse organization,127,12,1,5622,0.2400163164695524,0.3995709394895167,False,LGMN,ENSG00000100600,0.6237623762376238
down,GO:BP,GO:0000902,cell morphogenesis,439,12,2,5622,0.23985938027489834,0.3995709394895167,False,"ADGRB3, CNTN4","ENSG00000135298, ENSG00000144619",0.6237623762376238
down,GO:BP,GO:0042063,gliogenesis,128,12,1,5622,0.24167597146543324,0.3995709394895167,False,SOX6,ENSG00000110693,0.6237623762376238
down,GO:BP,GO:0051962,positive regulation of nervous system development,128,12,1,5622,0.24167597146543324,0.3995709394895167,False,ADGRB3,ENSG00000135298,0.6237623762376238
down,GO:BP,GO:0051056,regulation of small GTPase mediated signal transduction,128,12,1,5622,0.24167597146543324,0.3995709394895167,False,SCAI,ENSG00000173611,0.6237623762376238
down,GO:BP,GO:0042127,regulation of cell population proliferation,441,12,2,5622,0.24148775862080174,0.3995709394895167,False,"LGMN, SSTR1","ENSG00000100600, ENSG00000139874",0.6237623762376238
down,GO:MF,GO:0016747,"acyltransferase activity, transferring groups other than amino-acyl groups",87,12,1,5622,0.1708346235675071,0.40400937703080125,False,ELOVL7,ENSG00000164181,0.6237623762376238
down,GO:MF,GO:0042277,peptide binding,90,12,1,5622,0.17621685593896633,0.40400937703080125,False,SSTR1,ENSG00000139874,0.6237623762376238
down,GO:MF,GO:0003714,transcription corepressor activity,89,12,1,5622,0.1744263473845862,0.40400937703080125,False,SCAI,ENSG00000173611,0.6237623762376238
down,GO:BP,GO:0032502,developmental process,2050,12,6,5622,0.2458296796081829,0.4050881099191319,False,"LGMN, SOX6, ADGRB3, SSTR1, SH3GL3, CNTN4","ENSG00000100600, ENSG00000110693, ENSG00000135298, ENSG00000139874, ENSG00000140600, ENSG00000144619",0.6237623762376238
down,GO:BP,GO:0016358,dendrite development,133,12,1,5622,0.24992452325903114,0.40777159058052465,False,ADGRB3,ENSG00000135298,0.6237623762376238
down,GO:BP,GO:0007416,synapse assembly,133,12,1,5622,0.24992452325903114,0.40777159058052465,False,ADGRB3,ENSG00000135298,0.6237623762376238
down,GO:BP,GO:0048638,regulation of developmental growth,133,12,1,5622,0.24992452325903114,0.40777159058052465,False,LGMN,ENSG00000100600,0.6237623762376238
down,GO:BP,GO:0001525,angiogenesis,137,12,1,5622,0.25646405820255613,0.415706447282575,False,ADGRB3,ENSG00000135298,0.6237623762376238
down,GO:BP,GO:0006816,calcium ion transport,137,12,1,5622,0.25646405820255613,0.415706447282575,False,IBTK,ENSG00000005700,0.6237623762376238
down,GO:BP,GO:0001501,skeletal system development,138,12,1,5622,0.25809075488470196,0.4169805030059028,False,SOX6,ENSG00000110693,0.6237623762376238
down,REAC,REAC:R-HSA-6798695,Neutrophil degranulation,184,12,1,5622,0.32948639628380527,0.41812550733817444,False,CPNE3,ENSG00000085719,0.6237623762376238
down,REAC,REAC:0000000,REACTOME root term,3626,12,9,5622,0.3329517928803982,0.41812550733817444,False,"CPNE3, LGMN, SOX6, SSTR1, SH3GL3, CNTN4, USP12, ELOVL7, SCAI","ENSG00000085719, ENSG00000100600, ENSG00000110693, ENSG00000139874, ENSG00000140600, ENSG00000144619, ENSG00000152484, ENSG00000164181, ENSG00000173611",0.6237623762376238
down,GO:BP,GO:0051239,regulation of multicellular organismal process,839,12,3,5622,0.26144432496546854,0.4210272246197157,False,"LGMN, SOX6, ADGRB3","ENSG00000100600, ENSG00000110693, ENSG00000135298",0.6237623762376238
down,GO:CC,GO:0098845,postsynaptic endosome,18,12,1,5622,0.037787431140011936,0.42405894946013756,False,SH3GL3,ENSG00000140600,0.6237623762376238
down,GO:BP,GO:0051240,positive regulation of multicellular organismal process,470,12,2,5622,0.2652056286565516,0.42570223887912473,False,"SOX6, ADGRB3","ENSG00000110693, ENSG00000135298",0.6237623762376238
down,GO:BP,GO:0032501,multicellular organismal process,2101,12,6,5622,0.26757383941085794,0.4268921713550946,False,"LGMN, SOX6, ADGRB3, SSTR1, SH3GL3, CNTN4","ENSG00000100600, ENSG00000110693, ENSG00000135298, ENSG00000139874, ENSG00000140600, ENSG00000144619",0.6237623762376238
down,GO:BP,GO:0051253,negative regulation of RNA metabolic process,473,12,2,5622,0.267668276797247,0.4268921713550946,False,"SOX6, SCAI","ENSG00000110693, ENSG00000173611",0.6237623762376238
down,GO:BP,GO:1901293,nucleoside phosphate biosynthetic process,145,12,1,5622,0.2693866034366924,0.4279040183115017,False,ELOVL7,ENSG00000164181,0.6237623762376238
down,GO:BP,GO:0048513,animal organ development,853,12,3,5622,0.270028140587702,0.4279040183115017,False,"SOX6, SSTR1, CNTN4","ENSG00000110693, ENSG00000139874, ENSG00000144619",0.6237623762376238
down,GO:MF,GO:0098772,molecular function regulator activity,722,12,3,5622,0.192552031141394,0.43094978398311984,False,"IBTK, LGMN, ADGRB3","ENSG00000005700, ENSG00000100600, ENSG00000135298",0.6237623762376238
down,GO:BP,GO:0031175,neuron projection development,480,12,2,5622,0.2734192264467695,0.4318978863617761,False,"ADGRB3, CNTN4","ENSG00000135298, ENSG00000144619",0.6237623762376238
down,GO:MF,GO:0019887,protein kinase regulator activity,103,12,1,5622,0.19917181221773614,0.4353988453131909,False,IBTK,ENSG00000005700,0.6237623762376238
down,GO:BP,GO:0009968,negative regulation of signal transduction,489,12,2,5622,0.2808213412929974,0.4366375714148174,False,"LGMN, SCAI","ENSG00000100600, ENSG00000173611",0.6237623762376238
down,GO:BP,GO:0030900,forebrain development,152,12,1,5622,0.2805245998404749,0.4366375714148174,False,SSTR1,ENSG00000139874,0.6237623762376238
down,GO:BP,GO:0050794,regulation of cellular process,3510,12,9,5622,0.2805063567519194,0.4366375714148174,False,"IBTK, CPNE3, LGMN, SOX6, ADGRB3, SSTR1, SH3GL3, CNTN4, SCAI","ENSG00000005700, ENSG00000085719, ENSG00000100600, ENSG00000110693, ENSG00000135298, ENSG00000139874, ENSG00000140600, ENSG00000144619, ENSG00000173611",0.6237623762376238
down,GO:BP,GO:0009653,anatomical structure morphogenesis,868,12,3,5622,0.27928629891171486,0.4366375714148174,False,"SOX6, ADGRB3, CNTN4","ENSG00000110693, ENSG00000135298, ENSG00000144619",0.6237623762376238
down,GO:BP,GO:0007267,cell-cell signaling,485,12,2,5622,0.27753055017580236,0.4366375714148174,False,"LGMN, CNTN4","ENSG00000100600, ENSG00000144619",0.6237623762376238
down,GO:BP,GO:0007283,spermatogenesis,153,12,1,5622,0.28210297366166576,0.4372596091755819,False,SSTR1,ENSG00000139874,0.6237623762376238
down,GO:BP,GO:0050896,response to stimulus,2584,12,7,5622,0.28322316280469645,0.4376283138664467,False,"CPNE3, LGMN, SOX6, ADGRB3, SSTR1, SH3GL3, SCAI","ENSG00000085719, ENSG00000100600, ENSG00000110693, ENSG00000135298, ENSG00000139874, ENSG00000140600, ENSG00000173611",0.6237623762376238
down,GO:BP,GO:0048232,male gamete generation,155,12,1,5622,0.28525020318668015,0.4393916173310351,False,SSTR1,ENSG00000139874,0.6237623762376238
down,GO:BP,GO:0050807,regulation of synapse organization,156,12,1,5622,0.28681907049265415,0.4404404302302057,False,ADGRB3,ENSG00000135298,0.6237623762376238
down,GO:BP,GO:0048514,blood vessel morphogenesis,157,12,1,5622,0.28838478054645733,0.44147793565136656,False,ADGRB3,ENSG00000135298,0.6237623762376238
down,GO:BP,GO:0050803,regulation of synapse structure or activity,158,12,1,5622,0.2899473391253122,0.44250424678816935,False,ADGRB3,ENSG00000135298,0.6237623762376238
down,GO:BP,GO:0051051,negative regulation of transport,160,12,1,5622,0.2930630249195026,0.44588730171801616,False,SH3GL3,ENSG00000140600,0.6237623762376238
down,GO:BP,GO:0045934,negative regulation of nucleobase-containing compound metabolic process,507,12,2,5622,0.2956422943066225,0.44843601827548885,False,"SOX6, SCAI","ENSG00000110693, ENSG00000173611",0.6237623762376238
down,GO:MF,GO:0019207,kinase regulator activity,114,12,1,5622,0.2181356438281961,0.4570179508406172,False,IBTK,ENSG00000005700,0.6237623762376238
down,GO:MF,GO:0005515,protein binding,4963,12,12,5622,0.22364708232625946,0.4570179508406172,False,"IBTK, CPNE3, LGMN, SOX6, ADGRB3, SSTR1, SH3GL3, CNTN4, USP12, ELOVL7, SCAI, C11orf54","ENSG00000005700, ENSG00000085719, ENSG00000100600, ENSG00000110693, ENSG00000135298, ENSG00000139874, ENSG00000140600, ENSG00000144619, ENSG00000152484, ENSG00000164181, ENSG00000173611, ENSG00000182919",0.6237623762376238
down,GO:MF,GO:0016787,hydrolase activity,776,12,3,5622,0.22363595858947308,0.4570179508406172,False,"LGMN, USP12, C11orf54","ENSG00000100600, ENSG00000152484, ENSG00000182919",0.6237623762376238
down,GO:BP,GO:1901700,response to oxygen-containing compound,515,12,2,5622,0.3022321225620363,0.45703394143527415,False,"LGMN, SSTR1","ENSG00000100600, ENSG00000139874",0.6237623762376238
down,GO:BP,GO:0032103,positive regulation of response to external stimulus,167,12,1,5622,0.30386949850471195,0.4581132864995054,False,LGMN,ENSG00000100600,0.6237623762376238
down,REAC,REAC:R-HSA-9006934,Signaling by Receptor Tyrosine Kinases,217,12,1,5622,0.3767628875377411,0.46239081652359165,False,SH3GL3,ENSG00000140600,0.6237623762376238
down,GO:MF,GO:0005096,GTPase activator activity,122,12,1,5622,0.23166798504023306,0.4633359700804669,False,ADGRB3,ENSG00000135298,0.6237623762376238
down,GO:BP,GO:0031667,response to nutrient levels,170,12,1,5622,0.30845431698717624,0.4636161855322407,False,SSTR1,ENSG00000139874,0.6237623762376238
down,REAC,REAC:R-HSA-597592,Post-translational protein modification,620,12,2,5622,0.3880445886809464,0.4656535064171355,False,"CNTN4, USP12","ENSG00000144619, ENSG00000152484",0.6237623762376238
down,GO:BP,GO:0007346,regulation of mitotic cell cycle,173,12,1,5622,0.3130114403260879,0.4659447924103377,False,LGMN,ENSG00000100600,0.6237623762376238
down,GO:BP,GO:0010648,negative regulation of cell communication,528,12,2,5622,0.3129379893821552,0.4659447924103377,False,"LGMN, SCAI","ENSG00000100600, ENSG00000173611",0.6237623762376238
down,GO:BP,GO:0031647,regulation of protein stability,173,12,1,5622,0.3130114403260879,0.4659447924103377,False,USP12,ENSG00000152484,0.6237623762376238
down,GO:BP,GO:0023057,negative regulation of signaling,529,12,2,5622,0.31376121101825166,0.4659447924103377,False,"LGMN, SCAI","ENSG00000100600, ENSG00000173611",0.6237623762376238
down,GO:BP,GO:0007507,heart development,175,12,1,5622,0.316034211538221,0.46791931021778405,False,SOX6,ENSG00000110693,0.6237623762376238
down,GO:BP,GO:0048666,neuron development,536,12,2,5622,0.31952189238876866,0.4716751744786591,False,"ADGRB3, CNTN4","ENSG00000135298, ENSG00000144619",0.6237623762376238
down,GO:BP,GO:0001932,regulation of protein phosphorylation,179,12,1,5622,0.3220432095032265,0.47398644484747926,False,IBTK,ENSG00000005700,0.6237623762376238
down,GO:BP,GO:0051716,cellular response to stimulus,2224,12,6,5622,0.32302217333171457,0.47402070406074087,False,"CPNE3, LGMN, ADGRB3, SSTR1, SH3GL3, SCAI","ENSG00000085719, ENSG00000100600, ENSG00000135298, ENSG00000139874, ENSG00000140600, ENSG00000173611",0.6237623762376238
down,GO:BP,GO:0022411,cellular component disassembly,183,12,1,5622,0.32800377913904855,0.4750734085952541,False,ADGRB3,ENSG00000135298,0.6237623762376238
down,GO:BP,GO:0008283,cell population proliferation,548,12,2,5622,0.32938730931658533,0.4750734085952541,False,"LGMN, SSTR1","ENSG00000100600, ENSG00000139874",0.6237623762376238
down,GO:BP,GO:0001568,blood vessel development,184,12,1,5622,0.32948639628380527,0.4750734085952541,False,ADGRB3,ENSG00000135298,0.6237623762376238
down,GO:BP,GO:0071396,cellular response to lipid,182,12,1,5622,0.3265181574274915,0.4750734085952541,False,SSTR1,ENSG00000139874,0.6237623762376238
down,GO:BP,GO:0044283,small molecule biosynthetic process,184,12,1,5622,0.32948639628380527,0.4750734085952541,False,ELOVL7,ENSG00000164181,0.6237623762376238
down,GO:BP,GO:0051960,regulation of nervous system development,183,12,1,5622,0.32800377913904855,0.4750734085952541,False,ADGRB3,ENSG00000135298,0.6237623762376238
down,GO:BP,GO:0050789,regulation of biological process,3625,12,9,5622,0.3324797158954999,0.47661832105250845,False,"IBTK, CPNE3, LGMN, SOX6, ADGRB3, SSTR1, SH3GL3, CNTN4, SCAI","ENSG00000005700, ENSG00000085719, ENSG00000100600, ENSG00000110693, ENSG00000135298, ENSG00000139874, ENSG00000140600, ENSG00000144619, ENSG00000173611",0.6237623762376238
down,GO:BP,GO:0003008,system process,551,12,2,5622,0.33185116745477017,0.47661832105250845,False,"LGMN, ADGRB3","ENSG00000100600, ENSG00000135298",0.6237623762376238
down,GO:BP,GO:0051604,protein maturation,189,12,1,5622,0.3368546065653809,0.48149822725195673,False,LGMN,ENSG00000100600,0.6237623762376238
down,GO:CC,GO:0014069,postsynaptic density,194,12,2,5622,0.06229099982062623,0.4824527524868527,False,"ADGRB3, SH3GL3","ENSG00000135298, ENSG00000140600",0.6237623762376238
down,GO:CC,GO:0032279,asymmetric synapse,203,12,2,5622,0.06749888108082812,0.4824527524868527,False,"ADGRB3, SH3GL3","ENSG00000135298, ENSG00000140600",0.6237623762376238
down,GO:CC,GO:0099572,postsynaptic specialization,210,12,2,5622,0.07165139888418597,0.4824527524868527,False,"ADGRB3, SH3GL3","ENSG00000135298, ENSG00000140600",0.6237623762376238
down,GO:CC,GO:0035577,azurophil granule membrane,25,12,1,5622,0.052125623429604244,0.4824527524868527,False,CPNE3,ENSG00000085719,0.6237623762376238
down,GO:CC,GO:0005576,extracellular region,1064,12,5,5622,0.058937718208646364,0.4824527524868527,False,"CPNE3, LGMN, ADGRB3, CNTN4, C11orf54","ENSG00000085719, ENSG00000100600, ENSG00000135298, ENSG00000144619, ENSG00000182919",0.6237623762376238
down,GO:CC,GO:0001669,acrosomal vesicle,29,12,1,5622,0.06023067569276351,0.4824527524868527,False,SH3GL3,ENSG00000140600,0.6237623762376238
down,GO:MF,GO:0004857,enzyme inhibitor activity,133,12,1,5622,0.24992452325903114,0.48943552471560287,False,IBTK,ENSG00000005700,0.6237623762376238
down,GO:BP,GO:0001944,vasculature development,195,12,1,5622,0.3455984571330505,0.4925771113160721,False,ADGRB3,ENSG00000135298,0.6237623762376238
down,GO:BP,GO:0030154,cell differentiation,1400,12,4,5622,0.3481214640571795,0.49271062112778696,False,"SOX6, ADGRB3, SH3GL3, CNTN4","ENSG00000110693, ENSG00000135298, ENSG00000140600, ENSG00000144619",0.6237623762376238
down,GO:BP,GO:0008285,negative regulation of cell population proliferation,196,12,1,5622,0.3470454478303794,0.49271062112778696,False,SSTR1,ENSG00000139874,0.6237623762376238
down,GO:BP,GO:0048869,cellular developmental process,1401,12,4,5622,0.3486722339029299,0.49271062112778696,False,"SOX6, ADGRB3, SH3GL3, CNTN4","ENSG00000110693, ENSG00000135298, ENSG00000140600, ENSG00000144619",0.6237623762376238
down,GO:CC,GO:0098984,neuron to neuron synapse,223,12,2,5622,0.07958881605644455,0.4943427064587292,False,"ADGRB3, SH3GL3","ENSG00000135298, ENSG00000140600",0.6237623762376238
down,GO:CC,GO:0043202,lysosomal lumen,41,12,1,5622,0.08416619794297578,0.4943427064587292,False,LGMN,ENSG00000100600,0.6237623762376238
down,GO:CC,GO:0060076,excitatory synapse,43,12,1,5622,0.08810068035898158,0.4943427064587292,False,ADGRB3,ENSG00000135298,0.6237623762376238
down,GO:BP,GO:0042325,regulation of phosphorylation,199,12,1,5622,0.3513688408447592,0.49511063937216065,False,IBTK,ENSG00000005700,0.6237623762376238
down,GO:BP,GO:0048585,negative regulation of response to stimulus,577,12,2,5622,0.3531473891921604,0.4962070964286446,False,"LGMN, SCAI","ENSG00000100600, ENSG00000173611",0.6237623762376238
down,GO:BP,GO:0007276,gamete generation,203,12,1,5622,0.35709254830253917,0.49892367312129454,False,SSTR1,ENSG00000139874,0.6237623762376238
down,GO:BP,GO:0032787,monocarboxylic acid metabolic process,203,12,1,5622,0.35709254830253917,0.49892367312129454,False,ELOVL7,ENSG00000164181,0.6237623762376238
down,GO:CC,GO:0099634,postsynaptic specialization membrane,73,12,1,5622,0.145288715927633,0.5049677411007681,False,ADGRB3,ENSG00000135298,0.6237623762376238
down,GO:CC,GO:0098839,postsynaptic density membrane,60,12,1,5622,0.12092355302448629,0.5049677411007681,False,ADGRB3,ENSG00000135298,0.6237623762376238
down,GO:CC,GO:0098978,glutamatergic synapse,311,12,2,5622,0.13973033630049767,0.5049677411007681,False,"ADGRB3, SH3GL3","ENSG00000135298, ENSG00000140600",0.6237623762376238
down,GO:CC,GO:0031974,membrane-enclosed lumen,2276,12,7,5622,0.1666419336549624,0.5049677411007681,False,"IBTK, CPNE3, LGMN, SOX6, USP12, SCAI, C11orf54","ENSG00000005700, ENSG00000085719, ENSG00000100600, ENSG00000110693, ENSG00000152484, ENSG00000173611, ENSG00000182919",0.6237623762376238
down,GO:CC,GO:0005654,nucleoplasm,1747,12,6,5622,0.13537320130509028,0.5049677411007681,False,"IBTK, CPNE3, SOX6, USP12, SCAI, C11orf54","ENSG00000005700, ENSG00000085719, ENSG00000110693, ENSG00000152484, ENSG00000173611, ENSG00000182919",0.6237623762376238
down,GO:CC,GO:0005775,vacuolar lumen,75,12,1,5622,0.14898176606661587,0.5049677411007681,False,LGMN,ENSG00000100600,0.6237623762376238
down,GO:CC,GO:0005766,primary lysosome,67,12,1,5622,0.13412124061900035,0.5049677411007681,False,CPNE3,ENSG00000085719,0.6237623762376238
down,GO:CC,GO:0005764,lysosome,325,12,2,5622,0.1501239229469599,0.5049677411007681,False,"CPNE3, LGMN","ENSG00000085719, ENSG00000100600",0.6237623762376238
down,GO:CC,GO:0005773,vacuole,363,12,2,5622,0.17916878290641647,0.5049677411007681,False,"CPNE3, LGMN","ENSG00000085719, ENSG00000100600",0.6237623762376238
down,GO:CC,GO:0031981,nuclear lumen,1881,12,6,5622,0.17998850177849163,0.5049677411007681,False,"IBTK, CPNE3, SOX6, USP12, SCAI, C11orf54","ENSG00000005700, ENSG00000085719, ENSG00000110693, ENSG00000152484, ENSG00000173611, ENSG00000182919",0.6237623762376238
down,GO:CC,GO:0030054,cell junction,1056,12,4,5622,0.17392390549724288,0.5049677411007681,False,"CPNE3, ADGRB3, SH3GL3, CNTN4","ENSG00000085719, ENSG00000135298, ENSG00000140600, ENSG00000144619",0.6237623762376238
down,GO:CC,GO:0030141,secretory granule,308,12,2,5622,0.13752759456433786,0.5049677411007681,False,"CPNE3, SH3GL3","ENSG00000085719, ENSG00000140600",0.6237623762376238
down,GO:CC,GO:0042582,azurophil granule,67,12,1,5622,0.13412124061900035,0.5049677411007681,False,CPNE3,ENSG00000085719,0.6237623762376238
down,GO:CC,GO:0043233,organelle lumen,2276,12,7,5622,0.1666419336549624,0.5049677411007681,False,"IBTK, CPNE3, LGMN, SOX6, USP12, SCAI, C11orf54","ENSG00000005700, ENSG00000085719, ENSG00000100600, ENSG00000110693, ENSG00000152484, ENSG00000173611, ENSG00000182919",0.6237623762376238
down,GO:CC,GO:0031901,early endosome membrane,89,12,1,5622,0.1744263473845862,0.5049677411007681,False,SH3GL3,ENSG00000140600,0.6237623762376238
down,GO:CC,GO:0070013,intracellular organelle lumen,2276,12,7,5622,0.1666419336549624,0.5049677411007681,False,"IBTK, CPNE3, LGMN, SOX6, USP12, SCAI, C11orf54","ENSG00000005700, ENSG00000085719, ENSG00000100600, ENSG00000110693, ENSG00000152484, ENSG00000173611, ENSG00000182919",0.6237623762376238
down,GO:CC,GO:0000323,lytic vacuole,325,12,2,5622,0.1501239229469599,0.5049677411007681,False,"CPNE3, LGMN","ENSG00000085719, ENSG00000100600",0.6237623762376238
down,GO:CC,GO:0016020,membrane,3101,12,9,5622,0.13661154573858045,0.5049677411007681,False,"IBTK, CPNE3, ADGRB3, SSTR1, SH3GL3, CNTN4, USP12, ELOVL7, SCAI","ENSG00000005700, ENSG00000085719, ENSG00000135298, ENSG00000139874, ENSG00000140600, ENSG00000144619, ENSG00000152484, ENSG00000164181, ENSG00000173611",0.6237623762376238
down,GO:BP,GO:0007264,small GTPase-mediated signal transduction,207,12,1,5622,0.36276992299657185,0.5054322522648871,False,SCAI,ENSG00000173611,0.6237623762376238
down,GO:MF,GO:0140110,transcription regulator activity,475,12,2,5622,0.2693107566109542,0.5166369616618304,False,"SOX6, SCAI","ENSG00000110693, ENSG00000173611",0.6237623762376238
down,GO:BP,GO:0044089,positive regulation of cellular component biogenesis,214,12,1,5622,0.3725948655279517,0.5176668159716077,False,ADGRB3,ENSG00000135298,0.6237623762376238
down,GO:BP,GO:0034329,cell junction assembly,216,12,1,5622,0.37537637560790293,0.5200745315684913,False,ADGRB3,ENSG00000135298,0.6237623762376238
down,GO:BP,GO:0035239,tube morphogenesis,217,12,1,5622,0.3767628875377411,0.5205414825033975,False,ADGRB3,ENSG00000135298,0.6237623762376238
down,GO:BP,GO:0007409,axonogenesis,220,12,1,5622,0.38090551362458075,0.5233494037611968,False,CNTN4,ENSG00000144619,0.6237623762376238
down,GO:BP,GO:0048856,anatomical structure development,1898,12,5,5622,0.3806580556392465,0.5233494037611968,False,"SOX6, ADGRB3, SSTR1, SH3GL3, CNTN4","ENSG00000110693, ENSG00000135298, ENSG00000139874, ENSG00000140600, ENSG00000144619",0.6237623762376238
down,GO:MF,GO:0140096,"catalytic activity, acting on a protein",867,12,3,5622,0.27866723617976935,0.5238944040179662,False,"CPNE3, LGMN, USP12","ENSG00000085719, ENSG00000100600, ENSG00000152484",0.6237623762376238
down,GO:CC,GO:1903561,extracellular vesicle,795,12,3,5622,0.23488242902960965,0.5280088128664195,False,"CPNE3, LGMN, C11orf54","ENSG00000085719, ENSG00000100600, ENSG00000182919",0.6237623762376238
down,GO:CC,GO:0098794,postsynapse,404,12,2,5622,0.2115793404274313,0.5280088128664195,False,"ADGRB3, SH3GL3","ENSG00000135298, ENSG00000140600",0.6237623762376238
down,GO:CC,GO:0065010,extracellular membrane-bounded organelle,795,12,3,5622,0.23488242902960965,0.5280088128664195,False,"CPNE3, LGMN, C11orf54","ENSG00000085719, ENSG00000100600, ENSG00000182919",0.6237623762376238
down,GO:CC,GO:0099503,secretory vesicle,408,12,2,5622,0.2147874190941442,0.5280088128664195,False,"CPNE3, SH3GL3","ENSG00000085719, ENSG00000140600",0.6237623762376238
down,GO:CC,GO:0043230,extracellular organelle,795,12,3,5622,0.23488242902960965,0.5280088128664195,False,"CPNE3, LGMN, C11orf54","ENSG00000085719, ENSG00000100600, ENSG00000182919",0.6237623762376238
down,GO:CC,GO:0071944,cell periphery,1597,12,5,5622,0.2352514512771176,0.5280088128664195,False,"CPNE3, ADGRB3, SSTR1, CNTN4, USP12","ENSG00000085719, ENSG00000135298, ENSG00000139874, ENSG00000144619, ENSG00000152484",0.6237623762376238
down,GO:CC,GO:0005886,plasma membrane,1520,12,5,5622,0.20223504908029552,0.5280088128664195,False,"CPNE3, ADGRB3, SSTR1, CNTN4, USP12","ENSG00000085719, ENSG00000135298, ENSG00000139874, ENSG00000144619, ENSG00000152484",0.6237623762376238
down,GO:CC,GO:0030667,secretory granule membrane,110,12,1,5622,0.21128786228901317,0.5280088128664195,False,CPNE3,ENSG00000085719,0.6237623762376238
down,GO:CC,GO:0070062,extracellular exosome,783,12,3,5622,0.22776225394983857,0.5280088128664195,False,"CPNE3, LGMN, C11orf54","ENSG00000085719, ENSG00000100600, ENSG00000182919",0.6237623762376238
down,GO:BP,GO:0072521,purine-containing compound metabolic process,226,12,1,5622,0.38911514032393996,0.5316834975225184,False,ELOVL7,ENSG00000164181,0.6237623762376238
down,GO:BP,GO:0010975,regulation of neuron projection development,226,12,1,5622,0.38911514032393996,0.5316834975225184,False,ADGRB3,ENSG00000135298,0.6237623762376238
down,REAC,REAC:R-HSA-168256,Immune System,705,12,2,5622,0.45517850699831874,0.5343399864762874,False,"CPNE3, LGMN","ENSG00000085719, ENSG00000100600",0.6237623762376238
down,GO:CC,GO:0005768,endosome,451,12,2,5622,0.24964547589283784,0.5366612485221045,False,"LGMN, SH3GL3","ENSG00000100600, ENSG00000140600",0.6237623762376238
down,GO:CC,GO:0045211,postsynaptic membrane,141,12,1,5622,0.2629512914126527,0.5366612485221045,False,ADGRB3,ENSG00000135298,0.6237623762376238
down,GO:CC,GO:0005770,late endosome,146,12,1,5622,0.27098736311512217,0.5366612485221045,False,LGMN,ENSG00000100600,0.6237623762376238
down,GO:CC,GO:0031965,nuclear membrane,146,12,1,5622,0.27098736311512217,0.5366612485221045,False,SCAI,ENSG00000173611,0.6237623762376238
down,GO:CC,GO:0045177,apical part of cell,135,12,1,5622,0.2532008523294958,0.5366612485221045,False,LGMN,ENSG00000100600,0.6237623762376238
down,GO:CC,GO:0045202,synapse,833,12,3,5622,0.25778370386607835,0.5366612485221045,False,"ADGRB3, SH3GL3, CNTN4","ENSG00000135298, ENSG00000140600, ENSG00000144619",0.6237623762376238
down,GO:BP,GO:0040008,regulation of growth,231,12,1,5622,0.39588013340055656,0.5379631401826742,False,LGMN,ENSG00000100600,0.6237623762376238
down,GO:BP,GO:0009887,animal organ morphogenesis,231,12,1,5622,0.39588013340055656,0.5379631401826742,False,SOX6,ENSG00000110693,0.6237623762376238
down,GO:CC,GO:0098552,side of membrane,150,12,1,5622,0.27735830500358116,0.5387151693338796,False,CNTN4,ENSG00000144619,0.6237623762376238
down,GO:BP,GO:0008284,positive regulation of cell population proliferation,233,12,1,5622,0.39856684867159053,0.5401343085822649,False,LGMN,ENSG00000100600,0.6237623762376238
down,GO:BP,GO:0071345,cellular response to cytokine stimulus,236,12,1,5622,0.40257638986147626,0.544081442428589,False,SSTR1,ENSG00000139874,0.6237623762376238
down,REAC,REAC:R-HSA-194315,Signaling by Rho GTPases,296,12,1,5622,0.4777961142409187,0.5489572376385025,False,SCAI,ENSG00000173611,0.6237623762376238
down,GO:BP,GO:0061564,axon development,241,12,1,5622,0.4092045452102413,0.5515365609355429,False,CNTN4,ENSG00000144619,0.6237623762376238
down,REAC,REAC:R-HSA-9716542,"Signaling by Rho GTPases, Miro GTPases and RHOBTB3",307,12,1,5622,0.4906055300710582,0.551931221329941,False,SCAI,ENSG00000173611,0.6237623762376238
down,GO:BP,GO:0048522,positive regulation of cellular process,1961,12,5,5622,0.4131423164645002,0.5538430002353096,False,"CPNE3, LGMN, SOX6, ADGRB3, SH3GL3","ENSG00000085719, ENSG00000100600, ENSG00000110693, ENSG00000135298, ENSG00000140600",0.6237623762376238
down,GO:BP,GO:0060627,regulation of vesicle-mediated transport,244,12,1,5622,0.41314901227230766,0.5538430002353096,False,SH3GL3,ENSG00000140600,0.6237623762376238
down,GO:BP,GO:1901699,cellular response to nitrogen compound,248,12,1,5622,0.4183707517499968,0.5548446333368944,False,LGMN,ENSG00000100600,0.6237623762376238
down,GO:BP,GO:0048609,multicellular organismal reproductive process,248,12,1,5622,0.4183707517499968,0.5548446333368944,False,SSTR1,ENSG00000139874,0.6237623762376238
down,GO:BP,GO:0033993,response to lipid,248,12,1,5622,0.4183707517499968,0.5548446333368944,False,SSTR1,ENSG00000139874,0.6237623762376238
down,GO:BP,GO:0008610,lipid biosynthetic process,247,12,1,5622,0.4170693251270245,0.5548446333368944,False,ELOVL7,ENSG00000164181,0.6237623762376238
down,GO:BP,GO:0042221,response to chemical,1094,12,3,5622,0.42247992551537383,0.5588001148150011,False,"CPNE3, LGMN, SSTR1","ENSG00000085719, ENSG00000100600, ENSG00000139874",0.6237623762376238
down,GO:BP,GO:0032870,cellular response to hormone stimulus,253,12,1,5622,0.4248380256935266,0.5591462366286327,False,SSTR1,ENSG00000139874,0.6237623762376238
down,GO:BP,GO:0051174,regulation of phosphorus metabolic process,254,12,1,5622,0.4261235432371432,0.5591462366286327,False,IBTK,ENSG00000005700,0.6237623762376238
down,GO:BP,GO:0098609,cell-cell adhesion,254,12,1,5622,0.4261235432371432,0.5591462366286327,False,CNTN4,ENSG00000144619,0.6237623762376238
down,REAC,REAC:R-HSA-1280218,Adaptive Immune System,322,12,1,5622,0.5076089507385705,0.5594057824465882,False,LGMN,ENSG00000100600,0.6237623762376238
down,GO:BP,GO:0051248,negative regulation of protein metabolic process,259,12,1,5622,0.4325117151378744,0.5615858919067691,False,IBTK,ENSG00000005700,0.6237623762376238
down,GO:BP,GO:0006753,nucleoside phosphate metabolic process,259,12,1,5622,0.4325117151378744,0.5615858919067691,False,ELOVL7,ENSG00000164181,0.6237623762376238
down,GO:BP,GO:0048589,developmental growth,259,12,1,5622,0.4325117151378744,0.5615858919067691,False,LGMN,ENSG00000100600,0.6237623762376238
down,GO:BP,GO:0003006,developmental process involved in reproduction,257,12,1,5622,0.42996430994918783,0.5615858919067691,False,SSTR1,ENSG00000139874,0.6237623762376238
down,GO:BP,GO:1902532,negative regulation of intracellular signal transduction,261,12,1,5622,0.43504868112551326,0.5634050805176365,False,SCAI,ENSG00000173611,0.6237623762376238
down,GO:BP,GO:0055086,nucleobase-containing small molecule metabolic process,267,12,1,5622,0.44259733228006115,0.5687261057277471,False,ELOVL7,ENSG00000164181,0.6237623762376238
down,GO:BP,GO:0034097,response to cytokine,267,12,1,5622,0.44259733228006115,0.5687261057277471,False,SSTR1,ENSG00000139874,0.6237623762376238
down,GO:BP,GO:0090407,organophosphate biosynthetic process,266,12,1,5622,0.4413456795830852,0.5687261057277471,False,ELOVL7,ENSG00000164181,0.6237623762376238
down,GO:CC,GO:0098852,lytic vacuole membrane,206,12,1,5622,0.36135490432076883,0.5731961418610197,False,CPNE3,ENSG00000085719,0.6237623762376238
down,GO:CC,GO:0030055,cell-substrate junction,187,12,1,5622,0.33391627552287745,0.5731961418610197,False,CPNE3,ENSG00000085719,0.6237623762376238
down,GO:CC,GO:0005765,lysosomal membrane,206,12,1,5622,0.36135490432076883,0.5731961418610197,False,CPNE3,ENSG00000085719,0.6237623762376238
down,GO:CC,GO:0005769,early endosome,183,12,1,5622,0.32800377913904855,0.5731961418610197,False,SH3GL3,ENSG00000140600,0.6237623762376238
down,GO:CC,GO:0005615,extracellular space,915,12,3,5622,0.30863926491791427,0.5731961418610197,False,"CPNE3, LGMN, C11orf54","ENSG00000085719, ENSG00000100600, ENSG00000182919",0.6237623762376238
down,GO:CC,GO:0005925,focal adhesion,184,12,1,5622,0.32948639628380527,0.5731961418610197,False,CPNE3,ENSG00000085719,0.6237623762376238
down,GO:CC,GO:0030659,cytoplasmic vesicle membrane,524,12,2,5622,0.3096445652669897,0.5731961418610197,False,"CPNE3, SH3GL3","ENSG00000085719, ENSG00000140600",0.6237623762376238
down,GO:CC,GO:0012505,endomembrane system,1847,12,5,5622,0.35469188688899683,0.5731961418610197,False,"CPNE3, LGMN, SH3GL3, ELOVL7, SCAI","ENSG00000085719, ENSG00000100600, ENSG00000140600, ENSG00000164181, ENSG00000173611",0.6237623762376238
down,GO:CC,GO:0012506,vesicle membrane,530,12,2,5622,0.3145843723462822,0.5731961418610197,False,"CPNE3, SH3GL3","ENSG00000085719, ENSG00000140600",0.6237623762376238
down,GO:CC,GO:0097708,intracellular vesicle,1001,12,3,5622,0.3632133968228243,0.5731961418610197,False,"CPNE3, LGMN, SH3GL3","ENSG00000085719, ENSG00000100600, ENSG00000140600",0.6237623762376238
down,GO:CC,GO:0031410,cytoplasmic vesicle,998,12,3,5622,0.3612997691584802,0.5731961418610197,False,"CPNE3, LGMN, SH3GL3","ENSG00000085719, ENSG00000100600, ENSG00000140600",0.6237623762376238
down,GO:CC,GO:0097060,synaptic membrane,203,12,1,5622,0.35709254830253917,0.5731961418610197,False,ADGRB3,ENSG00000135298,0.6237623762376238
down,GO:BP,GO:1901652,response to peptide,271,12,1,5622,0.44757828016303575,0.5736403797438389,False,SSTR1,ENSG00000139874,0.6237623762376238
down,GO:BP,GO:0019953,sexual reproduction,275,12,1,5622,0.45251839703238866,0.5784771261032595,False,SSTR1,ENSG00000139874,0.6237623762376238
down,GO:BP,GO:0006897,endocytosis,280,12,1,5622,0.45863658821116315,0.5788390528059464,False,SH3GL3,ENSG00000140600,0.6237623762376238
down,GO:BP,GO:0043066,negative regulation of apoptotic process,280,12,1,5622,0.45863658821116315,0.5788390528059464,False,LGMN,ENSG00000100600,0.6237623762376238
down,GO:BP,GO:0035295,tube development,279,12,1,5622,0.45741798739678213,0.5788390528059464,False,ADGRB3,ENSG00000135298,0.6237623762376238
down,GO:BP,GO:0002684,positive regulation of immune system process,277,12,1,5622,0.45497323907595527,0.5788390528059464,False,LGMN,ENSG00000100600,0.6237623762376238
down,GO:BP,GO:0030001,metal ion transport,279,12,1,5622,0.45741798739678213,0.5788390528059464,False,IBTK,ENSG00000005700,0.6237623762376238
down,GO:MF,GO:0004674,protein serine/threonine kinase activity,180,12,1,5622,0.3235378781576382,0.5848569335926533,False,CPNE3,ENSG00000085719,0.6237623762376238
down,GO:MF,GO:0140678,molecular function inhibitor activity,176,12,1,5622,0.31754102069216666,0.5848569335926533,False,IBTK,ENSG00000005700,0.6237623762376238
down,REAC,REAC:R-HSA-5653656,Vesicle-mediated transport,369,12,1,5622,0.5575745868615531,0.5903730919710563,False,SH3GL3,ENSG00000140600,0.6237623762376238
down,REAC,REAC:R-HSA-199991,Membrane Trafficking,362,12,1,5622,0.5504402122123857,0.5903730919710563,False,SH3GL3,ENSG00000140600,0.6237623762376238
down,GO:BP,GO:0048518,positive regulation of biological process,2069,12,5,5622,0.4693318176551849,0.5908339633425681,False,"CPNE3, LGMN, SOX6, ADGRB3, SH3GL3","ENSG00000085719, ENSG00000100600, ENSG00000110693, ENSG00000135298, ENSG00000140600",0.6237623762376238
down,GO:CC,GO:0043005,neuron projection,612,12,2,5622,0.38159000366417306,0.5929321595397155,False,"SSTR1, CNTN4","ENSG00000139874, ENSG00000144619",0.6237623762376238
down,GO:CC,GO:0005774,vacuolar membrane,225,12,1,5622,0.3877538370154696,0.5933808717964008,False,CPNE3,ENSG00000085719,0.6237623762376238
down,GO:CC,GO:0031982,vesicle,1483,12,4,5622,0.3942009657246156,0.5942432468386,False,"CPNE3, LGMN, SH3GL3, C11orf54","ENSG00000085719, ENSG00000100600, ENSG00000140600, ENSG00000182919",0.6237623762376238
down,GO:BP,GO:0019752,carboxylic acid metabolic process,294,12,1,5622,0.47543565141003896,0.595495159341867,False,ELOVL7,ENSG00000164181,0.6237623762376238
down,GO:BP,GO:0043069,negative regulation of programmed cell death,293,12,1,5622,0.47425175594585245,0.595495159341867,False,LGMN,ENSG00000100600,0.6237623762376238
down,GO:MF,GO:0000981,"DNA-binding transcription factor activity, RNA polymerase II-specific",224,12,1,5622,0.38638975347372906,0.5955794885531177,False,SOX6,ENSG00000110693,0.6237623762376238
down,GO:MF,GO:0000978,RNA polymerase II cis-regulatory region sequence-specific DNA binding,202,12,1,5622,0.3556659785132698,0.5955794885531177,False,SOX6,ENSG00000110693,0.6237623762376238
down,GO:MF,GO:0003700,DNA-binding transcription factor activity,234,12,1,5622,0.3999060948797813,0.5955794885531177,False,SOX6,ENSG00000110693,0.6237623762376238
down,GO:MF,GO:0003712,transcription coregulator activity,241,12,1,5622,0.4092045452102413,0.5955794885531177,False,SCAI,ENSG00000173611,0.6237623762376238
down,GO:MF,GO:0060589,nucleoside-triphosphatase regulator activity,225,12,1,5622,0.3877538370154696,0.5955794885531177,False,ADGRB3,ENSG00000135298,0.6237623762376238
down,GO:MF,GO:0050839,cell adhesion molecule binding,243,12,1,5622,0.4118368803824746,0.5955794885531177,False,CNTN4,ENSG00000144619,0.6237623762376238
down,GO:MF,GO:0000987,cis-regulatory region sequence-specific DNA binding,209,12,1,5622,0.3655913422749776,0.5955794885531177,False,SOX6,ENSG00000110693,0.6237623762376238
down,GO:MF,GO:0005543,phospholipid binding,200,12,1,5622,0.3528041301513905,0.5955794885531177,False,CPNE3,ENSG00000085719,0.6237623762376238
down,GO:MF,GO:0004672,protein kinase activity,216,12,1,5622,0.37537637560790293,0.5955794885531177,False,CPNE3,ENSG00000085719,0.6237623762376238
down,GO:MF,GO:0000977,RNA polymerase II transcription regulatory region sequence-specific DNA binding,240,12,1,5622,0.40788433190344864,0.5955794885531177,False,SOX6,ENSG00000110693,0.6237623762376238
down,GO:MF,GO:0016788,"hydrolase activity, acting on ester bonds",233,12,1,5622,0.39856684867159053,0.5955794885531177,False,C11orf54,ENSG00000182919,0.6237623762376238
down,GO:MF,GO:0030695,GTPase regulator activity,224,12,1,5622,0.38638975347372906,0.5955794885531177,False,ADGRB3,ENSG00000135298,0.6237623762376238
down,GO:MF,GO:0003824,catalytic activity,1934,12,5,5622,0.39917653639816,0.5955794885531177,False,"CPNE3, LGMN, USP12, ELOVL7, C11orf54","ENSG00000085719, ENSG00000100600, ENSG00000152484, ENSG00000164181, ENSG00000182919",0.6237623762376238
down,GO:BP,GO:0043436,oxoacid metabolic process,300,12,1,5622,0.48248785571614256,0.5996766255393671,False,ELOVL7,ENSG00000164181,0.6237623762376238
down,GO:BP,GO:0031399,regulation of protein modification process,300,12,1,5622,0.48248785571614256,0.5996766255393671,False,IBTK,ENSG00000005700,0.6237623762376238
down,GO:BP,GO:0032101,regulation of response to external stimulus,302,12,1,5622,0.48481920734130246,0.5996766255393671,False,LGMN,ENSG00000100600,0.6237623762376238
down,GO:BP,GO:0006082,organic acid metabolic process,301,12,1,5622,0.4836547376649221,0.5996766255393671,False,ELOVL7,ENSG00000164181,0.6237623762376238
down,GO:BP,GO:0022603,regulation of anatomical structure morphogenesis,302,12,1,5622,0.48481920734130246,0.5996766255393671,False,ADGRB3,ENSG00000135298,0.6237623762376238
down,GO:CC,GO:0005635,nuclear envelope,237,12,1,5622,0.40390744877749224,0.59992135774304,False,SCAI,ENSG00000173611,0.6237623762376238
down,GO:BP,GO:0051129,negative regulation of cellular component organization,305,12,1,5622,0.4882981880411646,0.6024037586396909,False,SH3GL3,ENSG00000140600,0.6237623762376238
down,GO:BP,GO:0098655,monoatomic cation transmembrane transport,306,12,1,5622,0.48945305389474836,0.6024037586396909,False,IBTK,ENSG00000005700,0.6237623762376238
down,GO:BP,GO:0120035,regulation of plasma membrane bounded cell projection organization,309,12,1,5622,0.49290333136864184,0.6051486444525901,False,ADGRB3,ENSG00000135298,0.6237623762376238
down,REAC,REAC:R-HSA-392499,Metabolism of proteins,892,12,2,5622,0.589796316651936,0.6124807903693182,False,"CNTN4, USP12","ENSG00000144619, ENSG00000152484",0.6237623762376238
down,GO:BP,GO:0031344,regulation of cell projection organization,316,12,1,5622,0.5008710195294631,0.6134124091027506,False,ADGRB3,ENSG00000135298,0.6237623762376238
down,GO:BP,GO:0048646,anatomical structure formation involved in morphogenesis,320,12,1,5622,0.5053722950969362,0.6158836814940546,False,ADGRB3,ENSG00000135298,0.6237623762376238
down,GO:BP,GO:0009725,response to hormone,320,12,1,5622,0.5053722950969362,0.6158836814940546,False,SSTR1,ENSG00000139874,0.6237623762376238
down,GO:MF,GO:0042803,protein homodimerization activity,259,12,1,5622,0.4325117151378744,0.6160015336812154,False,SOX6,ENSG00000110693,0.6237623762376238
down,GO:MF,GO:0016773,"phosphotransferase activity, alcohol group as acceptor",265,12,1,5622,0.44009145098720054,0.6174417372059235,False,CPNE3,ENSG00000085719,0.6237623762376238
down,GO:BP,GO:1901698,response to nitrogen compound,327,12,1,5622,0.513160089962797,0.6238416779939885,False,LGMN,ENSG00000100600,0.6237623762376238
down,GO:MF,GO:0005488,binding,5265,12,12,5622,0.45472016783816593,0.6240150343128357,False,"IBTK, CPNE3, LGMN, SOX6, ADGRB3, SSTR1, SH3GL3, CNTN4, USP12, ELOVL7, SCAI, C11orf54","ENSG00000005700, ENSG00000085719, ENSG00000100600, ENSG00000110693, ENSG00000135298, ENSG00000139874, ENSG00000140600, ENSG00000144619, ENSG00000152484, ENSG00000164181, ENSG00000173611, ENSG00000182919",0.6237623762376238
down,GO:MF,GO:0000976,transcription cis-regulatory region binding,285,12,1,5622,0.4646920468287073,0.6240150343128357,False,SOX6,ENSG00000110693,0.6237623762376238
down,GO:MF,GO:0001067,transcription regulatory region nucleic acid binding,285,12,1,5622,0.4646920468287073,0.6240150343128357,False,SOX6,ENSG00000110693,0.6237623762376238
down,GO:MF,GO:0016746,acyltransferase activity,314,12,1,5622,0.4986063290559524,0.6339781575929149,False,ELOVL7,ENSG00000164181,0.6237623762376238
down,GO:MF,GO:0016301,kinase activity,301,12,1,5622,0.4836547376649221,0.6339781575929149,False,CPNE3,ENSG00000085719,0.6237623762376238
down,GO:MF,GO:1990837,sequence-specific double-stranded DNA binding,303,12,1,5622,0.4859812692796305,0.6339781575929149,False,SOX6,ENSG00000110693,0.6237623762376238
down,GO:MF,GO:0042802,identical protein binding,763,12,2,5622,0.49908918789229473,0.6339781575929149,False,"SOX6, SH3GL3","ENSG00000110693, ENSG00000140600",0.6237623762376238
down,GO:BP,GO:0000278,mitotic cell cycle,340,12,1,5622,0.527325666902789,0.6394951852904242,False,LGMN,ENSG00000100600,0.6237623762376238
down,GO:CC,GO:0010008,endosome membrane,263,12,1,5622,0.4375752468171279,0.6405086946163763,False,SH3GL3,ENSG00000140600,0.6237623762376238
down,GO:BP,GO:0010646,regulation of cell communication,1272,12,3,5622,0.5326828051609165,0.6428483488073347,False,"LGMN, CNTN4, SCAI","ENSG00000100600, ENSG00000144619, ENSG00000173611",0.6237623762376238
down,GO:BP,GO:0023051,regulation of signaling,1271,12,3,5622,0.5320847904868279,0.6428483488073347,False,"LGMN, CNTN4, SCAI","ENSG00000100600, ENSG00000144619, ENSG00000173611",0.6237623762376238
down,GO:MF,GO:0005102,signaling receptor binding,335,12,1,5622,0.5219227011435468,0.6468780707445965,False,CPNE3,ENSG00000085719,0.6237623762376238
down,GO:MF,GO:0003690,double-stranded DNA binding,336,12,1,5622,0.5230078018786095,0.6468780707445965,False,SOX6,ENSG00000110693,0.6237623762376238
down,GO:BP,GO:0040007,growth,350,12,1,5622,0.5379640499365219,0.647646040700279,False,LGMN,ENSG00000100600,0.6237623762376238
down,GO:MF,GO:0016772,"transferase activity, transferring phosphorus-containing groups",360,12,1,5622,0.5483825368219447,0.6525058033071239,False,CPNE3,ENSG00000085719,0.6237623762376238
down,GO:MF,GO:0043565,sequence-specific DNA binding,348,12,1,5622,0.5358540987460556,0.6525058033071239,False,SOX6,ENSG00000110693,0.6237623762376238
down,GO:MF,GO:0046983,protein dimerization activity,355,12,1,5622,0.5432005199969767,0.6525058033071239,False,SOX6,ENSG00000110693,0.6237623762376238
down,REAC,REAC:R-HSA-5663205,Infectious disease,461,12,1,5622,0.6421836743061595,0.6543003474062755,False,SH3GL3,ENSG00000140600,0.6237623762376238
down,GO:BP,GO:0006796,phosphate-containing compound metabolic process,835,12,2,5622,0.5509854715375191,0.654630064313924,False,"IBTK, ELOVL7","ENSG00000005700, ENSG00000164181",0.6237623762376238
down,GO:BP,GO:0006812,monoatomic cation transport,361,12,1,5622,0.5494124512191578,0.654630064313924,False,IBTK,ENSG00000005700,0.6237623762376238
down,GO:BP,GO:0006793,phosphorus metabolic process,836,12,2,5622,0.5516842074258471,0.654630064313924,False,"IBTK, ELOVL7","ENSG00000005700, ENSG00000164181",0.6237623762376238
down,GO:BP,GO:0034220,monoatomic ion transmembrane transport,358,12,1,5622,0.5463162314047699,0.654630064313924,False,IBTK,ENSG00000005700,0.6237623762376238
down,GO:BP,GO:0006468,protein phosphorylation,360,12,1,5622,0.5483825368219447,0.654630064313924,False,IBTK,ENSG00000005700,0.6237623762376238
down,GO:BP,GO:0009628,response to abiotic stimulus,360,12,1,5622,0.5483825368219447,0.654630064313924,False,LGMN,ENSG00000100600,0.6237623762376238
down,GO:CC,GO:0031090,organelle membrane,1593,12,4,5622,0.45571363475478727,0.6575296730033361,False,"CPNE3, SH3GL3, ELOVL7, SCAI","ENSG00000085719, ENSG00000140600, ENSG00000164181, ENSG00000173611",0.6237623762376238
down,GO:MF,GO:0046872,metal ion binding,1340,12,3,5622,0.5726061968461951,0.6645059568338558,False,"CPNE3, USP12, C11orf54","ENSG00000085719, ENSG00000152484, ENSG00000182919",0.6237623762376238
down,GO:MF,GO:0019899,enzyme binding,859,12,2,5622,0.5675812099962851,0.6645059568338558,False,"IBTK, CPNE3","ENSG00000005700, ENSG00000085719",0.6237623762376238
down,GO:MF,GO:0016740,transferase activity,878,12,2,5622,0.5804582813701229,0.6654033957169698,False,"CPNE3, ELOVL7","ENSG00000085719, ENSG00000164181",0.6237623762376238
down,GO:BP,GO:0098657,import into cell,375,12,1,5622,0.5636069985655744,0.6671815543878878,False,SH3GL3,ENSG00000140600,0.6237623762376238
down,GO:MF,GO:0043169,cation binding,1373,12,3,5622,0.5914101242651182,0.6697897792882057,False,"CPNE3, USP12, C11orf54","ENSG00000085719, ENSG00000152484, ENSG00000182919",0.6237623762376238
down,GO:BP,GO:0022414,reproductive process,386,12,1,5622,0.5744709950123938,0.6768114335537941,False,SSTR1,ENSG00000139874,0.6237623762376238
down,GO:BP,GO:0010629,negative regulation of gene expression,386,12,1,5622,0.5744709950123938,0.6768114335537941,False,LGMN,ENSG00000100600,0.6237623762376238
down,GO:BP,GO:0016310,phosphorylation,391,12,1,5622,0.5793267338226717,0.679305106326348,False,IBTK,ENSG00000005700,0.6237623762376238
down,GO:BP,GO:0051726,regulation of cell cycle,391,12,1,5622,0.5793267338226717,0.679305106326348,False,LGMN,ENSG00000100600,0.6237623762376238
down,GO:BP,GO:0007155,cell adhesion,400,12,1,5622,0.5879392722384225,0.687778016580796,False,CNTN4,ENSG00000144619,0.6237623762376238
down,GO:MF,GO:0008092,cytoskeletal protein binding,431,12,1,5622,0.6163825677039203,0.6897614448115301,False,LGMN,ENSG00000100600,0.6237623762376238
down,GO:BP,GO:0002682,regulation of immune system process,404,12,1,5622,0.5917149304431263,0.6905661305877425,False,LGMN,ENSG00000100600,0.6237623762376238
down,GO:BP,GO:0060255,regulation of macromolecule metabolic process,1847,12,4,5622,0.5932450388839352,0.6907266180432673,False,"IBTK, LGMN, SOX6, SCAI","ENSG00000005700, ENSG00000100600, ENSG00000110693, ENSG00000173611",0.6237623762376238
down,GO:BP,GO:0019637,organophosphate metabolic process,414,12,1,5622,0.6010157565045181,0.6981353986563025,False,ELOVL7,ENSG00000164181,0.6237623762376238
down,GO:BP,GO:0006811,monoatomic ion transport,420,12,1,5622,0.606502610749411,0.7028628386254856,False,IBTK,ENSG00000005700,0.6237623762376238
down,GO:CC,GO:0070161,anchoring junction,326,12,1,5622,0.5120544732102524,0.7191002266419486,False,CPNE3,ENSG00000085719,0.6237623762376238
down,GO:CC,GO:0048471,perinuclear region of cytoplasm,333,12,1,5622,0.5197457083649722,0.7191002266419486,False,LGMN,ENSG00000100600,0.6237623762376238
down,GO:CC,GO:0098793,presynapse,327,12,1,5622,0.513160089962797,0.7191002266419486,False,SH3GL3,ENSG00000140600,0.6237623762376238
down,GO:BP,GO:0070647,protein modification by small protein conjugation or removal,441,12,1,5622,0.6251664798384193,0.7228032027968673,False,USP12,ENSG00000152484,0.6237623762376238
down,GO:CC,GO:0030424,axon,344,12,1,5622,0.5316076755606767,0.7255726382652479,False,CNTN4,ENSG00000144619,0.6237623762376238
down,GO:BP,GO:0044087,regulation of cellular component biogenesis,455,12,1,5622,0.6371544173383645,0.7349502116275086,False,ADGRB3,ENSG00000135298,0.6237623762376238
down,GO:BP,GO:0051130,positive regulation of cellular component organization,457,12,1,5622,0.6388379905274837,0.7351824670571503,False,ADGRB3,ENSG00000135298,0.6237623762376238
down,GO:BP,GO:0036211,protein modification process,973,12,2,5622,0.6412552964888275,0.7362560811538386,False,"IBTK, USP12","ENSG00000005700, ENSG00000152484",0.6237623762376238
down,GO:BP,GO:0043687,post-translational protein modification,462,12,1,5622,0.6430156440616963,0.7365721927357999,False,USP12,ENSG00000152484,0.6237623762376238
down,GO:BP,GO:0042981,regulation of apoptotic process,469,12,1,5622,0.6487899642396078,0.741474244845266,False,LGMN,ENSG00000100600,0.6237623762376238
down,GO:BP,GO:0048468,cell development,997,12,2,5622,0.6556464432571081,0.747587668633392,False,"ADGRB3, CNTN4","ENSG00000135298, ENSG00000144619",0.6237623762376238
down,GO:BP,GO:0010468,regulation of gene expression,1510,12,3,5622,0.664902629850862,0.7492640882713077,False,"LGMN, SOX6, SCAI","ENSG00000100600, ENSG00000110693, ENSG00000173611",0.6237623762376238
down,GO:BP,GO:0006355,regulation of DNA-templated transcription,1013,12,2,5622,0.665020928464785,0.7492640882713077,False,"SOX6, SCAI","ENSG00000110693, ENSG00000173611",0.6237623762376238
down,GO:BP,GO:0043067,regulation of programmed cell death,487,12,1,5622,0.6632473240970579,0.7492640882713077,False,LGMN,ENSG00000100600,0.6237623762376238
down,GO:BP,GO:2001141,regulation of RNA biosynthetic process,1015,12,2,5622,0.6661803688057394,0.7492640882713077,False,"SOX6, SCAI","ENSG00000110693, ENSG00000173611",0.6237623762376238
down,GO:BP,GO:0051128,regulation of cellular component organization,1007,12,2,5622,0.6615261104067516,0.7492640882713077,False,"ADGRB3, SH3GL3","ENSG00000135298, ENSG00000140600",0.6237623762376238
down,GO:BP,GO:0043412,macromolecule modification,1013,12,2,5622,0.665020928464785,0.7492640882713077,False,"IBTK, USP12","ENSG00000005700, ENSG00000152484",0.6237623762376238
down,GO:CC,GO:0016604,nuclear body,373,12,1,5622,0.5616046243413692,0.7562942274463775,False,C11orf54,ENSG00000182919,0.6237623762376238
down,GO:MF,GO:0003674,molecular_function,5453,12,12,5622,0.6930708710657835,0.758737881990616,False,"IBTK, CPNE3, LGMN, SOX6, ADGRB3, SSTR1, SH3GL3, CNTN4, USP12, ELOVL7, SCAI, C11orf54","ENSG00000005700, ENSG00000085719, ENSG00000100600, ENSG00000110693, ENSG00000135298, ENSG00000139874, ENSG00000140600, ENSG00000144619, ENSG00000152484, ENSG00000164181, ENSG00000173611, ENSG00000182919",0.6237623762376238
down,GO:MF,GO:0030674,protein-macromolecule adaptor activity,528,12,1,5622,0.6941644452254572,0.758737881990616,False,SCAI,ENSG00000173611,0.6237623762376238
down,GO:BP,GO:0009888,tissue development,508,12,1,5622,0.6794237026846864,0.7624302183972952,False,SOX6,ENSG00000110693,0.6237623762376238
down,GO:BP,GO:0019222,regulation of metabolic process,2053,12,4,5622,0.69341351649687,0.7711504578081783,False,"IBTK, LGMN, SOX6, SCAI","ENSG00000005700, ENSG00000100600, ENSG00000110693, ENSG00000173611",0.6237623762376238
down,GO:BP,GO:0010556,regulation of macromolecule biosynthetic process,1559,12,3,5622,0.6892419131590186,0.7711504578081783,False,"LGMN, SOX6, SCAI","ENSG00000100600, ENSG00000110693, ENSG00000173611",0.6237623762376238
down,GO:BP,GO:0006351,DNA-templated transcription,1061,12,2,5622,0.6920887581755363,0.7711504578081783,False,"SOX6, SCAI","ENSG00000110693, ENSG00000173611",0.6237623762376238
down,GO:BP,GO:0034654,nucleobase-containing compound biosynthetic process,1564,12,3,5622,0.6916648036151949,0.7711504578081783,False,"SOX6, ELOVL7, SCAI","ENSG00000110693, ENSG00000164181, ENSG00000173611",0.6237623762376238
down,GO:CC,GO:0000785,chromatin,395,12,1,5622,0.5831746966807966,0.7750084784836907,False,SOX6,ENSG00000110693,0.6237623762376238
down,GO:BP,GO:0055085,transmembrane transport,537,12,1,5622,0.7005928287398113,0.775656346104791,False,IBTK,ENSG00000005700,0.6237623762376238
down,GO:BP,GO:0009966,regulation of signal transduction,1075,12,2,5622,0.6996857383425804,0.775656346104791,False,"LGMN, SCAI","ENSG00000100600, ENSG00000173611",0.6237623762376238
down,GO:CC,GO:0005730,nucleolus,432,12,1,5622,0.6172693735578125,0.7793025841167383,False,CPNE3,ENSG00000085719,0.6237623762376238
down,GO:CC,GO:0005634,nucleus,2773,12,6,5622,0.5944815885223291,0.7793025841167383,False,"IBTK, CPNE3, SOX6, USP12, SCAI, C11orf54","ENSG00000005700, ENSG00000085719, ENSG00000110693, ENSG00000152484, ENSG00000173611, ENSG00000182919",0.6237623762376238
down,GO:CC,GO:0098590,plasma membrane region,431,12,1,5622,0.6163825677039203,0.7793025841167383,False,ADGRB3,ENSG00000135298,0.6237623762376238
down,GO:CC,GO:0120025,plasma membrane bounded cell projection,918,12,2,5622,0.6067948667074028,0.7793025841167383,False,"SSTR1, CNTN4","ENSG00000139874, ENSG00000144619",0.6237623762376238
down,GO:CC,GO:0042995,cell projection,961,12,2,5622,0.6339119027166082,0.7807939289558223,False,"SSTR1, CNTN4","ENSG00000139874, ENSG00000144619",0.6237623762376238
down,GO:CC,GO:0098588,bounding membrane of organelle,957,12,2,5622,0.6314422732871356,0.7807939289558223,False,"CPNE3, SH3GL3","ENSG00000085719, ENSG00000140600",0.6237623762376238
down,KEGG,KEGG:01100,Metabolic pathways,563,12,1,5622,0.7184744275382215,0.7837902845871507,False,ELOVL7,ENSG00000164181,0.6237623762376238
down,GO:CC,GO:0042175,nuclear outer membrane-endoplasmic reticulum membrane network,518,12,1,5622,0.6868735784555704,0.7916804480697409,False,ELOVL7,ENSG00000164181,0.6237623762376238
down,GO:CC,GO:0005789,endoplasmic reticulum membrane,506,12,1,5622,0.6779143705463607,0.7916804480697409,False,ELOVL7,ENSG00000164181,0.6237623762376238
down,GO:CC,GO:0043228,membraneless organelle,2045,12,4,5622,0.6897809844568039,0.7916804480697409,False,"CPNE3, SOX6, SH3GL3, C11orf54","ENSG00000085719, ENSG00000110693, ENSG00000140600, ENSG00000182919",0.6237623762376238
down,GO:CC,GO:0043232,intracellular membraneless organelle,2045,12,4,5622,0.6897809844568039,0.7916804480697409,False,"CPNE3, SOX6, SH3GL3, C11orf54","ENSG00000085719, ENSG00000110693, ENSG00000140600, ENSG00000182919",0.6237623762376238
down,GO:CC,GO:0110165,cellular anatomical structure,5446,12,12,5622,0.6824589793078333,0.7916804480697409,False,"IBTK, CPNE3, LGMN, SOX6, ADGRB3, SSTR1, SH3GL3, CNTN4, USP12, ELOVL7, SCAI, C11orf54","ENSG00000005700, ENSG00000085719, ENSG00000100600, ENSG00000110693, ENSG00000135298, ENSG00000139874, ENSG00000140600, ENSG00000144619, ENSG00000152484, ENSG00000164181, ENSG00000173611, ENSG00000182919",0.6237623762376238
down,GO:CC,GO:0098827,endoplasmic reticulum subcompartment,511,12,1,5622,0.6816755474979075,0.7916804480697409,False,ELOVL7,ENSG00000164181,0.6237623762376238
down,GO:MF,GO:0060090,molecular adaptor activity,590,12,1,5622,0.7360030925633281,0.79522173219486,False,SCAI,ENSG00000173611,0.6237623762376238
down,GO:BP,GO:0009889,regulation of biosynthetic process,1625,12,3,5622,0.7203008872629602,0.795699866553292,False,"LGMN, SOX6, SCAI","ENSG00000100600, ENSG00000110693, ENSG00000173611",0.6237623762376238
down,GO:BP,GO:0044281,small molecule metabolic process,580,12,1,5622,0.7296311454935875,0.8036439567110146,False,ELOVL7,ENSG00000164181,0.6237623762376238
down,GO:BP,GO:0051252,regulation of RNA metabolic process,1135,12,2,5622,0.7307327106384428,0.8036439567110146,False,"SOX6, SCAI","ENSG00000110693, ENSG00000173611",0.6237623762376238
down,GO:CC,GO:0005575,cellular_component,5465,12,12,5622,0.7116152194535427,0.8075633389304248,False,"IBTK, CPNE3, LGMN, SOX6, ADGRB3, SSTR1, SH3GL3, CNTN4, USP12, ELOVL7, SCAI, C11orf54","ENSG00000005700, ENSG00000085719, ENSG00000100600, ENSG00000110693, ENSG00000135298, ENSG00000139874, ENSG00000140600, ENSG00000144619, ENSG00000152484, ENSG00000164181, ENSG00000173611, ENSG00000182919",0.6237623762376238
down,REAC,REAC:R-HSA-1643685,Disease,722,12,1,5622,0.8081726516002935,0.8081726516002934,False,SH3GL3,ENSG00000140600,0.6237623762376238
down,GO:BP,GO:0007049,cell cycle,592,12,1,5622,0.7372608428027715,0.8090295974118906,False,LGMN,ENSG00000100600,0.6237623762376238
down,GO:CC,GO:0043231,intracellular membrane-bounded organelle,4369,12,9,5622,0.7307898100107181,0.8113958221346945,False,"IBTK, CPNE3, LGMN, SOX6, SH3GL3, USP12, ELOVL7, SCAI, C11orf54","ENSG00000005700, ENSG00000085719, ENSG00000100600, ENSG00000110693, ENSG00000140600, ENSG00000152484, ENSG00000164181, ENSG00000173611, ENSG00000182919",0.6237623762376238
down,GO:CC,GO:0005694,chromosome,592,12,1,5622,0.7372608428027715,0.8113958221346945,False,SOX6,ENSG00000110693,0.6237623762376238
down,GO:CC,GO:0031967,organelle envelope,608,12,1,5622,0.7471268461240257,0.8113958221346945,False,SCAI,ENSG00000173611,0.6237623762376238
down,GO:CC,GO:0043226,organelle,4796,12,10,5622,0.7464725032360033,0.8113958221346945,False,"IBTK, CPNE3, LGMN, SOX6, ADGRB3, SH3GL3, USP12, ELOVL7, SCAI, C11orf54","ENSG00000005700, ENSG00000085719, ENSG00000100600, ENSG00000110693, ENSG00000135298, ENSG00000140600, ENSG00000152484, ENSG00000164181, ENSG00000173611, ENSG00000182919",0.6237623762376238
down,GO:BP,GO:0009605,response to external stimulus,599,12,1,5622,0.7416198379880837,0.8120164230509704,False,LGMN,ENSG00000100600,0.6237623762376238
down,GO:MF,GO:0003677,DNA binding,652,12,1,5622,0.7725338661219656,0.8159346451175815,False,SOX6,ENSG00000110693,0.6237623762376238
down,GO:MF,GO:0008270,zinc ion binding,643,12,1,5622,0.767535822671242,0.8159346451175815,False,C11orf54,ENSG00000182919,0.6237623762376238
down,GO:BP,GO:0009987,cellular process,5173,12,11,5622,0.7519880616068584,0.8193134544714135,False,"IBTK, CPNE3, LGMN, SOX6, ADGRB3, SSTR1, SH3GL3, CNTN4, USP12, ELOVL7, SCAI","ENSG00000005700, ENSG00000085719, ENSG00000100600, ENSG00000110693, ENSG00000135298, ENSG00000139874, ENSG00000140600, ENSG00000144619, ENSG00000152484, ENSG00000164181, ENSG00000173611",0.6237623762376238
down,GO:BP,GO:0051049,regulation of transport,621,12,1,5622,0.7548916304303145,0.8193134544714135,False,SH3GL3,ENSG00000140600,0.6237623762376238
down,GO:BP,GO:0023056,positive regulation of signaling,620,12,1,5622,0.7543021914654174,0.8193134544714135,False,LGMN,ENSG00000100600,0.6237623762376238
down,GO:BP,GO:0010647,positive regulation of cell communication,615,12,1,5622,0.7513354579614318,0.8193134544714135,False,LGMN,ENSG00000100600,0.6237623762376238
down,GO:BP,GO:0080090,regulation of primary metabolic process,1727,12,3,5622,0.7643075498472558,0.8277217133717004,False,"IBTK, SOX6, SCAI","ENSG00000005700, ENSG00000110693, ENSG00000173611",0.6237623762376238
down,GO:BP,GO:0141124,intracellular signaling cassette,651,12,1,5622,0.771983433856078,0.828796067516482,False,SCAI,ENSG00000173611,0.6237623762376238
down,GO:BP,GO:0019219,regulation of nucleobase-containing compound metabolic process,1223,12,2,5622,0.7719210545273708,0.828796067516482,False,"SOX6, SCAI","ENSG00000110693, ENSG00000173611",0.6237623762376238
down,GO:BP,GO:0019538,protein metabolic process,1744,12,3,5622,0.7711664214008106,0.828796067516482,False,"IBTK, LGMN, USP12","ENSG00000005700, ENSG00000100600, ENSG00000152484",0.6237623762376238
down,GO:BP,GO:0006915,apoptotic process,650,12,1,5622,0.7714317808734719,0.828796067516482,False,LGMN,ENSG00000100600,0.6237623762376238
down,GO:BP,GO:0002376,immune system process,661,12,1,5622,0.7774332280659757,0.8310493127601809,False,LGMN,ENSG00000100600,0.6237623762376238
down,GO:BP,GO:0051246,regulation of protein metabolic process,658,12,1,5622,0.7758109619007367,0.8310493127601809,False,IBTK,ENSG00000005700,0.6237623762376238
down,GO:CC,GO:0031984,organelle subcompartment,657,12,1,5622,0.7752678025110351,0.8330005112086656,False,ELOVL7,ENSG00000164181,0.6237623762376238
down,GO:BP,GO:0008219,cell death,673,12,1,5622,0.7838152688683675,0.834275479310537,False,LGMN,ENSG00000100600,0.6237623762376238
down,GO:BP,GO:0012501,programmed cell death,671,12,1,5622,0.7827633832238148,0.834275479310537,False,LGMN,ENSG00000100600,0.6237623762376238
down,GO:BP,GO:0009057,macromolecule catabolic process,677,12,1,5622,0.7859050466350377,0.8347085720149434,False,LGMN,ENSG00000100600,0.6237623762376238
down,GO:BP,GO:1902531,regulation of intracellular signal transduction,690,12,1,5622,0.7925696062109002,0.8399883005995866,False,SCAI,ENSG00000173611,0.6237623762376238
down,GO:MF,GO:0046914,transition metal ion binding,715,12,1,5622,0.8048544658997757,0.8406257754953215,False,C11orf54,ENSG00000182919,0.6237623762376238
down,GO:BP,GO:0048584,positive regulation of response to stimulus,716,12,1,5622,0.8053316915792545,0.8516940704121755,False,LGMN,ENSG00000100600,0.6237623762376238
down,GO:MF,GO:0003676,nucleic acid binding,1356,12,2,5622,0.824869064058958,0.8520625496872754,False,"CPNE3, SOX6","ENSG00000085719, ENSG00000110693",0.6237623762376238
down,GO:BP,GO:0048583,regulation of response to stimulus,1321,12,2,5622,0.8119730407601375,0.8533711222590608,False,"LGMN, SCAI","ENSG00000100600, ENSG00000173611",0.6237623762376238
down,GO:BP,GO:0008150,biological_process,5250,12,11,5622,0.8137994774768865,0.8533711222590608,False,"IBTK, CPNE3, LGMN, SOX6, ADGRB3, SSTR1, SH3GL3, CNTN4, USP12, ELOVL7, SCAI","ENSG00000005700, ENSG00000085719, ENSG00000100600, ENSG00000110693, ENSG00000135298, ENSG00000139874, ENSG00000140600, ENSG00000144619, ENSG00000152484, ENSG00000164181, ENSG00000173611",0.6237623762376238
down,GO:BP,GO:0016192,vesicle-mediated transport,731,12,1,5622,0.8123628896105192,0.8533711222590608,False,SH3GL3,ENSG00000140600,0.6237623762376238
down,GO:BP,GO:0006139,nucleobase-containing compound metabolic process,1844,12,3,5622,0.8087777464387652,0.8533711222590608,False,"SOX6, ELOVL7, SCAI","ENSG00000110693, ENSG00000164181, ENSG00000173611",0.6237623762376238
down,WP,WP:000000,WIKIPATHWAYS,2968,12,5,5622,0.8558536786935107,0.8558536786935106,False,"IBTK, LGMN, SOX6, SSTR1, SH3GL3","ENSG00000005700, ENSG00000100600, ENSG00000110693, ENSG00000139874, ENSG00000140600",0.6237623762376238
down,GO:MF,GO:0043167,ion binding,1990,12,3,5622,0.8555212346275598,0.864720387688071,False,"CPNE3, USP12, C11orf54","ENSG00000085719, ENSG00000152484, ENSG00000182919",0.6237623762376238
down,GO:MF,GO:0003723,RNA binding,832,12,1,5622,0.853967615640484,0.864720387688071,False,CPNE3,ENSG00000085719,0.6237623762376238
down,GO:BP,GO:0044238,primary metabolic process,3332,12,6,5622,0.828782701226204,0.8672494088780532,False,"IBTK, LGMN, SOX6, USP12, ELOVL7, SCAI","ENSG00000005700, ENSG00000100600, ENSG00000110693, ENSG00000152484, ENSG00000164181, ENSG00000173611",0.6237623762376238
down,GO:MF,GO:0036094,small molecule binding,2045,12,3,5622,0.8707370738597497,0.8707370738597496,False,"CPNE3, USP12, C11orf54","ENSG00000085719, ENSG00000152484, ENSG00000182919",0.6237623762376238
down,GO:BP,GO:0032879,regulation of localization,786,12,1,5622,0.836199383383845,0.8713338112571158,False,SH3GL3,ENSG00000140600,0.6237623762376238
down,GO:BP,GO:0006357,regulation of transcription by RNA polymerase II,783,12,1,5622,0.8349744564974928,0.8713338112571158,False,SOX6,ENSG00000110693,0.6237623762376238
down,GO:BP,GO:0032774,RNA biosynthetic process,1397,12,2,5622,0.8390794433863549,0.8725018950097104,False,"SOX6, SCAI","ENSG00000110693, ENSG00000173611",0.6237623762376238
down,GO:CC,GO:0005783,endoplasmic reticulum,780,12,1,5622,0.833741137990467,0.8765199319813249,False,ELOVL7,ENSG00000164181,0.6237623762376238
down,GO:CC,GO:0043227,membrane-bounded organelle,4576,12,9,5622,0.8304722012968531,0.8765199319813249,False,"IBTK, CPNE3, LGMN, SOX6, SH3GL3, USP12, ELOVL7, SCAI, C11orf54","ENSG00000005700, ENSG00000085719, ENSG00000100600, ENSG00000110693, ENSG00000140600, ENSG00000152484, ENSG00000164181, ENSG00000173611, ENSG00000182919",0.6237623762376238
down,GO:CC,GO:0005739,mitochondrion,800,12,1,5622,0.8418062713087971,0.8765199319813249,False,CPNE3,ENSG00000085719,0.6237623762376238
down,GO:CC,GO:0043229,intracellular organelle,4632,12,9,5622,0.8541611733662958,0.880308964387713,False,"IBTK, CPNE3, LGMN, SOX6, SH3GL3, USP12, ELOVL7, SCAI, C11orf54","ENSG00000005700, ENSG00000085719, ENSG00000100600, ENSG00000110693, ENSG00000140600, ENSG00000152484, ENSG00000164181, ENSG00000173611, ENSG00000182919",0.6237623762376238
down,GO:BP,GO:0016043,cellular component organization,2475,12,4,5622,0.8504736906073165,0.8806575167875343,False,"LGMN, ADGRB3, SH3GL3, CNTN4","ENSG00000100600, ENSG00000135298, ENSG00000140600, ENSG00000144619",0.6237623762376238
down,GO:BP,GO:0141187,nucleic acid biosynthetic process,1432,12,2,5622,0.850471909260243,0.8806575167875343,False,"SOX6, SCAI","ENSG00000110693, ENSG00000173611",0.6237623762376238
down,GO:BP,GO:0006366,transcription by RNA polymerase II,833,12,1,5622,0.8543334587745788,0.8828112407337314,False,SOX6,ENSG00000110693,0.6237623762376238
down,GO:BP,GO:0043170,macromolecule metabolic process,2984,12,5,5622,0.8603794850008024,0.8872104460715134,False,"IBTK, LGMN, SOX6, USP12, SCAI","ENSG00000005700, ENSG00000100600, ENSG00000110693, ENSG00000152484, ENSG00000173611",0.6237623762376238
down,GO:BP,GO:0016070,RNA metabolic process,1471,12,2,5622,0.8623963982259577,0.8874452562657157,False,"SOX6, SCAI","ENSG00000110693, ENSG00000173611",0.6237623762376238
down,GO:BP,GO:0010467,gene expression,2029,12,3,5622,0.8664404364485462,0.8897607794585488,False,"LGMN, SOX6, SCAI","ENSG00000100600, ENSG00000110693, ENSG00000173611",0.6237623762376238
down,GO:BP,GO:0009058,biosynthetic process,2556,12,4,5622,0.8726773151147462,0.8943139427622193,False,"LGMN, SOX6, ELOVL7, SCAI","ENSG00000100600, ENSG00000110693, ENSG00000164181, ENSG00000173611",0.6237623762376238
down,GO:BP,GO:0071840,cellular component organization or biogenesis,2565,12,4,5622,0.874991841756113,0.8948370175485195,False,"LGMN, ADGRB3, SH3GL3, CNTN4","ENSG00000100600, ENSG00000135298, ENSG00000140600, ENSG00000144619",0.6237623762376238
down,KEGG,KEGG:00000,KEGG root term,2716,12,4,5622,0.9094764536926676,0.9094764536926676,False,"LGMN, SSTR1, SH3GL3, ELOVL7","ENSG00000100600, ENSG00000139874, ENSG00000140600, ENSG00000164181",0.6237623762376238
down,GO:CC,GO:0005737,cytoplasm,4385,12,8,5622,0.8980468793275049,0.9161892405260404,False,"IBTK, CPNE3, LGMN, SOX6, SH3GL3, USP12, ELOVL7, SCAI","ENSG00000005700, ENSG00000085719, ENSG00000100600, ENSG00000110693, ENSG00000140600, ENSG00000152484, ENSG00000164181, ENSG00000173611",0.6237623762376238
down,GO:BP,GO:0009059,macromolecule biosynthetic process,2177,12,3,5622,0.9023169969510059,0.919559995425759,False,"LGMN, SOX6, SCAI","ENSG00000100600, ENSG00000110693, ENSG00000173611",0.6237623762376238
down,GO:BP,GO:0090304,nucleic acid metabolic process,1628,12,2,5622,0.9028744309926302,0.919559995425759,False,"SOX6, SCAI","ENSG00000110693, ENSG00000173611",0.6237623762376238
down,GO:BP,GO:0006810,transport,1671,12,2,5622,0.9120563200334773,0.9270080629848457,False,"IBTK, SH3GL3","ENSG00000005700, ENSG00000140600",0.6237623762376238
down,GO:BP,GO:0035556,intracellular signal transduction,1042,12,1,5622,0.914781492259935,0.9278765238464779,False,SCAI,ENSG00000173611,0.6237623762376238
down,GO:BP,GO:0008152,metabolic process,3677,12,6,5622,0.920273963129006,0.931542623902014,False,"IBTK, LGMN, SOX6, USP12, ELOVL7, SCAI","ENSG00000005700, ENSG00000100600, ENSG00000110693, ENSG00000152484, ENSG00000164181, ENSG00000173611",0.6237623762376238
down,GO:BP,GO:0051234,establishment of localization,1757,12,2,5622,0.9282648196379809,0.935811688090322,False,"IBTK, SH3GL3","ENSG00000005700, ENSG00000140600",0.6237623762376238
down,GO:BP,GO:0009056,catabolic process,1099,12,1,5622,0.9266857765332697,0.935811688090322,False,LGMN,ENSG00000100600,0.6237623762376238
down,GO:BP,GO:0006950,response to stress,1222,12,1,5622,0.9473590348258725,0.9531238971067602,False,SSTR1,ENSG00000139874,0.6237623762376238
down,GO:BP,GO:0022607,cellular component assembly,1241,12,1,5622,0.9500261899272121,0.9538724498054598,False,ADGRB3,ENSG00000135298,0.6237623762376238
down,GO:BP,GO:0051179,localization,2022,12,2,5622,0.9633587907009784,0.9633587907009784,False,"IBTK, SH3GL3","ENSG00000005700, ENSG00000140600",0.6237623762376238
down,GO:BP,GO:0044085,cellular component biogenesis,1351,12,1,5622,0.9631829086938914,0.9633587907009784,False,ADGRB3,ENSG00000135298,0.6237623762376238
down,GO:CC,GO:0005829,cytosol,2331,12,2,5622,0.984702143620751,0.984702143620751,False,"CPNE3, USP12","ENSG00000085719, ENSG00000152484",0.6237623762376238
down,GO:CC,GO:0005622,intracellular anatomical structure,5071,12,9,5622,0.9761646005435869,0.984702143620751,False,"IBTK, CPNE3, LGMN, SOX6, SH3GL3, USP12, ELOVL7, SCAI, C11orf54","ENSG00000005700, ENSG00000085719, ENSG00000100600, ENSG00000110693, ENSG00000140600, ENSG00000152484, ENSG00000164181, ENSG00000173611, ENSG00000182919",0.6237623762376238
up,GO:MF,GO:0099534,calcium ion binding involved in regulation of presynaptic cytosolic calcium ion concentration,2,18,2,5622,9.68315759035193e-06,0.001500889426504549,True,"CALB1, CALB2","ENSG00000104327, ENSG00000172137",0.009900990099009901
up,GO:CC,GO:0060076,excitatory synapse,43,18,3,5622,0.00031400073102096494,0.05777613450785762,False,"PLXNC1, PPFIA4, CALB2","ENSG00000136040, ENSG00000143847, ENSG00000172137",0.40594059405940597
up,GO:MF,GO:0003712,transcription coregulator activity,241,18,5,5622,0.000751718789123785,0.05825820615709331,False,"FUS, ZMYND8, BCL11A, DNAJB1, TRRAP","ENSG00000089280, ENSG00000101040, ENSG00000119866, ENSG00000132002, ENSG00000196367",0.40594059405940597
up,GO:CC,GO:0099524,postsynaptic cytosol,18,18,2,5622,0.0014372019432960504,0.06611128939161834,False,"FUS, CALB1","ENSG00000089280, ENSG00000104327",0.40594059405940597
up,GO:CC,GO:0099523,presynaptic cytosol,18,18,2,5622,0.0014372019432960504,0.06611128939161834,False,"FUS, CALB1","ENSG00000089280, ENSG00000104327",0.40594059405940597
up,GO:CC,GO:0098688,parallel fiber to Purkinje cell synapse,17,18,2,5622,0.0012799382853073294,0.06611128939161834,False,"PPFIA4, CALB2","ENSG00000143847, ENSG00000172137",0.40594059405940597
up,GO:CC,GO:0043195,terminal bouton,21,18,2,5622,0.0019614395280341188,0.07218097463165557,False,"CALB1, CALB2","ENSG00000104327, ENSG00000172137",0.40594059405940597
up,GO:CC,GO:0098978,glutamatergic synapse,311,18,5,5622,0.002364214410354343,0.07250257525086662,False,"FUS, CALB1, DNAJB1, PLXNC1, PPFIA4","ENSG00000089280, ENSG00000104327, ENSG00000132002, ENSG00000136040, ENSG00000143847",0.40594059405940597
up,GO:CC,GO:0061827,sperm head,1,18,1,5622,0.0032017075773746,0.07363927427961559,False,DNAJB1,ENSG00000132002,0.40594059405940597
up,GO:CC,GO:0097342,ripoptosome,1,18,1,5622,0.0032017075773746,0.07363927427961559,False,CFLAR,ENSG00000003402,0.40594059405940597
up,GO:MF,GO:0032093,SAM domain binding,1,18,1,5622,0.0032017075773746,0.09925293489861231,False,L3MBTL1,ENSG00000185513,0.40594059405940597
up,GO:MF,GO:0099567,calcium ion binding involved in regulation of postsynaptic cytosolic calcium ion concentration,1,18,1,5622,0.0032017075773746,0.09925293489861231,False,CALB1,ENSG00000104327,0.40594059405940597
up,GO:MF,GO:0005499,vitamin D binding,1,18,1,5622,0.0032017075773746,0.09925293489861231,False,CALB1,ENSG00000104327,0.40594059405940597
up,GO:CC,GO:0031264,death-inducing signaling complex,2,18,1,5622,0.006393731997158847,0.10204588245069497,False,CFLAR,ENSG00000003402,0.40594059405940597
up,GO:CC,GO:0035363,histone locus body,2,18,1,5622,0.006393731997158847,0.10204588245069497,False,ICE1,ENSG00000164151,0.40594059405940597
up,GO:CC,GO:0000785,chromatin,395,18,5,5622,0.006655166246784459,0.10204588245069497,False,"ZMYND8, BCL11A, ICE1, L3MBTL1, TRRAP","ENSG00000101040, ENSG00000119866, ENSG00000164151, ENSG00000185513, ENSG00000196367",0.40594059405940597
up,GO:CC,GO:0031265,CD95 death-inducing signaling complex,2,18,1,5622,0.006393731997158847,0.10204588245069497,False,CFLAR,ENSG00000003402,0.40594059405940597
up,GO:BP,GO:0072109,glomerular mesangium development,1,18,1,5622,0.0032017075773746,0.1032230522945568,False,CFLAR,ENSG00000003402,0.40594059405940597
up,GO:BP,GO:1905168,positive regulation of double-strand break repair via homologous recombination,19,18,2,5622,0.0016032409886747449,0.1032230522945568,False,"FUS, TRRAP","ENSG00000089280, ENSG00000196367",0.40594059405940597
up,GO:BP,GO:0072110,glomerular mesangial cell proliferation,1,18,1,5622,0.0032017075773746,0.1032230522945568,False,CFLAR,ENSG00000003402,0.40594059405940597
up,GO:BP,GO:0072027,connecting tubule development,1,18,1,5622,0.0032017075773746,0.1032230522945568,False,CALB1,ENSG00000104327,0.40594059405940597
up,GO:BP,GO:0072025,distal convoluted tubule development,1,18,1,5622,0.0032017075773746,0.1032230522945568,False,CALB1,ENSG00000104327,0.40594059405940597
up,GO:BP,GO:0045911,positive regulation of DNA recombination,26,18,2,5622,0.0030069269826194745,0.1032230522945568,False,"FUS, TRRAP","ENSG00000089280, ENSG00000196367",0.40594059405940597
up,GO:BP,GO:0001980,regulation of systemic arterial blood pressure by ischemic conditions,1,18,1,5622,0.0032017075773746,0.1032230522945568,False,MANF,ENSG00000145050,0.40594059405940597
up,GO:BP,GO:0002014,vasoconstriction of artery involved in ischemic response to lowering of systemic arterial blood pressure,1,18,1,5622,0.0032017075773746,0.1032230522945568,False,MANF,ENSG00000145050,0.40594059405940597
up,GO:BP,GO:0051480,regulation of cytosolic calcium ion concentration,19,18,2,5622,0.0016032409886747449,0.1032230522945568,False,"CALB1, CALB2","ENSG00000104327, ENSG00000172137",0.40594059405940597
up,GO:BP,GO:0000725,recombinational repair,60,18,3,5622,0.0008415105479030736,0.1032230522945568,False,"FUS, ZMYND8, TRRAP","ENSG00000089280, ENSG00000101040, ENSG00000196367",0.40594059405940597
up,GO:BP,GO:1903845,negative regulation of cellular response to transforming growth factor beta stimulus,1,18,1,5622,0.0032017075773746,0.1032230522945568,False,CFLAR,ENSG00000003402,0.40594059405940597
up,GO:BP,GO:0006310,DNA recombination,86,18,3,5622,0.002388843541438876,0.1032230522945568,False,"FUS, ZMYND8, TRRAP","ENSG00000089280, ENSG00000101040, ENSG00000196367",0.40594059405940597
up,GO:BP,GO:0014732,skeletal muscle atrophy,1,18,1,5622,0.0032017075773746,0.1032230522945568,False,CFLAR,ENSG00000003402,0.40594059405940597
up,GO:BP,GO:0031346,positive regulation of cell projection organization,177,18,4,5622,0.0020557187144444444,0.1032230522945568,False,"CFLAR, ZMYND8, BCL11A, PLXNC1","ENSG00000003402, ENSG00000101040, ENSG00000119866, ENSG00000136040",0.40594059405940597
up,GO:BP,GO:0034242,negative regulation of syncytium formation by plasma membrane fusion,1,18,1,5622,0.0032017075773746,0.1032230522945568,False,CFLAR,ENSG00000003402,0.40594059405940597
up,GO:BP,GO:0072286,metanephric connecting tubule development,1,18,1,5622,0.0032017075773746,0.1032230522945568,False,CALB1,ENSG00000104327,0.40594059405940597
up,GO:BP,GO:1901740,negative regulation of myoblast fusion,1,18,1,5622,0.0032017075773746,0.1032230522945568,False,CFLAR,ENSG00000003402,0.40594059405940597
up,GO:BP,GO:1901724,positive regulation of cell proliferation involved in kidney development,1,18,1,5622,0.0032017075773746,0.1032230522945568,False,CFLAR,ENSG00000003402,0.40594059405940597
up,GO:BP,GO:0072126,positive regulation of glomerular mesangial cell proliferation,1,18,1,5622,0.0032017075773746,0.1032230522945568,False,CFLAR,ENSG00000003402,0.40594059405940597
up,GO:BP,GO:0099509,regulation of presynaptic cytosolic calcium ion concentration,7,18,2,5622,0.00020142428161710622,0.1032230522945568,False,"CALB1, CALB2","ENSG00000104327, ENSG00000172137",0.40594059405940597
up,GO:BP,GO:0072124,regulation of glomerular mesangial cell proliferation,1,18,1,5622,0.0032017075773746,0.1032230522945568,False,CFLAR,ENSG00000003402,0.40594059405940597
up,GO:BP,GO:0072221,metanephric distal convoluted tubule development,1,18,1,5622,0.0032017075773746,0.1032230522945568,False,CALB1,ENSG00000104327,0.40594059405940597
up,GO:BP,GO:0072235,metanephric distal tubule development,1,18,1,5622,0.0032017075773746,0.1032230522945568,False,CALB1,ENSG00000104327,0.40594059405940597
up,GO:BP,GO:1902952,positive regulation of dendritic spine maintenance,1,18,1,5622,0.0032017075773746,0.1032230522945568,False,ZMYND8,ENSG00000101040,0.40594059405940597
up,GO:BP,GO:0000724,double-strand break repair via homologous recombination,59,18,3,5622,0.0008010392948967739,0.1032230522945568,False,"FUS, ZMYND8, TRRAP","ENSG00000089280, ENSG00000101040, ENSG00000196367",0.40594059405940597
up,GO:CC,GO:0036477,somatodendritic compartment,404,18,5,5622,0.007319922812368042,0.10360506134428621,False,"ZMYND8, CALB1, DNAJB1, CACNA1A, CALB2","ENSG00000101040, ENSG00000104327, ENSG00000132002, ENSG00000141837, ENSG00000172137",0.40594059405940597
up,GO:CC,GO:0097447,dendritic tree,304,18,4,5622,0.014035021029787645,0.10854575037536575,False,"ZMYND8, CALB1, DNAJB1, CALB2","ENSG00000101040, ENSG00000104327, ENSG00000132002, ENSG00000172137",0.40594059405940597
up,GO:CC,GO:0070603,SWI/SNF superfamily-type complex,50,18,2,5622,0.010830537794125721,0.10854575037536575,False,"BCL11A, TRRAP","ENSG00000119866, ENSG00000196367",0.40594059405940597
up,GO:CC,GO:0044306,neuron projection terminus,64,18,2,5622,0.01735892290647651,0.10854575037536575,False,"CALB1, CALB2","ENSG00000104327, ENSG00000172137",0.40594059405940597
up,GO:CC,GO:0030425,dendrite,304,18,4,5622,0.014035021029787645,0.10854575037536575,False,"ZMYND8, CALB1, DNAJB1, CALB2","ENSG00000101040, ENSG00000104327, ENSG00000132002, ENSG00000172137",0.40594059405940597
up,GO:CC,GO:0030054,cell junction,1056,18,8,5622,0.011060458735425703,0.10854575037536575,False,"FUS, ZMYND8, CALB1, PRKAR2A, DNAJB1, PLXNC1, PPFIA4, CALB2","ENSG00000089280, ENSG00000101040, ENSG00000104327, ENSG00000114302, ENSG00000132002, ENSG00000136040, ENSG00000143847, ENSG00000172137",0.40594059405940597
up,GO:CC,GO:0033018,sarcoplasmic reticulum lumen,5,18,1,5622,0.01591198162027535,0.10854575037536575,False,MANF,ENSG00000145050,0.40594059405940597
up,GO:CC,GO:0005921,gap junction,5,18,1,5622,0.01591198162027535,0.10854575037536575,False,CALB2,ENSG00000172137,0.40594059405940597
up,GO:CC,GO:0002116,semaphorin receptor complex,6,18,1,5622,0.019065548351775274,0.10854575037536575,False,PLXNC1,ENSG00000136040,0.40594059405940597
up,GO:CC,GO:0090741,pigment granule membrane,6,18,1,5622,0.019065548351775274,0.10854575037536575,False,GPNMB,ENSG00000136235,0.40594059405940597
up,GO:CC,GO:0045009,chitosome,6,18,1,5622,0.019065548351775274,0.10854575037536575,False,GPNMB,ENSG00000136235,0.40594059405940597
up,GO:CC,GO:0045202,synapse,833,18,7,5622,0.010934806331165647,0.10854575037536575,False,"FUS, ZMYND8, CALB1, DNAJB1, PLXNC1, PPFIA4, CALB2","ENSG00000089280, ENSG00000101040, ENSG00000104327, ENSG00000132002, ENSG00000136040, ENSG00000143847, ENSG00000172137",0.40594059405940597
up,GO:CC,GO:0098982,GABA-ergic synapse,60,18,2,5622,0.01535621143751149,0.10854575037536575,False,"FUS, CALB1","ENSG00000089280, ENSG00000104327",0.40594059405940597
up,GO:CC,GO:0061793,chromatin lock complex,3,18,1,5622,0.009576100827061186,0.10854575037536575,False,L3MBTL1,ENSG00000185513,0.40594059405940597
up,GO:CC,GO:0150053,cerebellar climbing fiber to Purkinje cell synapse,4,18,1,5622,0.012748841561197667,0.10854575037536575,False,PLXNC1,ENSG00000136040,0.40594059405940597
up,GO:CC,GO:0005952,cAMP-dependent protein kinase complex,6,18,1,5622,0.019065548351775274,0.10854575037536575,False,PRKAR2A,ENSG00000114302,0.40594059405940597
up,GO:CC,GO:0032437,cuticular plate,3,18,1,5622,0.009576100827061186,0.10854575037536575,False,CALB1,ENSG00000104327,0.40594059405940597
up,GO:CC,GO:0033162,melanosome membrane,6,18,1,5622,0.019065548351775274,0.10854575037536575,False,GPNMB,ENSG00000136235,0.40594059405940597
up,GO:CC,GO:0043679,axon terminus,53,18,2,5622,0.012114380745767504,0.10854575037536575,False,"CALB1, CALB2","ENSG00000104327, ENSG00000172137",0.40594059405940597
up,GO:CC,GO:0098793,presynapse,327,18,4,5622,0.01795729423652673,0.10854575037536575,False,"FUS, CALB1, PPFIA4, CALB2","ENSG00000089280, ENSG00000104327, ENSG00000143847, ENSG00000172137",0.40594059405940597
up,GO:CC,GO:1904949,ATPase complex,68,18,2,5622,0.019467444360799297,0.10854575037536575,False,"BCL11A, TRRAP","ENSG00000119866, ENSG00000196367",0.40594059405940597
up,GO:BP,GO:0010569,regulation of double-strand break repair via homologous recombination,30,18,2,5622,0.003994270868963263,0.11923638223645877,False,"FUS, TRRAP","ENSG00000089280, ENSG00000196367",0.40594059405940597
up,GO:BP,GO:0006302,double-strand break repair,103,18,3,5622,0.003989778221529848,0.11923638223645877,False,"FUS, ZMYND8, TRRAP","ENSG00000089280, ENSG00000101040, ENSG00000196367",0.40594059405940597
up,GO:MF,GO:0030674,protein-macromolecule adaptor activity,528,18,6,5622,0.004629949459240682,0.11960702769705098,False,"FUS, ZMYND8, BCL11A, DNAJB1, ICE1, TRRAP","ENSG00000089280, ENSG00000101040, ENSG00000119866, ENSG00000132002, ENSG00000164151, ENSG00000196367",0.40594059405940597
up,GO:BP,GO:0072006,nephron development,37,18,2,5622,0.006034847112641444,0.1226987616597524,False,"CFLAR, CALB1","ENSG00000003402, ENSG00000104327",0.40594059405940597
up,GO:BP,GO:1905806,regulation of synapse pruning,2,18,1,5622,0.006393731997158847,0.1226987616597524,False,PLXNC1,ENSG00000136040,0.40594059405940597
up,GO:BP,GO:0032463,negative regulation of protein homooligomerization,2,18,1,5622,0.006393731997158847,0.1226987616597524,False,BCL11A,ENSG00000119866,0.40594059405940597
up,GO:BP,GO:0035502,metanephric part of ureteric bud development,2,18,1,5622,0.006393731997158847,0.1226987616597524,False,CALB1,ENSG00000104327,0.40594059405940597
up,GO:BP,GO:0014891,striated muscle atrophy,2,18,1,5622,0.006393731997158847,0.1226987616597524,False,CFLAR,ENSG00000003402,0.40594059405940597
up,GO:BP,GO:0032460,negative regulation of protein oligomerization,2,18,1,5622,0.006393731997158847,0.1226987616597524,False,BCL11A,ENSG00000119866,0.40594059405940597
up,GO:BP,GO:0072205,metanephric collecting duct development,2,18,1,5622,0.006393731997158847,0.1226987616597524,False,CALB1,ENSG00000104327,0.40594059405940597
up,GO:BP,GO:0080135,regulation of cellular response to stress,221,18,4,5622,0.0046029109694478,0.1226987616597524,False,"FUS, DNAJB1, MANF, TRRAP","ENSG00000089280, ENSG00000132002, ENSG00000145050, ENSG00000196367",0.40594059405940597
up,GO:BP,GO:0061440,kidney vasculature development,2,18,1,5622,0.006393731997158847,0.1226987616597524,False,CFLAR,ENSG00000003402,0.40594059405940597
up,GO:BP,GO:0070050,neuron cellular homeostasis,38,18,2,5622,0.006358071658572761,0.1226987616597524,False,"CALB1, CALB2","ENSG00000104327, ENSG00000172137",0.40594059405940597
up,GO:BP,GO:0072044,collecting duct development,2,18,1,5622,0.006393731997158847,0.1226987616597524,False,CALB1,ENSG00000104327,0.40594059405940597
up,GO:BP,GO:2000347,positive regulation of hepatocyte proliferation,2,18,1,5622,0.006393731997158847,0.1226987616597524,False,CFLAR,ENSG00000003402,0.40594059405940597
up,GO:BP,GO:0072017,distal tubule development,2,18,1,5622,0.006393731997158847,0.1226987616597524,False,CALB1,ENSG00000104327,0.40594059405940597
up,GO:BP,GO:0072012,glomerulus vasculature development,2,18,1,5622,0.006393731997158847,0.1226987616597524,False,CFLAR,ENSG00000003402,0.40594059405940597
up,GO:BP,GO:0061437,renal system vasculature development,2,18,1,5622,0.006393731997158847,0.1226987616597524,False,CFLAR,ENSG00000003402,0.40594059405940597
up,GO:BP,GO:0009890,negative regulation of biosynthetic process,763,18,7,5622,0.006741634229809188,0.12636644626107452,False,"CFLAR, FUS, ZMYND8, BCL11A, DNAJB1, GPNMB, L3MBTL1","ENSG00000003402, ENSG00000089280, ENSG00000101040, ENSG00000119866, ENSG00000132002, ENSG00000136235, ENSG00000185513",0.40594059405940597
up,GO:CC,GO:0042382,paraspeckles,8,18,1,5622,0.025344070856930617,0.12953636215764516,False,BCL11A,ENSG00000119866,0.40594059405940597
up,GO:CC,GO:0000812,Swr1 complex,8,18,1,5622,0.025344070856930617,0.12953636215764516,False,TRRAP,ENSG00000196367,0.40594059405940597
up,GO:CC,GO:0031588,nucleotide-activated protein kinase complex,8,18,1,5622,0.025344070856930617,0.12953636215764516,False,PRKAR2A,ENSG00000114302,0.40594059405940597
up,GO:BP,GO:0000018,regulation of DNA recombination,41,18,2,5622,0.007374263471648219,0.13508309904882873,False,"FUS, TRRAP","ENSG00000089280, ENSG00000196367",0.40594059405940597
up,GO:CC,GO:0005677,chromatin silencing complex,9,18,1,5622,0.028469080961058737,0.13785028675880953,False,L3MBTL1,ENSG00000185513,0.40594059405940597
up,GO:CC,GO:0033276,transcription factor TFTC complex,9,18,1,5622,0.028469080961058737,0.13785028675880953,False,TRRAP,ENSG00000196367,0.40594059405940597
up,GO:BP,GO:2000781,positive regulation of double-strand break repair,42,18,2,5622,0.007728342653528254,0.1384232039720839,False,"FUS, TRRAP","ENSG00000089280, ENSG00000196367",0.40594059405940597
up,GO:CC,GO:0097346,INO80-type complex,11,18,1,5622,0.03469073415458734,0.14054150935963858,False,TRRAP,ENSG00000196367,0.40594059405940597
up,GO:CC,GO:0098984,neuron to neuron synapse,223,18,3,5622,0.03234569696833353,0.14054150935963858,False,"CALB1, DNAJB1, PLXNC1","ENSG00000104327, ENSG00000132002, ENSG00000136040",0.40594059405940597
up,GO:CC,GO:0043025,neuronal cell body,223,18,3,5622,0.03234569696833353,0.14054150935963858,False,"CALB1, DNAJB1, CACNA1A","ENSG00000104327, ENSG00000132002, ENSG00000141837",0.40594059405940597
up,GO:CC,GO:0098794,postsynapse,404,18,4,5622,0.03589918989077723,0.14054150935963858,False,"FUS, ZMYND8, CALB1, DNAJB1","ENSG00000089280, ENSG00000101040, ENSG00000104327, ENSG00000132002",0.40594059405940597
up,GO:CC,GO:0044309,neuron spine,94,18,2,5622,0.035569177599517686,0.14054150935963858,False,"ZMYND8, DNAJB1","ENSG00000101040, ENSG00000132002",0.40594059405940597
up,GO:CC,GO:0098985,"asymmetric, glutamatergic, excitatory synapse",10,18,1,5622,0.031584626398917445,0.14054150935963858,False,PLXNC1,ENSG00000136040,0.40594059405940597
up,GO:CC,GO:0140168,nuclear ribonucleoprotein granule,225,18,3,5622,0.03309503665461047,0.14054150935963858,False,"BCL11A, ICE1, RBM4B","ENSG00000119866, ENSG00000164151, ENSG00000173914",0.40594059405940597
up,GO:CC,GO:0043197,dendritic spine,92,18,2,5622,0.03419206971168946,0.14054150935963858,False,"ZMYND8, DNAJB1","ENSG00000101040, ENSG00000132002",0.40594059405940597
up,GO:CC,GO:0005694,chromosome,592,18,5,5622,0.03411910025697439,0.14054150935963858,False,"ZMYND8, BCL11A, ICE1, L3MBTL1, TRRAP","ENSG00000101040, ENSG00000119866, ENSG00000164151, ENSG00000185513, ENSG00000196367",0.40594059405940597
up,GO:MF,GO:0045545,syndecan binding,2,18,1,5622,0.006393731997158847,0.14157549422279123,False,GPNMB,ENSG00000136235,0.40594059405940597
up,GO:BP,GO:0050772,positive regulation of axonogenesis,43,18,2,5622,0.008090017869260313,0.14175118266573516,False,"BCL11A, PLXNC1","ENSG00000119866, ENSG00000136040",0.40594059405940597
up,GO:CC,GO:0043189,H4/H2A histone acetyltransferase complex,13,18,1,5622,0.04087474419517764,0.14190477230023946,False,TRRAP,ENSG00000196367,0.40594059405940597
up,GO:CC,GO:0097546,ciliary base,13,18,1,5622,0.04087474419517764,0.14190477230023946,False,PRKAR2A,ENSG00000114302,0.40594059405940597
up,GO:CC,GO:0035267,NuA4 histone acetyltransferase complex,13,18,1,5622,0.04087474419517764,0.14190477230023946,False,TRRAP,ENSG00000196367,0.40594059405940597
up,GO:CC,GO:0044305,calyx of Held,12,18,1,5622,0.037787431140011936,0.14190477230023946,False,CALB1,ENSG00000104327,0.40594059405940597
up,GO:CC,GO:0000124,SAGA complex,13,18,1,5622,0.04087474419517764,0.14190477230023946,False,TRRAP,ENSG00000196367,0.40594059405940597
up,GO:CC,GO:0032420,stereocilium,13,18,1,5622,0.04087474419517764,0.14190477230023946,False,CALB1,ENSG00000104327,0.40594059405940597
up,WP,WP:WP536,Calcium regulation in cardiac cells,74,18,2,5622,0.02282270902323964,0.1448232620396033,False,"PRKAR2A, CACNA1A","ENSG00000114302, ENSG00000141837",0.40594059405940597
up,WP,WP:WP2507,Nanomaterial induced apoptosis,2,18,1,5622,0.006393731997158847,0.1448232620396033,False,CFLAR,ENSG00000003402,0.40594059405940597
up,WP,WP:WP3617,Photodynamic therapy induced NF kB survival signaling,5,18,1,5622,0.01591198162027535,0.1448232620396033,False,CFLAR,ENSG00000003402,0.40594059405940597
up,WP,WP:WP5606,Beta globin gene expression regulation,5,18,1,5622,0.01591198162027535,0.1448232620396033,False,BCL11A,ENSG00000119866,0.40594059405940597
up,WP,WP:WP1584,Type II diabetes mellitus,8,18,1,5622,0.025344070856930617,0.1448232620396033,False,CACNA1A,ENSG00000141837,0.40594059405940597
up,WP,WP:WP5514,DNAJB1 PRKACA fusion in fibrolamellar liver cancer,7,18,1,5622,0.022209569030134973,0.1448232620396033,False,DNAJB1,ENSG00000132002,0.40594059405940597
up,WP,WP:WP5440,EPAC1 and PKA reduction of retinal inflammation,5,18,1,5622,0.01591198162027535,0.1448232620396033,False,PRKAR2A,ENSG00000114302,0.40594059405940597
up,GO:BP,GO:0014866,skeletal myofibril assembly,3,18,1,5622,0.009576100827061186,0.1484295628194482,False,CFLAR,ENSG00000003402,0.40594059405940597
up,GO:BP,GO:0014857,regulation of skeletal muscle cell proliferation,3,18,1,5622,0.009576100827061186,0.1484295628194482,False,CFLAR,ENSG00000003402,0.40594059405940597
up,GO:BP,GO:0014842,regulation of skeletal muscle satellite cell proliferation,3,18,1,5622,0.009576100827061186,0.1484295628194482,False,CFLAR,ENSG00000003402,0.40594059405940597
up,GO:BP,GO:0003084,positive regulation of systemic arterial blood pressure,3,18,1,5622,0.009576100827061186,0.1484295628194482,False,MANF,ENSG00000145050,0.40594059405940597
up,GO:BP,GO:0032462,regulation of protein homooligomerization,3,18,1,5622,0.009576100827061186,0.1484295628194482,False,BCL11A,ENSG00000119866,0.40594059405940597
up,GO:BP,GO:0070374,positive regulation of ERK1 and ERK2 cascade,45,18,2,5622,0.008835969942679267,0.1484295628194482,False,"CFLAR, GPNMB","ENSG00000003402, ENSG00000136235",0.40594059405940597
up,GO:CC,GO:0044297,cell body,253,18,3,5622,0.04455379264731413,0.14905268812919628,False,"CALB1, DNAJB1, CACNA1A","ENSG00000104327, ENSG00000132002, ENSG00000141837",0.40594059405940597
up,GO:CC,GO:0032421,stereocilium bundle,14,18,1,5622,0.043952700088293495,0.14905268812919628,False,CALB1,ENSG00000104327,0.40594059405940597
up,GO:BP,GO:0001976,nervous system process involved in regulation of systemic arterial blood pressure,4,18,1,5622,0.012748841561197667,0.15111126909301598,False,MANF,ENSG00000145050,0.40594059405940597
up,GO:BP,GO:0032459,regulation of protein oligomerization,4,18,1,5622,0.012748841561197667,0.15111126909301598,False,BCL11A,ENSG00000119866,0.40594059405940597
up,GO:BP,GO:0014889,muscle atrophy,4,18,1,5622,0.012748841561197667,0.15111126909301598,False,CFLAR,ENSG00000003402,0.40594059405940597
up,GO:BP,GO:0051130,positive regulation of cellular component organization,457,18,5,5622,0.012225452993448058,0.15111126909301598,False,"CFLAR, ZMYND8, BCL11A, PLXNC1, ICE1","ENSG00000003402, ENSG00000101040, ENSG00000119866, ENSG00000136040, ENSG00000164151",0.40594059405940597
up,GO:BP,GO:2000779,regulation of double-strand break repair,54,18,2,5622,0.012556574579995117,0.15111126909301598,False,"FUS, TRRAP","ENSG00000089280, ENSG00000196367",0.40594059405940597
up,GO:BP,GO:0045739,positive regulation of DNA repair,50,18,2,5622,0.010830537794125721,0.15111126909301598,False,"FUS, TRRAP","ENSG00000089280, ENSG00000196367",0.40594059405940597
up,GO:BP,GO:0042796,snRNA transcription by RNA polymerase III,4,18,1,5622,0.012748841561197667,0.15111126909301598,False,ICE1,ENSG00000164151,0.40594059405940597
up,GO:BP,GO:0072170,metanephric tubule development,4,18,1,5622,0.012748841561197667,0.15111126909301598,False,CALB1,ENSG00000104327,0.40594059405940597
up,GO:BP,GO:1902897,regulation of postsynaptic density protein 95 clustering,4,18,1,5622,0.012748841561197667,0.15111126909301598,False,ZMYND8,ENSG00000101040,0.40594059405940597
up,GO:BP,GO:0072207,metanephric epithelium development,4,18,1,5622,0.012748841561197667,0.15111126909301598,False,CALB1,ENSG00000104327,0.40594059405940597
up,GO:BP,GO:0098883,synapse pruning,4,18,1,5622,0.012748841561197667,0.15111126909301598,False,PLXNC1,ENSG00000136040,0.40594059405940597
up,GO:BP,GO:0072234,metanephric nephron tubule development,4,18,1,5622,0.012748841561197667,0.15111126909301598,False,CALB1,ENSG00000104327,0.40594059405940597
up,GO:BP,GO:0072111,cell proliferation involved in kidney development,4,18,1,5622,0.012748841561197667,0.15111126909301598,False,CFLAR,ENSG00000003402,0.40594059405940597
up,GO:BP,GO:2000345,regulation of hepatocyte proliferation,4,18,1,5622,0.012748841561197667,0.15111126909301598,False,CFLAR,ENSG00000003402,0.40594059405940597
up,GO:BP,GO:2000171,negative regulation of dendrite development,4,18,1,5622,0.012748841561197667,0.15111126909301598,False,BCL11A,ENSG00000119866,0.40594059405940597
up,GO:BP,GO:0072243,metanephric nephron epithelium development,4,18,1,5622,0.012748841561197667,0.15111126909301598,False,CALB1,ENSG00000104327,0.40594059405940597
up,GO:MF,GO:0008270,zinc ion binding,643,18,6,5622,0.012119837191576851,0.15414732194641262,False,"FUS, ZMYND8, CALB1, BCL11A, RBM4B, L3MBTL1","ENSG00000089280, ENSG00000101040, ENSG00000104327, ENSG00000119866, ENSG00000173914, ENSG00000185513",0.40594059405940597
up,GO:MF,GO:0008331,high voltage-gated calcium channel activity,5,18,1,5622,0.01591198162027535,0.15414732194641262,False,CACNA1A,ENSG00000141837,0.40594059405940597
up,GO:MF,GO:0030545,signaling receptor regulator activity,60,18,2,5622,0.01535621143751149,0.15414732194641262,False,"GPNMB, MANF","ENSG00000136235, ENSG00000145050",0.40594059405940597
up,GO:MF,GO:0030546,signaling receptor activator activity,56,18,2,5622,0.01346206375056004,0.15414732194641262,False,"GPNMB, MANF","ENSG00000136235, ENSG00000145050",0.40594059405940597
up,GO:MF,GO:0048018,receptor ligand activity,55,18,2,5622,0.013005817047234162,0.15414732194641262,False,"GPNMB, MANF","ENSG00000136235, ENSG00000145050",0.40594059405940597
up,GO:MF,GO:0017154,semaphorin receptor activity,5,18,1,5622,0.01591198162027535,0.15414732194641262,False,PLXNC1,ENSG00000136040,0.40594059405940597
up,GO:MF,GO:0140110,transcription regulator activity,475,18,5,5622,0.014314918274240057,0.15414732194641262,False,"FUS, ZMYND8, BCL11A, DNAJB1, TRRAP","ENSG00000089280, ENSG00000101040, ENSG00000119866, ENSG00000132002, ENSG00000196367",0.40594059405940597
up,GO:MF,GO:0120146,sulfatide binding,3,18,1,5622,0.009576100827061186,0.15414732194641262,False,MANF,ENSG00000145050,0.40594059405940597
up,GO:MF,GO:0060090,molecular adaptor activity,590,18,6,5622,0.008009999215876421,0.15414732194641262,False,"FUS, ZMYND8, BCL11A, DNAJB1, ICE1, TRRAP","ENSG00000089280, ENSG00000101040, ENSG00000119866, ENSG00000132002, ENSG00000164151, ENSG00000196367",0.40594059405940597
up,GO:CC,GO:0005891,voltage-gated calcium channel complex,15,18,1,5622,0.0470213255159702,0.15449864098104552,False,CACNA1A,ENSG00000141837,0.40594059405940597
up,GO:BP,GO:1901739,regulation of myoblast fusion,5,18,1,5622,0.01591198162027535,0.15730402333209542,False,CFLAR,ENSG00000003402,0.40594059405940597
up,GO:BP,GO:0003338,metanephros morphogenesis,5,18,1,5622,0.01591198162027535,0.15730402333209542,False,CALB1,ENSG00000104327,0.40594059405940597
up,GO:BP,GO:0014856,skeletal muscle cell proliferation,5,18,1,5622,0.01591198162027535,0.15730402333209542,False,CFLAR,ENSG00000003402,0.40594059405940597
up,GO:BP,GO:0009889,regulation of biosynthetic process,1625,18,10,5622,0.015910487917586917,0.15730402333209542,False,"CFLAR, FUS, ZMYND8, BCL11A, DNAJB1, GPNMB, ICE1, RBM4B, L3MBTL1, TRRAP","ENSG00000003402, ENSG00000089280, ENSG00000101040, ENSG00000119866, ENSG00000132002, ENSG00000136235, ENSG00000164151, ENSG00000173914, ENSG00000185513, ENSG00000196367",0.40594059405940597
up,GO:BP,GO:0045777,positive regulation of blood pressure,5,18,1,5622,0.01591198162027535,0.15730402333209542,False,MANF,ENSG00000145050,0.40594059405940597
up,GO:BP,GO:0031344,regulation of cell projection organization,316,18,4,5622,0.016003635128079195,0.15730402333209542,False,"CFLAR, ZMYND8, BCL11A, PLXNC1","ENSG00000003402, ENSG00000101040, ENSG00000119866, ENSG00000136040",0.40594059405940597
up,GO:BP,GO:0071732,cellular response to nitric oxide,5,18,1,5622,0.01591198162027535,0.15730402333209542,False,CFLAR,ENSG00000003402,0.40594059405940597
up,GO:BP,GO:1903944,negative regulation of hepatocyte apoptotic process,5,18,1,5622,0.01591198162027535,0.15730402333209542,False,CFLAR,ENSG00000003402,0.40594059405940597
up,GO:BP,GO:0072574,hepatocyte proliferation,5,18,1,5622,0.01591198162027535,0.15730402333209542,False,CFLAR,ENSG00000003402,0.40594059405940597
up,GO:BP,GO:0031175,neuron projection development,480,18,5,5622,0.014936562542114614,0.15730402333209542,False,"CFLAR, ZMYND8, BCL11A, PLXNC1, MANF","ENSG00000003402, ENSG00000101040, ENSG00000119866, ENSG00000136040, ENSG00000145050",0.40594059405940597
up,GO:BP,GO:0051253,negative regulation of RNA metabolic process,473,18,5,5622,0.014071358155720153,0.15730402333209542,False,"FUS, ZMYND8, BCL11A, DNAJB1, L3MBTL1","ENSG00000089280, ENSG00000101040, ENSG00000119866, ENSG00000132002, ENSG00000185513",0.40594059405940597
up,GO:BP,GO:0007614,short-term memory,5,18,1,5622,0.01591198162027535,0.15730402333209542,False,CALB1,ENSG00000104327,0.40594059405940597
up,GO:BP,GO:0014841,skeletal muscle satellite cell proliferation,5,18,1,5622,0.01591198162027535,0.15730402333209542,False,CFLAR,ENSG00000003402,0.40594059405940597
up,GO:BP,GO:0120035,regulation of plasma membrane bounded cell projection organization,309,18,4,5622,0.014834955773622812,0.15730402333209542,False,"CFLAR, ZMYND8, BCL11A, PLXNC1","ENSG00000003402, ENSG00000101040, ENSG00000119866, ENSG00000136040",0.40594059405940597
up,GO:MF,GO:0042056,chemoattractant activity,6,18,1,5622,0.019065548351775274,0.16250120852300512,False,GPNMB,ENSG00000136235,0.40594059405940597
up,GO:MF,GO:0140677,molecular function activator activity,334,18,4,5622,0.019276535106782868,0.16250120852300512,False,"CFLAR, DNAJB1, GPNMB, MANF","ENSG00000003402, ENSG00000132002, ENSG00000136235, ENSG00000145050",0.40594059405940597
up,GO:MF,GO:0046914,transition metal ion binding,715,18,6,5622,0.019919502980239357,0.16250120852300512,False,"FUS, ZMYND8, CALB1, BCL11A, RBM4B, L3MBTL1","ENSG00000089280, ENSG00000101040, ENSG00000104327, ENSG00000119866, ENSG00000173914, ENSG00000185513",0.40594059405940597
up,GO:MF,GO:0004602,glutathione peroxidase activity,8,18,1,5622,0.025344070856930617,0.16368045761767663,False,GSTK1,ENSG00000197448,0.40594059405940597
up,GO:MF,GO:0043394,proteoglycan binding,8,18,1,5622,0.025344070856930617,0.16368045761767663,False,GPNMB,ENSG00000136235,0.40594059405940597
up,GO:MF,GO:0004862,cAMP-dependent protein kinase inhibitor activity,8,18,1,5622,0.025344070856930617,0.16368045761767663,False,PRKAR2A,ENSG00000114302,0.40594059405940597
up,GO:MF,GO:0005123,death receptor binding,7,18,1,5622,0.022209569030134973,0.16368045761767663,False,CFLAR,ENSG00000003402,0.40594059405940597
up,GO:MF,GO:0008603,cAMP-dependent protein kinase regulator activity,8,18,1,5622,0.025344070856930617,0.16368045761767663,False,PRKAR2A,ENSG00000114302,0.40594059405940597
up,WP,WP:WP4312,Rett syndrome,24,18,1,5622,0.07422345314928505,0.1649410069984102,False,TRRAP,ENSG00000196367,0.40594059405940597
up,WP,WP:WP314,Fas ligand pathway and stress induction of heat shock proteins,18,18,1,5622,0.0561714849022492,0.1649410069984102,False,CFLAR,ENSG00000003402,0.40594059405940597
up,WP,WP:WP254,Apoptosis,22,18,1,5622,0.06824267803947169,0.1649410069984102,False,CFLAR,ENSG00000003402,0.40594059405940597
up,WP,WP:WP3995,Prion disease pathway,20,18,1,5622,0.06222542506475131,0.1649410069984102,False,BCL11A,ENSG00000119866,0.40594059405940597
up,WP,WP:WP3965,Lipid metabolism pathway,15,18,1,5622,0.0470213255159702,0.1649410069984102,False,PRKAR2A,ENSG00000114302,0.40594059405940597
up,WP,WP:WP3611,Photodynamic therapy induced AP 1 survival signaling,16,18,1,5622,0.05008064710339887,0.1649410069984102,False,CFLAR,ENSG00000003402,0.40594059405940597
up,WP,WP:WP4760,PKC gamma calcium signaling in ataxia,14,18,1,5622,0.043952700088293495,0.1649410069984102,False,CACNA1A,ENSG00000141837,0.40594059405940597
up,WP,WP:WP4754,IL18 signaling,22,18,1,5622,0.06824267803947169,0.1649410069984102,False,CFLAR,ENSG00000003402,0.40594059405940597
up,WP,WP:WP4698,Vitamin D sensitive calcium signaling in depression,16,18,1,5622,0.05008064710339887,0.1649410069984102,False,CALB1,ENSG00000104327,0.40594059405940597
up,WP,WP:WP1772,Apoptosis modulation and signaling,23,18,1,5622,0.07123761228863054,0.1649410069984102,False,CFLAR,ENSG00000003402,0.40594059405940597
up,WP,WP:WP5503,Albuterol and budesonide therapy for asthma,14,18,1,5622,0.043952700088293495,0.1649410069984102,False,PRKAR2A,ENSG00000114302,0.40594059405940597
up,GO:BP,GO:0099566,regulation of postsynaptic cytosolic calcium ion concentration,6,18,1,5622,0.019065548351775274,0.1652347523820489,False,CALB1,ENSG00000104327,0.40594059405940597
up,GO:BP,GO:0045934,negative regulation of nucleobase-containing compound metabolic process,507,18,5,5622,0.018617856247697268,0.1652347523820489,False,"FUS, ZMYND8, BCL11A, DNAJB1, L3MBTL1","ENSG00000089280, ENSG00000101040, ENSG00000119866, ENSG00000132002, ENSG00000185513",0.40594059405940597
up,GO:BP,GO:0060142,regulation of syncytium formation by plasma membrane fusion,6,18,1,5622,0.019065548351775274,0.1652347523820489,False,CFLAR,ENSG00000003402,0.40594059405940597
up,GO:BP,GO:0071731,response to nitric oxide,6,18,1,5622,0.019065548351775274,0.1652347523820489,False,CFLAR,ENSG00000003402,0.40594059405940597
up,GO:BP,GO:0045652,regulation of megakaryocyte differentiation,6,18,1,5622,0.019065548351775274,0.1652347523820489,False,L3MBTL1,ENSG00000185513,0.40594059405940597
up,GO:BP,GO:0043501,skeletal muscle adaptation,6,18,1,5622,0.019065548351775274,0.1652347523820489,False,CFLAR,ENSG00000003402,0.40594059405940597
up,GO:BP,GO:1903427,negative regulation of reactive oxygen species biosynthetic process,6,18,1,5622,0.019065548351775274,0.1652347523820489,False,CFLAR,ENSG00000003402,0.40594059405940597
up,GO:BP,GO:1902950,regulation of dendritic spine maintenance,6,18,1,5622,0.019065548351775274,0.1652347523820489,False,ZMYND8,ENSG00000101040,0.40594059405940597
up,GO:BP,GO:1903943,regulation of hepatocyte apoptotic process,6,18,1,5622,0.019065548351775274,0.1652347523820489,False,CFLAR,ENSG00000003402,0.40594059405940597
up,GO:BP,GO:1902170,cellular response to reactive nitrogen species,6,18,1,5622,0.019065548351775274,0.1652347523820489,False,CFLAR,ENSG00000003402,0.40594059405940597
up,GO:BP,GO:0141162,negative regulation of cAMP/PKA signal transduction,6,18,1,5622,0.019065548351775274,0.1652347523820489,False,PRKAR2A,ENSG00000114302,0.40594059405940597
up,GO:BP,GO:0070372,regulation of ERK1 and ERK2 cascade,68,18,2,5622,0.019467444360799297,0.16692298037025777,False,"CFLAR, GPNMB","ENSG00000003402, ENSG00000136235",0.40594059405940597
up,GO:CC,GO:0000786,nucleosome,17,18,1,5622,0.05313069140452956,0.16855253824885194,False,TRRAP,ENSG00000196367,0.40594059405940597
up,GO:CC,GO:0016514,SWI/SNF complex,17,18,1,5622,0.05313069140452956,0.16855253824885194,False,BCL11A,ENSG00000119866,0.40594059405940597
up,GO:BP,GO:0090102,cochlea development,8,18,1,5622,0.025344070856930617,0.16971472585018313,False,CALB1,ENSG00000104327,0.40594059405940597
up,GO:BP,GO:0090084,negative regulation of inclusion body assembly,7,18,1,5622,0.022209569030134973,0.16971472585018313,False,DNAJB1,ENSG00000132002,0.40594059405940597
up,GO:BP,GO:0090083,regulation of inclusion body assembly,9,18,1,5622,0.028469080961058737,0.16971472585018313,False,DNAJB1,ENSG00000132002,0.40594059405940597
up,GO:BP,GO:0097119,postsynaptic density protein 95 clustering,8,18,1,5622,0.025344070856930617,0.16971472585018313,False,ZMYND8,ENSG00000101040,0.40594059405940597
up,GO:BP,GO:0097284,hepatocyte apoptotic process,10,18,1,5622,0.031584626398917445,0.16971472585018313,False,CFLAR,ENSG00000003402,0.40594059405940597
up,GO:BP,GO:0010558,negative regulation of macromolecule biosynthetic process,738,18,6,5622,0.023026215741983658,0.16971472585018313,False,"FUS, ZMYND8, BCL11A, DNAJB1, GPNMB, L3MBTL1","ENSG00000089280, ENSG00000101040, ENSG00000119866, ENSG00000132002, ENSG00000136235, ENSG00000185513",0.40594059405940597
up,GO:BP,GO:0010468,regulation of gene expression,1510,18,9,5622,0.0303194658230168,0.16971472585018313,False,"FUS, ZMYND8, BCL11A, DNAJB1, GPNMB, ICE1, RBM4B, L3MBTL1, TRRAP","ENSG00000089280, ENSG00000101040, ENSG00000119866, ENSG00000132002, ENSG00000136235, ENSG00000164151, ENSG00000173914, ENSG00000185513, ENSG00000196367",0.40594059405940597
up,GO:BP,GO:0032720,negative regulation of tumor necrosis factor production,10,18,1,5622,0.031584626398917445,0.16971472585018313,False,GPNMB,ENSG00000136235,0.40594059405940597
up,GO:BP,GO:0141161,regulation of cAMP/PKA signal transduction,10,18,1,5622,0.031584626398917445,0.16971472585018313,False,PRKAR2A,ENSG00000114302,0.40594059405940597
up,GO:BP,GO:0010664,negative regulation of striated muscle cell apoptotic process,10,18,1,5622,0.031584626398917445,0.16971472585018313,False,CFLAR,ENSG00000003402,0.40594059405940597
up,GO:BP,GO:1900034,regulation of cellular response to heat,9,18,1,5622,0.028469080961058737,0.16971472585018313,False,DNAJB1,ENSG00000132002,0.40594059405940597
up,GO:BP,GO:0140861,DNA repair-dependent chromatin remodeling,8,18,1,5622,0.025344070856930617,0.16971472585018313,False,TRRAP,ENSG00000196367,0.40594059405940597
up,GO:BP,GO:1903055,positive regulation of extracellular matrix organization,10,18,1,5622,0.031584626398917445,0.16971472585018313,False,CFLAR,ENSG00000003402,0.40594059405940597
up,GO:BP,GO:0022607,cellular component assembly,1241,18,8,5622,0.028598991366269325,0.16971472585018313,False,"CFLAR, FUS, ZMYND8, BCL11A, DNAJB1, PLXNC1, ICE1, L3MBTL1","ENSG00000003402, ENSG00000089280, ENSG00000101040, ENSG00000119866, ENSG00000132002, ENSG00000136040, ENSG00000164151, ENSG00000185513",0.40594059405940597
up,GO:BP,GO:1903556,negative regulation of tumor necrosis factor superfamily cytokine production,10,18,1,5622,0.031584626398917445,0.16971472585018313,False,GPNMB,ENSG00000136235,0.40594059405940597
up,GO:BP,GO:1902680,positive regulation of RNA biosynthetic process,561,18,5,5622,0.027740086043162186,0.16971472585018313,False,"FUS, ZMYND8, BCL11A, ICE1, TRRAP","ENSG00000089280, ENSG00000101040, ENSG00000119866, ENSG00000164151, ENSG00000196367",0.40594059405940597
up,GO:BP,GO:0007520,myoblast fusion,9,18,1,5622,0.028469080961058737,0.16971472585018313,False,CFLAR,ENSG00000003402,0.40594059405940597
up,GO:BP,GO:0033554,cellular response to stress,751,18,6,5622,0.024925349659020383,0.16971472585018313,False,"CFLAR, FUS, ZMYND8, DNAJB1, MANF, TRRAP","ENSG00000003402, ENSG00000089280, ENSG00000101040, ENSG00000132002, ENSG00000145050, ENSG00000196367",0.40594059405940597
up,GO:BP,GO:0035036,sperm-egg recognition,10,18,1,5622,0.031584626398917445,0.16971472585018313,False,PRKAR2A,ENSG00000114302,0.40594059405940597
up,GO:BP,GO:0009648,photoperiodism,8,18,1,5622,0.025344070856930617,0.16971472585018313,False,RBM4B,ENSG00000173914,0.40594059405940597
up,GO:BP,GO:0072001,renal system development,82,18,2,5622,0.027641833613831296,0.16971472585018313,False,"CFLAR, CALB1","ENSG00000003402, ENSG00000104327",0.40594059405940597
up,GO:BP,GO:0045893,positive regulation of DNA-templated transcription,559,18,5,5622,0.027358017408079777,0.16971472585018313,False,"FUS, ZMYND8, BCL11A, ICE1, TRRAP","ENSG00000089280, ENSG00000101040, ENSG00000119866, ENSG00000164151, ENSG00000196367",0.40594059405940597
up,GO:BP,GO:0009628,response to abiotic stimulus,360,18,4,5622,0.02470979894235156,0.16971472585018313,False,"CFLAR, CALB1, DNAJB1, RBM4B","ENSG00000003402, ENSG00000104327, ENSG00000132002, ENSG00000173914",0.40594059405940597
up,GO:BP,GO:1904036,negative regulation of epithelial cell apoptotic process,10,18,1,5622,0.031584626398917445,0.16971472585018313,False,CFLAR,ENSG00000003402,0.40594059405940597
up,GO:BP,GO:0009649,entrainment of circadian clock,9,18,1,5622,0.028469080961058737,0.16971472585018313,False,RBM4B,ENSG00000173914,0.40594059405940597
up,GO:BP,GO:0009892,negative regulation of metabolic process,954,18,7,5622,0.022459440113345695,0.16971472585018313,False,"CFLAR, FUS, ZMYND8, BCL11A, DNAJB1, GPNMB, L3MBTL1","ENSG00000003402, ENSG00000089280, ENSG00000101040, ENSG00000119866, ENSG00000132002, ENSG00000136235, ENSG00000185513",0.40594059405940597
up,GO:BP,GO:0042795,snRNA transcription by RNA polymerase II,7,18,1,5622,0.022209569030134973,0.16971472585018313,False,ICE1,ENSG00000164151,0.40594059405940597
up,GO:BP,GO:0009301,snRNA transcription,8,18,1,5622,0.025344070856930617,0.16971472585018313,False,ICE1,ENSG00000164151,0.40594059405940597
up,GO:BP,GO:0043153,entrainment of circadian clock by photoperiod,7,18,1,5622,0.022209569030134973,0.16971472585018313,False,RBM4B,ENSG00000173914,0.40594059405940597
up,GO:BP,GO:0042130,negative regulation of T cell proliferation,10,18,1,5622,0.031584626398917445,0.16971472585018313,False,GPNMB,ENSG00000136235,0.40594059405940597
up,GO:BP,GO:0035966,response to topologically incorrect protein,85,18,2,5622,0.0295470135681672,0.16971472585018313,False,"DNAJB1, MANF","ENSG00000132002, ENSG00000145050",0.40594059405940597
up,GO:BP,GO:0036500,ATF6-mediated unfolded protein response,7,18,1,5622,0.022209569030134973,0.16971472585018313,False,MANF,ENSG00000145050,0.40594059405940597
up,GO:BP,GO:0010976,positive regulation of neuron projection development,78,18,2,5622,0.025184006960051044,0.16971472585018313,False,"CFLAR, BCL11A","ENSG00000003402, ENSG00000119866",0.40594059405940597
up,GO:BP,GO:0045945,positive regulation of transcription by RNA polymerase III,8,18,1,5622,0.025344070856930617,0.16971472585018313,False,ICE1,ENSG00000164151,0.40594059405940597
up,GO:BP,GO:0048666,neuron development,536,18,5,5622,0.023213183295655013,0.16971472585018313,False,"CFLAR, ZMYND8, BCL11A, PLXNC1, MANF","ENSG00000003402, ENSG00000101040, ENSG00000119866, ENSG00000136040, ENSG00000145050",0.40594059405940597
up,GO:BP,GO:0007162,negative regulation of cell adhesion,78,18,2,5622,0.025184006960051044,0.16971472585018313,False,"PLXNC1, GPNMB","ENSG00000136040, ENSG00000136235",0.40594059405940597
up,GO:BP,GO:0006986,response to unfolded protein,73,18,2,5622,0.02224777040360735,0.16971472585018313,False,"DNAJB1, MANF","ENSG00000132002, ENSG00000145050",0.40594059405940597
up,GO:BP,GO:0048672,positive regulation of collateral sprouting,7,18,1,5622,0.022209569030134973,0.16971472585018313,False,BCL11A,ENSG00000119866,0.40594059405940597
up,GO:BP,GO:0060544,regulation of necroptotic process,10,18,1,5622,0.031584626398917445,0.16971472585018313,False,CFLAR,ENSG00000003402,0.40594059405940597
up,GO:BP,GO:0048671,negative regulation of collateral sprouting,7,18,1,5622,0.022209569030134973,0.16971472585018313,False,BCL11A,ENSG00000119866,0.40594059405940597
up,GO:BP,GO:2001141,regulation of RNA biosynthetic process,1015,18,7,5622,0.030820399963213705,0.16971472585018313,False,"FUS, ZMYND8, BCL11A, DNAJB1, ICE1, L3MBTL1, TRRAP","ENSG00000089280, ENSG00000101040, ENSG00000119866, ENSG00000132002, ENSG00000164151, ENSG00000185513, ENSG00000196367",0.40594059405940597
up,GO:BP,GO:0007339,binding of sperm to zona pellucida,10,18,1,5622,0.031584626398917445,0.16971472585018313,False,PRKAR2A,ENSG00000114302,0.40594059405940597
up,GO:BP,GO:0050770,regulation of axonogenesis,79,18,2,5622,0.02578951449853848,0.16971472585018313,False,"BCL11A, PLXNC1","ENSG00000119866, ENSG00000136040",0.40594059405940597
up,GO:BP,GO:0006874,intracellular calcium ion homeostasis,76,18,2,5622,0.02399113068193379,0.16971472585018313,False,"CALB1, CALB2","ENSG00000104327, ENSG00000172137",0.40594059405940597
up,GO:BP,GO:0051128,regulation of cellular component organization,1007,18,7,5622,0.029613839244209954,0.16971472585018313,False,"CFLAR, ZMYND8, BCL11A, DNAJB1, PLXNC1, ICE1, L3MBTL1","ENSG00000003402, ENSG00000101040, ENSG00000119866, ENSG00000132002, ENSG00000136040, ENSG00000164151, ENSG00000185513",0.40594059405940597
up,GO:BP,GO:0070371,ERK1 and ERK2 cascade,76,18,2,5622,0.02399113068193379,0.16971472585018313,False,"CFLAR, GPNMB","ENSG00000003402, ENSG00000136235",0.40594059405940597
up,GO:BP,GO:0006282,regulation of DNA repair,81,18,2,5622,0.027018467704414427,0.16971472585018313,False,"FUS, TRRAP","ENSG00000089280, ENSG00000196367",0.40594059405940597
up,GO:BP,GO:0055074,calcium ion homeostasis,83,18,2,5622,0.0282710728375616,0.16971472585018313,False,"CALB1, CALB2","ENSG00000104327, ENSG00000172137",0.40594059405940597
up,GO:BP,GO:0050896,response to stimulus,2584,18,13,5622,0.02216478946151084,0.16971472585018313,False,"CFLAR, FUS, ZMYND8, CALB1, PRKAR2A, DNAJB1, PLXNC1, GPNMB, CACNA1A, MANF, RBM4B, TRRAP, GSTK1","ENSG00000003402, ENSG00000089280, ENSG00000101040, ENSG00000104327, ENSG00000114302, ENSG00000132002, ENSG00000136040, ENSG00000136235, ENSG00000141837, ENSG00000145050, ENSG00000173914, ENSG00000196367, ENSG00000197448",0.40594059405940597
up,GO:BP,GO:0051260,protein homooligomerization,73,18,2,5622,0.02224777040360735,0.16971472585018313,False,"FUS, BCL11A","ENSG00000089280, ENSG00000119866",0.40594059405940597
up,GO:BP,GO:0050918,positive chemotaxis,8,18,1,5622,0.025344070856930617,0.16971472585018313,False,GPNMB,ENSG00000136235,0.40594059405940597
up,GO:BP,GO:0006355,regulation of DNA-templated transcription,1013,18,7,5622,0.030515530976861584,0.16971472585018313,False,"FUS, ZMYND8, BCL11A, DNAJB1, ICE1, L3MBTL1, TRRAP","ENSG00000089280, ENSG00000101040, ENSG00000119866, ENSG00000132002, ENSG00000164151, ENSG00000185513, ENSG00000196367",0.40594059405940597
up,GO:BP,GO:0006281,DNA repair,211,18,3,5622,0.02804461046304318,0.16971472585018313,False,"FUS, ZMYND8, TRRAP","ENSG00000089280, ENSG00000101040, ENSG00000196367",0.40594059405940597
up,GO:BP,GO:0001822,kidney development,80,18,2,5622,0.026401014734577424,0.16971472585018313,False,"CFLAR, CALB1","ENSG00000003402, ENSG00000104327",0.40594059405940597
up,GO:BP,GO:0010667,negative regulation of cardiac muscle cell apoptotic process,8,18,1,5622,0.025344070856930617,0.16971472585018313,False,CFLAR,ENSG00000003402,0.40594059405940597
up,GO:BP,GO:0019222,regulation of metabolic process,2053,18,11,5622,0.029238328283882783,0.16971472585018313,False,"CFLAR, FUS, ZMYND8, PRKAR2A, BCL11A, DNAJB1, GPNMB, ICE1, RBM4B, L3MBTL1, TRRAP","ENSG00000003402, ENSG00000089280, ENSG00000101040, ENSG00000114302, ENSG00000119866, ENSG00000132002, ENSG00000136235, ENSG00000164151, ENSG00000173914, ENSG00000185513, ENSG00000196367",0.40594059405940597
up,GO:BP,GO:1902042,negative regulation of extrinsic apoptotic signaling pathway via death domain receptors,11,18,1,5622,0.03469073415458734,0.17069970891872124,False,CFLAR,ENSG00000003402,0.40594059405940597
up,GO:BP,GO:0033574,response to testosterone,11,18,1,5622,0.03469073415458734,0.17069970891872124,False,CFLAR,ENSG00000003402,0.40594059405940597
up,GO:BP,GO:1903053,regulation of extracellular matrix organization,13,18,1,5622,0.04087474419517764,0.17069970891872124,False,CFLAR,ENSG00000003402,0.40594059405940597
up,GO:BP,GO:0032945,negative regulation of mononuclear cell proliferation,13,18,1,5622,0.04087474419517764,0.17069970891872124,False,GPNMB,ENSG00000136235,0.40594059405940597
up,GO:BP,GO:0141156,cAMP/PKA signal transduction,12,18,1,5622,0.037787431140011936,0.17069970891872124,False,PRKAR2A,ENSG00000114302,0.40594059405940597
up,GO:BP,GO:0009988,cell-cell recognition,13,18,1,5622,0.04087474419517764,0.17069970891872124,False,PRKAR2A,ENSG00000114302,0.40594059405940597
up,GO:BP,GO:0071168,protein localization to chromatin,13,18,1,5622,0.04087474419517764,0.17069970891872124,False,ZMYND8,ENSG00000101040,0.40594059405940597
up,GO:BP,GO:0048670,regulation of collateral sprouting,13,18,1,5622,0.04087474419517764,0.17069970891872124,False,BCL11A,ENSG00000119866,0.40594059405940597
up,GO:BP,GO:0050793,regulation of developmental process,800,18,6,5622,0.03306668405232209,0.17069970891872124,False,"CFLAR, ZMYND8, BCL11A, PLXNC1, GPNMB, L3MBTL1","ENSG00000003402, ENSG00000101040, ENSG00000119866, ENSG00000136040, ENSG00000136235, ENSG00000185513",0.40594059405940597
up,GO:BP,GO:0062098,regulation of programmed necrotic cell death,12,18,1,5622,0.037787431140011936,0.17069970891872124,False,CFLAR,ENSG00000003402,0.40594059405940597
up,GO:BP,GO:0065008,regulation of biological quality,1068,18,7,5622,0.03971097657063951,0.17069970891872124,False,"FUS, ZMYND8, CALB1, BCL11A, PLXNC1, CACNA1A, MANF","ENSG00000089280, ENSG00000101040, ENSG00000104327, ENSG00000119866, ENSG00000136040, ENSG00000141837, ENSG00000145050",0.40594059405940597
up,GO:BP,GO:0000768,syncytium formation by plasma membrane fusion,12,18,1,5622,0.037787431140011936,0.17069970891872124,False,CFLAR,ENSG00000003402,0.40594059405940597
up,GO:BP,GO:0010975,regulation of neuron projection development,226,18,3,5622,0.033473182090806686,0.17069970891872124,False,"CFLAR, BCL11A, PLXNC1","ENSG00000003402, ENSG00000119866, ENSG00000136040",0.40594059405940597
up,GO:BP,GO:0048583,regulation of response to stimulus,1321,18,8,5622,0.040540381140801524,0.17069970891872124,False,"CFLAR, FUS, ZMYND8, PRKAR2A, DNAJB1, GPNMB, MANF, TRRAP","ENSG00000003402, ENSG00000089280, ENSG00000101040, ENSG00000114302, ENSG00000132002, ENSG00000136235, ENSG00000145050, ENSG00000196367",0.40594059405940597
up,GO:BP,GO:0010842,retina layer formation,12,18,1,5622,0.037787431140011936,0.17069970891872124,False,CALB1,ENSG00000104327,0.40594059405940597
up,GO:BP,GO:0010996,response to auditory stimulus,13,18,1,5622,0.04087474419517764,0.17069970891872124,False,CALB1,ENSG00000104327,0.40594059405940597
up,GO:BP,GO:0006949,syncytium formation,13,18,1,5622,0.04087474419517764,0.17069970891872124,False,CFLAR,ENSG00000003402,0.40594059405940597
up,GO:BP,GO:2000378,negative regulation of reactive oxygen species metabolic process,13,18,1,5622,0.04087474419517764,0.17069970891872124,False,CFLAR,ENSG00000003402,0.40594059405940597
up,GO:BP,GO:2000026,regulation of multicellular organismal development,418,18,4,5622,0.04000308187730473,0.17069970891872124,False,"BCL11A, PLXNC1, GPNMB, L3MBTL1","ENSG00000119866, ENSG00000136040, ENSG00000136235, ENSG00000185513",0.40594059405940597
up,GO:BP,GO:0007275,multicellular organism development,1577,18,9,5622,0.03966398314341089,0.17069970891872124,False,"CFLAR, ZMYND8, CALB1, BCL11A, DNAJB1, PLXNC1, GPNMB, MANF, L3MBTL1","ENSG00000003402, ENSG00000101040, ENSG00000104327, ENSG00000119866, ENSG00000132002, ENSG00000136040, ENSG00000136235, ENSG00000145050, ENSG00000185513",0.40594059405940597
up,GO:BP,GO:0071549,cellular response to dexamethasone stimulus,11,18,1,5622,0.03469073415458734,0.17069970891872124,False,CFLAR,ENSG00000003402,0.40594059405940597
up,GO:BP,GO:0071548,response to dexamethasone,13,18,1,5622,0.04087474419517764,0.17069970891872124,False,CFLAR,ENSG00000003402,0.40594059405940597
up,GO:BP,GO:0043403,skeletal muscle tissue regeneration,12,18,1,5622,0.037787431140011936,0.17069970891872124,False,CFLAR,ENSG00000003402,0.40594059405940597
up,GO:BP,GO:0030225,macrophage differentiation,12,18,1,5622,0.037787431140011936,0.17069970891872124,False,CFLAR,ENSG00000003402,0.40594059405940597
up,GO:BP,GO:0050672,negative regulation of lymphocyte proliferation,12,18,1,5622,0.037787431140011936,0.17069970891872124,False,GPNMB,ENSG00000136235,0.40594059405940597
up,GO:BP,GO:0006359,regulation of transcription by RNA polymerase III,13,18,1,5622,0.04087474419517764,0.17069970891872124,False,ICE1,ENSG00000164151,0.40594059405940597
up,GO:BP,GO:0060255,regulation of macromolecule metabolic process,1847,18,10,5622,0.039085290938175005,0.17069970891872124,False,"FUS, ZMYND8, PRKAR2A, BCL11A, DNAJB1, GPNMB, ICE1, RBM4B, L3MBTL1, TRRAP","ENSG00000089280, ENSG00000101040, ENSG00000114302, ENSG00000119866, ENSG00000132002, ENSG00000136235, ENSG00000164151, ENSG00000173914, ENSG00000185513, ENSG00000196367",0.40594059405940597
up,GO:BP,GO:0051054,positive regulation of DNA metabolic process,99,18,2,5622,0.039105982851130004,0.17069970891872124,False,"FUS, TRRAP","ENSG00000089280, ENSG00000196367",0.40594059405940597
up,GO:BP,GO:0006366,transcription by RNA polymerase II,833,18,6,5622,0.03947442109077957,0.17069970891872124,False,"FUS, ZMYND8, BCL11A, DNAJB1, ICE1, TRRAP","ENSG00000089280, ENSG00000101040, ENSG00000119866, ENSG00000132002, ENSG00000164151, ENSG00000196367",0.40594059405940597
up,GO:BP,GO:0006351,DNA-templated transcription,1061,18,7,5622,0.03844480849180542,0.17069970891872124,False,"FUS, ZMYND8, BCL11A, DNAJB1, ICE1, L3MBTL1, TRRAP","ENSG00000089280, ENSG00000101040, ENSG00000119866, ENSG00000132002, ENSG00000164151, ENSG00000185513, ENSG00000196367",0.40594059405940597
up,GO:BP,GO:1903426,regulation of reactive oxygen species biosynthetic process,12,18,1,5622,0.037787431140011936,0.17069970891872124,False,CFLAR,ENSG00000003402,0.40594059405940597
up,GO:BP,GO:0030517,negative regulation of axon extension,13,18,1,5622,0.04087474419517764,0.17069970891872124,False,BCL11A,ENSG00000119866,0.40594059405940597
up,GO:BP,GO:0071526,semaphorin-plexin signaling pathway,11,18,1,5622,0.03469073415458734,0.17069970891872124,False,PLXNC1,ENSG00000136040,0.40594059405940597
up,GO:BP,GO:0071392,cellular response to estradiol stimulus,12,18,1,5622,0.037787431140011936,0.17069970891872124,False,CFLAR,ENSG00000003402,0.40594059405940597
up,GO:BP,GO:0150146,cell junction disassembly,11,18,1,5622,0.03469073415458734,0.17069970891872124,False,PLXNC1,ENSG00000136040,0.40594059405940597
up,GO:BP,GO:0010665,regulation of cardiac muscle cell apoptotic process,13,18,1,5622,0.04087474419517764,0.17069970891872124,False,CFLAR,ENSG00000003402,0.40594059405940597
up,GO:BP,GO:0010557,positive regulation of macromolecule biosynthetic process,806,18,6,5622,0.03417475165128673,0.17069970891872124,False,"FUS, ZMYND8, BCL11A, ICE1, RBM4B, TRRAP","ENSG00000089280, ENSG00000101040, ENSG00000119866, ENSG00000164151, ENSG00000173914, ENSG00000196367",0.40594059405940597
up,GO:BP,GO:0010556,regulation of macromolecule biosynthetic process,1559,18,9,5622,0.03696838655481907,0.17069970891872124,False,"FUS, ZMYND8, BCL11A, DNAJB1, GPNMB, ICE1, RBM4B, L3MBTL1, TRRAP","ENSG00000089280, ENSG00000101040, ENSG00000119866, ENSG00000132002, ENSG00000136235, ENSG00000164151, ENSG00000173914, ENSG00000185513, ENSG00000196367",0.40594059405940597
up,GO:BP,GO:0032781,positive regulation of ATP-dependent activity,12,18,1,5622,0.037787431140011936,0.17069970891872124,False,DNAJB1,ENSG00000132002,0.40594059405940597
up,GO:BP,GO:0140253,cell-cell fusion,12,18,1,5622,0.037787431140011936,0.17069970891872124,False,CFLAR,ENSG00000003402,0.40594059405940597
up,GO:BP,GO:0097062,dendritic spine maintenance,11,18,1,5622,0.03469073415458734,0.17069970891872124,False,ZMYND8,ENSG00000101040,0.40594059405940597
up,GO:BP,GO:0051259,protein complex oligomerization,100,18,2,5622,0.03982916667485615,0.17069970891872124,False,"FUS, BCL11A","ENSG00000089280, ENSG00000119866",0.40594059405940597
up,GO:BP,GO:0014888,striated muscle adaptation,11,18,1,5622,0.03469073415458734,0.17069970891872124,False,CFLAR,ENSG00000003402,0.40594059405940597
up,GO:BP,GO:0051254,positive regulation of RNA metabolic process,622,18,5,5622,0.04113462058208199,0.17089950612968086,False,"FUS, ZMYND8, BCL11A, ICE1, TRRAP","ENSG00000089280, ENSG00000101040, ENSG00000119866, ENSG00000164151, ENSG00000196367",0.40594059405940597
up,GO:BP,GO:1902679,negative regulation of RNA biosynthetic process,425,18,4,5622,0.042155185347021194,0.17160141105908627,False,"ZMYND8, BCL11A, DNAJB1, L3MBTL1","ENSG00000101040, ENSG00000119866, ENSG00000132002, ENSG00000185513",0.40594059405940597
up,GO:BP,GO:0008380,RNA splicing,247,18,3,5622,0.0419471043940434,0.17160141105908627,False,"FUS, RBM4B, TRRAP","ENSG00000089280, ENSG00000173914, ENSG00000196367",0.40594059405940597
up,GO:BP,GO:0045892,negative regulation of DNA-templated transcription,425,18,4,5622,0.042155185347021194,0.17160141105908627,False,"ZMYND8, BCL11A, DNAJB1, L3MBTL1","ENSG00000101040, ENSG00000119866, ENSG00000132002, ENSG00000185513",0.40594059405940597
up,GO:BP,GO:0030182,neuron differentiation,626,18,5,5622,0.042134316364352616,0.17160141105908627,False,"CFLAR, ZMYND8, BCL11A, PLXNC1, MANF","ENSG00000003402, ENSG00000101040, ENSG00000119866, ENSG00000136040, ENSG00000145050",0.40594059405940597
up,GO:BP,GO:0009891,positive regulation of biosynthetic process,847,18,6,5622,0.04242871508241674,0.1718469565649643,False,"FUS, ZMYND8, BCL11A, ICE1, RBM4B, TRRAP","ENSG00000089280, ENSG00000101040, ENSG00000119866, ENSG00000164151, ENSG00000173914, ENSG00000196367",0.40594059405940597
up,GO:BP,GO:0070266,necroptotic process,14,18,1,5622,0.043952700088293495,0.17451170576928243,False,CFLAR,ENSG00000003402,0.40594059405940597
up,GO:BP,GO:0010659,cardiac muscle cell apoptotic process,14,18,1,5622,0.043952700088293495,0.17451170576928243,False,CFLAR,ENSG00000003402,0.40594059405940597
up,GO:BP,GO:1905874,regulation of postsynaptic density organization,14,18,1,5622,0.043952700088293495,0.17451170576928243,False,ZMYND8,ENSG00000101040,0.40594059405940597
up,GO:BP,GO:0001656,metanephros development,14,18,1,5622,0.043952700088293495,0.17451170576928243,False,CALB1,ENSG00000104327,0.40594059405940597
up,GO:BP,GO:0050769,positive regulation of neurogenesis,107,18,2,5622,0.0450346913858509,0.1746657778709057,False,"BCL11A, PLXNC1","ENSG00000119866, ENSG00000136040",0.40594059405940597
up,GO:BP,GO:0098703,calcium ion import across plasma membrane,15,18,1,5622,0.0470213255159702,0.1746657778709057,False,CACNA1A,ENSG00000141837,0.40594059405940597
up,GO:BP,GO:0050804,modulation of chemical synaptic transmission,259,18,3,5622,0.04724210865491001,0.1746657778709057,False,"ZMYND8, CALB1, CACNA1A","ENSG00000101040, ENSG00000104327, ENSG00000141837",0.40594059405940597
up,GO:BP,GO:0070664,negative regulation of leukocyte proliferation,15,18,1,5622,0.0470213255159702,0.1746657778709057,False,GPNMB,ENSG00000136235,0.40594059405940597
up,GO:BP,GO:0048856,anatomical structure development,1898,18,10,5622,0.046903007988667915,0.1746657778709057,False,"CFLAR, ZMYND8, CALB1, BCL11A, DNAJB1, PLXNC1, GPNMB, MANF, L3MBTL1, GSTK1","ENSG00000003402, ENSG00000101040, ENSG00000104327, ENSG00000119866, ENSG00000132002, ENSG00000136040, ENSG00000136235, ENSG00000145050, ENSG00000185513, ENSG00000197448",0.40594059405940597
up,GO:BP,GO:0030219,megakaryocyte differentiation,15,18,1,5622,0.0470213255159702,0.1746657778709057,False,L3MBTL1,ENSG00000185513,0.40594059405940597
up,GO:BP,GO:0043484,regulation of RNA splicing,109,18,2,5622,0.04656694449700453,0.1746657778709057,False,"FUS, TRRAP","ENSG00000089280, ENSG00000196367",0.40594059405940597
up,GO:BP,GO:1902656,calcium ion import into cytosol,15,18,1,5622,0.0470213255159702,0.1746657778709057,False,CACNA1A,ENSG00000141837,0.40594059405940597
up,GO:BP,GO:0010662,regulation of striated muscle cell apoptotic process,15,18,1,5622,0.0470213255159702,0.1746657778709057,False,CFLAR,ENSG00000003402,0.40594059405940597
up,GO:BP,GO:0071542,dopaminergic neuron differentiation,15,18,1,5622,0.0470213255159702,0.1746657778709057,False,MANF,ENSG00000145050,0.40594059405940597
up,GO:BP,GO:0044085,cellular component biogenesis,1351,18,8,5622,0.04582786181853812,0.1746657778709057,False,"CFLAR, FUS, ZMYND8, BCL11A, DNAJB1, PLXNC1, ICE1, L3MBTL1","ENSG00000003402, ENSG00000089280, ENSG00000101040, ENSG00000119866, ENSG00000132002, ENSG00000136040, ENSG00000164151, ENSG00000185513",0.40594059405940597
up,GO:BP,GO:0099177,regulation of trans-synaptic signaling,259,18,3,5622,0.04724210865491001,0.1746657778709057,False,"ZMYND8, CALB1, CACNA1A","ENSG00000101040, ENSG00000104327, ENSG00000141837",0.40594059405940597
up,GO:BP,GO:0080134,regulation of response to stress,439,18,4,5622,0.046660895183935985,0.1746657778709057,False,"FUS, DNAJB1, MANF, TRRAP","ENSG00000089280, ENSG00000132002, ENSG00000145050, ENSG00000196367",0.40594059405940597
up,GO:BP,GO:0120036,plasma membrane bounded cell projection organization,643,18,5,5622,0.046554746657767786,0.1746657778709057,False,"CFLAR, ZMYND8, BCL11A, PLXNC1, MANF","ENSG00000003402, ENSG00000101040, ENSG00000119866, ENSG00000136040, ENSG00000145050",0.40594059405940597
up,GO:BP,GO:0010656,negative regulation of muscle cell apoptotic process,15,18,1,5622,0.0470213255159702,0.1746657778709057,False,CFLAR,ENSG00000003402,0.40594059405940597
up,GO:MF,GO:0004364,glutathione transferase activity,9,18,1,5622,0.028469080961058737,0.17650830195856265,False,GSTK1,ENSG00000197448,0.40594059405940597
up,GO:BP,GO:0048699,generation of neurons,653,18,5,5622,0.04928604253533954,0.18139064056385232,False,"CFLAR, ZMYND8, BCL11A, PLXNC1, MANF","ENSG00000003402, ENSG00000101040, ENSG00000119866, ENSG00000136040, ENSG00000145050",0.40594059405940597
up,GO:CC,GO:0005782,peroxisomal matrix,19,18,1,5622,0.05920305400855889,0.1815560322929145,False,GSTK1,ENSG00000197448,0.40594059405940597
up,GO:CC,GO:0031907,microbody lumen,19,18,1,5622,0.05920305400855889,0.1815560322929145,False,GSTK1,ENSG00000197448,0.40594059405940597
up,GO:BP,GO:0030030,cell projection organization,654,18,5,5622,0.049564550174223274,0.1815864883655636,False,"CFLAR, ZMYND8, BCL11A, PLXNC1, MANF","ENSG00000003402, ENSG00000101040, ENSG00000119866, ENSG00000136040, ENSG00000145050",0.40594059405940597
up,GO:BP,GO:0070841,inclusion body assembly,16,18,1,5622,0.05008064710339887,0.18182433137540316,False,DNAJB1,ENSG00000132002,0.40594059405940597
up,GO:BP,GO:0010658,striated muscle cell apoptotic process,16,18,1,5622,0.05008064710339887,0.18182433137540316,False,CFLAR,ENSG00000003402,0.40594059405940597
up,GO:BP,GO:0097300,programmed necrotic cell death,17,18,1,5622,0.05313069140452956,0.18212531182898437,False,CFLAR,ENSG00000003402,0.40594059405940597
up,GO:BP,GO:0032835,glomerulus development,17,18,1,5622,0.05313069140452956,0.18212531182898437,False,CFLAR,ENSG00000003402,0.40594059405940597
up,GO:BP,GO:0010605,negative regulation of macromolecule metabolic process,886,18,6,5622,0.05142610007219227,0.18212531182898437,False,"FUS, ZMYND8, BCL11A, DNAJB1, GPNMB, L3MBTL1","ENSG00000089280, ENSG00000101040, ENSG00000119866, ENSG00000132002, ENSG00000136235, ENSG00000185513",0.40594059405940597
up,GO:BP,GO:1902041,regulation of extrinsic apoptotic signaling pathway via death domain receptors,17,18,1,5622,0.05313069140452956,0.18212531182898437,False,CFLAR,ENSG00000003402,0.40594059405940597
up,GO:BP,GO:0051716,cellular response to stimulus,2224,18,11,5622,0.052964322610284165,0.18212531182898437,False,"CFLAR, FUS, ZMYND8, PRKAR2A, DNAJB1, PLXNC1, GPNMB, CACNA1A, MANF, TRRAP, GSTK1","ENSG00000003402, ENSG00000089280, ENSG00000101040, ENSG00000114302, ENSG00000132002, ENSG00000136040, ENSG00000136235, ENSG00000141837, ENSG00000145050, ENSG00000196367, ENSG00000197448",0.40594059405940597
up,GO:BP,GO:0030239,myofibril assembly,17,18,1,5622,0.05313069140452956,0.18212531182898437,False,CFLAR,ENSG00000003402,0.40594059405940597
up,GO:BP,GO:0044087,regulation of cellular component biogenesis,455,18,4,5622,0.0521405651363273,0.18212531182898437,False,"ZMYND8, BCL11A, DNAJB1, ICE1","ENSG00000101040, ENSG00000119866, ENSG00000132002, ENSG00000164151",0.40594059405940597
up,GO:BP,GO:0042246,tissue regeneration,17,18,1,5622,0.05313069140452956,0.18212531182898437,False,CFLAR,ENSG00000003402,0.40594059405940597
up,GO:BP,GO:1903409,reactive oxygen species biosynthetic process,17,18,1,5622,0.05313069140452956,0.18212531182898437,False,CFLAR,ENSG00000003402,0.40594059405940597
up,GO:BP,GO:1904035,regulation of epithelial cell apoptotic process,17,18,1,5622,0.05313069140452956,0.18212531182898437,False,CFLAR,ENSG00000003402,0.40594059405940597
up,GO:BP,GO:0050794,regulation of cellular process,3510,18,15,5622,0.05062419509748125,0.18212531182898437,False,"CFLAR, FUS, ZMYND8, CALB1, PRKAR2A, BCL11A, DNAJB1, PLXNC1, GPNMB, CACNA1A, MANF, ICE1, RBM4B, L3MBTL1, TRRAP","ENSG00000003402, ENSG00000089280, ENSG00000101040, ENSG00000104327, ENSG00000114302, ENSG00000119866, ENSG00000132002, ENSG00000136040, ENSG00000136235, ENSG00000141837, ENSG00000145050, ENSG00000164151, ENSG00000173914, ENSG00000185513, ENSG00000196367",0.40594059405940597
up,GO:BP,GO:0051252,regulation of RNA metabolic process,1135,18,7,5622,0.05332701438168772,0.18212531182898437,False,"FUS, ZMYND8, BCL11A, DNAJB1, ICE1, L3MBTL1, TRRAP","ENSG00000089280, ENSG00000101040, ENSG00000119866, ENSG00000132002, ENSG00000164151, ENSG00000185513, ENSG00000196367",0.40594059405940597
up,GO:BP,GO:0048731,system development,1387,18,8,5622,0.0527974654956536,0.18212531182898437,False,"CFLAR, ZMYND8, CALB1, BCL11A, DNAJB1, PLXNC1, GPNMB, MANF","ENSG00000003402, ENSG00000101040, ENSG00000104327, ENSG00000119866, ENSG00000132002, ENSG00000136040, ENSG00000136235, ENSG00000145050",0.40594059405940597
up,GO:BP,GO:0016073,snRNA metabolic process,17,18,1,5622,0.05313069140452956,0.18212531182898437,False,ICE1,ENSG00000164151,0.40594059405940597
up,GO:MF,GO:0003714,transcription corepressor activity,89,18,2,5622,0.032167649907298736,0.184666138356715,False,"ZMYND8, DNAJB1","ENSG00000101040, ENSG00000132002",0.40594059405940597
up,GO:MF,GO:0034236,protein kinase A catalytic subunit binding,10,18,1,5622,0.031584626398917445,0.184666138356715,False,PRKAR2A,ENSG00000114302,0.40594059405940597
up,GO:BP,GO:0032774,RNA biosynthetic process,1397,18,8,5622,0.05485825282154115,0.18656435347747735,False,"FUS, ZMYND8, BCL11A, DNAJB1, ICE1, RBM4B, L3MBTL1, TRRAP","ENSG00000089280, ENSG00000101040, ENSG00000119866, ENSG00000132002, ENSG00000164151, ENSG00000173914, ENSG00000185513, ENSG00000196367",0.40594059405940597
up,GO:BP,GO:1904646,cellular response to amyloid-beta,18,18,1,5622,0.0561714849022492,0.18708354062484506,False,CACNA1A,ENSG00000141837,0.40594059405940597
up,GO:BP,GO:0007616,long-term memory,18,18,1,5622,0.0561714849022492,0.18708354062484506,False,CALB1,ENSG00000104327,0.40594059405940597
up,GO:BP,GO:0071364,cellular response to epidermal growth factor stimulus,18,18,1,5622,0.0561714849022492,0.18708354062484506,False,CFLAR,ENSG00000003402,0.40594059405940597
up,GO:BP,GO:0030334,regulation of cell migration,276,18,3,5622,0.05529711215237024,0.18708354062484506,False,"ZMYND8, PLXNC1, GPNMB","ENSG00000101040, ENSG00000136040, ENSG00000136235",0.40594059405940597
up,GO:BP,GO:0060284,regulation of cell development,277,18,3,5622,0.05579088346035508,0.18708354062484506,False,"BCL11A, PLXNC1, L3MBTL1","ENSG00000119866, ENSG00000136040, ENSG00000185513",0.40594059405940597
up,GO:BP,GO:0043410,positive regulation of MAPK cascade,122,18,2,5622,0.05698854358338228,0.18902372892265887,False,"CFLAR, GPNMB","ENSG00000003402, ENSG00000136235",0.40594059405940597
up,REAC,REAC:R-HSA-6804760,Regulation of TP53 Activity through Methylation,10,18,1,5622,0.031584626398917445,0.19072953605903692,False,L3MBTL1,ENSG00000185513,0.40594059405940597
up,REAC,REAC:R-HSA-163615,PKA activation,11,18,1,5622,0.03469073415458734,0.19072953605903692,False,PRKAR2A,ENSG00000114302,0.40594059405940597
up,REAC,REAC:R-HSA-181429,Serotonin Neurotransmitter Release Cycle,13,18,1,5622,0.04087474419517764,0.19072953605903692,False,PPFIA4,ENSG00000143847,0.40594059405940597
up,REAC,REAC:R-HSA-422356,Regulation of insulin secretion,37,18,2,5622,0.006034847112641444,0.19072953605903692,False,"PRKAR2A, CACNA1A","ENSG00000114302, ENSG00000141837",0.40594059405940597
up,REAC,REAC:R-HSA-9010642,ROBO receptors bind AKAP5,6,18,1,5622,0.019065548351775274,0.19072953605903692,False,PRKAR2A,ENSG00000114302,0.40594059405940597
up,REAC,REAC:R-HSA-388844,Receptor-type tyrosine-protein phosphatases,12,18,1,5622,0.037787431140011936,0.19072953605903692,False,PPFIA4,ENSG00000143847,0.40594059405940597
up,REAC,REAC:R-HSA-3371571,HSF1-dependent transactivation,12,18,1,5622,0.037787431140011936,0.19072953605903692,False,DNAJB1,ENSG00000132002,0.40594059405940597
up,REAC,REAC:R-HSA-416700,Other semaphorin interactions,5,18,1,5622,0.01591198162027535,0.19072953605903692,False,PLXNC1,ENSG00000136040,0.40594059405940597
up,REAC,REAC:R-HSA-9700645,ALK mutants bind TKIs,8,18,1,5622,0.025344070856930617,0.19072953605903692,False,BCL11A,ENSG00000119866,0.40594059405940597
up,REAC,REAC:R-HSA-156590,Glutathione conjugation,15,18,1,5622,0.0470213255159702,0.19072953605903692,False,GSTK1,ENSG00000197448,0.40594059405940597
up,REAC,REAC:R-HSA-3371568,Attenuation phase,7,18,1,5622,0.022209569030134973,0.19072953605903692,False,DNAJB1,ENSG00000132002,0.40594059405940597
up,REAC,REAC:R-HSA-445717,Aquaporin-mediated transport,22,18,1,5622,0.06824267803947169,0.19072953605903692,False,PRKAR2A,ENSG00000114302,0.40594059405940597
up,REAC,REAC:R-HSA-111933,Calmodulin induced events,19,18,1,5622,0.05920305400855889,0.19072953605903692,False,PRKAR2A,ENSG00000114302,0.40594059405940597
up,REAC,REAC:R-HSA-111997,CaM pathway,19,18,1,5622,0.05920305400855889,0.19072953605903692,False,PRKAR2A,ENSG00000114302,0.40594059405940597
up,REAC,REAC:R-HSA-111996,Ca-dependent events,20,18,1,5622,0.06222542506475131,0.19072953605903692,False,PRKAR2A,ENSG00000114302,0.40594059405940597
up,REAC,REAC:R-HSA-442720,CREB1 phosphorylation through the activation of Adenylate Cyclase,7,18,1,5622,0.022209569030134973,0.19072953605903692,False,PRKAR2A,ENSG00000114302,0.40594059405940597
up,REAC,REAC:R-HSA-210500,Glutamate Neurotransmitter Release Cycle,16,18,1,5622,0.05008064710339887,0.19072953605903692,False,PPFIA4,ENSG00000143847,0.40594059405940597
up,REAC,REAC:R-HSA-163685,Integration of energy metabolism,55,18,2,5622,0.013005817047234162,0.19072953605903692,False,"PRKAR2A, CACNA1A","ENSG00000114302, ENSG00000141837",0.40594059405940597
up,REAC,REAC:R-HSA-181430,Norepinephrine Neurotransmitter Release Cycle,12,18,1,5622,0.037787431140011936,0.19072953605903692,False,PPFIA4,ENSG00000143847,0.40594059405940597
up,REAC,REAC:R-HSA-112316,Neuronal System,180,18,3,5622,0.018480491890671993,0.19072953605903692,False,"PRKAR2A, CACNA1A, PPFIA4","ENSG00000114302, ENSG00000141837, ENSG00000143847",0.40594059405940597
up,REAC,REAC:R-HSA-9634597,GPER1 signaling,21,18,1,5622,0.06523862434158711,0.19072953605903692,False,PRKAR2A,ENSG00000114302,0.40594059405940597
up,REAC,REAC:R-HSA-163359,Glucagon signaling in metabolic regulation,16,18,1,5622,0.05008064710339887,0.19072953605903692,False,PRKAR2A,ENSG00000114302,0.40594059405940597
up,REAC,REAC:R-HSA-381676,Glucagon-like Peptide-1 (GLP1) regulates insulin secretion,19,18,1,5622,0.05920305400855889,0.19072953605903692,False,PRKAR2A,ENSG00000114302,0.40594059405940597
up,REAC,REAC:R-HSA-180024,DARPP-32 events,15,18,1,5622,0.0470213255159702,0.19072953605903692,False,PRKAR2A,ENSG00000114302,0.40594059405940597
up,REAC,REAC:R-HSA-212676,Dopamine Neurotransmitter Release Cycle,17,18,1,5622,0.05313069140452956,0.19072953605903692,False,PPFIA4,ENSG00000143847,0.40594059405940597
up,REAC,REAC:R-HSA-264642,Acetylcholine Neurotransmitter Release Cycle,10,18,1,5622,0.031584626398917445,0.19072953605903692,False,PPFIA4,ENSG00000143847,0.40594059405940597
up,REAC,REAC:R-HSA-9660821,ADORA2B mediated anti-inflammatory cytokines production,21,18,1,5622,0.06523862434158711,0.19072953605903692,False,PRKAR2A,ENSG00000114302,0.40594059405940597
up,REAC,REAC:R-HSA-201722,Formation of the beta-catenin:TCF transactivating complex,12,18,1,5622,0.037787431140011936,0.19072953605903692,False,TRRAP,ENSG00000196367,0.40594059405940597
up,REAC,REAC:R-HSA-1489509,DAG and IP3 signaling,22,18,1,5622,0.06824267803947169,0.19072953605903692,False,PRKAR2A,ENSG00000114302,0.40594059405940597
up,REAC,REAC:R-HSA-9664323,FCGR3A-mediated IL10 synthesis,14,18,1,5622,0.043952700088293495,0.19072953605903692,False,PRKAR2A,ENSG00000114302,0.40594059405940597
up,REAC,REAC:R-HSA-164378,PKA activation in glucagon signalling,11,18,1,5622,0.03469073415458734,0.19072953605903692,False,PRKAR2A,ENSG00000114302,0.40594059405940597
up,REAC,REAC:R-HSA-112308,Presynaptic depolarization and calcium channel opening,8,18,1,5622,0.025344070856930617,0.19072953605903692,False,CACNA1A,ENSG00000141837,0.40594059405940597
up,REAC,REAC:R-HSA-8848021,Signaling by PTK6,22,18,1,5622,0.06824267803947169,0.19072953605903692,False,GPNMB,ENSG00000136235,0.40594059405940597
up,REAC,REAC:R-HSA-75158,TRAIL  signaling,1,18,1,5622,0.0032017075773746,0.19072953605903692,False,CFLAR,ENSG00000003402,0.40594059405940597
up,REAC,REAC:R-HSA-112315,Transmission across Chemical Synapses,132,18,3,5622,0.007975021237644979,0.19072953605903692,False,"PRKAR2A, CACNA1A, PPFIA4","ENSG00000114302, ENSG00000141837, ENSG00000143847",0.40594059405940597
up,REAC,REAC:R-HSA-432040,Vasopressin regulates renal water homeostasis via Aquaporins,21,18,1,5622,0.06523862434158711,0.19072953605903692,False,PRKAR2A,ENSG00000114302,0.40594059405940597
up,REAC,REAC:R-HSA-111931,PKA-mediated phosphorylation of CREB,11,18,1,5622,0.03469073415458734,0.19072953605903692,False,PRKAR2A,ENSG00000114302,0.40594059405940597
up,REAC,REAC:R-HSA-8857538,PTK6 promotes HIF1A stabilization,2,18,1,5622,0.006393731997158847,0.19072953605903692,False,GPNMB,ENSG00000136235,0.40594059405940597
up,REAC,REAC:R-HSA-9006927,Signaling by Non-Receptor Tyrosine Kinases,22,18,1,5622,0.06824267803947169,0.19072953605903692,False,GPNMB,ENSG00000136235,0.40594059405940597
up,REAC,REAC:R-HSA-9033241,Peroxisomal protein import,23,18,1,5622,0.07123761228863054,0.19089456636172897,False,GSTK1,ENSG00000197448,0.40594059405940597
up,REAC,REAC:0000000,REACTOME root term,3626,18,15,5622,0.07180437817276047,0.19089456636172897,False,"CFLAR, FUS, CALB1, PRKAR2A, BCL11A, DNAJB1, PLXNC1, GPNMB, CACNA1A, PPFIA4, MANF, ICE1, L3MBTL1, TRRAP, GSTK1","ENSG00000003402, ENSG00000089280, ENSG00000104327, ENSG00000114302, ENSG00000119866, ENSG00000132002, ENSG00000136040, ENSG00000136235, ENSG00000141837, ENSG00000143847, ENSG00000145050, ENSG00000164151, ENSG00000185513, ENSG00000196367, ENSG00000197448",0.40594059405940597
up,GO:MF,GO:0032813,tumor necrosis factor receptor superfamily binding,11,18,1,5622,0.03469073415458734,0.19203799264146382,False,CFLAR,ENSG00000003402,0.40594059405940597
up,REAC,REAC:R-HSA-977225,Amyloid fiber formation,24,18,1,5622,0.07422345314928505,0.19262753317314332,False,CALB1,ENSG00000104327,0.40594059405940597
up,GO:BP,GO:0060042,retina morphogenesis in camera-type eye,19,18,1,5622,0.05920305400855889,0.1931889130805612,False,CALB1,ENSG00000104327,0.40594059405940597
up,GO:BP,GO:0043525,positive regulation of neuron apoptotic process,19,18,1,5622,0.05920305400855889,0.1931889130805612,False,CFLAR,ENSG00000003402,0.40594059405940597
up,GO:BP,GO:0048668,collateral sprouting,19,18,1,5622,0.05920305400855889,0.1931889130805612,False,BCL11A,ENSG00000119866,0.40594059405940597
up,GO:BP,GO:0051491,positive regulation of filopodium assembly,19,18,1,5622,0.05920305400855889,0.1931889130805612,False,ZMYND8,ENSG00000101040,0.40594059405940597
up,GO:MF,GO:0140416,transcription regulator inhibitor activity,12,18,1,5622,0.037787431140011936,0.19523506089006165,False,DNAJB1,ENSG00000132002,0.40594059405940597
up,GO:MF,GO:0051861,glycolipid binding,12,18,1,5622,0.037787431140011936,0.19523506089006165,False,MANF,ENSG00000145050,0.40594059405940597
up,GO:BP,GO:0050808,synapse organization,289,18,3,5622,0.06188633327259032,0.19668114745956636,False,"ZMYND8, PLXNC1, PPFIA4","ENSG00000101040, ENSG00000136040, ENSG00000143847",0.40594059405940597
up,GO:BP,GO:1904645,response to amyloid-beta,20,18,1,5622,0.06222542506475131,0.19668114745956636,False,CACNA1A,ENSG00000141837,0.40594059405940597
up,GO:BP,GO:0072080,nephron tubule development,20,18,1,5622,0.06222542506475131,0.19668114745956636,False,CALB1,ENSG00000104327,0.40594059405940597
up,GO:BP,GO:0042310,vasoconstriction,20,18,1,5622,0.06222542506475131,0.19668114745956636,False,MANF,ENSG00000145050,0.40594059405940597
up,GO:BP,GO:0006749,glutathione metabolic process,20,18,1,5622,0.06222542506475131,0.19668114745956636,False,GSTK1,ENSG00000197448,0.40594059405940597
up,GO:BP,GO:0014855,striated muscle cell proliferation,20,18,1,5622,0.06222542506475131,0.19668114745956636,False,CFLAR,ENSG00000003402,0.40594059405940597
up,GO:BP,GO:0071385,cellular response to glucocorticoid stimulus,20,18,1,5622,0.06222542506475131,0.19668114745956636,False,CFLAR,ENSG00000003402,0.40594059405940597
up,GO:BP,GO:0051962,positive regulation of nervous system development,128,18,2,5622,0.06205498366117074,0.19668114745956636,False,"BCL11A, PLXNC1","ENSG00000119866, ENSG00000136040",0.40594059405940597
up,GO:BP,GO:0141187,nucleic acid biosynthetic process,1432,18,8,5622,0.06251124324553507,0.19681274240586424,False,"FUS, ZMYND8, BCL11A, DNAJB1, ICE1, RBM4B, L3MBTL1, TRRAP","ENSG00000089280, ENSG00000101040, ENSG00000119866, ENSG00000132002, ENSG00000164151, ENSG00000173914, ENSG00000185513, ENSG00000196367",0.40594059405940597
up,REAC,REAC:R-HSA-9662851,Anti-inflammatory response favouring Leishmania parasite infection,27,18,1,5622,0.08312667495604771,0.19697407761324304,False,PRKAR2A,ENSG00000114302,0.40594059405940597
up,REAC,REAC:R-HSA-9664433,Leishmania parasite growth and survival,27,18,1,5622,0.08312667495604771,0.19697407761324304,False,PRKAR2A,ENSG00000114302,0.40594059405940597
up,REAC,REAC:R-HSA-156580,Phase II - Conjugation of compounds,26,18,1,5622,0.08016795859699585,0.19697407761324304,False,GSTK1,ENSG00000197448,0.40594059405940597
up,REAC,REAC:R-HSA-112043,PLC beta mediated events,26,18,1,5622,0.08016795859699585,0.19697407761324304,False,PRKAR2A,ENSG00000114302,0.40594059405940597
up,GO:BP,GO:0007267,cell-cell signaling,485,18,4,5622,0.06336614613870115,0.19872806921320293,False,"ZMYND8, CALB1, GPNMB, CACNA1A","ENSG00000101040, ENSG00000104327, ENSG00000136235, ENSG00000141837",0.40594059405940597
up,GO:BP,GO:2000145,regulation of cell motility,293,18,3,5622,0.0639872895303539,0.19989827659482676,False,"ZMYND8, PLXNC1, GPNMB","ENSG00000101040, ENSG00000136040, ENSG00000136235",0.40594059405940597
up,WP,WP:WP4541,Hippo Merlin signaling dysregulation,38,18,1,5622,0.115084848012042,0.20014756176007265,False,PRKAR2A,ENSG00000114302,0.40594059405940597
up,WP,WP:WP702,Metapathway biotransformation Phase I and II,36,18,1,5622,0.10935365030016282,0.20014756176007265,False,GSTK1,ENSG00000197448,0.40594059405940597
up,WP,WP:WP4540,Hippo signaling regulation,38,18,1,5622,0.115084848012042,0.20014756176007265,False,PRKAR2A,ENSG00000114302,0.40594059405940597
up,WP,WP:WP2267,Synaptic vesicle pathway,37,18,1,5622,0.11222361705537172,0.20014756176007265,False,CACNA1A,ENSG00000141837,0.40594059405940597
up,WP,WP:WP3584,MECP2 and associated Rett syndrome,37,18,1,5622,0.11222361705537172,0.20014756176007265,False,FUS,ENSG00000089280,0.40594059405940597
up,GO:BP,GO:0034103,regulation of tissue remodeling,21,18,1,5622,0.06523862434158711,0.2014648705721046,False,GPNMB,ENSG00000136235,0.40594059405940597
up,GO:BP,GO:0061326,renal tubule development,21,18,1,5622,0.06523862434158711,0.2014648705721046,False,CALB1,ENSG00000104327,0.40594059405940597
up,GO:BP,GO:0043462,regulation of ATP-dependent activity,21,18,1,5622,0.06523862434158711,0.2014648705721046,False,DNAJB1,ENSG00000132002,0.40594059405940597
up,GO:CC,GO:0005829,cytosol,2331,18,11,5622,0.07386048180236093,0.2024235066630117,False,"CFLAR, FUS, CALB1, PRKAR2A, BCL11A, DNAJB1, PPFIA4, MANF, CALB2, RBM4B, GSTK1","ENSG00000003402, ENSG00000089280, ENSG00000104327, ENSG00000114302, ENSG00000119866, ENSG00000132002, ENSG00000143847, ENSG00000145050, ENSG00000172137, ENSG00000173914, ENSG00000197448",0.40594059405940597
up,GO:CC,GO:0043198,dendritic shaft,22,18,1,5622,0.06824267803947169,0.2024235066630117,False,ZMYND8,ENSG00000101040,0.40594059405940597
up,GO:CC,GO:0043232,intracellular membraneless organelle,2045,18,10,5622,0.07590881499862939,0.2024235066630117,False,"FUS, ZMYND8, CALB1, PRKAR2A, BCL11A, DNAJB1, ICE1, RBM4B, L3MBTL1, TRRAP","ENSG00000089280, ENSG00000101040, ENSG00000104327, ENSG00000114302, ENSG00000119866, ENSG00000132002, ENSG00000164151, ENSG00000173914, ENSG00000185513, ENSG00000196367",0.40594059405940597
up,GO:CC,GO:0042995,cell projection,961,18,6,5622,0.07203285167264026,0.2024235066630117,False,"ZMYND8, CALB1, PRKAR2A, DNAJB1, CACNA1A, CALB2","ENSG00000101040, ENSG00000104327, ENSG00000114302, ENSG00000132002, ENSG00000141837, ENSG00000172137",0.40594059405940597
up,GO:CC,GO:0070461,SAGA-type complex,23,18,1,5622,0.07123761228863054,0.2024235066630117,False,TRRAP,ENSG00000196367,0.40594059405940597
up,GO:CC,GO:0061695,"transferase complex, transferring phosphorus-containing groups",143,18,2,5622,0.07537129397564872,0.2024235066630117,False,"PRKAR2A, TRRAP","ENSG00000114302, ENSG00000196367",0.40594059405940597
up,GO:CC,GO:0043228,membraneless organelle,2045,18,10,5622,0.07590881499862939,0.2024235066630117,False,"FUS, ZMYND8, CALB1, PRKAR2A, BCL11A, DNAJB1, ICE1, RBM4B, L3MBTL1, TRRAP","ENSG00000089280, ENSG00000101040, ENSG00000104327, ENSG00000114302, ENSG00000119866, ENSG00000132002, ENSG00000164151, ENSG00000173914, ENSG00000185513, ENSG00000196367",0.40594059405940597
up,GO:CC,GO:0000791,euchromatin,22,18,1,5622,0.06824267803947169,0.2024235066630117,False,ICE1,ENSG00000164151,0.40594059405940597
up,GO:CC,GO:1902562,H4 histone acetyltransferase complex,23,18,1,5622,0.07123761228863054,0.2024235066630117,False,TRRAP,ENSG00000196367,0.40594059405940597
up,GO:CC,GO:0098686,hippocampal mossy fiber to CA3 synapse,25,18,1,5622,0.07720022661182747,0.20292630995108815,False,CALB1,ENSG00000104327,0.40594059405940597
up,GO:BP,GO:0060993,kidney morphogenesis,22,18,1,5622,0.06824267803947169,0.20371703148079398,False,CALB1,ENSG00000104327,0.40594059405940597
up,GO:BP,GO:0000122,negative regulation of transcription by RNA polymerase II,299,18,3,5622,0.06720266757973645,0.20371703148079398,False,"ZMYND8, BCL11A, DNAJB1","ENSG00000101040, ENSG00000119866, ENSG00000132002",0.40594059405940597
up,GO:BP,GO:0080090,regulation of primary metabolic process,1727,18,9,5622,0.06801458885724551,0.20371703148079398,False,"FUS, ZMYND8, PRKAR2A, BCL11A, DNAJB1, ICE1, RBM4B, L3MBTL1, TRRAP","ENSG00000089280, ENSG00000101040, ENSG00000114302, ENSG00000119866, ENSG00000132002, ENSG00000164151, ENSG00000173914, ENSG00000185513, ENSG00000196367",0.40594059405940597
up,GO:BP,GO:0016358,dendrite development,133,18,2,5622,0.0663934688214211,0.20371703148079398,False,"ZMYND8, BCL11A","ENSG00000101040, ENSG00000119866",0.40594059405940597
up,GO:BP,GO:0003073,regulation of systemic arterial blood pressure,22,18,1,5622,0.06824267803947169,0.20371703148079398,False,MANF,ENSG00000145050,0.40594059405940597
up,GO:BP,GO:0048523,negative regulation of cellular process,1726,18,9,5622,0.06778829398952539,0.20371703148079398,False,"CFLAR, FUS, ZMYND8, PRKAR2A, BCL11A, DNAJB1, PLXNC1, GPNMB, L3MBTL1","ENSG00000003402, ENSG00000089280, ENSG00000101040, ENSG00000114302, ENSG00000119866, ENSG00000132002, ENSG00000136040, ENSG00000136235, ENSG00000185513",0.40594059405940597
up,GO:BP,GO:0070849,response to epidermal growth factor,22,18,1,5622,0.06824267803947169,0.20371703148079398,False,CFLAR,ENSG00000003402,0.40594059405940597
up,GO:BP,GO:0071384,cellular response to corticosteroid stimulus,22,18,1,5622,0.06824267803947169,0.20371703148079398,False,CFLAR,ENSG00000003402,0.40594059405940597
up,GO:BP,GO:2000134,negative regulation of G1/S transition of mitotic cell cycle,22,18,1,5622,0.06824267803947169,0.20371703148079398,False,GPNMB,ENSG00000136235,0.40594059405940597
up,GO:BP,GO:0022603,regulation of anatomical structure morphogenesis,302,18,3,5622,0.06883888611865058,0.20473853214624482,False,"BCL11A, PLXNC1, GPNMB","ENSG00000119866, ENSG00000136040, ENSG00000136235",0.40594059405940597
up,GO:MF,GO:0030552,cAMP binding,14,18,1,5622,0.043952700088293495,0.20644450041471057,False,PRKAR2A,ENSG00000114302,0.40594059405940597
up,GO:MF,GO:0005245,voltage-gated calcium channel activity,14,18,1,5622,0.043952700088293495,0.20644450041471057,False,CACNA1A,ENSG00000141837,0.40594059405940597
up,GO:MF,GO:0046872,metal ion binding,1340,18,8,5622,0.04383529879270221,0.20644450041471057,False,"FUS, ZMYND8, CALB1, BCL11A, CACNA1A, CALB2, RBM4B, L3MBTL1","ENSG00000089280, ENSG00000101040, ENSG00000104327, ENSG00000119866, ENSG00000141837, ENSG00000172137, ENSG00000173914, ENSG00000185513",0.40594059405940597
up,WP,WP:WP231,TNF alpha signaling,42,18,1,5622,0.12644291346440537,0.20681734328000623,False,CFLAR,ENSG00000003402,0.40594059405940597
up,WP,WP:WP5224,2q37 copy number variation syndrome,43,18,1,5622,0.1292608395500041,0.20681734328000623,False,CFLAR,ENSG00000003402,0.40594059405940597
up,GO:CC,GO:0034704,calcium channel complex,26,18,1,5622,0.08016795859699585,0.20775921664573638,False,CACNA1A,ENSG00000141837,0.40594059405940597
up,REAC,REAC:R-HSA-112310,Neurotransmitter release cycle,30,18,1,5622,0.09194898775052657,0.2088008263501542,False,PPFIA4,ENSG00000143847,0.40594059405940597
up,REAC,REAC:R-HSA-112040,G-protein mediated events,30,18,1,5622,0.09194898775052657,0.2088008263501542,False,PRKAR2A,ENSG00000114302,0.40594059405940597
up,GO:BP,GO:0051129,negative regulation of cellular component organization,305,18,3,5622,0.07049396879816577,0.20889021636515287,False,"CFLAR, BCL11A, DNAJB1","ENSG00000003402, ENSG00000119866, ENSG00000132002",0.40594059405940597
up,GO:BP,GO:1902807,negative regulation of cell cycle G1/S phase transition,23,18,1,5622,0.07123761228863054,0.2095529762942925,False,GPNMB,ENSG00000136235,0.40594059405940597
up,GO:BP,GO:1990000,amyloid fibril formation,23,18,1,5622,0.07123761228863054,0.2095529762942925,False,FUS,ENSG00000089280,0.40594059405940597
up,GO:BP,GO:0050789,regulation of biological process,3625,18,15,5622,0.07159506210552039,0.20983861838927043,False,"CFLAR, FUS, ZMYND8, CALB1, PRKAR2A, BCL11A, DNAJB1, PLXNC1, GPNMB, CACNA1A, MANF, ICE1, RBM4B, L3MBTL1, TRRAP","ENSG00000003402, ENSG00000089280, ENSG00000101040, ENSG00000104327, ENSG00000114302, ENSG00000119866, ENSG00000132002, ENSG00000136040, ENSG00000136235, ENSG00000141837, ENSG00000145050, ENSG00000164151, ENSG00000173914, ENSG00000185513, ENSG00000196367",0.40594059405940597
up,GO:BP,GO:0016070,RNA metabolic process,1471,18,8,5622,0.07186768887650308,0.2098744827335563,False,"FUS, ZMYND8, BCL11A, DNAJB1, ICE1, RBM4B, L3MBTL1, TRRAP","ENSG00000089280, ENSG00000101040, ENSG00000119866, ENSG00000132002, ENSG00000164151, ENSG00000173914, ENSG00000185513, ENSG00000196367",0.40594059405940597
up,GO:BP,GO:0001657,ureteric bud development,24,18,1,5622,0.07422345314928505,0.20990913416955567,False,CALB1,ENSG00000104327,0.40594059405940597
up,GO:BP,GO:0007204,positive regulation of cytosolic calcium ion concentration,24,18,1,5622,0.07422345314928505,0.20990913416955567,False,CACNA1A,ENSG00000141837,0.40594059405940597
up,GO:BP,GO:0060999,positive regulation of dendritic spine development,24,18,1,5622,0.07422345314928505,0.20990913416955567,False,ZMYND8,ENSG00000101040,0.40594059405940597
up,GO:BP,GO:0001823,mesonephros development,24,18,1,5622,0.07422345314928505,0.20990913416955567,False,CALB1,ENSG00000104327,0.40594059405940597
up,GO:BP,GO:0070509,calcium ion import,24,18,1,5622,0.07422345314928505,0.20990913416955567,False,CACNA1A,ENSG00000141837,0.40594059405940597
up,GO:BP,GO:0050868,negative regulation of T cell activation,24,18,1,5622,0.07422345314928505,0.20990913416955567,False,GPNMB,ENSG00000136235,0.40594059405940597
up,GO:BP,GO:0072163,mesonephric epithelium development,24,18,1,5622,0.07422345314928505,0.20990913416955567,False,CALB1,ENSG00000104327,0.40594059405940597
up,GO:BP,GO:0072164,mesonephric tubule development,24,18,1,5622,0.07422345314928505,0.20990913416955567,False,CALB1,ENSG00000104327,0.40594059405940597
up,GO:BP,GO:0040012,regulation of locomotion,310,18,3,5622,0.07329403366831057,0.20990913416955567,False,"ZMYND8, PLXNC1, GPNMB","ENSG00000101040, ENSG00000136040, ENSG00000136235",0.40594059405940597
up,GO:BP,GO:0019219,regulation of nucleobase-containing compound metabolic process,1223,18,7,5622,0.07557912701985728,0.2129957216014163,False,"FUS, ZMYND8, BCL11A, DNAJB1, ICE1, L3MBTL1, TRRAP","ENSG00000089280, ENSG00000101040, ENSG00000119866, ENSG00000132002, ENSG00000164151, ENSG00000185513, ENSG00000196367",0.40594059405940597
up,GO:BP,GO:0032502,developmental process,2050,18,10,5622,0.07707849835275685,0.21312870935694536,False,"CFLAR, ZMYND8, CALB1, BCL11A, DNAJB1, PLXNC1, GPNMB, MANF, L3MBTL1, GSTK1","ENSG00000003402, ENSG00000101040, ENSG00000104327, ENSG00000119866, ENSG00000132002, ENSG00000136040, ENSG00000136235, ENSG00000145050, ENSG00000185513, ENSG00000197448",0.40594059405940597
up,GO:BP,GO:0003407,neural retina development,25,18,1,5622,0.07720022661182747,0.21312870935694536,False,CALB1,ENSG00000104327,0.40594059405940597
up,GO:BP,GO:0048255,mRNA stabilization,25,18,1,5622,0.07720022661182747,0.21312870935694536,False,FUS,ENSG00000089280,0.40594059405940597
up,GO:BP,GO:0030099,myeloid cell differentiation,145,18,2,5622,0.07721288229804966,0.21312870935694536,False,"CFLAR, L3MBTL1","ENSG00000003402, ENSG00000185513",0.40594059405940597
up,GO:BP,GO:0001941,postsynaptic membrane organization,25,18,1,5622,0.07720022661182747,0.21312870935694536,False,ZMYND8,ENSG00000101040,0.40594059405940597
up,GO:BP,GO:0010660,regulation of muscle cell apoptotic process,25,18,1,5622,0.07720022661182747,0.21312870935694536,False,CFLAR,ENSG00000003402,0.40594059405940597
up,GO:BP,GO:0022008,neurogenesis,741,18,5,5622,0.07760062646115501,0.21346793490679497,False,"CFLAR, ZMYND8, BCL11A, PLXNC1, MANF","ENSG00000003402, ENSG00000101040, ENSG00000119866, ENSG00000136040, ENSG00000145050",0.40594059405940597
up,GO:MF,GO:0030551,cyclic nucleotide binding,15,18,1,5622,0.0470213255159702,0.21436192514633554,False,PRKAR2A,ENSG00000114302,0.40594059405940597
up,REAC,REAC:R-HSA-3371497,HSP90 chaperone cycle for steroid hormone receptors (SHR) in the presence of ligand,33,18,1,5622,0.10069108392156731,0.21520251269511426,False,DNAJB1,ENSG00000132002,0.40594059405940597
up,REAC,REAC:R-HSA-418555,G alpha (s) signalling events,33,18,1,5622,0.10069108392156731,0.21520251269511426,False,PRKAR2A,ENSG00000114302,0.40594059405940597
up,REAC,REAC:R-HSA-373755,Semaphorin interactions,33,18,1,5622,0.10069108392156731,0.21520251269511426,False,PLXNC1,ENSG00000136040,0.40594059405940597
up,GO:MF,GO:0043169,cation binding,1373,18,8,5622,0.05000429859486066,0.21532723840485168,False,"FUS, ZMYND8, CALB1, BCL11A, CACNA1A, CALB2, RBM4B, L3MBTL1","ENSG00000089280, ENSG00000101040, ENSG00000104327, ENSG00000119866, ENSG00000141837, ENSG00000172137, ENSG00000173914, ENSG00000185513",0.40594059405940597
up,GO:MF,GO:0019904,protein domain specific binding,265,18,3,5622,0.050011487629513934,0.21532723840485168,False,"ZMYND8, PRKAR2A, L3MBTL1","ENSG00000101040, ENSG00000114302, ENSG00000185513",0.40594059405940597
up,WP,WP:WP2884,NRF2 pathway,47,18,1,5622,0.14044692367796857,0.2160721902737972,False,DNAJB1,ENSG00000132002,0.40594059405940597
up,GO:CC,GO:0150034,distal axon,153,18,2,5622,0.0847245871609302,0.2165183894112662,False,"CALB1, CALB2","ENSG00000104327, ENSG00000172137",0.40594059405940597
up,GO:BP,GO:0048646,anatomical structure formation involved in morphogenesis,320,18,3,5622,0.0790480658320286,0.21671000360753429,False,"CFLAR, CALB1, GPNMB","ENSG00000003402, ENSG00000104327, ENSG00000136235",0.40594059405940597
up,GO:MF,GO:0004601,peroxidase activity,17,18,1,5622,0.05313069140452956,0.21671729388689628,False,GSTK1,ENSG00000197448,0.40594059405940597
up,GO:MF,GO:0001671,ATPase activator activity,17,18,1,5622,0.05313069140452956,0.21671729388689628,False,DNAJB1,ENSG00000132002,0.40594059405940597
up,GO:BP,GO:0097106,postsynaptic density organization,26,18,1,5622,0.08016795859699585,0.21683011620529818,False,ZMYND8,ENSG00000101040,0.40594059405940597
up,GO:BP,GO:0050771,negative regulation of axonogenesis,26,18,1,5622,0.08016795859699585,0.21683011620529818,False,BCL11A,ENSG00000119866,0.40594059405940597
up,GO:BP,GO:0006259,DNA metabolic process,321,18,3,5622,0.07963461606680554,0.21683011620529818,False,"FUS, ZMYND8, TRRAP","ENSG00000089280, ENSG00000101040, ENSG00000196367",0.40594059405940597
up,GO:BP,GO:0032922,circadian regulation of gene expression,26,18,1,5622,0.08016795859699585,0.21683011620529818,False,RBM4B,ENSG00000173914,0.40594059405940597
up,GO:CC,GO:0035770,ribonucleoprotein granule,334,18,3,5622,0.08744060734658947,0.21838877532297674,False,"BCL11A, ICE1, RBM4B","ENSG00000119866, ENSG00000164151, ENSG00000173914",0.40594059405940597
up,GO:CC,GO:0008023,transcription elongation factor complex,29,18,1,5622,0.08901716385447452,0.21838877532297674,False,ICE1,ENSG00000164151,0.40594059405940597
up,GO:CC,GO:0015030,Cajal body,29,18,1,5622,0.08901716385447452,0.21838877532297674,False,ICE1,ENSG00000164151,0.40594059405940597
up,GO:BP,GO:0072009,nephron epithelium development,28,18,1,5622,0.08607640147093443,0.2195493024859904,False,CALB1,ENSG00000104327,0.40594059405940597
up,GO:BP,GO:1903038,negative regulation of leukocyte cell-cell adhesion,27,18,1,5622,0.08312667495604771,0.2195493024859904,False,GPNMB,ENSG00000136235,0.40594059405940597
up,GO:BP,GO:1904019,epithelial cell apoptotic process,27,18,1,5622,0.08312667495604771,0.2195493024859904,False,CFLAR,ENSG00000003402,0.40594059405940597
up,GO:BP,GO:0071706,tumor necrosis factor superfamily cytokine production,28,18,1,5622,0.08607640147093443,0.2195493024859904,False,GPNMB,ENSG00000136235,0.40594059405940597
up,GO:BP,GO:0010657,muscle cell apoptotic process,27,18,1,5622,0.08312667495604771,0.2195493024859904,False,CFLAR,ENSG00000003402,0.40594059405940597
up,GO:BP,GO:0032640,tumor necrosis factor production,28,18,1,5622,0.08607640147093443,0.2195493024859904,False,GPNMB,ENSG00000136235,0.40594059405940597
up,GO:BP,GO:0032680,regulation of tumor necrosis factor production,28,18,1,5622,0.08607640147093443,0.2195493024859904,False,GPNMB,ENSG00000136235,0.40594059405940597
up,GO:BP,GO:1902373,negative regulation of mRNA catabolic process,28,18,1,5622,0.08607640147093443,0.2195493024859904,False,FUS,ENSG00000089280,0.40594059405940597
up,GO:BP,GO:0008625,extrinsic apoptotic signaling pathway via death domain receptors,28,18,1,5622,0.08607640147093443,0.2195493024859904,False,CFLAR,ENSG00000003402,0.40594059405940597
up,GO:BP,GO:0016925,protein sumoylation,28,18,1,5622,0.08607640147093443,0.2195493024859904,False,BCL11A,ENSG00000119866,0.40594059405940597
up,GO:BP,GO:0034605,cellular response to heat,28,18,1,5622,0.08607640147093443,0.2195493024859904,False,DNAJB1,ENSG00000132002,0.40594059405940597
up,GO:BP,GO:1903555,regulation of tumor necrosis factor superfamily cytokine production,28,18,1,5622,0.08607640147093443,0.2195493024859904,False,GPNMB,ENSG00000136235,0.40594059405940597
up,GO:BP,GO:0006974,DNA damage response,328,18,3,5622,0.083796393119794,0.2195493024859904,False,"FUS, ZMYND8, TRRAP","ENSG00000089280, ENSG00000101040, ENSG00000196367",0.40594059405940597
up,GO:BP,GO:0050767,regulation of neurogenesis,153,18,2,5622,0.0847245871609302,0.2195493024859904,False,"BCL11A, PLXNC1","ENSG00000119866, ENSG00000136040",0.40594059405940597
up,GO:BP,GO:0048519,negative regulation of biological process,1794,18,9,5622,0.08440151445798347,0.2195493024859904,False,"CFLAR, FUS, ZMYND8, PRKAR2A, BCL11A, DNAJB1, PLXNC1, GPNMB, L3MBTL1","ENSG00000003402, ENSG00000089280, ENSG00000101040, ENSG00000114302, ENSG00000119866, ENSG00000132002, ENSG00000136040, ENSG00000136235, ENSG00000185513",0.40594059405940597
up,GO:BP,GO:0090288,negative regulation of cellular response to growth factor stimulus,28,18,1,5622,0.08607640147093443,0.2195493024859904,False,CFLAR,ENSG00000003402,0.40594059405940597
up,GO:BP,GO:0051489,regulation of filopodium assembly,28,18,1,5622,0.08607640147093443,0.2195493024859904,False,ZMYND8,ENSG00000101040,0.40594059405940597
up,GO:BP,GO:0048468,cell development,997,18,6,5622,0.08351805165657947,0.2195493024859904,False,"CFLAR, ZMYND8, BCL11A, PLXNC1, MANF, L3MBTL1","ENSG00000003402, ENSG00000101040, ENSG00000119866, ENSG00000136040, ENSG00000145050, ENSG00000185513",0.40594059405940597
up,WP,WP:WP35,G protein signaling,50,18,1,5622,0.1487472714866565,0.22036632812837992,False,PRKAR2A,ENSG00000114302,0.40594059405940597
up,GO:BP,GO:0050807,regulation of synapse organization,156,18,2,5622,0.0875993283998191,0.22272889176736355,False,"ZMYND8, PLXNC1","ENSG00000101040, ENSG00000136040",0.40594059405940597
up,GO:MF,GO:0030291,protein serine/threonine kinase inhibitor activity,18,18,1,5622,0.0561714849022492,0.22324564512432205,False,PRKAR2A,ENSG00000114302,0.40594059405940597
up,GO:BP,GO:0032968,positive regulation of transcription elongation by RNA polymerase II,29,18,1,5622,0.08901716385447452,0.22351350176543996,False,ZMYND8,ENSG00000101040,0.40594059405940597
up,GO:BP,GO:0098869,cellular oxidant detoxification,29,18,1,5622,0.08901716385447452,0.22351350176543996,False,GSTK1,ENSG00000197448,0.40594059405940597
up,GO:BP,GO:0010720,positive regulation of cell development,157,18,2,5622,0.08856435594365758,0.22351350176543996,False,"BCL11A, PLXNC1","ENSG00000119866, ENSG00000136040",0.40594059405940597
up,GO:BP,GO:0042129,regulation of T cell proliferation,29,18,1,5622,0.08901716385447452,0.22351350176543996,False,GPNMB,ENSG00000136235,0.40594059405940597
up,GO:BP,GO:0050803,regulation of synapse structure or activity,158,18,2,5622,0.08953272611814912,0.22410986723983914,False,"ZMYND8, PLXNC1","ENSG00000101040, ENSG00000136040",0.40594059405940597
up,GO:BP,GO:0050877,nervous system process,339,18,3,5622,0.0905308788425563,0.22590677506842194,False,"ZMYND8, CALB1, MANF","ENSG00000101040, ENSG00000104327, ENSG00000145050",0.40594059405940597
up,GO:BP,GO:0051250,negative regulation of lymphocyte activation,30,18,1,5622,0.09194898775052657,0.22594781746013556,False,GPNMB,ENSG00000136235,0.40594059405940597
up,GO:BP,GO:0098815,modulation of excitatory postsynaptic potential,30,18,1,5622,0.09194898775052657,0.22594781746013556,False,ZMYND8,ENSG00000101040,0.40594059405940597
up,GO:BP,GO:0043500,muscle adaptation,30,18,1,5622,0.09194898775052657,0.22594781746013556,False,CFLAR,ENSG00000003402,0.40594059405940597
up,GO:BP,GO:0007088,regulation of mitotic nuclear division,30,18,1,5622,0.09194898775052657,0.22594781746013556,False,L3MBTL1,ENSG00000185513,0.40594059405940597
up,GO:BP,GO:0140694,membraneless organelle assembly,160,18,2,5622,0.09147938102179048,0.22594781746013556,False,"CFLAR, FUS","ENSG00000003402, ENSG00000089280",0.40594059405940597
up,GO:BP,GO:0003008,system process,551,18,4,5622,0.09237592340419079,0.22630697344613307,False,"CFLAR, ZMYND8, CALB1, MANF","ENSG00000003402, ENSG00000101040, ENSG00000104327, ENSG00000145050",0.40594059405940597
up,GO:BP,GO:0040011,locomotion,343,18,3,5622,0.09303758994285276,0.22723726513314957,False,"ZMYND8, PLXNC1, GPNMB","ENSG00000101040, ENSG00000136040, ENSG00000136235",0.40594059405940597
up,GO:BP,GO:0006357,regulation of transcription by RNA polymerase II,783,18,5,5622,0.09384997170822784,0.22852893412940078,False,"FUS, ZMYND8, BCL11A, DNAJB1, TRRAP","ENSG00000089280, ENSG00000101040, ENSG00000119866, ENSG00000132002, ENSG00000196367",0.40594059405940597
up,GO:MF,GO:0016684,"oxidoreductase activity, acting on peroxide as acceptor",19,18,1,5622,0.05920305400855889,0.22941183428316642,False,GSTK1,ENSG00000197448,0.40594059405940597
up,GO:BP,GO:0060998,regulation of dendritic spine development,31,18,1,5622,0.09487189873416223,0.23032153728835664,False,ZMYND8,ENSG00000101040,0.40594059405940597
up,GO:BP,GO:0098771,inorganic ion homeostasis,164,18,2,5622,0.09541156287915999,0.23093609513694585,False,"CALB1, CALB2","ENSG00000104327, ENSG00000172137",0.40594059405940597
up,GO:BP,GO:0010604,positive regulation of macromolecule metabolic process,1034,18,6,5622,0.09641610867186032,0.2319984611827285,False,"FUS, ZMYND8, BCL11A, ICE1, RBM4B, TRRAP","ENSG00000089280, ENSG00000101040, ENSG00000119866, ENSG00000164151, ENSG00000173914, ENSG00000196367",0.40594059405940597
up,GO:BP,GO:0065007,biological regulation,3730,18,15,5622,0.09642615942458316,0.2319984611827285,False,"CFLAR, FUS, ZMYND8, CALB1, PRKAR2A, BCL11A, DNAJB1, PLXNC1, GPNMB, CACNA1A, MANF, ICE1, RBM4B, L3MBTL1, TRRAP","ENSG00000003402, ENSG00000089280, ENSG00000101040, ENSG00000104327, ENSG00000114302, ENSG00000119866, ENSG00000132002, ENSG00000136040, ENSG00000136235, ENSG00000141837, ENSG00000145050, ENSG00000164151, ENSG00000173914, ENSG00000185513, ENSG00000196367",0.40594059405940597
up,GO:BP,GO:0043489,RNA stabilization,32,18,1,5622,0.09778592231183798,0.234042804495837,False,FUS,ENSG00000089280,0.40594059405940597
up,GO:BP,GO:0034654,nucleobase-containing compound biosynthetic process,1564,18,8,5622,0.09785660684255199,0.234042804495837,False,"FUS, ZMYND8, BCL11A, DNAJB1, ICE1, RBM4B, L3MBTL1, TRRAP","ENSG00000089280, ENSG00000101040, ENSG00000119866, ENSG00000132002, ENSG00000164151, ENSG00000173914, ENSG00000185513, ENSG00000196367",0.40594059405940597
up,GO:BP,GO:0099084,postsynaptic specialization organization,33,18,1,5622,0.10069108392156731,0.2366093692151113,False,ZMYND8,ENSG00000101040,0.40594059405940597
up,GO:BP,GO:0032355,response to estradiol,33,18,1,5622,0.10069108392156731,0.2366093692151113,False,CFLAR,ENSG00000003402,0.40594059405940597
up,GO:BP,GO:0051052,regulation of DNA metabolic process,168,18,2,5622,0.09939409534907098,0.2366093692151113,False,"FUS, TRRAP","ENSG00000089280, ENSG00000196367",0.40594059405940597
up,GO:BP,GO:0006984,ER-nucleus signaling pathway,33,18,1,5622,0.10069108392156731,0.2366093692151113,False,MANF,ENSG00000145050,0.40594059405940597
up,GO:BP,GO:0051384,response to glucocorticoid,33,18,1,5622,0.10069108392156731,0.2366093692151113,False,CFLAR,ENSG00000003402,0.40594059405940597
up,GO:BP,GO:0046847,filopodium assembly,33,18,1,5622,0.10069108392156731,0.2366093692151113,False,ZMYND8,ENSG00000101040,0.40594059405940597
up,GO:CC,GO:0016529,sarcoplasmic reticulum,32,18,1,5622,0.09778592231183798,0.23674486454444968,False,MANF,ENSG00000145050,0.40594059405940597
up,GO:BP,GO:0030003,intracellular monoatomic cation homeostasis,170,18,2,5622,0.10140369608771287,0.23759121815900158,False,"CALB1, CALB2","ENSG00000104327, ENSG00000172137",0.40594059405940597
up,REAC,REAC:R-HSA-6807505,RNA polymerase II transcribes snRNA genes,38,18,1,5622,0.115084848012042,0.23805876173928703,False,ICE1,ENSG00000164151,0.40594059405940597
up,REAC,REAC:R-HSA-3371453,Regulation of HSF1-mediated heat shock response,39,18,1,5622,0.1179373682011149,0.23805876173928703,False,DNAJB1,ENSG00000132002,0.40594059405940597
up,REAC,REAC:R-HSA-438064,Post NMDA receptor activation events,39,18,1,5622,0.1179373682011149,0.23805876173928703,False,PRKAR2A,ENSG00000114302,0.40594059405940597
up,GO:BP,GO:0007399,nervous system development,1049,18,6,5622,0.10196117152954062,0.23820493986321647,False,"CFLAR, ZMYND8, BCL11A, DNAJB1, PLXNC1, MANF","ENSG00000003402, ENSG00000101040, ENSG00000119866, ENSG00000132002, ENSG00000136040, ENSG00000145050",0.40594059405940597
up,GO:BP,GO:0048640,negative regulation of developmental growth,34,18,1,5622,0.10358740893309203,0.2392305203440466,False,BCL11A,ENSG00000119866,0.40594059405940597
up,GO:BP,GO:0014902,myotube differentiation,34,18,1,5622,0.10358740893309203,0.2392305203440466,False,CFLAR,ENSG00000003402,0.40594059405940597
up,GO:BP,GO:0006873,intracellular monoatomic ion homeostasis,172,18,2,5622,0.10342523210477994,0.2392305203440466,False,"CALB1, CALB2","ENSG00000104327, ENSG00000172137",0.40594059405940597
up,GO:BP,GO:0032786,"positive regulation of DNA-templated transcription, elongation",34,18,1,5622,0.10358740893309203,0.2392305203440466,False,ZMYND8,ENSG00000101040,0.40594059405940597
up,WP,WP:WP5426,HDAC6 interactions in the central nervous system,57,18,1,5622,0.16782132653035273,0.2397447521862182,False,FUS,ENSG00000089280,0.40594059405940597
up,GO:BP,GO:0007346,regulation of mitotic cell cycle,173,18,2,5622,0.1044404091033604,0.24051134210659555,False,"GPNMB, L3MBTL1","ENSG00000136235, ENSG00000185513",0.40594059405940597
up,GO:CC,GO:0005930,axoneme,33,18,1,5622,0.10069108392156731,0.2406124602801087,False,PRKAR2A,ENSG00000114302,0.40594059405940597
up,GO:CC,GO:0097014,ciliary plasm,34,18,1,5622,0.10358740893309203,0.24126687650239184,False,PRKAR2A,ENSG00000114302,0.40594059405940597
up,GO:CC,GO:0140513,nuclear protein-containing complex,571,18,4,5622,0.10230418698806133,0.24126687650239184,False,"BCL11A, ICE1, L3MBTL1, TRRAP","ENSG00000119866, ENSG00000164151, ENSG00000185513, ENSG00000196367",0.40594059405940597
up,GO:BP,GO:0002695,negative regulation of leukocyte activation,35,18,1,5622,0.10647492264805339,0.24174306381501667,False,GPNMB,ENSG00000136235,0.40594059405940597
up,GO:BP,GO:0097746,blood vessel diameter maintenance,35,18,1,5622,0.10647492264805339,0.24174306381501667,False,MANF,ENSG00000145050,0.40594059405940597
up,GO:BP,GO:0034502,protein localization to chromosome,35,18,1,5622,0.10647492264805339,0.24174306381501667,False,ZMYND8,ENSG00000101040,0.40594059405940597
up,GO:BP,GO:0035150,regulation of tube size,35,18,1,5622,0.10647492264805339,0.24174306381501667,False,MANF,ENSG00000145050,0.40594059405940597
up,GO:BP,GO:0035296,regulation of tube diameter,35,18,1,5622,0.10647492264805339,0.24174306381501667,False,MANF,ENSG00000145050,0.40594059405940597
up,GO:BP,GO:0007268,chemical synaptic transmission,366,18,3,5622,0.10802803678763447,0.24389523151493944,False,"ZMYND8, CALB1, CACNA1A","ENSG00000101040, ENSG00000104327, ENSG00000141837",0.40594059405940597
up,GO:BP,GO:0098916,anterograde trans-synaptic signaling,366,18,3,5622,0.10802803678763447,0.24389523151493944,False,"ZMYND8, CALB1, CACNA1A","ENSG00000101040, ENSG00000104327, ENSG00000141837",0.40594059405940597
up,GO:BP,GO:2001237,negative regulation of extrinsic apoptotic signaling pathway,36,18,1,5622,0.10935365030016282,0.24556425902985846,False,CFLAR,ENSG00000003402,0.40594059405940597
up,GO:BP,GO:0099537,trans-synaptic signaling,368,18,3,5622,0.10937663646615296,0.24556425902985846,False,"ZMYND8, CALB1, CACNA1A","ENSG00000101040, ENSG00000104327, ENSG00000141837",0.40594059405940597
up,GO:MF,GO:0016765,"transferase activity, transferring alkyl or aryl (other than methyl) groups",21,18,1,5622,0.06523862434158711,0.2459910487469337,False,GSTK1,ENSG00000197448,0.40594059405940597
up,GO:MF,GO:0016209,antioxidant activity,22,18,1,5622,0.06824267803947169,0.2459910487469337,False,GSTK1,ENSG00000197448,0.40594059405940597
up,GO:MF,GO:0008083,growth factor activity,22,18,1,5622,0.06824267803947169,0.2459910487469337,False,MANF,ENSG00000145050,0.40594059405940597
up,WP,WP:WP1984,Integrated breast cancer pathway,61,18,1,5622,0.17853880894701993,0.24626042613382057,False,ZMYND8,ENSG00000101040,0.40594059405940597
up,GO:BP,GO:0050670,regulation of lymphocyte proliferation,37,18,1,5622,0.11222361705537172,0.24646385653032524,False,GPNMB,ENSG00000136235,0.40594059405940597
up,GO:BP,GO:0048593,camera-type eye morphogenesis,37,18,1,5622,0.11222361705537172,0.24646385653032524,False,CALB1,ENSG00000104327,0.40594059405940597
up,GO:BP,GO:0043954,cellular component maintenance,37,18,1,5622,0.11222361705537172,0.24646385653032524,False,ZMYND8,ENSG00000101040,0.40594059405940597
up,GO:BP,GO:0031960,response to corticosteroid,37,18,1,5622,0.11222361705537172,0.24646385653032524,False,CFLAR,ENSG00000003402,0.40594059405940597
up,GO:BP,GO:0051783,regulation of nuclear division,37,18,1,5622,0.11222361705537172,0.24646385653032524,False,L3MBTL1,ENSG00000185513,0.40594059405940597
up,GO:BP,GO:0043254,regulation of protein-containing complex assembly,179,18,2,5622,0.1105915363283817,0.24646385653032524,False,"BCL11A, ICE1","ENSG00000119866, ENSG00000164151",0.40594059405940597
up,GO:BP,GO:1902369,negative regulation of RNA catabolic process,37,18,1,5622,0.11222361705537172,0.24646385653032524,False,FUS,ENSG00000089280,0.40594059405940597
up,GO:BP,GO:0016043,cellular component organization,2475,18,11,5622,0.11068319897978492,0.24646385653032524,False,"CFLAR, FUS, ZMYND8, BCL11A, DNAJB1, PLXNC1, PPFIA4, MANF, ICE1, L3MBTL1, TRRAP","ENSG00000003402, ENSG00000089280, ENSG00000101040, ENSG00000119866, ENSG00000132002, ENSG00000136040, ENSG00000143847, ENSG00000145050, ENSG00000164151, ENSG00000185513, ENSG00000196367",0.40594059405940597
up,GO:CC,GO:0005634,nucleus,2773,18,12,5622,0.1074705234008113,0.24718220382186598,False,"FUS, ZMYND8, CALB1, BCL11A, DNAJB1, CACNA1A, MANF, ICE1, CALB2, RBM4B, L3MBTL1, TRRAP","ENSG00000089280, ENSG00000101040, ENSG00000104327, ENSG00000119866, ENSG00000132002, ENSG00000141837, ENSG00000145050, ENSG00000164151, ENSG00000172137, ENSG00000173914, ENSG00000185513, ENSG00000196367",0.40594059405940597
up,GO:BP,GO:0051960,regulation of nervous system development,183,18,2,5622,0.11474758864735529,0.24868200401529672,False,"BCL11A, PLXNC1","ENSG00000119866, ENSG00000136040",0.40594059405940597
up,GO:BP,GO:0032944,regulation of mononuclear cell proliferation,38,18,1,5622,0.115084848012042,0.24868200401529672,False,GPNMB,ENSG00000136235,0.40594059405940597
up,GO:BP,GO:1901655,cellular response to ketone,38,18,1,5622,0.115084848012042,0.24868200401529672,False,CFLAR,ENSG00000003402,0.40594059405940597
up,GO:BP,GO:0034330,cell junction organization,375,18,3,5622,0.11415159337018835,0.24868200401529672,False,"ZMYND8, PLXNC1, PPFIA4","ENSG00000101040, ENSG00000136040, ENSG00000143847",0.40594059405940597
up,GO:BP,GO:0006383,transcription by RNA polymerase III,38,18,1,5622,0.115084848012042,0.24868200401529672,False,ICE1,ENSG00000164151,0.40594059405940597
up,GO:BP,GO:0007338,single fertilization,38,18,1,5622,0.115084848012042,0.24868200401529672,False,PRKAR2A,ENSG00000114302,0.40594059405940597
up,REAC,REAC:R-HSA-9700206,Signaling by ALK in cancer,50,18,1,5622,0.1487472714866565,0.2494377321853162,False,BCL11A,ENSG00000119866,0.40594059405940597
up,REAC,REAC:R-HSA-6794362,Protein-protein interactions at synapses,50,18,1,5622,0.1487472714866565,0.2494377321853162,False,PPFIA4,ENSG00000143847,0.40594059405940597
up,REAC,REAC:R-HSA-111885,Opioid Signalling,45,18,1,5622,0.13487095649627887,0.2494377321853162,False,PRKAR2A,ENSG00000114302,0.40594059405940597
up,REAC,REAC:R-HSA-109582,Hemostasis,202,18,2,5622,0.13504002918480565,0.2494377321853162,False,"PRKAR2A, MANF","ENSG00000114302, ENSG00000145050",0.40594059405940597
up,REAC,REAC:R-HSA-442755,Activation of NMDA receptors and postsynaptic events,48,18,1,5622,0.1432221623100397,0.2494377321853162,False,PRKAR2A,ENSG00000114302,0.40594059405940597
up,REAC,REAC:R-HSA-211859,Biological oxidations,47,18,1,5622,0.14044692367796857,0.2494377321853162,False,GSTK1,ENSG00000197448,0.40594059405940597
up,REAC,REAC:R-HSA-3214847,HATs acetylate histones,48,18,1,5622,0.1432221623100397,0.2494377321853162,False,TRRAP,ENSG00000196367,0.40594059405940597
up,REAC,REAC:R-HSA-114608,Platelet degranulation ,44,18,1,5622,0.13207017901730997,0.2494377321853162,False,MANF,ENSG00000145050,0.40594059405940597
up,REAC,REAC:R-HSA-162582,Signal Transduction,889,18,5,5622,0.14251051462543315,0.2494377321853162,False,"CFLAR, PRKAR2A, DNAJB1, GPNMB, TRRAP","ENSG00000003402, ENSG00000114302, ENSG00000132002, ENSG00000136235, ENSG00000196367",0.40594059405940597
up,REAC,REAC:R-HSA-76005,Response to elevated platelet cytosolic Ca2+,48,18,1,5622,0.1432221623100397,0.2494377321853162,False,MANF,ENSG00000145050,0.40594059405940597
up,REAC,REAC:R-HSA-9725370,Signaling by ALK fusions and activated point mutants,50,18,1,5622,0.1487472714866565,0.2494377321853162,False,BCL11A,ENSG00000119866,0.40594059405940597
up,GO:MF,GO:0098772,molecular function regulator activity,722,18,5,5622,0.07083076678712069,0.24951747390917484,False,"CFLAR, PRKAR2A, DNAJB1, GPNMB, MANF","ENSG00000003402, ENSG00000114302, ENSG00000132002, ENSG00000136235, ENSG00000145050",0.40594059405940597
up,GO:BP,GO:0001568,blood vessel development,184,18,2,5622,0.11579327960898572,0.2495438057883489,False,"CFLAR, GPNMB","ENSG00000003402, ENSG00000136235",0.40594059405940597
up,GO:CC,GO:0030864,cortical actin cytoskeleton,37,18,1,5622,0.11222361705537172,0.25001538974920706,False,CALB1,ENSG00000104327,0.40594059405940597
up,GO:CC,GO:0044853,plasma membrane raft,37,18,1,5622,0.11222361705537172,0.25001538974920706,False,PRKAR2A,ENSG00000114302,0.40594059405940597
up,GO:CC,GO:0016604,nuclear body,373,18,3,5622,0.11277868124556631,0.25001538974920706,False,"BCL11A, ICE1, RBM4B","ENSG00000119866, ENSG00000164151, ENSG00000173914",0.40594059405940597
up,REAC,REAC:R-HSA-3371556,Cellular response to heat stress,51,18,1,5622,0.1514971905665633,0.2501999056326574,False,DNAJB1,ENSG00000132002,0.40594059405940597
up,REAC,REAC:R-HSA-5687128,MAPK6/MAPK4 signaling,52,18,1,5622,0.15423871822224475,0.25092567591380105,False,DNAJB1,ENSG00000132002,0.40594059405940597
up,GO:BP,GO:0010927,cellular component assembly involved in morphogenesis,39,18,1,5622,0.1179373682011149,0.2514244702791178,False,CFLAR,ENSG00000003402,0.40594059405940597
up,GO:BP,GO:0043408,regulation of MAPK cascade,186,18,2,5622,0.11789249844699243,0.2514244702791178,False,"CFLAR, GPNMB","ENSG00000003402, ENSG00000136235",0.40594059405940597
up,GO:BP,GO:0051239,regulation of multicellular organismal process,839,18,5,5622,0.11822565041660762,0.2514244702791178,False,"ZMYND8, BCL11A, PLXNC1, GPNMB, L3MBTL1","ENSG00000101040, ENSG00000119866, ENSG00000136040, ENSG00000136235, ENSG00000185513",0.40594059405940597
up,GO:BP,GO:0032989,cellular anatomical entity morphogenesis,39,18,1,5622,0.1179373682011149,0.2514244702791178,False,CFLAR,ENSG00000003402,0.40594059405940597
up,GO:BP,GO:0072073,kidney epithelium development,39,18,1,5622,0.1179373682011149,0.2514244702791178,False,CALB1,ENSG00000104327,0.40594059405940597
up,GO:BP,GO:0090304,nucleic acid metabolic process,1628,18,8,5622,0.11884777183158397,0.25208237920067544,False,"FUS, ZMYND8, BCL11A, DNAJB1, ICE1, RBM4B, L3MBTL1, TRRAP","ENSG00000089280, ENSG00000101040, ENSG00000119866, ENSG00000132002, ENSG00000164151, ENSG00000173914, ENSG00000185513, ENSG00000196367",0.40594059405940597
up,GO:BP,GO:0050866,negative regulation of cell activation,40,18,1,5622,0.12078120258628058,0.25351471167849465,False,GPNMB,ENSG00000136235,0.40594059405940597
up,GO:BP,GO:1990748,cellular detoxification,40,18,1,5622,0.12078120258628058,0.25351471167849465,False,GSTK1,ENSG00000197448,0.40594059405940597
up,GO:BP,GO:0008217,regulation of blood pressure,40,18,1,5622,0.12078120258628058,0.25351471167849465,False,MANF,ENSG00000145050,0.40594059405940597
up,GO:BP,GO:0008037,cell recognition,40,18,1,5622,0.12078120258628058,0.25351471167849465,False,PRKAR2A,ENSG00000114302,0.40594059405940597
up,GO:BP,GO:0099536,synaptic signaling,385,18,3,5622,0.12111778900914517,0.2535608777697948,False,"ZMYND8, CALB1, CACNA1A","ENSG00000101040, ENSG00000104327, ENSG00000141837",0.40594059405940597
up,GO:BP,GO:0010629,negative regulation of gene expression,386,18,3,5622,0.1218235814848842,0.2543777375047063,False,"FUS, GPNMB, L3MBTL1","ENSG00000089280, ENSG00000136235, ENSG00000185513",0.40594059405940597
up,GO:MF,GO:0030544,Hsp70 protein binding,24,18,1,5622,0.07422345314928505,0.2556585608475358,False,DNAJB1,ENSG00000132002,0.40594059405940597
up,WP,WP:WP289,Myometrial relaxation and contraction pathways,68,18,1,5622,0.19698139911636522,0.2559563086973222,False,PRKAR2A,ENSG00000114302,0.40594059405940597
up,WP,WP:WP706,Sudden infant death syndrome SIDS susceptibility pathways,70,18,1,5622,0.20217844971269025,0.2559563086973222,False,PRKAR2A,ENSG00000114302,0.40594059405940597
up,WP,WP:WP2003,miR targeted genes in leukocytes,71,18,1,5622,0.20476504695785808,0.2559563086973222,False,DNAJB1,ENSG00000132002,0.40594059405940597
up,GO:BP,GO:0048839,inner ear development,41,18,1,5622,0.1236163760641464,0.2561305889658154,False,CALB1,ENSG00000104327,0.40594059405940597
up,GO:BP,GO:0048771,tissue remodeling,41,18,1,5622,0.1236163760641464,0.2561305889658154,False,GPNMB,ENSG00000136235,0.40594059405940597
up,GO:BP,GO:0090316,positive regulation of intracellular protein transport,41,18,1,5622,0.1236163760641464,0.2561305889658154,False,ICE1,ENSG00000164151,0.40594059405940597
up,GO:BP,GO:0098659,inorganic cation import across plasma membrane,42,18,1,5622,0.12644291346440537,0.2586624067317529,False,CACNA1A,ENSG00000141837,0.40594059405940597
up,GO:BP,GO:0099587,inorganic ion import across plasma membrane,42,18,1,5622,0.12644291346440537,0.2586624067317529,False,CACNA1A,ENSG00000141837,0.40594059405940597
up,GO:BP,GO:0051726,regulation of cell cycle,391,18,3,5622,0.125377074552498,0.2586624067317529,False,"GPNMB, L3MBTL1, TRRAP","ENSG00000136235, ENSG00000185513, ENSG00000196367",0.40594059405940597
up,GO:BP,GO:0042098,T cell proliferation,42,18,1,5622,0.12644291346440537,0.2586624067317529,False,GPNMB,ENSG00000136235,0.40594059405940597
up,GO:BP,GO:1903312,negative regulation of mRNA metabolic process,42,18,1,5622,0.12644291346440537,0.2586624067317529,False,FUS,ENSG00000089280,0.40594059405940597
up,WP,WP:WP3594,Circadian rhythm genes,75,18,1,5622,0.21503244916524378,0.2589636193051646,False,RBM4B,ENSG00000173914,0.40594059405940597
up,WP,WP:WP2006,miR targeted genes in squamous cell,77,18,1,5622,0.22011907640939013,0.2589636193051646,False,DNAJB1,ENSG00000132002,0.40594059405940597
up,GO:BP,GO:0001944,vasculature development,195,18,2,5622,0.12746339112953176,0.25943306376364306,False,"CFLAR, GPNMB","ENSG00000003402, ENSG00000136235",0.40594059405940597
up,GO:BP,GO:0090066,regulation of anatomical structure size,195,18,2,5622,0.12746339112953176,0.25943306376364306,False,"BCL11A, MANF","ENSG00000119866, ENSG00000145050",0.40594059405940597
up,WP,WP:WP411,mRNA processing,80,18,1,5622,0.22769068290144145,0.2602179233159331,False,FUS,ENSG00000089280,0.40594059405940597
up,GO:CC,GO:0098862,cluster of actin-based cell projections,40,18,1,5622,0.12078120258628058,0.2614557797161833,False,CALB1,ENSG00000104327,0.40594059405940597
up,GO:CC,GO:0098797,plasma membrane protein complex,188,18,2,5622,0.12000200012835133,0.2614557797161833,False,"CFLAR, CACNA1A","ENSG00000003402, ENSG00000141837",0.40594059405940597
up,GO:BP,GO:0097237,cellular response to toxic substance,43,18,1,5622,0.1292608395500041,0.2617694388876963,False,GSTK1,ENSG00000197448,0.40594059405940597
up,GO:BP,GO:0070663,regulation of leukocyte proliferation,43,18,1,5622,0.1292608395500041,0.2617694388876963,False,GPNMB,ENSG00000136235,0.40594059405940597
up,GO:BP,GO:0048592,eye morphogenesis,44,18,1,5622,0.13207017901730997,0.26348654526720755,False,CALB1,ENSG00000104327,0.40594059405940597
up,GO:BP,GO:0055080,monoatomic cation homeostasis,199,18,2,5622,0.1317793086735215,0.26348654526720755,False,"CALB1, CALB2","ENSG00000104327, ENSG00000172137",0.40594059405940597
up,GO:BP,GO:0060041,retina development in camera-type eye,44,18,1,5622,0.13207017901730997,0.26348654526720755,False,CALB1,ENSG00000104327,0.40594059405940597
up,GO:BP,GO:0034243,regulation of transcription elongation by RNA polymerase II,44,18,1,5622,0.13207017901730997,0.26348654526720755,False,ZMYND8,ENSG00000101040,0.40594059405940597
up,GO:BP,GO:0009653,anatomical structure morphogenesis,868,18,5,5622,0.13202972983166647,0.26348654526720755,False,"CFLAR, CALB1, BCL11A, PLXNC1, GPNMB","ENSG00000003402, ENSG00000104327, ENSG00000119866, ENSG00000136040, ENSG00000136235",0.40594059405940597
up,GO:BP,GO:0030516,regulation of axon extension,44,18,1,5622,0.13207017901730997,0.26348654526720755,False,BCL11A,ENSG00000119866,0.40594059405940597
up,REAC,REAC:R-HSA-983231,Factors involved in megakaryocyte development and platelet production,56,18,1,5622,0.16512139572241225,0.26467988431974904,False,PRKAR2A,ENSG00000114302,0.40594059405940597
up,GO:CC,GO:0043005,neuron projection,612,18,4,5622,0.12422646874208317,0.2657868633551549,False,"ZMYND8, CALB1, DNAJB1, CALB2","ENSG00000101040, ENSG00000104327, ENSG00000132002, ENSG00000172137",0.40594059405940597
up,GO:BP,GO:2000377,regulation of reactive oxygen species metabolic process,45,18,1,5622,0.13487095649627887,0.26611800372360234,False,CFLAR,ENSG00000003402,0.40594059405940597
up,GO:BP,GO:0050801,monoatomic ion homeostasis,202,18,2,5622,0.13504002918480565,0.26611800372360234,False,"CALB1, CALB2","ENSG00000104327, ENSG00000172137",0.40594059405940597
up,GO:BP,GO:0009566,fertilization,45,18,1,5622,0.13487095649627887,0.26611800372360234,False,PRKAR2A,ENSG00000114302,0.40594059405940597
up,GO:BP,GO:0007189,adenylate cyclase-activating G protein-coupled receptor signaling pathway,45,18,1,5622,0.13487095649627887,0.26611800372360234,False,PRKAR2A,ENSG00000114302,0.40594059405940597
up,GO:BP,GO:0022408,negative regulation of cell-cell adhesion,45,18,1,5622,0.13487095649627887,0.26611800372360234,False,GPNMB,ENSG00000136235,0.40594059405940597
up,GO:CC,GO:0016528,sarcoplasm,42,18,1,5622,0.12644291346440537,0.26741949514311003,False,MANF,ENSG00000145050,0.40594059405940597
up,GO:BP,GO:0048522,positive regulation of cellular process,1961,18,9,5622,0.13627152914255172,0.2674696199443226,False,"CFLAR, FUS, ZMYND8, BCL11A, PLXNC1, GPNMB, ICE1, RBM4B, TRRAP","ENSG00000003402, ENSG00000089280, ENSG00000101040, ENSG00000119866, ENSG00000136040, ENSG00000136235, ENSG00000164151, ENSG00000173914, ENSG00000196367",0.40594059405940597
up,GO:BP,GO:0030154,cell differentiation,1400,18,7,5622,0.1363895952817825,0.2674696199443226,False,"CFLAR, ZMYND8, BCL11A, PLXNC1, MANF, L3MBTL1, GSTK1","ENSG00000003402, ENSG00000101040, ENSG00000119866, ENSG00000136040, ENSG00000145050, ENSG00000185513, ENSG00000197448",0.40594059405940597
up,GO:BP,GO:0048869,cellular developmental process,1401,18,7,5622,0.13679478954957994,0.26761310771107133,False,"CFLAR, ZMYND8, BCL11A, PLXNC1, MANF, L3MBTL1, GSTK1","ENSG00000003402, ENSG00000101040, ENSG00000119866, ENSG00000136040, ENSG00000145050, ENSG00000185513, ENSG00000197448",0.40594059405940597
up,GO:BP,GO:0060079,excitatory postsynaptic potential,46,18,1,5622,0.13766319655062115,0.26801095753575005,False,ZMYND8,ENSG00000101040,0.40594059405940597
up,GO:BP,GO:0009408,response to heat,46,18,1,5622,0.13766319655062115,0.26801095753575005,False,DNAJB1,ENSG00000132002,0.40594059405940597
up,GO:MF,GO:0140693,molecular condensate scaffold activity,26,18,1,5622,0.08016795859699585,0.2701311648377043,False,FUS,ENSG00000089280,0.40594059405940597
up,GO:BP,GO:0071840,cellular component organization or biogenesis,2565,18,11,5622,0.13924045295622253,0.2704284459824465,False,"CFLAR, FUS, ZMYND8, BCL11A, DNAJB1, PLXNC1, PPFIA4, MANF, ICE1, L3MBTL1, TRRAP","ENSG00000003402, ENSG00000089280, ENSG00000101040, ENSG00000119866, ENSG00000132002, ENSG00000136040, ENSG00000143847, ENSG00000145050, ENSG00000164151, ENSG00000185513, ENSG00000196367",0.40594059405940597
up,GO:BP,GO:0031507,heterochromatin formation,47,18,1,5622,0.14044692367796857,0.27081392460392906,False,L3MBTL1,ENSG00000185513,0.40594059405940597
up,GO:BP,GO:0098754,detoxification,47,18,1,5622,0.14044692367796857,0.27081392460392906,False,GSTK1,ENSG00000197448,0.40594059405940597
up,GO:BP,GO:1905897,regulation of response to endoplasmic reticulum stress,47,18,1,5622,0.14044692367796857,0.27081392460392906,False,MANF,ENSG00000145050,0.40594059405940597
up,GO:BP,GO:0042752,regulation of circadian rhythm,48,18,1,5622,0.1432221623100397,0.27225722363653815,False,RBM4B,ENSG00000173914,0.40594059405940597
up,GO:BP,GO:0031644,regulation of nervous system process,48,18,1,5622,0.1432221623100397,0.27225722363653815,False,ZMYND8,ENSG00000101040,0.40594059405940597
up,GO:BP,GO:0030968,endoplasmic reticulum unfolded protein response,48,18,1,5622,0.1432221623100397,0.27225722363653815,False,MANF,ENSG00000145050,0.40594059405940597
up,GO:BP,GO:0050679,positive regulation of epithelial cell proliferation,48,18,1,5622,0.1432221623100397,0.27225722363653815,False,CFLAR,ENSG00000003402,0.40594059405940597
up,GO:BP,GO:0050768,negative regulation of neurogenesis,48,18,1,5622,0.1432221623100397,0.27225722363653815,False,BCL11A,ENSG00000119866,0.40594059405940597
up,GO:BP,GO:0043583,ear development,48,18,1,5622,0.1432221623100397,0.27225722363653815,False,CALB1,ENSG00000104327,0.40594059405940597
up,GO:BP,GO:0009893,positive regulation of metabolic process,1150,18,6,5622,0.14397441307146971,0.27304323984848133,False,"FUS, ZMYND8, BCL11A, ICE1, RBM4B, TRRAP","ENSG00000089280, ENSG00000101040, ENSG00000119866, ENSG00000164151, ENSG00000173914, ENSG00000196367",0.40594059405940597
up,GO:CC,GO:0048786,presynaptic active zone,44,18,1,5622,0.13207017901730997,0.2730439656088207,False,PPFIA4,ENSG00000143847,0.40594059405940597
up,GO:CC,GO:0016591,"RNA polymerase II, holoenzyme",44,18,1,5622,0.13207017901730997,0.2730439656088207,False,TRRAP,ENSG00000196367,0.40594059405940597
up,KEGG,KEGG:04930,Type II diabetes mellitus,20,18,1,5622,0.06222542506475131,0.2734866061976119,False,CACNA1A,ENSG00000141837,0.40594059405940597
up,KEGG,KEGG:04730,Long-term depression,35,18,1,5622,0.10647492264805339,0.2734866061976119,False,CACNA1A,ENSG00000141837,0.40594059405940597
up,KEGG,KEGG:05142,Chagas disease,44,18,1,5622,0.13207017901730997,0.2734866061976119,False,CFLAR,ENSG00000003402,0.40594059405940597
up,KEGG,KEGG:04742,Taste transduction,15,18,1,5622,0.0470213255159702,0.2734866061976119,False,CACNA1A,ENSG00000141837,0.40594059405940597
up,KEGG,KEGG:04721,Synaptic vesicle cycle,47,18,1,5622,0.14044692367796857,0.2734866061976119,False,CACNA1A,ENSG00000141837,0.40594059405940597
up,KEGG,KEGG:04210,Apoptosis,51,18,1,5622,0.1514971905665633,0.2734866061976119,False,CFLAR,ENSG00000003402,0.40594059405940597
up,KEGG,KEGG:03083,Polycomb repressive complex,42,18,1,5622,0.12644291346440537,0.2734866061976119,False,L3MBTL1,ENSG00000185513,0.40594059405940597
up,KEGG,KEGG:03015,mRNA surveillance pathway,55,18,1,5622,0.16241319336577204,0.2734866061976119,False,FUS,ENSG00000089280,0.40594059405940597
up,KEGG,KEGG:05160,Hepatitis C,54,18,1,5622,0.15969669561452585,0.2734866061976119,False,CFLAR,ENSG00000003402,0.40594059405940597
up,KEGG,KEGG:05164,Influenza A,45,18,1,5622,0.13487095649627887,0.2734866061976119,False,DNAJB1,ENSG00000132002,0.40594059405940597
up,KEGG,KEGG:05032,Morphine addiction,40,18,1,5622,0.12078120258628058,0.2734866061976119,False,CACNA1A,ENSG00000141837,0.40594059405940597
up,KEGG,KEGG:05033,Nicotine addiction,17,18,1,5622,0.05313069140452956,0.2734866061976119,False,CACNA1A,ENSG00000141837,0.40594059405940597
up,KEGG,KEGG:00982,Drug metabolism - cytochrome P450,11,18,1,5622,0.03469073415458734,0.2734866061976119,False,GSTK1,ENSG00000197448,0.40594059405940597
up,KEGG,KEGG:00480,Glutathione metabolism,24,18,1,5622,0.07422345314928505,0.2734866061976119,False,GSTK1,ENSG00000197448,0.40594059405940597
up,KEGG,KEGG:00980,Metabolism of xenobiotics by cytochrome P450,11,18,1,5622,0.03469073415458734,0.2734866061976119,False,GSTK1,ENSG00000197448,0.40594059405940597
up,KEGG,KEGG:03082,ATP-dependent chromatin remodeling,46,18,1,5622,0.13766319655062115,0.2734866061976119,False,TRRAP,ENSG00000196367,0.40594059405940597
up,KEGG,KEGG:04146,Peroxisome,38,18,1,5622,0.115084848012042,0.2734866061976119,False,GSTK1,ENSG00000197448,0.40594059405940597
up,KEGG,KEGG:04724,Glutamatergic synapse,57,18,1,5622,0.16782132653035273,0.2734866061976119,False,CACNA1A,ENSG00000141837,0.40594059405940597
up,KEGG,KEGG:05202,Transcriptional misregulation in cancer,45,18,1,5622,0.13487095649627887,0.2734866061976119,False,FUS,ENSG00000089280,0.40594059405940597
up,KEGG,KEGG:04064,NF-kappa B signaling pathway,24,18,1,5622,0.07422345314928505,0.2734866061976119,False,CFLAR,ENSG00000003402,0.40594059405940597
up,KEGG,KEGG:05204,Chemical carcinogenesis - DNA adducts,10,18,1,5622,0.031584626398917445,0.2734866061976119,False,GSTK1,ENSG00000197448,0.40594059405940597
up,KEGG,KEGG:04961,Endocrine and other factor-regulated calcium reabsorption,33,18,1,5622,0.10069108392156731,0.2734866061976119,False,CALB1,ENSG00000104327,0.40594059405940597
up,KEGG,KEGG:04725,Cholinergic synapse,47,18,1,5622,0.14044692367796857,0.2734866061976119,False,CACNA1A,ENSG00000141837,0.40594059405940597
up,KEGG,KEGG:04217,Necroptosis,50,18,1,5622,0.1487472714866565,0.2734866061976119,False,CFLAR,ENSG00000003402,0.40594059405940597
up,KEGG,KEGG:04727,GABAergic synapse,41,18,1,5622,0.1236163760641464,0.2734866061976119,False,CACNA1A,ENSG00000141837,0.40594059405940597
up,KEGG,KEGG:04668,TNF signaling pathway,40,18,1,5622,0.12078120258628058,0.2734866061976119,False,CFLAR,ENSG00000003402,0.40594059405940597
up,KEGG,KEGG:04726,Serotonergic synapse,47,18,1,5622,0.14044692367796857,0.2734866061976119,False,CACNA1A,ENSG00000141837,0.40594059405940597
up,GO:BP,GO:0097061,dendritic spine organization,49,18,1,5622,0.145988936812806,0.2742822449210289,False,ZMYND8,ENSG00000101040,0.40594059405940597
up,GO:BP,GO:0031099,regeneration,49,18,1,5622,0.145988936812806,0.2742822449210289,False,CFLAR,ENSG00000003402,0.40594059405940597
up,GO:BP,GO:0008360,regulation of cell shape,49,18,1,5622,0.145988936812806,0.2742822449210289,False,PLXNC1,ENSG00000136040,0.40594059405940597
up,GO:BP,GO:0099565,"chemical synaptic transmission, postsynaptic",49,18,1,5622,0.145988936812806,0.2742822449210289,False,ZMYND8,ENSG00000101040,0.40594059405940597
up,GO:CC,GO:0055029,nuclear DNA-directed RNA polymerase complex,45,18,1,5622,0.13487095649627887,0.27525458100266803,False,TRRAP,ENSG00000196367,0.40594059405940597
up,GO:CC,GO:0032279,asymmetric synapse,203,18,2,5622,0.136131341691537,0.27525458100266803,False,"DNAJB1, PLXNC1","ENSG00000132002, ENSG00000136040",0.40594059405940597
up,GO:CC,GO:0043233,organelle lumen,2276,18,10,5622,0.1438628961962103,0.27573721770940285,False,"FUS, ZMYND8, BCL11A, DNAJB1, MANF, ICE1, RBM4B, L3MBTL1, TRRAP, GSTK1","ENSG00000089280, ENSG00000101040, ENSG00000119866, ENSG00000132002, ENSG00000145050, ENSG00000164151, ENSG00000173914, ENSG00000185513, ENSG00000196367, ENSG00000197448",0.40594059405940597
up,GO:CC,GO:0090734,site of DNA damage,48,18,1,5622,0.1432221623100397,0.27573721770940285,False,ZMYND8,ENSG00000101040,0.40594059405940597
up,GO:CC,GO:0000118,histone deacetylase complex,47,18,1,5622,0.14044692367796857,0.27573721770940285,False,TRRAP,ENSG00000196367,0.40594059405940597
up,GO:CC,GO:0031974,membrane-enclosed lumen,2276,18,10,5622,0.1438628961962103,0.27573721770940285,False,"FUS, ZMYND8, BCL11A, DNAJB1, MANF, ICE1, RBM4B, L3MBTL1, TRRAP, GSTK1","ENSG00000089280, ENSG00000101040, ENSG00000119866, ENSG00000132002, ENSG00000145050, ENSG00000164151, ENSG00000173914, ENSG00000185513, ENSG00000196367, ENSG00000197448",0.40594059405940597
up,GO:CC,GO:0070013,intracellular organelle lumen,2276,18,10,5622,0.1438628961962103,0.27573721770940285,False,"FUS, ZMYND8, BCL11A, DNAJB1, MANF, ICE1, RBM4B, L3MBTL1, TRRAP, GSTK1","ENSG00000089280, ENSG00000101040, ENSG00000119866, ENSG00000132002, ENSG00000145050, ENSG00000164151, ENSG00000173914, ENSG00000185513, ENSG00000196367, ENSG00000197448",0.40594059405940597
up,GO:BP,GO:0051094,positive regulation of developmental process,421,18,3,5622,0.14751758768422024,0.2765097108685614,False,"ZMYND8, BCL11A, PLXNC1","ENSG00000101040, ENSG00000119866, ENSG00000136040",0.40594059405940597
up,GO:BP,GO:0044089,positive regulation of cellular component biogenesis,214,18,2,5622,0.14827364703585127,0.27688291182042746,False,"ZMYND8, ICE1","ENSG00000101040, ENSG00000164151",0.40594059405940597
up,GO:BP,GO:0033002,muscle cell proliferation,50,18,1,5622,0.1487472714866565,0.27688291182042746,False,CFLAR,ENSG00000003402,0.40594059405940597
up,GO:BP,GO:0070828,heterochromatin organization,50,18,1,5622,0.1487472714866565,0.27688291182042746,False,L3MBTL1,ENSG00000185513,0.40594059405940597
up,GO:BP,GO:1903844,regulation of cellular response to transforming growth factor beta stimulus,51,18,1,5622,0.1514971905665633,0.2813519253379031,False,CFLAR,ENSG00000003402,0.40594059405940597
up,GO:MF,GO:0060590,ATPase regulator activity,33,18,1,5622,0.10069108392156731,0.2824238151083972,False,DNAJB1,ENSG00000132002,0.40594059405940597
up,GO:MF,GO:0022843,voltage-gated monoatomic cation channel activity,35,18,1,5622,0.10647492264805339,0.2824238151083972,False,CACNA1A,ENSG00000141837,0.40594059405940597
up,GO:MF,GO:0031491,nucleosome binding,28,18,1,5622,0.08607640147093443,0.2824238151083972,False,L3MBTL1,ENSG00000185513,0.40594059405940597
up,GO:MF,GO:0019842,vitamin binding,30,18,1,5622,0.09194898775052657,0.2824238151083972,False,CALB1,ENSG00000104327,0.40594059405940597
up,GO:MF,GO:0140678,molecular function inhibitor activity,176,18,2,5622,0.1075032586541641,0.2824238151083972,False,"PRKAR2A, DNAJB1","ENSG00000114302, ENSG00000132002",0.40594059405940597
up,GO:MF,GO:0051018,protein kinase A binding,30,18,1,5622,0.09194898775052657,0.2824238151083972,False,PRKAR2A,ENSG00000114302,0.40594059405940597
up,GO:MF,GO:0019210,kinase inhibitor activity,35,18,1,5622,0.10647492264805339,0.2824238151083972,False,PRKAR2A,ENSG00000114302,0.40594059405940597
up,GO:MF,GO:0008201,heparin binding,33,18,1,5622,0.10069108392156731,0.2824238151083972,False,GPNMB,ENSG00000136235,0.40594059405940597
up,GO:MF,GO:0004197,cysteine-type endopeptidase activity,34,18,1,5622,0.10358740893309203,0.2824238151083972,False,CFLAR,ENSG00000003402,0.40594059405940597
up,GO:MF,GO:0004860,protein kinase inhibitor activity,33,18,1,5622,0.10069108392156731,0.2824238151083972,False,PRKAR2A,ENSG00000114302,0.40594059405940597
up,GO:MF,GO:0005102,signaling receptor binding,335,18,3,5622,0.08805480057492727,0.2824238151083972,False,"CFLAR, PLXNC1, GPNMB","ENSG00000003402, ENSG00000136040, ENSG00000136235",0.40594059405940597
up,GO:MF,GO:0005178,integrin binding,35,18,1,5622,0.10647492264805339,0.2824238151083972,False,GPNMB,ENSG00000136235,0.40594059405940597
up,GO:MF,GO:0005126,cytokine receptor binding,35,18,1,5622,0.10647492264805339,0.2824238151083972,False,CFLAR,ENSG00000003402,0.40594059405940597
up,GO:BP,GO:0051961,negative regulation of nervous system development,52,18,1,5622,0.15423871822224475,0.2825372883798391,False,BCL11A,ENSG00000119866,0.40594059405940597
up,GO:BP,GO:0034620,cellular response to unfolded protein,52,18,1,5622,0.15423871822224475,0.2825372883798391,False,MANF,ENSG00000145050,0.40594059405940597
up,GO:BP,GO:1901991,negative regulation of mitotic cell cycle phase transition,52,18,1,5622,0.15423871822224475,0.2825372883798391,False,GPNMB,ENSG00000136235,0.40594059405940597
up,GO:BP,GO:0030155,regulation of cell adhesion,218,18,2,5622,0.15274813417304295,0.2825372883798391,False,"PLXNC1, GPNMB","ENSG00000136040, ENSG00000136235",0.40594059405940597
up,GO:BP,GO:0007519,skeletal muscle tissue development,52,18,1,5622,0.15423871822224475,0.2825372883798391,False,CFLAR,ENSG00000003402,0.40594059405940597
up,GO:BP,GO:0071456,cellular response to hypoxia,52,18,1,5622,0.15423871822224475,0.2825372883798391,False,CFLAR,ENSG00000003402,0.40594059405940597
up,KEGG,KEGG:04910,Insulin signaling pathway,68,18,1,5622,0.19698139911636522,0.28264435457229203,False,PRKAR2A,ENSG00000114302,0.40594059405940597
up,KEGG,KEGG:04728,Dopaminergic synapse,79,18,1,5622,0.22517456204935574,0.28264435457229203,False,CACNA1A,ENSG00000141837,0.40594059405940597
up,KEGG,KEGG:00000,KEGG root term,2716,18,11,5622,0.19717798251094165,0.28264435457229203,False,"CFLAR, FUS, CALB1, PRKAR2A, DNAJB1, PLXNC1, CACNA1A, PPFIA4, L3MBTL1, TRRAP, GSTK1","ENSG00000003402, ENSG00000089280, ENSG00000104327, ENSG00000114302, ENSG00000132002, ENSG00000136040, ENSG00000141837, ENSG00000143847, ENSG00000185513, ENSG00000196367, ENSG00000197448",0.40594059405940597
up,KEGG,KEGG:05166,Human T-cell leukemia virus 1 infection,80,18,1,5622,0.22769068290144145,0.28264435457229203,False,TRRAP,ENSG00000196367,0.40594059405940597
up,KEGG,KEGG:04360,Axon guidance,81,18,1,5622,0.23019908559140434,0.28264435457229203,False,PLXNC1,ENSG00000136040,0.40594059405940597
up,KEGG,KEGG:05017,Spinocerebellar ataxia,84,18,1,5622,0.23767820725397287,0.28264435457229203,False,CACNA1A,ENSG00000141837,0.40594059405940597
up,KEGG,KEGG:04723,Retrograde endocannabinoid signaling,78,18,1,5622,0.2226507006879529,0.28264435457229203,False,CACNA1A,ENSG00000141837,0.40594059405940597
up,KEGG,KEGG:03040,Spliceosome,83,18,1,5622,0.23519282557141022,0.28264435457229203,False,FUS,ENSG00000089280,0.40594059405940597
up,KEGG,KEGG:04020,Calcium signaling pathway,76,18,1,5622,0.21757966674502113,0.28264435457229203,False,CACNA1A,ENSG00000141837,0.40594059405940597
up,KEGG,KEGG:05207,Chemical carcinogenesis - receptor activation,68,18,1,5622,0.19698139911636522,0.28264435457229203,False,CACNA1A,ENSG00000141837,0.40594059405940597
up,GO:BP,GO:0007409,axonogenesis,220,18,2,5622,0.154996457353759,0.28328150709099725,False,"BCL11A, PLXNC1","ENSG00000119866, ENSG00000136040",0.40594059405940597
up,GO:BP,GO:0032784,regulation of DNA-templated transcription elongation,53,18,1,5622,0.1569718785583309,0.28559669101132035,False,ZMYND8,ENSG00000101040,0.40594059405940597
up,GO:BP,GO:0018205,peptidyl-lysine modification,53,18,1,5622,0.1569718785583309,0.28559669101132035,False,BCL11A,ENSG00000119866,0.40594059405940597
up,GO:BP,GO:0120034,positive regulation of plasma membrane bounded cell projection assembly,54,18,1,5622,0.15969669561452585,0.2866715738648281,False,ZMYND8,ENSG00000101040,0.40594059405940597
up,GO:BP,GO:0055002,striated muscle cell development,54,18,1,5622,0.15969669561452585,0.2866715738648281,False,CFLAR,ENSG00000003402,0.40594059405940597
up,GO:BP,GO:0050773,regulation of dendrite development,54,18,1,5622,0.15969669561452585,0.2866715738648281,False,BCL11A,ENSG00000119866,0.40594059405940597
up,GO:BP,GO:0106027,neuron projection organization,54,18,1,5622,0.15969669561452585,0.2866715738648281,False,ZMYND8,ENSG00000101040,0.40594059405940597
up,GO:BP,GO:0046651,lymphocyte proliferation,54,18,1,5622,0.15969669561452585,0.2866715738648281,False,GPNMB,ENSG00000136235,0.40594059405940597
up,GO:BP,GO:2001236,regulation of extrinsic apoptotic signaling pathway,54,18,1,5622,0.15969669561452585,0.2866715738648281,False,CFLAR,ENSG00000003402,0.40594059405940597
up,GO:CC,GO:0000428,DNA-directed RNA polymerase complex,54,18,1,5622,0.15969669561452585,0.28808031365757597,False,TRRAP,ENSG00000196367,0.40594059405940597
up,GO:CC,GO:0000123,histone acetyltransferase complex,52,18,1,5622,0.15423871822224475,0.28808031365757597,False,TRRAP,ENSG00000196367,0.40594059405940597
up,GO:CC,GO:0005615,extracellular space,915,18,5,5622,0.15603182883240113,0.28808031365757597,False,"CALB1, PRKAR2A, DNAJB1, MANF, GSTK1","ENSG00000104327, ENSG00000114302, ENSG00000132002, ENSG00000145050, ENSG00000197448",0.40594059405940597
up,GO:CC,GO:0005730,nucleolus,432,18,3,5622,0.15596605721530826,0.28808031365757597,False,"ZMYND8, DNAJB1, RBM4B","ENSG00000101040, ENSG00000132002, ENSG00000173914",0.40594059405940597
up,GO:CC,GO:0030880,RNA polymerase complex,54,18,1,5622,0.15969669561452585,0.28808031365757597,False,TRRAP,ENSG00000196367,0.40594059405940597
up,GO:CC,GO:0120025,plasma membrane bounded cell projection,918,18,5,5622,0.15762980060267054,0.28808031365757597,False,"ZMYND8, CALB1, PRKAR2A, DNAJB1, CALB2","ENSG00000101040, ENSG00000104327, ENSG00000114302, ENSG00000132002, ENSG00000172137",0.40594059405940597
up,GO:BP,GO:0060996,dendritic spine development,55,18,1,5622,0.16241319336577204,0.28897358466404444,False,ZMYND8,ENSG00000101040,0.40594059405940597
up,GO:BP,GO:0006396,RNA processing,440,18,3,5622,0.16221380727084428,0.28897358466404444,False,"FUS, RBM4B, TRRAP","ENSG00000089280, ENSG00000173914, ENSG00000196367",0.40594059405940597
up,GO:BP,GO:0010467,gene expression,2029,18,9,5622,0.16203328713839626,0.28897358466404444,False,"FUS, ZMYND8, BCL11A, DNAJB1, GPNMB, ICE1, RBM4B, L3MBTL1, TRRAP","ENSG00000089280, ENSG00000101040, ENSG00000119866, ENSG00000132002, ENSG00000136235, ENSG00000164151, ENSG00000173914, ENSG00000185513, ENSG00000196367",0.40594059405940597
up,GO:BP,GO:0061387,regulation of extent of cell growth,55,18,1,5622,0.16241319336577204,0.28897358466404444,False,BCL11A,ENSG00000119866,0.40594059405940597
up,GO:CC,GO:0030863,cortical cytoskeleton,55,18,1,5622,0.16241319336577204,0.2893555886945129,False,CALB1,ENSG00000104327,0.40594059405940597
up,GO:CC,GO:0032993,protein-DNA complex,56,18,1,5622,0.16512139572241225,0.2893555886945129,False,TRRAP,ENSG00000196367,0.40594059405940597
up,GO:CC,GO:0005654,nucleoplasm,1747,18,8,5622,0.1646748487204951,0.2893555886945129,False,"FUS, ZMYND8, BCL11A, DNAJB1, ICE1, RBM4B, L3MBTL1, TRRAP","ENSG00000089280, ENSG00000101040, ENSG00000119866, ENSG00000132002, ENSG00000164151, ENSG00000173914, ENSG00000185513, ENSG00000196367",0.40594059405940597
up,GO:BP,GO:0036294,cellular response to decreased oxygen levels,56,18,1,5622,0.16512139572241225,0.29250075813684456,False,CFLAR,ENSG00000003402,0.40594059405940597
up,GO:BP,GO:0032943,mononuclear cell proliferation,56,18,1,5622,0.16512139572241225,0.29250075813684456,False,GPNMB,ENSG00000136235,0.40594059405940597
up,GO:BP,GO:0060538,skeletal muscle organ development,57,18,1,5622,0.16782132653035273,0.29663155522689544,False,CFLAR,ENSG00000003402,0.40594059405940597
up,GO:BP,GO:0045229,external encapsulating structure organization,58,18,1,5622,0.17051300957122498,0.2968325825365167,False,CFLAR,ENSG00000003402,0.40594059405940597
up,GO:BP,GO:0000165,MAPK cascade,232,18,2,5622,0.16863090526397553,0.2968325825365167,False,"CFLAR, GPNMB","ENSG00000003402, ENSG00000136235",0.40594059405940597
up,GO:BP,GO:0097553,calcium ion transmembrane import into cytosol,58,18,1,5622,0.17051300957122498,0.2968325825365167,False,CACNA1A,ENSG00000141837,0.40594059405940597
up,GO:BP,GO:0045637,regulation of myeloid cell differentiation,58,18,1,5622,0.17051300957122498,0.2968325825365167,False,L3MBTL1,ENSG00000185513,0.40594059405940597
up,GO:BP,GO:0043062,extracellular structure organization,58,18,1,5622,0.17051300957122498,0.2968325825365167,False,CFLAR,ENSG00000003402,0.40594059405940597
up,GO:BP,GO:0030198,extracellular matrix organization,58,18,1,5622,0.17051300957122498,0.2968325825365167,False,CFLAR,ENSG00000003402,0.40594059405940597
up,GO:BP,GO:0006575,modified amino acid metabolic process,58,18,1,5622,0.17051300957122498,0.2968325825365167,False,GSTK1,ENSG00000197448,0.40594059405940597
up,GO:BP,GO:0010608,post-transcriptional regulation of gene expression,234,18,2,5622,0.17092586471642082,0.2969100150030931,False,"FUS, RBM4B","ENSG00000089280, ENSG00000173914",0.40594059405940597
up,GO:MF,GO:0001540,amyloid-beta binding,38,18,1,5622,0.115084848012042,0.2973025240311079,False,CACNA1A,ENSG00000141837,0.40594059405940597
up,REAC,REAC:R-HSA-5633007,Regulation of TP53 Activity,70,18,1,5622,0.20217844971269025,0.2978033921443683,False,L3MBTL1,ENSG00000185513,0.40594059405940597
up,REAC,REAC:R-HSA-9824443,Parasitic Infection Pathways,69,18,1,5622,0.1995839080857397,0.2978033921443683,False,PRKAR2A,ENSG00000114302,0.40594059405940597
up,REAC,REAC:R-HSA-73887,Death Receptor Signaling,70,18,1,5622,0.20217844971269025,0.2978033921443683,False,CFLAR,ENSG00000003402,0.40594059405940597
up,REAC,REAC:R-HSA-418594,G alpha (i) signalling events,66,18,1,5622,0.19175238699661648,0.2978033921443683,False,PRKAR2A,ENSG00000114302,0.40594059405940597
up,REAC,REAC:R-HSA-9658195,Leishmania infection,69,18,1,5622,0.1995839080857397,0.2978033921443683,False,PRKAR2A,ENSG00000114302,0.40594059405940597
up,REAC,REAC:R-HSA-5610787,Hedgehog 'off' state,65,18,1,5622,0.18912583761332327,0.2978033921443683,False,PRKAR2A,ENSG00000114302,0.40594059405940597
up,GO:BP,GO:0045814,"negative regulation of gene expression, epigenetic",59,18,1,5622,0.17319646856254733,0.30020721217508184,False,L3MBTL1,ENSG00000185513,0.40594059405940597
up,WP,WP:WP2882,Nuclear receptors meta pathway,98,18,1,5622,0.27168241620055456,0.3018693513339494,False,DNAJB1,ENSG00000132002,0.40594059405940597
up,GO:MF,GO:0005262,calcium channel activity,40,18,1,5622,0.12078120258628058,0.30195300646570084,False,CACNA1A,ENSG00000141837,0.40594059405940597
up,GO:MF,GO:0019905,syntaxin binding,40,18,1,5622,0.12078120258628058,0.30195300646570084,False,CACNA1A,ENSG00000141837,0.40594059405940597
up,GO:BP,GO:0016477,cell migration,456,18,3,5622,0.1749561413612185,0.30260654492948974,False,"ZMYND8, PLXNC1, GPNMB","ENSG00000101040, ENSG00000136040, ENSG00000136235",0.40594059405940597
up,GO:BP,GO:0048675,axon extension,60,18,1,5622,0.17587172715788701,0.30353878391703837,False,BCL11A,ENSG00000119866,0.40594059405940597
up,GO:BP,GO:0060341,regulation of cellular localization,241,18,2,5622,0.17900456156766117,0.30374247710217867,False,"ZMYND8, ICE1","ENSG00000101040, ENSG00000164151",0.40594059405940597
up,GO:BP,GO:0061564,axon development,241,18,2,5622,0.17900456156766117,0.30374247710217867,False,"BCL11A, PLXNC1","ENSG00000119866, ENSG00000136040",0.40594059405940597
up,GO:BP,GO:0048518,positive regulation of biological process,2069,18,9,5622,0.17843194893500408,0.30374247710217867,False,"CFLAR, FUS, ZMYND8, BCL11A, PLXNC1, GPNMB, ICE1, RBM4B, TRRAP","ENSG00000003402, ENSG00000089280, ENSG00000101040, ENSG00000119866, ENSG00000136040, ENSG00000136235, ENSG00000164151, ENSG00000173914, ENSG00000196367",0.40594059405940597
up,GO:BP,GO:0006950,response to stress,1222,18,6,5622,0.17868467758505177,0.30374247710217867,False,"CFLAR, FUS, ZMYND8, DNAJB1, MANF, TRRAP","ENSG00000003402, ENSG00000089280, ENSG00000101040, ENSG00000132002, ENSG00000145050, ENSG00000196367",0.40594059405940597
up,GO:BP,GO:0010977,negative regulation of neuron projection development,61,18,1,5622,0.17853880894701993,0.30374247710217867,False,BCL11A,ENSG00000119866,0.40594059405940597
up,GO:BP,GO:0055082,intracellular chemical homeostasis,241,18,2,5622,0.17900456156766117,0.30374247710217867,False,"CALB1, CALB2","ENSG00000104327, ENSG00000172137",0.40594059405940597
up,GO:BP,GO:1901654,response to ketone,61,18,1,5622,0.17853880894701993,0.30374247710217867,False,CFLAR,ENSG00000003402,0.40594059405940597
up,GO:BP,GO:0006368,transcription elongation by RNA polymerase II,61,18,1,5622,0.17853880894701993,0.30374247710217867,False,ZMYND8,ENSG00000101040,0.40594059405940597
up,GO:MF,GO:0044183,protein folding chaperone,41,18,1,5622,0.1236163760641464,0.3041355284117894,False,DNAJB1,ENSG00000132002,0.40594059405940597
up,GO:CC,GO:0031248,protein acetyltransferase complex,60,18,1,5622,0.17587172715788701,0.30528677167029444,False,TRRAP,ENSG00000196367,0.40594059405940597
up,GO:BP,GO:0032388,positive regulation of intracellular transport,62,18,1,5622,0.18119773745609272,0.3061747932696243,False,ICE1,ENSG00000164151,0.40594059405940597
up,GO:BP,GO:0030308,negative regulation of cell growth,62,18,1,5622,0.18119773745609272,0.3061747932696243,False,BCL11A,ENSG00000119866,0.40594059405940597
up,GO:MF,GO:0005496,steroid binding,42,18,1,5622,0.12644291346440537,0.30622893104660653,False,CALB1,ENSG00000104327,0.40594059405940597
up,REAC,REAC:R-HSA-9609507,Protein localization,74,18,1,5622,0.212477401079344,0.3088004895686464,False,GSTK1,ENSG00000197448,0.40594059405940597
up,GO:BP,GO:0007613,memory,64,18,1,5622,0.18649122842145313,0.30928380680594886,False,CALB1,ENSG00000104327,0.40594059405940597
up,GO:BP,GO:0045930,negative regulation of mitotic cell cycle,64,18,1,5622,0.18649122842145313,0.30928380680594886,False,GPNMB,ENSG00000136235,0.40594059405940597
up,GO:BP,GO:0060078,regulation of postsynaptic membrane potential,63,18,1,5622,0.18384853614778168,0.30928380680594886,False,ZMYND8,ENSG00000101040,0.40594059405940597
up,GO:BP,GO:0055001,muscle cell development,64,18,1,5622,0.18649122842145313,0.30928380680594886,False,CFLAR,ENSG00000003402,0.40594059405940597
up,GO:BP,GO:0071453,cellular response to oxygen levels,64,18,1,5622,0.18649122842145313,0.30928380680594886,False,CFLAR,ENSG00000003402,0.40594059405940597
up,GO:BP,GO:0070661,leukocyte proliferation,64,18,1,5622,0.18649122842145313,0.30928380680594886,False,GPNMB,ENSG00000136235,0.40594059405940597
up,GO:BP,GO:2000045,regulation of G1/S transition of mitotic cell cycle,64,18,1,5622,0.18649122842145313,0.30928380680594886,False,GPNMB,ENSG00000136235,0.40594059405940597
up,GO:BP,GO:0006325,chromatin organization,470,18,3,5622,0.18635849339760685,0.30928380680594886,False,"ZMYND8, L3MBTL1, TRRAP","ENSG00000101040, ENSG00000185513, ENSG00000196367",0.40594059405940597
up,GO:BP,GO:0035967,cellular response to topologically incorrect protein,63,18,1,5622,0.18384853614778168,0.30928380680594886,False,MANF,ENSG00000145050,0.40594059405940597
up,GO:BP,GO:1901699,cellular response to nitrogen compound,248,18,2,5622,0.18715030163712928,0.3097395135924562,False,"CFLAR, CACNA1A","ENSG00000003402, ENSG00000141837",0.40594059405940597
up,GO:CC,GO:0042470,melanosome,65,18,1,5622,0.18912583761332327,0.3107067332218882,False,GPNMB,ENSG00000136235,0.40594059405940597
up,GO:CC,GO:0042579,microbody,64,18,1,5622,0.18649122842145313,0.3107067332218882,False,GSTK1,ENSG00000197448,0.40594059405940597
up,GO:CC,GO:0048770,pigment granule,65,18,1,5622,0.18912583761332327,0.3107067332218882,False,GPNMB,ENSG00000136235,0.40594059405940597
up,GO:CC,GO:0005777,peroxisome,64,18,1,5622,0.18649122842145313,0.3107067332218882,False,GSTK1,ENSG00000197448,0.40594059405940597
up,GO:CC,GO:1902493,acetyltransferase complex,65,18,1,5622,0.18912583761332327,0.3107067332218882,False,TRRAP,ENSG00000196367,0.40594059405940597
up,GO:CC,GO:0016363,nuclear matrix,62,18,1,5622,0.18119773745609272,0.3107067332218882,False,BCL11A,ENSG00000119866,0.40594059405940597
up,GO:MF,GO:0140297,DNA-binding transcription factor binding,204,18,2,5622,0.13722481860280397,0.31071982230234346,False,"ZMYND8, BCL11A","ENSG00000101040, ENSG00000119866",0.40594059405940597
up,GO:MF,GO:0051117,ATPase binding,46,18,1,5622,0.13766319655062115,0.31071982230234346,False,DNAJB1,ENSG00000132002,0.40594059405940597
up,GO:MF,GO:0005509,calcium ion binding,205,18,2,5622,0.1383204370249141,0.31071982230234346,False,"CALB1, CALB2","ENSG00000104327, ENSG00000172137",0.40594059405940597
up,GO:MF,GO:0005244,voltage-gated monoatomic ion channel activity,46,18,1,5622,0.13766319655062115,0.31071982230234346,False,CACNA1A,ENSG00000141837,0.40594059405940597
up,GO:MF,GO:0005539,glycosaminoglycan binding,44,18,1,5622,0.13207017901730997,0.31071982230234346,False,GPNMB,ENSG00000136235,0.40594059405940597
up,GO:MF,GO:0022832,voltage-gated channel activity,47,18,1,5622,0.14044692367796857,0.310989616715501,False,CACNA1A,ENSG00000141837,0.40594059405940597
up,GO:BP,GO:0048584,positive regulation of response to stimulus,716,18,4,5622,0.18834515644968336,0.31107827069353444,False,"CFLAR, FUS, GPNMB, TRRAP","ENSG00000003402, ENSG00000089280, ENSG00000136235, ENSG00000196367",0.40594059405940597
up,GO:BP,GO:0002573,myeloid leukocyte differentiation,65,18,1,5622,0.18912583761332327,0.31172888571848373,False,CFLAR,ENSG00000003402,0.40594059405940597
up,GO:CC,GO:0098858,actin-based cell projection,66,18,1,5622,0.19175238699661648,0.3122339752865259,False,CALB1,ENSG00000104327,0.40594059405940597
up,GO:MF,GO:0002020,protease binding,48,18,1,5622,0.1432221623100397,0.3126681008176928,False,CFLAR,ENSG00000003402,0.40594059405940597
up,WP,WP:WP382,MAPK signaling,106,18,1,5622,0.2904648919294655,0.3140160993832063,False,CACNA1A,ENSG00000141837,0.40594059405940597
up,GO:BP,GO:0090596,sensory organ morphogenesis,66,18,1,5622,0.19175238699661648,0.314770720813183,False,CALB1,ENSG00000104327,0.40594059405940597
up,GO:BP,GO:0033157,regulation of intracellular protein transport,66,18,1,5622,0.19175238699661648,0.314770720813183,False,ICE1,ENSG00000164151,0.40594059405940597
up,GO:BP,GO:0032501,multicellular organismal process,2101,18,9,5622,0.1922008820723904,0.3148656726633058,False,"CFLAR, ZMYND8, CALB1, BCL11A, DNAJB1, PLXNC1, GPNMB, MANF, L3MBTL1","ENSG00000003402, ENSG00000101040, ENSG00000104327, ENSG00000119866, ENSG00000132002, ENSG00000136040, ENSG00000136235, ENSG00000145050, ENSG00000185513",0.40594059405940597
up,GO:MF,GO:0043167,ion binding,1990,18,9,5622,0.146929604254119,0.3163067869359506,False,"FUS, ZMYND8, CALB1, PRKAR2A, BCL11A, CACNA1A, CALB2, RBM4B, L3MBTL1","ENSG00000089280, ENSG00000101040, ENSG00000104327, ENSG00000114302, ENSG00000119866, ENSG00000141837, ENSG00000172137, ENSG00000173914, ENSG00000185513",0.40594059405940597
up,GO:BP,GO:0045765,regulation of angiogenesis,67,18,1,5622,0.1943708997817246,0.3171314680649191,False,GPNMB,ENSG00000136235,0.40594059405940597
up,GO:BP,GO:0007188,adenylate cyclase-modulating G protein-coupled receptor signaling pathway,67,18,1,5622,0.1943708997817246,0.3171314680649191,False,PRKAR2A,ENSG00000114302,0.40594059405940597
up,GO:BP,GO:0051093,negative regulation of developmental process,255,18,2,5622,0.19535665767895385,0.31809589108936726,False,"CFLAR, BCL11A","ENSG00000003402, ENSG00000119866",0.40594059405940597
up,GO:BP,GO:0030307,positive regulation of cell growth,68,18,1,5622,0.19698139911636522,0.31880925238512126,False,BCL11A,ENSG00000119866,0.40594059405940597
up,GO:BP,GO:0009612,response to mechanical stimulus,68,18,1,5622,0.19698139911636522,0.31880925238512126,False,CALB1,ENSG00000104327,0.40594059405940597
up,GO:BP,GO:0072593,reactive oxygen species metabolic process,68,18,1,5622,0.19698139911636522,0.31880925238512126,False,CFLAR,ENSG00000003402,0.40594059405940597
up,REAC,REAC:R-HSA-422475,Axon guidance,278,18,2,5622,0.22267173722391942,0.3193581494395687,False,"PRKAR2A, PLXNC1","ENSG00000114302, ENSG00000136040",0.40594059405940597
up,GO:MF,GO:0015085,calcium ion transmembrane transporter activity,51,18,1,5622,0.1514971905665633,0.3216721169564013,False,CACNA1A,ENSG00000141837,0.40594059405940597
up,REAC,REAC:R-HSA-5358351,Signaling by Hedgehog,80,18,1,5622,0.22769068290144145,0.3223153822890535,False,PRKAR2A,ENSG00000114302,0.40594059405940597
up,GO:BP,GO:1901342,regulation of vasculature development,69,18,1,5622,0.1995839080857397,0.3223740078499124,False,GPNMB,ENSG00000136235,0.40594059405940597
up,GO:BP,GO:0048589,developmental growth,259,18,2,5622,0.20007082245249275,0.32251416579341846,False,"CFLAR, BCL11A","ENSG00000003402, ENSG00000119866",0.40594059405940597
up,GO:BP,GO:0010564,regulation of cell cycle process,262,18,2,5622,0.20361742484295484,0.32642921328011587,False,"GPNMB, L3MBTL1","ENSG00000136235, ENSG00000185513",0.40594059405940597
up,GO:BP,GO:0010646,regulation of cell communication,1272,18,6,5622,0.20492950610389404,0.32642921328011587,False,"CFLAR, ZMYND8, CALB1, PRKAR2A, GPNMB, CACNA1A","ENSG00000003402, ENSG00000101040, ENSG00000104327, ENSG00000114302, ENSG00000136235, ENSG00000141837",0.40594059405940597
up,GO:BP,GO:0048639,positive regulation of developmental growth,71,18,1,5622,0.20476504695785808,0.32642921328011587,False,BCL11A,ENSG00000119866,0.40594059405940597
up,GO:BP,GO:0045595,regulation of cell differentiation,492,18,3,5622,0.20470892301569768,0.32642921328011587,False,"BCL11A, PLXNC1, L3MBTL1","ENSG00000119866, ENSG00000136040, ENSG00000185513",0.40594059405940597
up,GO:BP,GO:0001818,negative regulation of cytokine production,71,18,1,5622,0.20476504695785808,0.32642921328011587,False,GPNMB,ENSG00000136235,0.40594059405940597
up,GO:BP,GO:0023051,regulation of signaling,1271,18,6,5622,0.20438850045630483,0.32642921328011587,False,"CFLAR, ZMYND8, CALB1, PRKAR2A, GPNMB, CACNA1A","ENSG00000003402, ENSG00000101040, ENSG00000104327, ENSG00000114302, ENSG00000136235, ENSG00000141837",0.40594059405940597
up,GO:CC,GO:0034703,cation channel complex,71,18,1,5622,0.20476504695785808,0.3276240751325725,False,CACNA1A,ENSG00000141837,0.40594059405940597
up,GO:CC,GO:1902554,serine/threonine protein kinase complex,71,18,1,5622,0.20476504695785808,0.3276240751325725,False,PRKAR2A,ENSG00000114302,0.40594059405940597
up,GO:BP,GO:0006354,DNA-templated transcription elongation,72,18,1,5622,0.2073437227198394,0.3276843931611582,False,ZMYND8,ENSG00000101040,0.40594059405940597
up,GO:BP,GO:0009266,response to temperature stimulus,72,18,1,5622,0.2073437227198394,0.3276843931611582,False,DNAJB1,ENSG00000132002,0.40594059405940597
up,GO:BP,GO:1902806,regulation of cell cycle G1/S phase transition,72,18,1,5622,0.2073437227198394,0.3276843931611582,False,GPNMB,ENSG00000136235,0.40594059405940597
up,GO:BP,GO:0031333,negative regulation of protein-containing complex assembly,72,18,1,5622,0.2073437227198394,0.3276843931611582,False,BCL11A,ENSG00000119866,0.40594059405940597
up,GO:BP,GO:0006139,nucleobase-containing compound metabolic process,1844,18,8,5622,0.20834779044441262,0.3286268475502869,False,"FUS, ZMYND8, BCL11A, DNAJB1, ICE1, RBM4B, L3MBTL1, TRRAP","ENSG00000089280, ENSG00000101040, ENSG00000119866, ENSG00000132002, ENSG00000164151, ENSG00000173914, ENSG00000185513, ENSG00000196367",0.40594059405940597
up,GO:MF,GO:0031072,heat shock protein binding,53,18,1,5622,0.1569718785583309,0.3287924483316396,False,DNAJB1,ENSG00000132002,0.40594059405940597
up,GO:BP,GO:0048870,cell motility,497,18,3,5622,0.20894725885937476,0.3289286926575316,False,"ZMYND8, PLXNC1, GPNMB","ENSG00000101040, ENSG00000136040, ENSG00000136235",0.40594059405940597
up,REAC,REAC:R-HSA-9675108,Nervous system development,289,18,2,5622,0.23588328323656618,0.3296317675998169,False,"PRKAR2A, PLXNC1","ENSG00000114302, ENSG00000136040",0.40594059405940597
up,REAC,REAC:R-HSA-201681,TCF dependent signaling in response to WNT,85,18,1,5622,0.2401559595597564,0.3313544252153597,False,TRRAP,ENSG00000196367,0.40594059405940597
up,KEGG,KEGG:04140,Autophagy - animal,110,18,1,5622,0.2996836687437842,0.3321676857195551,False,CFLAR,ENSG00000003402,0.40594059405940597
up,KEGG,KEGG:04141,Protein processing in endoplasmic reticulum,107,18,1,5622,0.2927802711798769,0.3321676857195551,False,DNAJB1,ENSG00000132002,0.40594059405940597
up,KEGG,KEGG:04010,MAPK signaling pathway,111,18,1,5622,0.3019706233814135,0.3321676857195551,False,CACNA1A,ENSG00000141837,0.40594059405940597
up,GO:CC,GO:1905368,peptidase complex,73,18,1,5622,0.20991449983534263,0.33296782732502606,False,TRRAP,ENSG00000196367,0.40594059405940597
up,GO:BP,GO:1901988,negative regulation of cell cycle phase transition,74,18,1,5622,0.212477401079344,0.3338338894151095,False,GPNMB,ENSG00000136235,0.40594059405940597
up,GO:BP,GO:0031032,actomyosin structure organization,75,18,1,5622,0.21503244916524378,0.33523434047811645,False,CFLAR,ENSG00000003402,0.40594059405940597
up,GO:BP,GO:0031334,positive regulation of protein-containing complex assembly,75,18,1,5622,0.21503244916524378,0.33523434047811645,False,ICE1,ENSG00000164151,0.40594059405940597
up,GO:BP,GO:0003018,vascular process in circulatory system,75,18,1,5622,0.21503244916524378,0.33523434047811645,False,MANF,ENSG00000145050,0.40594059405940597
up,GO:BP,GO:0009636,response to toxic substance,75,18,1,5622,0.21503244916524378,0.33523434047811645,False,GSTK1,ENSG00000197448,0.40594059405940597
up,GO:BP,GO:0045597,positive regulation of cell differentiation,273,18,2,5622,0.21669423245960595,0.33595634367143146,False,"BCL11A, PLXNC1","ENSG00000119866, ENSG00000136040",0.40594059405940597
up,GO:BP,GO:0061448,connective tissue development,76,18,1,5622,0.21757966674502113,0.33595634367143146,False,CFLAR,ENSG00000003402,0.40594059405940597
up,GO:BP,GO:0097191,extrinsic apoptotic signaling pathway,76,18,1,5622,0.21757966674502113,0.33595634367143146,False,CFLAR,ENSG00000003402,0.40594059405940597
up,GO:BP,GO:0010721,negative regulation of cell development,76,18,1,5622,0.21757966674502113,0.33595634367143146,False,BCL11A,ENSG00000119866,0.40594059405940597
up,GO:BP,GO:0043488,regulation of mRNA stability,76,18,1,5622,0.21757966674502113,0.33595634367143146,False,FUS,ENSG00000089280,0.40594059405940597
up,GO:BP,GO:0009888,tissue development,508,18,3,5622,0.21835284883031164,0.336505537585528,False,"CFLAR, CALB1, GSTK1","ENSG00000003402, ENSG00000104327, ENSG00000197448",0.40594059405940597
up,WP,WP:000000,WIKIPATHWAYS,2968,18,11,5622,0.3205179530333362,0.33738731898245905,False,"CFLAR, FUS, ZMYND8, CALB1, PRKAR2A, BCL11A, DNAJB1, CACNA1A, RBM4B, TRRAP, GSTK1","ENSG00000003402, ENSG00000089280, ENSG00000101040, ENSG00000104327, ENSG00000114302, ENSG00000119866, ENSG00000132002, ENSG00000141837, ENSG00000173914, ENSG00000196367, ENSG00000197448",0.40594059405940597
up,GO:BP,GO:0099175,regulation of postsynapse organization,78,18,1,5622,0.2226507006879529,0.3418218376276001,False,ZMYND8,ENSG00000101040,0.40594059405940597
up,GO:BP,GO:0007623,circadian rhythm,78,18,1,5622,0.2226507006879529,0.3418218376276001,False,RBM4B,ENSG00000173914,0.40594059405940597
up,GO:BP,GO:0035295,tube development,279,18,2,5622,0.2238694753381801,0.3430395382558424,False,"CALB1, GPNMB","ENSG00000104327, ENSG00000136235",0.40594059405940597
up,GO:MF,GO:0036094,small molecule binding,2045,18,9,5622,0.16848328782536065,0.3436172317490903,False,"FUS, ZMYND8, CALB1, PRKAR2A, BCL11A, CACNA1A, CALB2, RBM4B, L3MBTL1","ENSG00000089280, ENSG00000101040, ENSG00000104327, ENSG00000114302, ENSG00000119866, ENSG00000141837, ENSG00000172137, ENSG00000173914, ENSG00000185513",0.40594059405940597
up,GO:MF,GO:0003682,chromatin binding,231,18,2,5622,0.16748573061077632,0.3436172317490903,False,"FUS, L3MBTL1","ENSG00000089280, ENSG00000185513",0.40594059405940597
up,REAC,REAC:R-HSA-76002,"Platelet activation, signaling and aggregation",90,18,1,5622,0.25243104996781063,0.3439373055811417,False,MANF,ENSG00000145050,0.40594059405940597
up,GO:BP,GO:0045926,negative regulation of growth,79,18,1,5622,0.22517456204935574,0.3443846243107795,False,BCL11A,ENSG00000119866,0.40594059405940597
up,GO:BP,GO:0009059,macromolecule biosynthetic process,2177,18,9,5622,0.22713540077114616,0.34672563072262047,False,"FUS, ZMYND8, BCL11A, DNAJB1, GPNMB, ICE1, RBM4B, L3MBTL1, TRRAP","ENSG00000089280, ENSG00000101040, ENSG00000119866, ENSG00000132002, ENSG00000136235, ENSG00000164151, ENSG00000173914, ENSG00000185513, ENSG00000196367",0.40594059405940597
up,GO:BP,GO:0043123,positive regulation of canonical NF-kappaB signal transduction,80,18,1,5622,0.22769068290144145,0.3469162389764873,False,CFLAR,ENSG00000003402,0.40594059405940597
up,GO:BP,GO:0051241,negative regulation of multicellular organismal process,283,18,2,5622,0.2286673595572873,0.3477469656663652,False,"BCL11A, GPNMB","ENSG00000119866, ENSG00000136235",0.40594059405940597
up,REAC,REAC:R-HSA-5689880,Ub-specific processing proteases,94,18,1,5622,0.2621160263433211,0.3484225228222195,False,TRRAP,ENSG00000196367,0.40594059405940597
up,REAC,REAC:R-HSA-112314,Neurotransmitter receptors and postsynaptic signal transmission,93,18,1,5622,0.25970595348434433,0.3484225228222195,False,PRKAR2A,ENSG00000114302,0.40594059405940597
up,GO:MF,GO:0003730,mRNA 3'-UTR binding,59,18,1,5622,0.17319646856254733,0.3486422419116211,False,FUS,ENSG00000089280,0.40594059405940597
up,GO:BP,GO:0061013,regulation of mRNA catabolic process,81,18,1,5622,0.23019908559140434,0.34941706777150966,False,FUS,ENSG00000089280,0.40594059405940597
up,GO:BP,GO:0043487,regulation of RNA stability,82,18,1,5622,0.23269979240594207,0.3512285256164597,False,FUS,ENSG00000089280,0.40594059405940597
up,GO:BP,GO:0048667,cell morphogenesis involved in neuron differentiation,286,18,2,5622,0.23227261716776226,0.3512285256164597,False,"BCL11A, PLXNC1","ENSG00000119866, ENSG00000136040",0.40594059405940597
up,GO:BP,GO:0001666,response to hypoxia,82,18,1,5622,0.23269979240594207,0.3512285256164597,False,CFLAR,ENSG00000003402,0.40594059405940597
up,GO:MF,GO:0050839,cell adhesion molecule binding,243,18,2,5622,0.1813253600314235,0.35318680518150725,False,"DNAJB1, GPNMB","ENSG00000132002, ENSG00000136235",0.40594059405940597
up,GO:MF,GO:0051087,protein-folding chaperone binding,65,18,1,5622,0.18912583761332327,0.35318680518150725,False,DNAJB1,ENSG00000132002,0.40594059405940597
up,GO:MF,GO:0008234,cysteine-type peptidase activity,65,18,1,5622,0.18912583761332327,0.35318680518150725,False,CFLAR,ENSG00000003402,0.40594059405940597
up,GO:MF,GO:0051082,unfolded protein binding,61,18,1,5622,0.17853880894701993,0.35318680518150725,False,DNAJB1,ENSG00000132002,0.40594059405940597
up,GO:MF,GO:0000149,SNARE binding,63,18,1,5622,0.18384853614778168,0.35318680518150725,False,CACNA1A,ENSG00000141837,0.40594059405940597
up,GO:MF,GO:1901681,sulfur compound binding,65,18,1,5622,0.18912583761332327,0.35318680518150725,False,GPNMB,ENSG00000136235,0.40594059405940597
up,GO:BP,GO:1903047,mitotic cell cycle process,288,18,2,5622,0.23467915209494694,0.35355401231500455,False,"GPNMB, L3MBTL1","ENSG00000136235, ENSG00000185513",0.40594059405940597
up,GO:BP,GO:2001234,negative regulation of apoptotic signaling pathway,83,18,1,5622,0.23519282557141022,0.35366682352715756,False,CFLAR,ENSG00000003402,0.40594059405940597
up,GO:BP,GO:0060429,epithelium development,289,18,2,5622,0.23588328323656618,0.35404455547238806,False,"CALB1, GSTK1","ENSG00000104327, ENSG00000197448",0.40594059405940597
up,GO:BP,GO:0006790,sulfur compound metabolic process,84,18,1,5622,0.23767820725397287,0.35475673156796683,False,GSTK1,ENSG00000197448,0.40594059405940597
up,GO:BP,GO:0051146,striated muscle cell differentiation,84,18,1,5622,0.23767820725397287,0.35475673156796683,False,CFLAR,ENSG00000003402,0.40594059405940597
up,GO:BP,GO:0000082,G1/S transition of mitotic cell cycle,84,18,1,5622,0.23767820725397287,0.35475673156796683,False,GPNMB,ENSG00000136235,0.40594059405940597
up,GO:CC,GO:1902911,protein kinase complex,80,18,1,5622,0.22769068290144145,0.35504309876156975,False,PRKAR2A,ENSG00000114302,0.40594059405940597
up,GO:CC,GO:0031981,nuclear lumen,1881,18,8,5622,0.22640212865391085,0.35504309876156975,False,"FUS, ZMYND8, BCL11A, DNAJB1, ICE1, RBM4B, L3MBTL1, TRRAP","ENSG00000089280, ENSG00000101040, ENSG00000119866, ENSG00000132002, ENSG00000164151, ENSG00000173914, ENSG00000185513, ENSG00000196367",0.40594059405940597
up,GO:CC,GO:0005788,endoplasmic reticulum lumen,82,18,1,5622,0.23269979240594207,0.3576485942573507,False,MANF,ENSG00000145050,0.40594059405940597
up,GO:CC,GO:0000228,nuclear chromosome,83,18,1,5622,0.23519282557141022,0.3576485942573507,False,TRRAP,ENSG00000196367,0.40594059405940597
up,GO:CC,GO:0070062,extracellular exosome,783,18,4,5622,0.2349853181464309,0.3576485942573507,False,"CALB1, PRKAR2A, DNAJB1, GSTK1","ENSG00000104327, ENSG00000114302, ENSG00000132002, ENSG00000197448",0.40594059405940597
up,GO:BP,GO:0043010,camera-type eye development,85,18,1,5622,0.2401559595597564,0.35779242773597675,False,CALB1,ENSG00000104327,0.40594059405940597
up,GO:CC,GO:0065010,extracellular membrane-bounded organelle,795,18,4,5622,0.2436893063108293,0.3588862115097596,False,"CALB1, PRKAR2A, DNAJB1, GSTK1","ENSG00000104327, ENSG00000114302, ENSG00000132002, ENSG00000197448",0.40594059405940597
up,GO:CC,GO:1903561,extracellular vesicle,795,18,4,5622,0.2436893063108293,0.3588862115097596,False,"CALB1, PRKAR2A, DNAJB1, GSTK1","ENSG00000104327, ENSG00000114302, ENSG00000132002, ENSG00000197448",0.40594059405940597
up,GO:CC,GO:0043230,extracellular organelle,795,18,4,5622,0.2436893063108293,0.3588862115097596,False,"CALB1, PRKAR2A, DNAJB1, GSTK1","ENSG00000104327, ENSG00000114302, ENSG00000132002, ENSG00000197448",0.40594059405940597
up,GO:CC,GO:0005576,extracellular region,1064,18,5,5622,0.24380856760173872,0.3588862115097596,False,"CALB1, PRKAR2A, DNAJB1, MANF, GSTK1","ENSG00000104327, ENSG00000114302, ENSG00000132002, ENSG00000145050, ENSG00000197448",0.40594059405940597
up,GO:BP,GO:0043523,regulation of neuron apoptotic process,86,18,1,5622,0.2426261045350002,0.36014114227478805,False,CFLAR,ENSG00000003402,0.40594059405940597
up,GO:BP,GO:0071383,cellular response to steroid hormone stimulus,86,18,1,5622,0.2426261045350002,0.36014114227478805,False,CFLAR,ENSG00000003402,0.40594059405940597
up,GO:BP,GO:0030097,hemopoiesis,296,18,2,5622,0.2443269386488887,0.36199910395405216,False,"CFLAR, L3MBTL1","ENSG00000003402, ENSG00000185513",0.40594059405940597
up,GO:MF,GO:0044877,protein-containing complex binding,482,18,3,5622,0.19630564343135415,0.36223065156976064,False,"CFLAR, GPNMB, L3MBTL1","ENSG00000003402, ENSG00000136235, ENSG00000185513",0.40594059405940597
up,GO:MF,GO:0001227,"DNA-binding transcription repressor activity, RNA polymerase II-specific",70,18,1,5622,0.20217844971269025,0.364391391924035,False,BCL11A,ENSG00000119866,0.40594059405940597
up,GO:MF,GO:0008134,transcription factor binding,259,18,2,5622,0.20007082245249275,0.364391391924035,False,"ZMYND8, BCL11A","ENSG00000101040, ENSG00000119866",0.40594059405940597
up,GO:CC,GO:0031901,early endosome membrane,89,18,1,5622,0.2499911150447681,0.36472980706093083,False,GPNMB,ENSG00000136235,0.40594059405940597
up,GO:CC,GO:0032991,protein-containing complex,2227,18,9,5622,0.2517428559605335,0.36472980706093083,False,"CFLAR, PRKAR2A, BCL11A, PLXNC1, CACNA1A, ICE1, RBM4B, L3MBTL1, TRRAP","ENSG00000003402, ENSG00000114302, ENSG00000119866, ENSG00000136040, ENSG00000141837, ENSG00000164151, ENSG00000173914, ENSG00000185513, ENSG00000196367",0.40594059405940597
up,GO:BP,GO:0031345,negative regulation of cell projection organization,88,18,1,5622,0.2475436603803022,0.3647535471051614,False,BCL11A,ENSG00000119866,0.40594059405940597
up,GO:BP,GO:0019725,cellular homeostasis,298,18,2,5622,0.24674371067456263,0.3647535471051614,False,"CALB1, CALB2","ENSG00000104327, ENSG00000172137",0.40594059405940597
up,GO:BP,GO:1903037,regulation of leukocyte cell-cell adhesion,88,18,1,5622,0.2475436603803022,0.3647535471051614,False,GPNMB,ENSG00000136235,0.40594059405940597
up,GO:BP,GO:0036293,response to decreased oxygen levels,90,18,1,5622,0.25243104996781063,0.36925485712169726,False,CFLAR,ENSG00000003402,0.40594059405940597
up,GO:BP,GO:0097435,supramolecular fiber organization,302,18,2,5622,0.2515822417387145,0.36925485712169726,False,"CFLAR, FUS","ENSG00000003402, ENSG00000089280",0.40594059405940597
up,GO:BP,GO:0071560,cellular response to transforming growth factor beta stimulus,90,18,1,5622,0.25243104996781063,0.36925485712169726,False,CFLAR,ENSG00000003402,0.40594059405940597
up,GO:BP,GO:0050863,regulation of T cell activation,90,18,1,5622,0.25243104996781063,0.36925485712169726,False,GPNMB,ENSG00000136235,0.40594059405940597
up,GO:MF,GO:0001217,DNA-binding transcription repressor activity,72,18,1,5622,0.2073437227198394,0.36940548300661075,False,BCL11A,ENSG00000119866,0.40594059405940597
up,GO:BP,GO:0050678,regulation of epithelial cell proliferation,91,18,1,5622,0.2548634868985012,0.37079417046966034,False,CFLAR,ENSG00000003402,0.40594059405940597
up,GO:BP,GO:0010948,negative regulation of cell cycle process,91,18,1,5622,0.2548634868985012,0.37079417046966034,False,GPNMB,ENSG00000136235,0.40594059405940597
up,GO:BP,GO:1905475,regulation of protein localization to membrane,91,18,1,5622,0.2548634868985012,0.37079417046966034,False,ZMYND8,ENSG00000101040,0.40594059405940597
up,GO:BP,GO:0098739,import across plasma membrane,92,18,1,5622,0.2572884475269276,0.3714789152505493,False,CACNA1A,ENSG00000141837,0.40594059405940597
up,GO:BP,GO:0071559,response to transforming growth factor beta,92,18,1,5622,0.2572884475269276,0.3714789152505493,False,CFLAR,ENSG00000003402,0.40594059405940597
up,GO:BP,GO:0120032,regulation of plasma membrane bounded cell projection assembly,92,18,1,5622,0.2572884475269276,0.3714789152505493,False,ZMYND8,ENSG00000101040,0.40594059405940597
up,GO:BP,GO:0060491,regulation of cell projection assembly,92,18,1,5622,0.2572884475269276,0.3714789152505493,False,ZMYND8,ENSG00000101040,0.40594059405940597
up,GO:BP,GO:0072359,circulatory system development,307,18,2,5622,0.2576386025124777,0.3714789152505493,False,"CFLAR, GPNMB","ENSG00000003402, ENSG00000136235",0.40594059405940597
up,GO:BP,GO:0051222,positive regulation of protein transport,93,18,1,5622,0.25970595348434433,0.37179928687101516,False,ICE1,ENSG00000164151,0.40594059405940597
up,GO:BP,GO:0007159,leukocyte cell-cell adhesion,93,18,1,5622,0.25970595348434433,0.37179928687101516,False,GPNMB,ENSG00000136235,0.40594059405940597
up,GO:BP,GO:0044843,cell cycle G1/S phase transition,93,18,1,5622,0.25970595348434433,0.37179928687101516,False,GPNMB,ENSG00000136235,0.40594059405940597
up,GO:BP,GO:0009416,response to light stimulus,93,18,1,5622,0.25970595348434433,0.37179928687101516,False,RBM4B,ENSG00000173914,0.40594059405940597
up,GO:BP,GO:1990138,neuron projection extension,94,18,1,5622,0.2621160263433211,0.3739212694384368,False,BCL11A,ENSG00000119866,0.40594059405940597
up,GO:BP,GO:0040029,epigenetic regulation of gene expression,94,18,1,5622,0.2621160263433211,0.3739212694384368,False,L3MBTL1,ENSG00000185513,0.40594059405940597
up,GO:BP,GO:0030336,negative regulation of cell migration,95,18,1,5622,0.26451868761789055,0.37469606717050896,False,ZMYND8,ENSG00000101040,0.40594059405940597
up,GO:BP,GO:0006935,chemotaxis,95,18,1,5622,0.26451868761789055,0.37469606717050896,False,GPNMB,ENSG00000136235,0.40594059405940597
up,GO:BP,GO:0008361,regulation of cell size,95,18,1,5622,0.26451868761789055,0.37469606717050896,False,BCL11A,ENSG00000119866,0.40594059405940597
up,GO:BP,GO:0042330,taxis,95,18,1,5622,0.26451868761789055,0.37469606717050896,False,GPNMB,ENSG00000136235,0.40594059405940597
up,GO:BP,GO:0009058,biosynthetic process,2556,18,10,5622,0.2654307222519129,0.3753283546228805,False,"CFLAR, FUS, ZMYND8, BCL11A, DNAJB1, GPNMB, ICE1, RBM4B, L3MBTL1, TRRAP","ENSG00000003402, ENSG00000089280, ENSG00000101040, ENSG00000119866, ENSG00000132002, ENSG00000136235, ENSG00000164151, ENSG00000173914, ENSG00000185513, ENSG00000196367",0.40594059405940597
up,GO:MF,GO:0042393,histone binding,75,18,1,5622,0.21503244916524378,0.378750336597872,False,L3MBTL1,ENSG00000185513,0.40594059405940597
up,GO:BP,GO:0140014,mitotic nuclear division,97,18,1,5622,0.26930186117814836,0.3788085516746732,False,L3MBTL1,ENSG00000185513,0.40594059405940597
up,GO:BP,GO:0006457,protein folding,97,18,1,5622,0.26930186117814836,0.3788085516746732,False,DNAJB1,ENSG00000132002,0.40594059405940597
up,GO:BP,GO:0007517,muscle organ development,97,18,1,5622,0.26930186117814836,0.3788085516746732,False,CFLAR,ENSG00000003402,0.40594059405940597
up,REAC,REAC:R-HSA-4839726,Chromatin organization,107,18,1,5622,0.2927802711798769,0.3799172566500785,False,TRRAP,ENSG00000196367,0.40594059405940597
up,REAC,REAC:R-HSA-3247509,Chromatin modifying enzymes,107,18,1,5622,0.2927802711798769,0.3799172566500785,False,TRRAP,ENSG00000196367,0.40594059405940597
up,GO:MF,GO:0004175,endopeptidase activity,77,18,1,5622,0.22011907640939013,0.38335344767927454,False,CFLAR,ENSG00000003402,0.40594059405940597
up,GO:MF,GO:0022836,gated channel activity,78,18,1,5622,0.2226507006879529,0.3834539845181411,False,CACNA1A,ENSG00000141837,0.40594059405940597
up,GO:CC,GO:0000793,condensed chromosome,96,18,1,5622,0.26691395876369806,0.38368881572281627,False,L3MBTL1,ENSG00000185513,0.40594059405940597
up,GO:BP,GO:0001654,eye development,100,18,1,5622,0.2764215691369039,0.3867982373686538,False,CALB1,ENSG00000104327,0.40594059405940597
up,GO:BP,GO:0045927,positive regulation of growth,100,18,1,5622,0.2764215691369039,0.3867982373686538,False,BCL11A,ENSG00000119866,0.40594059405940597
up,GO:BP,GO:2000146,negative regulation of cell motility,100,18,1,5622,0.2764215691369039,0.3867982373686538,False,ZMYND8,ENSG00000101040,0.40594059405940597
up,REAC,REAC:R-HSA-376176,Signaling by ROBO receptors,111,18,1,5622,0.3019706233814135,0.38723291704204815,False,PRKAR2A,ENSG00000114302,0.40594059405940597
up,GO:BP,GO:0007626,locomotory behavior,101,18,1,5622,0.2787802094403328,0.388748873371814,False,CALB1,ENSG00000104327,0.40594059405940597
up,GO:BP,GO:0150063,visual system development,101,18,1,5622,0.2787802094403328,0.388748873371814,False,CALB1,ENSG00000104327,0.40594059405940597
up,GO:CC,GO:0090575,RNA polymerase II transcription regulator complex,101,18,1,5622,0.2787802094403328,0.38893392505338903,False,TRRAP,ENSG00000196367,0.40594059405940597
up,GO:CC,GO:0043235,receptor complex,102,18,1,5622,0.28113158713098224,0.38893392505338903,False,PLXNC1,ENSG00000136040,0.40594059405940597
up,GO:CC,GO:0070161,anchoring junction,326,18,2,5622,0.28070726152363357,0.38893392505338903,False,"PRKAR2A, CALB2","ENSG00000114302, ENSG00000172137",0.40594059405940597
up,GO:CC,GO:0098857,membrane microdomain,100,18,1,5622,0.2764215691369039,0.38893392505338903,False,PRKAR2A,ENSG00000114302,0.40594059405940597
up,GO:CC,GO:0045121,membrane raft,99,18,1,5622,0.2740556451122835,0.38893392505338903,False,PRKAR2A,ENSG00000114302,0.40594059405940597
up,GO:BP,GO:0023052,signaling,1983,18,8,5622,0.2797501722401981,0.3894277009077715,False,"CFLAR, ZMYND8, CALB1, PRKAR2A, PLXNC1, GPNMB, CACNA1A, MANF","ENSG00000003402, ENSG00000101040, ENSG00000104327, ENSG00000114302, ENSG00000136040, ENSG00000136235, ENSG00000141837, ENSG00000145050",0.40594059405940597
up,GO:BP,GO:0070482,response to oxygen levels,102,18,1,5622,0.28113158713098224,0.39000354428153483,False,CFLAR,ENSG00000003402,0.40594059405940597
up,GO:BP,GO:0048880,sensory system development,102,18,1,5622,0.28113158713098224,0.39000354428153483,False,CALB1,ENSG00000104327,0.40594059405940597
up,GO:BP,GO:1901698,response to nitrogen compound,327,18,2,5622,0.28192271607705555,0.3904290535362658,False,"CFLAR, CACNA1A","ENSG00000003402, ENSG00000141837",0.40594059405940597
up,GO:BP,GO:0090287,regulation of cellular response to growth factor stimulus,103,18,1,5622,0.28347572325990295,0.3919064029973957,False,CFLAR,ENSG00000003402,0.40594059405940597
up,GO:BP,GO:0048812,neuron projection morphogenesis,329,18,2,5622,0.2843537462031303,0.3924471223282931,False,"BCL11A, PLXNC1","ENSG00000119866, ENSG00000136040",0.40594059405940597
up,GO:BP,GO:0007154,cell communication,1993,18,8,5622,0.28523754833563725,0.39299395548465604,False,"CFLAR, ZMYND8, CALB1, PRKAR2A, PLXNC1, GPNMB, CACNA1A, MANF","ENSG00000003402, ENSG00000101040, ENSG00000104327, ENSG00000114302, ENSG00000136040, ENSG00000136235, ENSG00000141837, ENSG00000145050",0.40594059405940597
up,GO:CC,GO:1902494,catalytic complex,855,18,4,5622,0.28847302132615804,0.3961122083881573,False,"CFLAR, PRKAR2A, BCL11A, TRRAP","ENSG00000003402, ENSG00000114302, ENSG00000119866, ENSG00000196367",0.40594059405940597
up,GO:BP,GO:0010628,positive regulation of gene expression,333,18,2,5622,0.28921595516872656,0.39779532400340223,False,"FUS, RBM4B","ENSG00000089280, ENSG00000173914",0.40594059405940597
up,GO:BP,GO:0048511,rhythmic process,106,18,1,5622,0.2904648919294655,0.3981542566244038,False,RBM4B,ENSG00000173914,0.40594059405940597
up,GO:BP,GO:0040013,negative regulation of locomotion,106,18,1,5622,0.2904648919294655,0.3981542566244038,False,ZMYND8,ENSG00000101040,0.40594059405940597
up,GO:BP,GO:0008150,biological_process,5250,18,18,5622,0.2910670511410367,0.39828995797009786,False,"CFLAR, FUS, ZMYND8, CALB1, PRKAR2A, BCL11A, DNAJB1, PLXNC1, GPNMB, CACNA1A, PPFIA4, MANF, ICE1, CALB2, RBM4B, L3MBTL1, TRRAP, GSTK1","ENSG00000003402, ENSG00000089280, ENSG00000101040, ENSG00000104327, ENSG00000114302, ENSG00000119866, ENSG00000132002, ENSG00000136040, ENSG00000136235, ENSG00000141837, ENSG00000143847, ENSG00000145050, ENSG00000164151, ENSG00000172137, ENSG00000173914, ENSG00000185513, ENSG00000196367, ENSG00000197448",0.40594059405940597
up,GO:BP,GO:0007049,cell cycle,592,18,3,5622,0.29303467131050653,0.39828995797009786,False,"GPNMB, L3MBTL1, TRRAP","ENSG00000136235, ENSG00000185513, ENSG00000196367",0.40594059405940597
up,GO:BP,GO:0032869,cellular response to insulin stimulus,107,18,1,5622,0.2927802711798769,0.39828995797009786,False,CFLAR,ENSG00000003402,0.40594059405940597
up,GO:BP,GO:0043122,regulation of canonical NF-kappaB signal transduction,107,18,1,5622,0.2927802711798769,0.39828995797009786,False,CFLAR,ENSG00000003402,0.40594059405940597
up,GO:BP,GO:0120039,plasma membrane bounded cell projection morphogenesis,336,18,2,5622,0.29286237004069243,0.39828995797009786,False,"BCL11A, PLXNC1","ENSG00000119866, ENSG00000136040",0.40594059405940597
up,GO:BP,GO:0048858,cell projection morphogenesis,338,18,2,5622,0.2952930237429501,0.40068379989363273,False,"BCL11A, PLXNC1","ENSG00000119866, ENSG00000136040",0.40594059405940597
up,KEGG,KEGG:04517,IgSF CAM signaling,144,18,1,5622,0.37360249928484707,0.4009392675252018,False,PPFIA4,ENSG00000143847,0.40594059405940597
up,GO:CC,GO:0034702,monoatomic ion channel complex,108,18,1,5622,0.2950885132685013,0.4021947143807719,False,CACNA1A,ENSG00000141837,0.40594059405940597
up,GO:BP,GO:0000278,mitotic cell cycle,340,18,2,5622,0.29772333900251075,0.4026258577785634,False,"GPNMB, L3MBTL1","ENSG00000136235, ENSG00000185513",0.40594059405940597
up,GO:BP,GO:0048878,chemical homeostasis,340,18,2,5622,0.29772333900251075,0.4026258577785634,False,"CALB1, CALB2","ENSG00000104327, ENSG00000172137",0.40594059405940597
up,GO:BP,GO:1904951,positive regulation of establishment of protein localization,110,18,1,5622,0.2996836687437842,0.4039214665677094,False,ICE1,ENSG00000164151,0.40594059405940597
up,GO:BP,GO:0009605,response to external stimulus,599,18,3,5622,0.29942111855282333,0.4039214665677094,False,"CALB1, GPNMB, RBM4B","ENSG00000104327, ENSG00000136235, ENSG00000173914",0.40594059405940597
up,GO:BP,GO:0048545,response to steroid hormone,111,18,1,5622,0.3019706233814135,0.4049722503251571,False,CFLAR,ENSG00000003402,0.40594059405940597
up,GO:BP,GO:0022604,regulation of cell morphogenesis,111,18,1,5622,0.3019706233814135,0.4049722503251571,False,PLXNC1,ENSG00000136040,0.40594059405940597
up,GO:BP,GO:0042060,wound healing,111,18,1,5622,0.3019706233814135,0.4049722503251571,False,CFLAR,ENSG00000003402,0.40594059405940597
up,GO:BP,GO:0070588,calcium ion transmembrane transport,112,18,1,5622,0.3042505233594818,0.40533210219461524,False,CACNA1A,ENSG00000141837,0.40594059405940597
up,GO:BP,GO:0050673,epithelial cell proliferation,112,18,1,5622,0.3042505233594818,0.40533210219461524,False,CFLAR,ENSG00000003402,0.40594059405940597
up,GO:BP,GO:0045786,negative regulation of cell cycle,112,18,1,5622,0.3042505233594818,0.40533210219461524,False,GPNMB,ENSG00000136235,0.40594059405940597
up,GO:BP,GO:0051402,neuron apoptotic process,112,18,1,5622,0.3042505233594818,0.40533210219461524,False,CFLAR,ENSG00000003402,0.40594059405940597
up,GO:BP,GO:0007249,canonical NF-kappaB signal transduction,113,18,1,5622,0.30652338916338917,0.4076862238707782,False,CFLAR,ENSG00000003402,0.40594059405940597
up,GO:CC,GO:0030424,axon,344,18,2,5622,0.30258259374587726,0.40937645036206893,False,"CALB1, CALB2","ENSG00000104327, ENSG00000172137",0.40594059405940597
up,GO:BP,GO:0006402,mRNA catabolic process,114,18,1,5622,0.30878924122275714,0.4100232758246166,False,FUS,ENSG00000089280,0.40594059405940597
up,GO:BP,GO:0040007,growth,350,18,2,5622,0.30986671179085473,0.4107772528016922,False,"CFLAR, BCL11A","ENSG00000003402, ENSG00000119866",0.40594059405940597
up,GO:BP,GO:0014706,striated muscle tissue development,116,18,1,5622,0.3132999855483234,0.4126140332548183,False,CFLAR,ENSG00000003402,0.40594059405940597
up,GO:BP,GO:0060560,developmental growth involved in morphogenesis,116,18,1,5622,0.3132999855483234,0.4126140332548183,False,BCL11A,ENSG00000119866,0.40594059405940597
up,GO:BP,GO:1903706,regulation of hemopoiesis,116,18,1,5622,0.3132999855483234,0.4126140332548183,False,L3MBTL1,ENSG00000185513,0.40594059405940597
up,GO:BP,GO:0048167,regulation of synaptic plasticity,116,18,1,5622,0.3132999855483234,0.4126140332548183,False,CALB1,ENSG00000104327,0.40594059405940597
up,GO:BP,GO:0051249,regulation of lymphocyte activation,117,18,1,5622,0.3155449183961494,0.41489266594991264,False,GPNMB,ENSG00000136235,0.40594059405940597
up,REAC,REAC:R-HSA-5688426,Deubiquitination,123,18,1,5622,0.3288696347121866,0.41682314167009704,False,TRRAP,ENSG00000196367,0.40594059405940597
up,GO:MF,GO:0008289,lipid binding,297,18,2,5622,0.24553510505781995,0.4170572539015955,False,"CALB1, MANF","ENSG00000104327, ENSG00000145050",0.40594059405940597
up,GO:MF,GO:0005261,monoatomic cation channel activity,88,18,1,5622,0.2475436603803022,0.4170572539015955,False,CACNA1A,ENSG00000141837,0.40594059405940597
up,REAC,REAC:R-HSA-388396,GPCR downstream signalling,126,18,1,5622,0.3354397547230869,0.41818377916307853,False,PRKAR2A,ENSG00000114302,0.40594059405940597
up,REAC,REAC:R-HSA-195721,Signaling by WNT,127,18,1,5622,0.33761626207661377,0.41818377916307853,False,TRRAP,ENSG00000196367,0.40594059405940597
up,GO:MF,GO:0042277,peptide binding,90,18,1,5622,0.25243104996781063,0.42071841661301734,False,CACNA1A,ENSG00000141837,0.40594059405940597
up,GO:BP,GO:0042692,muscle cell differentiation,120,18,1,5622,0.3222382020100936,0.42231543222786233,False,CFLAR,ENSG00000003402,0.40594059405940597
up,GO:BP,GO:1901990,regulation of mitotic cell cycle phase transition,120,18,1,5622,0.3222382020100936,0.42231543222786233,False,GPNMB,ENSG00000136235,0.40594059405940597
up,REAC,REAC:R-HSA-72163,mRNA Splicing - Major Pathway,132,18,1,5622,0.3483981876213579,0.4266899151767191,False,FUS,ENSG00000089280,0.40594059405940597
up,GO:BP,GO:0060537,muscle tissue development,122,18,1,5622,0.3266659961541457,0.42742336509779444,False,CFLAR,ENSG00000003402,0.40594059405940597
up,GO:BP,GO:1902533,positive regulation of intracellular signal transduction,365,18,2,5622,0.3280380648470841,0.42782957971966024,False,"CFLAR, GPNMB","ENSG00000003402, ENSG00000136235",0.40594059405940597
up,GO:BP,GO:0016071,mRNA metabolic process,365,18,2,5622,0.3280380648470841,0.42782957971966024,False,"FUS, RBM4B","ENSG00000089280, ENSG00000173914",0.40594059405940597
up,GO:BP,GO:0043170,macromolecule metabolic process,2984,18,11,5622,0.32933219146145637,0.42813184889989336,False,"CFLAR, FUS, ZMYND8, PRKAR2A, BCL11A, DNAJB1, GPNMB, ICE1, RBM4B, L3MBTL1, TRRAP","ENSG00000003402, ENSG00000089280, ENSG00000101040, ENSG00000114302, ENSG00000119866, ENSG00000132002, ENSG00000136235, ENSG00000164151, ENSG00000173914, ENSG00000185513, ENSG00000196367",0.40594059405940597
up,GO:BP,GO:0048588,developmental cell growth,123,18,1,5622,0.3288696347121866,0.42813184889989336,False,BCL11A,ENSG00000119866,0.40594059405940597
up,GO:BP,GO:0032868,response to insulin,124,18,1,5622,0.33106646078514207,0.42900251992415495,False,CFLAR,ENSG00000003402,0.40594059405940597
up,GO:BP,GO:0032386,regulation of intracellular transport,124,18,1,5622,0.33106646078514207,0.42900251992415495,False,ICE1,ENSG00000164151,0.40594059405940597
up,REAC,REAC:R-HSA-372790,Signaling by GPCR,135,18,1,5622,0.3547875551176867,0.42968715008697567,False,PRKAR2A,ENSG00000114302,0.40594059405940597
up,REAC,REAC:R-HSA-72172,mRNA Splicing,137,18,1,5622,0.35901421069149636,0.4300280106084957,False,FUS,ENSG00000089280,0.40594059405940597
up,GO:BP,GO:0000280,nuclear division,125,18,1,5622,0.333256494198359,0.4311472461057417,False,L3MBTL1,ENSG00000185513,0.40594059405940597
up,REAC,REAC:R-HSA-9006925,Intracellular signaling by second messengers,140,18,1,5622,0.36530519309729825,0.4328072396478859,False,PRKAR2A,ENSG00000114302,0.40594059405940597
up,GO:BP,GO:0022407,regulation of cell-cell adhesion,127,18,1,5622,0.33761626207661377,0.43469442050119933,False,GPNMB,ENSG00000136235,0.40594059405940597
up,GO:BP,GO:0099173,postsynapse organization,127,18,1,5622,0.33761626207661377,0.43469442050119933,False,ZMYND8,ENSG00000101040,0.40594059405940597
up,GO:BP,GO:0009314,response to radiation,127,18,1,5622,0.33761626207661377,0.43469442050119933,False,RBM4B,ENSG00000173914,0.40594059405940597
up,REAC,REAC:R-HSA-5683057,MAPK family signaling cascades,143,18,1,5622,0.37153783072361785,0.43545831772983173,False,DNAJB1,ENSG00000132002,0.40594059405940597
up,GO:BP,GO:0002694,regulation of leukocyte activation,129,18,1,5622,0.3419490958702381,0.4395709270676428,False,GPNMB,ENSG00000136235,0.40594059405940597
up,GO:BP,GO:0065003,protein-containing complex assembly,647,18,3,5622,0.3435430357267553,0.44091669871937134,False,"FUS, BCL11A, ICE1","ENSG00000089280, ENSG00000119866, ENSG00000164151",0.40594059405940597
up,GO:BP,GO:0002683,negative regulation of immune system process,131,18,1,5622,0.3462551522435367,0.44298675033061985,False,GPNMB,ENSG00000136235,0.40594059405940597
up,GO:BP,GO:2001233,regulation of apoptotic signaling pathway,131,18,1,5622,0.3462551522435367,0.44298675033061985,False,CFLAR,ENSG00000003402,0.40594059405940597
up,GO:BP,GO:0141124,intracellular signaling cassette,651,18,3,5622,0.34723500673206953,0.4435363160476194,False,"CFLAR, PRKAR2A, GPNMB","ENSG00000003402, ENSG00000114302, ENSG00000136235",0.40594059405940597
up,GO:BP,GO:0007416,synapse assembly,133,18,1,5622,0.3505345870062059,0.4461380510473637,False,PLXNC1,ENSG00000136040,0.40594059405940597
up,GO:BP,GO:0048638,regulation of developmental growth,133,18,1,5622,0.3505345870062059,0.4461380510473637,False,BCL11A,ENSG00000119866,0.40594059405940597
up,GO:BP,GO:0070925,organelle assembly,384,18,2,5622,0.3509324123623178,0.4461380510473637,False,"CFLAR, FUS","ENSG00000003402, ENSG00000089280",0.40594059405940597
up,GO:BP,GO:1903131,mononuclear cell differentiation,134,18,1,5622,0.35266436974147447,0.44693000316293746,False,CFLAR,ENSG00000003402,0.40594059405940597
up,GO:BP,GO:0032880,regulation of protein localization,385,18,2,5622,0.3521324887244755,0.44693000316293746,False,"ZMYND8, ICE1","ENSG00000101040, ENSG00000164151",0.40594059405940597
up,GO:BP,GO:0006401,RNA catabolic process,135,18,1,5622,0.3547875551176867,0.44891486565911337,False,FUS,ENSG00000089280,0.40594059405940597
up,GO:BP,GO:0003012,muscle system process,136,18,1,5622,0.35690416237263145,0.4501795850897353,False,CFLAR,ENSG00000003402,0.40594059405940597
up,GO:BP,GO:0007611,learning or memory,136,18,1,5622,0.35690416237263145,0.4501795850897353,False,CALB1,ENSG00000104327,0.40594059405940597
up,GO:BP,GO:0001525,angiogenesis,137,18,1,5622,0.35901421069149636,0.450725005946022,False,GPNMB,ENSG00000136235,0.40594059405940597
up,GO:BP,GO:0042110,T cell activation,137,18,1,5622,0.35901421069149636,0.450725005946022,False,GPNMB,ENSG00000136235,0.40594059405940597
up,GO:BP,GO:0006816,calcium ion transport,137,18,1,5622,0.35901421069149636,0.450725005946022,False,CACNA1A,ENSG00000141837,0.40594059405940597
up,GO:BP,GO:0141188,nucleic acid catabolic process,138,18,1,5622,0.36111771920700286,0.4519578908087646,False,FUS,ENSG00000089280,0.40594059405940597
up,GO:BP,GO:0071375,cellular response to peptide hormone stimulus,138,18,1,5622,0.36111771920700286,0.4519578908087646,False,CFLAR,ENSG00000003402,0.40594059405940597
up,GO:BP,GO:1901701,cellular response to oxygen-containing compound,394,18,2,5622,0.3629073765147458,0.4534935588695893,False,"CFLAR, CACNA1A","ENSG00000003402, ENSG00000141837",0.40594059405940597
up,GO:BP,GO:0034976,response to endoplasmic reticulum stress,140,18,1,5622,0.36530519309729825,0.45578325949910586,False,MANF,ENSG00000145050,0.40594059405940597
up,GO:BP,GO:0007423,sensory organ development,141,18,1,5622,0.36738919647640217,0.45662607849433745,False,CALB1,ENSG00000104327,0.40594059405940597
up,GO:BP,GO:0050865,regulation of cell activation,141,18,1,5622,0.36738919647640217,0.45662607849433745,False,GPNMB,ENSG00000136235,0.40594059405940597
up,GO:BP,GO:0045944,positive regulation of transcription by RNA polymerase II,398,18,2,5622,0.3676803038992868,0.45662607849433745,False,"ZMYND8, BCL11A","ENSG00000101040, ENSG00000119866",0.40594059405940597
up,GO:BP,GO:0007155,cell adhesion,400,18,2,5622,0.3700628534060544,0.45887793822350703,False,"PLXNC1, GPNMB","ENSG00000136040, ENSG00000136235",0.40594059405940597
up,GO:BP,GO:0002682,regulation of immune system process,404,18,2,5622,0.3748198108108891,0.46406262290871975,False,"GPNMB, L3MBTL1","ENSG00000136235, ENSG00000185513",0.40594059405940597
up,KEGG,KEGG:05014,Amyotrophic lateral sclerosis,181,18,1,5622,0.4456450650861109,0.4668662586616398,False,FUS,ENSG00000089280,0.40594059405940597
up,GO:MF,GO:0019887,protein kinase regulator activity,103,18,1,5622,0.28347572325990295,0.4674333734604782,False,PRKAR2A,ENSG00000114302,0.40594059405940597
up,GO:BP,GO:0048285,organelle fission,147,18,1,5622,0.37975813579548134,0.4694556095876653,False,L3MBTL1,ENSG00000185513,0.40594059405940597
up,GO:BP,GO:0006338,chromatin remodeling,409,18,2,5622,0.3807501116204669,0.46981467698726886,False,"L3MBTL1, TRRAP","ENSG00000185513, ENSG00000196367",0.40594059405940597
up,GO:BP,GO:1903311,regulation of mRNA metabolic process,148,18,1,5622,0.38179728712985234,0.46981467698726886,False,FUS,ENSG00000089280,0.40594059405940597
up,GO:BP,GO:0008015,blood circulation,148,18,1,5622,0.38179728712985234,0.46981467698726886,False,MANF,ENSG00000145050,0.40594059405940597
up,REAC,REAC:R-HSA-3700989,Transcriptional Regulation by TP53,160,18,1,5622,0.40577840596560355,0.4705302792579868,False,L3MBTL1,ENSG00000185513,0.40594059405940597
up,GO:BP,GO:1902531,regulation of intracellular signal transduction,690,18,3,5622,0.3832271803535778,0.47085534659296263,False,"CFLAR, PRKAR2A, GPNMB","ENSG00000003402, ENSG00000114302, ENSG00000136235",0.40594059405940597
up,WP,WP:WP2005,miR targeted genes in muscle cell,189,18,1,5622,0.46015694172818167,0.4719558376699302,False,DNAJB1,ENSG00000132002,0.40594059405940597
up,GO:BP,GO:1901987,regulation of cell cycle phase transition,150,18,1,5622,0.38585661000771937,0.47336442567157055,False,GPNMB,ENSG00000136235,0.40594059405940597
up,REAC,REAC:R-HSA-72203,Processing of Capped Intron-Containing Pre-mRNA,165,18,1,5622,0.41550889910664174,0.4735490239220219,False,FUS,ENSG00000089280,0.40594059405940597
up,REAC,REAC:R-HSA-73857,RNA Polymerase II Transcription,440,18,2,5622,0.41707069996801943,0.4735490239220219,False,"ICE1, L3MBTL1","ENSG00000164151, ENSG00000185513",0.40594059405940597
up,GO:MF,GO:0046982,protein heterodimerization activity,106,18,1,5622,0.2904648919294655,0.47391640262175994,False,BCL11A,ENSG00000119866,0.40594059405940597
up,GO:BP,GO:0050890,cognition,151,18,1,5622,0.38787681852743067,0.47511962877372255,False,CALB1,ENSG00000104327,0.40594059405940597
up,GO:BP,GO:0030335,positive regulation of cell migration,152,18,1,5622,0.38989074966735165,0.4761393094422507,False,GPNMB,ENSG00000136235,0.40594059405940597
up,GO:BP,GO:0030900,forebrain development,152,18,1,5622,0.38989074966735165,0.4761393094422507,False,DNAJB1,ENSG00000132002,0.40594059405940597
up,GO:BP,GO:0009895,negative regulation of catabolic process,154,18,1,5622,0.39389985320395093,0.4803075365845454,False,FUS,ENSG00000089280,0.40594059405940597
up,GO:BP,GO:0070887,cellular response to chemical stimulus,704,18,3,5622,0.3961126521391975,0.48227612934168135,False,"CFLAR, CACNA1A, GSTK1","ENSG00000003402, ENSG00000141837, ENSG00000197448",0.40594059405940597
up,GO:BP,GO:0048514,blood vessel morphogenesis,157,18,1,5622,0.39986688556696237,0.48611268441473826,False,GPNMB,ENSG00000136235,0.40594059405940597
up,GO:BP,GO:0009611,response to wounding,158,18,1,5622,0.40184353626408864,0.4877799551639388,False,CFLAR,ENSG00000003402,0.40594059405940597
up,GO:MF,GO:0019207,kinase regulator activity,114,18,1,5622,0.30878924122275714,0.4883911468319119,False,PRKAR2A,ENSG00000114302,0.40594059405940597
up,GO:MF,GO:0005216,monoatomic ion channel activity,114,18,1,5622,0.30878924122275714,0.4883911468319119,False,CACNA1A,ENSG00000141837,0.40594059405940597
up,GO:MF,GO:0005488,binding,5265,18,18,5622,0.3064308479213368,0.4883911468319119,False,"CFLAR, FUS, ZMYND8, CALB1, PRKAR2A, BCL11A, DNAJB1, PLXNC1, GPNMB, CACNA1A, PPFIA4, MANF, ICE1, CALB2, RBM4B, L3MBTL1, TRRAP, GSTK1","ENSG00000003402, ENSG00000089280, ENSG00000101040, ENSG00000104327, ENSG00000114302, ENSG00000119866, ENSG00000132002, ENSG00000136040, ENSG00000136235, ENSG00000141837, ENSG00000143847, ENSG00000145050, ENSG00000164151, ENSG00000172137, ENSG00000173914, ENSG00000185513, ENSG00000196367, ENSG00000197448",0.40594059405940597
up,GO:BP,GO:2000147,positive regulation of cell motility,159,18,1,5622,0.4038140370597046,0.4894347576994315,False,GPNMB,ENSG00000136235,0.40594059405940597
up,GO:BP,GO:0030855,epithelial cell differentiation,160,18,1,5622,0.40577840596560355,0.4903409223512388,False,GSTK1,ENSG00000197448,0.40594059405940597
up,GO:BP,GO:0001558,regulation of cell growth,160,18,1,5622,0.40577840596560355,0.4903409223512388,False,BCL11A,ENSG00000119866,0.40594059405940597
up,REAC,REAC:R-HSA-1266738,Developmental Biology,458,18,2,5622,0.43775528992120794,0.4919105835197083,False,"PRKAR2A, PLXNC1","ENSG00000114302, ENSG00000136040",0.40594059405940597
up,GO:BP,GO:0044772,mitotic cell cycle phase transition,161,18,1,5622,0.40773666094411304,0.49196968371400457,False,GPNMB,ENSG00000136235,0.40594059405940597
up,GO:BP,GO:0043065,positive regulation of apoptotic process,162,18,1,5622,0.40968881990822326,0.49358623145893543,False,CFLAR,ENSG00000003402,0.40594059405940597
up,GO:CC,GO:0099080,supramolecular complex,673,18,3,5622,0.36754699548517866,0.4936397603596561,False,"BCL11A, ICE1, RBM4B","ENSG00000119866, ENSG00000164151, ENSG00000173914",0.40594059405940597
up,GO:CC,GO:0005938,cell cortex,143,18,1,5622,0.37153783072361785,0.49538377429815716,False,CALB1,ENSG00000104327,0.40594059405940597
up,GO:BP,GO:0000902,cell morphogenesis,439,18,2,5622,0.41591225954666816,0.5003362405889779,False,"BCL11A, PLXNC1","ENSG00000119866, ENSG00000136040",0.40594059405940597
up,GO:BP,GO:0032535,regulation of cellular component size,166,18,1,5622,0.4174368521607156,0.5006757482760963,False,BCL11A,ENSG00000119866,0.40594059405940597
up,GO:BP,GO:0040017,positive regulation of locomotion,166,18,1,5622,0.4174368521607156,0.5006757482760963,False,GPNMB,ENSG00000136235,0.40594059405940597
up,GO:BP,GO:0042127,regulation of cell population proliferation,441,18,2,5622,0.4182281942448381,0.5008795312947102,False,"CFLAR, GPNMB","ENSG00000003402, ENSG00000136235",0.40594059405940597
up,GO:BP,GO:0043933,protein-containing complex organization,729,18,3,5622,0.41902109377585034,0.5010845720821006,False,"FUS, BCL11A, ICE1","ENSG00000089280, ENSG00000119866, ENSG00000164151",0.40594059405940597
up,GO:BP,GO:0043068,positive regulation of programmed cell death,168,18,1,5622,0.4212747543331638,0.5030332622111555,False,CFLAR,ENSG00000003402,0.40594059405940597
up,GO:BP,GO:0002521,leukocyte differentiation,170,18,1,5622,0.42508876847989635,0.5068366085721839,False,CFLAR,ENSG00000003402,0.40594059405940597
up,GO:BP,GO:0051223,regulation of protein transport,171,18,1,5622,0.42698686132057156,0.5075979501834522,False,ICE1,ENSG00000164151,0.40594059405940597
up,GO:BP,GO:0042391,regulation of membrane potential,171,18,1,5622,0.42698686132057156,0.5075979501834522,False,ZMYND8,ENSG00000101040,0.40594059405940597
up,GO:BP,GO:0043434,response to peptide hormone,173,18,1,5622,0.4307653056692549,0.5113355469358166,False,CFLAR,ENSG00000003402,0.40594059405940597
up,GO:BP,GO:0035556,intracellular signal transduction,1042,18,4,5622,0.4349736032571957,0.5155716532725001,False,"CFLAR, PRKAR2A, GPNMB, MANF","ENSG00000003402, ENSG00000114302, ENSG00000136235, ENSG00000145050",0.40594059405940597
up,WP,WP:WP2004,miR targeted genes in lymphocytes,223,18,1,5622,0.5179239685517781,0.5179239685517782,False,DNAJB1,ENSG00000132002,0.40594059405940597
up,GO:BP,GO:0044057,regulation of system process,177,18,1,5622,0.438251713963693,0.5186943927382327,False,ZMYND8,ENSG00000101040,0.40594059405940597
up,GO:BP,GO:0045596,negative regulation of cell differentiation,179,18,1,5622,0.4419599532976179,0.5207890677746783,False,BCL11A,ENSG00000119866,0.40594059405940597
up,GO:BP,GO:0001932,regulation of protein phosphorylation,179,18,1,5622,0.4419599532976179,0.5207890677746783,False,PRKAR2A,ENSG00000114302,0.40594059405940597
up,GO:BP,GO:0003013,circulatory system process,179,18,1,5622,0.4419599532976179,0.5207890677746783,False,MANF,ENSG00000145050,0.40594059405940597
up,GO:MF,GO:0022803,passive transmembrane transporter activity,127,18,1,5622,0.33761626207661377,0.5233052062187515,False,CACNA1A,ENSG00000141837,0.40594059405940597
up,GO:MF,GO:0015267,channel activity,127,18,1,5622,0.33761626207661377,0.5233052062187515,False,CACNA1A,ENSG00000141837,0.40594059405940597
up,GO:BP,GO:0006417,regulation of translation,181,18,1,5622,0.4456450650861109,0.524364850305701,False,RBM4B,ENSG00000173914,0.40594059405940597
up,GO:BP,GO:0022402,cell cycle process,467,18,2,5622,0.4479724989055586,0.5255688997349062,False,"GPNMB, L3MBTL1","ENSG00000136235, ENSG00000185513",0.40594059405940597
up,GO:BP,GO:0071396,cellular response to lipid,182,18,1,5622,0.4474789906197354,0.5255688997349062,False,CFLAR,ENSG00000003402,0.40594059405940597
up,GO:BP,GO:0001817,regulation of cytokine production,183,18,1,5622,0.44930718513606693,0.5256046316686066,False,GPNMB,ENSG00000136235,0.40594059405940597
up,GO:BP,GO:0022411,cellular component disassembly,183,18,1,5622,0.44930718513606693,0.5256046316686066,False,PLXNC1,ENSG00000136040,0.40594059405940597
up,GO:BP,GO:0042981,regulation of apoptotic process,469,18,2,5622,0.4502311168919398,0.5257155705302597,False,"CFLAR, TRRAP","ENSG00000003402, ENSG00000196367",0.40594059405940597
up,GO:BP,GO:0001816,cytokine production,184,18,1,5622,0.45112966549413847,0.5257155705302597,False,GPNMB,ENSG00000136235,0.40594059405940597
up,GO:BP,GO:0051240,positive regulation of multicellular organismal process,470,18,2,5622,0.4513587776761038,0.5257155705302597,False,"BCL11A, PLXNC1","ENSG00000119866, ENSG00000136040",0.40594059405940597
up,GO:BP,GO:1903829,positive regulation of protein localization,185,18,1,5622,0.4529464485064786,0.5268035173105654,False,ICE1,ENSG00000164151,0.40594059405940597
up,GO:BP,GO:0051604,protein maturation,189,18,1,5622,0.46015694172818167,0.5344185807390701,False,DNAJB1,ENSG00000132002,0.40594059405940597
up,GO:BP,GO:0009966,regulation of signal transduction,1075,18,4,5622,0.46086097659690356,0.5344661109886397,False,"CFLAR, ZMYND8, PRKAR2A, GPNMB","ENSG00000003402, ENSG00000101040, ENSG00000114302, ENSG00000136235",0.40594059405940597
up,GO:MF,GO:0004888,transmembrane signaling receptor activity,136,18,1,5622,0.35690416237263145,0.5349944082141986,False,PLXNC1,ENSG00000136040,0.40594059405940597
up,GO:MF,GO:0003713,transcription coactivator activity,135,18,1,5622,0.3547875551176867,0.5349944082141986,False,FUS,ENSG00000089280,0.40594059405940597
up,GO:MF,GO:0004857,enzyme inhibitor activity,133,18,1,5622,0.3505345870062059,0.5349944082141986,False,PRKAR2A,ENSG00000114302,0.40594059405940597
up,GO:MF,GO:0005515,protein binding,4963,18,17,5622,0.3589639900275912,0.5349944082141986,False,"CFLAR, FUS, ZMYND8, CALB1, PRKAR2A, BCL11A, DNAJB1, PLXNC1, GPNMB, CACNA1A, PPFIA4, MANF, ICE1, RBM4B, L3MBTL1, TRRAP, GSTK1","ENSG00000003402, ENSG00000089280, ENSG00000101040, ENSG00000104327, ENSG00000114302, ENSG00000119866, ENSG00000132002, ENSG00000136040, ENSG00000136235, ENSG00000141837, ENSG00000143847, ENSG00000145050, ENSG00000164151, ENSG00000173914, ENSG00000185513, ENSG00000196367, ENSG00000197448",0.40594059405940597
up,GO:CC,GO:0071944,cell periphery,1597,18,6,5622,0.4058351203840575,0.5372205910119902,False,"CFLAR, CALB1, PRKAR2A, PLXNC1, GPNMB, CACNA1A","ENSG00000003402, ENSG00000104327, ENSG00000114302, ENSG00000136040, ENSG00000136235, ENSG00000141837",0.40594059405940597
up,GO:CC,GO:0005911,cell-cell junction,162,18,1,5622,0.40968881990822326,0.5384481633079503,False,CALB2,ENSG00000172137,0.40594059405940597
up,GO:BP,GO:0044770,cell cycle phase transition,193,18,1,5622,0.46727761041078947,0.5411289568837588,False,GPNMB,ENSG00000136235,0.40594059405940597
up,KEGG,KEGG:05022,Pathways of neurodegeneration - multiple diseases,231,18,1,5622,0.5306408221047326,0.5429813063397265,False,FUS,ENSG00000089280,0.40594059405940597
up,GO:BP,GO:0009968,negative regulation of signal transduction,489,18,2,5622,0.4725691877097982,0.5433534454979997,False,"CFLAR, PRKAR2A","ENSG00000003402, ENSG00000114302",0.40594059405940597
up,GO:BP,GO:0070201,regulation of establishment of protein localization,195,18,1,5622,0.4708045903599514,0.5433534454979997,False,ICE1,ENSG00000164151,0.40594059405940597
up,GO:BP,GO:0008285,negative regulation of cell population proliferation,196,18,1,5622,0.47255979901547396,0.5433534454979997,False,GPNMB,ENSG00000136235,0.40594059405940597
up,GO:BP,GO:0043067,regulation of programmed cell death,487,18,2,5622,0.470356210631051,0.5433534454979997,False,"CFLAR, TRRAP","ENSG00000003402, ENSG00000196367",0.40594059405940597
up,GO:BP,GO:0018193,peptidyl-amino acid modification,196,18,1,5622,0.47255979901547396,0.5433534454979997,False,BCL11A,ENSG00000119866,0.40594059405940597
up,GO:CC,GO:0005737,cytoplasm,4385,18,15,5622,0.41714718433206444,0.5443622830999989,False,"CFLAR, FUS, ZMYND8, CALB1, PRKAR2A, BCL11A, DNAJB1, GPNMB, CACNA1A, PPFIA4, MANF, CALB2, RBM4B, TRRAP, GSTK1","ENSG00000003402, ENSG00000089280, ENSG00000101040, ENSG00000104327, ENSG00000114302, ENSG00000119866, ENSG00000132002, ENSG00000136235, ENSG00000141837, ENSG00000143847, ENSG00000145050, ENSG00000172137, ENSG00000173914, ENSG00000196367, ENSG00000197448",0.40594059405940597
up,GO:BP,GO:0120031,plasma membrane bounded cell projection assembly,197,18,1,5622,0.47430950849164805,0.5445775838237442,False,ZMYND8,ENSG00000101040,0.40594059405940597
up,GO:BP,GO:0042221,response to chemical,1094,18,4,5622,0.47566021315930795,0.5450274295679618,False,"CFLAR, GPNMB, CACNA1A, GSTK1","ENSG00000003402, ENSG00000136235, ENSG00000141837, ENSG00000197448",0.40594059405940597
up,GO:BP,GO:0007186,G protein-coupled receptor signaling pathway,198,18,1,5622,0.4760537350072521,0.5450274295679618,False,PRKAR2A,ENSG00000114302,0.40594059405940597
up,GO:BP,GO:0044093,positive regulation of molecular function,199,18,1,5622,0.4777924947362104,0.5454684854920474,False,DNAJB1,ENSG00000132002,0.40594059405940597
up,GO:BP,GO:0042325,regulation of phosphorylation,199,18,1,5622,0.4777924947362104,0.5454684854920474,False,PRKAR2A,ENSG00000114302,0.40594059405940597
up,GO:BP,GO:0030031,cell projection assembly,200,18,1,5622,0.4795258038077109,0.5466729814271781,False,ZMYND8,ENSG00000101040,0.40594059405940597
up,GO:BP,GO:0061061,muscle structure development,201,18,1,5622,0.4812536783063205,0.5478678880153873,False,CFLAR,ENSG00000003402,0.40594059405940597
up,GO:BP,GO:0046649,lymphocyte activation,203,18,1,5622,0.48469318770071596,0.5510052317161876,False,GPNMB,ENSG00000136235,0.40594059405940597
up,GO:BP,GO:0033043,regulation of organelle organization,501,18,2,5622,0.4857461548874061,0.5513956578932653,False,"ZMYND8, L3MBTL1","ENSG00000101040, ENSG00000185513",0.40594059405940597
up,GO:BP,GO:0016049,cell growth,204,18,1,5622,0.4864048545435625,0.5513956578932653,False,BCL11A,ENSG00000119866,0.40594059405940597
up,GO:MF,GO:0046873,metal ion transmembrane transporter activity,144,18,1,5622,0.37360249928484707,0.5515084513252505,False,CACNA1A,ENSG00000141837,0.40594059405940597
up,GO:BP,GO:0006508,proteolysis,207,18,1,5622,0.491507694409658,0.5563977551884614,False,CFLAR,ENSG00000003402,0.40594059405940597
up,GO:MF,GO:0008233,peptidase activity,148,18,1,5622,0.38179728712985234,0.5582884858974259,False,CFLAR,ENSG00000003402,0.40594059405940597
up,GO:CC,GO:0005667,transcription regulator complex,179,18,1,5622,0.4419599532976179,0.5647266069914005,False,TRRAP,ENSG00000196367,0.40594059405940597
up,GO:CC,GO:1990234,transferase complex,460,18,2,5622,0.44003323215241613,0.5647266069914005,False,"PRKAR2A, TRRAP","ENSG00000114302, ENSG00000196367",0.40594059405940597
up,GO:CC,GO:1902495,transmembrane transporter complex,178,18,1,5622,0.44010873309108584,0.5647266069914005,False,CACNA1A,ENSG00000141837,0.40594059405940597
up,GO:CC,GO:0005925,focal adhesion,184,18,1,5622,0.45112966549413847,0.5649660890639668,False,PRKAR2A,ENSG00000114302,0.40594059405940597
up,GO:CC,GO:0140535,intracellular protein-containing complex,470,18,2,5622,0.4513587776761038,0.5649660890639668,False,"PRKAR2A, TRRAP","ENSG00000114302, ENSG00000196367",0.40594059405940597
up,GO:CC,GO:0005769,early endosome,183,18,1,5622,0.44930718513606693,0.5649660890639668,False,GPNMB,ENSG00000136235,0.40594059405940597
up,GO:BP,GO:0097190,apoptotic signaling pathway,213,18,1,5622,0.5015700699791106,0.5661981462229175,False,CFLAR,ENSG00000003402,0.40594059405940597
up,GO:BP,GO:1901700,response to oxygen-containing compound,515,18,2,5622,0.5008943469860885,0.5661981462229175,False,"CFLAR, CACNA1A","ENSG00000003402, ENSG00000141837",0.40594059405940597
up,GO:CC,GO:0030055,cell-substrate junction,187,18,1,5622,0.4565629895122814,0.566653132658803,False,PRKAR2A,ENSG00000114302,0.40594059405940597
up,GO:CC,GO:0005622,intracellular anatomical structure,5071,18,17,5622,0.4613254147593684,0.566653132658803,False,"CFLAR, FUS, ZMYND8, CALB1, PRKAR2A, BCL11A, DNAJB1, GPNMB, CACNA1A, PPFIA4, MANF, ICE1, CALB2, RBM4B, L3MBTL1, TRRAP, GSTK1","ENSG00000003402, ENSG00000089280, ENSG00000101040, ENSG00000104327, ENSG00000114302, ENSG00000119866, ENSG00000132002, ENSG00000136235, ENSG00000141837, ENSG00000143847, ENSG00000145050, ENSG00000164151, ENSG00000172137, ENSG00000173914, ENSG00000185513, ENSG00000196367, ENSG00000197448",0.40594059405940597
up,GO:CC,GO:1990351,transporter complex,190,18,1,5622,0.4619454885805459,0.566653132658803,False,CACNA1A,ENSG00000141837,0.40594059405940597
up,GO:BP,GO:0034655,nucleobase-containing compound catabolic process,214,18,1,5622,0.5032287386314263,0.5671433509824455,False,FUS,ENSG00000089280,0.40594059405940597
up,GO:BP,GO:0019538,protein metabolic process,1744,18,6,5622,0.5038146889620728,0.5671433509824455,False,"CFLAR, FUS, PRKAR2A, BCL11A, DNAJB1, RBM4B","ENSG00000003402, ENSG00000089280, ENSG00000114302, ENSG00000119866, ENSG00000132002, ENSG00000173914",0.40594059405940597
up,GO:BP,GO:0007166,cell surface receptor signaling pathway,825,18,3,5622,0.5047838212796244,0.5674417851483647,False,"CFLAR, ZMYND8, PLXNC1","ENSG00000003402, ENSG00000101040, ENSG00000136040",0.40594059405940597
up,GO:BP,GO:0034329,cell junction assembly,216,18,1,5622,0.5065304493344167,0.5686121757152363,False,PLXNC1,ENSG00000136040,0.40594059405940597
up,REAC,REAC:R-HSA-74160,Gene expression (Transcription),525,18,2,5622,0.5115612499015766,0.5689813901966518,False,"ICE1, L3MBTL1","ENSG00000164151, ENSG00000185513",0.40594059405940597
up,GO:BP,GO:0035239,tube morphogenesis,217,18,1,5622,0.5081735222001179,0.569663225164527,False,GPNMB,ENSG00000136235,0.40594059405940597
up,REAC,REAC:R-HSA-1430728,Metabolism,840,18,3,5622,0.5177422390648587,0.5700394349299963,False,"PRKAR2A, CACNA1A, GSTK1","ENSG00000114302, ENSG00000141837, ENSG00000197448",0.40594059405940597
up,GO:CC,GO:0014069,postsynaptic density,194,18,1,5622,0.469043866261334,0.57155014166944,False,DNAJB1,ENSG00000132002,0.40594059405940597
up,GO:BP,GO:0007165,signal transduction,1756,18,6,5622,0.5117400576901079,0.5728645645808709,False,"CFLAR, ZMYND8, PRKAR2A, PLXNC1, GPNMB, MANF","ENSG00000003402, ENSG00000101040, ENSG00000114302, ENSG00000136040, ENSG00000136235, ENSG00000145050",0.40594059405940597
up,GO:BP,GO:0009967,positive regulation of signal transduction,526,18,2,5622,0.5126207734003909,0.5730545677679822,False,"CFLAR, GPNMB","ENSG00000003402, ENSG00000136235",0.40594059405940597
up,GO:BP,GO:0010648,negative regulation of cell communication,528,18,2,5622,0.5147358731539321,0.5746220412217026,False,"CFLAR, PRKAR2A","ENSG00000003402, ENSG00000114302",0.40594059405940597
up,GO:BP,GO:0023057,negative regulation of signaling,529,18,2,5622,0.515791443754079,0.575004016135253,False,"CFLAR, PRKAR2A","ENSG00000003402, ENSG00000114302",0.40594059405940597
up,GO:CC,GO:0015629,actin cytoskeleton,201,18,1,5622,0.4812536783063205,0.5750043948594996,False,CALB1,ENSG00000104327,0.40594059405940597
up,GO:CC,GO:0009986,cell surface,199,18,1,5622,0.4777924947362104,0.5750043948594996,False,PPFIA4,ENSG00000143847,0.40594059405940597
up,GO:CC,GO:0016607,nuclear speck,200,18,1,5622,0.4795258038077109,0.5750043948594996,False,RBM4B,ENSG00000173914,0.40594059405940597
up,REAC,REAC:R-HSA-5663202,Diseases of signal transduction by growth factor receptors and second messengers,234,18,1,5622,0.5353274360212766,0.5835069052631917,False,BCL11A,ENSG00000119866,0.40594059405940597
up,GO:MF,GO:0031625,ubiquitin protein ligase binding,159,18,1,5622,0.4038140370597046,0.5849642592920955,False,PRKAR2A,ENSG00000114302,0.40594059405940597
up,GO:BP,GO:0072657,protein localization to membrane,228,18,1,5622,0.5259095907474997,0.5854739366608905,False,ZMYND8,ENSG00000101040,0.40594059405940597
up,GO:CC,GO:0098796,membrane protein complex,508,18,2,5622,0.4933510823375417,0.5856554783877918,False,"CFLAR, CACNA1A","ENSG00000003402, ENSG00000141837",0.40594059405940597
up,GO:CC,GO:0099572,postsynaptic specialization,210,18,1,5622,0.496562625027363,0.5856892500322743,False,DNAJB1,ENSG00000132002,0.40594059405940597
up,GO:BP,GO:0048513,animal organ development,853,18,3,5622,0.5288547053928018,0.5879405414435839,False,"CFLAR, CALB1, DNAJB1","ENSG00000003402, ENSG00000104327, ENSG00000132002",0.40594059405940597
up,GO:BP,GO:0009887,animal organ morphogenesis,231,18,1,5622,0.5306408221047326,0.5883033048368839,False,CALB1,ENSG00000104327,0.40594059405940597
up,GO:BP,GO:0040008,regulation of growth,231,18,1,5622,0.5306408221047326,0.5883033048368839,False,BCL11A,ENSG00000119866,0.40594059405940597
up,GO:BP,GO:0008284,positive regulation of cell population proliferation,233,18,1,5622,0.5337701643490337,0.5909598248150018,False,CFLAR,ENSG00000003402,0.40594059405940597
up,GO:BP,GO:0008283,cell population proliferation,548,18,2,5622,0.5355928643939721,0.5921644015110313,False,"CFLAR, GPNMB","ENSG00000003402, ENSG00000136235",0.40594059405940597
up,GO:BP,GO:0071363,cellular response to growth factor stimulus,235,18,1,5622,0.5368797942528316,0.592774128996962,False,CFLAR,ENSG00000003402,0.40594059405940597
up,GO:BP,GO:0045321,leukocyte activation,237,18,1,5622,0.5399698287271346,0.5953702899508488,False,GPNMB,ENSG00000136235,0.40594059405940597
up,GO:MF,GO:0044389,ubiquitin-like protein ligase binding,166,18,1,5622,0.4174368521607156,0.5990991859713973,False,PRKAR2A,ENSG00000114302,0.40594059405940597
up,GO:BP,GO:0070848,response to growth factor,242,18,1,5622,0.5476099462786621,0.6029694217221336,False,CFLAR,ENSG00000003402,0.40594059405940597
up,GO:BP,GO:0033993,response to lipid,248,18,1,5622,0.5566199130302515,0.6120540926362658,False,CFLAR,ENSG00000003402,0.40594059405940597
up,GO:CC,GO:0005759,mitochondrial matrix,227,18,1,5622,0.5243225296787721,0.6144926462477331,False,GSTK1,ENSG00000197448,0.40594059405940597
up,GO:BP,GO:0098609,cell-cell adhesion,254,18,1,5622,0.5654602151328592,0.6175622403754537,False,GPNMB,ENSG00000136235,0.40594059405940597
up,GO:BP,GO:0051174,regulation of phosphorus metabolic process,254,18,1,5622,0.5654602151328592,0.6175622403754537,False,PRKAR2A,ENSG00000114302,0.40594059405940597
up,GO:BP,GO:0008152,metabolic process,3677,18,12,5622,0.5636007833674399,0.6175622403754537,False,"CFLAR, FUS, ZMYND8, PRKAR2A, BCL11A, DNAJB1, GPNMB, ICE1, RBM4B, L3MBTL1, TRRAP, GSTK1","ENSG00000003402, ENSG00000089280, ENSG00000101040, ENSG00000114302, ENSG00000119866, ENSG00000132002, ENSG00000136235, ENSG00000164151, ENSG00000173914, ENSG00000185513, ENSG00000196367, ENSG00000197448",0.40594059405940597
up,GO:BP,GO:0048585,negative regulation of response to stimulus,577,18,2,5622,0.5648577226605562,0.6175622403754537,False,"CFLAR, PRKAR2A","ENSG00000003402, ENSG00000114302",0.40594059405940597
up,GO:BP,GO:0032870,cellular response to hormone stimulus,253,18,1,5622,0.5639984853388755,0.6175622403754537,False,CFLAR,ENSG00000003402,0.40594059405940597
up,GO:BP,GO:0042592,homeostatic process,583,18,2,5622,0.5707642182905068,0.6225114478242876,False,"CALB1, CALB2","ENSG00000104327, ENSG00000172137",0.40594059405940597
up,GO:MF,GO:0045296,cadherin binding,177,18,1,5622,0.438251713963693,0.6232019785722238,False,DNAJB1,ENSG00000132002,0.40594059405940597
up,GO:BP,GO:0009987,cellular process,5173,18,17,5622,0.572546610950289,0.6236115789539635,False,"CFLAR, FUS, ZMYND8, CALB1, PRKAR2A, BCL11A, DNAJB1, PLXNC1, GPNMB, CACNA1A, PPFIA4, MANF, ICE1, RBM4B, L3MBTL1, TRRAP, GSTK1","ENSG00000003402, ENSG00000089280, ENSG00000101040, ENSG00000104327, ENSG00000114302, ENSG00000119866, ENSG00000132002, ENSG00000136040, ENSG00000136235, ENSG00000141837, ENSG00000143847, ENSG00000145050, ENSG00000164151, ENSG00000173914, ENSG00000185513, ENSG00000196367, ENSG00000197448",0.40594059405940597
up,GO:MF,GO:0003729,mRNA binding,185,18,1,5622,0.4529464485064786,0.623782481376823,False,FUS,ENSG00000089280,0.40594059405940597
up,GO:MF,GO:0060089,molecular transducer activity,186,18,1,5622,0.45475755093923237,0.623782481376823,False,PLXNC1,ENSG00000136040,0.40594059405940597
up,GO:MF,GO:0042802,identical protein binding,763,18,3,5622,0.4498699252941784,0.623782481376823,False,"FUS, BCL11A, L3MBTL1","ENSG00000089280, ENSG00000119866, ENSG00000185513",0.40594059405940597
up,GO:MF,GO:0038023,signaling receptor activity,186,18,1,5622,0.45475755093923237,0.623782481376823,False,PLXNC1,ENSG00000136040,0.40594059405940597
up,GO:CC,GO:0031982,vesicle,1483,18,5,5622,0.5356555154970682,0.6238013598193705,False,"CALB1, PRKAR2A, DNAJB1, GPNMB, GSTK1","ENSG00000104327, ENSG00000114302, ENSG00000132002, ENSG00000136235, ENSG00000197448",0.40594059405940597
up,GO:BP,GO:1902532,negative regulation of intracellular signal transduction,261,18,1,5622,0.5755634769443365,0.6252077660608292,False,PRKAR2A,ENSG00000114302,0.40594059405940597
up,GO:BP,GO:0006397,mRNA processing,261,18,1,5622,0.5755634769443365,0.6252077660608292,False,RBM4B,ENSG00000173914,0.40594059405940597
up,GO:BP,GO:0030036,actin cytoskeleton organization,265,18,1,5622,0.5812367344502506,0.6305206029164226,False,CFLAR,ENSG00000003402,0.40594059405940597
up,GO:BP,GO:0001775,cell activation,272,18,1,5622,0.5909929868884333,0.6402424024624697,False,GPNMB,ENSG00000136235,0.40594059405940597
up,GO:BP,GO:0019953,sexual reproduction,275,18,1,5622,0.5951081746590511,0.6438351527183824,False,PRKAR2A,ENSG00000114302,0.40594059405940597
up,GO:CC,GO:0110165,cellular anatomical structure,5446,18,18,5622,0.563611121177916,0.644126995631904,False,"CFLAR, FUS, ZMYND8, CALB1, PRKAR2A, BCL11A, DNAJB1, PLXNC1, GPNMB, CACNA1A, PPFIA4, MANF, ICE1, CALB2, RBM4B, L3MBTL1, TRRAP, GSTK1","ENSG00000003402, ENSG00000089280, ENSG00000101040, ENSG00000104327, ENSG00000114302, ENSG00000119866, ENSG00000132002, ENSG00000136040, ENSG00000136235, ENSG00000141837, ENSG00000143847, ENSG00000145050, ENSG00000164151, ENSG00000172137, ENSG00000173914, ENSG00000185513, ENSG00000196367, ENSG00000197448",0.40594059405940597
up,GO:CC,GO:0005886,plasma membrane,1520,18,5,5622,0.5609490304657836,0.644126995631904,False,"CFLAR, PRKAR2A, PLXNC1, GPNMB, CACNA1A","ENSG00000003402, ENSG00000114302, ENSG00000136040, ENSG00000136235, ENSG00000141837",0.40594059405940597
up,GO:CC,GO:0043227,membrane-bounded organelle,4576,18,15,5622,0.5618785087909653,0.644126995631904,False,"FUS, ZMYND8, CALB1, PRKAR2A, BCL11A, DNAJB1, GPNMB, CACNA1A, MANF, ICE1, CALB2, RBM4B, L3MBTL1, TRRAP, GSTK1","ENSG00000089280, ENSG00000101040, ENSG00000104327, ENSG00000114302, ENSG00000119866, ENSG00000132002, ENSG00000136235, ENSG00000141837, ENSG00000145050, ENSG00000164151, ENSG00000172137, ENSG00000173914, ENSG00000185513, ENSG00000196367, ENSG00000197448",0.40594059405940597
up,GO:BP,GO:0010647,positive regulation of cell communication,615,18,2,5622,0.6013868942199052,0.6476840023895261,False,"CFLAR, GPNMB","ENSG00000003402, ENSG00000136235",0.40594059405940597
up,GO:BP,GO:0030001,metal ion transport,279,18,1,5622,0.6005342892975597,0.6476840023895261,False,CACNA1A,ENSG00000141837,0.40594059405940597
up,GO:BP,GO:0007610,behavior,279,18,1,5622,0.6005342892975597,0.6476840023895261,False,CALB1,ENSG00000104327,0.40594059405940597
up,GO:BP,GO:0043066,negative regulation of apoptotic process,280,18,1,5622,0.6018800468855525,0.6476840023895261,False,CFLAR,ENSG00000003402,0.40594059405940597
up,REAC,REAC:R-HSA-382551,Transport of small molecules,281,18,1,5622,0.6032215218305276,0.6510014443517577,False,PRKAR2A,ENSG00000114302,0.40594059405940597
up,GO:BP,GO:0023056,positive regulation of signaling,620,18,2,5622,0.6060365823636419,0.6512873138467937,False,"CFLAR, GPNMB","ENSG00000003402, ENSG00000136235",0.40594059405940597
up,GO:CC,GO:0010008,endosome membrane,263,18,1,5622,0.5784091184177461,0.6529280845942654,False,GPNMB,ENSG00000136235,0.40594059405940597
up,GO:CC,GO:0005929,cilium,263,18,1,5622,0.5784091184177461,0.6529280845942654,False,PRKAR2A,ENSG00000114302,0.40594059405940597
up,GO:MF,GO:0000978,RNA polymerase II cis-regulatory region sequence-specific DNA binding,202,18,1,5622,0.482976134272099,0.6532240473044043,False,BCL11A,ENSG00000119866,0.40594059405940597
up,GO:MF,GO:0097367,carbohydrate derivative binding,802,18,3,5622,0.4846500996129448,0.6532240473044043,False,"PRKAR2A, GPNMB, MANF","ENSG00000114302, ENSG00000136235, ENSG00000145050",0.40594059405940597
up,GO:MF,GO:0000987,cis-regulatory region sequence-specific DNA binding,209,18,1,5622,0.4948829451850076,0.6612660043420362,False,BCL11A,ENSG00000119866,0.40594059405940597
up,GO:MF,GO:0016491,oxidoreductase activity,212,18,1,5622,0.4999061718447677,0.662268860136231,False,GSTK1,ENSG00000197448,0.40594059405940597
up,GO:BP,GO:0043069,negative regulation of programmed cell death,293,18,1,5622,0.618989809062645,0.6643219522030518,False,CFLAR,ENSG00000003402,0.40594059405940597
up,GO:BP,GO:0007420,brain development,295,18,1,5622,0.6215596128779386,0.6661928829516202,False,DNAJB1,ENSG00000132002,0.40594059405940597
up,GO:MF,GO:0008324,monoatomic cation transmembrane transporter activity,225,18,1,5622,0.5211333423930378,0.667567504718354,False,CACNA1A,ENSG00000141837,0.40594059405940597
up,GO:MF,GO:0000981,"DNA-binding transcription factor activity, RNA polymerase II-specific",224,18,1,5622,0.5195311862895202,0.667567504718354,False,BCL11A,ENSG00000119866,0.40594059405940597
up,GO:MF,GO:0003723,RNA binding,832,18,3,5622,0.5108487633033783,0.667567504718354,False,"FUS, MANF, RBM4B","ENSG00000089280, ENSG00000145050, ENSG00000173914",0.40594059405940597
up,GO:MF,GO:0030234,enzyme regulator activity,526,18,2,5622,0.5126207734003909,0.667567504718354,False,"CFLAR, PRKAR2A","ENSG00000003402, ENSG00000114302",0.40594059405940597
up,GO:BP,GO:0031399,regulation of protein modification process,300,18,1,5622,0.6279126930529291,0.6721084071721923,False,PRKAR2A,ENSG00000114302,0.40594059405940597
up,GO:CC,GO:0005575,cellular_component,5465,18,18,5622,0.6001331144330376,0.6733200796077985,False,"CFLAR, FUS, ZMYND8, CALB1, PRKAR2A, BCL11A, DNAJB1, PLXNC1, GPNMB, CACNA1A, PPFIA4, MANF, ICE1, CALB2, RBM4B, L3MBTL1, TRRAP, GSTK1","ENSG00000003402, ENSG00000089280, ENSG00000101040, ENSG00000104327, ENSG00000114302, ENSG00000119866, ENSG00000132002, ENSG00000136040, ENSG00000136235, ENSG00000141837, ENSG00000143847, ENSG00000145050, ENSG00000164151, ENSG00000172137, ENSG00000173914, ENSG00000185513, ENSG00000196367, ENSG00000197448",0.40594059405940597
up,GO:BP,GO:0030029,actin filament-based process,302,18,1,5622,0.6304256102002426,0.6739032384899141,False,CFLAR,ENSG00000003402,0.40594059405940597
up,GO:MF,GO:0003700,DNA-binding transcription factor activity,234,18,1,5622,0.5353274360212766,0.6745996144983569,False,BCL11A,ENSG00000119866,0.40594059405940597
up,GO:MF,GO:0019899,enzyme binding,859,18,3,5622,0.5339449386458601,0.6745996144983569,False,"CFLAR, PRKAR2A, DNAJB1","ENSG00000003402, ENSG00000114302, ENSG00000132002",0.40594059405940597
up,GO:CC,GO:0043229,intracellular organelle,4632,18,15,5622,0.6060891025046906,0.6758811809749278,False,"FUS, ZMYND8, CALB1, PRKAR2A, BCL11A, DNAJB1, GPNMB, CACNA1A, MANF, ICE1, CALB2, RBM4B, L3MBTL1, TRRAP, GSTK1","ENSG00000089280, ENSG00000101040, ENSG00000104327, ENSG00000114302, ENSG00000119866, ENSG00000132002, ENSG00000136235, ENSG00000141837, ENSG00000145050, ENSG00000164151, ENSG00000172137, ENSG00000173914, ENSG00000185513, ENSG00000196367, ENSG00000197448",0.40594059405940597
up,GO:BP,GO:0006915,apoptotic process,650,18,2,5622,0.6331593682392533,0.6759290739083949,False,"CFLAR, TRRAP","ENSG00000003402, ENSG00000196367",0.40594059405940597
up,GO:BP,GO:0098655,monoatomic cation transmembrane transport,306,18,1,5622,0.6354034378193214,0.6769527684966605,False,CACNA1A,ENSG00000141837,0.40594059405940597
up,GO:BP,GO:0006412,translation,307,18,1,5622,0.6366379634248993,0.6769527684966605,False,RBM4B,ENSG00000173914,0.40594059405940597
up,GO:BP,GO:0160307,protein biosynthetic process,307,18,1,5622,0.6366379634248993,0.6769527684966605,False,RBM4B,ENSG00000173914,0.40594059405940597
up,GO:BP,GO:0060322,head development,310,18,1,5622,0.6403178960213707,0.6790739792016114,False,DNAJB1,ENSG00000132002,0.40594059405940597
up,GO:BP,GO:0051246,regulation of protein metabolic process,658,18,2,5622,0.6401667688693573,0.6790739792016114,False,"PRKAR2A, RBM4B","ENSG00000114302, ENSG00000173914",0.40594059405940597
up,GO:MF,GO:0000977,RNA polymerase II transcription regulatory region sequence-specific DNA binding,240,18,1,5622,0.5445683931516336,0.6807104914395422,False,BCL11A,ENSG00000119866,0.40594059405940597
up,GO:BP,GO:0002376,immune system process,661,18,2,5622,0.6427700355609227,0.6807787761657079,False,"GPNMB, L3MBTL1","ENSG00000136235, ENSG00000185513",0.40594059405940597
up,GO:MF,GO:0016740,transferase activity,878,18,3,5622,0.5498962543347111,0.6818713553750422,False,"PRKAR2A, TRRAP, GSTK1","ENSG00000114302, ENSG00000196367, ENSG00000197448",0.40594059405940597
up,GO:MF,GO:0015075,monoatomic ion transmembrane transporter activity,255,18,1,5622,0.5669173157527571,0.6865014370443538,False,CACNA1A,ENSG00000141837,0.40594059405940597
up,GO:MF,GO:0008047,enzyme activator activity,254,18,1,5622,0.5654602151328592,0.6865014370443538,False,CFLAR,ENSG00000003402,0.40594059405940597
up,GO:MF,GO:0019901,protein kinase binding,250,18,1,5622,0.5595853823275494,0.6865014370443538,False,PRKAR2A,ENSG00000114302,0.40594059405940597
up,GO:BP,GO:0051050,positive regulation of transport,318,18,1,5622,0.6499597349459474,0.6874902183286529,False,ICE1,ENSG00000164151,0.40594059405940597
up,GO:MF,GO:0042803,protein homodimerization activity,259,18,1,5622,0.5726997019215652,0.6877412731572631,False,BCL11A,ENSG00000119866,0.40594059405940597
up,GO:MF,GO:0003674,molecular_function,5453,18,18,5622,0.5768152613577049,0.6877412731572631,False,"CFLAR, FUS, ZMYND8, CALB1, PRKAR2A, BCL11A, DNAJB1, PLXNC1, GPNMB, CACNA1A, PPFIA4, MANF, ICE1, CALB2, RBM4B, L3MBTL1, TRRAP, GSTK1","ENSG00000003402, ENSG00000089280, ENSG00000101040, ENSG00000104327, ENSG00000114302, ENSG00000119866, ENSG00000132002, ENSG00000136040, ENSG00000136235, ENSG00000141837, ENSG00000143847, ENSG00000145050, ENSG00000164151, ENSG00000172137, ENSG00000173914, ENSG00000185513, ENSG00000196367, ENSG00000197448",0.40594059405940597
up,GO:BP,GO:0012501,programmed cell death,671,18,2,5622,0.6513510361352515,0.6880494488402613,False,"CFLAR, TRRAP","ENSG00000003402, ENSG00000196367",0.40594059405940597
up,GO:BP,GO:0009725,response to hormone,320,18,1,5622,0.6523317656969123,0.6880494488402613,False,CFLAR,ENSG00000003402,0.40594059405940597
up,GO:BP,GO:0008219,cell death,673,18,2,5622,0.6530494148421834,0.6880494488402613,False,"CFLAR, TRRAP","ENSG00000003402, ENSG00000196367",0.40594059405940597
up,GO:CC,GO:0043231,intracellular membrane-bounded organelle,4369,18,14,5622,0.6273431420835731,0.6953683020685392,False,"FUS, ZMYND8, CALB1, BCL11A, DNAJB1, GPNMB, CACNA1A, MANF, ICE1, CALB2, RBM4B, L3MBTL1, TRRAP, GSTK1","ENSG00000089280, ENSG00000101040, ENSG00000104327, ENSG00000119866, ENSG00000132002, ENSG00000136235, ENSG00000141837, ENSG00000145050, ENSG00000164151, ENSG00000172137, ENSG00000173914, ENSG00000185513, ENSG00000196367, ENSG00000197448",0.40594059405940597
up,GO:MF,GO:0019900,kinase binding,277,18,1,5622,0.5978298746938195,0.707355958607191,False,PRKAR2A,ENSG00000114302,0.40594059405940597
up,GO:MF,GO:0000976,transcription cis-regulatory region binding,285,18,1,5622,0.6085448512299937,0.7092064055687901,False,BCL11A,ENSG00000119866,0.40594059405940597
up,GO:MF,GO:0001067,transcription regulatory region nucleic acid binding,285,18,1,5622,0.6085448512299937,0.7092064055687901,False,BCL11A,ENSG00000119866,0.40594059405940597
up,GO:BP,GO:0006886,intracellular protein transport,346,18,1,5622,0.6818189883388428,0.7174231130562754,False,ICE1,ENSG00000164151,0.40594059405940597
up,GO:CC,GO:0005813,centrosome,319,18,1,5622,0.6511476543974883,0.7174321461625022,False,PRKAR2A,ENSG00000114302,0.40594059405940597
up,GO:MF,GO:0003677,DNA binding,652,18,2,5622,0.6349201290871309,0.7236222059448916,False,"FUS, BCL11A","ENSG00000089280, ENSG00000119866",0.40594059405940597
up,GO:MF,GO:1990837,sequence-specific double-stranded DNA binding,303,18,1,5622,0.6316760498649783,0.7236222059448916,False,BCL11A,ENSG00000119866,0.40594059405940597
up,GO:MF,GO:0016301,kinase activity,301,18,1,5622,0.6291711619603034,0.7236222059448916,False,PRKAR2A,ENSG00000114302,0.40594059405940597
up,GO:BP,GO:0006996,organelle organization,1404,18,4,5622,0.6937796238316578,0.7289858382822733,False,"CFLAR, FUS, ZMYND8, L3MBTL1","ENSG00000003402, ENSG00000089280, ENSG00000101040, ENSG00000185513",0.40594059405940597
up,GO:BP,GO:0034220,monoatomic ion transmembrane transport,358,18,1,5622,0.6946167789091636,0.7289858382822733,False,CACNA1A,ENSG00000141837,0.40594059405940597
up,GO:BP,GO:0006468,protein phosphorylation,360,18,1,5622,0.6967018929756776,0.7302233104530509,False,PRKAR2A,ENSG00000114302,0.40594059405940597
up,GO:BP,GO:0006812,monoatomic cation transport,361,18,1,5622,0.697739400753412,0.7303609831262986,False,CACNA1A,ENSG00000141837,0.40594059405940597
up,GO:BP,GO:0051668,localization within membrane,362,18,1,5622,0.698773556006489,0.730494793957497,False,ZMYND8,ENSG00000101040,0.40594059405940597
up,REAC,REAC:R-HSA-2262752,Cellular responses to stress,371,18,1,5622,0.7079317627476429,0.7340948942240267,False,DNAJB1,ENSG00000132002,0.40594059405940597
up,REAC,REAC:R-HSA-1643685,Disease,722,18,2,5622,0.6928111857388999,0.7340948942240267,False,"PRKAR2A, BCL11A","ENSG00000114302, ENSG00000119866",0.40594059405940597
up,REAC,REAC:R-HSA-8953854,Metabolism of RNA,360,18,1,5622,0.6967018929756776,0.7340948942240267,False,FUS,ENSG00000089280,0.40594059405940597
up,REAC,REAC:R-HSA-212436,Generic Transcription Pathway,377,18,1,5622,0.7138904475940078,0.7340948942240267,False,L3MBTL1,ENSG00000185513,0.40594059405940597
up,REAC,REAC:R-HSA-8953897,Cellular responses to stimuli,377,18,1,5622,0.7138904475940078,0.7340948942240267,False,DNAJB1,ENSG00000132002,0.40594059405940597
up,GO:BP,GO:0098657,import into cell,375,18,1,5622,0.7119170950770741,0.7432709567773595,False,CACNA1A,ENSG00000141837,0.40594059405940597
up,GO:BP,GO:0044238,primary metabolic process,3332,18,10,5622,0.7155707339599852,0.7451550537102691,False,"CFLAR, FUS, ZMYND8, PRKAR2A, BCL11A, DNAJB1, ICE1, RBM4B, L3MBTL1, TRRAP","ENSG00000003402, ENSG00000089280, ENSG00000101040, ENSG00000114302, ENSG00000119866, ENSG00000132002, ENSG00000164151, ENSG00000173914, ENSG00000185513, ENSG00000196367",0.40594059405940597
up,GO:BP,GO:0061024,membrane organization,378,18,1,5622,0.7148723297566977,0.7451550537102691,False,ZMYND8,ENSG00000101040,0.40594059405940597
up,GO:BP,GO:0065009,regulation of molecular function,380,18,1,5622,0.7168265545985661,0.7454996167825088,False,DNAJB1,ENSG00000132002,0.40594059405940597
up,GO:BP,GO:0022414,reproductive process,386,18,1,5622,0.7226136091512335,0.7505497022885231,False,PRKAR2A,ENSG00000114302,0.40594059405940597
up,GO:MF,GO:0003676,nucleic acid binding,1356,18,4,5622,0.663792220014823,0.7510057963671353,False,"FUS, BCL11A, MANF, RBM4B","ENSG00000089280, ENSG00000119866, ENSG00000145050, ENSG00000173914",0.40594059405940597
up,GO:MF,GO:0003690,double-stranded DNA binding,336,18,1,5622,0.6707689164747204,0.75339986995349,False,BCL11A,ENSG00000119866,0.40594059405940597
up,GO:BP,GO:0016310,phosphorylation,391,18,1,5622,0.7273506470086637,0.754497582353903,False,PRKAR2A,ENSG00000114302,0.40594059405940597
up,GO:BP,GO:0032446,protein modification by small protein conjugation,398,18,1,5622,0.7338542835990287,0.7602654917491223,False,BCL11A,ENSG00000119866,0.40594059405940597
up,GO:MF,GO:0046983,protein dimerization activity,355,18,1,5622,0.6914637072485043,0.7604844606424651,False,BCL11A,ENSG00000119866,0.40594059405940597
up,GO:MF,GO:0022857,transmembrane transporter activity,358,18,1,5622,0.6946167789091636,0.7604844606424651,False,CACNA1A,ENSG00000141837,0.40594059405940597
up,GO:MF,GO:0043565,sequence-specific DNA binding,348,18,1,5622,0.6839865506787197,0.7604844606424651,False,BCL11A,ENSG00000119866,0.40594059405940597
up,GO:MF,GO:0016772,"transferase activity, transferring phosphorus-containing groups",360,18,1,5622,0.6967018929756776,0.7604844606424651,False,PRKAR2A,ENSG00000114302,0.40594059405940597
up,GO:BP,GO:0032879,regulation of localization,786,18,2,5622,0.739483916436342,0.7651142960817608,False,"ZMYND8, ICE1","ENSG00000101040, ENSG00000164151",0.40594059405940597
up,GO:BP,GO:0007417,central nervous system development,409,18,1,5622,0.743779071506605,0.7685717072234921,False,DNAJB1,ENSG00000132002,0.40594059405940597
up,GO:BP,GO:0006811,monoatomic ion transport,420,18,1,5622,0.7533535893598517,0.777468621029501,False,CACNA1A,ENSG00000141837,0.40594059405940597
up,GO:BP,GO:0071495,cellular response to endogenous stimulus,433,18,1,5622,0.7642332604681715,0.7866820024742608,False,CFLAR,ENSG00000003402,0.40594059405940597
up,GO:BP,GO:0033365,protein localization to organelle,432,18,1,5622,0.7634127265718891,0.7866820024742608,False,ZMYND8,ENSG00000101040,0.40594059405940597
up,GO:CC,GO:0005815,microtubule organizing center,383,18,1,5622,0.7197341884419504,0.7882803016268981,False,PRKAR2A,ENSG00000114302,0.40594059405940597
up,GO:BP,GO:0070647,protein modification by small protein conjugation or removal,441,18,1,5622,0.7707014497847922,0.7923282761818142,False,BCL11A,ENSG00000119866,0.40594059405940597
up,GO:MF,GO:0005215,transporter activity,400,18,1,5622,0.7356853810542936,0.7974212172266819,False,CACNA1A,ENSG00000141837,0.40594059405940597
up,GO:CC,GO:0043226,organelle,4796,18,15,5622,0.7334137405822314,0.7985096347167491,False,"FUS, ZMYND8, CALB1, PRKAR2A, BCL11A, DNAJB1, GPNMB, CACNA1A, MANF, ICE1, CALB2, RBM4B, L3MBTL1, TRRAP, GSTK1","ENSG00000089280, ENSG00000101040, ENSG00000104327, ENSG00000114302, ENSG00000119866, ENSG00000132002, ENSG00000136235, ENSG00000141837, ENSG00000145050, ENSG00000164151, ENSG00000172137, ENSG00000173914, ENSG00000185513, ENSG00000196367, ENSG00000197448",0.40594059405940597
up,REAC,REAC:R-HSA-5663205,Infectious disease,461,18,1,5622,0.7861465316037191,0.8008408592972465,False,PRKAR2A,ENSG00000114302,0.40594059405940597
up,GO:BP,GO:0043687,post-translational protein modification,462,18,1,5622,0.7868923875291469,0.8079430119089075,False,BCL11A,ENSG00000119866,0.40594059405940597
up,REAC,REAC:R-HSA-392499,Metabolism of proteins,892,18,2,5622,0.8044086822721627,0.8118569108117197,False,"CALB1, TRRAP","ENSG00000104327, ENSG00000196367",0.40594059405940597
up,GO:BP,GO:0009894,regulation of catabolic process,469,18,1,5622,0.7920450004681842,0.8121988172739901,False,FUS,ENSG00000089280,0.40594059405940597
up,GO:CC,GO:0098590,plasma membrane region,431,18,1,5622,0.7625894961598059,0.8253909840788488,False,PRKAR2A,ENSG00000114302,0.40594059405940597
up,GO:BP,GO:0009719,response to endogenous stimulus,502,18,1,5622,0.8147906964351073,0.8344616281152432,False,CFLAR,ENSG00000003402,0.40594059405940597
up,GO:CC,GO:0005768,endosome,451,18,1,5622,0.7785511295248974,0.8377392270911175,False,GPNMB,ENSG00000136235,0.40594059405940597
up,KEGG,KEGG:01100,Metabolic pathways,563,18,1,5622,0.8507855486256347,0.8507855486256347,False,GSTK1,ENSG00000197448,0.40594059405940597
up,GO:BP,GO:0055085,transmembrane transport,537,18,1,5622,0.8363367391095253,0.8554408778201487,False,CACNA1A,ENSG00000141837,0.40594059405940597
up,GO:CC,GO:0005856,cytoskeleton,891,18,2,5622,0.8038639996260857,0.8599475344837194,False,"CALB1, PRKAR2A","ENSG00000104327, ENSG00000114302",0.40594059405940597
up,GO:BP,GO:0007010,cytoskeleton organization,551,18,1,5622,0.8442734006015331,0.861693744397824,False,CFLAR,ENSG00000003402,0.40594059405940597
up,GO:BP,GO:0036211,protein modification process,973,18,2,5622,0.8445881613824825,0.861693744397824,False,"PRKAR2A, BCL11A","ENSG00000114302, ENSG00000119866",0.40594059405940597
up,GO:BP,GO:0043412,macromolecule modification,1013,18,2,5622,0.8617357677834274,0.8780771540245796,False,"PRKAR2A, BCL11A","ENSG00000114302, ENSG00000119866",0.40594059405940597
up,REAC,REAC:R-HSA-597592,Post-translational protein modification,620,18,1,5622,0.8783581519407095,0.8783581519407094,False,TRRAP,ENSG00000196367,0.40594059405940597
up,GO:CC,GO:0012506,vesicle membrane,530,18,1,5622,0.8322266084438932,0.8800557238717032,False,GPNMB,ENSG00000136235,0.40594059405940597
up,GO:CC,GO:0030659,cytoplasmic vesicle membrane,524,18,1,5622,0.8286262389537674,0.8800557238717032,False,GPNMB,ENSG00000136235,0.40594059405940597
up,GO:BP,GO:0051049,regulation of transport,621,18,1,5622,0.8787958874994994,0.894330158238127,False,ICE1,ENSG00000164151,0.40594059405940597
up,GO:BP,GO:0008104,intracellular protein localization,1084,18,2,5622,0.8882443840959385,0.9028057674417735,False,"ZMYND8, ICE1","ENSG00000101040, ENSG00000164151",0.40594059405940597
up,GO:CC,GO:0015630,microtubule cytoskeleton,596,18,1,5622,0.8673934626202995,0.9120022692693434,False,PRKAR2A,ENSG00000114302,0.40594059405940597
up,GO:BP,GO:0009057,macromolecule catabolic process,677,18,1,5622,0.9010680703323339,0.9123880209646495,False,FUS,ENSG00000089280,0.40594059405940597
up,GO:BP,GO:0015031,protein transport,675,18,1,5622,0.9003441069970299,0.9123880209646495,False,ICE1,ENSG00000164151,0.40594059405940597
up,GO:BP,GO:0051641,cellular localization,1118,18,2,5622,0.8993141886410608,0.9123880209646495,False,"ZMYND8, ICE1","ENSG00000101040, ENSG00000164151",0.40594059405940597
up,GO:BP,GO:0046907,intracellular transport,705,18,1,5622,0.9106961458744965,0.9209800421265296,False,ICE1,ENSG00000164151,0.40594059405940597
up,GO:MF,GO:0032559,adenyl ribonucleotide binding,583,18,1,5622,0.8610710172889227,0.9268472755540487,False,PRKAR2A,ENSG00000114302,0.40594059405940597
up,GO:MF,GO:0030554,adenyl nucleotide binding,619,18,1,5622,0.877918923602682,0.9384650562649358,False,PRKAR2A,ENSG00000114302,0.40594059405940597
up,GO:BP,GO:0033036,macromolecule localization,1244,18,2,5622,0.932493043000576,0.9414913160549856,False,"ZMYND8, ICE1","ENSG00000101040, ENSG00000164151",0.40594059405940597
up,GO:BP,GO:0045184,establishment of protein localization,784,18,1,5622,0.9333145924664187,0.9414913160549856,False,ICE1,ENSG00000164151,0.40594059405940597
up,GO:CC,GO:0005794,Golgi apparatus,700,18,1,5622,0.9090444546277922,0.9503646571108735,False,TRRAP,ENSG00000196367,0.40594059405940597
up,GO:BP,GO:0006796,phosphate-containing compound metabolic process,835,18,1,5622,0.9449141225293978,0.9510208888607786,False,PRKAR2A,ENSG00000114302,0.40594059405940597
up,GO:BP,GO:0006793,phosphorus metabolic process,836,18,1,5622,0.9451212555551908,0.9510208888607786,False,PRKAR2A,ENSG00000114302,0.40594059405940597
up,GO:MF,GO:1901265,nucleoside phosphate binding,829,18,1,5622,0.943655735044956,0.9573659352274987,False,PRKAR2A,ENSG00000114302,0.40594059405940597
up,GO:MF,GO:0003824,catalytic activity,1934,18,4,5622,0.9142190270636625,0.9573659352274987,False,"CFLAR, PRKAR2A, TRRAP, GSTK1","ENSG00000003402, ENSG00000114302, ENSG00000196367, ENSG00000197448",0.40594059405940597
up,GO:MF,GO:0000166,nucleotide binding,821,18,1,5622,0.9419356110091153,0.9573659352274987,False,PRKAR2A,ENSG00000114302,0.40594059405940597
up,GO:MF,GO:0017076,purine nucleotide binding,762,18,1,5622,0.9276296911450075,0.9573659352274987,False,PRKAR2A,ENSG00000114302,0.40594059405940597
up,GO:MF,GO:0140096,"catalytic activity, acting on a protein",867,18,1,5622,0.9511893808066759,0.9573659352274987,False,CFLAR,ENSG00000003402,0.40594059405940597
up,GO:MF,GO:0032553,ribonucleotide binding,728,18,1,5622,0.9179357202233613,0.9573659352274987,False,PRKAR2A,ENSG00000114302,0.40594059405940597
up,GO:MF,GO:1901363,heterocyclic compound binding,861,18,1,5622,0.9500667476056242,0.9573659352274987,False,PRKAR2A,ENSG00000114302,0.40594059405940597
up,GO:MF,GO:0016787,hydrolase activity,776,18,1,5622,0.9312980029024359,0.9573659352274987,False,CFLAR,ENSG00000003402,0.40594059405940597
up,GO:MF,GO:0032555,purine ribonucleotide binding,725,18,1,5622,0.9170239031593566,0.9573659352274987,False,PRKAR2A,ENSG00000114302,0.40594059405940597
up,GO:MF,GO:0043168,anion binding,923,18,1,5622,0.9605782411984134,0.9605782411984134,False,PRKAR2A,ENSG00000114302,0.40594059405940597
up,GO:BP,GO:0051649,establishment of localization in cell,920,18,1,5622,0.9601219166468851,0.9649105546351487,False,ICE1,ENSG00000164151,0.40594059405940597
up,GO:CC,GO:0005739,mitochondrion,800,18,1,5622,0.9371812510552626,0.9687716303043165,False,GSTK1,ENSG00000197448,0.40594059405940597
up,GO:CC,GO:0005783,endoplasmic reticulum,780,18,1,5622,0.9323133901567545,0.9687716303043165,False,MANF,ENSG00000145050,0.40594059405940597
up,GO:CC,GO:0031410,cytoplasmic vesicle,998,18,1,5622,0.9705063236746314,0.9815181673676934,False,GPNMB,ENSG00000136235,0.40594059405940597
up,GO:CC,GO:0012505,endomembrane system,1847,18,3,5622,0.9644624369196667,0.9815181673676934,False,"GPNMB, MANF, TRRAP","ENSG00000136235, ENSG00000145050, ENSG00000196367",0.40594059405940597
up,GO:CC,GO:0098588,bounding membrane of organelle,957,18,1,5622,0.9654168672144195,0.9815181673676934,False,GPNMB,ENSG00000136235,0.40594059405940597
up,GO:CC,GO:0097708,intracellular vesicle,1001,18,1,5622,0.9708494916354359,0.9815181673676934,False,GPNMB,ENSG00000136235,0.40594059405940597
up,GO:BP,GO:0009056,catabolic process,1099,18,1,5622,0.9801954525264913,0.9831291643352599,False,FUS,ENSG00000089280,0.40594059405940597
up,GO:BP,GO:0051179,localization,2022,18,3,5622,0.9806896378728894,0.9831291643352599,False,"ZMYND8, CACNA1A, ICE1","ENSG00000101040, ENSG00000141837, ENSG00000164151",0.40594059405940597
up,GO:BP,GO:0006810,transport,1671,18,2,5622,0.9850556188613367,0.986279290437562,False,"CACNA1A, ICE1","ENSG00000141837, ENSG00000164151",0.40594059405940597
up,GO:CC,GO:0016020,membrane,3101,18,6,5622,0.9824628372836501,0.9878314866677138,False,"CFLAR, PRKAR2A, PLXNC1, GPNMB, CACNA1A, GSTK1","ENSG00000003402, ENSG00000114302, ENSG00000136040, ENSG00000136235, ENSG00000141837, ENSG00000197448",0.40594059405940597
up,GO:BP,GO:0051234,establishment of localization,1757,18,2,5622,0.9892861806324007,0.9892861806324007,False,"CACNA1A, ICE1","ENSG00000141837, ENSG00000164151",0.40594059405940597
up,GO:CC,GO:0031090,organelle membrane,1593,18,1,5622,0.9975405899658787,0.9975405899658787,False,GPNMB,ENSG00000136235,0.40594059405940597
