source,set,size,panel_genes,n_panel,direction,ES,NES,p_label_shuffle,q_BH_label_shuffle,q_gsea_label_shuffle,NES_gene_shuffle,p_gene_shuffle,q_gsea_gene_shuffle,q_BH_gene_shuffle,leading_edge_size,leading_edge,panel_in_leading_edge
GO BP,Internal Peptidyl-Lysine Acetylation,16,TRRAP,1,up in PD,0.6928016942950006,1.9539928819360504,0.001953125,0.9931312007901678,0.3580813427443106,2.013398424701541,0.0019120458891013384,0.1104923400372054,0.334353221145674,6,"TRRAP, EP400, PHF20L1, EPC1, RUVBL2, KAT2B",TRRAP
GO BP,Regulation Of Protein Localization To Plasma Membrane,37,,0,down in PD,-0.48651649975413813,-1.623537981829486,0.0019880715705765406,0.9931312007901678,1.0,-1.7942283455631796,0.0021141649048625794,0.7200575100637141,0.334353221145674,14,"CIB1, DPP10, RHOQ, CLIP3, PPP2R5A, PTPN9, EPHB2, TMBIM1, PRKCI, STX7, WNK3, PID1",
Reactome,Chromatin Modifying Enzymes,106,TRRAP,1,up in PD,0.48143417192075977,1.8227379465158073,0.004016064257028112,0.9931312007901678,0.6980454746950102,2.132484337352562,0.0017793594306049821,0.035997504446510356,0.334353221145674,28,"TRRAP, EP400, EPC1, KDELR2, NCOR1, RUVBL2, JMJD6, KAT6B, SETD1B, ARID4B, ARID4A, PHF21A",TRRAP
Reactome,Oncogene Induced Senescence,17,,0,up in PD,0.6413186057351935,1.80913071144549,0.004032258064516129,0.9931312007901678,0.6151858782712896,1.9027194528631413,0.006024096385542169,0.18158741131906336,0.334353221145674,12,"AGO3, TNRC6B, TFDP2, UBA52, UBC, TNRC6C, MAPK1, E2F3, ETS2, MDM4, UBB, AGO1",
Reactome,Signaling By NTRK2 (TRKB),15,,0,down in PD,-0.6232509350625721,-1.7362197492206535,0.005747126436781609,0.9931312007901678,1.0,-1.7951672262028968,0.006109979633401222,0.9494091614173416,0.334353221145674,8,"PIGU, NRAS, PTPN11, SOS1, DOCK3, HRAS, CDK5R1, PLCG1",
GO BP,Positive Regulation Of Protein Kinase B Signaling,30,,0,up in PD,0.5295093122640564,1.7340218337126927,0.0058823529411764705,0.9931312007901678,0.6252213920932407,1.794644849083808,0.0053285968028419185,0.1817374009209238,0.334353221145674,9,"FGFR1, IGF1R, IGF1, PDGFA, PIK3CD, HAX1, HSP90AA1, INSR, MFHAS1",
GO BP,Positive Regulation Of Double-Strand Break Repair Via Homologous Recombination,15,"FUS, TRRAP",2,up in PD,0.6813889058044043,1.837616988320785,0.007707129094412331,0.9931312007901678,0.8722904137982684,1.9639635950590757,0.0037593984962406013,0.13832374393797958,0.334353221145674,9,"FUS, TRRAP, EP400, EPC1, RUVBL2, ARID2, WDR48, VPS72, MORF4L1","FUS, TRRAP"
KEGG,Circadian rhythm,16,,0,down in PD,-0.6185139136636764,-1.7339617085126353,0.00784313725490196,0.9931312007901678,1.0,-1.855902418819613,0.004081632653061225,1.0,0.334353221145674,11,"CUL1, BHLHE40, RORA, CSNK1D, RBX1, FBXW11, PRKAA1, CLOCK, PRKAG2, CRY2, CREB1",
GO BP,Negative Regulation Of Intracellular Signal Transduction,77,,0,down in PD,-0.4238122390615069,-1.6027866397984023,0.007889546351084813,0.9931312007901678,1.0,-1.8196827650749423,0.0020920502092050207,1.0,0.334353221145674,27,"CIB1, ITPR1, PINK1, NPRL3, TBC1D7, MGRN1, PDE4D, TANK, FNIP1, USP20, TNIP1, PDE11A",
Reactome,HATs Acetylate Histones,47,TRRAP,1,up in PD,0.49468854250929284,1.6794892040546519,0.007952286282306162,0.9931312007901678,0.712813285173836,1.8877375208780713,0.0018181818181818182,0.17865428132712546,0.334353221145674,13,"TRRAP, EP400, EPC1, KDELR2, RUVBL2, KAT6B, DR1, KAT2B, JADE1, ING4, SUPT7L, PHF20",TRRAP
Reactome,Amyloid Fiber Formation,24,CALB1,1,up in PD,0.5891845904745856,1.7588974695518635,0.008064516129032258,0.9931312007901678,0.6135492394811104,1.8798379949864021,0.006224066390041493,0.1306576087317783,0.334353221145674,16,"CALB1, TSPAN5, SORL1, SIAH1, UBE2L6, CST3, UBA52, UBC, GGA2, BACE1, APH1B, APP",CALB1
GO BP,Regulation Of Embryonic Development,26,,0,up in PD,0.5701288464582333,1.7854802517846289,0.008097165991902834,0.9931312007901678,0.6453989915653408,1.8544202599534871,0.011009174311926606,0.1548892621879015,0.3938595027532121,8,"POGLUT1, YY1, RUVBL2, NIPBL, CFL1, DR1, KAT2B, INSR",
Reactome,Glycosphingolipid Metabolism,19,,0,up in PD,0.6007449441928002,1.7800835446628733,0.01,0.9931312007901678,0.5708697597124078,1.8070300730929276,0.0037174721189591076,0.18320158512956164,0.334353221145674,8,"UGT8, HEXA, SMPD1, ESYT2, ESYT1, HEXB, B4GALNT1, STS",
GO BP,Histone H4 Acetylation,22,TRRAP,1,up in PD,0.587126863343375,1.7485459775550305,0.01006036217303823,0.9931312007901678,0.5972018822629257,1.8870224184022486,0.0019569471624266144,0.15484640801594135,0.334353221145674,8,"TRRAP, EP400, EPC1, RUVBL2, JADE1, ING4, PHF20, MSL3",TRRAP
GO BP,Regulation Of Double-Strand Break Repair Via Homologous Recombination,25,"FUS, TRRAP",2,up in PD,0.5759563329966554,1.733672858398367,0.014084507042253521,0.9931312007901678,0.5645109739632778,1.9085149443934781,0.0036968576709796672,0.2112353559534809,0.334353221145674,8,"FUS, TRRAP, EP400, EPC1, RUVBL2, MAGEF1, ARID2, SPIDR","FUS, TRRAP"
Reactome,HSF1-dependent Transactivation,18,DNAJB1,1,up in PD,0.6394148002685095,1.7178019574515346,0.014492753623188406,0.9931312007901678,0.6093970903305502,1.8858345863317676,0.0038240917782026767,0.13736547703720445,0.334353221145674,8,"DNAJB1, HSPH1, PTGES3, CRYAB, HSP90AA1, MRPL18, HSPA2, HSBP1",DNAJB1
GO BP,Histone Acetylation,31,TRRAP,1,up in PD,0.5028402570257288,1.619502620210903,0.016194331983805668,0.9931312007901678,0.9657183831849288,1.7555231636434285,0.003766478342749529,0.23670581241756267,0.334353221145674,9,"TRRAP, EP400, PHF20L1, EPC1, RUVBL2, DR1, KAT2B, SUPT7L, MSL3",TRRAP
Reactome,Pre-NOTCH Expression And Processing,22,,0,up in PD,0.5733959324019295,1.697592461590565,0.016666666666666666,0.9931312007901678,0.6880099608730591,1.7997437160525602,0.00980392156862745,0.18412056903937335,0.37812379853902345,11,"POGLUT1, AGO3, JUN, TNRC6B, KAT2B, RBPJ, TFDP2, ST3GAL6, TNRC6C, E2F3, SNW1",
Reactome,Intra-Golgi Traffic,23,,0,down in PD,-0.49879517296176445,-1.592869419897154,0.01818181818181818,0.9931312007901678,1.0,-1.6290304059413363,0.02186878727634195,0.8129315944635988,0.4672209026128266,13,"GOLIM4, MAN2A2, RAB30, COG6, CYTH3, CYTH1, GOSR2, BET1L, STX16, MAN2A1, NAPG, GOSR1",
GO BP,Defense Response To Bacterium,17,,0,up in PD,0.5909767955674539,1.685051850720241,0.018404907975460124,0.9931312007901678,0.7251803017207352,1.7410542594206244,0.0056925996204933585,0.24388309262510766,0.334353221145674,9,"RNF213, AKIRIN2, LYST, CHGA, ANKRD17, RAB1A, RBCK1, OPTN, ROMO1",
GO BP,Positive Regulation Of Apoptotic Process,93,CFLAR,1,up in PD,0.38428497702546305,1.470605947929885,0.02004008016032064,0.9931312007901678,1.0,1.6329095967118663,0.003745318352059925,0.3454084867348715,0.334353221145674,27,"RYBP, CLU, GRN, BOK, CFLAR, CCAR1, PRMT2, JUN, ATF6, DNAJA1, KCNMA1, CSRNP3",CFLAR
GO BP,Histone Modification,43,TRRAP,1,up in PD,0.4580700497491361,1.5881067886291154,0.022,0.9931312007901678,1.0,1.7038899792193516,0.0019230769230769232,0.28656346711006736,0.334353221145674,19,"TRRAP, EP400, PHF20L1, EPC1, RUVBL2, KAT2B, JADE1, GATAD2A, ING4, MSL3, MIER1, VPS72",TRRAP
GO BP,Positive Regulation Of Protein Localization To Cell Periphery,20,,0,down in PD,-0.5466595047586775,-1.6108689876302653,0.02217741935483871,0.9931312007901678,1.0,-1.7097917332552632,0.006289308176100629,0.8926427227932711,0.334353221145674,7,"CIB1, DPP10, CLIP3, PTPN9, EPHB2, PRKCI, WNK3",
GO BP,Positive Regulation Of Double-Strand Break Repair,36,"FUS, TRRAP",2,up in PD,0.522914853375145,1.6599453988097468,0.022900763358778626,0.9931312007901678,0.749466381800406,1.8461026436858472,0.001890359168241966,0.15489835246680214,0.334353221145674,15,"FUS, TRRAP, EP400, EPC1, RUVBL2, BCL7A, ARID2, SPIDR, WDR48, SPIRE2, SLF2, VPS72","FUS, TRRAP"
GO BP,Negative Regulation Of MAP Kinase Activity,15,,0,up in PD,0.6110533628103162,1.6674842847116516,0.023157894736842106,0.9931312007901678,0.7411004932868857,1.7551264371818065,0.011235955056179775,0.22524754244307651,0.3938595027532121,7,"RGS2, DNAJA1, SORL1, PDCD4, ANKS1B, SMPD1, DUSP1",
GO BP,Regulation Of Programmed Cell Death,76,TRRAP,1,up in PD,0.3939659801408181,1.4688697342859818,0.023529411764705882,0.9931312007901678,1.0,1.6439322454060348,0.0037313432835820895,0.33406255515321076,0.334353221145674,37,"TRRAP, EP400, CLU, EPC1, RUVBL2, CRYAB, HAX1, CALR, TM7SF3, HSP90AA1, LGALS1, NUP62",TRRAP
GO BP,Regulation Of Extrinsic Apoptotic Signaling Pathway,22,CFLAR,1,up in PD,0.4995989874431065,1.5508958347645592,0.02390438247011952,0.9931312007901678,1.0,1.5510904191527959,0.028735632183908046,0.4187985526889988,0.5160794602698651,6,"CFLAR, FGFR1, IGF1, STX4, RELA, DEPTOR",CFLAR
GO BP,Positive Regulation Of Programmed Cell Death,84,CFLAR,1,up in PD,0.40049865037880894,1.5245588758743387,0.02414486921529175,0.9931312007901678,1.0,1.669062658693793,0.003663003663003663,0.3239085792821056,0.334353221145674,27,"RYBP, CLU, BOK, CFLAR, CCAR1, PRMT2, JUN, ATF6, DNAJA1, KCNMA1, CSRNP3, SIAH1",CFLAR
GO BP,Regulation Of Phosphatidylinositol 3-Kinase Signaling,22,,0,up in PD,0.5053536445753914,1.543751299855496,0.02536997885835095,0.9931312007901678,1.0,1.5716468383561808,0.03300970873786408,0.4056385454759547,0.5522075199790384,8,"FGFR1, IGF1R, IGF1, PDGFA, HAX1, SEMA4D, INSR, NTRK3",
GO BP,Regulation Of Multicellular Organismal Development,23,,0,up in PD,0.5293811276291583,1.590373877943867,0.028,0.9931312007901678,1.0,1.669911245813576,0.024163568773234202,0.3330840515601211,0.47059148294011566,7,"YY1, RUVBL2, NIPBL, KAT6B, DR1, KAT2B, INSR",
GO BP,Positive Regulation Of Protein Localization To Plasma Membrane,22,,0,down in PD,-0.5167926839419774,-1.5731932803375548,0.02976190476190476,0.9931312007901678,1.0,-1.6574549619630616,0.023206751054852322,0.9731777264486113,0.4672209026128266,7,"CIB1, DPP10, CLIP3, PTPN9, EPHB2, PRKCI, WNK3",
GO BP,Positive Regulation Of Cellular Component Organization,41,ICE1,1,up in PD,0.4489163834547574,1.5476281330579054,0.02982107355864811,0.9931312007901678,1.0,1.6529568121908162,0.012773722627737226,0.3374141085185927,0.3938595027532121,10,"ANXA2, ICE1, CLU, IGF1R, BRK1, SURF4, CALY, SMPD1, INSR, SPIDR",ICE1
Reactome,Estrogen-dependent Gene Expression,50,,0,up in PD,0.42750607556091824,1.527819855650001,0.02982107355864811,0.9931312007901678,1.0,1.6481279102881463,0.007194244604316547,0.3421277968901923,0.3438811188811189,15,"YY1, AGO3, PTGES3, JUN, JUND, TNRC6B, EBAG9, HSP90AA1, KAT2B, NCOA3, POLR2L, PMEPA1",
GO BP,Negative Regulation Of Neuron Death,27,"GPNMB, LGMN",2,up in PD,0.49039623097077983,1.54972128836913,0.030120481927710843,0.9931312007901678,1.0,1.6278404894319578,0.007619047619047619,0.34036101960642806,0.3438811188811189,8,"GPNMB, CLU, GRN, CD200, SORL1, CHGA, IL6ST, WFS1",GPNMB
GO BP,TOR Signaling,15,,0,down in PD,-0.596137699028781,-1.6211473765906248,0.03076923076923077,0.9931312007901678,1.0,-1.738943653001157,0.013015184381778741,0.804730939487873,0.3938595027532121,7,"LAMTOR1, PINK1, NPRL3, FNIP1, LAMTOR3, EIF4EBP2, MAPKAP1",
GO BP,Positive Regulation Of Response To Stimulus,15,,0,up in PD,0.5730568352752516,1.564010827305688,0.03138075313807531,0.9931312007901678,1.0,1.6296964925472288,0.02247191011235955,0.3446076887657161,0.4672209026128266,4,"YY1, WNT5A, RUVBL2, EYA3",
GO BP,Vesicle Transport Along Microtubule,15,,0,down in PD,-0.5810206168227725,-1.6277831172170805,0.031746031746031744,0.9931312007901678,1.0,-1.7084115415761731,0.01694915254237288,0.7913132011637691,0.44225105110506546,6,"TRAK1, DYNC1I1, PAFAH1B1, KIF5A, KIFAP3, FBXW11",
GO BP,Regulation Of RNA Metabolic Process,48,"FUS, TRRAP",2,up in PD,0.44647195784473315,1.545965417672515,0.03285420944558522,0.9931312007901678,1.0,1.7143533064772754,0.007547169811320755,0.2962651754843749,0.3438811188811189,22,"FUS, TRRAP, MITF, SNRNP70, KAT2B, HNRNPH3, PTBP3, SUPT7L, CLK1, MBNL1, SON, CELF1","FUS, TRRAP"
Reactome,Regulation Of IGF Transport And Uptake By IGFBPs,39,,0,up in PD,0.45255360888597806,1.563938133636616,0.03288201160541586,0.9931312007901678,1.0,1.6332661458546072,0.011538461538461539,0.35391990868629236,0.3938595027532121,19,"TMEM132A, CDH2, IGF1, LGALS1, CHGB, KTN1, C3, HSP90B1, WFS1, CST3, PAPPA, TGOLN2",
GO BP,Negative Regulation Of Transcription By RNA Polymerase II,245,"BCL11A, DNAJB1, ZMYND8",3,up in PD,0.37121359972078516,1.4859861677804296,0.032989690721649485,0.9931312007901678,1.0,1.83446946803495,0.0017094017094017094,0.14960501313774072,0.334353221145674,91,"ZMYND8, BCL11A, DNAJB1, YY1, BAG3, HDGF, EPC1, PEG3, CGGBP1, BPTF, NCOR1, MITF","ZMYND8, BCL11A, DNAJB1"
GO BP,Positive Regulation Of DNA Recombination,20,"FUS, TRRAP",2,up in PD,0.5447227646946183,1.5784173485582842,0.03420523138832998,0.9931312007901678,1.0,1.7066130178628551,0.017045454545454544,0.2914145800784528,0.44225105110506546,6,"FUS, TRRAP, EP400, EPC1, RUVBL2, ARID2","FUS, TRRAP"
Reactome,Pre-NOTCH Transcription And Translation,15,,0,up in PD,0.6467195856330951,1.6574758284411528,0.035864978902953586,0.9931312007901678,0.7242496065695063,1.8366309016116305,0.008247422680412371,0.15857234018914168,0.360504009163803,9,"AGO3, JUN, TNRC6B, KAT2B, RBPJ, TFDP2, TNRC6C, E2F3, SNW1",
GO BP,Regulation Of Double-Strand Break Repair,38,TRRAP,1,up in PD,0.47187993246368143,1.54103875326954,0.0367504835589942,0.9931312007901678,1.0,1.700409217975234,0.0125,0.2729810753860369,0.3938595027532121,14,"TRRAP, EP400, EPC1, RUVBL2, BCL7A, ARID2, SPIDR, DEK, SPIRE2, SLF2, VPS72, MORF4L1",TRRAP
GO BP,Cytokine-Mediated Signaling Pathway,38,,0,up in PD,0.42854039836408075,1.4648064913019803,0.03680981595092025,0.9931312007901678,1.0,1.5270272947479708,0.02029520295202952,0.45307796503661185,0.45364391143911437,16,"TRAF3, RPS6KA5, JAK1, IL6ST, LEPR, RELA, RRAGA, STAT5B, ACTN4, MX1, MAP3K7, NFKBIA",
GO BP,Negative Regulation Of Cellular Component Organization,30,DNAJB1,1,up in PD,0.4874701950171475,1.4918262237914257,0.03822937625754527,0.9931312007901678,1.0,1.646162631641359,0.007339449541284404,0.3372707361050496,0.3438811188811189,9,"DNAJB1, CLU, HSPA5, TMEFF2, CRYAB, SORL1, DNAJA4, ANKS1B, HSPA2",DNAJB1
GO BP,Regulation Of Neuron Death,27,GPNMB,1,up in PD,0.4967691266824349,1.5337093703258098,0.03822937625754527,0.9931312007901678,1.0,1.6554467484940163,0.0142602495543672,0.3407183149359219,0.42499864959758005,6,"GPNMB, CLU, WNT5A, CD200, SORL1, CHGA",GPNMB
GO BP,RNA Stabilization,16,FUS,1,up in PD,0.5559030855250622,1.5471462317928333,0.04030710172744722,0.9931312007901678,1.0,1.6154043186286473,0.033271719038817,0.35085662898692005,0.5522075199790384,4,"FUS, PHAX, PABPC1, HNRNPU",FUS
GO BP,Regulation Of Proteolysis,21,,0,up in PD,0.5075751080978685,1.4905942669036292,0.04051172707889126,0.9931312007901678,1.0,1.5714152475475363,0.019455252918287938,0.39870312884291975,0.4505361790733992,9,"TRAF3, TRIM32, CST3, CLN8, SERPINE2, CSTB, HDAC6, CYFIP2, AURKAIP1",
GO BP,Phosphatidylinositol Metabolic Process,28,,0,down in PD,-0.5035712660999864,-1.559656705319303,0.04242424242424243,0.9931312007901678,1.0,-1.7497758089136621,0.004228329809725159,0.876670018502572,0.334353221145674,14,"LPGAT1, PIK3C2A, MTMR1, MTMR4, PIKFYVE, PITPNM2, PITPNM1, PI4KB, INPP4B, PIP5K1B, OCRL, PLCG1",
Reactome,CREB1 Phosphorylation Thru NMDA Receptor-Mediated Activation Of RAS Signaling,16,,0,down in PD,-0.5148132731191098,-1.43861148617601,0.04665314401622718,0.9931312007901678,1.0,-1.5415838324831521,0.045174537987679675,0.8971870417861181,0.5883789914500087,8,"NRAS, CAMK2D, RASGRF1, RPS6KA1, LRRC7, HRAS, CREB1, MPP2",
KEGG,Hedgehog signaling pathway,20,,0,down in PD,-0.5273554319837016,-1.5250554801526632,0.04771371769383698,0.9931312007901678,1.0,-1.6298156263585195,0.015151515151515152,0.8652119605051295,0.43440812720848054,9,"CUL1, MGRN1, CSNK1D, ARRB1, FBXW11, GSK3B, PTCH1, SMURF1, KIF3A",
Reactome,NR1H3 And NR1H2 Regulate Gene Expression Linked To Cholesterol Transport And Efflux,17,,0,up in PD,0.5717265736301704,1.5663899925131357,0.04844961240310078,0.9931312007901678,1.0,1.6858879827300304,0.01996007984031936,0.2992755487986113,0.45128134535526654,9,"NCOR1, AGO3, ARL4C, TNRC6B, APOD, KDM3A, RXRA, ABCA1, TNRC6C",
GO BP,Regulation Of Macromolecule Biosynthetic Process,25,RBM4B,1,up in PD,0.47728482282266077,1.4720375852139989,0.048638132295719845,0.9931312007901678,1.0,1.5561280642671802,0.026415094339622643,0.4175424821315467,0.49484276729559756,6,"RBM4B, MITF, PDGFA, JADE1, ATXN2, ING4",RBM4B
GO BP,Peptidyl-Tyrosine Dephosphorylation,15,,0,down in PD,-0.5221805769118987,-1.4978348325990605,0.049523809523809526,0.9931312007901678,1.0,-1.517071040033722,0.04421052631578947,0.8903936952400765,0.5883789914500087,7,"PTPRF, PTPN13, PTPN9, PTPRZ1, TNS2, PTPN11, DUSP3",
GO BP,SCF-dependent Proteasomal Ubiquitin-Dependent Protein Catabolic Process,20,,0,down in PD,-0.5053276598708879,-1.4628371685993895,0.049800796812749,0.9931312007901678,1.0,-1.5814675430274927,0.027196652719665274,1.0,0.4999608962577719,8,"CUL1, FBXL4, FBXO9, FBXL2, FBXO38, RBX1, FBXO3, FBXW11",
Hallmark,Myogenesis,59,PPFIA4,1,up in PD,0.3992659697510368,1.433514896960217,0.05112474437627812,0.9931312007901678,1.0,1.5692961964827876,0.015901060070671377,0.3981422098190294,0.43440812720848054,19,"PPFIA4, CLU, IGF1, ACSL1, KCNH2, CRYAB, LPIN1, APOD, GNAO1, FHL1, MYL6B, FLII",PPFIA4
GO BP,Regulation Of Synapse Assembly,25,,0,down in PD,-0.47929389175504833,-1.498031876507656,0.053061224489795916,0.9931312007901678,1.0,-1.596129445848799,0.019867549668874173,0.9805158125320731,0.45128134535526654,10,"RAP2A, SLITRK5, EPHB2, CLSTN3, MYCBP2, GPC4, ROBO2, NLGN3, NLGN1, SLITRK1",
Reactome,Response To Elevated Platelet Cytosolic Ca2+,49,MANF,1,up in PD,0.4053979471430153,1.3922735097837964,0.05325443786982249,0.9931312007901678,1.0,1.5223718436371363,0.018018018018018018,0.4612910975782306,0.443018018018018,23,"PRKCB, CLU, MANF, HSPA5, PHACTR2, IGF1, STXBP3, PDGFA, STX4, SCCPDH, LGALS3BP, HABP4",MANF
GO BP,Regulation Of Long-Term Synaptic Potentiation,16,"CALB1, CALB2, LGMN",3,up in PD,0.5209192278084906,1.4666993367471144,0.05708661417322835,0.9931312007901678,1.0,1.5033900005068175,0.06339468302658487,0.4768280546552803,0.6509303732839152,3,"CALB2, NSG1, CALB1","CALB2, CALB1"
KEGG,TGF-beta signaling pathway,25,,0,down in PD,-0.4887324661969584,-1.4660266978527876,0.05719921104536489,0.9931312007901678,1.0,-1.6375994472610553,0.012684989429175475,0.8747621738177876,0.3938595027532121,12,"ACVR1, TGFBR2, CUL1, RBX1, PPP2R1A, PPP2CA, SMAD5, ACVR1B, SMURF1, RHOA, RPS6KB1, PPP2CB",
GO BP,Regulation Of Reactive Oxygen Species Metabolic Process,19,,0,down in PD,-0.5214781322246064,-1.494569750383558,0.058027079303675046,0.9931312007901678,1.0,-1.638945116596127,0.017543859649122806,0.9374915429058703,0.44225105110506546,8,"TGFBR2, PINK1, AGTR1, SIRT5, MAPK14, RNF41, PID1, PIKFYVE",
Reactome,HDACs Deacetylate Histones,17,,0,up in PD,0.5373929404765766,1.4837007217442697,0.05942622950819672,0.9931312007901678,1.0,1.5784159077712436,0.023076923076923078,0.3931127471694744,0.4672209026128266,5,"NCOR1, ARID4B, ARID4A, PHF21A, GATAD2A",
Hallmark,p53 Pathway,70,,0,up in PD,0.3662546560468866,1.3899948323664377,0.05950095969289827,0.9931312007901678,1.0,1.4951178090195094,0.009487666034155597,0.49170915514416874,0.3732447817836812,30,"VWA5A, PTPRE, PRMT2, JUN, PDGFA, CD81, NHLH2, MXD1, MKNK2, TM7SF3, RXRA, RPL18",
GO BP,Regulation Of Endothelial Cell Migration,29,,0,up in PD,0.5002595058455996,1.5427487053709494,0.06109979633401222,0.9931312007901678,1.0,1.6672876466940976,0.012455516014234875,0.3184112592384383,0.3938595027532121,6,"STC1, GRN, WNT5A, PIK3CD, CALR, DNAJA4",
GO BP,Phospholipid Transport,24,,0,down in PD,-0.4944591634281621,-1.525264073555114,0.062111801242236024,0.9931312007901678,1.0,-1.6429449865403067,0.019027484143763214,0.9925338178491876,0.4505361790733992,16,"ABCG1, ABCC1, OSBP, ATP9A, APOC1, PITPNC1, PITPNM1, ATP11C, CPTP, PITPNA, ATP11A, SCARB2",
KEGG,Transcriptional misregulation in cancer,44,FUS,1,up in PD,0.4384621662792659,1.491557514591087,0.06288032454361055,0.9931312007901678,1.0,1.6106941052194819,0.017761989342806393,0.34802132771076993,0.44225105110506546,13,"FUS, PBX3, NCOR1, MITF, IGF1R, IGF1, PDGFA, RUNX1T1, ETV5, FUT8, RXRA, RELA",FUS
Reactome,Signaling By MET,34,SH3GL3,1,down in PD,-0.43858218114121783,-1.4371841260168776,0.06573705179282868,0.9931312007901678,1.0,-1.5770824327637551,0.017467248908296942,1.0,0.44225105110506546,12,"SH3GL3, PIGU, NRAS, HGS, USP8, EPS15, PTPN11, RNMT, SOS1, SH3GL1, RAPGEF1, HRAS",SH3GL3
GO BP,Regulation Of Nucleic Acid-Templated Transcription,149,"FUS, SOX6, TRRAP",3,up in PD,0.33313781122675157,1.354300988714153,0.06614785992217899,0.9931312007901678,1.0,1.540965394112504,0.0035026269702276708,0.4160663939862533,0.334353221145674,30,"FUS, TRRAP, RYBP, ZNF331, BPTF, MITF, RUVBL2, NFIA, KAT6B, ZNF37A, CALR, CREM","FUS, TRRAP"
GO BP,Chloride Transport,24,,0,down in PD,-0.4515867235831764,-1.427380370721669,0.06693711967545639,0.9931312007901678,1.0,-1.5119402262406563,0.03648068669527897,0.866554059038798,0.5721349621873182,14,"SLC6A1, TTYH3, SLC12A2, GABRA4, CLCN5, SLC1A1, GABRB3, ANO10, CLCN6, CLCN4, GLRB, LRRC8A",
Reactome,Downregulation Of SMAD2/3:SMAD4 Transcriptional Activity,18,,0,up in PD,0.5215494697388371,1.4593059589114652,0.06756756756756757,0.9931312007901678,1.0,1.6044925229152371,0.0234375,0.3505626535077732,0.4672209026128266,7,"NCOR1, UBE2D3, UBA52, UBC, MAPK1, SNW1, STAT1",
GO BP,Sterol Metabolic Process,17,,0,down in PD,-0.5094594297666405,-1.4600930357243016,0.07056451612903226,0.9931312007901678,1.0,-1.5391171559099863,0.04602510460251046,0.8773663704155964,0.5883789914500087,3,"FDX1, ABCG1, ABCA5",
GO BP,Positive Regulation Of Receptor-Mediated Endocytosis,20,,0,up in PD,0.4641557902108342,1.395223019123986,0.07100591715976332,0.9931312007901678,1.0,1.3994477950967745,0.07400379506641366,0.5710108344217113,0.6798387096774193,5,"ANXA2, CLU, DGKD, C3, INSR",
GO BP,Negative Regulation Of Cytokine Production,42,GPNMB,1,up in PD,0.4112566579627307,1.4183310905552682,0.07184466019417475,0.9931312007901678,1.0,1.506331694443994,0.037037037037037035,0.48782125389630904,0.5721599255348547,10,"GPNMB, CD200, SIRPA, RPS6KA5, PDCD4, ATG12, APOD, ATP2B1, EZR, LAPTM5",GPNMB
Reactome,Cellular Response To Heat Stress,53,DNAJB1,1,up in PD,0.41658679153358813,1.3964876613507182,0.07254901960784314,0.9931312007901678,1.0,1.6033364809669937,0.00929368029739777,0.34614621592477746,0.37307488050982474,12,"DNAJB1, BAG3, HSPH1, HSPA5, PTGES3, CRYAB, HSPA4, HSP90AA1, MRPL18, NUP62, HSPA2, HSBP1",DNAJB1
GO BP,Transcription By RNA Polymerase III,17,ICE1,1,up in PD,0.4973977025442098,1.4747845102117672,0.073558648111332,0.9931312007901678,1.0,1.4723979605597752,0.058935361216730035,0.5059887314825957,0.6282855759224342,7,"ICE1, GTF3A, SNAPC5, POLR2L, POLR2F, POLR3K, ZFP36L1",ICE1
Reactome,Negative Regulation Of MET Activity,16,SH3GL3,1,down in PD,-0.50789644607169,-1.4472575350963268,0.07377049180327869,0.9931312007901678,1.0,-1.492512142212126,0.059548254620123205,0.8796648522906747,0.6282855759224342,7,"SH3GL3, HGS, USP8, EPS15, RNMT, SOS1, SH3GL1",SH3GL3
GO BP,Response To Unfolded Protein,19,DNAJB1,1,up in PD,0.5181082726248285,1.4567792185927977,0.07459677419354839,0.9931312007901678,1.0,1.6131348796717828,0.02610441767068273,0.34955716204130727,0.49484276729559756,9,"DNAJB1, HSPH1, DNAJA1, HSPA4, TM7SF3, HSP90AA1, HSPA2, DNAJB4, DNAJB2",DNAJB1
GO BP,Regulation Of Cellular Response To Stress,45,"DNAJB1, MANF, TRRAP",3,up in PD,0.3965779355836851,1.3816260321347054,0.07468879668049792,0.9931312007901678,1.0,1.4822508884955892,0.029411764705882353,0.49694054923068015,0.5160794602698651,9,"TRRAP, DNAJB1, YY1, CHORDC1, MANF, RUVBL2, USP19, KAT2B, SLC38A2","TRRAP, DNAJB1, MANF"
GO BP,Negative Regulation Of Protein Catabolic Process,26,,0,up in PD,0.4517358342096412,1.419938453063958,0.07484407484407485,0.9931312007901678,1.0,1.4566964434728709,0.046065259117082535,0.5184146099761636,0.5883789914500087,10,"ANXA2, PHF20L1, SNRNP70, SNX3, TIMP2, CST3, RGP1, ALAD, SF3B3, CTSA",
GO BP,Negative Regulation Of Multicellular Organismal Process,73,GPNMB,1,up in PD,0.3704679615917797,1.3657705517416168,0.07489878542510121,0.9931312007901678,1.0,1.505383139217253,0.0223463687150838,0.4772204374687024,0.4672209026128266,15,"GPNMB, STC1, RGS2, GRN, NOVA1, PTPRG, CALR, ARID4B, PLCL2, RPS6KA5, ARID4A, RBPJ",GPNMB
KEGG,Glycosaminoglycan biosynthesis,24,,0,down in PD,-0.46582440290867577,-1.4523727457394884,0.07554671968190854,0.9931312007901678,1.0,-1.5161322794906458,0.035196687370600416,0.8679755740885213,0.5721349621873182,14,"CSGALNACT1, XYLT1, B4GALT2, EXTL2, B3GALT6, ST3GAL1, HS2ST1, NDST1, B4GALT7, XYLT2, EXTL3, B3GNT2",
GO BP,Positive Regulation Of Transport,19,,0,up in PD,0.48376415180304677,1.426506866965776,0.07554671968190854,0.9931312007901678,1.0,1.4592523540258733,0.04570383912248629,0.5155087064239611,0.5883789914500087,5,"ANXA2, BOK, CALY, SMPD1, RXRA",
Reactome,Sensory Processing Of Sound,26,,0,up in PD,0.45338731671845256,1.4270236589641918,0.08064516129032258,0.9931312007901678,1.0,1.4977828242280367,0.04554079696394687,0.4891578695925919,0.5883789914500087,9,"KCNMA1, CTBP2, ATP2B1, EZR, CASK, SPTAN1, SYN1, SNAP25, RAB3A",
GO BP,Negative Regulation Of DNA-templated Transcription,343,"BCL11A, DNAJB1, L3MBTL1, ZMYND8",4,up in PD,0.3344667806817763,1.3780247284978937,0.08064516129032258,0.9931312007901678,1.0,1.706806951643226,0.0016181229773462784,0.3040698292262049,0.334353221145674,127,"ZMYND8, BCL11A, DNAJB1, YY1, WNT5A, HDGF, EPC1, PEG3, CGGBP1, BPTF, NCOR1, MITF","ZMYND8, BCL11A, DNAJB1, L3MBTL1"
GO BP,Positive Regulation Of Epithelial Cell Proliferation,29,,0,up in PD,0.40300775686871404,1.3643022373448666,0.08086785009861933,0.9931312007901678,1.0,1.3753637832256569,0.0867992766726944,0.5972767751661523,0.7241242601874663,11,"GRN, WNT5A, IGF1, PIK3CD, SFRP1, SRSF6, PTPRN, MYDGF, ARNT, ZNF703, FGF9",
Reactome,Sensory Processing Of Sound By Inner Hair Cells Of Cochlea,25,,0,up in PD,0.4728226810454129,1.4380813968042465,0.08130081300813008,0.9931312007901678,1.0,1.5415128501564799,0.034026465028355386,0.42132563000028517,0.557750472589792,9,"KCNMA1, CTBP2, ATP2B1, EZR, CASK, SPTAN1, SYN1, SNAP25, RAB3A",
GO BP,Inorganic Anion Transmembrane Transport,23,,0,down in PD,-0.4980305081356805,-1.4443985519275961,0.08196721311475409,0.9931312007901678,1.0,-1.663874230688381,0.018480492813141684,1.0,0.4487793748574036,14,"SLC6A1, SLC12A2, SLC37A3, GABRA4, SLC1A1, GABRB3, ANO10, XPR1, SLC20A1, GLRB, LRRC8A, SLC5A6",
Reactome,Post-translational Protein Phosphorylation,36,,0,up in PD,0.4250169158878183,1.430351385770137,0.08235294117647059,0.9931312007901678,1.0,1.5156873932752637,0.02666666666666667,0.46929582393056307,0.49484276729559756,17,"TMEM132A, CDH2, LGALS1, CHGB, KTN1, C3, HSP90B1, WFS1, CST3, TGOLN2, PPP3CA, MIA3",
GO BP,Negative Regulation Of Ras Protein Signal Transduction,17,SCAI,1,down in PD,-0.4738355406632283,-1.4377056896621518,0.08286252354048965,0.9931312007901678,1.0,-1.39832229180834,0.09052631578947369,0.9007234547709879,0.7328489898220122,6,"SCAI, EPHB2, ARHGAP35, DAB2IP, MAPKAP1, KCTD10",SCAI
GO BP,Regulation Of Protein Kinase B Signaling,43,,0,up in PD,0.3792505878971819,1.3412184222348078,0.08366533864541832,0.9931312007901678,1.0,1.3981889096451083,0.04528985507246377,0.5708270936582743,0.5883789914500087,10,"FGFR1, IGF1R, IGF1, PDGFA, PIK3CD, HAX1, HSP90AA1, INSR, MFHAS1, NTRK3",
Reactome,PI Metabolism,46,,0,down in PD,-0.41423193381369716,-1.4014946167238385,0.08548707753479125,0.9931312007901678,1.0,-1.5728883706328225,0.015873015873015872,0.935924751101565,0.43440812720848054,17,"GDPD5, PTPN13, PIK3R3, PIK3C2A, RAB5A, PLEKHA6, MTMR1, PIK3C2B, MTMR4, MTMR12, PIKFYVE, PIK3C3",
GO BP,Negative Regulation Of Mitotic Cell Cycle Phase Transition,15,GPNMB,1,up in PD,0.6009105044783002,1.4893888458404336,0.08669354838709678,0.9931312007901678,1.0,1.7035106806547586,0.013011152416356878,0.27598086742324607,0.3938595027532121,5,"GPNMB, PRMT2, USP47, JADE1, FHL1",GPNMB
GO BP,Regulation Of DNA Repair,56,TRRAP,1,up in PD,0.3995616833725894,1.3954461169151748,0.08678500986193294,0.9931312007901678,1.0,1.5584554934539936,0.012750455373406194,0.41775285715753285,0.3938595027532121,18,"TRRAP, EP400, YY1, EPC1, RUVBL2, EYA3, KAT2B, BCL7A, ARID2, SUPT7L, DEK, VPS72",TRRAP
GO BP,Positive Regulation Of Catabolic Process,37,,0,up in PD,0.40137234398479854,1.3638099514405644,0.08687258687258688,0.9931312007901678,1.0,1.4259887923625079,0.056776556776556776,0.5486476788815753,0.6274128493229617,10,"CLU, WNT5A, TRIM32, SORL1, MAGEF1, HSP90AA1, CUL4A, TNFSF13B, EZR, LAPTM5",
KEGG,Leishmaniasis,19,,0,up in PD,0.48576338709666644,1.4124207246960776,0.08712871287128712,0.9931312007901678,1.0,1.4878062921133395,0.056179775280898875,0.491337732521867,0.6274128493229617,10,"PRKCB, JUN, JAK1, C3, IFNGR2, RELA, MAPK1, MAP3K7, NFKBIA, STAT1",
GO BP,Negative Regulation Of Protein Localization To Membrane,15,,0,down in PD,-0.5189270650679274,-1.424867291925397,0.08712871287128712,0.9931312007901678,1.0,-1.4875782641857278,0.04184100418410042,0.8411671829369305,0.5883789914500087,6,"RHOQ, PPP2R5A, TMBIM1, PID1, PICALM, LZTFL1",
KEGG,Hippo signaling pathway,52,,0,down in PD,-0.3982512437676613,-1.3578838944722855,0.08817635270541083,0.9931312007901678,1.0,-1.5757355044578998,0.017391304347826087,0.9623400187496262,0.44225105110506546,22,"WNT3, TGFBR2, DLG4, PPP2R2C, PPP2R2B, NF2, PAK1, CSNK1D, PRKCI, PPP2R1A, PPP2CA, FBXW11",
KEGG,IL-17 signaling pathway,26,,0,up in PD,0.42180211455418093,1.3587905030954388,0.09036144578313253,0.9931312007901678,1.0,1.3887824333440197,0.07372400756143667,0.5854432846811496,0.6798387096774193,12,"TRAF3, JUN, JUND, HSP90AA1, HSP90B1, RELA, MAPK1, SRSF1, ANAPC5, USP25, MAP3K7, NFKBIA",
Reactome,Signaling By EGFR,29,SH3GL3,1,down in PD,-0.4322645831530111,-1.4049753769246263,0.0912621359223301,0.9931312007901678,1.0,-1.4919689580740765,0.03648068669527897,0.8594896989642096,0.5721349621873182,11,"SH3GL3, PIGU, NRAS, HGS, EPS15, CSK, PTPN11, SOS1, SH3GL1, HRAS, PLCG1",SH3GL3
GO BP,Regulation Of Cell Cycle,120,"L3MBTL1, TRRAP",2,up in PD,0.34975303948380565,1.3590203578237905,0.09181636726546906,0.9931312007901678,1.0,1.552363775249919,0.005244755244755245,0.4219532039239345,0.334353221145674,42,"TRRAP, EP400, YY1, EPC1, UHRF2, TRIM32, RUVBL2, DYNLT3, JUN, CALR, L3MBTL1, ANAPC16","TRRAP, L3MBTL1"
GO BP,Positive Regulation Of Protein Localization To Membrane,34,,0,down in PD,-0.3949727931019231,-1.3285395151918986,0.09274193548387097,0.9931312007901678,1.0,-1.4045603905557689,0.04703476482617587,0.9231382459889417,0.5968863381489545,9,"CIB1, DPP10, CLIP3, PTPN9, EPHB2, MAPK8, TCAF1, PRKCI, WNK3",
GO BP,Regulation Of MAP Kinase Activity,32,,0,up in PD,0.3967848657921943,1.3243701826911047,0.0931174089068826,0.9931312007901678,1.0,1.3952829949148686,0.06851851851851852,0.5767203490158551,0.6798387096774193,12,"RGS2, FGFR1, PDGFA, SORL1, SMPD1, INSR, CDK12, NTRK3, DUSP1, SNF8, PDCD10, TENM1",
KEGG,Herpes simplex virus 1 infection,79,,0,up in PD,0.38200469777705803,1.3844544388461875,0.09394572025052192,0.9931312007901678,1.0,1.6156421503022937,0.003552397868561279,0.3587068397014054,0.334353221145674,34,"ZNF331, ZNF91, TRAF3, EIF2AK2, PIK3CD, ZNF37A, CALR, JAK1, ZNF585A, C3, ZNF793, ZNF195",
GO BP,Positive Regulation Of Ion Transmembrane Transporter Activity,15,,0,down in PD,-0.5417012565112994,-1.4640662756033056,0.09465020576131687,0.9931312007901678,1.0,-1.5542325751708943,0.036016949152542374,0.9290742039572089,0.5721349621873182,8,"EPHB2, TCAF1, GLRX, WNK3, ATP1B1, NLGN3, STK39, ATP1B2",
GO BP,mRNA Stabilization,18,FUS,1,up in PD,0.4842077809346735,1.3936483623894866,0.09475806451612903,0.9931312007901678,1.0,1.459885127086545,0.054409005628517824,0.5311355924272467,0.6274128493229617,5,"FUS, PABPC1, ELAVL4, HNRNPU, TARDBP",FUS
GO BP,Negative Regulation Of Transferase Activity,15,,0,up in PD,0.4795773819484918,1.371149765661335,0.09580838323353294,0.9931312007901678,1.0,1.3537659670864093,0.100990099009901,0.6257887845641021,0.7684517369876186,9,"BUB3, HNRNPU, NPRL2, MAPT, CDKN1C, IRS2, PRDX3, BAG5, BANF1",
Reactome,Regulation Of HSF1-mediated Heat Shock Response,42,DNAJB1,1,up in PD,0.42372156894335183,1.3888054978925781,0.09633911368015415,0.9931312007901678,1.0,1.5506042126702144,0.022222222222222223,0.41336117394086047,0.4672209026128266,21,"DNAJB1, BAG3, HSPH1, HSPA5, HSPA4, MRPL18, NUP62, HSPA2, HSBP1, MAPK1, DNAJB6, RPA3",DNAJB1
KEGG,Antigen processing and presentation,18,LGMN,1,up in PD,0.4998480770776818,1.3972822595752425,0.09803921568627451,0.9931312007901678,1.0,1.4888999362467197,0.045112781954887216,0.49391381100958687,0.5883789914500087,6,"HSPA5, CALR, HSPA4, HSP90AA1, HSPA2, CTSB",
GO BP,Positive Regulation Of Intracellular Transport,21,ICE1,1,up in PD,0.43960939332047355,1.3607058638302891,0.09883720930232558,0.9931312007901678,1.0,1.3576028308986618,0.11984282907662082,0.6211838863245038,0.8077465443500899,5,"ICE1, PCNT, SORL1, EHD1, TBC1D20",ICE1
GO BP,Regulation Of Small Molecule Metabolic Process,17,,0,down in PD,-0.4667207310286938,-1.3904798472099658,0.09919028340080972,0.9931312007901678,1.0,-1.4028564086426358,0.07741935483870968,0.8904557349345609,0.6798387096774193,4,"ABCG1, FOXK2, RORA, HIF1A",
GO BP,Endoplasmic Reticulum Organization,28,,0,down in PD,-0.458465144672179,-1.396973597937458,0.10020040080160321,0.9931312007901678,1.0,-1.5628292205503178,0.0334075723830735,0.9578384060788017,0.5522075199790384,10,"VCPIP1, TOR1B, TOR1AIP2, GAK, DNM1L, STX18, SEC31A, TMEM170A, VAPB, SEC16A",
GO BP,Regulation Of RNA Splicing,60,"FUS, TRRAP",2,up in PD,0.38290017811097243,1.3846257790905647,0.1007905138339921,0.9931312007901678,1.0,1.5496369351597832,0.01890359168241966,0.40957160614696225,0.4505361790733992,25,"FUS, TRRAP, JMJD6, SNRNP70, KAT2B, SLC38A2, HNRNPH3, PTBP3, SUPT7L, CLK1, MBNL1, SON","FUS, TRRAP"
GO BP,Negative Regulation Of Peptidase Activity,17,,0,up in PD,0.49614429931147197,1.405361220338868,0.10441767068273092,0.9931312007901678,1.0,1.4643871706413971,0.05639097744360902,0.5210569006026858,0.6274128493229617,8,"TIMP2, SERPINB6, CST3, CTSB, SERPINE2, SPOCK2, CSTB, UBXN1",
GO BP,Cellular Response To Peptide,20,"CACNA1A, LGMN",2,up in PD,0.46382538644980636,1.3874025310204203,0.10567514677103718,0.9931312007901678,1.0,1.4108377812315185,0.09053497942386832,0.5564175662935748,0.7328489898220122,10,"CACNA1A, IGF1R, IGF1, GRIN2A, CACNB1, ZFP36L1, PRNP, APP, CHMP5, GJA1",CACNA1A
GO BP,Positive Regulation Of Response To External Stimulus,30,,0,up in PD,0.38511560343536355,1.3265059360278648,0.10590631364562118,0.9931312007901678,1.0,1.3089834154434432,0.10237659963436929,0.6556099165916468,0.7684517369876186,8,"GRN, WNT5A, AKIRIN2, PDCD4, LGALS1, PPM1F, STX4, PDE2A",
GO BP,Inositol Lipid-Mediated Signaling,16,,0,up in PD,0.4446453069985615,1.3332933624518768,0.10590631364562118,0.9931312007901678,1.0,1.2799129166471022,0.16666666666666666,0.7007143090627419,0.8571751092069891,5,"FGFR1, IGF1R, IGF1, PLCB4, EZR",
GO BP,Regulation Of Cellular Biosynthetic Process,31,RBM4B,1,up in PD,0.42916378997728705,1.3888440136870326,0.10609037328094302,0.9931312007901678,1.0,1.4806565327412728,0.0449438202247191,0.4901977239990752,0.5883789914500087,8,"RBM4B, MITF, SIRPA, PDGFA, JADE1, ATXN2, C3, ING4",RBM4B
Reactome,Cargo Recognition For Clathrin-Mediated Endocytosis,61,SH3GL3,1,down in PD,-0.3760577697501811,-1.3424229119018931,0.10647181628392484,0.9931312007901678,1.0,-1.5263497187271475,0.014799154334038054,0.8929678719152209,0.43440812720848054,19,"SH3GL3, SGIP1, AP2A1, CLTCL1, AGTR1, TOR1B, KIAA0319, HGS, EPS15, TFRC, COPS7A, REPS1",SH3GL3
GO BP,Sensory Perception Of Light Stimulus,23,,0,up in PD,0.4315719825068762,1.361610139439421,0.10693069306930693,0.9931312007901678,1.0,1.358401418265702,0.10831721470019343,0.6271795418993923,0.7684517369876186,7,"ATF6, EYA3, CRYZ, WFS1, ADGRV1, TH, OPA3",
GO BP,Protein Polymerization,28,,0,up in PD,0.4132207156421033,1.35859838530739,0.107421875,0.9931312007901678,1.0,1.3848005771959904,0.07850467289719626,0.5811237756665493,0.6832685468530312,9,"TTC17, COBL, TRIM32, DIAPH1, CENPJ, CHMP2A, CHMP3, MAPT, SPIRE2",
Reactome,NR1H2 And NR1H3-mediated Signaling,21,,0,up in PD,0.4653660682583894,1.3762089318888193,0.10810810810810811,0.9931312007901678,1.0,1.428838601641053,0.08282828282828283,0.5441545837752939,0.708043233207347,9,"NCOR1, AGO3, ARL4C, TNRC6B, APOD, KDM3A, RXRA, ABCA1, TNRC6C",
GO BP,Defense Response To Symbiont,32,,0,up in PD,0.4150785992525131,1.3347511637157623,0.10887096774193548,0.9931312007901678,1.0,1.4161877703027794,0.0724907063197026,0.5577158813905935,0.6798387096774193,14,"TRAF3, EIF2AK2, LYST, PDE12, CNOT7, RELA, STAT2, DDX56, MX1, STAT1, RNF185, OPRK1",
GO BP,Negative Regulation Of Response To Stimulus,15,,0,up in PD,0.4869959835319866,1.3588245626504514,0.10894941634241245,0.9931312007901678,1.0,1.403374309016564,0.10325047801147227,0.562520324898364,0.7684517369876186,8,"CLU, WFS1, CASK, THY1, VPS13C, RPS3, SLIT2, APLP2",
Hallmark,TNF-alpha Signaling via NF-kB,55,CFLAR,1,up in PD,0.45122811380785155,1.4148276453879383,0.10967741935483871,0.9931312007901678,1.0,1.7746543377973643,0.005309734513274336,0.21027953986319364,0.334353221145674,27,"CFLAR, PTPRE, JUN, MXD1, CD83, IL6ST, EHD1, ATP2B1, IFNGR2, SAT1, ABCA1, RELA",CFLAR
GO BP,Establishment Or Maintenance Of Epithelial Cell Apical/Basal Polarity,18,,0,down in PD,-0.45675313298315934,-1.3374576694455917,0.11020408163265306,0.9931312007901678,1.0,-1.3982192145213925,0.08385744234800839,0.887697764946085,0.7109809874936746,8,"RAP2A, DLG4, PRKCI, LIN7C, LIN7A, PRKCZ, PDCD6IP, RHOA",
GO BP,Response To Peptide,16,CACNA1A,1,up in PD,0.4721128908685391,1.3471509902056489,0.11044176706827309,0.9931312007901678,1.0,1.3887049828963134,0.1001926782273603,0.58103971899384,0.7684517369876186,8,"CACNA1A, EIF2B1, STAT2, EIF2B5, EIF2B2, STAT5B, STAT1, PRNP",CACNA1A
GO BP,Epithelial Cell Differentiation,24,GSTK1,1,up in PD,0.44317610598581525,1.343624379585021,0.11067961165048544,0.9931312007901678,1.0,1.4209050027309496,0.07678244972577697,0.5465859607369979,0.6798387096774193,13,"GSTK1, HNRNPH3, ALDOC, CTSB, CBR1, SCUBE1, CNN3, BASP1, ZNF703, ZDHHC7, PGK1, VDAC1",GSTK1
GO BP,Integrin-Mediated Signaling Pathway,15,,0,down in PD,-0.45299770673881434,-1.3364121714958943,0.11153119092627599,0.9931312007901678,1.0,-1.3641812027709503,0.09492273730684327,0.9445559599455916,0.750763358778626,4,"CD47, DST, ORC3, ITGAE",
GO BP,Chloride Transmembrane Transport,17,,0,down in PD,-0.4904104667567015,-1.3678288416374635,0.11177644710578842,0.9931312007901678,1.0,-1.4976823329024411,0.05531914893617021,0.8993575448117224,0.6274128493229617,10,"SLC6A1, SLC12A2, GABRA4, SLC1A1, GABRB3, ANO10, GLRB, LRRC8A, CLCN3, SLC12A7",
GO BP,Positive Regulation Of Intracellular Signal Transduction,167,CFLAR,1,up in PD,0.30437720284125436,1.2581737658196606,0.11247443762781185,0.9931312007901678,1.0,1.4463227035182094,0.00528169014084507,0.5263280952507565,0.334353221145674,62,"PRKCB, WNT5A, BOK, CFLAR, FGFR1, EIF2AK2, TRIM32, IGF1R, IGF1, PDGFA, CD81, PIK3CD",CFLAR
Reactome,Signaling By BRAF And RAF1 Fusions,38,,0,down in PD,-0.403596313003141,-1.3263505560082736,0.11270491803278689,0.9931312007901678,1.0,-1.45774215626743,0.038461538461538464,0.9100282383360792,0.5757403581267218,17,"TRAK1, MAP2K1, NRAS, CAMK2D, CSK, CNKSR2, PAPSS1, ARRB1, AGGF1, SND1, TRIM24, FAM131B",
Hallmark,UV Response Up,68,DNAJB1,1,up in PD,0.34804189278146197,1.3063071484780941,0.11359026369168357,0.9931312007901678,1.0,1.412609434443486,0.040145985401459854,0.560398649951143,0.5883789914500087,24,"DNAJB1, PTPRD, AMD1, CDC5L, KCNH2, DNAJA1, HNRNPU, IL6ST, NTRK3, HSPA2, EIF5, ENO2",DNAJB1
GO BP,Purine Ribonucleotide Metabolic Process,25,,0,down in PD,-0.4666416168489774,-1.4130237668021344,0.11368015414258188,0.9931312007901678,1.0,-1.54253373868832,0.025477707006369428,0.9266740122569964,0.4913200949169477,13,"AMPD3, RHOQ, ENPP1, GMPR2, ACAT1, ATP1B1, ACSL6, MFN1, ATP1A2, CLPX, NDUFS1, OPA1",
GO BP,Actin Polymerization Or Depolymerization,23,,0,up in PD,0.4434558762080074,1.355835420924476,0.1141732283464567,0.9931312007901678,1.0,1.4368460385270194,0.06386861313868614,0.531517607596205,0.6509303732839152,8,"TTC17, COBL, CFL1, DIAPH1, FLII, ENAH, ABI2, SPIRE2",
GO BP,Regulation Of Cellular Metabolic Process,21,,0,down in PD,-0.4282492731984354,-1.3410734586424773,0.11434511434511435,0.9931312007901678,1.0,-1.3621916005670267,0.10882956878850103,0.9423829592180019,0.7684517369876186,10,"PINK1, NEK4, HIF1A, RNF41, PID1, RSL1D1, PRKAG2, MPV17, PNPT1, ZBTB7A",
GO BP,Cholesterol Homeostasis,15,,0,down in PD,-0.4838618324926368,-1.378523579176107,0.11507936507936507,0.9931312007901678,1.0,-1.4071882603734605,0.08043478260869565,0.9388416507372399,0.690896145813556,5,"ABCG1, LAMTOR1, ABCA5, RORA, HDAC9",
GO BP,Double-Strand Break Repair Via Homologous Recombination,34,ZMYND8,1,up in PD,0.39310844638301545,1.3413722909650503,0.11614173228346457,0.9931312007901678,1.0,1.3705612209728097,0.07678244972577697,0.6008472347121235,0.6798387096774193,15,"ZMYND8, YY1, EPC1, NIPBL, INIP, SPIDR, ZSWIM7, NPC1, WDR48, REV3L, SLF2, RPA3",ZMYND8
KEGG,Insulin signaling pathway,68,PRKAR2A,1,down in PD,-0.3593232721723495,-1.2975467027108176,0.1165644171779141,0.9931312007901678,1.0,-1.489026715244757,0.023529411764705882,0.8545810747999762,0.4672209026128266,25,"PTPRF, PIK3R3, RHOQ, PYGL, FASN, MAP2K1, NRAS, PPP1R3F, MAPK8, PRKCI, PRKAR2B, AKT3",
GO BP,Glycolipid Biosynthetic Process,18,,0,up in PD,0.48170674668304586,1.3704048539034417,0.11976047904191617,0.9931312007901678,1.0,1.4596647590422391,0.05325443786982249,0.5258499087044212,0.6274128493229617,7,"ST3GAL6, DPM3, PIGH, SLC30A5, ST3GAL5, SCCPDH, TP53INP2",
GO BP,RNA Metabolic Process,51,,0,up in PD,0.40366868167350634,1.3376241725557556,0.12244897959183673,0.9931312007901678,1.0,1.5593385775042055,0.01289134438305709,0.422822539368116,0.3938595027532121,20,"AGO3, NOVA1, PABPC4, RBM6, ELAVL4, EXOSC1, HNRNPU, HNRNPH3, ATXN2, DDX24, NOL9, XRN2",
GO BP,Erythrocyte Differentiation,16,CFLAR,1,up in PD,0.4615640946256234,1.3166265049802246,0.1237721021611002,0.9931312007901678,1.0,1.348523002680764,0.12430426716141002,0.6191718405571187,0.8151531531531532,10,"CFLAR, MFHAS1, ACIN1, FLVCR1, UBA5, HIPK2, KMT2E, CEBPG, SLC25A5, RPS14",CFLAR
GO BP,Negative Regulation Of Cell Death,28,GPNMB,1,up in PD,0.43077310115301404,1.3202722075910571,0.125,0.9931312007901678,1.0,1.4511855763272203,0.052830188679245285,0.5202298921266516,0.6274128493229617,10,"GPNMB, CD200, SORL1, CHGA, TM7SF3, NUP62, WFS1, CHMP7, CHMP2A, CHMP3",GPNMB
GO BP,Protein Autoubiquitination,31,,0,up in PD,0.3991986901671403,1.3006798845198424,0.125,0.9931312007901678,1.0,1.3714993246065548,0.09477756286266925,0.602129898692655,0.750763358778626,4,"RNF213, UHRF2, UBE2D3, KLHL24",
Reactome,Sphingolipid Metabolism,37,,0,up in PD,0.38717323853271607,1.3162527821320873,0.12625250501002003,0.9931312007901678,1.0,1.3856252106018416,0.0888468809073724,0.5828257369091169,0.7281742281033396,10,"SPTLC2, UGT8, HEXA, CERS1, SMPD1, ESYT2, ESYT1, HEXB, B4GALNT1, STS",
GO BP,Positive Regulation Of Amide Metabolic Process,44,,0,down in PD,-0.38090494174647815,-1.2915565876456039,0.12629399585921325,0.9931312007901678,1.0,-1.4537192728014912,0.0425531914893617,0.8754865906503838,0.5883789914500087,15,"ABCG1, LARP4B, RPS27L, CIRBP, SLC2A13, NAT10, EEF2, METTL14, GUF1, EIF3D, FXR2, IFNGR1",
KEGG,Cortisol synthesis and secretion,20,,0,down in PD,-0.44134767975436073,-1.306787735756736,0.12761904761904763,0.9931312007901678,1.0,-1.3683816385865197,0.1072961373390558,0.9459288834520336,0.7684517369876186,12,"ITPR1, ADCY3, AGTR1, GNA11, NCEH1, CACNA1G, CREB1, ADCY1, AGT, ATF2, ADCY2, CREB3L1",
GO BP,Vesicle Cytoskeletal Trafficking,18,,0,down in PD,-0.49568801356757397,-1.3545740048057047,0.1282565130260521,0.9931312007901678,1.0,-1.5485335806080684,0.03292181069958848,0.9258239443631713,0.5522075199790384,9,"TRAK1, DYNC1I1, PAFAH1B1, PPFIA2, MYO5A, FBXW11, MYO6, CCDC186, NDEL1",
GO BP,Peptidyl-Tyrosine Phosphorylation,18,,0,up in PD,0.5041033085714826,1.3827626713543943,0.1285140562248996,0.9931312007901678,1.0,1.5466161629371185,0.04238921001926782,0.4119386551643011,0.5883789914500087,7,"FGFR1, IGF1R, JAK1, INSR, CLK1, ABI2, CLK4",
GO BP,RNA Processing,100,FUS,1,up in PD,0.3641158855509732,1.3398179107958548,0.12974051896207583,0.9931312007901678,1.0,1.6059959507145052,0.005474452554744526,0.35390879834541383,0.334353221145674,36,"FUS, SF3B1, SCAF11, NOVA1, PABPC4, RBM6, ELAVL4, EXOSC1, HNRNPU, ARVCF, HNRNPH3, RSRC1",FUS
Hallmark,IL-6/JAK/STAT3 Signaling,17,,0,up in PD,0.4992479397078692,1.3728529209230902,0.13157894736842105,0.9931312007901678,1.0,1.453919419867772,0.05973025048169557,0.51701792079298,0.6282855759224342,7,"JUN, HAX1, IL6ST, LEPR, IFNGR2, PIM1, STAT2",
Reactome,Negative Regulators Of DDX58/IFIH1 Signaling,17,,0,up in PD,0.5032563040131017,1.347869366190444,0.1316793893129771,0.9931312007901678,1.0,1.4841806820092938,0.060546875,0.49664911373845755,0.6313316993464052,6,"TRAF3, UBE2D3, ATG12, UBE2L6, UBA52, UBC",
GO BP,Protein Exit From Endoplasmic Reticulum,20,,0,down in PD,-0.4444814172547785,-1.3134184982596826,0.13188976377952755,0.9931312007901678,1.0,-1.3857622355446848,0.08723404255319149,0.9158874364613991,0.7241242601874663,11,"DERL1, FAF2, TMEM129, TMED9, HERPUD1, ERLEC1, SYVN1, PREB, SEC16A, VCP, TECPR2",
GO BP,Regulation Of TOR Signaling,36,,0,down in PD,-0.3864030133982179,-1.2965292483225404,0.13346613545816732,0.9931312007901678,1.0,-1.40354640823989,0.04772234273318872,0.9006188062613315,0.6017297958729629,11,"LAMTOR1, NPRL3, MIOS, TBC1D7, FNIP1, LAMTOR3, FBXO9, EPM2A, RPS6KA1, C9orf72, PRKAA1",
Hallmark,Epithelial Mesenchymal Transition,61,,0,up in PD,0.3937307128029919,1.385293717924282,0.13480885311871227,0.9931312007901678,1.0,1.5801291009522365,0.008976660682226212,0.4042428089030865,0.37307488050982474,20,"CADM1, CDH2, WNT5A, APLP1, MEST, THBS2, JUN, MATN2, LAMA3, CDH6, LGALS1, SFRP1",
Reactome,RET Signaling,21,,0,down in PD,-0.4426389541493593,-1.3238031991391284,0.13480885311871227,0.9931312007901678,1.0,-1.4287403311768718,0.075,0.8630864774623349,0.6798387096774193,7,"PIGU, PIK3R3, GAB2, PTPN11, DOK6, SOS1, PLCG1",
GO BP,Regulation Of Peptidyl-Tyrosine Phosphorylation,24,,0,up in PD,0.41984535049395544,1.3266187482923053,0.13673469387755102,0.9931312007901678,1.0,1.3446633589862784,0.09541984732824428,0.6254069743270378,0.750763358778626,8,"IGF1, PDGFA, CD81, HAX1, SEMA4D, ENPP2, CNOT7, SFRP1",
GO BP,Protein Localization To Organelle,66,,0,down in PD,-0.3386981960592551,-1.2463689243043743,0.13701431492842536,0.9931312007901678,1.0,-1.4073288331793103,0.03896103896103896,0.9540592503280637,0.5762132604237867,19,"TUB, XPA, TOR1B, BBS4, CTDNEP1, GAK, PAK1, CSNK1D, ARL3, ZNF423, PEX2, MTCH2",
GO BP,Phospholipid Biosynthetic Process,15,,0,down in PD,-0.4558842135279366,-1.3004056669511381,0.13701431492842536,0.9931312007901678,1.0,-1.3181928387709594,0.1390593047034765,0.9533488700161749,0.8364494450950868,7,"FITM2, DHDDS, OSBP, FAR1, SGMS1, AGPAT3, IDI1",
KEGG,Glutathione metabolism,23,GSTK1,1,down in PD,-0.45345659917817627,-1.3392230851098896,0.13814432989690723,0.9931312007901678,1.0,-1.451698932557837,0.06567796610169492,0.8687224449646237,0.6659204088764634,6,"GSTA4, MGST1, GCLC, ODC1, GSS, GPX3",
Hallmark,Hypoxia,75,PPFIA4,1,up in PD,0.34603270352133897,1.27711221331574,0.1383399209486166,0.9931312007901678,1.0,1.4298158111507493,0.044563279857397504,0.5459330265775377,0.5883789914500087,19,"ANXA2, PPFIA4, PAM, STC1, HSPA5, KLHL24, JUN, JMJD6, HEXA, RBPJ, ALDOC, GRHPR",PPFIA4
Reactome,Costimulation By CD28 Family,21,,0,down in PD,-0.4746808323971269,-1.3437842027914677,0.1383399209486166,0.9931312007901678,1.0,-1.5058769756209271,0.052980132450331126,0.8782760291255082,0.6274128493229617,8,"PIK3R3, PPP2R5A, PPP2R5B, CSK, PPP2R1A, PPP2CA, PTPN11, AKT3",
GO BP,Enzyme-Linked Receptor Protein Signaling Pathway,32,,0,up in PD,0.41305079269281225,1.3099515898511664,0.13861386138613863,0.9931312007901678,1.0,1.4391206685435607,0.056261343012704176,0.5292533091248185,0.6274128493229617,7,"PTPRD, FGFR1, PTPRG, TRIO, IL6ST, INSR, NTRK3",
GO BP,Organelle Disassembly,25,,0,down in PD,-0.40489054837460303,-1.2811850811996939,0.13911290322580644,0.9931312007901678,1.0,-1.3654860826230693,0.10714285714285714,0.9496942719080467,0.7684517369876186,10,"DENR, UFM1, ATG2B, PRKAA1, ZFAND1, ULK2, VCP, PELO, UFL1, HBS1L",
GO BP,Purine Ribonucleotide Biosynthetic Process,22,,0,down in PD,-0.4383148191656385,-1.310093768339157,0.14084507042253522,0.9931312007901678,1.0,-1.4070359422194274,0.08315098468271334,0.9242213573502219,0.708043233207347,8,"AMPD3, SLC25A16, ADCY3, AK5, PAPSS1, PANK3, PRKAG2, NUDT2",
GO BP,Regulation Of Calcium Ion Transport,16,,0,up in PD,0.44630714533289034,1.318364812270095,0.14173228346456693,0.9931312007901678,1.0,1.2881233336062803,0.16377649325626203,0.6812564363176187,0.8571751092069891,3,"STC1, ATP2B1, WFS1",
GO BP,Cellular Response To Amyloid-Beta,16,"CACNA1A, LGMN",2,up in PD,0.4770222788745065,1.3189968652178437,0.1422924901185771,0.9931312007901678,1.0,1.3906475642946328,0.10493827160493827,0.5835123931023428,0.7684517369876186,4,"CACNA1A, IGF1R, IGF1, GRIN2A",CACNA1A
GO BP,Positive Regulation Of Cell Cycle Process,32,,0,up in PD,0.38035749676828945,1.2955767335056536,0.14285714285714285,0.9931312007901678,1.0,1.316999477438663,0.10431654676258993,0.6598292568511395,0.7684517369876186,9,"IGF1, CDC25B, USP19, INSR, NUP62, CSPP1, SMC2, WIZ, CENPJ",
GO BP,Wound Healing,31,CFLAR,1,up in PD,0.3966962154938014,1.2733874306316233,0.1434108527131783,0.9931312007901678,1.0,1.3261359811962783,0.10453648915187377,0.6569232083150931,0.7684517369876186,13,"WNT5A, CFLAR, IGF1, PDGFA, SMPD1, CHMP7, DCBLD2, PPP3CA, RAB3A, CHMP2A, CHMP3, MIA3",CFLAR
Reactome,HSP90 Chaperone Cycle For Steroid Hormone Receptors (SHR) In Presence Of Ligand,26,DNAJB1,1,up in PD,0.45010577720603917,1.321556151629399,0.14747474747474748,0.9931312007901678,1.0,1.4820492486854557,0.050682261208576995,0.49159554940635647,0.6269937597312638,6,"DNAJB1, PTGES3, DNAJA1, DNAJA4, HSP90AA1, HSPA2",DNAJB1
KEGG,Legionellosis,15,,0,up in PD,0.4487450342244679,1.2976048600056187,0.14910536779324055,0.9931312007901678,1.0,1.2956526689980343,0.15196998123827393,0.6827559461300559,0.8540712945590995,7,"C3, HSPA2, RELA, CLK1, RAB1A, CLK4, NFKBIA",
GO BP,Regulation Of Cytokine Production,34,GPNMB,1,up in PD,0.396780802636976,1.314988973997113,0.14937759336099585,0.9931312007901678,1.0,1.3783540241389123,0.07977736549165121,0.5950202882421257,0.688254727728412,10,"GPNMB, CADM1, TRAF3, EIF2AK2, SIRPA, PIK3CD, RPS6KA5, ATP2B1, ZNF131, DTX4",GPNMB
Reactome,Signaling By SCF-KIT,17,,0,down in PD,-0.4931799197866914,-1.3448924802832363,0.15098039215686274,0.9931312007901678,1.0,-1.4871273172934236,0.053497942386831275,0.8228949918533014,0.6274128493229617,7,"PIK3R3, GAB2, NRAS, PTPN11, SOS1, HRAS, PTPRU",
GO BP,Positive Regulation Of Catalytic Activity,17,,0,down in PD,-0.46028291155034995,-1.3075795140718052,0.15169660678642716,0.9931312007901678,1.0,-1.3253824272369785,0.12343096234309624,0.9443358395510072,0.8151531531531532,5,"CIB1, FDX1, MAPK8, ATP7A, MAPK14",
Reactome,Smooth Muscle Contraction,16,,0,up in PD,0.43453223755050885,1.2899496181367989,0.15187376725838264,0.9931312007901678,1.0,1.2621969305473923,0.18666666666666668,0.7045030466002384,0.8775819418676561,9,"ANXA2, MYL12A, MYL6B, TPM4, ANXA6, CALD1, VCL, MYL6, TPM3",
GO BP,Positive Regulation Of Angiogenesis,25,,0,up in PD,0.4713451535611871,1.355856842745022,0.15384615384615385,0.9931312007901678,1.0,1.5194070233569184,0.023423423423423424,0.46431629577954664,0.4672209026128266,6,"PRKCB, GRN, WNT5A, PIK3CD, JAK1, GAB1",
Reactome,RUNX1 Regulates Genes Involved In Megakaryocyte Differentiation And Platelet Function,18,,0,up in PD,0.4875426263489271,1.3615191206001294,0.1540041067761807,0.9931312007901678,1.0,1.4901030828145791,0.055762081784386616,0.5034184334799202,0.6274128493229617,6,"AGO3, SETD1B, TNRC6B, KAT2B, TNRC6C, KMT2C",
Reactome,Heparan Sulfate/Heparin (HS-GAG) Metabolism,21,,0,down in PD,-0.4744915606304697,-1.3395114231386132,0.15605749486652978,0.9931312007901678,1.0,-1.494227121859795,0.055776892430278883,0.8942936483013535,0.6274128493229617,10,"NCAN, XYLT1, GPC4, B3GALT6, B3GAT1, SGSH, HS2ST1, NDST1, B4GALT7, XYLT2",
GO BP,Response To Amyloid-Beta,17,"CACNA1A, LGMN",2,up in PD,0.464979657581297,1.319909119877329,0.15612648221343872,0.9931312007901678,1.0,1.3883635501499643,0.10441767068273092,0.5775313907827038,0.7684517369876186,4,"CACNA1A, IGF1R, IGF1, GRIN2A",CACNA1A
GO BP,Positive Regulation Of Cell Motility,62,"CPNE3, GPNMB",2,up in PD,0.3560588455886292,1.280887741739623,0.15682281059063136,0.9931312007901678,1.0,1.4225160398690613,0.042435424354243544,0.5503169890566204,0.5883789914500087,14,"GPNMB, GRN, CCAR1, TRIM32, HSPA5, IGF1R, IGF1, PDGFA, PIK3CD, SEMA4D, PPM1F, INSR",GPNMB
GO BP,Lysosome Localization,18,,0,up in PD,0.4480731320074845,1.31501678962202,0.15833333333333333,0.9931312007901678,1.0,1.319937291903291,0.13711151736745886,0.6610390214681656,0.8364494450950868,4,"PIK3CD, CHGA, TMEM106B, SNAPIN",
GO BP,Recombinational Repair,31,ZMYND8,1,up in PD,0.3804362829907212,1.2857487141524069,0.15841584158415842,0.9931312007901678,1.0,1.3001067850966124,0.12792792792792793,0.6702282612072342,0.8250302761778172,14,"ZMYND8, YY1, EPC1, INIP, SPIDR, ZSWIM7, NPC1, WDR48, REV3L, SLF2, RPA3, MORF4L1",ZMYND8
GO BP,Protein Neddylation,18,,0,down in PD,-0.5142829766195217,-1.356109829289922,0.1592741935483871,0.9931312007901678,1.0,-1.56027967153445,0.04477611940298507,0.9304379492414203,0.5883789914500087,7,"RNF7, COPS7A, RBX1, COPS5, DCUN1D1, NAE1, DCUN1D5",
Reactome,MAP2K And MAPK Activation,18,,0,down in PD,-0.4465072482164888,-1.284571768840252,0.16122448979591836,0.9931312007901678,1.0,-1.3574755168884922,0.1145374449339207,0.9451379869508177,0.7905093129299019,9,"MAP2K1, NRAS, LAMTOR3, CSK, CNKSR2, ARRB1, HRAS, BRAF, IQGAP1",
Hallmark,Apoptosis,58,CFLAR,1,up in PD,0.34372608660366105,1.2394721315514894,0.16135458167330677,0.9931312007901678,1.0,1.3590580806444765,0.0759493670886076,0.6293331826081342,0.6798387096774193,15,"CLU, CFLAR, JUN, DNAJA1, CDC25B, DAP3, PDCD4, TIMP2, SAT1, FEZ1, RELA, DFFA",CFLAR
GO BP,Positive Regulation Of MAP Kinase Activity,27,,0,up in PD,0.386625366225852,1.2553003694685865,0.162109375,0.9931312007901678,1.0,1.2751428292770919,0.1588235294117647,0.7009865794688546,0.8562765944401526,10,"WNT5A, FGFR1, PDGFA, TAOK3, INSR, NTRK3, PDCD10, RPS3, MAP3K7, TENM1",
GO BP,Positive Regulation Of Viral Process,23,,0,up in PD,0.4187749226639624,1.2772451839856167,0.16310679611650486,0.9931312007901678,1.0,1.313223062460602,0.14207650273224043,0.6471494216043359,0.8364494450950868,6,"PABPC1, PDE12, ATG12, HACD3, TBC1D20, CNOT7",
GO BP,Cellular Response To Decreased Oxygen Levels,32,,0,down in PD,-0.3721645777468604,-1.2328606244478277,0.16634050880626222,0.9931312007901678,1.0,-1.3114659615218978,0.10933940774487472,0.9697804254075929,0.7684517369876186,6,"PINK1, EPAS1, HYOU1, RORA, HIF1A, PICK1",
Reactome,Activation Of HOX Genes During Differentiation,30,,0,up in PD,0.40421852115568346,1.307072011685497,0.16699410609037327,0.9931312007901678,1.0,1.3492562486554456,0.10285714285714286,0.6209907331441641,0.7684517369876186,11,"YY1, NCOR1, JUN, RXRA, NCOA3, POLR2L, POLR2F, KMT2C, PIAS2, RBBP4, HDAC3",
Reactome,Signaling By RAF1 Mutants,19,,0,down in PD,-0.44039043630422614,-1.2782982393005922,0.16733067729083664,0.9931312007901678,1.0,-1.336753525501852,0.12608695652173912,0.9456977538809019,0.8225078055307761,9,"MAP2K1, NRAS, CAMK2D, CSK, CNKSR2, ARRB1, HRAS, BRAF, IQGAP1",
GO BP,Response To Light Stimulus,18,,0,down in PD,-0.4401392448722763,-1.2726544017352925,0.16738197424892703,0.9931312007901678,1.0,-1.3456133934094276,0.11,0.9306030616972867,0.7684517369876186,9,"FECH, CIRBP, USP1, MAPK8, DRD2, UBE2B, CLOCK, MAPK10, CRY2",
Reactome,Paradoxical Activation Of RAF Signaling By Kinase Inactive BRAF,20,,0,down in PD,-0.4389971020561335,-1.2812745482741583,0.1680161943319838,0.9931312007901678,1.0,-1.3533746083529536,0.11013215859030837,0.9443559122924025,0.7684517369876186,9,"MAP2K1, NRAS, CAMK2D, CSK, CNKSR2, ARRB1, HRAS, BRAF, IQGAP1",
Reactome,RAF Activation,22,,0,down in PD,-0.4421467382567269,-1.3061785914170814,0.16955684007707128,0.9931312007901678,1.0,-1.4270498463685302,0.07112068965517242,0.8571891522461068,0.6798387096774193,10,"MAP2K1, PPP2R5A, NRAS, PPP2R5B, CAMK2D, PPP2R1A, PPP2CA, HRAS, BRAF, PPP1CB",
GO BP,Positive Regulation Of Neuron Death,16,,0,up in PD,0.44663417208547723,1.2608461436179241,0.16962524654832348,0.9931312007901678,1.0,1.2731407390278466,0.1670061099796334,0.697892212168154,0.8571751092069891,3,"CLU, GRN, WNT5A",
GO BP,Regulation Of Interferon-Beta Production,16,,0,up in PD,0.44892597915103,1.2812221994946758,0.1702970297029703,0.9931312007901678,1.0,1.3035080412541487,0.15689981096408318,0.6726387620811888,0.8554356972006089,4,"YY1, TRAF3, SIRPA, HSP90AA1",
GO BP,Chromatin Remodeling,105,,0,up in PD,0.3290706874074464,1.2345975524031152,0.17034068136272545,0.9931312007901678,1.0,1.4436082720332017,0.016333938294010888,0.5192569314239892,0.44012132362081396,16,"RYBP, YY1, HDGF, SF3B1, CGGBP1, BPTF, RUVBL2, IWS1, KDM5A, TTI1, DR1, KAT2B",
GO BP,Negative Regulation Of Proteasomal Protein Catabolic Process,24,,0,up in PD,0.4084446106309676,1.2603481777937333,0.17300380228136883,0.9931312007901678,1.0,1.3011462430386975,0.13701431492842536,0.6699646039345003,0.8364494450950868,5,"RYBP, PHF20L1, EIF3H, UBXN1, USP25",
KEGG,Notch signaling pathway,28,,0,up in PD,0.4318978572087838,1.3285599412490576,0.17365269461077845,0.9931312007901678,1.0,1.4669577431922158,0.03619047619047619,0.518317008468381,0.5721349621873182,12,"KAT2B, RBPJ, CTBP2, CIR1, DTX4, SNW1, APH1B, CTBP1, TLE1, TLE3, ATXN1, NUMB",
GO BP,Positive Regulation Of Cytokine Production,63,,0,up in PD,0.3380141471611293,1.24430707938324,0.17540322580645162,0.9931312007901678,1.0,1.3454237837053504,0.0759493670886076,0.6266832213911097,0.6798387096774193,20,"CADM1, WNT5A, AKIRIN2, CD200, TRAF3, EIF2AK2, PIK3CD, SORL1, IL6ST, C3, RELA, LAPTM5",
Reactome,Cell Surface Interactions At Vascular Wall,34,,0,down in PD,-0.40288449965721385,-1.2978545339550391,0.17557251908396945,0.9931312007901678,1.0,-1.4391930534509558,0.058091286307053944,0.8865515769606578,0.6282855759224342,12,"CD47, SLC16A1, PPIA, NRAS, PICK1, GLG1, PTPN11, ATP1B1, SOS1, ATP1B2, HRAS, PLCG1",
GO BP,'De Novo' Post-Translational Protein Folding,17,DNAJB1,1,up in PD,0.45982032625086067,1.292706661544856,0.17586912065439672,0.9931312007901678,1.0,1.3406543029555564,0.11940298507462686,0.6319104407096295,0.8077465443500899,7,"DNAJB1, HSPA5, PTGES3, DNAJB12, HSPA2, DNAJB4, UGGT1",DNAJB1
GO BP,Learning,30,LGMN,1,down in PD,-0.41441134121455514,-1.2626224835615703,0.17634854771784234,0.9931312007901678,1.0,-1.4548504740639132,0.042643923240938165,0.8881560422594392,0.5883789914500087,13,"DLG4, LGMN, CNTNAP2, SLC6A1, EPHB2, NRXN3, DRD2, NLGN3, ATAD1, ATXN1L, FGF13, MAPK8IP2",LGMN
Reactome,HSF1 Activation,16,DNAJB1,1,up in PD,0.5246871527798721,1.3218809171446202,0.1774193548387097,0.9931312007901678,1.0,1.5056457839821178,0.05283757338551859,0.4831950735744679,0.6274128493229617,9,"DNAJB1, HSPH1, PTGES3, HSP90AA1, MRPL18, HSBP1, DNAJB6, RPA3, HDAC6",DNAJB1
Reactome,G Alpha (Z) Signaling Events,19,,0,up in PD,0.4237339869154876,1.2565073352216931,0.1790744466800805,0.9931312007901678,1.0,1.2577804978224052,0.18525179856115107,0.7141934786656561,0.87677070239719,7,"PRKCB, RGS17, GNAI2, GNAI3, GNB5, GNG4, GNAS",
GO BP,Purine Nucleotide Metabolic Process,19,,0,down in PD,-0.4089801669301635,-1.2420271572031425,0.1801980198019802,0.9931312007901678,1.0,-1.2657125483776128,0.15942028985507245,1.0,0.8562765944401526,8,"GPD1L, MTHFD1, NUDT15, DNPH1, PPAT, NMRK1, PRPS1, HPRT1",
GO BP,Positive Regulation Of Cell Migration,81,"CPNE3, GPNMB",2,up in PD,0.33614803686875167,1.24194774964669,0.18126272912423624,0.9931312007901678,1.0,1.410985754239869,0.02654867256637168,0.5608018299649936,0.49484276729559756,17,"GPNMB, GRN, CCAR1, TRIM32, HSPA5, IGF1R, IGF1, NIPBL, PDGFA, PIK3CD, SEMA4D, GAB1",GPNMB
GO BP,Positive Regulation Of Fat Cell Differentiation,15,,0,up in PD,0.4364338744998467,1.2539417819509813,0.18237704918032788,0.9931312007901678,1.0,1.2248373040699974,0.20903954802259886,0.7632761992397729,0.889543297367469,7,"HNRNPU, ASXL2, SFRP1, PIM1, CDS1, CREBL2, ZFP36L1",
GO BP,Negative Regulation Of Cellular Response To Insulin Stimulus,15,,0,up in PD,0.4417893806466109,1.2736111330058193,0.18237704918032788,0.9931312007901678,1.0,1.2572807853928742,0.1893491124260355,0.7125831577876656,0.8804957544728412,3,"PRKCB, PIP4K2C, PTPRE",
GO BP,Regulation Of Interleukin-6 Production,17,,0,up in PD,0.45171998379275163,1.2889546912916248,0.18383838383838383,0.9931312007901678,1.0,1.292629119721555,0.14800759013282733,0.6865361891571851,0.8382166632114805,4,"WNT5A, AKIRIN2, CD200, SIRPA",
Reactome,Clathrin-mediated Endocytosis,85,SH3GL3,1,down in PD,-0.34253719678333305,-1.242161389074298,0.18388429752066116,0.9931312007901678,1.0,-1.4866657448900695,0.015350877192982455,0.8057786422141563,0.43440812720848054,24,"SH3GL3, SGIP1, AP2A1, CLTCL1, AGTR1, TOR1B, KIAA0319, PIK3C2A, RAB5A, ACTR3, HGS, EPS15",SH3GL3
Reactome,Phospholipid Metabolism,95,CPNE3,1,down in PD,-0.32521132349709136,-1.2487693713232122,0.18415841584158416,0.9931312007901678,1.0,-1.4373375746229462,0.023752969121140142,0.879315512813655,0.4672209026128266,27,"LPGAT1, GDPD5, CPNE3, GPCPD1, PTPN13, PIK3R3, PIK3C2A, RAB5A, PLEKHA6, DDHD2, MTMR1, PIK3C2B",CPNE3
KEGG,Fc epsilon RI signaling pathway,31,,0,down in PD,-0.4059632620270319,-1.2815473504661037,0.18664047151277013,0.9931312007901678,1.0,-1.4343026890737038,0.05672268907563025,0.8641781116991938,0.6274128493229617,12,"PIK3R3, MAP2K1, GAB2, NRAS, MAPK8, VAV3, AKT3, SOS1, MAPK14, HRAS, PLCG1, MAPK10",
GO BP,Regulation Of JUN Kinase Activity,16,,0,up in PD,0.45775160749512317,1.280307894371965,0.18902439024390244,0.9931312007901678,1.0,1.3229194765739583,0.14395393474088292,0.6534425044954959,0.8364494450950868,4,"WNT5A, TAOK3, DNAJA1, PDCD4",
GO BP,Cholesterol Metabolic Process,24,,0,down in PD,-0.43611573448944363,-1.266633834973211,0.19123505976095617,0.9931312007901678,1.0,-1.4300348984052542,0.057569296375266525,0.8707481169565122,0.6282855759224342,3,"FDX1, ABCG1, ABCA5",
Reactome,TP53 Regulates Transcription Of Cell Cycle Genes,18,,0,up in PD,0.3922660820063823,1.2204702892683936,0.1926977687626775,0.9931312007901678,1.0,1.1796433245866764,0.2463768115942029,0.7998629886259324,0.889543297367469,6,"CNOT2, TFDP2, CNOT7, CENPJ, GADD45A, PCBP4",
Reactome,Signaling To ERKs,20,,0,down in PD,-0.44898968034878406,-1.2802771661486991,0.19284294234592445,0.9931312007901678,1.0,-1.4038146003418603,0.08869179600886919,0.913104674523256,0.7281742281033396,8,"MAP2K1, NRAS, SOS1, MAPK14, RAPGEF1, HRAS, BRAF, SHC2",
GO BP,Melanosome Organization,15,,0,up in PD,0.4590126799563365,1.2615475447990556,0.19308943089430894,0.9931312007901678,1.0,1.3138518739545002,0.15492957746478872,0.656059169378019,0.8545398788684164,3,"AP1S2, LYST, SNAPIN",
GO BP,Regulation Of Viral Genome Replication,24,,0,up in PD,0.4072937211657303,1.258325133797482,0.19573643410852712,0.9931312007901678,1.0,1.290057644612323,0.13966480446927373,0.6924089874846467,0.8364494450950868,6,"ZC3HAV1, EIF2AK2, PABPC1, PDE12, HACD3, CNOT7",
Reactome,Oncogenic MAPK Signaling,44,,0,down in PD,-0.3721660437678812,-1.2385969145438538,0.19595959595959597,0.9931312007901678,1.0,-1.38232727670725,0.06904231625835189,0.9085586765196296,0.6798387096774193,18,"TRAK1, MAP2K1, NRAS, CAMK2D, CSK, CNKSR2, PAPSS1, ARRB1, AGGF1, SND1, TRIM24, FAM131B",
Reactome,Intra-Golgi And Retrograde Golgi-to-ER Traffic,111,,0,down in PD,-0.33416506510705835,-1.2328478293517235,0.1971252566735113,0.9931312007901678,1.0,-1.5297210230670415,0.011061946902654867,0.9045008127407488,0.3938595027532121,33,"GOLIM4, COPA, COPZ1, DCTN5, MAN2A2, DYNC1I1, ARFGAP2, PAFAH1B1, KIF5A, KIFAP3, GALNT2, ARCN1",
Reactome,Ion Homeostasis,23,,0,down in PD,-0.4168057782263772,-1.265456400586077,0.19721115537848605,0.9931312007901678,1.0,-1.3604336622407682,0.10408163265306122,0.9402649711670599,0.7684517369876186,8,"RYR3, ITPR1, ATP2A3, CAMK2D, ATP1B1, ATP1B2, ASPH, ATP1A2",
GO BP,Negative Regulation Of Nucleic Acid-Templated Transcription,170,L3MBTL1,1,up in PD,0.3071132211324842,1.202568990085835,0.19958847736625515,0.9931312007901678,1.0,1.4355951183669564,0.005,0.5309729938279795,0.334353221145674,50,"WNT5A, EPC1, NCOR1, NIPBL, PRMT2, JUN, NKRF, CRYAB, KAT6B, CALR, L3MBTL1, RUNX1T1",L3MBTL1
Reactome,Interleukin-12 Family Signaling,22,,0,up in PD,0.4491165130478995,1.2545371907928584,0.20119521912350596,0.9931312007901678,1.0,1.4152832296600175,0.07129455909943715,0.5558803821023058,0.6798387096774193,9,"ANXA2, PDCD4, JAK1, IL6ST, HNRNPA2B1, VPS72, STAT1, AURKAIP1, HNRNPDL",
Reactome,RNA Polymerase III Transcription Termination,16,,0,up in PD,0.4399572726109179,1.2469961373976204,0.20235756385068762,0.9931312007901678,1.0,1.2671917394150665,0.16666666666666666,0.6989323152336069,0.8571751092069891,7,"NFIA, NFIB, POLR2L, POLR2F, CRCP, POLR3K, POLR3F",
KEGG,Coronavirus disease,68,,0,up in PD,0.40000298375657534,1.301836479589879,0.203125,0.9931312007901678,1.0,1.6171367658906832,0.0055658627087198514,0.36254986596370814,0.334353221145674,28,"PRKCB, TRAF3, EIF2AK2, JUN, PIK3CD, RPS5, JAK1, IL6ST, C3, RPL18, RELA, UBA52",
Reactome,PERK Regulates Gene Expression,15,,0,up in PD,0.4536081612354637,1.2266190812641609,0.20404040404040405,0.9931312007901678,1.0,1.2768841859326474,0.18128654970760233,0.7052368232238952,0.8680494263018534,3,"HSPA5, ATF6, EXOSC1",
GO BP,Chromatin Organization,119,L3MBTL1,1,up in PD,0.3212991643445873,1.2174195453914634,0.2047713717693837,0.9931312007901678,1.0,1.4452618472584966,0.021352313167259787,0.5193721574082398,0.4672209026128266,20,"RYBP, YY1, HDGF, SF3B1, BPTF, RUVBL2, KAT6B, IWS1, L3MBTL1, HNRNPU, KDM5A, TTI1",L3MBTL1
GO BP,Positive Regulation Of Inflammatory Response,23,,0,up in PD,0.4089973377828024,1.2568335410382379,0.20486815415821502,0.9931312007901678,1.0,1.3133581540212333,0.12386156648451731,0.6541916419025983,0.8151531531531532,7,"GRN, WNT5A, CD81, PDCD4, IL6ST, LGALS1, PDE2A",
KEGG,Vasopressin-regulated water reabsorption,27,,0,down in PD,-0.40585688655401997,-1.2485582759607974,0.20634920634920634,0.9931312007901678,1.0,-1.3878378107340132,0.09856262833675565,0.9169862819887479,0.7684517369876186,18,"ADCY3, RAB5A, DCTN5, DYNC1I1, DYNC2H1, DYNC2LI1, CREB1, DYNC1H1, RAB11A, DCTN2, CREB3L1, DCTN4",
GO BP,Cellular Response To Light Stimulus,19,,0,up in PD,0.42084689519989604,1.222423283860205,0.20675944333996024,0.9931312007901678,1.0,1.2734365992758696,0.1525096525096525,0.7004240794011091,0.8545398788684164,5,"YY1, RUVBL2, USP47, CUL4A, SMPD1",
KEGG,Renal cell carcinoma,39,,0,down in PD,-0.3886555005322001,-1.2728692622228852,0.20695970695970695,0.9931312007901678,1.0,-1.4350514328472224,0.05150214592274678,0.8759588505913978,0.6274128493229617,14,"ARNT2, PIK3R3, MAP2K1, EPAS1, NRAS, PAK1, RBX1, HIF1A, PTPN11, AKT3, SOS1, RAPGEF1",
GO BP,Regulation Of Glucose Import,22,,0,down in PD,-0.40609423995018,-1.250158978893123,0.20736434108527133,0.9931312007901678,1.0,-1.2909598129442148,0.1271186440677966,0.9956613403676462,0.8225078055307761,9,"RHOQ, CLTCL1, RTN2, ENPP1, PRKCI, PTPN11, PID1, ARPP19, PRKAG2",
GO BP,Positive Regulation Of Cell Death,15,,0,up in PD,0.44951894964915834,1.2362289489237943,0.2079002079002079,0.9931312007901678,1.0,1.279107150062318,0.16412213740458015,0.7002540184773515,0.8571751092069891,5,"CLU, WNT5A, MAPT, HTATIP2, PRNP",
Reactome,Synthesis Of PIPs At Plasma Membrane,31,,0,down in PD,-0.41253217100094985,-1.2531191709615201,0.20920502092050208,0.9931312007901678,1.0,-1.449322106533757,0.05052631578947368,0.8645690520140011,0.6269937597312638,7,"PTPN13, PIK3R3, PIK3C2A, RAB5A, PLEKHA6, MTMR1, PIK3C2B",
GO BP,Positive Regulation Of Vasculature Development,22,,0,up in PD,0.4567788437434605,1.2732344713389372,0.20930232558139536,0.9931312007901678,1.0,1.4254773323069876,0.05871559633027523,0.5454244521993664,0.6282855759224342,5,"PRKCB, GRN, WNT5A, PIK3CD, GAB1",
Reactome,ESR-mediated Signaling,80,,0,up in PD,0.3213525182157163,1.2079347665670936,0.20944558521560575,0.9931312007901678,1.0,1.3530578184069593,0.06066176470588235,0.6241442307418383,0.6313316993464052,27,"YY1, AGO3, IGF1R, PTGES3, JUN, JUND, TNRC6B, EBAG9, HSP90AA1, KAT2B, NCOA3, POLR2L",
GO BP,Positive Regulation Of Cell Adhesion,25,,0,down in PD,-0.3817710771355348,-1.228032963080729,0.2099009900990099,0.9931312007901678,1.0,-1.2737055716836,0.1476510067114094,1.0,0.8382166632114805,3,"CIB1, TPM1, CD47",
GO BP,Regulation Of Angiogenesis,44,GPNMB,1,up in PD,0.38323971033951165,1.2514026202349169,0.20997920997921,0.9931312007901678,1.0,1.4077211800904248,0.07014388489208633,0.5577027161590821,0.6798387096774193,14,"GPNMB, PRKCB, GRN, WNT5A, THBS2, PIK3CD, GAB1, SFRP1, MYDGF, CHI3L1, HTATIP2, PDCD10",GPNMB
GO BP,Positive Regulation Of Stress Fiber Assembly,18,,0,down in PD,-0.4103397608313877,-1.2547834624106373,0.21083172147001933,0.9931312007901678,1.0,-1.2465746652076728,0.18142548596112312,1.0,0.8680494263018534,4,"TPM1, CD47, NF2, PAK1",
Reactome,Signaling By Nuclear Receptors,103,,0,up in PD,0.30687017248773685,1.1932752346247362,0.21161825726141079,0.9931312007901678,1.0,1.350248549244877,0.044563279857397504,0.6256689538064131,0.5883789914500087,35,"YY1, NCOR1, AGO3, IGF1R, PTGES3, ARL4C, JUN, JUND, TNRC6B, EBAG9, HSP90AA1, KAT2B",
KEGG,Melanoma,26,,0,up in PD,0.40708852257363876,1.2600595739237266,0.21212121212121213,0.9931312007901678,1.0,1.3177504077978266,0.13857677902621723,0.6608883151676692,0.8364494450950868,6,"FGFR1, MITF, IGF1R, IGF1, PDGFA, PIK3CD",
GO BP,Positive Regulation Of Nucleic Acid-Templated Transcription,184,TRRAP,1,up in PD,0.29757933874873826,1.1983504207953066,0.21272365805168986,0.9931312007901678,1.0,1.4211742599029789,0.019469026548672566,0.5504525802104888,0.4505361790733992,59,"TRRAP, EP400, RYBP, YY1, WNT5A, EPC1, MITF, RUVBL2, IGF1, PRMT2, JUN, KCNH2",TRRAP
Reactome,Ca2+ Pathway,23,,0,up in PD,0.3805702746308346,1.2220218730005294,0.21330724070450097,0.9931312007901678,1.0,1.220721568621837,0.2140077821011673,0.7694299920328409,0.889543297367469,9,"WNT5A, AGO3, TNRC6B, GNAO1, TNRC6C, PPP3CA, GNB5, GNG4, MAP3K7",
GO BP,Cell-Cell Adhesion Via Plasma-Membrane Adhesion Molecules,47,CNTN4,1,down in PD,-0.3837900051621578,-1.2398096412110944,0.21372549019607842,0.9931312007901678,1.0,-1.4797890846570272,0.03017241379310345,0.8252054429770879,0.5160794602698651,14,"CNTN4, CDH11, CDH8, TGFBR2, PTPRF, CBLN1, EMB, CADM2, ALCAM, GPC4, ROBO2, CNTN6",CNTN4
GO BP,Microtubule Cytoskeleton Organization Involved In Mitosis,20,,0,up in PD,0.43678919109690406,1.2393387604066515,0.21414913957934992,0.9931312007901678,1.0,1.3492962017437367,0.13282732447817835,0.6250655104108622,0.8364494450950868,5,"PCNT, TUBG2, CEP126, TNKS, CLASP1",
GO BP,Vacuolar Transport,24,,0,up in PD,0.40941137571597197,1.245610568066229,0.21669980119284293,0.9931312007901678,1.0,1.3232404566516252,0.1267056530214425,0.656064947262525,0.8225078055307761,11,"GRN, VIPAS39, TMEM106B, CHMP7, NPC1, CHMP2A, CHMP3, VPS13A, PSAP, VPS13C, VPS41",
GO BP,Defense Response To Virus,45,,0,up in PD,0.33377157703445487,1.1781038340559922,0.21703853955375255,0.9931312007901678,1.0,1.2269934998452363,0.1663619744058501,0.7646264788860792,0.8571751092069891,18,"TRAF3, EIF2AK2, TRIM32, LYST, PDE12, CNOT7, TRIM8, RELA, STAT2, DDX56, CHMP3, MX1",
GO BP,Negative Regulation Of Inflammatory Response,23,,0,up in PD,0.40367972026831084,1.2051391764809873,0.21713147410358566,0.9931312007901678,1.0,1.3027200173271685,0.1450381679389313,0.6717802439826188,0.8364494450950868,5,"GRN, CD200, IGF1, SIRPA, MFHAS1",
KEGG,JAK-STAT signaling pathway,35,,0,up in PD,0.4049347358183505,1.2487584710800816,0.2182952182952183,0.9931312007901678,1.0,1.4084127588946613,0.06923076923076923,0.5601089961185646,0.6798387096774193,10,"GFAP, PDGFA, PIK3CD, JAK1, IL6ST, LEPR, IFNGR2, PIM1, STAT2, FHL1",
GO BP,Regulation Of Fat Cell Differentiation,21,,0,up in PD,0.38605314469767393,1.2133818449134204,0.21971252566735114,0.9931312007901678,1.0,1.2017380477526622,0.21033210332103322,0.7840112849062847,0.889543297367469,8,"WNT5A, TRIO, RUNX1T1, ASXL2, SFRP1, ASXL1, CDS1, CREBL2",
GO BP,Negative Regulation Of Innate Immune Response,21,,0,up in PD,0.4065917572620149,1.2284421317325733,0.2198019801980198,0.9931312007901678,1.0,1.288501142428979,0.14392523364485982,0.6835841889703552,0.8364494450950868,6,"GRN, ATG12, CNOT7, STAT2, MUL1, DTX4",
Reactome,Platelet Degranulation,45,MANF,1,up in PD,0.35514858642401653,1.2011151886669822,0.222,0.9931312007901678,1.0,1.3149309667353424,0.09357798165137615,0.6635693821795831,0.750763358778626,20,"CLU, MANF, HSPA5, PHACTR2, IGF1, PDGFA, SCCPDH, LGALS3BP, HABP4, ACTN4, VPS72, VCL",MANF
GO BP,Positive Regulation Of Transferase Activity,52,,0,up in PD,0.32902456504866295,1.18740188752647,0.2222222222222222,0.9931312007901678,1.0,1.2873873669675178,0.09506398537477148,0.6803278357720689,0.750763358778626,17,"CD200, FGFR1, IGF1R, PTGES3, SORL1, PARM1, HSP90AA1, INSR, NTRK3, HNRNPA2B1, TNKS, MAPK1",
KEGG,Aldosterone-regulated sodium reabsorption,20,,0,up in PD,0.412090072649711,1.2527025336620423,0.22338204592901878,0.9931312007901678,1.0,1.2706685612219442,0.13740458015267176,0.6963127032191245,0.8364494450950868,8,"PRKCB, IGF1, PIK3CD, INSR, ATP1B3, MAPK1, PDPK1, SGK1",
GO BP,Regulation Of Fibroblast Proliferation,22,,0,up in PD,0.38822791167667936,1.2317715041305453,0.224,0.9931312007901678,1.0,1.2207486051483905,0.20423892100192678,0.7725615043666166,0.889543297367469,5,"WNT5A, TRIM32, IGF1, PDGFA, SFRP1",
KEGG,Chronic myeloid leukemia,39,,0,down in PD,-0.36468691526829244,-1.2201071676005286,0.2248062015503876,0.9931312007901678,1.0,-1.3494019094587864,0.087248322147651,0.9314979269485999,0.7241242601874663,13,"TGFBR2, PIK3R3, MAP2K1, GAB2, NRAS, CHUK, PTPN11, AKT3, SOS1, ABL1, HRAS, BRAF",
GO BP,Negative Regulation Of Ubiquitin-Dependent Protein Catabolic Process,24,,0,up in PD,0.37398122409149,1.1927610363734584,0.2260536398467433,0.9931312007901678,1.0,1.2052170881436932,0.19455252918287938,0.785752613735918,0.8850481802978418,4,"RYBP, PHF20L1, CSNK2A2, EIF3H",
KEGG,Toxoplasmosis,33,,0,up in PD,0.36064139342858337,1.2088191209324517,0.22672064777327935,0.9931312007901678,1.0,1.254161110228579,0.15551537070524413,0.7142303019724091,0.8545398788684164,16,"LAMA3, JAK1, HSPA2, IFNGR2, GNAO1, RELA, MAP2K3, MAPK1, GNAI2, GNAI3, PDPK1, MAP3K7",
GO BP,"Regulation Of Nuclear-Transcribed mRNA Catabolic Process, Deadenylation-Dependent Decay",15,,0,up in PD,0.4613832334517922,1.234536140868594,0.2267818574514039,0.9931312007901678,1.0,1.3271764580296062,0.14258555133079848,0.6571997221644349,0.8364494450950868,5,"PABPC1, TNRC6B, HNRNPU, CNOT7, TNRC6C",
GO BP,Regulation Of Signal Transduction By P53 Class Mediator,18,,0,up in PD,0.4311257257876781,1.230542707146305,0.22690763052208834,0.9931312007901678,1.0,1.3148926015612263,0.1452513966480447,0.6598719009536291,0.8364494450950868,9,"NUAK1, SOX4, PAK1IP1, HEXIM1, TAF1, SGK1, KAT6A, HIPK2, RNF34",
Reactome,EPH-ephrin Mediated Repulsion Of Cells,22,,0,down in PD,-0.39787219524383544,-1.2076069973022727,0.22708333333333333,0.9931312007901678,1.0,-1.2655178476602038,0.16598360655737704,1.0,0.8571751092069891,6,"AP2A1, CLTCL1, EPHB2, EPHA7, VAV3, AP2B1",
Hallmark,Inflammatory Response,41,,0,up in PD,0.3732991548576485,1.2186478156855405,0.22828282828282828,0.9931312007901678,1.0,1.3734274606881758,0.06296296296296296,0.5998907429597969,0.6509303732839152,16,"EIF2AK2, PTPRE, SEMA4D, MXD1, ATP2B1, IFNGR2, ABCA1, RELA, DCBLD2, KLF6, ATP2C1, GNAI3",
GO BP,Regulation Of Apoptotic Process,257,"CFLAR, TRRAP",2,up in PD,0.2765925733152107,1.140789853789766,0.22857142857142856,0.9931312007901678,1.0,1.3599202081779123,0.0068846815834767644,0.6306716066938497,0.3438811188811189,92,"TRRAP, EP400, RYBP, CLU, BAG3, WNT5A, EPC1, BOK, CFLAR, CCAR1, HSPA5, IGF1R","TRRAP, CFLAR"
Reactome,Chondroitin Sulfate/Dermatan Sulfate Metabolism,22,,0,down in PD,-0.4102713506562369,-1.233423823195815,0.23018867924528302,0.9931312007901678,1.0,-1.3044077640812077,0.14829659318637275,0.9514872090082576,0.8382166632114805,6,"NCAN, CSGALNACT1, XYLT1, GPC4, B3GALT6, B3GAT1",
Reactome,Signaling By NOTCH3,21,,0,up in PD,0.38801223140724045,1.1914129912191445,0.23122529644268774,0.9931312007901678,1.0,1.2162382479934393,0.20155038759689922,0.7803591241698744,0.889543297367469,7,"KAT2B, RBPJ, UBA52, UBC, SNW1, APH1B, STAT1",
GO BP,Positive Regulation Of Neuron Differentiation,16,,0,up in PD,0.41573425622399773,1.2013148437918846,0.23157894736842105,0.9931312007901678,1.0,1.1997240692873319,0.2224334600760456,0.7823694257858768,0.889543297367469,6,"FGFR1, TRIM32, TCF4, NRCAM, PCP4, BEND6",
GO BP,Response To Cytokine,44,,0,up in PD,0.3307062017101248,1.172711800278478,0.23214285714285715,0.9931312007901678,1.0,1.2123702449452884,0.16404886561954624,0.7861903947314388,0.8571751092069891,18,"EIF2AK2, TRIM32, HAX1, IL6ST, SMPD1, TIMP2, RELA, KLHL20, CHI3L1, CD74, MX1, STAT1",
Reactome,Signaling By High-Kinase Activity BRAF Mutants,17,,0,down in PD,-0.4132823449282854,-1.1883732570958092,0.23246492985971945,0.9931312007901678,1.0,-1.231628259191454,0.2163355408388521,1.0,0.889543297367469,8,"MAP2K1, NRAS, CSK, CNKSR2, ARRB1, HRAS, BRAF, IQGAP1",
KEGG,GnRH secretion,31,,0,down in PD,-0.37410573667990377,-1.2009577791456878,0.2337917485265226,0.9931312007901678,1.0,-1.3100719968135295,0.10187110187110188,0.9676949356040087,0.7684517369876186,9,"ITPR1, PIK3R3, MAP2K1, KCNN3, NRAS, KCNJ9, GNA11, ARRB1, AKT3",
KEGG,Small cell lung cancer,24,,0,up in PD,0.39687250145165653,1.2210963747300831,0.23529411764705882,0.9931312007901678,1.0,1.2704172637200515,0.1410488245931284,0.6936606493290339,0.8364494450950868,11,"TRAF3, PIK3CD, LAMA3, RXRA, RELA, E2F3, NFKBIA, ZBTB17, GADD45A, BIRC2, XIAP",
KEGG,Glycosphingolipid biosynthesis,17,,0,up in PD,0.41864137270958907,1.2044137146133138,0.23552894211576847,0.9931312007901678,1.0,1.2389653110552559,0.2109375,0.7453155870855468,0.889543297367469,6,"HEXA, B3GALT2, ST3GAL6, HEXB, B4GALNT1, ST3GAL5",
GO BP,Positive Regulation Of DNA Biosynthetic Process,31,,0,up in PD,0.3873107622655256,1.2233299043152097,0.2364341085271318,0.9931312007901678,1.0,1.3339441912277974,0.07650273224043716,0.6398919447524585,0.6798387096774193,17,"PTGES3, PARM1, HSP90AA1, TNKS2, TNKS, CCT5, MAPK1, CCT6A, PKIB, HNRNPA1, DKC1, MAP3K4",
Reactome,RNA Polymerase III Abortive And Retractive Initiation,27,,0,up in PD,0.3531788365664069,1.1796185030864437,0.23689320388349513,0.9931312007901678,1.0,1.1678176043452624,0.24675324675324675,0.8058056234185763,0.889543297367469,9,"GTF3A, NFIA, SNAPC5, NFIB, POLR2L, POLR2F, CRCP, POLR3K, POLR3F",
GO BP,Endomembrane System Organization,98,,0,down in PD,-0.3379340809078686,-1.1970031959646037,0.23789473684210527,0.9931312007901678,1.0,-1.5258179305228783,0.009280742459396751,0.8661691798141428,0.37307488050982474,30,"LAMTOR1, SEC23IP, TOR1B, CTDNEP1, TOR1AIP2, USP8, RAB30, GAK, EXOC8, DNM1L, CSNK1D, GOLGA8A",
GO BP,Response To Type II Interferon,16,,0,up in PD,0.39660235938539345,1.1987001872967393,0.2383838383838384,0.9931312007901678,1.0,1.1408132576546968,0.2992565055762082,0.8248113208771771,0.889543297367469,9,"WNT5A, SIRPA, PDE12, CD74, STAT1, CALCOCO2, DAPK1, GAPDH, GCH1",
GO BP,Regulation Of Defense Response,27,,0,up in PD,0.3821819402150963,1.2117321174379896,0.23877551020408164,0.9931312007901678,1.0,1.2637971873760316,0.16022099447513813,0.7049987444907835,0.8562765944401526,12,"GRN, WNT5A, TRAF3, SPATA2, BRD4, RELA, CELF1, NFE2L2, APLP2, BIRC2, XIAP, SAMHD1",
Reactome,Transcriptional Activity Of SMAD2/SMAD3:SMAD4 Heterotrimer,26,,0,up in PD,0.4012559815080273,1.2359555642675504,0.23883495145631067,0.9931312007901678,1.0,1.3511049843483351,0.10567514677103718,0.6269565357767221,0.7684517369876186,12,"NCOR1, UBE2D3, TFDP2, UBA52, UBC, MAPK1, SNW1, STAT1, CDK9, UBB, CCNT1, CCNT2",
GO BP,Positive Regulation Of NF-kappaB Transcription Factor Activity,40,CFLAR,1,up in PD,0.3390007675740506,1.1833468299467826,0.240234375,0.9931312007901678,1.0,1.2329720225388028,0.1455223880597015,0.7580042193585596,0.8364494450950868,9,"PRKCB, CLU, WNT5A, CFLAR, EIF2AK2, TRIM32, RPS6KA5, TRIM8, RELA",CFLAR
Reactome,Metabolism Of Water-Soluble Vitamins And Cofactors,42,,0,down in PD,-0.34471944299222745,-1.1757557405249086,0.24032586558044808,0.9931312007901678,1.0,-1.3015590093993723,0.07322654462242563,0.9574190604168928,0.6798387096774193,11,"SLC25A16, FASN, ABCC1, PARP6, ENPP1, GPHN, MTRR, PANK3, MTHFD1, PARP8, NUDT12",
Reactome,PKMTs Methylate Histone Lysines,21,,0,up in PD,0.4134184805820338,1.2227198734262352,0.24055666003976142,0.9931312007901678,1.0,1.2896848983025009,0.14392523364485982,0.6901125852445968,0.8364494450950868,10,"SETD1B, ASH1L, NSD1, RELA, ATF7IP, KMT2C, RBBP4, EHMT1, SUZ12, KMT2E",
GO BP,Protein Processing,34,LGMN,1,down in PD,-0.3483606773183955,-1.1810735389566906,0.24171539961013644,0.9931312007901678,1.0,-1.2526657124503977,0.13871635610766045,1.0,0.8364494450950868,10,"SDE2, LGMN, SPCS3, MMP16, TMEM208, SPCS1, PCSK1, YME1L1, MBTPS1, SPG7",LGMN
Reactome,Transcriptional Regulation By E2F6,15,,0,up in PD,0.45240981321146045,1.217034063694665,0.24390243902439024,0.9931312007901678,1.0,1.276611370013944,0.181651376146789,0.6990474976136939,0.8680494263018534,4,"RYBP, EPC1, MGA, TFDP2",
GO BP,Positive Regulation Of DNA-templated Transcription,415,"ICE1, TRRAP",2,up in PD,0.27678695621567406,1.1646414417293698,0.244,0.9931312007901678,1.0,1.44555183003602,0.003179650238473768,0.5238296645044169,0.334353221145674,126,"ANXA2, TRRAP, EP400, ICE1, RYBP, YY1, CDK13, WNT5A, AKIRIN2, EPC1, SF3B1, PEG3","TRRAP, ICE1"
Reactome,DDX58/IFIH1-mediated Induction Of Interferon-Alpha/Beta,28,,0,up in PD,0.38837831498556236,1.171031838328588,0.24444444444444444,0.9931312007901678,1.0,1.3133384731292503,0.11406844106463879,0.6505008805591858,0.790044449204734,12,"TRAF3, UBE2D3, ATG12, HSP90AA1, UBE2L6, RELA, UBA52, UBC, NFKBIA, APP, NKIRAS1, ATG5",
GO BP,Regulation Of Protein-Containing Complex Assembly,54,ICE1,1,up in PD,0.3269683249380397,1.177214362165757,0.2450199203187251,0.9931312007901678,1.0,1.245035192995288,0.11524163568773234,0.7319985810138858,0.7925884524397536,12,"ICE1, CLU, EIF2AK2, HSPA5, GFAP, CRYAB, BRK1, SORL1, ANKS1B, HSP90AA1, SPIDR, ATF7IP",ICE1
Reactome,Potential Therapeutics For SARS,48,,0,up in PD,0.3314475150980058,1.164858620313047,0.24791666666666667,0.9931312007901678,1.0,1.2554178268377436,0.12432432432432433,0.7164086677751685,0.8151531531531532,13,"PTGES3, ARID4B, ARID4A, PHF21A, JAK1, HSP90AA1, GATAD2A, IFNGR2, BRD4, STAT2, AP2S1, COMT",
GO BP,Positive Regulation Of Defense Response,25,,0,up in PD,0.346230299084745,1.1530139509219834,0.250501002004008,0.9931312007901678,1.0,1.1289387562059712,0.2873134328358209,0.826872908985152,0.889543297367469,11,"GRN, WNT5A, AKIRIN2, PDCD4, LGALS1, PDE2A, NFKBIA, POLR3F, RNF185, APP, OPTN",
GO BP,Negative Regulation Of TOR Signaling,26,,0,down in PD,-0.3619608224247761,-1.1787488642559907,0.2505050505050505,0.9931312007901678,1.0,-1.1982405128162954,0.20711297071129708,1.0,0.889543297367469,8,"NPRL3, MIOS, TBC1D7, FNIP1, EPM2A, STK11, RPS6KA1, PRKAA1",
GO BP,Nuclear-Transcribed mRNA Catabolic Process,41,,0,up in PD,0.35219336919856314,1.1833731682353568,0.25098039215686274,0.9931312007901678,1.0,1.2826429153549972,0.13221601489757914,0.6941021399256533,0.8364494450950868,12,"PDE12, EIF3E, CNOT2, NBAS, SMG1, CNOT7, UPF2, XRN2, ZFP36L1, RC3H2, DDX5, GSPT1",
GO BP,Regulation Of Kinase Activity,29,,0,up in PD,0.3781197508971891,1.1986877755094865,0.250996015936255,0.9931312007901678,1.0,1.2893846008863654,0.12897196261682242,0.6875480799041815,0.8265254218546123,7,"FGFR1, IGF1R, TTN, HNRNPU, NPRL2, INSR, NTRK3",
Reactome,Intraflagellar Transport,19,,0,down in PD,-0.3917696471355141,-1.1654405786198136,0.2546201232032854,0.9931312007901678,1.0,-1.187557787166116,0.2555066079295154,1.0,0.889543297367469,7,"KIFAP3, IFT57, IFT46, KIF3C, TRAF3IP1, DYNC2H1, DYNC2LI1",
KEGG,Cocaine addiction,27,,0,up in PD,0.3789069009636853,1.180942074670793,0.2554890219560878,0.9931312007901678,1.0,1.2630395152883653,0.17757009345794392,0.7046857442985313,0.8680494263018534,11,"GRIN2A, JUN, MAOB, SLC18A1, RELA, TH, GNAI2, GNAI3, BDNF, DDC, GNAS",
Reactome,Signaling By ALK Fusions And Activated Point Mutants,36,BCL11A,1,up in PD,0.3441646886990141,1.1606655333389855,0.2568627450980392,0.9931312007901678,1.0,1.2066441563404324,0.2,0.7896105983095432,0.889543297367469,13,"RNF213, BCL11A, EML4, ZC3HC1, TPM4, SQSTM1, MAPK1, KLC1, GCC2, ATIC, VCL, PPFIBP1",BCL11A
GO BP,Positive Regulation Of Transcription Initiation By RNA Polymerase II,27,,0,down in PD,-0.3583999369696276,-1.1497483138552114,0.2568627450980392,0.9931312007901678,1.0,-1.227145819227916,0.17633928571428573,1.0,0.8680494263018534,15,"MED4, GTF2A1, MED13, MED9, TBP, TAF7, MED10, MED8, SRF, MED28, GTF2A2, TAF13",
GO BP,Positive Regulation Of Endothelial Cell Migration,27,LGMN,1,up in PD,0.4000520439207607,1.2106103830694779,0.25732217573221755,0.9931312007901678,1.0,1.3026098062745053,0.12903225806451613,0.6684481037876766,0.8265254218546123,5,"GRN, WNT5A, FGFR1, PIK3CD, CALR",
GO BP,Amide Biosynthetic Process,19,,0,up in PD,0.38530626937723067,1.1565262575071518,0.25806451612903225,0.9931312007901678,1.0,1.176943324761224,0.22941176470588234,0.7989481088378316,0.889543297367469,5,"PAM, SPTLC2, ASS1, SMPD1, CLN8",
Reactome,Fatty acyl-CoA Biosynthesis,16,ELOVL7,1,down in PD,-0.453543901464746,-1.1960382002625367,0.25918367346938775,0.9931312007901678,1.0,-1.3727165601855327,0.11016949152542373,0.9471852395033319,0.7684517369876186,8,"ELOVL7, FASN, HSD17B12, ELOVL5, ACSL6, ELOVL6, ACSL4, SCD5",ELOVL7
GO BP,Regulation Of Cold-Induced Thermogenesis,44,,0,up in PD,0.33389384133621713,1.1615030712700227,0.2597938144329897,0.9931312007901678,1.0,1.2466100036557146,0.1397459165154265,0.7324741075712254,0.8364494450950868,16,"IGF1R, NOVA1, ACSL1, PLCL2, LPIN1, RBPJ, KDM3A, LEPR, DOCK7, THRA, TLE3, NOVA2",
GO BP,Cellular Response To Hypoxia,29,,0,down in PD,-0.36074893652124607,-1.1519271363712291,0.26,0.9931312007901678,1.0,-1.2330088858689159,0.16964285714285715,1.0,0.8617179854805308,5,"PINK1, EPAS1, HYOU1, RORA, HIF1A",
GO BP,Regulation Of Cardiac Muscle Contraction,16,,0,up in PD,0.40851299710840233,1.1680364419732097,0.26,0.9931312007901678,1.0,1.19248320945241,0.2462686567164179,0.7888077688524663,0.889543297367469,3,"STC1, RGS2, CHGA",
GO BP,"RNA Splicing, Via Transesterification Reactions With Bulged Adenosine As Nucleophile",102,RBM4B,1,up in PD,0.3416275292203046,1.1904337689818623,0.2606060606060606,0.9931312007901678,1.0,1.489772581467581,0.012216404886561954,0.49791285024624926,0.3938595027532121,29,"RBM4B, DDX46, CASC3, SF3B1, PABPC1, NOVA1, CDC5L, CWF19L2, RBM6, HNRNPU, SNRNP70, HNRNPH3",RBM4B
KEGG,Prostate cancer,43,,0,up in PD,0.3461918147859404,1.1679456737084735,0.26156941649899396,0.9931312007901678,1.0,1.2891595263682194,0.10990990990990991,0.6848361211154673,0.7684517369876186,12,"FGFR1, IGF1R, IGF1, PDGFA, PIK3CD, ETV5, HSP90AA1, HSP90B1, RELA, AR, MAPK1, E2F3",
GO BP,"mRNA Splicing, Via Spliceosome",120,RBM4B,1,up in PD,0.33231994296281564,1.1786059008463232,0.26262626262626265,0.9931312007901678,1.0,1.4795169306702995,0.007168458781362007,0.48837578154372047,0.3438811188811189,40,"RBM4B, DDX46, CASC3, CDK13, SF3B1, PABPC1, SCAF11, NOVA1, CDC5L, CWF19L2, RBM6, HNRNPU",RBM4B
KEGG,Th1 and Th2 cell differentiation,23,,0,up in PD,0.36702420136016867,1.1595564663360434,0.2638888888888889,0.9931312007901678,1.0,1.178124928911808,0.23669724770642203,0.7997755408874921,0.889543297367469,10,"JUN, JAK1, RBPJ, IFNGR2, RELA, MAPK1, PPP3CA, STAT5B, NFKBIA, STAT1",
Reactome,Glycogen Metabolism,15,,0,down in PD,-0.4500146817189392,-1.2094560187941448,0.2648305084745763,0.9931312007901678,1.0,-1.3176098742937836,0.12368972746331237,0.9468856265325349,0.8151531531531532,6,"AGL, PYGL, GBE1, UGP2, PHKG2, GYG2",
GO BP,Response To Calcium Ion,42,"CACNA1A, CPNE3, LGMN",3,up in PD,0.32630514743934824,1.1381260072314179,0.2649402390438247,0.9931312007901678,1.0,1.206065417662158,0.19548872180451127,0.7887707147150699,0.8860053359204462,9,"CLU, WNT5A, CACNA1A, TTN, KCNMA1, SYT4, SMPD1, ADGRV1, SYT13",CACNA1A
GO BP,Positive Regulation Of MAPK Cascade,76,GPNMB,1,up in PD,0.2929872580052626,1.1410606055679644,0.2655935613682093,0.9931312007901678,1.0,1.1968033726146432,0.18029739776951673,0.7844776909784015,0.8680494263018534,25,"GPNMB, FGFR1, EIF2AK2, IGF1R, IGF1, PDGFA, CD81, TAOK3, INSR, MFHAS1, NTRK3, KLHDC10",GPNMB
GO BP,Regulation Of Insulin Receptor Signaling Pathway,22,,0,up in PD,0.3937916771003178,1.1857105188920671,0.2658486707566462,0.9931312007901678,1.0,1.2519271225466322,0.17669172932330826,0.7191784529267241,0.8680494263018534,4,"PRKCB, PIP4K2C, PTPRE, SORL1",
Reactome,SUMOylation Of Chromatin Organization Proteins,24,,0,down in PD,-0.3827966563017635,-1.1811445722723466,0.266,0.9931312007901678,1.0,-1.2559580154898649,0.14189189189189189,1.0,0.8364494450950868,7,"L3MBTL2, UBE2I, CBX4, PHC3, NUP214, NUP155, PHC2",
Reactome,COPI-independent Golgi-to-ER Retrograde Traffic,29,,0,down in PD,-0.4295656070014605,-1.208263732000458,0.2661122661122661,0.9931312007901678,1.0,-1.4608334074538076,0.0536480686695279,0.91273198963474,0.6274128493229617,17,"DCTN5, DYNC1I1, PAFAH1B1, GALNT2, ACTR10, RAB3GAP1, DYNC1H1, AGPAT3, ACTR1A, CAPZA2, PAFAH1B3, CAPZA1",
GO BP,Positive Regulation Of Protein Kinase Activity,50,,0,down in PD,-0.33231067852159246,-1.1486193864447758,0.2669172932330827,0.9931312007901678,1.0,-1.3013526889741625,0.09318181818181819,0.9496446542319648,0.750763358778626,25,"CIB1, TGFBR2, DLG4, MAP2K1, CAB39L, MMD, ORC3, PPP2CA, STK11, TAB1, MAP3K5, DAB2IP",
GO BP,Negative Regulation Of Intracellular Steroid Hormone Receptor Signaling Pathway,15,,0,up in PD,0.4240532706441653,1.1731233135901407,0.2669404517453799,0.9931312007901678,1.0,1.215934699208848,0.2158671586715867,0.7783781371281953,0.889543297367469,4,"NCOR1, CALR, CNOT2, SFRP1",
Reactome,B-WICH Complex Positively Regulates rRNA Expression,16,,0,up in PD,0.41854344378017844,1.1878894983816488,0.26704545454545453,0.9931312007901678,1.0,1.20551660160824,0.23193916349809887,0.7877042851013234,0.889543297367469,7,"SF3B1, KAT2B, BAZ1B, POLR2L, DDX56, POLR2F, DEK",
GO BP,Positive Regulation Of Protein Modification By Small Protein Conjugation Or Removal,37,,0,down in PD,-0.3390643814096732,-1.1745029295833724,0.267223382045929,0.9931312007901678,1.0,-1.2200155993199362,0.1461864406779661,1.0,0.8364494450950868,13,"PINK1, TBC1D7, DERL1, TANK, TNIP1, MYCBP2, RCHY1, PSMD10, DCUN1D1, HUWE1, DCUN1D5, UBE3A",
Reactome,Signaling By NTRKs,71,SH3GL3,1,down in PD,-0.3181934301336914,-1.1371329944699067,0.2694610778443114,0.9931312007901678,1.0,-1.350504531019142,0.05191873589164785,0.9359676116676402,0.6274128493229617,22,"SH3GL3, PIGU, AP2A1, MAP2K1, NRAS, PPP2R1A, PPP2CA, PTPN11, AP2B1, DUSP3, RPS6KA1, NELFB",SH3GL3
GO BP,Negative Regulation Of Type I Interferon Production,18,,0,up in PD,0.3891065006678144,1.1534892225912916,0.27,0.9931312007901678,1.0,1.1642112776384483,0.25252525252525254,0.8136650685803364,0.889543297367469,5,"YY1, SIRPA, ATG12, DDX56, PTPRS",
GO BP,Fatty Acid Biosynthetic Process,19,ELOVL7,1,down in PD,-0.39636020680187045,-1.1566309794336165,0.2712215320910973,0.9931312007901678,1.0,-1.2348287549637553,0.18995633187772926,1.0,0.8812360962346544,10,"ELOVL7, ABHD2, FASN, ABCD3, ELOVL5, ELOVL6, SCD5, ELOVL4, SCD, DEGS1",ELOVL7
GO BP,"Regulation Of Alternative mRNA Splicing, Via Spliceosome",33,,0,up in PD,0.39255158963922654,1.2015926690896452,0.2716297786720322,0.9931312007901678,1.0,1.39112361702308,0.07414104882459313,0.5864511471212908,0.6798387096774193,13,"RBFOX1, NOVA1, HNRNPU, SRSF6, KHDRBS3, RBM5, SMU1, RBM25, SRRM4, DDX5, HNRNPA1, NOVA2",
KEGG,Natural killer cell mediated cytotoxicity,30,,0,down in PD,-0.37969631216727273,-1.1838569145357705,0.2718052738336714,0.9931312007901678,1.0,-1.326519627279883,0.10851063829787234,0.9484862806905054,0.7684517369876186,13,"PIK3R3, MAP2K1, NRAS, PAK1, VAV3, PTPN11, SOS1, IFNGR1, PPP3R1, HRAS, BRAF, SHC2",
KEGG,cAMP signaling pathway,74,SSTR1,1,down in PD,-0.3302121022749738,-1.1636021894638104,0.2725450901803607,0.9931312007901678,1.0,-1.3956645316842424,0.05,0.8876444244259694,0.6264331210191083,30,"SSTR1, PIK3R3, GRIA3, ADCY3, MAP2K1, HCN4, ATP2A3, PDE4D, CAMK2D, PAK1, MAPK8, VAV3",SSTR1
GO BP,Negative Regulation Of Stress-Activated MAPK Cascade,16,,0,up in PD,0.4367108684414589,1.1980360562960342,0.27346938775510204,0.9931312007901678,1.0,1.2681247836519842,0.17681728880157171,0.6986520485243208,0.8680494263018534,6,"NCOR1, SIRPA, TAOK3, ANKS1B, EZR, DUSP1",
GO BP,Protein Dephosphorylation,66,,0,down in PD,-0.3191716451710124,-1.1453026624057125,0.2736220472440945,0.9931312007901678,1.0,-1.3346722811552865,0.07709750566893424,0.9358682248477557,0.6798387096774193,19,"PTPRF, PTPN13, PPP5C, PPP2R5A, CTDNEP1, PTPN9, PTPRZ1, PPP2R5B, PPTC7, TNS2, MTMR4, PPP2R1A",
GO BP,Monoubiquitinated Protein Deubiquitination,20,TRRAP,1,up in PD,0.37719091677274164,1.1460134472633485,0.276,0.9931312007901678,1.0,1.1701176825266644,0.23308270676691728,0.8053980900993127,0.889543297367469,4,"TRRAP, KAT2B, USP47, SUPT7L",TRRAP
GO BP,tRNA Processing,19,,0,down in PD,-0.43355014693113647,-1.201424588493041,0.27655310621242485,0.9931312007901678,1.0,-1.3684693919032516,0.10967741935483871,0.9583062684141873,0.7684517369876186,5,"TRPT1, RPP30, C2orf49, DDX1, ADAT1",
Reactome,Regulation Of MECP2 Expression And Activity,18,,0,up in PD,0.39240304092949074,1.1466988974401977,0.27755102040816326,0.9931312007901678,1.0,1.1823272718071116,0.2437137330754352,0.7953520044940582,0.889543297367469,3,"NCOR1, AGO3, TNRC6B",
Reactome,Post-translational Modification: Synthesis Of GPI-anchored Proteins,20,CNTN4,1,down in PD,-0.38232462921554555,-1.171412325865894,0.2776659959758551,0.9931312007901678,1.0,-1.175698702615839,0.2591792656587473,1.0,0.889543297367469,5,"CNTN4, PIGU, NTM, NRN1, PIGX",CNTN4
Reactome,"Plasma Lipoprotein Assembly, Remodeling, And Clearance",24,,0,down in PD,-0.3457683651159388,-1.1369740905170411,0.27882599580712786,0.9931312007901678,1.0,-1.1270954271402935,0.31645569620253167,1.0,0.8938817436479362,9,"ABCG1, AP2A1, APOC1, AP2B1, SAR1B, MBTPS1, MBTPS2, MYLIP, NCEH1",
GO BP,Cellular Response To Heat,16,DNAJB1,1,up in PD,0.41398156457954416,1.1684597786935045,0.27983539094650206,0.9931312007901678,1.0,1.2050320221504736,0.21052631578947367,0.7833104023122022,0.889543297367469,4,"DNAJB1, BAG3, HSP90AA1, HSBP1",DNAJB1
GO BP,RNA Splicing,58,FUS,1,up in PD,0.336803428009206,1.1528378686546263,0.2799188640973631,0.9931312007901678,1.0,1.3346534774751662,0.07835820895522388,0.6414170717509613,0.6832685468530312,18,"FUS, SF3B1, SCAF11, NOVA1, ARVCF, HNRNPH3, RSRC1, CDK12, TARDBP, PPIG, MBNL1, ZCRB1",FUS
GO BP,Endocytosis,76,,0,down in PD,-0.31486778389534875,-1.1533100918806043,0.28024193548387094,0.9931312007901678,1.0,-1.356644771857027,0.042600896860986545,0.9386922560892328,0.5883789914500087,22,"RHOQ, AP2A1, CLTCL1, PIK3C2A, RAB5A, LRP1B, EPS15, GAK, ATP9A, CSNK1D, REPS1, ATP6V1H",
GO BP,Regulation Of Inflammatory Response,49,,0,up in PD,0.3170818072631246,1.1325544817572049,0.28189300411522633,0.9931312007901678,1.0,1.2048629308023555,0.1691449814126394,0.7809107065405247,0.8617179854805308,11,"GRN, WNT5A, CD200, SIRPA, SPATA2, PDCD4, LGALS1, MFHAS1, BRD4, PDE2A, RELA",
Reactome,Kinesins,16,,0,down in PD,-0.43844180745267036,-1.187697030764871,0.28225806451612906,0.9931312007901678,1.0,-1.2838900355432086,0.14565217391304347,0.9971147259851592,0.8364494450950868,6,"KIF5A, KIFAP3, KIF21B, KIF26B, KLC4, KIF3C",
GO BP,post-Golgi Vesicle-Mediated Transport,35,,0,down in PD,-0.35726405304916775,-1.156365485932494,0.2824742268041237,0.9931312007901678,1.0,-1.2716508053113973,0.14317673378076062,1.0,0.8364494450950868,11,"SCFD1, AP2A1, EXOC6, EXOC6B, EXOC5, EPS15, EXOC8, ARL3, MYO5A, ARFGEF2, AP3D1",
GO BP,Steroid Metabolic Process,15,LGMN,1,up in PD,0.38975403575478806,1.12680513088124,0.28256513026052105,0.9931312007901678,1.0,1.1282527947956031,0.30134357005758156,0.8270673006318279,0.889543297367469,5,"CBR1, STS, NPC1, DHCR24, ARV1",
GO BP,Cellular Response To Organic Cyclic Compound,56,SSTR1,1,up in PD,0.30479533104557294,1.1332179505375781,0.28313253012048195,0.9931312007901678,1.0,1.187601594334731,0.1688073394495413,0.795706741806395,0.8617179854805308,15,"CLU, RUVBL2, FAM210B, PDE12, LCOR, HSP90B1, NCOA3, SPIDR, SFRP1, PDE2A, EZR, DIAPH1",
GO BP,Positive Regulation Of Protein Localization,36,,0,up in PD,0.3444835194071433,1.1573931281111067,0.28316831683168314,0.9931312007901678,1.0,1.229479605967823,0.17196261682242991,0.7648560666993387,0.8673088904864606,8,"WNT5A, SESN2, JAK1, GPR137B, NUP62, STX4, CENPJ, MAPT",
GO BP,Regulation Of Phosphorylation,27,,0,up in PD,0.3826262639610761,1.152806897182066,0.2839506172839506,0.9931312007901678,1.0,1.2766756488577045,0.15855855855855855,0.7023777030878752,0.8562765944401526,12,"SESN2, PTGES3, IGF1, STAT2, DSCAM, PRKRIP1, FNIP2, PHIP, APP, UXT, SDCBP, CDKN1C",
GO BP,Protein Catabolic Process,36,LGMN,1,up in PD,0.3440474162082966,1.1447471170580987,0.2854368932038835,0.9931312007901678,1.0,1.2408229956927064,0.16477272727272727,0.7418907900971727,0.8571751092069891,12,"HSP90AA1, SIAH1, FBXO44, RSPRY1, NGLY1, CTSB, CLN8, SQSTM1, DTX4, FBXO2, CLPP, ATE1",
GO BP,Membrane Fission,28,,0,down in PD,-0.391137568693652,-1.1614387979895504,0.2857142857142857,0.9931312007901678,1.0,-1.3358403447935339,0.09534368070953436,0.9403168601354015,0.750763358778626,12,"EXOC6, EXOC6B, HGS, EXOC5, VPS36, EXOC8, DNM1L, VPS28, CHMP2B, VPS4A, UBAP1, VPS37A",
GO BP,Regulation Of Glycolytic Process,18,,0,up in PD,0.38826909357100875,1.1386180786616382,0.2879684418145957,0.9931312007901678,1.0,1.1641772161586497,0.2650375939849624,0.81106082946725,0.889543297367469,7,"NCOR1, IGF1, INSR, ARNT, APP, GIT1, PRKAA2",
Reactome,RND1 GTPase Cycle,19,,0,down in PD,-0.39400047804231453,-1.1621197244236092,0.2898832684824903,0.9931312007901678,1.0,-1.190246857609529,0.2326086956521739,1.0,0.889543297367469,4,"PTPN13, DST, TFRC, ARHGAP35",
GO BP,Positive Regulation Of Cellular Metabolic Process,16,,0,down in PD,-0.4107293876375082,-1.1668560211371954,0.2901960784313726,0.9931312007901678,1.0,-1.197795760639586,0.2345924453280318,1.0,0.889543297367469,5,"TGFBR2, AGTR1, MAPK14, RNF41, PID1",
KEGG,AMPK signaling pathway,58,,0,down in PD,-0.31195295058421146,-1.140742617725857,0.2903225806451613,0.9931312007901678,1.0,-1.266518776844096,0.12087912087912088,1.0,0.8114990811236545,15,"PIK3R3, PFKFB2, PPP2R2C, FASN, PPP2R5A, PPP2R5B, PPP2R2B, CAB39L, EEF2, PPP2R1A, PPP2CA, PFKL",
KEGG,Influenza A,45,DNAJB1,1,up in PD,0.3367156630693552,1.1345413514874756,0.2917505030181087,0.9931312007901678,1.0,1.2452231157600584,0.14207650273224043,0.734507638275943,0.8364494450950868,15,"DNAJB1, PRKCB, TRAF3, EIF2AK2, PIK3CD, JAK1, IFNGR2, RELA, STAT2, KPNA1, MAPK1, MX1",DNAJB1
Reactome,Interleukin-17 Signaling,34,,0,down in PD,-0.35229948945956824,-1.1423066283539431,0.2925430210325048,0.9931312007901678,1.0,-1.260775005367963,0.16063348416289594,1.0,0.8562765944401526,14,"CUL1, MAP2K1, MAPK8, CHUK, PPP2R1A, PPP2CA, IRAK1, FBXW11, DUSP3, RPS6KA1, TAB1, MAPK14",
GO BP,Mitotic Cytokinesis,30,,0,down in PD,-0.35176099463764354,-1.1379975968434923,0.2933070866141732,0.9931312007901678,1.0,-1.228833802888904,0.16666666666666666,1.0,0.8571751092069891,8,"EXOC6, BBS4, EXOC6B, USP8, EXOC5, EXOC8, TRIM36, ARL3",
GO BP,Negative Regulation Of Developmental Process,42,BCL11A,1,up in PD,0.32219124011241407,1.1340977097053262,0.29469548133595286,0.9931312007901678,1.0,1.1937144395638686,0.19343065693430658,0.790143724577413,0.8848327957901885,12,"BCL11A, ARID4B, ARID4A, SLC18A1, NFIB, BCL7A, SFRP1, CST3, THY1, MUL1, PTPRS, MAPT",BCL11A
GO BP,Organic Substance Transport,57,,0,down in PD,-0.30742716731408215,-1.124817027119036,0.29554655870445345,0.9931312007901678,1.0,-1.2305650000310746,0.14096916299559473,1.0,0.8364494450950868,12,"RYR3, ITPR1, ABCB9, ABCA5, ATP2A3, ABCC1, SLC23A2, LRP1B, CHMP2B, PICK1, SNX4, SLC6A3",
Reactome,Energy Dependent Regulation Of mTOR By LKB1-AMPK,17,,0,down in PD,-0.3949250660763587,-1.1425115324469373,0.29563492063492064,0.9931312007901678,1.0,-1.1856151247440083,0.2478813559322034,1.0,0.889543297367469,5,"LAMTOR1, LAMTOR3, CAB39L, STK11, PRKAA1",
Reactome,Listeria Monocytogenes Entry Into Host Cells,16,SH3GL3,1,down in PD,-0.39976581522834076,-1.1392170319890609,0.2962962962962963,0.9931312007901678,1.0,-1.1600936714563364,0.27253668763102723,1.0,0.889543297367469,5,"SH3GL3, HGS, EPS15, RNMT, SH3GL1",SH3GL3
GO BP,Protein Quality Control For Misfolded Or Incompletely Synthesized Proteins,16,,0,down in PD,-0.4026747008667986,-1.1497335929194026,0.2964426877470356,0.9931312007901678,1.0,-1.1706207159524245,0.2661122661122661,1.0,0.889543297367469,3,"UBE2W, DERL1, ATXN3",
GO BP,Regulation Of Tumor Necrosis Factor Production,21,,0,up in PD,0.3941325957680191,1.1565384189082177,0.2967479674796748,0.9931312007901678,1.0,1.230560858595062,0.18546845124282982,0.764173110093239,0.87677070239719,4,"CLU, WNT5A, IGF1, SIRPA",
GO BP,"Synaptic Transmission, Glutamatergic",16,,0,down in PD,-0.4142323661990307,-1.1393133957421135,0.2967479674796748,0.9931312007901678,1.0,-1.2294990429636345,0.1973392461197339,1.0,0.889543297367469,6,"UNC13C, GRIA3, GRID1, UNC13B, GRIA1, SEPTIN9",
Reactome,Notch-HLH Transcription Pathway,16,,0,up in PD,0.41912311126281654,1.1626859728282897,0.29707112970711297,0.9931312007901678,1.0,1.193697657376289,0.23684210526315788,0.7872439311977507,0.889543297367469,9,"NCOR1, KAT2B, RBPJ, SNW1, HDAC6, HDAC3, KAT2A, HDAC4, NCOR2",
GO BP,Regulation Of BMP Signaling Pathway,19,,0,up in PD,0.4418665495234559,1.1781203581691517,0.29918032786885246,0.9931312007901678,1.0,1.3240417473004202,0.14007782101167315,0.6569050768560204,0.8364494450950868,4,"FSTL5, UBE2D3, SORL1, RBPJ",
GO BP,Monoatomic Ion Transport,32,,0,down in PD,-0.35345865488052364,-1.1451693493583535,0.3013698630136986,0.9931312007901678,1.0,-1.2647525420395884,0.14380530973451328,1.0,0.8364494450950868,14,"HCN4, SLC25A26, PANX2, SLC12A2, SLC17A5, SLC1A1, LASP1, ANO10, WNK1, SLC20A1, GLRB, LRRC8A",
Reactome,SARS-CoV-1 Infection,24,,0,down in PD,-0.3550348421874835,-1.1455733433108106,0.30246913580246915,0.9931312007901678,1.0,-1.1604323272912802,0.2510460251046025,1.0,0.889543297367469,11,"UBE2I, PARP6, CHMP2B, PRKCSH, PARP8, ST3GAL1, CHMP4B, PIK3C3, VCP, GSK3B, MAP1LC3B",
GO BP,Regulation Of Transforming Growth Factor Beta Receptor Signaling Pathway,43,,0,down in PD,-0.3421830082478158,-1.1420736628076622,0.3034623217922607,0.9931312007901678,1.0,-1.305126952694314,0.10874200426439233,0.9568217031330131,0.7684517369876186,11,"LDLRAD4, EID2, BCL9, SIN3A, SNX25, NREP, MTMR4, SUDS3, GIPC1, STK11, STRAP",
GO BP,Regulation Of Telomerase Activity,21,,0,up in PD,0.3814023113361407,1.156324684366624,0.3038461538461538,0.9931312007901678,1.0,1.1910756951989363,0.2137546468401487,0.788469324023657,0.889543297367469,11,"PTGES3, PARM1, HSP90AA1, TNKS, MAPK1, PKIB, DKC1, MAP3K4, CCT2, HSP90AB1, XRCC5",
GO BP,Positive Regulation Of Epithelial Cell Migration,34,,0,up in PD,0.35492869874538485,1.1412146598855377,0.30462184873949577,0.9931312007901678,1.0,1.227914742032324,0.17902350813743217,0.7642731964556672,0.8680494263018534,7,"GRN, WNT5A, PIK3CD, CALR, PPM1F, ENPP2, CAPN7",
GO BP,Skeletal System Development,35,SOX6,1,up in PD,0.3189267390941878,1.1202622095073342,0.3048780487804878,0.9931312007901678,1.0,1.1439967600192578,0.2445759368836292,0.8256446249327457,0.889543297367469,6,"STC1, WNT5A, FGFR1, PLS3, IGF1, AKAP13",
GO BP,Positive Regulation Of Telomere Maintenance,22,,0,up in PD,0.3683719999449594,1.1268089932814656,0.3055555555555556,0.9931312007901678,1.0,1.15362105988334,0.25457875457875456,0.8183226903990737,0.889543297367469,6,"YY1, RUVBL2, TNKS2, HNRNPA2B1, TNKS, MAPK1",
GO BP,Regulation Of Gene Expression,374,"FUS, LGMN, SOX6, TRRAP",4,up in PD,0.2603628075704342,1.0977262324411627,0.30648330058939094,0.9931312007901678,1.0,1.3438261671229448,0.004966887417218543,0.6243777671833317,0.334353221145674,103,"FUS, TRRAP, RYBP, CLU, ZNF331, YY1, WNT5A, DIP2A, PEG3, CGGBP1, BPTF, TRAF3","FUS, TRRAP"
GO BP,Positive Regulation Of Actin Filament Bundle Assembly,21,,0,down in PD,-0.3663080862708825,-1.1246702072755557,0.3067484662576687,0.9931312007901678,1.0,-1.169122962467624,0.24017467248908297,1.0,0.889543297367469,4,"TPM1, CD47, NF2, PAK1",
GO BP,Vesicle Coating,18,,0,down in PD,-0.417135434096239,-1.1580113078134342,0.30691056910569103,0.9931312007901678,1.0,-1.2528242149026196,0.16700201207243462,1.0,0.8571751092069891,11,"CSNK1D, TRAPPC6B, AP3D1, TRAPPC13, PREB, TMED10, TRAPPC2, PPP6C, TRAPPC2L, TRAPPC9, TRAPPC4",
Reactome,FLT3 Signaling,19,,0,down in PD,-0.4157259137305366,-1.1309940829158682,0.3081510934393638,0.9931312007901678,1.0,-1.2893779057592052,0.1482213438735178,0.9859001711452728,0.8382166632114805,7,"GAB2, NRAS, CSK, PTPN11, AKT3, SOS1, HRAS",
Reactome,Transcriptional Regulation By MECP2,31,,0,up in PD,0.34125357714903587,1.1164738138693933,0.3092369477911647,0.9931312007901678,1.0,1.1637033630170388,0.24806201550387597,0.8073260913251974,0.889543297367469,5,"NCOR1, RBFOX1, AGO3, GRIN2A, TNRC6B",
GO BP,Negative Regulation Of Proteasomal Ubiquitin-Dependent Protein Catabolic Process,22,,0,up in PD,0.365384087562561,1.1238685940825244,0.30947775628626695,0.9931312007901678,1.0,1.1490053129610627,0.2648221343873518,0.825142796368343,0.889543297367469,4,"RYBP, PHF20L1, EIF3H, UBXN1",
GO BP,Cholesterol Transport,17,,0,down in PD,-0.3550198074539892,-1.1091758838493095,0.3097713097713098,0.9931312007901678,1.0,-1.066340450858415,0.3516483516483517,0.9668333172898181,0.9052527446531683,4,"ABCG1, ABCA5, OSBP, APOC1",
Reactome,Positive Epigenetic Regulation Of rRNA Expression,23,,0,up in PD,0.3749403686986733,1.134438044380778,0.30980392156862746,0.9931312007901678,1.0,1.1757475157174342,0.22990654205607478,0.7896737776209424,0.889543297367469,8,"SF3B1, KAT2B, GATAD2A, BAZ1B, POLR2L, DDX56, POLR2F, DEK",
GO BP,Negative Regulation Of Cell Adhesion,26,PLXNC1,1,up in PD,0.371656776582283,1.1273498859173887,0.30985915492957744,0.9931312007901678,1.0,1.2291011635927709,0.17992424242424243,0.7630289990047846,0.8680494263018534,8,"PLXNC1, SEMA4D, ADAM22, DSCAM, DUSP1, MIA3, PLXNA4, TBCD",PLXNC1
GO BP,Positive Regulation Of Endocytosis,28,,0,down in PD,-0.35788174443983123,-1.1197298980750108,0.31048387096774194,0.9931312007901678,1.0,-1.2206834554063375,0.18162393162393162,1.0,0.8680494263018534,9,"TUB, CD47, SGIP1, CLIP3, CAMK1D, VPS28, ANKFY1, NLGN1, TOR1A",
GO BP,Positive Regulation Of Protein Ubiquitination,36,,0,down in PD,-0.32485068591316246,-1.12434437114825,0.3112033195020747,0.9931312007901678,1.0,-1.1808945952676992,0.21458333333333332,1.0,0.889543297367469,12,"PINK1, TBC1D7, DERL1, MYCBP2, RBX1, RCHY1, PSMD10, DCUN1D1, HUWE1, DCUN1D5, UBE3A, GSK3B",
GO BP,Histone H3 Acetylation,20,TRRAP,1,up in PD,0.37097527301128486,1.1256739441934012,0.3112449799196787,0.9931312007901678,1.0,1.15915061234032,0.2538167938931298,0.808595409326174,0.889543297367469,8,"TRRAP, DR1, KAT2B, SUPT7L, MAP3K7, SF3B3, YEATS2, SF3B5",TRRAP
GO BP,Regulation Of Cell Migration,148,"CPNE3, GPNMB, PLXNC1, SCAI, ZMYND8",5,up in PD,0.28605338290829185,1.1302159299577559,0.3122448979591837,0.9931312007901678,1.0,1.328853792943333,0.044673539518900345,0.6549988955169624,0.5883789914500087,25,"PLXNC1, GPNMB, ZMYND8, STC1, GRN, CCAR1, MITF, TRIM32, HSPA5, IGF1R, IGF1, PDGFA","PLXNC1, GPNMB, ZMYND8"
GO BP,Brain Development,80,"CNTN4, SOX6",2,down in PD,-0.31186854073563364,-1.1324648197070415,0.3134020618556701,0.9931312007901678,1.0,-1.34890075468099,0.057815845824411134,0.92343421861514,0.6282855759224342,19,"SOX6, CNTN4, PCDH18, TGFBR2, ARNT2, BBS4, CNTNAP2, SLC23A2, TBC1D23, UFM1, PAFAH1B1, CADM2","SOX6, CNTN4"
GO BP,Positive Regulation Of Developmental Growth,24,,0,up in PD,0.3801902239345661,1.1177282239374449,0.3134920634920635,0.9931312007901678,1.0,1.223989356911212,0.18923933209647495,0.7632370039993477,0.8804957544728412,9,"SEMA4D, SYT4, INSR, ITSN2, MAPT, BDNF, RIMS2, TWF2, PLAA",
KEGG,Measles,41,,0,up in PD,0.3452212157118728,1.128031876247644,0.3144016227180527,0.9931312007901678,1.0,1.2655288348467886,0.12637362637362637,0.7018221590594166,0.8225078055307761,15,"CSNK2A2, TRAF3, EIF2AK2, JUN, PIK3CD, JAK1, EIF3H, HSPA2, RELA, STAT2, STAT5B, MX1",
Reactome,Transcriptional Regulation By VENTX,18,,0,up in PD,0.3749344686709669,1.1262917945140782,0.31446540880503143,0.9931312007901678,1.0,1.1149374299859063,0.3238095238095238,0.8540085918359966,0.8983544898918666,6,"AGO3, ANAPC16, TNRC6B, RELA, TNRC6C, ANAPC5",
Reactome,Formation Of Incision Complex In GG-NER,27,,0,down in PD,-0.3650637784581615,-1.1276945599796,0.3149284253578732,0.9931312007901678,1.0,-1.2624153470052857,0.16,1.0,0.8562765944401526,11,"XPA, UBE2I, POLR1A, RBX1, DDB1, ERCC1, CCNH, CUL4B, MNAT1, PARP2, RAD23B",
GO BP,Cellular Response To Reactive Oxygen Species,34,,0,up in PD,0.3440305012076261,1.143161307967605,0.31568228105906315,0.9931312007901678,1.0,1.2071351840735416,0.18738404452690166,0.7939329118237882,0.8775819418676561,13,"CLU, SIRPA, JUN, AGAP3, OSER1, RELA, SQSTM1, MAPK1, MAPT, RPS3, HDAC6, CAMKK2",
GO BP,Regulation Of Heart Contraction,26,,0,down in PD,-0.35106113878976797,-1.109879174109386,0.3161904761904762,0.9931312007901678,1.0,-1.1776828315202519,0.2314410480349345,1.0,0.889543297367469,5,"TPM1, HCN4, ATP2A3, PDE4D, CAMK2D",
KEGG,Colorectal cancer,34,,0,down in PD,-0.36975547782250107,-1.1549303400516078,0.31650485436893205,0.9931312007901678,1.0,-1.3199952546334524,0.11713665943600868,0.9535863657935614,0.8016268909754826,17,"TGFBR2, PIK3R3, MAP2K1, NRAS, MAPK8, AKT3, SOS1, HRAS, BRAF, MAPK10, GSK3B, CTNNB1",
GO BP,Regulation Of Neuron Differentiation,32,CNTN4,1,up in PD,0.31980945213109735,1.1032179857008801,0.31771894093686354,0.9931312007901678,1.0,1.103398463048951,0.3173996175908222,0.8651907012167744,0.8938817436479362,9,"FGFR1, TRIM32, CALR, ZFHX2, TCF4, NRCAM, PCP4, ZFHX3, BEND6",
GO BP,Nucleobase-Containing Compound Catabolic Process,15,,0,up in PD,0.3946633582045438,1.102560366235541,0.31771894093686354,0.9931312007901678,1.0,1.1451911076056556,0.2984790874524715,0.8236376047667028,0.889543297367469,3,"PABPC4, EXOSC1, REXO4",
Reactome,"Interleukin-3, Interleukin-5 And GM-CSF Signaling",17,,0,down in PD,-0.4246580672891517,-1.1542580856174016,0.3182711198428291,0.9931312007901678,1.0,-1.2811924911496089,0.15,0.9938379972474223,0.8454154727793697,6,"PIK3R3, GAB2, PTPN11, SOS1, RAPGEF1, YWHAZ",
GO BP,Membrane Assembly,24,,0,up in PD,0.3585911606754223,1.1058095643973915,0.3186372745490982,0.9931312007901678,1.0,1.1421946461901618,0.2766726943942134,0.8274611541650009,0.889543297367469,7,"ANXA2, PTPRD, STX4, CHMP7, RFTN1, CHMP2A, CHMP3",
GO BP,Positive Regulation Of DNA Repair,33,,0,up in PD,0.35156601173631574,1.1181445044473193,0.3188976377952756,0.9931312007901678,1.0,1.2350547040277335,0.15469613259668508,0.7567977547029751,0.8545398788684164,11,"YY1, RUVBL2, EYA3, BCL7A, ARID2, SPIDR, SPIRE2, SLF2, RPS3, UBE2N, PHF10",
GO BP,Regulation Of Cytokinesis,33,,0,down in PD,-0.33633750782155414,-1.103148178926843,0.3191489361702128,0.9931312007901678,1.0,-1.2008720330841458,0.2028985507246377,1.0,0.889543297367469,8,"KLHL13, BBS4, BIRC6, PRPF40A, GIPC1, DRD2, VPS4A, PIK3C3",
GO BP,Nuclear Transport,18,,0,up in PD,0.3909470310047811,1.1235408400628404,0.3193612774451098,0.9931312007901678,1.0,1.1473005971288477,0.2857142857142857,0.82099324077915,0.889543297367469,9,"RSRC1, NUP62, RANGAP1, XPO1, ANP32A, NUP210, NUP98, NUP133, RANBP2",
GO BP,Regulation Of Protein Modification By Small Protein Conjugation Or Removal,20,,0,down in PD,-0.39323806204101264,-1.1351720287422618,0.3198458574181118,0.9931312007901678,1.0,-1.2155150148163316,0.22755741127348644,1.0,0.889543297367469,6,"PINK1, EPAS1, COPS7A, HIF1A, COPS5, DCUN1D1",
GO BP,Transcription Elongation By RNA Polymerase II,17,,0,down in PD,-0.3897787327111353,-1.1256305662639154,0.32007952286282304,0.9931312007901678,1.0,-1.1731604056781102,0.25157232704402516,1.0,0.889543297367469,5,"RTF1, SUPT5H, PEX2, CDC73, SUPT6H",
Reactome,"Transport Of Bile Salts And Organic Acids, Metal Ions And Amine Compounds",23,,0,down in PD,-0.36810643011000477,-1.1063933967800252,0.3207171314741036,0.9931312007901678,1.0,-1.1728526550593916,0.24735729386892177,1.0,0.889543297367469,10,"SLC16A1, EMB, SLC6A1, SLC2A13, SLC6A3, SLC18A2, SLC6A11, SLC14A1, SLC6A15, SLC40A1",
GO BP,Negative Regulation Of Extrinsic Apoptotic Signaling Pathway,22,CFLAR,1,up in PD,0.3722842148372105,1.1318416455865457,0.3215686274509804,0.9931312007901678,1.0,1.1601102598645727,0.27392120075046905,0.8077054431341862,0.889543297367469,4,"CFLAR, IGF1, EYA3, RELA",CFLAR
GO BP,Myeloid Cell Differentiation,16,CFLAR,1,up in PD,0.394500540998039,1.1236962281763672,0.32323232323232326,0.9931312007901678,1.0,1.1609963544557005,0.2589118198874296,0.8068653749394453,0.889543297367469,9,"CFLAR, MFHAS1, FLVCR1, UBA5, KAT6A, HIPK2, KMT2E, SLC25A5, RPS14",CFLAR
GO BP,Sensory Perception Of Mechanical Stimulus,16,,0,up in PD,0.40850015263705436,1.1242222191679292,0.3236434108527132,0.9931312007901678,1.0,1.1868752302640542,0.24157303370786518,0.7895901886152737,0.889543297367469,5,"NIPBL, SPTBN4, WFS1, SERPINB6, TIMM9",
Reactome,Interleukin-12 Signaling,18,,0,up in PD,0.422105798076341,1.1201674375150419,0.32382892057026474,0.9931312007901678,1.0,1.2714520177900075,0.1647940074906367,0.7004144974366576,0.8571751092069891,7,"ANXA2, PDCD4, JAK1, HNRNPA2B1, VPS72, AURKAIP1, HNRNPDL",
GO BP,Negative Regulation Of Cold-Induced Thermogenesis,15,,0,up in PD,0.39072794939333344,1.1009260675966814,0.3253493013972056,0.9931312007901678,1.0,1.104910937197338,0.3490566037735849,0.8693033712676225,0.9052527446531683,6,"NOVA1, PLCL2, RBPJ, DOCK7, TLE3, NOVA2",
GO BP,Positive Regulation Of Cell Population Proliferation,126,LGMN,1,up in PD,0.27983580748760717,1.1005015891519092,0.326,0.9931312007901678,1.0,1.2584196509263896,0.06701030927835051,0.7151429104543038,0.6759450171821305,21,"GRN, WNT5A, CCAR1, FGFR1, IGF1R, IGF1, PDGFA, CD81, CALR, HNRNPU, CDC25B, IL6ST",
GO BP,Regulation Of Protein Targeting To Mitochondrion,24,,0,up in PD,0.34379307998636444,1.105712096914302,0.326171875,0.9931312007901678,1.0,1.1240576995194431,0.2700587084148728,0.8327302359795534,0.889543297367469,4,"CSNK2A2, UBE2D3, HAX1, TOMM7",
KEGG,Serotonergic synapse,47,CACNA1A,1,up in PD,0.31392733548254176,1.0997822008155334,0.32665330661322645,0.9931312007901678,1.0,1.1917913076238724,0.1871559633027523,0.7886119955596621,0.8775819418676561,16,"PRKCB, CACNA1A, MAOB, PLCB4, SLC18A1, GNAO1, DUSP1, MAPK1, GNAI2, GNAI3, GNB5, GNG4",CACNA1A
GO BP,Peptidyl-Lysine Modification,34,BCL11A,1,up in PD,0.32332492898682996,1.0885965055483398,0.32723577235772355,0.9931312007901678,1.0,1.1272552768375685,0.2893772893772894,0.8282922890101065,0.889543297367469,11,"BCL11A, VIPAS39, UHRF2, KAT2B, PLOD1, SENP5, PIAS2, SLF2, RANGAP1, HDAC6, HINT1",BCL11A
Reactome,Cell-cell Junction Organization,17,,0,up in PD,0.36088508878511366,1.0976221066049938,0.32934131736526945,0.9931312007901678,1.0,1.0565770363244664,0.36203522504892366,0.8768799841371943,0.9052527446531683,4,"CADM1, CDH2, CDH4, CDH6",
Reactome,Signaling By FGFR4,24,,0,down in PD,-0.36290941383422126,-1.111482128266054,0.32938856015779094,0.9931312007901678,1.0,-1.2004737580057487,0.17436974789915966,1.0,0.8680494263018534,9,"PIGU, NRAS, PPP2R1A, PPP2CA, PTPN11, SOS1, HRAS, BRAF, PLCG1",
Reactome,Signaling By FGFR3,25,,0,down in PD,-0.35328935893152325,-1.1099186298426722,0.330078125,0.9931312007901678,1.0,-1.1846814561598475,0.21627408993576017,1.0,0.889543297367469,9,"PIGU, NRAS, PPP2R1A, PPP2CA, PTPN11, SOS1, HRAS, BRAF, PLCG1",
GO BP,Response To Tumor Necrosis Factor,30,,0,down in PD,-0.30730769571146055,-1.076429656225033,0.330078125,0.9931312007901678,1.0,-1.0762152981452082,0.32134831460674157,0.9481909955881838,0.8955382436260623,9,"CIB1, AFF3, TANK, TNFRSF21, CHUK, DHX9, PID1, DAB2IP, YTHDC2",
GO BP,Positive Regulation Of Reactive Oxygen Species Metabolic Process,15,,0,down in PD,-0.400190878641548,-1.1100675649540133,0.3301526717557252,0.9931312007901678,1.0,-1.1604652675125768,0.26954732510288065,1.0,0.889543297367469,5,"TGFBR2, AGTR1, MAPK14, RNF41, PID1",
Reactome,Negative Regulation Of MAPK Pathway,25,,0,down in PD,-0.36055349852115703,-1.106330719939004,0.33059548254620125,0.9931312007901678,1.0,-1.2208991304358185,0.16733870967741934,1.0,0.8571751092069891,9,"PPP5C, MAP2K1, PPP2R5A, NRAS, PPP2R5B, PPP2R1A, PPP2CA, HRAS, BRAF",
GO BP,Cellular Response To Glucose Starvation,15,,0,up in PD,0.37956317153146224,1.1085780687103524,0.3313253012048193,0.9931312007901678,1.0,1.0620289688189568,0.3875968992248062,0.8782607922458626,0.9062081834303362,4,"HSPA5, SESN2, NUAK1, SESN1",
GO BP,Chordate Embryonic Development,15,,0,up in PD,0.39075933962087694,1.0816451312859234,0.3326530612244898,0.9931312007901678,1.0,1.104509246863541,0.32688588007736946,0.8682365121614823,0.9016948551572528,4,"WNT5A, FGFR1, FUT8, MBNL1",
GO BP,Protein Stabilization,103,,0,up in PD,0.2991596032342394,1.1153337128696665,0.33268101761252444,0.9931312007901678,1.0,1.312708021906987,0.055077452667814115,0.6455745632500829,0.6274128493229617,48,"CLU, GRN, BAG3, AAK1, RUVBL2, PTGES3, IGF1, CRYAB, CALR, USP19, TTI1, HSP90AA1",
Reactome,Oxidative Stress Induced Senescence,34,,0,up in PD,0.33225956851444505,1.1031340345613847,0.3333333333333333,0.9931312007901678,1.0,1.1474316640614843,0.24349442379182157,0.825680929408877,0.889543297367469,10,"AGO3, JUN, TNRC6B, TFDP2, UBA52, MAP2K3, UBC, TNRC6C, MAPK1, E2F3",
GO BP,mRNA Processing,121,RBM4B,1,up in PD,0.30546262003772584,1.118136323873631,0.3333333333333333,0.9931312007901678,1.0,1.365774309803695,0.03664921465968586,0.6138618553397868,0.5721349621873182,39,"RBM4B, DDX46, CASC3, SF3B1, PABPC1, SCAF11, NOVA1, CDC5L, CWF19L2, RBM6, HNRNPU, SNRNP70",RBM4B
GO BP,Actin Filament Organization,42,,0,up in PD,0.3129650794477018,1.0972290707733057,0.3333333333333333,0.9931312007901678,1.0,1.1590304742006332,0.22627737226277372,0.8063564364089114,0.889543297367469,16,"COBL, PLS3, TTN, ERMN, FLII, CNN3, TPM4, ENAH, PPP1R9A, ABI2, SPIRE2, ARHGAP12",
GO BP,Regulation Of Protein Phosphorylation,101,"GPNMB, IBTK",2,down in PD,-0.2860305181687087,-1.0862959006505943,0.3333333333333333,0.9931312007901678,1.0,-1.2829339362252175,0.08577878103837472,0.9933489027118093,0.7210549671046286,29,"IBTK, CIB1, RAP2A, PINK1, CCNY, PTPN13, PIK3R3, CLIP3, PPIA, FNIP1, ANKRD54, EPHB2",IBTK
GO BP,Calcium Ion Transmembrane Transport,34,CACNA1A,1,up in PD,0.3304998065713652,1.1042725507399578,0.333976833976834,0.9931312007901678,1.0,1.1684064244736172,0.21338155515370705,0.8062966452645202,0.889543297367469,7,"CLU, CACNA1A, GRIN2A, SLC25A23, ATP2B1, SLC24A2, CACNB1",CACNA1A
GO BP,RNA Transport,23,,0,up in PD,0.3605213621659542,1.1026195640054557,0.33399602385685884,0.9931312007901678,1.0,1.135872791765822,0.28186714542190305,0.8182073721272224,0.889543297367469,11,"RBFOX1, KIF5C, ATXN2, NUP62, HNRNPA2B1, RFTN1, ZFP36L1, HNRNPA1, NUP98, SIDT2, KPNB1",
Reactome,Transport To Golgi And Subsequent Modification,102,,0,down in PD,-0.3170822548693505,-1.1204668346622413,0.33402489626556015,0.9931312007901678,1.0,-1.4421571315949473,0.0117096018735363,0.8868943645196531,0.3938595027532121,50,"SEC23IP, SCFD1, COPA, COPZ1, DCTN5, MAN2A2, DYNC1I1, ARFGAP2, ARCN1, B4GALT2, CSNK1D, COG6",
GO BP,Positive Regulation Of Axonogenesis,22,PLXNC1,1,up in PD,0.37398603609630043,1.111013537428168,0.3360655737704918,0.9931312007901678,1.0,1.1790221289766025,0.2339622641509434,0.7992378784649238,0.889543297367469,7,"PLXNC1, SEMA4D, MAPT, PLXNA4, BDNF, SLIT2, TWF2",PLXNC1
GO BP,Positive Regulation Of Protein Catabolic Process,40,,0,up in PD,0.32768512839956637,1.1061416826508434,0.33723196881091616,0.9931312007901678,1.0,1.18738012265434,0.20736434108527133,0.7906324615499765,0.889543297367469,8,"WNT5A, TRIM32, CD81, SORL1, HSP90AA1, CUL4A, TNFSF13B, EZR",
GO BP,Negative Regulation Of ERK1 And ERK2 Cascade,17,,0,down in PD,-0.3658221400071211,-1.0804617475909948,0.33727810650887574,0.9931312007901678,1.0,-1.121613422584255,0.272108843537415,0.985929138588224,0.889543297367469,5,"LMO3, EPHB2, TNIP1, TIMP3, DUSP3",
GO BP,Mitotic DNA Damage Checkpoint Signaling,17,,0,down in PD,-0.38665359189316806,-1.1050194509283269,0.3373015873015873,0.9931312007901678,1.0,-1.1550450301088546,0.27054108216432865,1.0,0.889543297367469,3,"TOPBP1, SDE2, RPS27L",
GO BP,Synapse Assembly,33,,0,up in PD,0.34557781129472903,1.1063094238398985,0.3373253493013972,0.9931312007901678,1.0,1.2091062168985491,0.19272727272727272,0.7924268458022128,0.8836702691248145,7,"CDH2, WNT5A, PTPRD, NRCAM, GPM6A, DSCAM, SPOCK2",
KEGG,Amoebiasis,27,,0,up in PD,0.33803999443156474,1.0921475751596175,0.3373493975903614,0.9931312007901678,1.0,1.1007982844926951,0.3,0.8630718873363037,0.889543297367469,11,"PRKCB, PIK3CD, PLCB4, LAMA3, SERPINB6, RELA, ACTN4, VCL, GNAS, RAB7A, PRDX1",
GO BP,Positive Regulation Of Hydrolase Activity,72,,0,down in PD,-0.3063635133408211,-1.0925848859854093,0.3374485596707819,0.9931312007901678,1.0,-1.2891277053006696,0.0896551724137931,0.9786445347569489,0.7317498926885105,23,"RGS6, PINK1, TBC1D7, RGS7, SGSM2, MAPK8, RASGRF1, WDR41, RGS16, C9orf72, MAPRE2, SNX13",
GO BP,Telomere Organization,23,,0,up in PD,0.3856061769342993,1.111877698120143,0.33794466403162055,0.9931312007901678,1.0,1.226319941828918,0.20925925925925926,0.7640959646550942,0.889543297367469,3,"YY1, RUVBL2, PTGES3",
GO BP,Protein Monoubiquitination,20,,0,down in PD,-0.3646120402120089,-1.0926490515619431,0.3381742738589212,0.9931312007901678,1.0,-1.135481502192855,0.2857142857142857,1.0,0.889543297367469,7,"UBE2W, MGRN1, RBX1, PEX2, RNF20, HUWE1, ZC4H2",
Reactome,ER To Golgi Anterograde Transport,90,,0,down in PD,-0.326825278463005,-1.1332927594371303,0.3388773388773389,0.9931312007901678,1.0,-1.4556069606286293,0.009111617312072893,0.9028547185364105,0.37307488050982474,44,"SEC23IP, SCFD1, COPA, COPZ1, DCTN5, DYNC1I1, ARFGAP2, ARCN1, CSNK1D, COG6, TMED9, ARFGAP1",
GO BP,Positive Regulation Of Telomerase Activity,20,,0,up in PD,0.3881767800091761,1.135407053704573,0.3391812865497076,0.9931312007901678,1.0,1.2004800582197683,0.2222222222222222,0.7825664376609186,0.889543297367469,11,"PTGES3, PARM1, HSP90AA1, TNKS, MAPK1, PKIB, DKC1, MAP3K4, CCT2, HSP90AB1, XRCC5",
KEGG,Endometrial cancer,27,,0,down in PD,-0.35709164584183717,-1.0932711898644651,0.3403041825095057,0.9931312007901678,1.0,-1.2116696546984285,0.2100656455142232,1.0,0.889543297367469,12,"PIK3R3, MAP2K1, NRAS, AKT3, SOS1, HRAS, BRAF, GSK3B, CTNNA2, CTNNB1, MLH1, MAP2K2",
GO BP,Response To UV,35,,0,up in PD,0.3112344025328011,1.0839387580762483,0.3413654618473896,0.9931312007901678,1.0,1.1027627740063537,0.2965009208103131,0.8651356760064405,0.889543297367469,8,"YY1, TRIM32, RUVBL2, USP47, CUL4A, SMPD1, TNFSF13B, RELA",
GO BP,Negative Regulation Of Growth,49,,0,up in PD,0.3170950870827929,1.0907630795160772,0.34274193548387094,0.9931312007901678,1.0,1.2084576953655242,0.1835564053537285,0.7917717227458084,0.8721146119101062,16,"SESN2, MT1G, JADE1, MT1F, ING4, SFRP1, IP6K2, FHL1, MUL1, DNAJB2, DCBLD2, OSGIN2",
GO BP,Sensory Perception Of Sound,17,,0,up in PD,0.39116971749051355,1.0969191346374856,0.34296724470134876,0.9931312007901678,1.0,1.167136558988238,0.2593283582089552,0.8057488546723386,0.889543297367469,5,"NIPBL, SPTBN4, WFS1, SERPINB6, TIMM9",
GO BP,Regulation Of Innate Immune Response,26,,0,up in PD,0.3533032697554228,1.0967971045756422,0.3445544554455445,0.9931312007901678,1.0,1.1863636413149765,0.21762589928057555,0.7886745664324799,0.889543297367469,12,"AKIRIN2, ATG12, MUL1, DTX4, POLR3F, RNF185, NFE2L2, APLP2, BIRC2, XIAP, SAMHD1, ATG5",
GO BP,Regulation Of Phosphoprotein Phosphatase Activity,19,,0,up in PD,0.36543272692306583,1.099046449354986,0.3468208092485549,0.9931312007901678,1.0,1.0858030075756824,0.3484251968503937,0.8635562949404441,0.9052527446531683,4,"PPP1R12A, NUAK1, HSP90B1, STYXL1",
GO BP,intra-Golgi Vesicle-Mediated Transport,18,,0,down in PD,-0.4113437672073207,-1.149299679383133,0.348,0.9931312007901678,1.0,-1.2482032141400268,0.17660044150110377,1.0,0.8680494263018534,8,"COPA, COPZ1, COG6, GOLGA5, GOSR2, NAPG, GOSR1, COPG1",
GO BP,Positive Regulation Of Organelle Organization,16,,0,up in PD,0.3966245575011563,1.1002070657728427,0.34824902723735407,0.9931312007901678,1.0,1.1411079694771906,0.3007380073800738,0.8263108135542011,0.889543297367469,3,"ANXA2, SURF4, RAB3GAP2",
GO BP,Hemopoiesis,25,L3MBTL1,1,up in PD,0.36412225864669223,1.1118392191342907,0.34845360824742266,0.9931312007901678,1.0,1.1959141276673921,0.21564885496183206,0.7847764218646339,0.889543297367469,5,"CDK13, WNT5A, L3MBTL1, MKNK2, SFRP1",L3MBTL1
GO BP,Regulation Of Mitotic Spindle Organization,21,,0,up in PD,0.3783526595863481,1.105984353469871,0.350293542074364,0.9931312007901678,1.0,1.1763174644868508,0.21631878557874762,0.7985439434892838,0.889543297367469,8,"HNRNPU, NUP62, CHMP7, CENPJ, CHMP2A, CHMP3, CCSAP, CEP97",
KEGG,C-type lectin receptor signaling pathway,36,,0,down in PD,-0.3321291761845617,-1.0890699391682088,0.35070140280561124,0.9931312007901678,1.0,-1.2226439653627064,0.19206680584551147,1.0,0.8826995492946754,13,"ITPR1, PIK3R3, NRAS, PAK1, MAPK8, CHUK, PTPN11, AKT3, MAPK14, PPP3R1, HRAS, MAPK10",
GO BP,Sphingolipid Biosynthetic Process,33,ELOVL7,1,down in PD,-0.3422672343416192,-1.1054435752859388,0.3514056224899598,0.9931312007901678,1.0,-1.223394348740026,0.15560165975103735,1.0,0.8545398788684164,11,"ELOVL7, CERS6, OSBP, PPM1L, B4GALT6, ELOVL5, ACER3, AGK, FUT9, ELOVL6, SGMS1",ELOVL7
GO BP,Neurotransmitter Transport,28,,0,up in PD,0.35623950162528883,1.1099525422352947,0.35234215885947046,0.9931312007901678,1.0,1.2033070654115758,0.20738137082601055,0.7810272500598967,0.889543297367469,7,"STXBP3, SLC29A4, SYN2, SNAPIN, SLC38A2, SYN1, SNAP25",
GO BP,Receptor-Mediated Endocytosis,52,,0,down in PD,-0.3082421742607062,-1.094772786026879,0.3525773195876289,0.9931312007901678,1.0,-1.2080536052730018,0.18055555555555555,1.0,0.8680494263018534,15,"AP2A1, CLTCL1, HGS, LRP1B, EPS15, FCHSD2, TFRC, GAK, AP2B1, NLGN3, PIKFYVE, PICALM",
KEGG,Nucleotide excision repair,22,,0,down in PD,-0.3728140677724566,-1.0973073880581858,0.35365853658536583,0.9931312007901678,1.0,-1.2210375887420013,0.19389978213507625,1.0,0.8849208154517285,9,"XPA, RBX1, DDB1, ERCC1, RPA2, CCNH, CUL4B, MNAT1, RAD23B",
GO BP,Regulation Of G Protein-Coupled Receptor Signaling Pathway,33,,0,down in PD,-0.3181772950158859,-1.080102318861076,0.3538767395626243,0.9931312007901678,1.0,-1.1505114468111992,0.2732919254658385,1.0,0.889543297367469,12,"RGS6, RGS7, MGRN1, RIC8B, USP20, RGS16, GRK6, CAMKMT, GIT2, PPP1R9B, RGS12, RGS5",
GO BP,Cellular Response To Calcium Ion,27,"CACNA1A, CPNE3, LGMN",3,up in PD,0.33306645216208897,1.0909615189545365,0.354251012145749,0.9931312007901678,1.0,1.1211703922676433,0.28785046728971964,0.8384945772990097,0.889543297367469,7,"CLU, WNT5A, CACNA1A, SYT4, SMPD1, ADGRV1, SYT13",CACNA1A
Reactome,COPII-mediated Vesicle Transport,39,,0,down in PD,-0.3463137362692148,-1.1135320623853073,0.3562753036437247,0.9931312007901678,1.0,-1.289478736557718,0.10089686098654709,0.9942505806814445,0.7684517369876186,21,"SEC23IP, SCFD1, CSNK1D, TRAPPC6B, SAR1B, CNIH3, SEC31A, PREB, GOSR2, F8, SEC16A, GRIA1",
Reactome,MAPK6/MAPK4 Signaling,49,DNAJB1,1,up in PD,0.3460641511676343,1.1127250717701929,0.3563218390804598,0.9931312007901678,1.0,1.3257893894467752,0.0728744939271255,0.6540726683532342,0.6798387096774193,13,"DNAJB1, AGO3, JUN, TNRC6B, NCOA3, PSMD5, UBA52, PSMB1, PSMA7, UBC, TNRC6C, PSMB4",DNAJB1
GO BP,Positive Regulation Of T Cell Activation,26,,0,up in PD,0.3509106421530289,1.0951558251955946,0.3575757575757576,0.9931312007901678,1.0,1.1505517390033773,0.23443223443223443,0.8217901625501116,0.889543297367469,6,"SIRPA, CD81, IL6ST, ARID2, GNAO1, THY1",
GO BP,Post-Translational Protein Modification,19,,0,up in PD,0.38243815008176557,1.1167887731135464,0.35785288270377735,0.9931312007901678,1.0,1.1638159084310638,0.2391304347826087,0.8095938743088086,0.889543297367469,6,"PRKCB, ZC3HAV1, RPS6KA5, BAZ1B, TNKS2, TNKS",
GO BP,Monoatomic Anion Transmembrane Transport,20,,0,down in PD,-0.3790005515278003,-1.0873985879632588,0.3587174348697395,0.9931312007901678,1.0,-1.2269127545825937,0.19795918367346937,1.0,0.889543297367469,11,"SLC6A1, SLC12A2, GABRA4, SLC1A1, GABRB3, ANO10, GLRB, LRRC8A, SLC5A6, CLCN3, SLC12A7",
GO BP,Calcium Ion Import Across Plasma Membrane,15,CACNA1A,1,up in PD,0.4243802380408751,1.1101894125929,0.35943775100401604,0.9931312007901678,1.0,1.2330424716519404,0.20833333333333334,0.7610612739547671,0.889543297367469,3,"CLU, CACNA1A, SLC24A2",CACNA1A
GO BP,Heart Morphogenesis,16,,0,up in PD,0.3743568012278887,1.0985584984346506,0.35943775100401604,0.9931312007901678,1.0,1.0779044932307478,0.3490566037735849,0.8705923549038528,0.9052527446531683,4,"NIPBL, TTN, INSR, TH",
GO BP,Negative Regulation Of Protein Serine/Threonine Kinase Activity,30,PRKAR2A,1,up in PD,0.3346970931484293,1.091460292121995,0.3597560975609756,0.9931312007901678,1.0,1.131640122941123,0.2746615087040619,0.8218056008212955,0.889543297367469,11,"PRKAR2A, RGS2, SORL1, SMPD1, DUSP1, HEXIM1, PKIB, GADD45A, UCHL1, IPO5, SLC8A3",PRKAR2A
GO BP,Adenylate Cyclase-Activating G Protein-Coupled Receptor Signaling Pathway,22,ADGRB3,1,down in PD,-0.3715540320532662,-1.088467743811354,0.35991820040899797,0.9931312007901678,1.0,-1.1911743421969008,0.20292887029288703,1.0,0.889543297367469,5,"ADGRB3, ADCY3, ADGRB2, DRD2, ADGRG1",ADGRB3
GO BP,Regulation Of Cell Motility,41,PLXNC1,1,up in PD,0.31672980648239674,1.082371268493859,0.36088709677419356,0.9931312007901678,1.0,1.1551600803317086,0.22490706319702602,0.815349926879131,0.889543297367469,19,"PLXNC1, TRIM32, ENPP2, SERPINE2, SPOCK2, TMSB10, PLXNA4, FGF9, SGK1, AMOTL2, FGF1, PLXNA1",PLXNC1
Reactome,RAC2 GTPase Cycle,39,,0,down in PD,-0.32840665356565846,-1.0786863826697963,0.3614931237721022,0.9931312007901678,1.0,-1.2399089632974127,0.13894736842105262,1.0,0.8364494450950868,15,"LAMTOR1, PIK3R3, SLITRK5, MCF2, TFRC, ARHGAP35, VAV3, DOCK4, NCKAP1, DOCK3, VAPB, GIT2",
GO BP,Dephosphorylation,63,,0,down in PD,-0.2954569638129253,-1.0753654212278287,0.3617021276595745,0.9931312007901678,1.0,-1.2181287425633627,0.15536105032822758,1.0,0.8545398788684164,17,"PTPN13, PPP5C, PPP2R5A, CTDNEP1, PTPN9, PTPRZ1, PPP2R5B, PPTC7, MTMR4, PPP2R1A, PPP2CA, PTPN11",
Reactome,MTOR Signaling,22,,0,down in PD,-0.3582560629504068,-1.0857770641648534,0.36327345309381237,0.9931312007901678,1.0,-1.1371271917632786,0.2956521739130435,1.0,0.889543297367469,12,"LAMTOR1, LAMTOR3, CAB39L, STK11, PRKAA1, EIF4E, PRKAG2, LAMTOR5, RPS6KB1, CAB39, PRKAB2, EIF4G1",
GO BP,Regulation Of Signal Transduction,86,,0,down in PD,-0.2809231319179425,-1.0904257730633333,0.3634538152610442,0.9931312007901678,1.0,-1.2261210246015466,0.10714285714285714,1.0,0.7684517369876186,19,"ACVR1, RGS6, RGS7, AMFR, FRRS1L, PPIA, RIC8B, ANKRD54, SHARPIN, USP20, BRAP, RORA",
GO BP,Negative Regulation Of Protein Modification Process,42,IBTK,1,down in PD,-0.3207690862985495,-1.0951743424519114,0.3643724696356275,0.9931312007901678,1.0,-1.1979051503178573,0.19157894736842104,1.0,0.882564731116899,15,"IBTK, CIB1, PTPN13, PPIA, EPHB2, DNAJC10, C9orf72, PRKAA1, PID1, TRAF3IP1, DAB2IP, PAQR3",IBTK
Reactome,SMAD2/SMAD3:SMAD4 Heterotrimer Regulates Transcription,15,,0,up in PD,0.41031615653734527,1.113521094620584,0.36507936507936506,0.9931312007901678,1.0,1.1878363086660155,0.24587155963302754,0.7977388138166611,0.889543297367469,8,"TFDP2, UBA52, UBC, MAPK1, CDK9, UBB, CCNT1, CCNT2",
GO BP,Cellular Response To Organonitrogen Compound,46,,0,up in PD,0.29200301232775794,1.0691114925118965,0.36511156186612576,0.9931312007901678,1.0,1.098727180452169,0.3030852994555354,0.8569564638783013,0.889543297367469,11,"CLU, SESN2, LAMTOR4, HSP90B1, SFRP1, PDE2A, RELA, EZR, DIAPH1, AKAP9, RRAGA",
Reactome,NoRC Negatively Regulates rRNA Expression,26,,0,down in PD,-0.33575143217188363,-1.0852214435682352,0.3659043659043659,0.9931312007901678,1.0,-1.1266218988969816,0.2813852813852814,1.0,0.889543297367469,9,"POLR2H, POLR1A, SIN3A, SUDS3, BAZ2A, CCNH, TBP, SAP30BP, MNAT1",
Reactome,Eukaryotic Translation Termination,38,,0,up in PD,0.4368651012294955,1.1400544108887534,0.3666026871401152,0.9931312007901678,1.0,1.578707692885255,0.028,0.4001967458619697,0.509962962962963,17,"RPS5, RPL18, UBA52, RPL36, N6AMT1, RPS16, RPS4X, RPL37A, RPS4Y1, RPL14, RPL35A, RPS3",
GO BP,Negative Regulation Of Catabolic Process,29,,0,up in PD,0.32862308244681326,1.075794143306262,0.3671399594320487,0.9931312007901678,1.0,1.1070687146050087,0.3118081180811808,0.8661477099052197,0.8935617512036725,10,"PHF20L1, NCOR1, CSNK2A2, SNX3, CST3, RGP1, TAF1, SF3B3, GIT1, ZDHHC7",
GO BP,Negative Regulation Of Cell Differentiation,57,CNTN4,1,down in PD,-0.29104392438564664,-1.0465454307347863,0.37,0.9931312007901678,1.0,-1.1689427515112334,0.21199143468950749,1.0,0.889543297367469,15,"ABCG1, LDLRAD4, CNTN4, ABCA5, BRD9, ENPP1, CCDC85B, RORA, METTL14, PEX2, PPP2CA, HDAC9",CNTN4
KEGG,Sphingolipid metabolism,22,,0,up in PD,0.3527752757072449,1.0719151492518257,0.3702213279678068,0.9931312007901678,1.0,1.1083477574663263,0.30434782608695654,0.8659733919410979,0.889543297367469,4,"SPTLC2, UGT8, CERS1, SMPD1",
Reactome,Cytosolic Sensors Of Pathogen-Associated DNA,31,,0,up in PD,0.34348547186797773,1.0794655270196507,0.3711967545638945,0.9931312007901678,1.0,1.173283901159583,0.22634508348794063,0.7961879543690066,0.889543297367469,13,"TRIM32, LRRFIP1, RELA, POLR2L, UBA52, UBC, DTX4, POLR2F, CRCP, POLR3K, NFKBIA, POLR3F",
KEGG,Carbohydrate digestion and absorption,15,,0,up in PD,0.36864488770537823,1.067706926103451,0.3729166666666667,0.9931312007901678,1.0,1.035672182723384,0.42748091603053434,0.8699188589015197,0.9159361089531836,3,"PRKCB, PIK3CD, PLCB4",
GO BP,Cellular Response To Metal Ion,50,"CACNA1A, CPNE3, LGMN",3,up in PD,0.3064235260353102,1.0688398465507947,0.3731656184486373,0.9931312007901678,1.0,1.183665319269927,0.21042830540037244,0.7930453799682974,0.889543297367469,11,"CLU, WNT5A, CACNA1A, JUN, MT1G, SYT4, SMPD1, MT1F, SLC41A1, ADGRV1, SYT13",CACNA1A
Reactome,Glutathione Conjugation,15,GSTK1,1,down in PD,-0.4189061100775915,-1.0946968063949534,0.3731958762886598,0.9931312007901678,1.0,-1.207121023096071,0.22357723577235772,1.0,0.889543297367469,3,"GSTA4, MGST1, GCLC",
GO BP,Phosphatidylinositol-Mediated Signaling,27,,0,up in PD,0.33183429974120465,1.0631235152553098,0.3739495798319328,0.9931312007901678,1.0,1.098297819744589,0.33211678832116787,0.8538776464089783,0.9052527446531683,5,"FGFR1, IGF1R, IGF1, PIK3CD, PLCB4",
Reactome,Association Of TriC/CCT With Target Proteins During Biosynthesis,22,,0,up in PD,0.3871846103668213,1.0933410645107566,0.3745019920318725,0.9931312007901678,1.0,1.1993271827290737,0.22920517560073936,0.7808926321043849,0.889543297367469,11,"CCT5, XRN2, CCT6A, USP11, FBXW7, HDAC3, CCT2, FBXW4, STAT3, FBXW2, CCT8",
Reactome,Infection With Mycobacterium Tuberculosis,16,,0,up in PD,0.38716501424961586,1.0760475037085093,0.37450980392156863,0.9931312007901678,1.0,1.1316512861460932,0.30528375733855184,0.8241833320921211,0.889543297367469,9,"RNF213, UBA52, KPNA1, UBC, MAPK1, RAB7A, PGK1, KPNB1, UBB",
GO BP,ERBB Signaling Pathway,21,CPNE3,1,down in PD,-0.3717473159409318,-1.0814578947077649,0.374749498997996,0.9931312007901678,1.0,-1.1946622908749365,0.23706896551724138,1.0,0.889543297367469,9,"CPNE3, PIK3C2A, PTPN11, SOS1, REPS2, BRAF, IQGAP1, PLCG1, PTK2",CPNE3
Reactome,Neurotransmitter Release Cycle,30,PPFIA4,1,up in PD,0.32770927367633335,1.0692402238560095,0.3755020080321285,0.9931312007901678,1.0,1.1041534453618558,0.29908256880733947,0.8671535825698069,0.889543297367469,8,"PPFIA4, NAAA, SYN2, SLC38A2, CASK, SYN1, SNAP25, RAB3A",PPFIA4
KEGG,Pertussis,19,,0,up in PD,0.3743226409873302,1.099337387845356,0.3755274261603376,0.9931312007901678,1.0,1.1296222191166865,0.3078393881453155,0.8267852481018354,0.889543297367469,7,"JUN, CFL1, C3, RELA, MAPK1, GNAI2, GNAI3",
Reactome,TP53 Regulates Metabolic Genes,52,,0,up in PD,0.3204522529774123,1.0687809176454302,0.375968992248062,0.9931312007901678,1.0,1.2440444406392475,0.1332116788321168,0.7328241964232299,0.8364494450950868,14,"AGO3, SESN2, TNRC6B, LAMTOR4, COX14, COX19, TXNRD1, YWHAB, PRDX2, SESN1, RRAGA, TNRC6C",
GO BP,Positive Regulation Of Transcription By RNA Polymerase II,319,ZMYND8,1,up in PD,0.2596020761040636,1.065387920258163,0.3765432098765432,0.9931312007901678,1.0,1.3145423179141513,0.01589825119236884,0.6572526810881857,0.43440812720848054,50,"ZMYND8, ANXA2, YY1, CDK13, WNT5A, AKIRIN2, EPC1, SF3B1, PEG3, BPTF, MITF, PPP1R12A",ZMYND8
GO BP,Positive Regulation Of Cold-Induced Thermogenesis,28,,0,up in PD,0.33321588730701257,1.0591048013464188,0.37678207739307534,0.9931312007901678,1.0,1.1244232204860425,0.2892249527410208,0.8338444919674659,0.889543297367469,12,"IGF1R, ACSL1, LPIN1, KDM3A, LEPR, THRA, GNAS, APLP2, HDAC3, EHMT1, GJA1, GATM",
GO BP,Regulation Of Transcription Initiation By RNA Polymerase II,30,,0,down in PD,-0.33121960864899325,-1.072011665454774,0.376984126984127,0.9931312007901678,1.0,-1.1726426265227028,0.23042505592841164,1.0,0.889543297367469,15,"MED4, GTF2A1, MED13, MED9, TBP, TAF7, MED10, MED8, SRF, MED28, GTF2A2, TAF13",
GO BP,Regulation Of Mitochondrion Organization,26,,0,up in PD,0.3220871934471512,1.0543442911403162,0.3776091081593928,0.9931312007901678,1.0,1.0661082563643987,0.3443223443223443,0.8781642391012144,0.9052527446531683,10,"CSNK2A2, HAX1, PDE2A, STAT2, MUL1, SQSTM1, MAPT, HDAC6, FBXW7, SREBF2",
Reactome,Senescence-Associated Secretory Phenotype (SASP),24,,0,up in PD,0.3330354379432122,1.0795354989565993,0.37777777777777777,0.9931312007901678,1.0,1.0770045416183838,0.3383458646616541,0.8694348238301564,0.9052527446531683,7,"JUN, ANAPC16, RELA, UBA52, UBC, MAPK1, ANAPC5",
GO BP,Negative Regulation Of Cellular Process,179,"GPNMB, PLXNC1",2,up in PD,0.2540127302812737,1.0476687278758872,0.3779527559055118,0.9931312007901678,1.0,1.201189017170636,0.1073345259391771,0.7829226463882372,0.7684517369876186,53,"PLXNC1, GPNMB, CLU, CD200, EIF2AK2, SESN2, CRYAB, SEMA4D, KAT2B, JADE1, ADAM22, CTBP2","PLXNC1, GPNMB"
GO BP,Positive Regulation Of Metabolic Process,30,,0,up in PD,0.3303598758574037,1.0651462743007647,0.3780487804878049,0.9931312007901678,1.0,1.1376081380816219,0.27756653992395436,0.8242259924565694,0.889543297367469,6,"IGF1R, ACSL1, LPIN1, INSR, KDM3A, LEPR",
Reactome,SUMOylation Of DNA Damage Response And Repair Proteins,30,,0,down in PD,-0.3387104403733866,-1.0747768538450069,0.3786407766990291,0.9931312007901678,1.0,-1.1965870487859243,0.18181818181818182,1.0,0.8680494263018534,9,"UBE2I, POLR1A, CBX4, PHC3, SMC6, NUP214, SMC1A, NUP155, PHC2",
GO BP,Regulation Of Smoothened Signaling Pathway,18,,0,down in PD,-0.3686775828284251,-1.06798469992576,0.3788187372708758,0.9931312007901678,1.0,-1.1304021106360918,0.2975708502024291,1.0,0.889543297367469,7,"MGRN1, RORA, KCTD6, VCP, KCTD21, PTCH1, INTU",
GO BP,Regulation Of Autophagosome Assembly,18,,0,down in PD,-0.37839760259591537,-1.0894317752936038,0.37890625,0.9931312007901678,1.0,-1.121899469943214,0.3093220338983051,0.988652084895287,0.89171445147537,8,"PINK1, SCFD1, RAB5A, EPHB2, SNX4, C9orf72, PIKFYVE, RAB3GAP1",
GO BP,Gene Expression,123,,0,up in PD,0.30337251129096626,1.0628570668674808,0.37937743190661477,0.9931312007901678,1.0,1.3834612012578382,0.0297723292469352,0.5814093057750651,0.5160794602698651,43,"CASC3, NOVA1, TSPAN5, PABPC4, RBM6, ELAVL4, EXOSC1, SORL1, HNRNPU, RPS5, SMG1, HNRNPH3",
GO BP,mRNA Catabolic Process,20,,0,up in PD,0.34855698296445814,1.0658530941886275,0.38,0.9931312007901678,1.0,1.079144749278347,0.34879406307977734,0.8704619318136464,0.9052527446531683,3,"AGO3, PDE12, NBAS",
GO BP,Glycosphingolipid Metabolic Process,19,,0,up in PD,0.37605028891380443,1.0836016052994157,0.38028169014084506,0.9931312007901678,1.0,1.1406118070177238,0.275390625,0.8230526973635557,0.889543297367469,4,"UGT8, SMPD1, B4GALNT1, ST3GAL5",
GO BP,Late Endosome To Vacuole Transport Via Multivesicular Body Sorting Pathway,16,,0,down in PD,-0.3690000106362926,-1.0739858738544612,0.3812375249500998,0.9931312007901678,1.0,-1.0857976099985431,0.33402922755741127,0.9643641512326088,0.9052527446531683,9,"HGS, VPS36, VPS28, UBAP1, VPS37A, TMEM50A, STAM, LEPROT, VTA1",
Reactome,Negative Epigenetic Regulation Of rRNA Expression,27,,0,down in PD,-0.32997360029212064,-1.0671511928211006,0.3822314049586777,0.9931312007901678,1.0,-1.1232288479524846,0.3060796645702306,1.0,0.889543297367469,9,"POLR2H, POLR1A, SIN3A, SUDS3, BAZ2A, CCNH, TBP, SAP30BP, MNAT1",
Reactome,COPI-mediated Anterograde Transport,57,,0,down in PD,-0.3302418071358244,-1.081652250862347,0.38289205702647655,0.9931312007901678,1.0,-1.3402348232357377,0.07368421052631578,0.9379400806026562,0.6798387096774193,26,"COPA, COPZ1, DCTN5, DYNC1I1, ARFGAP2, ARCN1, COG6, TMED9, ARFGAP1, ACTR10, GOSR2, BET1L",
GO BP,Regulation Of Proteasomal Protein Catabolic Process,28,,0,down in PD,-0.34404935327904285,-1.063105695803,0.3832684824902724,0.9931312007901678,1.0,-1.1736784077992974,0.22245322245322247,1.0,0.889543297367469,10,"PINK1, PSMD14, TMF1, PSME1, TMTC3, DAB2IP, FMR1, NUDT15, RAD23B, UFL1",
Reactome,Signaling By NTRK1 (TRKA),60,SH3GL3,1,down in PD,-0.30165650545800604,-1.0701180438289426,0.38415841584158417,0.9931312007901678,1.0,-1.2418704236227205,0.11990950226244344,1.0,0.8077465443500899,17,"SH3GL3, AP2A1, MAP2K1, NRAS, PPP2R1A, PPP2CA, AP2B1, DUSP3, RPS6KA1, SOS1, MAPK14, RAPGEF1",SH3GL3
GO BP,Phosphatidylinositol Biosynthetic Process,43,,0,down in PD,-0.29581118091542913,-1.0414554090345371,0.3843058350100604,0.9931312007901678,1.0,-1.1331257778418873,0.24017467248908297,1.0,0.889543297367469,13,"PIK3R3, PIK3C2A, TTC7B, MTMR1, MTMR4, PIKFYVE, PITPNM2, PITPNM1, PIK3C3, PI4KB, INPP4B, PIP5K1B",
GO BP,Protein Destabilization,16,,0,down in PD,-0.3749131410835558,-1.0714760248158819,0.3844660194174757,0.9931312007901678,1.0,-1.0771487386349936,0.35470941883767537,0.9534063360124279,0.9052527446531683,4,"DERL1, PEX2, FBXW11, CDC73",
GO BP,Proteoglycan Biosynthetic Process,16,,0,down in PD,-0.35196490764958155,-1.0482646764917436,0.38671875,0.9931312007901678,1.0,-1.0358735158953458,0.40365111561866124,0.9447359811589235,0.9108478954936512,2,"CSGALNACT1, XYLT1",
GO BP,Epigenetic Regulation Of Gene Expression,35,,0,up in PD,0.31338459134891333,1.052535895347086,0.38735177865612647,0.9931312007901678,1.0,1.1059355437860972,0.3007662835249042,0.8679702140664218,0.889543297367469,12,"EPC1, CGGBP1, KAT2B, DNMT3A, RBM14, N6AMT1, VPS72, HDAC6, MTF2, WBP2, TRIM37, CREBZF",
Reactome,Interleukin-1 Family Signaling,69,,0,down in PD,-0.3146471625595464,-1.064695054290785,0.3875,0.9931312007901678,1.0,-1.3074774851486262,0.07423580786026202,0.9629807581837667,0.6798387096774193,22,"PTPN13, CUL1, MAP2K1, TANK, SEM1, PTPN9, PSMD2, MAPK8, RBX1, CHUK, PSMD14, PSMD10",
Reactome,RUNX1 Interacts With Co-Factors Whose Precise Effect On RUNX1 Targets Is Not Known,18,,0,up in PD,0.37131009899148937,1.0637942261104538,0.3875968992248062,0.9931312007901678,1.0,1.0925583477993661,0.3376383763837638,0.8567009178566947,0.9052527446531683,3,"RYBP, CSNK2A2, ARID2",
GO BP,Protein Lipidation,32,,0,up in PD,0.3112897347678865,1.037265059622477,0.3877159309021113,0.9931312007901678,1.0,1.0944300063733872,0.3001841620626151,0.8589456612931866,0.889543297367469,11,"ZDHHC14, ZDHHC22, ATG12, DPM3, PIGH, SLC30A5, TP53INP2, ZDHHC3, ZDHHC7, ATG5, PIGP",
GO BP,Ephrin Receptor Signaling Pathway,19,,0,down in PD,-0.3638812070411591,-1.0680313417611758,0.3877551020408163,0.9931312007901678,1.0,-1.1228927614641748,0.3008658008658009,1.0,0.889543297367469,9,"EPHB2, EPHA7, PAK1, SIPA1L1, PTPN11, CDK5R1, PTK2, CHN1, EPHB6",
GO BP,Positive Regulation Of Viral Genome Replication,16,,0,up in PD,0.4021229610947511,1.0986348985534204,0.38832997987927564,0.9931312007901678,1.0,1.1473412703340868,0.2796296296296296,0.823436625341729,0.889543297367469,4,"PABPC1, PDE12, HACD3, CNOT7",
Reactome,Regulation Of TNFR1 Signaling,16,CFLAR,1,down in PD,-0.3640486422794613,-1.0510514831295834,0.3885480572597137,0.9931312007901678,1.0,-1.070214780030346,0.34959349593495936,0.966126698895859,0.9052527446531683,5,"CLIP3, TANK, SHARPIN, MADD, CHUK",
GO BP,Positive Regulation Of Growth,29,,0,up in PD,0.32538893435735855,1.0538952405533235,0.38910505836575876,0.9931312007901678,1.0,1.1022211185113389,0.32730560578661844,0.8648912602890222,0.9016948551572528,10,"TRIM32, LGI1, USP47, PPM1F, INSR, WFS1, SFRP1, RFTN1, N6AMT1, ZPR1",
KEGG,Endocytosis,144,SH3GL3,1,down in PD,-0.2829488692556954,-1.0883697147272873,0.39059304703476483,0.9931312007901678,1.0,-1.343864915371685,0.038636363636363635,0.9287787258122963,0.5757403581267218,40,"SH3GL3, TGFBR2, AP2A1, CLTCL1, RAB5A, ACTR3, ARFGAP2, KIF5A, HGS, USP8, VPS36, EPS15",SH3GL3
Reactome,Nonsense Mediated Decay (NMD) Independent Of Exon Junction Complex (EJC),41,,0,up in PD,0.4066377252559255,1.101301949100514,0.3911368015414258,0.9931312007901678,1.0,1.5085165944296635,0.04247104247104247,0.4869368309811045,0.5883789914500087,16,"PABPC1, RPS5, RPL18, UBA52, RPL36, RPS16, RPS4X, RPL37A, RPS4Y1, RPL14, RPL35A, RPS3",
GO BP,Regulation Of Organelle Organization,53,,0,up in PD,0.29216080902936664,1.0501000634069935,0.39215686274509803,0.9931312007901678,1.0,1.1362237896689644,0.2338568935427574,0.8218027294134802,0.889543297367469,21,"YY1, RUVBL2, SURF4, ATG12, PDE2A, EZR, MUL1, DIAPH1, AKAP9, SQSTM1, MAPK1, TMEM33",
GO BP,Regulation Of Wnt Signaling Pathway,37,,0,down in PD,-0.3186760375834835,-1.0577960231202164,0.39285714285714285,0.9931312007901678,1.0,-1.1733609732772927,0.2,1.0,0.889543297367469,9,"CCNY, CSNK2A1, CDK14, PPP2R1A, PPP2CA, STK11, CRBN, CDC73, RNF14",
GO BP,mRNA Transport,27,,0,up in PD,0.35772738122215647,1.0619889295233629,0.3932135728542914,0.9931312007901678,1.0,1.1978512422909204,0.183206106870229,0.783578253618436,0.8721146119101062,12,"CASC3, KIF5C, SMG1, UPF2, HNRNPA2B1, XPO1, ZFP36L1, FYTTD1, ALKBH5, EIF4A3, NUP133, SRSF3",
GO BP,Negative Regulation Of Protein-Containing Complex Assembly,25,,0,up in PD,0.3330823078376173,1.0449685191469997,0.3948919449901768,0.9931312007901678,1.0,1.0563457798805618,0.375,0.8717698806534893,0.9052527446531683,5,"CLU, HSPA5, CRYAB, SORL1, ANKS1B",
GO BP,Positive Regulation Of Cell-Substrate Adhesion,19,,0,up in PD,0.35142926042811395,1.0482971249589679,0.3969465648854962,0.9931312007901678,1.0,1.0480917689170497,0.40150093808630394,0.8804323262128522,0.9104536067791782,4,"ENC1, CALR, PPM1F, SFRP1",
GO BP,Positive Regulation Of Stress-Activated MAPK Cascade,31,,0,up in PD,0.3194416800949958,1.0507017120711422,0.39759036144578314,0.9931312007901678,1.0,1.0959156520581808,0.30570902394106814,0.8557291876936002,0.889543297367469,15,"TRAF3, EIF2AK2, TAOK3, MFHAS1, KLHDC10, PDCD10, ANKRD6, MTURN, APP, GADD45A, XIAP, SDCBP",
GO BP,Epidermal Growth Factor Receptor Signaling Pathway,17,,0,down in PD,-0.39012419937658693,-1.0666459090832972,0.398406374501992,0.9931312007901678,1.0,-1.1991710597874616,0.22580645161290322,1.0,0.889543297367469,8,"PIK3C2A, PTPN11, SOS1, REPS2, BRAF, IQGAP1, PLCG1, PTK2",
GO BP,Positive Regulation Of JNK Cascade,21,,0,up in PD,0.3524499692314119,1.0539384877318132,0.39879759519038077,0.9931312007901678,1.0,1.0986967383632065,0.3415559772296015,0.8547903452518321,0.9052527446531683,9,"TRAF3, TAOK3, MFHAS1, ANKRD6, MTURN, APP, GADD45A, XIAP, SDCBP",
GO BP,Protein K63-linked Ubiquitination,20,,0,up in PD,0.3800053909522046,1.0839295646884946,0.39919354838709675,0.9931312007901678,1.0,1.1758567748998596,0.25190839694656486,0.7947130720213448,0.889543297367469,4,"RNF213, TRAF3, TRIM8, HECTD1",
GO BP,Negative Regulation Of Metabolic Process,18,,0,up in PD,0.3510936222529088,1.0349839349156673,0.4,0.9931312007901678,1.0,1.0412497062075685,0.4075471698113208,0.8752112739424222,0.9124393271500799,7,"NOVA1, PLCL2, RBPJ, DOCK7, TLE3, NOVA2, ZDHHC7",
Reactome,Platelet Homeostasis,34,,0,down in PD,-0.3055600773972448,-1.0525103485361802,0.40117416829745595,0.9931312007901678,1.0,-1.0977855981151885,0.2968421052631579,0.9543167698765386,0.889543297367469,8,"ITPR1, PPP2R5A, ATP2A3, PPP2R5B, PDE11A, PPP2R1A, PPP2CA, PTPN11",
GO BP,Sodium Ion Transmembrane Transport,31,,0,down in PD,-0.33493401708510795,-1.055953023520888,0.40119760479041916,0.9931312007901678,1.0,-1.1823109627033934,0.20607375271149675,1.0,0.889543297367469,10,"HCN4, SLC6A1, SLC12A2, SLC6A3, ATP1B1, ATP1B2, SLC6A11, ATP1A2, SLC6A15, ASIC2",
Reactome,Nonsense Mediated Decay (NMD) Enhanced By Exon Junction Complex (EJC),52,,0,up in PD,0.36213331783267283,1.0727786155955952,0.402321083172147,0.9931312007901678,1.0,1.4039039753610205,0.053703703703703705,0.565371061645299,0.6274128493229617,19,"CASC3, PABPC1, RPS5, SMG1, RPL18, UPF2, UBA52, RPL36, RPS16, RPS4X, RPL37A, RPS4Y1",
KEGG,Sphingolipid signaling pathway,65,,0,down in PD,-0.29600104286835005,-1.056277068146532,0.402321083172147,0.9931312007901678,1.0,-1.2139226342141256,0.15555555555555556,1.0,0.8545398788684164,21,"PIK3R3, CERS6, PPP2R2C, MAP2K1, PPP2R5A, ABCC1, GAB2, NRAS, PPP2R5B, PPP2R2B, MAPK8, PPP2R1A",
GO BP,Actomyosin Structure Organization,22,,0,up in PD,0.34139439480645317,1.0263052605426104,0.4025974025974026,0.9931312007901678,1.0,1.0739930770918054,0.3550185873605948,0.8694409360209614,0.9052527446531683,7,"TTN, CDC42BPA, CSRP1, KCTD13, FLII, FAM171A1, PDCD10",
Hallmark,Unfolded Protein Response,63,FUS,1,up in PD,0.30085337536222195,1.0579242713801964,0.40307101727447214,0.9931312007901678,1.0,1.2036465224641124,0.17314487632508835,0.7828056536009135,0.8680494263018534,10,"FUS, BAG3, HSPA5, ATF6, EXOSC1, CALR, CNOT2, DNAJA4, HSP90B1, WFS1",FUS
GO BP,Ribosomal Large Subunit Biogenesis,24,,0,up in PD,0.3965884152588226,1.0703384027044218,0.4053030303030303,0.9931312007901678,1.0,1.2931903944934013,0.12429378531073447,0.6880338232879434,0.8151531531531532,13,"GTF3A, CINP, PAK1IP1, MDN1, RPL14, RPL35A, SURF6, SDAD1, GTPBP4, EBNA1BP2, NSA2, ZNF622",
GO BP,Negative Regulation Of Transforming Growth Factor Beta Receptor Signaling Pathway,25,,0,down in PD,-0.3506527979054024,-1.058425989100543,0.406,0.9931312007901678,1.0,-1.1653747356504462,0.2521551724137931,1.0,0.889543297367469,7,"LDLRAD4, EID2, SIN3A, SNX25, MTMR4, SUDS3, STRAP",
Reactome,COPI-dependent Golgi-to-ER Retrograde Traffic,43,,0,down in PD,-0.3312355236119108,-1.065468204301443,0.40606060606060607,0.9931312007901678,1.0,-1.2568317832564142,0.1559633027522936,1.0,0.8545398788684164,13,"COPA, COPZ1, ARFGAP2, KIF5A, KIFAP3, ARCN1, KIF21B, KIF26B, TMED9, ARFGAP1, STX18, KLC4",
GO BP,Modulation Of Excitatory Postsynaptic Potential,19,,0,down in PD,-0.36429875499219655,-1.059652243427327,0.40643863179074446,0.9931312007901678,1.0,-1.13367138674968,0.2930648769574944,1.0,0.889543297367469,10,"DLG4, CBLN1, NLGN3, NLGN1, PRKCZ, TMEM108, NRXN1, RIMS1, SLC8A2, PTEN",
KEGG,HIF-1 signaling pathway,49,,0,up in PD,0.2956429129226106,1.0454542168131555,0.40670859538784065,0.9931312007901678,1.0,1.101029084427919,0.3079710144927536,0.8669047660539229,0.889543297367469,13,"PRKCB, IGF1R, IGF1, PIK3CD, MKNK2, INSR, ALDOC, IFNGR2, RELA, ENO2, MAPK1, ARNT",
GO BP,Positive Regulation Of Telomere Maintenance Via Telomere Lengthening,26,,0,up in PD,0.34046202795773084,1.0632154725348135,0.4067796610169492,0.9931312007901678,1.0,1.1110928446120678,0.2909090909090909,0.8657202649956065,0.889543297367469,12,"TNKS2, HNRNPA2B1, TNKS, CCT5, MAPK1, CCT6A, PKIB, HNRNPA1, MAP3K4, CCT2, CCT8, XRCC5",
GO BP,Positive Regulation Of Peptidyl-Tyrosine Phosphorylation,25,,0,up in PD,0.35528119469894476,1.0660804101404755,0.4081196581196581,0.9931312007901678,1.0,1.1485741204825797,0.2765957446808511,0.8241105894458348,0.889543297367469,6,"IGF1, CD81, HAX1, SEMA4D, IL6ST, ENPP2",
Reactome,Negative Regulation Of PI3K/AKT Network,42,,0,down in PD,-0.32491202029703337,-1.068047530998802,0.40836653386454186,0.9931312007901678,1.0,-1.223203546409353,0.16447368421052633,1.0,0.8571751092069891,13,"PIGU, PIK3R3, PPP2R5A, GAB2, PPP2R5B, PPP2R1A, PPP2CA, PHLPP2, PTPN11, IRAK1, AKT3, RNMT",
Reactome,Downstream Signaling Of Activated FGFR1,15,,0,down in PD,-0.35805151923701617,-1.0465020772210574,0.40847784200385356,0.9931312007901678,1.0,-1.0517522474288297,0.36875,0.9546229867151352,0.9052527446531683,6,"PIGU, NRAS, PTPN11, SOS1, HRAS, PLCG1",
KEGG,Pyrimidine metabolism,17,,0,down in PD,-0.38311223965686525,-1.0615470186386347,0.4109014675052411,0.9931312007901678,1.0,-1.170919551654629,0.24750499001996007,1.0,0.889543297367469,8,"UCK1, ENPP1, DCK, ENTPD6, CTPS1, NUDT2, DCTPP1, DCTD",
Reactome,Response Of Mtb To Phagocytosis,15,,0,up in PD,0.3945063857635075,1.0549828735061317,0.4115384615384615,0.9931312007901678,1.0,1.1321191338456662,0.28628230616302186,0.8249222234244306,0.889543297367469,9,"RNF213, UBA52, KPNA1, UBC, MAPK1, RAB7A, PGK1, KPNB1, UBB",
KEGG,Thyroid hormone synthesis,27,,0,up in PD,0.3324140541621678,1.0519715357737731,0.4126984126984127,0.9931312007901678,1.0,1.1098628126254086,0.30592734225621415,0.8651977226123334,0.889543297367469,5,"PRKCB, PDIA4, HSPA5, PLCB4, HSP90B1",
GO BP,Positive Regulation Of Autophagy,49,,0,down in PD,-0.2883454625084181,-1.0470006631629023,0.41325536062378165,0.9931312007901678,1.0,-1.1224938295582154,0.2651356993736952,0.9978756990437967,0.889543297367469,13,"PINK1, NPRL3, CCNY, PIK3C2A, USP20, EPM2A, SUPT5H, TBK1, STK11, C9orf72, PRKAA1, TPCN1",
Reactome,Cap-dependent Translation Initiation,58,,0,up in PD,0.3666887274755153,1.0460665077940603,0.41379310344827586,0.9931312007901678,1.0,1.4560832941909847,0.02962962962962963,0.5147686611097897,0.5160794602698651,24,"PABPC1, EIF3E, RPS5, EIF3H, EIF5, RPL18, UBA52, EIF2B1, EIF2B5, RPL36, EIF2B2, RPS16",
KEGG,Osteoclast differentiation,42,,0,up in PD,0.30090577598113744,1.0239892479254251,0.4149797570850202,0.9931312007901678,1.0,1.108043451001811,0.2975970425138632,0.864703942651649,0.889543297367469,16,"MITF, SIRPA, JUN, PIK3CD, JUND, JAK1, IFNGR2, RELA, STAT2, SQSTM1, MAPK1, PPP3CA",
GO BP,Neurotransmitter Secretion,28,,0,up in PD,0.37096601443329924,1.0396916082665426,0.4158415841584158,0.9931312007901678,1.0,1.2550046369297299,0.15467625899280577,0.7144297343056655,0.8545398788684164,9,"STXBP3, SYN2, SNAPIN, RPH3A, SYN1, SNAP25, RAB3A, PIP5K1C, RIMS2",
GO BP,Regulation Of DNA Metabolic Process,59,TRRAP,1,up in PD,0.2932312030404801,1.0428432725725663,0.4158607350096712,0.9931312007901678,1.0,1.1625467714925721,0.21834862385321102,0.8062807376578117,0.889543297367469,12,"TRRAP, YY1, RUVBL2, PDGFA, SMG1, KAT2B, JADE1, ING4, SUPT7L, ANKRD17, KPNA1, GMNN",TRRAP
Reactome,IRS-mediated Signaling,20,,0,down in PD,-0.35120218365543954,-1.0298775915712548,0.4164989939637827,0.9931312007901678,1.0,-1.1129876268957029,0.30462184873949577,0.9850483715114041,0.889543297367469,7,"PIGU, GAB2, NRAS, PTPN11, SOS1, HRAS, PIK3C3",
GO BP,RNA 3'-End Processing,17,,0,down in PD,-0.38593657312384677,-1.0589355302912806,0.4168336673346693,0.9931312007901678,1.0,-1.147076111821107,0.26778242677824265,1.0,0.889543297367469,6,"CPSF7, RPRD1B, USB1, PAPOLA, CSTF3, PNPT1",
Reactome,Glycosaminoglycan Metabolism,43,,0,down in PD,-0.3052242361723597,-1.0431228050942536,0.41732283464566927,0.9931312007901678,1.0,-1.1439196503241373,0.2587991718426501,1.0,0.889543297367469,11,"NCAN, CSGALNACT1, XYLT1, GPC4, B4GALT2, PAPSS1, B3GALT6, B4GALT6, B3GAT1, SGSH, ST3GAL1",
Reactome,EGFR Downregulation,17,SH3GL3,1,down in PD,-0.3543294418613151,-1.025354445499477,0.41855670103092785,0.9931312007901678,1.0,-1.0517964638105641,0.3651452282157676,0.9571673568119673,0.9052527446531683,3,"SH3GL3, HGS, EPS15",SH3GL3
GO BP,Positive Regulation Of Organelle Assembly,31,,0,up in PD,0.30009123340230404,1.0265603524520004,0.4191729323308271,0.9931312007901678,1.0,1.0440016697773031,0.4007421150278293,0.8809236787729536,0.9104536067791782,14,"PIP4K2C, CNOT2, RAB3GAP2, NUP62, CAPRIN1, TAPT1, CENPJ, MOAP1, SDCBP, PIP4K2A, UBAP2L, G3BP1",
GO BP,Regulation Of Protein Polymerization,15,,0,up in PD,0.35994419908914754,1.0196948082710529,0.41923076923076924,0.9931312007901678,1.0,1.006436671877397,0.45,0.8960974927664084,0.91790029466858,4,"HAX1, HSP90AA1, PAK3, MAPT",
GO BP,Protein K48-linked Ubiquitination,43,,0,down in PD,-0.33190911063841966,-1.0656959748690038,0.4198782961460446,0.9931312007901678,1.0,-1.2504488822159983,0.1297539149888143,1.0,0.8265254218546123,14,"CUL1, UBE3C, MYCBP2, FBXO9, FBXO38, RBX1, UBE2G1, UBE2B, SYVN1, UBE2E1, ZNRF1, UBE3A",
GO BP,Spliceosomal snRNP Assembly,16,,0,down in PD,-0.4016602795399643,-1.0391560952048424,0.4204081632653061,0.9931312007901678,1.0,-1.1801569916806791,0.25625,1.0,0.889543297367469,8,"PRPF6, STRAP, CD2BP2, PRPF19, HNRNPC, SNRPD2, SNRPD1, SNRPF",
GO BP,Cell-Matrix Adhesion,22,,0,down in PD,-0.33558139017650057,-1.04035078256,0.4222222222222222,0.9931312007901678,1.0,-1.0775004611949697,0.3424036281179138,0.9549911004046914,0.9052527446531683,5,"CDH11, PPFIA2, TMEM8B, ITGAE, PEAK1",
Reactome,GPCR Ligand Binding,36,"GPNMB, SSTR1",2,up in PD,0.29163940214060813,1.0300554392877341,0.42250530785562634,0.9931312007901678,1.0,1.0298132771930917,0.4168260038240918,0.8751647383964616,0.9159361089531836,13,"GPNMB, WNT5A, CHGA, C3, RAMP1, NLN, GNB5, GNG4, GPR37L1, OPRK1, APP, LPAR1",GPNMB
Hallmark,Coagulation,30,LGMN,1,up in PD,0.3289956158408109,1.0240594970184898,0.4226190476190476,0.9931312007901678,1.0,1.108482408093087,0.29791271347248577,0.8678755880760508,0.889543297367469,5,"CLU, RABIF, CSRP1, C3, CTSB",
GO BP,Positive Regulation Of Glucose Transmembrane Transport,18,,0,down in PD,-0.36592558587899304,-1.0430004199241036,0.4228571428571429,0.9931312007901678,1.0,-1.1226391097570612,0.30669546436285094,1.0,0.889543297367469,7,"RHOQ, CLIP3, CLTCL1, PRKCI, PTPN11, ARPP19, BRAF",
GO BP,Cognition,15,,0,up in PD,0.3745824508069989,1.0315596513135883,0.42292490118577075,0.9931312007901678,1.0,1.0582763283978536,0.3575418994413408,0.8770355291416801,0.9052527446531683,6,"PTCHD1, NIPBL, SETD5, TUSC3, SLC1A4, SOBP",
Reactome,RHOBTB1 GTPase Cycle,17,,0,down in PD,-0.37829633011124586,-1.0602173055650115,0.4230769230769231,0.9931312007901678,1.0,-1.126227681281921,0.30648330058939094,1.0,0.889543297367469,5,"CPSF7, RNF20, MYO6, HNRNPC, RBMX",
Reactome,Processing Of DNA Double-Strand Break Ends,18,,0,down in PD,-0.3594516657829966,-1.0464013417596683,0.4231536926147705,0.9931312007901678,1.0,-1.0850674601929309,0.34460887949260044,0.9642941221897662,0.9052527446531683,3,"TOPBP1, UBE2I, POLR1A",
GO BP,Synaptic Vesicle Endocytosis,26,SH3GL3,1,down in PD,-0.35569971414273593,-1.0485842775219063,0.4234592445328032,0.9931312007901678,1.0,-1.205658387040785,0.21836734693877552,1.0,0.889543297367469,8,"SH3GL3, GAK, AP2B1, NLGN3, NLGN1, PICALM, SH3GL1, SYT1",SH3GL3
GO BP,protein-DNA Complex Assembly,19,,0,up in PD,0.3475905863617055,1.0410997968015574,0.4238921001926782,0.9931312007901678,1.0,1.0500542613569144,0.3719165085388994,0.8774902784517313,0.9052527446531683,9,"KAT6B, TCF4, NAP1L1, GTF2H5, RBBP4, NAP1L3, SART3, NAP1L2, RSF1",
Reactome,Peroxisomal Protein Import,25,GSTK1,1,up in PD,0.3523065522619288,1.0548874354207973,0.42412451361867703,0.9931312007901678,1.0,1.1404953322619908,0.3013698630136986,0.8209461268192259,0.889543297367469,6,"GSTK1, UBE2D3, HSD17B4, UBA52, ZNF260, UBC",GSTK1
KEGG,MAPK signaling pathway,112,CACNA1A,1,up in PD,0.25632221033482283,1.0145687904392395,0.4245472837022133,0.9931312007901678,1.0,1.1346028362965568,0.22876949740034663,0.820499331297728,0.889543297367469,32,"CACNA2D3, PRKCB, FGFR1, CACNA1A, IGF1R, IGF1, JUN, PDGFA, PTPN5, TAOK3, RPS6KA5, JUND",CACNA1A
GO BP,Regulation Of Stem Cell Differentiation,15,,0,up in PD,0.37519865059291313,1.0235194288888387,0.4250474383301708,0.9931312007901678,1.0,1.039391674400721,0.41838649155722324,0.8703476963320209,0.9159361089531836,3,"EIF2AK2, HNRNPU, GATAD2A",
GO BP,"Regulation Of mRNA Splicing, Via Spliceosome",59,,0,up in PD,0.29981009986532176,1.0273816342446889,0.42535787321063395,0.9931312007901678,1.0,1.1875254072301653,0.18587360594795538,0.7930727568737115,0.87677070239719,26,"RBFOX1, NOVA1, JMJD6, HNRNPU, SRSF6, SON, CELF1, SNW1, KHDRBS3, RBM5, SMU1, RBM25",
GO BP,Regulation Of Osteoblast Differentiation,20,,0,up in PD,0.3794213892072067,1.028534187879416,0.4262295081967213,0.9931312007901678,1.0,1.169919113028627,0.2620817843866171,0.8034306961334948,0.889543297367469,4,"IGF1, SEMA4D, IL6ST, SUCO",
KEGG,Pathways in cancer,167,,0,up in PD,0.2540642543739403,1.0240851832901474,0.42655935613682094,0.9931312007901678,1.0,1.1853405590858193,0.14359861591695502,0.7897006491047405,0.8364494450950868,53,"PRKCB, WNT5A, FGFR1, TRAF3, MITF, IGF1R, IGF1, JUN, PDGFA, PIK3CD, RUNX1T1, RPS6KA5",
GO BP,Establishment Of Protein Localization To Vacuole,16,,0,down in PD,-0.3666406596000391,-1.026216946232273,0.4274028629856851,0.9931312007901678,1.0,-1.0651577890654793,0.3786008230452675,0.9599079919132503,0.9052527446531683,6,"VPS8, HGS, VPS36, VPS28, UBAP1, VPS37A",
GO BP,Mitochondrion Organization,73,,0,down in PD,-0.31964472058679116,-1.0621898478656602,0.42768595041322316,0.9931312007901678,1.0,-1.326668391081056,0.07205240174672489,0.9579169331206652,0.6798387096774193,32,"PINK1, SLC25A46, TMEM242, TRAK1, AGTPBP1, SIRT5, LETMD1, DNM1L, BCS1L, ATP7A, TIMM44, AKT3",
Reactome,"Glutamate Binding, Activation Of AMPA Receptors And Synaptic Plasticity",23,,0,down in PD,-0.3476395491809371,-1.0226493366765512,0.4282700421940928,0.9931312007901678,1.0,-1.141338673560489,0.2647702407002188,1.0,0.889543297367469,6,"GRIA3, AP2A1, CAMK2D, PICK1, AP2B1, MYO6",
Reactome,MyD88:MAL(TIRAP) Cascade Initiated On Plasma Membrane,47,,0,down in PD,-0.28553113404410835,-1.019086639828723,0.42913385826771655,0.9931312007901678,1.0,-1.1029778406158546,0.2882882882882883,0.9561925670489568,0.889543297367469,18,"CUL1, MAP2K1, TANK, MAPK8, CHUK, PPP2R1A, PPP2CA, IRAK1, FBXW11, DUSP3, RPS6KA1, TAB1",
GO BP,Positive Regulation Of Multicellular Organismal Process,97,SOX6,1,up in PD,0.26793394777030427,1.016483703121033,0.4294234592445328,0.9931312007901678,1.0,1.1531528166999163,0.19482758620689655,0.8174657644816646,0.8850481802978418,15,"CADM1, WNT5A, EIF2AK2, IGF1R, ACSL1, PIK3CD, ARID4B, LPIN1, SORL1, CFL1, ARID4A, KDM3A",
GO BP,"Alternative mRNA Splicing, Via Spliceosome",16,,0,up in PD,0.4064000567665195,1.0503629620892763,0.4294478527607362,0.9931312007901678,1.0,1.175944718366034,0.25849056603773585,0.7971565420915738,0.889543297367469,6,"RBM17, RSRC1, SRSF6, SRSF1, DDX5, PQBP1",
GO BP,Regulation Of Spindle Assembly,15,,0,up in PD,0.3815880231260297,1.0449601099150492,0.4302788844621514,0.9931312007901678,1.0,1.0635213283712843,0.38791423001949316,0.8790752076989753,0.9062081834303362,7,"HNRNPU, CHMP7, CENPJ, CHMP2A, CHMP3, CEP97, CHMP5",
Reactome,Gene And Protein Expression By JAK-STAT Signaling After Interleukin-12 Stimulation,16,,0,up in PD,0.40099744336587206,1.0427378002520664,0.4306418219461698,0.9931312007901678,1.0,1.1758128448536023,0.2580037664783427,0.7921519800326905,0.889543297367469,6,"ANXA2, PDCD4, HNRNPA2B1, VPS72, AURKAIP1, HNRNPDL",
Reactome,Ion Transport By P-type ATPases,23,,0,down in PD,-0.33966956222817435,-1.0332723046296952,0.4307692307692308,0.9931312007901678,1.0,-1.1075901319219936,0.3263157894736842,0.9716250476936382,0.9014931992903609,8,"ATP2A3, CAMK2D, ATP9A, ATP7A, ATP1B1, ATP1B2, ATP1A2, ATP11C",
Reactome,Aggrephagy,15,,0,up in PD,0.42300576227796,1.069107335338569,0.43232323232323233,0.9931312007901678,1.0,1.2199051220843804,0.20566037735849058,0.7695192666183652,0.889543297367469,6,"PCNT, HSP90AA1, UBA52, UBC, HDAC6, UBE2N",
GO BP,Positive Regulation Of DNA Metabolic Process,24,,0,up in PD,0.3563068253562126,1.039081983215613,0.432712215320911,0.9931312007901678,1.0,1.1361981218909827,0.2943327239488117,0.8194312875609899,0.889543297367469,3,"YY1, RUVBL2, EYA3",
GO BP,"Regulation Of Synaptic Transmission, Glutamatergic",22,,0,up in PD,0.33422227706227986,1.0307924745746297,0.4329268292682927,0.9931312007901678,1.0,1.0528496548505337,0.3584905660377358,0.8777211738055399,0.9052527446531683,3,"CDH2, GRIN2A, SLC38A2",
KEGG,Cushing syndrome,54,,0,down in PD,-0.29460854160374605,-1.0172517158623022,0.4330097087378641,0.9931312007901678,1.0,-1.168482448554934,0.2,1.0,0.889543297367469,9,"WNT3, ITPR1, ADCY3, AGTR1, MAP2K1, USP8, CAMK2D, PDE11A, GNA11",
KEGG,Yersinia infection,62,,0,down in PD,-0.28945414574026207,-1.038295499920647,0.4330708661417323,0.9931312007901678,1.0,-1.1873795975402812,0.1780821917808219,1.0,0.8680494263018534,24,"PIK3R3, MAP2K1, ACTR3, MAPK8, CHUK, TBK1, VAV3, IRAK1, RPS6KA1, TAB1, AKT3, MAPK14",
GO BP,Regulation Of Cellular Catabolic Process,28,,0,down in PD,-0.32746246973872395,-1.020215057763171,0.43378119001919385,0.9931312007901678,1.0,-1.1186966431110048,0.2848101265822785,0.979282847261362,0.889543297367469,9,"ITPR1, RAB39B, KEAP1, MTMR4, FBXL2, WDR41, C9orf72, ABL1, PIK3C3",
Reactome,ABC-family Proteins Mediated Transport,57,,0,down in PD,-0.31802384671817896,-1.035623946986571,0.4349680170575693,0.9931312007901678,1.0,-1.2691226658608983,0.1191919191919192,1.0,0.8077465443500899,19,"ABCG1, ABCB9, ABCA5, DERL1, ABCC1, SEM1, PSMD2, PEX19, PSMD14, PSMD10, ABCD3, ERLEC1",
Reactome,Stimuli-sensing Channels,29,,0,down in PD,-0.313861754799324,-1.0296079386010693,0.43524416135881105,0.9931312007901678,1.0,-1.0785654609478075,0.3306930693069307,0.9690677518879984,0.9052527446531683,11,"RYR3, TTYH3, WNK3, TPCN1, CLCN5, ASPH, UNC80, ANO10, CLCN6, WNK1, ASIC2",
Reactome,Formation Of A Pool Of Free 40S Subunits,43,,0,up in PD,0.3875209464995232,1.0233503970806,0.436046511627907,0.9931312007901678,1.0,1.449549245362349,0.03731343283582089,0.520753372073421,0.5721599255348547,18,"EIF3E, RPS5, EIF3H, RPL18, UBA52, RPL36, RPS16, RPS4X, RPL37A, RPS4Y1, RPL14, RPL35A",
GO BP,Positive Regulation Of Signal Transduction,97,,0,up in PD,0.2672853460894451,1.0263655492714479,0.43711340206185567,0.9931312007901678,1.0,1.158518069319295,0.19047619047619047,0.805652885384844,0.8815686274509803,26,"PRKCB, POGLUT1, IGF1, TSPAN5, GRIN2A, SORL1, ZRANB1, ASXL2, IL6ST, C3, RBPJ, CTBP2",
GO BP,Regulation Of Chromosome Organization,17,,0,up in PD,0.3705851275138191,1.035271338977304,0.4375,0.9931312007901678,1.0,1.099032591649478,0.33458646616541354,0.860395139707738,0.9052527446531683,3,"YY1, RUVBL2, SMG1",
GO BP,Neuron Migration,30,,0,down in PD,-0.3344375917925173,-1.0350339011435392,0.4378698224852071,0.9931312007901678,1.0,-1.167890451338202,0.21670428893905191,1.0,0.889543297367469,14,"ASTN2, KIAA0319, PAFAH1B1, NAV1, ASTN1, TUBB2B, ELP3, DNER, CDK5R1, VEGFA, FGF13, MARK1",
KEGG,NF-kappa B signaling pathway,24,CFLAR,1,up in PD,0.32933336781705863,1.0322727242854821,0.4383561643835616,0.9931312007901678,1.0,1.0614755422526183,0.36823104693140796,0.8760274358066273,0.9052527446531683,6,"PRKCB, CFLAR, CSNK2A2, TRAF3, TNFSF13B, RELA",CFLAR
KEGG,Rheumatoid arthritis,18,,0,up in PD,0.3826845591617941,1.0310756087496822,0.4394250513347023,0.9931312007901678,1.0,1.1370203440915334,0.2805755395683453,0.8214161086159297,0.889543297367469,11,"JUN, TNFSF13B, ATP6V0E1, ATP6V1E1, ATP6V1D, ATP6AP1, ATP6V1G1, ATP6V1B2, ATP6V0B, ATP6V1C1, ATP6V0E2",
GO BP,Response To Hydrogen Peroxide,20,,0,up in PD,0.35567877844630374,1.0345460149804486,0.4395833333333333,0.9931312007901678,1.0,1.0997075596738826,0.31379962192816635,0.8624295162518785,0.8938817436479362,7,"CLU, SIRPA, OSER1, RELA, RPS3, HDAC6, NFE2L2",
GO BP,Positive Regulation Of Synapse Assembly,16,,0,down in PD,-0.35951028934896223,-1.0171459285085096,0.44,0.9931312007901678,1.0,-1.0458610808107751,0.4152173913043478,0.9637697124728487,0.9159361089531836,6,"SLITRK5, EPHB2, CLSTN3, NLGN3, NLGN1, SLITRK1",
GO BP,Organelle Organization,192,,0,down in PD,-0.2727572632099383,-1.0513560233673063,0.4403292181069959,0.9931312007901678,1.0,-1.3523041106942442,0.03015075376884422,0.9383641025559224,0.5160794602698651,53,"SEC23IP, TPM1, PINK1, WASF3, TOR1B, AGTPBP1, PPIA, DST, FITM2, FAF2, SIRT5, TOR1AIP2",
GO BP,Regulation Of TORC1 Signaling,23,,0,up in PD,0.32391313424193874,1.0473321914586617,0.4421906693711968,0.9931312007901678,1.0,1.0330425491406874,0.39579349904397704,0.873293495552764,0.9094927717517557,7,"SESN2, NPRL2, GPR137B, DEPTOR, SESN1, NPC1, RRAGA",
GO BP,Cellular Response To Growth Factor Stimulus,56,"CPNE3, LGMN, SOX6",3,down in PD,-0.27969708844906904,-1.0253480047352743,0.44234404536862004,0.9931312007901678,1.0,-1.1223918428509156,0.24545454545454545,0.9943742401039232,0.889543297367469,7,"SOX6, CIB1, ACVR1, TGFBR2, CPNE3, LGMN, SETX","SOX6, CPNE3, LGMN"
GO BP,RNA Export From Nucleus,30,,0,up in PD,0.33236154398010864,1.0160540199726389,0.4426877470355731,0.9931312007901678,1.0,1.1370221131990925,0.2647058823529412,0.8238738152723224,0.889543297367469,13,"CASC3, SMG1, NUP62, UPF2, HNRNPA2B1, XPO1, HNRNPA1, FYTTD1, NUP98, ALKBH5, EIF4A3, NUP133",
GO BP,Negative Regulation Of Cytokine-Mediated Signaling Pathway,18,,0,up in PD,0.3581243687489474,1.028598693293391,0.44285714285714284,0.9931312007901678,1.0,1.0552154716450983,0.3785310734463277,0.8716400233643102,0.9052527446531683,7,"CNOT7, STAT2, MUL1, SLIT2, XIAP, SAMHD1, UXT",
KEGG,Chemical carcinogenesis,72,"CACNA1A, GSTK1",2,up in PD,0.2759073616255511,1.016100010708107,0.44329896907216493,0.9931312007901678,1.0,1.1376974764725871,0.24545454545454545,0.8263566095008209,0.889543297367469,19,"PRKCB, GSTK1, CACNA1A, PTGES3, JUN, PIK3CD, HSP90AA1, HSP90B1, RXRA, RELA, CBR1, GSTM3","GSTK1, CACNA1A"
KEGG,Oocyte meiosis,58,,0,down in PD,-0.3079498735029521,-1.0519618008349259,0.44353182751540043,0.9931312007901678,1.0,-1.2415008655008581,0.13347921225382933,1.0,0.8364494450950868,17,"ITPR1, ADCY3, CUL1, MAP2K1, PPP2R5A, ANAPC4, PPP2R5B, CAMK2D, RBX1, PPP2R1A, PPP2CA, FBXW11",
GO BP,Regulation Of JNK Cascade,35,,0,up in PD,0.30868331947970185,1.0375135092620134,0.4439918533604888,0.9931312007901678,1.0,1.0867282042555442,0.3408239700374532,0.8625300778852566,0.9052527446531683,7,"NCOR1, TRAF3, IGF1R, SIRPA, TAOK3, ANKS1B, MFHAS1",
GO BP,Regulation Of Cell Division,37,,0,down in PD,-0.28449660083921013,-1.006958520620068,0.44508670520231214,0.9931312007901678,1.0,-1.0409976009259612,0.359504132231405,0.9532251843553485,0.9052527446531683,5,"KLHL13, CIB1, BBS4, BIRC6, PRPF40A",
Reactome,MyD88 Cascade Initiated On Plasma Membrane,45,,0,down in PD,-0.2919912396290406,-1.030908221615838,0.44510978043912175,0.9931312007901678,1.0,-1.12701462311433,0.2713347921225383,1.0,0.889543297367469,18,"CUL1, MAP2K1, TANK, MAPK8, CHUK, PPP2R1A, PPP2CA, IRAK1, FBXW11, DUSP3, RPS6KA1, TAB1",
KEGG,p53 signaling pathway,22,,0,up in PD,0.34350716829299927,1.0113775859531895,0.44532803180914515,0.9931312007901678,1.0,1.0646475012919931,0.3515625,0.8771086055650797,0.9052527446531683,6,"SESN2, IGF1, SIAH1, SESN1, GADD45A, EI24",
GO BP,Endosomal Transport,102,,0,down in PD,-0.2737640627916308,-1.0343105685473017,0.4458077709611452,0.9931312007901678,1.0,-1.2417195196014257,0.08775981524249422,1.0,0.7253090612688494,37,"DENND2A, LAMTOR1, TMEM87B, CLTCL1, AP5S1, ANKRD50, TBC1D23, HGS, EPS15, REPS1, CHMP2B, SNX4",
Reactome,Death Receptor Signaling,67,CFLAR,1,down in PD,-0.2649811814327051,-1.0082393760646764,0.44642857142857145,0.9931312007901678,1.0,-1.1030724018499352,0.2709677419354839,0.9591826157443252,0.889543297367469,17,"CLIP3, FASN, TANK, SHARPIN, MADD, MCF2, LINGO1, MAPK8, ARHGEF18, PRKCI, CHUK, VAV3",
GO BP,Cellular Response To Chemical Stress,42,,0,down in PD,-0.2945622030979417,-1.0134654506716014,0.44761904761904764,0.9931312007901678,1.0,-1.1206219210397743,0.27194860813704497,0.9787046270189934,0.889543297367469,11,"PINK1, KEAP1, SETX, PPIA, MSRA, MAPK8, RBX1, PRKAA1, ZFAND1, PYCR2, ABL1",
GO BP,Regulation Of Intracellular Protein Transport,19,ICE1,1,up in PD,0.35996317437944847,1.0329238611403904,0.4480769230769231,0.9931312007901678,1.0,1.0658717775586533,0.36639676113360325,0.8769864835904467,0.9052527446531683,7,"ICE1, PCNT, PDCD10, TENM1, GCC2, OAZ1, B3GAT3",ICE1
Reactome,MyD88 Dependent Cascade Initiated On Endosome,46,,0,down in PD,-0.2871823713204782,-1.022955557332456,0.44881889763779526,0.9931312007901678,1.0,-1.104389258590318,0.2926829268292683,0.9570728940771508,0.889543297367469,18,"CUL1, MAP2K1, TANK, MAPK8, CHUK, PPP2R1A, PPP2CA, IRAK1, FBXW11, DUSP3, RPS6KA1, TAB1",
Reactome,Factors Involved In Megakaryocyte Development And Platelet Production,50,PRKAR2A,1,down in PD,-0.3038953804576132,-1.0363850304017486,0.45,0.9931312007901678,1.0,-1.1885554631775976,0.18906605922551253,1.0,0.8804957544728412,15,"RAB5A, KIF5A, KIFAP3, SIN3A, KIF21B, KIF26B, PRKAR2B, DOCK4, AK3, KLC4, DOCK9, MFN1",
Reactome,Neurexins And Neuroligins,31,,0,down in PD,-0.31378071990641687,-0.9930448160421124,0.4502923976608187,0.9931312007901678,1.0,-1.1127834164774015,0.2947845804988662,0.9784465683168407,0.889543297367469,12,"SHARPIN, SIPA1L1, LIN7C, NRXN3, NLGN3, NLGN1, LIN7A, DLGAP3, SYT1, MPP2, NRXN1, NRXN2",
GO BP,Histone Deacetylation,19,,0,up in PD,0.3653420321157994,1.0282918800123078,0.45081967213114754,0.9931312007901678,1.0,1.1151641391054983,0.3235294117647059,0.8556460641431148,0.8983544898918666,8,"GATAD2A, MSL3, MIER1, MBD3, HDAC6, MORF4L1, RBBP4, HDAC3",
Reactome,RNA Polymerase I Promoter Escape,18,,0,down in PD,-0.3404390999966226,-0.9993485632996401,0.4509394572025052,0.9931312007901678,1.0,-1.0577749479552792,0.3816326530612245,0.9526992792672702,0.9062081834303362,6,"POLR2H, RRN3, POLR1A, CCNH, TBP, MNAT1",
GO BP,Cellular Response To UV,24,,0,up in PD,0.3137628958560859,1.0151648665232698,0.45098039215686275,0.9931312007901678,1.0,1.0010126711020855,0.43021032504780116,0.8966491598917805,0.9159361089531836,5,"YY1, RUVBL2, USP47, CUL4A, SMPD1",
Reactome,Cell Junction Organization,24,,0,down in PD,-0.3068150874545379,-1.0045249934910667,0.4510556621880998,0.9931312007901678,1.0,-1.003538945970581,0.4656964656964657,0.9518090408365625,0.92997456652279,6,"CDH11, CDH8, DST, CADM2, PRKCI, CADM3",
GO BP,Regulation Of Ubiquitin-Dependent Protein Catabolic Process,22,,0,up in PD,0.32771762064525056,1.0000049668546376,0.45129224652087474,0.9931312007901678,1.0,1.0068502664996628,0.4472168905950096,0.8981771154498022,0.91790029466858,7,"CLU, CSNK2A2, MAGEF1, LAPTM5, TAF1, XPO1, FBXW7",
GO BP,Ribosomal Small Subunit Biogenesis,38,,0,down in PD,-0.3075848419891729,-0.9972203440804877,0.4520255863539446,0.9931312007901678,1.0,-1.1395662120279046,0.2521186440677966,1.0,0.889543297367469,6,"NOL6, RPS27L, WDR36, RIOK2, NAT10, RIOK3",
GO BP,RNA Polymerase II Preinitiation Complex Assembly,25,,0,down in PD,-0.33147991537962596,-1.0148204870603383,0.4529058116232465,0.9931312007901678,1.0,-1.1071035895320755,0.30995475113122173,0.9700847521440195,0.89171445147537,13,"MED4, GTF2A1, MED9, TBP, TAF7, MED10, MED8, MED28, GTF2A2, TAF13, MED29, TAF2",
GO BP,Positive Regulation Of Protein Localization To Nucleus,31,,0,up in PD,0.33293395832599415,1.0198120610503145,0.45322245322245325,0.9931312007901678,1.0,1.1412883657567212,0.25045372050816694,0.8282718102163859,0.889543297367469,11,"BAG3, SESN2, JAK1, CCT5, ZPR1, CCT6A, HDAC3, DKC1, IPO5, UBR5, CCT2",
GO BP,Positive Regulation Of Ras Protein Signal Transduction,15,,0,up in PD,0.3612268661855269,1.0010848796378813,0.4538310412573674,0.9931312007901678,1.0,1.021497660563127,0.4250474383301708,0.8813628988683595,0.9159361089531836,3,"IGF1, MCF2L, AKAP13",
GO BP,Positive Regulation Of I-kappaB kinase/NF-kappaB Signaling,65,CFLAR,1,up in PD,0.2695126061991262,1.0123163006362987,0.45454545454545453,0.9931312007901678,1.0,1.0802263023474363,0.32142857142857145,0.8708401258797794,0.8955382436260623,23,"PRKCB, CFLAR, TRIM32, AKAP13, LGALS1, GOLT1B, NUP62, TRIM8, BRD4, RELA, ANKRD17, MUL1",CFLAR
Reactome,Membrane Trafficking,346,SH3GL3,1,down in PD,-0.2592763194448574,-1.033443152769033,0.45454545454545453,0.9931312007901678,1.0,-1.3851405357617195,0.005277044854881266,0.9059596817738256,0.334353221145674,92,"SH3GL3, DENND2A, SEC23IP, GOLIM4, SGIP1, TBC1D7, RHOQ, RAB39B, SCFD1, COPA, COPZ1, AP2A1",SH3GL3
KEGG,FoxO signaling pathway,58,,0,down in PD,-0.28396420822479496,-1.0011750159910187,0.45490981963927857,0.9931312007901678,1.0,-1.157830414185703,0.1746031746031746,1.0,0.8680494263018534,18,"TGFBR2, PIK3R3, MAP2K1, NRAS, MAPK8, CHUK, STK11, SETD7, AKT3, PRKAA1, SOS1, NLK",
GO BP,Heart Development,50,,0,up in PD,0.2750659375120561,0.9902655887202961,0.455078125,0.9931312007901678,1.0,1.0520574755270826,0.3784786641929499,0.8784996354827931,0.9052527446531683,10,"NIPBL, CACYBP, AKAP13, KAT2B, INSR, NTRK3, PDLIM2, TH, SCUBE1, SOX4",
KEGG,Glycerolipid metabolism,15,,0,up in PD,0.3704350842221102,1.0003276962069778,0.45614035087719296,0.9931312007901678,1.0,1.0339369564652712,0.40119760479041916,0.8739893060980013,0.9104536067791782,2,"LPIN1, DGKD",
GO BP,Transport Across Blood-Brain Barrier,33,,0,down in PD,-0.32076222564052614,-1.0019243780277385,0.4563106796116505,0.9931312007901678,1.0,-1.1593471770450743,0.22103004291845493,1.0,0.889543297367469,8,"SLC16A1, ATP2A3, ABCC1, SLC6A1, SLC2A13, TFRC, SLC7A1, SLC12A2",
KEGG,Th17 cell differentiation,30,,0,up in PD,0.3141913088265066,1.0018014739898222,0.45708582834331335,0.9931312007901678,1.0,1.0664064176115045,0.3522935779816514,0.879155203937438,0.9052527446531683,12,"JUN, JAK1, HSP90AA1, IL6ST, RXRA, IFNGR2, RELA, MAPK1, PPP3CA, STAT5B, NFKBIA, STAT1",
GO BP,Protein Modification By Small Protein Conjugation,174,BCL11A,1,down in PD,-0.2688454998747367,-1.0320269675990374,0.45841784989858014,0.9931312007901678,1.0,-1.320076998857766,0.021791767554479417,0.9630150590993873,0.4672209026128266,44,"KLHL13, RNF7, PINK1, SDE2, UBE2I, VCPIP1, RLIM, KEAP1, CUL1, AREL1, MGRN1, URM1",
GO BP,Negative Regulation Of Microtubule Polymerization Or Depolymerization,22,,0,down in PD,-0.3378286531993321,-1.0185519106418137,0.45867768595041325,0.9931312007901678,1.0,-1.068665647313996,0.3669527896995708,0.9663048698301187,0.9052527446531683,2,"CIB1, CLIP3",
GO BP,Regulation Of Cell Growth,81,,0,down in PD,-0.2589700508259668,-1.007591491966945,0.458984375,0.9931312007901678,1.0,-1.1151163163758135,0.24516129032258063,0.9832121156685831,0.889543297367469,16,"CIB1, LAMTOR1, CSNK2A1, AGTR1, DDX49, CAMK2D, ENPP1, TFRC, CCDC85B, PPP2R1A, PPP2CA, ING5",
GO BP,Macromolecule Catabolic Process,29,LGMN,1,up in PD,0.29732107369626504,0.9907175711953334,0.45901639344262296,0.9931312007901678,1.0,1.0103995621431958,0.43548387096774194,0.8953804222199421,0.9159361089531836,7,"PABPC4, EXOSC1, REXO4, SIAH1, CLN8, SQSTM1, XRN2",
Reactome,SRP-dependent Cotranslational Protein Targeting To Membrane,51,,0,up in PD,0.3717035568395993,1.0178565955489332,0.4596153846153846,0.9931312007901678,1.0,1.4595286910785974,0.0375234521575985,0.520492006396219,0.5721599255348547,18,"RPS5, SRP72, RPN2, RPL18, UBA52, RPL36, SEC61A2, SSR2, RPS16, RPS4X, RPL37A, SEC61B",
GO BP,Positive Regulation Of Proteasomal Protein Catabolic Process,45,,0,down in PD,-0.2956484218684281,-1.0165667314391242,0.4596774193548387,0.9931312007901678,1.0,-1.1290205133205948,0.2575107296137339,1.0,0.889543297367469,15,"KEAP1, ATXN3, TMEM259, CSNK1D, RBX1, RCHY1, BBS7, PSMD10, RNF14, TMTC3, DAB2IP, FMR1",
KEGG,Wnt signaling pathway,56,,0,up in PD,0.29105443151100824,1.0067669681763327,0.4598825831702544,0.9931312007901678,1.0,1.1461055699988303,0.23132969034608378,0.8227898344891571,0.889543297367469,11,"PRKCB, WNT5A, CSNK2A2, JUN, CACYBP, PLCB4, SIAH1, CTBP2, SFRP1, PRICKLE1, PRICKLE2",
GO BP,Vesicle-Mediated Transport To The Plasma Membrane,45,,0,down in PD,-0.29565970170812106,-1.0044627994148434,0.46028513238289204,0.9931312007901678,1.0,-1.1002302177411292,0.2916666666666667,0.9510102120132157,0.889543297367469,18,"EXOC6, EXOC6B, ANKRD50, HGS, EXOC5, EPS15, EXOC8, ARL3, ARFGEF2, SNX4, VPS26A, STX16",
Reactome,FOXO-mediated Transcription,25,,0,down in PD,-0.2953329583417311,-0.9957470761602955,0.46060606060606063,0.9931312007901678,1.0,-0.9816343844143955,0.47300215982721383,0.9637487457969838,0.9350706013870649,6,"PINK1, ATXN3, SIN3A, STK11, AKT3, YWHAZ",
KEGG,Prolactin signaling pathway,30,,0,down in PD,-0.3238047627420384,-1.0113643223896962,0.4607645875251509,0.9931312007901678,1.0,-1.121350416604883,0.29723991507430997,0.9832393143683742,0.889543297367469,11,"PIK3R3, MAP2K1, NRAS, MAPK8, AKT3, SOS1, MAPK14, HRAS, SHC2, MAPK10, GSK3B",
Reactome,Metabolism Of Vitamins And Cofactors,58,,0,down in PD,-0.27886294148792734,-1.0124341599333053,0.46107784431137727,0.9931312007901678,1.0,-1.1357849454342968,0.23956043956043957,1.0,0.889543297367469,12,"SLC25A16, FASN, ABCC1, PARP6, ENPP1, GPHN, GPC4, MTRR, PANK3, MTHFD1, PARP8, NUDT12",
Reactome,DAG And IP3 Signaling,21,PRKAR2A,1,down in PD,-0.3323017401187426,-0.9900096151146522,0.4613821138211382,0.9931312007901678,1.0,-1.0584352427766643,0.3783783783783784,0.9556885745105842,0.9052527446531683,7,"ITPR1, CAMK2D, PRKAR2B, PLCG1, PRKAR1A, PDE1A, CREB1",
Reactome,Amino Acids Regulate mTORC1,31,,0,down in PD,-0.3225363559702432,-1.0113199575504779,0.461839530332681,0.9931312007901678,1.0,-1.1356291501453486,0.2537313432835821,1.0,0.889543297367469,6,"LAMTOR1, NPRL3, MIOS, FNIP1, LAMTOR3, ATP6V1H",
KEGG,RNA degradation,33,,0,up in PD,0.3103182103226918,1.009340684622305,0.4623015873015873,0.9931312007901678,1.0,1.0776879876168137,0.34099616858237547,0.8691240225217451,0.9052527446531683,6,"PABPC1, PABPC4, EXOSC1, CNOT2, CNOT7, ENO2",
GO BP,Positive Regulation Of Telomere Maintenance Via Telomerase,24,,0,up in PD,0.32691577772192976,1.0121460809425062,0.4627151051625239,0.9931312007901678,1.0,1.0419252315115743,0.397459165154265,0.8785188374143234,0.9103857203985573,11,"TNKS2, TNKS, CCT5, MAPK1, CCT6A, PKIB, HNRNPA1, MAP3K4, CCT2, CCT8, XRCC5",
GO BP,Cytoskeleton-Dependent Cytokinesis,36,,0,down in PD,-0.3070874754306112,-1.0148831145191448,0.463265306122449,0.9931312007901678,1.0,-1.1310057831937503,0.2811791383219955,1.0,0.889543297367469,8,"EXOC6, BBS4, EXOC6B, USP8, EXOC5, EXOC8, TRIM36, ARL3",
GO BP,Small GTPase Mediated Signal Transduction,49,,0,down in PD,-0.3106427875900748,-1.0228271529295359,0.46331236897274636,0.9931312007901678,1.0,-1.219915637393399,0.16997792494481237,1.0,0.8617179854805308,12,"NRAS, USP8, BRAP, ARHGEF18, ARL3, RASGRF1, ORC3, CNKSR2, DOK6, SOS1, RAPGEF1, HRAS",
GO BP,Transcription Preinitiation Complex Assembly,26,,0,down in PD,-0.3197940260150588,-1.0032058907494503,0.4636542239685658,0.9931312007901678,1.0,-1.0844370622591608,0.33793103448275863,0.963762220345934,0.9052527446531683,13,"MED4, GTF2A1, MED9, TBP, TAF7, MED10, MED8, MED28, GTF2A2, TAF13, MED29, TAF2",
KEGG,Purine metabolism,49,,0,down in PD,-0.3010342488452731,-1.040905807923038,0.465979381443299,0.9931312007901678,1.0,-1.1892115442204043,0.18162393162393162,1.0,0.8680494263018534,18,"AMPD3, ADCY3, AK5, PDE4D, ENPP1, PDE11A, GMPR2, PAPSS1, DCK, AK3, ENTPD6, NUDT2",
KEGG,mRNA surveillance pathway,55,FUS,1,up in PD,0.28448380835826764,0.9983569985508949,0.466403162055336,0.9931312007901678,1.0,1.1254314797139953,0.26181818181818184,0.8324466127924645,0.889543297367469,10,"FUS, CASC3, CPSF2, PABPC1, PABPC4, SMG1, PPP2R5E, TARDBP, UPF2, PNN",FUS
GO BP,Protein Insertion Into Mitochondrial Membrane,15,,0,up in PD,0.4089283178425397,1.0153970193587813,0.46653543307086615,0.9931312007901678,1.0,1.1629189491712213,0.255278310940499,0.807533421124752,0.889543297367469,8,"HSPA4, HSP90AA1, TOMM7, MTCH1, TIMM9, MOAP1, TOMM40, ROMO1",
Reactome,MyD88-independent TLR4 Cascade,51,,0,down in PD,-0.2774509495153309,-0.9944998506972563,0.4666666666666667,0.9931312007901678,1.0,-1.1045091743384725,0.29336188436830835,0.9599521149759552,0.889543297367469,21,"CUL1, MAP2K1, TANK, MAPK8, CHUK, PPP2R1A, PPP2CA, TBK1, PTPN11, IRAK1, FBXW11, DUSP3",
KEGG,Amphetamine addiction,35,,0,up in PD,0.30058973779592146,1.007524169336309,0.4667931688804554,0.9931312007901678,1.0,1.0600381652127915,0.3787610619469027,0.8770338872019885,0.9052527446531683,5,"PRKCB, GRIN2A, JUN, MAOB, SLC18A1",
GO BP,Negative Regulation Of Protein Ubiquitination,24,,0,up in PD,0.32617324969733597,1.0053365480160845,0.4670781893004115,0.9931312007901678,1.0,1.056036059243871,0.39849624060150374,0.8708041906779891,0.9103857203985573,7,"BUB3, DNAJA1, SQSTM1, SOX4, UBXN1, RPS3, TAF1",
GO BP,Protein-Containing Complex Organization,49,,0,down in PD,-0.2882607590033468,-1.0174552406994242,0.4678714859437751,0.9931312007901678,1.0,-1.1288518577030286,0.25267665952890794,1.0,0.889543297367469,22,"SLC25A46, DLG4, WASF3, KIFAP3, DNM1L, PPP2R1A, DHX9, REPS2, LIN7A, PICALM, MNAT1, RANBP9",
GO BP,"Retrograde Transport, Endosome To Golgi",56,,0,down in PD,-0.283761534627033,-1.0042033101215506,0.46804123711340206,0.9931312007901678,1.0,-1.134669565890668,0.25379609544468545,1.0,0.889543297367469,16,"DENND2A, TMEM87B, CLTCL1, TBC1D23, SGSM2, TMED9, VPS26B, RAB9B, PIKFYVE, VPS26A, BET1L, ARFRP1",
GO BP,Negative Regulation Of Phosphorylation,40,IBTK,1,down in PD,-0.30122442106242164,-1.0043581367538865,0.4688128772635815,0.9931312007901678,1.0,-1.112792399156527,0.2951167728237792,0.9821010806548254,0.889543297367469,10,"IBTK, CIB1, PTPN13, PPIA, EPHB2, DNAJC10, C9orf72, PID1, TRAF3IP1, DAB2IP",IBTK
KEGG,Endocrine and other factor-regulated calcium reabsorption,33,CALB1,1,up in PD,0.3105029899684959,1.0034917861476667,0.4695817490494297,0.9931312007901678,1.0,1.0907420251073026,0.34177215189873417,0.8567897072822869,0.9052527446531683,8,"PRKCB, CALB1, PLCB4, ATP2B1, AP2S1, ATP1B3, DNM1, CLTA",CALB1
Reactome,Extracellular Matrix Organization,53,,0,down in PD,-0.2829300254652928,-0.9888355828536849,0.47024952015355087,0.9931312007901678,1.0,-1.145531232990022,0.2092511013215859,1.0,0.889543297367469,9,"NCAN, CD47, COL12A1, MATN3, DST, MMP16, CAPNS1, ITGAE, ERC2",
Reactome,Neddylation,140,,0,down in PD,-0.27686100819823256,-1.016782191966212,0.4703476482617587,0.9931312007901678,1.0,-1.3098795333992468,0.03837953091684435,0.9593193380436229,0.5757403581267218,46,"KLHL13, RNF7, TULP4, ASB13, KEAP1, CUL1, DCAF11, FBXL4, EPAS1, SEM1, WSB2, PSMD2",
GO BP,Regulation Of I-kappaB kinase/NF-kappaB Signaling,84,CFLAR,1,up in PD,0.2571398253774936,0.9991832051246072,0.4708333333333333,0.9931312007901678,1.0,1.0894570702073931,0.29250457038391225,0.8592924697334295,0.889543297367469,29,"PRKCB, WNT5A, CFLAR, TRAF3, TRIM32, AKAP13, LGALS1, GOLT1B, NUP62, TRIM8, BRD4, RELA",CFLAR
GO BP,Negative Regulation Of Programmed Cell Death,142,CFLAR,1,up in PD,0.2480178477555296,0.9971244653323629,0.4711729622266402,0.9931312007901678,1.0,1.1397089828469478,0.20882852292020374,0.8214945644362219,0.889543297367469,42,"BAG3, WNT5A, CFLAR, HSPA5, IGF1R, IGF1, CRYAB, DNAJA1, HAX1, SEMA4D, CFL1, TM7SF3",CFLAR
GO BP,Regulation Of Neurotransmitter Secretion,18,,0,up in PD,0.33982062224912946,0.9884149207213769,0.4725490196078431,0.9931312007901678,1.0,1.0210444134825556,0.43399638336347196,0.8793812673221222,0.9159361089531836,6,"SNAPIN, SLC38A2, PNKD, CASK, SYN1, DTNBP1",
GO BP,Regulation Of Stress Fiber Assembly,33,,0,down in PD,-0.29904148549422704,-0.9963408062476129,0.4728682170542636,0.9931312007901678,1.0,-1.0662015995089889,0.3600867678958785,0.9645056052460582,0.9052527446531683,5,"TPM1, CD47, NF2, PAK1, ARHGEF18",
GO BP,Regulation Of Regulated Secretory Pathway,18,,0,up in PD,0.38658767649312265,1.0038866905415746,0.47305389221556887,0.9931312007901678,1.0,1.122021506113119,0.2972972972972973,0.8378933409988806,0.889543297367469,7,"SYT4, SNAPIN, SYT13, RPH3A, SYN1, DTNBP1, RAB3A",
Reactome,Cellular Senescence,63,,0,up in PD,0.2663987287730488,1.0028976707813213,0.4731404958677686,0.9931312007901678,1.0,1.05644114079275,0.36065573770491804,0.873426977376629,0.9052527446531683,15,"EP400, AGO3, JUN, ANAPC16, TNRC6B, TFDP2, RELA, UBA52, MAP2K3, UBC, TNRC6C, MAPK1",
KEGG,RNA transport,85,FUS,1,up in PD,0.2883823537613395,1.0139688043060624,0.4731610337972167,0.9931312007901678,1.0,1.2252150762053557,0.13427561837455831,0.7652011891525153,0.8364494450950868,22,"FUS, CASC3, PHAX, PABPC1, PABPC4, EIF3E, EIF3H, NUP62, EIF5, TARDBP, UPF2, RPP25",FUS
GO BP,Negative Regulation Of Protein Metabolic Process,62,,0,up in PD,0.2819006891988164,1.0148332868215488,0.4732510288065844,0.9931312007901678,1.0,1.1324622851756985,0.24719101123595505,0.8260872736646206,0.889543297367469,18,"CLU, PHF20L1, ENC1, EIF2AK2, CRYAB, CALR, SNX3, CST3, CLN8, SERPINE2, CAPRIN1, CSTB",
Reactome,RHO GTPases Activate PKNs,19,,0,up in PD,0.35653743038810665,1.0229508285986857,0.47337278106508873,0.9931312007901678,1.0,1.1008609999236665,0.31947069943289225,0.8651745224871755,0.8938817436479362,9,"PPP1R12A, YWHAB, YWHAQ, PDPK1, YWHAH, MYL6, MYH10, MYH14, YWHAE",
Reactome,Nuclear Events (Kinase And Transcription Factor Activation),25,SH3GL3,1,down in PD,-0.32284104717039774,-0.9904762812385277,0.4735812133072407,0.9931312007901678,1.0,-1.056505689160261,0.37333333333333335,0.9495499772618223,0.9052527446531683,9,"SH3GL3, PPP2R1A, PPP2CA, DUSP3, RPS6KA1, MAPK14, CDK5R1, CREB1, SRF",SH3GL3
GO BP,Regulation Of NIK/NF-kappaB Signaling,25,,0,up in PD,0.3333718776383399,0.9940515639173831,0.4743083003952569,0.9931312007901678,1.0,1.0826214641334886,0.3314393939393939,0.8664174349736437,0.9052527446531683,8,"EIF2AK2, PDCD4, RELA, EZR, LAPTM5, RPS3, NFKBIA, APP",
Hallmark,Reactive Oxygen Species Pathway,32,,0,down in PD,-0.31165420797941723,-1.0006267377001838,0.47433264887063653,0.9931312007901678,1.0,-1.1015292370924954,0.2962962962962963,0.9521492176604702,0.889543297367469,7,"MGST1, GCLC, ABCC1, STK25, MSRA, GPX3, GLRX",
Reactome,SUMOylation Of RNA Binding Proteins,19,,0,down in PD,-0.3314032534148339,-0.9813679390494426,0.474609375,0.9931312007901678,1.0,-1.0323425330519296,0.41239316239316237,0.9480731172092156,0.9153677609145477,7,"UBE2I, CBX4, PHC3, NUP214, NUP155, PHC2, HNRNPC",
Reactome,Peptide Hormone Metabolism,30,,0,down in PD,-0.31264518412397657,-1.0085420552403057,0.47484909456740443,0.9931312007901678,1.0,-1.1020638312676345,0.34065934065934067,0.9532789343605744,0.9052527446531683,9,"EXOC6, SPCS3, KIF5A, EXOC5, EXOC8, MYO5A, EXOC1, SPCS1, PCSK1",
GO BP,Peptidyl-Tyrosine Modification,15,,0,up in PD,0.37083038437360105,0.9817546519717152,0.47544204322200395,0.9931312007901678,1.0,1.082241358118031,0.3522504892367906,0.8656432305411977,0.9052527446531683,4,"FGFR1, INSR, CLK1, CLK4",
GO BP,Regulation Of Organelle Assembly,37,,0,down in PD,-0.3080837295006297,-1.006496693538379,0.47580645161290325,0.9931312007901678,1.0,-1.1299859267168035,0.27049180327868855,1.0,0.889543297367469,17,"TBC1D22A, RAB5A, EPHB2, NF2, C9orf72, STX18, PIKFYVE, DYNC2LI1, CYLD, TBC1D15, PDCD6IP, INTU",
KEGG,T cell receptor signaling pathway,42,,0,down in PD,-0.2999305542010987,-1.0027993873659706,0.4760956175298805,0.9931312007901678,1.0,-1.1228107070520505,0.270509977827051,1.0,0.889543297367469,18,"PIK3R3, MAP2K1, NRAS, PAK1, MAPK8, CHUK, VAV3, AKT3, SOS1, MAPK14, PPP3R1, HRAS",
Reactome,Gene Silencing By RNA,38,,0,up in PD,0.29757207930941976,1.0081685600626389,0.4774951076320939,0.9931312007901678,1.0,1.0581498855080351,0.3832684824902724,0.8754267245856536,0.9062081834303362,8,"AGO3, TNRC6B, HSP90AA1, NUP62, POLR2L, PLD6, TNRC6C, POLR2F",
GO BP,Positive Regulation Of Transmembrane Receptor Protein Serine/Threonine Kinase Signaling Pathway,25,,0,down in PD,-0.3268231844101205,-0.9862757307930294,0.47784200385356457,0.9931312007901678,1.0,-1.0883996233815334,0.34710743801652894,0.9665186661699702,0.9052527446531683,5,"TGFBR2, KIAA0319, ZNF423, GIPC1, STK11",
GO BP,Protein Sumoylation,19,,0,down in PD,-0.33672067312902365,-0.990774981168523,0.47876447876447875,0.9931312007901678,1.0,-1.0579833615221415,0.37100213219616207,0.9546779930848378,0.9052527446531683,6,"UBE2I, CBX4, HDAC9, SMC6, SUMO3, ZMIZ2",
Reactome,DARPP-32 Events,16,PRKAR2A,1,down in PD,-0.34979271315652216,-1.0027761565669664,0.4797570850202429,0.9931312007901678,1.0,-1.0267551475954844,0.4227467811158798,0.9513342938623115,0.9159361089531836,7,"PDE4D, PPP2R1A, PPP2CA, PRKAR2B, PPP3R1, PRKAR1A, PDE4B",
GO BP,Spliceosomal Complex Assembly,40,,0,up in PD,0.30423107449618003,1.0010531833512941,0.4816247582205029,0.9931312007901678,1.0,1.0936115812997724,0.3071297989031079,0.8574820052060909,0.889543297367469,14,"DDX46, SF3B1, SCAF11, CRNKL1, RSRP1, SRSF6, SNRNP200, CELF1, SRSF1, RBM5, SF3B3, LUC7L3",
GO BP,Axon Guidance,67,"CNTN4, PLXNC1",2,up in PD,0.2679385694590482,0.9763170124288965,0.4816247582205029,0.9931312007901678,1.0,1.0914139172607273,0.28804347826086957,0.8586756901847965,0.889543297367469,14,"PLXNC1, WNT5A, TRIO, LGI1, SEMA4D, RPS6KA5, KIF5C, SIAH1, NFIB, NRCAM, FEZ1, FEZ2",PLXNC1
GO BP,Endosome Organization,31,,0,down in PD,-0.3465007789189136,-1.0112793151807988,0.4817813765182186,0.9931312007901678,1.0,-1.2175707666842588,0.20222222222222222,1.0,0.889543297367469,7,"LAMTOR1, USP8, EXOC8, ATP6V1H, CHMP2B, ARFGEF2, VPS18",
Reactome,Sphingolipid De Novo Biosynthesis,18,,0,down in PD,-0.3410013009189794,-0.9864161656623796,0.48185483870967744,0.9931312007901678,1.0,-1.044070747562893,0.3717171717171717,0.9598694812158038,0.9052527446531683,6,"CERS6, OSBP, PPM1L, ACER3, VAPB, SGMS1",
Reactome,Toll Like Receptor 9 (TLR9) Cascade,49,,0,down in PD,-0.2798851967371282,-1.0094322059842835,0.48221343873517786,0.9931312007901678,1.0,-1.097010417221964,0.28187919463087246,0.9542371725951374,0.889543297367469,19,"CUL1, MAP2K1, TANK, MAPK8, CHUK, PPP2R1A, PPP2CA, IRAK1, FBXW11, DUSP3, RPS6KA1, TAB1",
GO BP,Positive Regulation Of ATP-dependent Activity,16,DNAJB1,1,down in PD,-0.3634676505551353,-1.0050598130653732,0.48316831683168315,0.9931312007901678,1.0,-1.0584801881970867,0.375,0.9583221539883056,0.9052527446531683,7,"TPM1, TOR1AIP2, DNAJC10, ATP1B1, DHX9, TOR1AIP1, ATP1B2",
GO BP,Positive Regulation Of GTPase Activity,83,,0,down in PD,-0.28140900184110007,-0.998743781883588,0.4840764331210191,0.9931312007901678,1.0,-1.2302351534455558,0.13411764705882354,1.0,0.8364494450950868,27,"RGS6, TBC1D7, RGS7, TBC1D22A, GARNL3, SGSM2, RASGRF1, SIPA1L1, RAP1GAP2, WDR41, RGS16, C9orf72",
GO BP,Protein Glycosylation,57,,0,up in PD,0.28592809432279065,1.0050919855781648,0.4842105263157895,0.9931312007901678,1.0,1.1203957310556056,0.2608695652173913,0.8389077511936279,0.889543297367469,15,"POGLUT1, B3GALT2, FUT8, ST3GAL6, TMEM258, RPN2, DPM3, DPAGT1, PLOD1, NPC1, ST3GAL5, SERP1",
Reactome,Fc Epsilon Receptor (FCERI) Signaling,71,,0,down in PD,-0.28879576130635753,-0.9935173453925717,0.4849699398797595,0.9931312007901678,1.0,-1.2070921604030167,0.12258064516129032,1.0,0.8151531531531532,25,"ITPR1, CUL1, SEM1, GAB2, NRAS, PSMD2, MAPK8, CHUK, PSMD14, PSMD10, VAV3, FBXW11",
GO BP,Membrane Organization,97,,0,down in PD,-0.27698360751656925,-1.0026817529001424,0.4854771784232365,0.9931312007901678,1.0,-1.219800399502397,0.11737089201877934,1.0,0.8016268909754826,30,"GCA, EXOC6, TOR1B, EXOC6B, PIK3C2A, CTDNEP1, TOR1AIP2, HGS, EXOC5, VPS36, EXOC8, DNM1L",
KEGG,Protein processing in endoplasmic reticulum,109,DNAJB1,1,up in PD,0.26836229537243894,1.0074794343542692,0.48565965583174,0.9931312007901678,1.0,1.182234339471772,0.15699658703071673,0.792877417531115,0.8554356972006089,31,"DNAJB1, HSPH1, PDIA4, EIF2AK2, UBE2D3, HSPA5, ATF6, CRYAB, DNAJA1, CALR, HSP90AA1, HSP90B1",DNAJB1
Reactome,Signaling By VEGF,48,,0,down in PD,-0.28404246255151255,-0.9826587119721354,0.48588709677419356,0.9931312007901678,1.0,-1.1052429459215531,0.27555555555555555,0.9639300344423719,0.889543297367469,18,"ITPR1, WASF3, NRAS, VAV3, AKT3, NCKAP1, MAPK14, HRAS, SHC2, PRKCZ, MAPKAP1, PLCG1",
GO BP,Positive Regulation Of Proteolysis,19,,0,down in PD,-0.3570752991494719,-1.014174180914145,0.4860557768924303,0.9931312007901678,1.0,-1.0785617522667619,0.3408163265306122,0.9659777924248172,0.9052527446531683,4,"PINK1, TANK, TNIP1, FBXW11",
GO BP,Negative Regulation Of Neuron Projection Development,29,BCL11A,1,down in PD,-0.306116808703392,-0.9916204649199744,0.4862204724409449,0.9931312007901678,1.0,-1.0796139549752293,0.3192389006342495,0.9710063556130227,0.8938817436479362,5,"CIB1, KIAA0319, PTPN9, MCF2, GAK",
KEGG,Peroxisome,38,GSTK1,1,down in PD,-0.2990331169015016,-0.9911249540628518,0.48638132295719844,0.9931312007901678,1.0,-1.1109773519066128,0.29957805907172996,0.9682950486525611,0.889543297367469,14,"PEX5L, PEX16, PEX19, PEX2, ABCD3, ACSL6, NUDT12, FAR1, AGPS, ACSL4, ECI2, MPV17",
GO BP,Intracellular Steroid Hormone Receptor Signaling Pathway,18,,0,up in PD,0.35523050466152195,0.9827925613192733,0.4874476987447699,0.9931312007901678,1.0,1.0693458673623464,0.37786259541984735,0.8753555832725182,0.9052527446531683,8,"KDM3A, SAFB, PMEPA1, MAPK1, DDX5, ZDHHC7, WBP2, UBR5",
GO BP,MAPK Cascade,42,,0,down in PD,-0.2901814984164358,-0.9831709072472754,0.48804780876494025,0.9931312007901678,1.0,-1.078066470316521,0.31648351648351647,0.9587654642487249,0.8938817436479362,17,"PPP5C, SETX, MAP2K1, NRAS, BRAP, PAK1, MAPK8, RBX1, MAPK14, MAP3K5, HRAS, BRAF",
GO BP,Neurogenesis,16,,0,down in PD,-0.3214825174657949,-0.963366915201045,0.48893360160965793,0.9931312007901678,1.0,-0.9293414217489333,0.5365344467640919,0.9813675596644945,0.955332871107694,5,"TRAK1, RITA1, METTL14, BTBD3, BTBD2",
GO BP,Potassium Ion Transport,30,,0,up in PD,0.2871662844745216,0.9577010769991253,0.48897795591182364,0.9931312007901678,1.0,0.9705736216483895,0.49250936329588013,0.9229325266219244,0.9407331539684481,5,"KCNH2, KCNMA1, SLC24A2, CCDC51, ATP1B3",
GO BP,Positive Regulation Of Macromolecule Metabolic Process,110,,0,up in PD,0.2445397171555479,0.9861668376015194,0.4891518737672584,0.9931312007901678,1.0,1.0710018585460097,0.31046312178387653,0.8737567338636543,0.89171445147537,30,"ANXA2, CLU, WNT5A, MITF, IGF1, TTN, PIK3CD, DNAJA4, SLC38A2, PPM1F, RBPJ, NTRK3",
GO BP,Positive Regulation Of Proteolysis Involved In Protein Catabolic Process,15,,0,up in PD,0.35212476421044603,0.9894972702497375,0.48975409836065575,0.9931312007901678,1.0,0.986622035990436,0.4497153700189753,0.9108312093258117,0.91790029466858,3,"CLU, MAGEF1, LAPTM5",
Reactome,Insulin Receptor Recycling,15,,0,up in PD,0.405614446366941,1.0125004265571875,0.49,0.9931312007901678,1.0,1.1522773850640022,0.26765799256505574,0.8181669221484814,0.889543297367469,10,"INSR, ATP6V0E1, ATP6V1E1, ATP6V1D, ATP6AP1, ATP6V1G1, ATP6V1B2, ATP6V0B, ATP6V1C1, ATP6V0E2",
GO BP,Positive Regulation Of Type I Interferon Production,22,,0,down in PD,-0.3404595535142081,-1.0040429984465409,0.49079754601226994,0.9931312007901678,1.0,-1.1059151871803297,0.3174946004319654,0.9681170334489307,0.8938817436479362,7,"TANK, CHUK, RIOK3, TBK1, PTPN11, IRAK1, DHX9",
GO BP,Regulation Of MAPK Cascade,65,,0,up in PD,0.2538919131093388,0.9524956204311652,0.4909090909090909,0.9931312007901678,1.0,1.0112693459092168,0.42988929889298894,0.8959946359801257,0.9159361089531836,21,"FGFR1, EIF2AK2, IGF1R, IGF1, PDGFA, CD81, TAOK3, INSR, LAPTM5, DUSP1, MYDGF, PAK3",
GO BP,Homophilic Cell Adhesion Via Plasma Membrane Adhesion Molecules,21,CNTN4,1,down in PD,-0.3293517679002663,-0.9678622206131238,0.49173553719008267,0.9931312007901678,1.0,-1.0541138459404822,0.38414634146341464,0.9561479995441315,0.9062081834303362,6,"CNTN4, EMB, CADM2, ROBO2, CNTN6, CADM3",CNTN4
Reactome,VEGFA-VEGFR2 Pathway,47,,0,down in PD,-0.28495099267617474,-0.9811656207616535,0.4919678714859438,0.9931312007901678,1.0,-1.1048443966333419,0.282560706401766,0.9620161206998559,0.889543297367469,18,"ITPR1, WASF3, NRAS, VAV3, AKT3, NCKAP1, MAPK14, HRAS, SHC2, PRKCZ, MAPKAP1, PLCG1",
KEGG,Ubiquitin mediated proteolysis,84,,0,down in PD,-0.28918588151781943,-1.0019446263849623,0.49284253578732107,0.9931312007901678,1.0,-1.269989857683674,0.0738255033557047,1.0,0.6798387096774193,27,"KLHL13, RNF7, UBE2W, UBE2I, KEAP1, CUL1, MGRN1, ANAPC4, BIRC6, UBE3C, RBX1, RCHY1",
Reactome,Glutamate Neurotransmitter Release Cycle,16,PPFIA4,1,up in PD,0.3482115019486285,0.9964286938225655,0.4939759036144578,0.9931312007901678,1.0,1.0066437197715503,0.441233140655106,0.8971690169704213,0.917834535534549,4,"PPFIA4, SLC38A2, SNAP25, RAB3A",PPFIA4
GO BP,Negative Regulation Of Organelle Assembly,17,,0,down in PD,-0.32783615200993843,-0.9927501683116584,0.49498997995991983,0.9931312007901678,1.0,-0.9573385343933752,0.5182795698924731,0.9769191658020738,0.9490345867409878,3,"PINK1, TBC1D7, SCFD1",
Hallmark,PI3K/AKT/mTOR  Signaling,54,PRKAR2A,1,up in PD,0.28277530923657035,0.994900897510953,0.49506903353057197,0.9931312007901678,1.0,1.0987604893902092,0.30511463844797176,0.8591340738502689,0.889543297367469,15,"PRKAR2A, PRKCB, UBE2D3, CALR, CFL1, MKNK2, ECSIT, HSP90B1, STAT2, YWHAB, MAP2K3, SQSTM1",PRKAR2A
Reactome,L13a-mediated Translational Silencing Of Ceruloplasmin Expression,51,,0,up in PD,0.3444925294682488,0.9645648128619158,0.49523809523809526,0.9931312007901678,1.0,1.3347914397085938,0.0708955223880597,0.6450197996566914,0.6798387096774193,19,"PABPC1, EIF3E, RPS5, EIF3H, RPL18, UBA52, RPL36, RPS16, RPS4X, RPL37A, RPS4Y1, RPL14",
Reactome,Golgi-to-ER Retrograde Transport,72,,0,down in PD,-0.31003737726727043,-1.0144541696227787,0.4969574036511156,0.9931312007901678,1.0,-1.306753184516663,0.0593607305936073,0.9573621775668547,0.6282855759224342,20,"COPA, COPZ1, DCTN5, DYNC1I1, ARFGAP2, PAFAH1B1, KIF5A, KIFAP3, GALNT2, ARCN1, KIF21B, KIF26B",
Reactome,"PI5P, PP2A And IER3 Regulate PI3K/AKT Signaling",38,,0,down in PD,-0.30857732559001894,-0.9962381191469403,0.4969939879759519,0.9931312007901678,1.0,-1.1348575071467075,0.26521739130434785,1.0,0.889543297367469,11,"PIGU, PIK3R3, PPP2R5A, GAB2, PPP2R5B, PPP2R1A, PPP2CA, PTPN11, IRAK1, RNMT, SOS1",
Reactome,Transcriptional Regulation By RUNX1,84,,0,up in PD,0.25600209848335737,0.980330966550661,0.49707602339181284,0.9931312007901678,1.0,1.0629590666231317,0.3593155893536122,0.8789905855789679,0.9052527446531683,16,"RYBP, PRKCB, AGO3, CSNK2A2, SETD1B, TNRC6B, KAT2B, ARID2, PSMD5, UBA52, PSMB1, PSMA7",
GO BP,Glycerophospholipid Metabolic Process,16,,0,down in PD,-0.32433777511693984,-0.9765523434308614,0.497164461247637,0.9931312007901678,1.0,-0.9577026389909211,0.4852607709750567,0.9776229794444128,0.9407331539684481,6,"GPCPD1, PAFAH1B1, FAR1, PLCG1, GDE1, ABHD12",
GO BP,Regulation Of Receptor-Mediated Endocytosis,16,,0,up in PD,0.3264026908822626,0.966796705290775,0.498015873015873,0.9931312007901678,1.0,0.9311978829710926,0.5355731225296443,0.9609413692527784,0.955332871107694,3,"CLU, MKLN1, C3",
KEGG,Arginine and proline metabolism,20,,0,up in PD,0.3397882603845695,0.9691864720478348,0.49803149606299213,0.9931312007901678,1.0,1.0410981465410463,0.4027237354085603,0.8719885892609995,0.9108478954936512,5,"AMD1, MAOB, CNDP1, SAT1, GOT2",
Reactome,GTP Hydrolysis And Joining Of 60S Ribosomal Subunit,52,,0,up in PD,0.34720599422334986,0.9609504473426557,0.49808429118773945,0.9931312007901678,1.0,1.339662039354668,0.06378986866791744,0.6311380640710136,0.6509303732839152,20,"EIF3E, RPS5, EIF3H, EIF5, RPL18, UBA52, RPL36, RPS16, RPS4X, RPL37A, RPS4Y1, RPL14",
GO BP,Positive Regulation Of Protein Polymerization,27,,0,down in PD,-0.3017029432391779,-0.9720987034343702,0.498960498960499,0.9931312007901678,1.0,-1.0084717341319631,0.45489443378119004,0.952345752363206,0.9243567678177694,12,"PINK1, FCHSD2, PAK1, NCKAP1, CDK5R1, MAPRE1, SLAIN1, NCK2, SNX9, CTTN, CLIP1, BIN1",
KEGG,Glioma,35,,0,up in PD,0.29270775492148216,0.9691610125333933,0.499009900990099,0.9931312007901678,1.0,1.0123006383008992,0.44014732965009207,0.8942870225018198,0.9171782196146603,5,"PRKCB, IGF1R, IGF1, PDGFA, PIK3CD",
GO BP,Cellular Response To Tumor Necrosis Factor,27,,0,up in PD,0.29644340060458213,0.9723216896807024,0.5,0.9931312007901678,1.0,0.984051944326684,0.4627949183303085,0.91240871766103,0.927003670423337,13,"TRAF3, SFRP1, RELA, RRAGA, CHI3L1, ACTN4, RPS3, NFKBIA, EIF5A, STAT1, ZFP36L1, NFE2L2",
GO BP,Regulation Of Protein Catabolic Process,61,,0,up in PD,0.2618595299650452,0.9756918187316344,0.5009596928982726,0.9931312007901678,1.0,1.0511888804123561,0.36347197106690776,0.8776021060166633,0.9052527446531683,9,"WNT5A, PHF20L1, TRIM32, GFAP, SORL1, HSP90AA1, CUL4A, TNFSF13B, SNX3",
Reactome,Mitophagy,19,,0,up in PD,0.3466982976009053,0.9786053824482867,0.5009861932938856,0.9931312007901678,1.0,1.050208773234119,0.3643724696356275,0.8789257047996789,0.9052527446531683,6,"CSNK2A2, ATG12, TOMM7, UBA52, UBC, SQSTM1",
Reactome,Peptide Chain Elongation,34,,0,up in PD,0.3831932118473176,0.9721233690402534,0.5019230769230769,0.9931312007901678,1.0,1.3768802051097098,0.0690978886756238,0.5958060235531832,0.6798387096774193,14,"RPS5, RPL18, UBA52, RPL36, RPS16, RPS4X, RPL37A, RPS4Y1, RPL14, RPL35A, RPS3, RPL19",
Reactome,Eukaryotic Translation Elongation,35,,0,up in PD,0.37483604257939346,0.9696509618620023,0.5019230769230769,0.9931312007901678,1.0,1.3580491399586478,0.0789980732177264,0.624042452083433,0.6845339648425894,14,"RPS5, RPL18, UBA52, RPL36, RPS16, RPS4X, RPL37A, RPS4Y1, RPL14, RPL35A, RPS3, RPL19",
KEGG,Neurotrophin signaling pathway,60,,0,down in PD,-0.2747336003215396,-0.9795018672584862,0.5019762845849802,0.9931312007901678,1.0,-1.130986192603714,0.2631578947368421,1.0,0.889543297367469,19,"PIK3R3, MAP2K1, NRAS, CAMK2D, MAPK8, PTPN11, IRAK1, RPS6KA1, AKT3, SOS1, MAPK14, MAP3K5",
Reactome,Protein-protein Interactions At Synapses,48,PPFIA4,1,down in PD,-0.288701455803554,-0.9807684093081911,0.5020408163265306,0.9931312007901678,1.0,-1.1142142015027423,0.2725118483412322,0.9832116076896609,0.889543297367469,14,"PTPRF, GRIA3, SLITRK5, SHARPIN, PPFIA2, SIPA1L1, LIN7C, NRXN3, NLGN3, LRFN1, NLGN1, LIN7A",
Reactome,Regulated Necrosis,17,CFLAR,1,up in PD,0.3476399934259937,0.97627473941091,0.5028462998102466,0.9931312007901678,1.0,1.0299791043687923,0.4196078431372549,0.8764505330562319,0.9159361089531836,10,"CFLAR, HSP90AA1, UBA52, CHMP7, UBC, CHMP2A, BIRC2, XIAP, SDCBP, UBB",CFLAR
GO BP,Regulation Of Protein Dephosphorylation,23,,0,up in PD,0.3262965210816076,0.9990989177938624,0.5029239766081871,0.9931312007901678,1.0,1.0426434332742307,0.3947858472998138,0.8798437660881194,0.9091830741336601,6,"CAMTA1, SMPD1, MFHAS1, HSP90B1, YWHAB, ENSA",
GO BP,Positive Regulation Of Monoatomic Ion Transport,15,,0,up in PD,0.357936856026783,0.9908126102281959,0.5029940119760479,0.9931312007901678,1.0,1.0186757058158478,0.4400749063670412,0.8819923205797708,0.9171782196146603,3,"ATP2B1, WFS1, FHL1",
GO BP,Cellular Response To Amino Acid Starvation,22,,0,up in PD,0.3117621309416635,0.9748567161019401,0.503006012024048,0.9931312007901678,1.0,0.9778189287118715,0.48697394789579157,0.9130889118285413,0.9407331539684481,6,"EIF2AK2, SESN2, NPRL2, SESN1, RRAGA, MAPK1",
GO BP,Protein Deubiquitination,41,,0,down in PD,-0.29194996028449716,-0.9851810828637025,0.5030674846625767,0.9931312007901678,1.0,-1.094213083575655,0.3174946004319654,0.955845833698137,0.8938817436479362,10,"VCPIP1, ATXN3, USP24, USP20, USP35, USP8, USP1, PSMD14, COPS5, ENY2",
Reactome,MAPK Targets/ Nuclear Events Mediated By MAP Kinases,17,,0,down in PD,-0.3431869481420219,-0.9648982530038477,0.5038461538461538,0.9931312007901678,1.0,-1.002893789379942,0.4688888888888889,0.951797981492806,0.9306805695705797,8,"MAPK8, PPP2R1A, PPP2CA, DUSP3, RPS6KA1, MAPK14, MAPK10, CREB1",
Reactome,Selenocysteine Synthesis,35,,0,up in PD,0.38067836483668105,0.9758605984348734,0.5038461538461538,0.9931312007901678,1.0,1.3541817136180785,0.06796116504854369,0.6288014782972592,0.6798387096774193,15,"RPS5, RPL18, UBA52, RPL36, RPS16, RPS4X, RPL37A, RPS4Y1, RPL14, RPL35A, RPS3, RPL19",
GO BP,Positive Regulation Of DNA-binding Transcription Factor Activity,72,CFLAR,1,up in PD,0.2629087430185026,0.9832084809974015,0.50390625,0.9931312007901678,1.0,1.0843562963219504,0.29948364888123924,0.8644526339989879,0.889543297367469,9,"PRKCB, CLU, WNT5A, CD200, CFLAR, EIF2AK2, TRIM32, RPS6KA5, NHLH2",CFLAR
KEGG,Lysosome,60,LGMN,1,down in PD,-0.2726323904214425,-0.9672747368253051,0.5061224489795918,0.9931312007901678,1.0,-1.102603761943309,0.2679738562091503,0.9544341241581369,0.889543297367469,11,"CTSF, ABCB9, LGMN, CLTCL1, HGSNAT, FUCA2, ATP6V1H, AP4B1, SLC17A5, AP3D1, SGSH",LGMN
Reactome,rRNA Modification In Nucleus And Cytosol,26,,0,down in PD,-0.30586035073527784,-0.9567334250552485,0.5071868583162218,0.9931312007901678,1.0,-1.0185517627103013,0.4139433551198257,0.9648609817989433,0.9159361089531836,4,"NOL6, WDR36, DDX49, NAT10",
GO BP,Ras Protein Signal Transduction,64,,0,down in PD,-0.27475881295566207,-0.9640864877291803,0.5072765072765073,0.9931312007901678,1.0,-1.117569940972855,0.26280623608017817,0.976403654597412,0.889543297367469,15,"RAP2A, AGTR1, NRAS, USP8, ARHGAP35, BRAP, RASGRF1, ORC3, CNKSR2, DOK6, ADGRG1, SOS1",
Reactome,PI3K/AKT Signaling In Cancer,33,,0,down in PD,-0.31251895564211185,-0.9657053149823952,0.508130081300813,0.9931312007901678,1.0,-1.1220404621018834,0.28693790149892934,0.9919284303923339,0.889543297367469,12,"PIGU, PIK3R3, GAB2, CHUK, PTPN11, AKT3, RNMT, SOS1, MAPKAP1, GSK3B, CREB1, FGF13",
GO BP,Positive Regulation Of TOR Signaling,23,,0,down in PD,-0.31881926394633087,-0.9723290318807031,0.51,0.9931312007901678,1.0,-1.0360224853808182,0.4,0.9491340071659945,0.9104536067791782,4,"LAMTOR1, MIOS, FNIP1, LAMTOR3",
KEGG,Nicotine addiction,17,CACNA1A,1,up in PD,0.35638798076483313,0.9736223099316119,0.5112781954887218,0.9931312007901678,1.0,1.0385529615530935,0.39814814814814814,0.8677276592674307,0.9103857203985573,2,"CACNA1A, GRIN2A",CACNA1A
Reactome,Dopamine Neurotransmitter Release Cycle,18,PPFIA4,1,up in PD,0.37291730394710565,0.9883329363252555,0.5116731517509727,0.9931312007901678,1.0,1.1107730464838328,0.2994350282485876,0.8643867049689792,0.889543297367469,6,"PPFIA4, SYN2, CASK, SYN1, SNAP25, RAB3A",PPFIA4
GO BP,Protein Homooligomerization,48,FUS,1,up in PD,0.2786866902749,0.9875304391164827,0.51171875,0.9931312007901678,1.0,1.0402845058149828,0.3828264758497317,0.8710054343169791,0.9062081834303362,12,"FUS, CLU, JMJD6, EHD1, CRYZ, CHMP2A, ALAD, ZBTB1, TMEM70, APLP2, SAMHD1, SHMT2",FUS
Hallmark,Complement,66,LGMN,1,up in PD,0.26266722538816234,0.9767237663402739,0.5131313131313131,0.9931312007901678,1.0,1.0586492104216552,0.35251798561151076,0.8777460461610596,0.9052527446531683,18,"CLU, HSPA5, RABIF, CSRP1, C3, EHD1, TIMP2, STX4, PIM1, CTSB, SPOCK2, HPCAL4",
Reactome,Deadenylation-dependent mRNA Decay,23,,0,up in PD,0.33043729662256466,0.9607736041125438,0.51434034416826,0.9931312007901678,1.0,1.0669319521575458,0.34782608695652173,0.8793866549205448,0.9052527446531683,4,"PABPC1, EXOSC1, CNOT2, CNOT7",
Reactome,Budding And Maturation Of HIV Virion,20,,0,down in PD,-0.35713193766434925,-1.0025492010665076,0.5149105367793241,0.9931312007901678,1.0,-1.1212151648142155,0.2939958592132505,0.9799181085442272,0.889543297367469,8,"SGIP1, PPIA, VPS28, CHMP2B, CHMP4B, VPS4A, UBAP1, VPS37A",
Reactome,Signaling By ERBB2,23,,0,down in PD,-0.3191791293631283,-0.9810139417395727,0.5149105367793241,0.9931312007901678,1.0,-1.0434047223467755,0.3903966597077244,0.9597708705363713,0.9066236477509965,8,"PIGU, NRAS, USP8, AKT3, SOS1, RNF41, HRAS, PLCG1",
Reactome,Influenza Infection,76,,0,up in PD,0.3066303873810147,0.9674490887962455,0.5152671755725191,0.9931312007901678,1.0,1.2710557324902194,0.09851301115241635,0.6984074647414255,0.7684517369876186,31,"EIF2AK2, CALR, RPS5, HSP90AA1, NUP62, RPL18, POLR2L, UBA52, KPNA1, POLR2F, RPL36, CLTA",
GO BP,Double-Strand Break Repair Via Nonhomologous End Joining,16,,0,down in PD,-0.3434221322966864,-0.971067984957535,0.515274949083503,0.9931312007901678,1.0,-1.0048133885987178,0.4503171247357294,0.9518783782383444,0.91790029466858,9,"PSMD14, ERCC1, PRPF19, TP53BP1, ZBTB7A, IFFO1, UVRAG, PRKDC, POLB",
GO BP,Response To Metal Ion,23,,0,up in PD,0.31274284908634825,0.9678731980218225,0.516260162601626,0.9931312007901678,1.0,0.9796010507002691,0.4766355140186916,0.9137423582383295,0.9359398562288624,3,"PAM, TTN, KCNMA1",
GO BP,Cell-Cell Junction Assembly,29,,0,up in PD,0.30543877020006677,0.9718082081832761,0.5168776371308017,0.9931312007901678,1.0,1.037107767132356,0.3931297709923664,0.8688058781796715,0.9091830741336601,13,"CDH2, CDH4, CDH6, ARVCF, CLDN12, TBCD, VCL, ZNF703, PIP5K1C, PAK2, CDH10, CNTNAP1",
GO BP,Negative Regulation Of Transport,18,,0,up in PD,0.33632711614139754,0.9613322950157329,0.5168986083499006,0.9931312007901678,1.0,1.0215421609388142,0.437137330754352,0.8829748592623073,0.9159361089531836,3,"CRYAB, PPM1F, SNX3",
GO BP,Negative Regulation Of DNA Metabolic Process,15,,0,down in PD,-0.3578052838919782,-0.9690545488470117,0.5173824130879345,0.9931312007901678,1.0,-1.0231179951780562,0.42168674698795183,0.9551421087519205,0.9159361089531836,4,"WAPL, TERF2, TSPYL2, ERCC1",
GO BP,Positive Regulation Of Protein Targeting To Mitochondrion,21,,0,up in PD,0.3131385965446046,0.9659509739531031,0.5184466019417475,0.9931312007901678,1.0,0.9838533462337236,0.47638603696098564,0.9097909821246188,0.9359398562288624,4,"CSNK2A2, UBE2D3, TOMM7, PDCD5",
Reactome,Semaphorin Interactions,32,PLXNC1,1,up in PD,0.30062954172038864,0.9595862287776307,0.5188118811881188,0.9931312007901678,1.0,1.0517114450032339,0.38361266294227186,0.8776863573267262,0.9062081834303362,11,"PLXNC1, SEMA4D, HSP90AA1, PLXNA4, VPS72, PIP5K1C, MYL6, DPYSL3, MYH10, MYH14, PLXNA1",PLXNC1
Reactome,Constitutive Signaling By Aberrant PI3K In Cancer,22,,0,down in PD,-0.33258091211318974,-0.9643061096884065,0.5190380761523046,0.9931312007901678,1.0,-1.0784604471726997,0.34541577825159914,0.9633644826135976,0.9052527446531683,6,"PIGU, PIK3R3, GAB2, PTPN11, RNMT, SOS1",
KEGG,Various types of N-glycan biosynthesis,17,,0,up in PD,0.32915870015053317,0.9649896632571686,0.5191146881287726,0.9931312007901678,1.0,0.9497127809499657,0.5329457364341085,0.946540390407483,0.955332871107694,5,"HEXA, FUT8, RPN2, HEXB, TUSC3",
GO BP,Regulation Of Epithelial To Mesenchymal Transition,20,,0,down in PD,-0.33265792871321664,-0.9576471814615685,0.51953125,0.9931312007901678,1.0,-1.039107500984074,0.40425531914893614,0.9578251489067123,0.9108478954936512,7,"LDLRAD4, TGFBR2, PPP2CA, DAB2IP, PTK2, CTNNB1, MARK1",
GO BP,Potassium Ion Transmembrane Transport,35,,0,down in PD,-0.2908254851910004,-0.967429918265092,0.5203094777562862,0.9931312007901678,1.0,-1.047954476347658,0.35639412997903563,0.9583090319023728,0.9052527446531683,10,"HCN4, KCNN3, KCNJ9, SLC12A2, ATP1B1, ATP1B2, KCNJ16, ATP1A2, KCNB1, LETM1",
GO BP,Monocarboxylic Acid Metabolic Process,29,,0,up in PD,0.29838616471160145,0.9643589668478353,0.52046783625731,0.9931312007901678,1.0,0.9827733339781872,0.4842300556586271,0.9100159070914797,0.9407331539684481,11,"NAAA, IGF1, GRHPR, NPC1, PCCA, THEM4, PANK2, VDAC1, ME2, GATM, AASDHPPT",
Reactome,Interferon Signaling,62,,0,up in PD,0.2746285481418637,0.9653558378157904,0.5216535433070866,0.9931312007901678,1.0,1.0913173281303314,0.3177737881508079,0.8568200874963084,0.8938817436479362,26,"EIF2AK2, PDE12, JAK1, NUP62, TRIM8, IFNGR2, UBE2L6, IP6K2, UBA52, ARIH1, STAT2, KPNA1",
Reactome,ADORA2B Mediated Anti-Inflammatory Cytokine Production,27,PRKAR2A,1,up in PD,0.3110823372360635,0.9816370215007825,0.5219123505976095,0.9931312007901678,1.0,1.031834969054272,0.4166666666666667,0.8736981931163249,0.9159361089531836,7,"PRKAR2A, CHGA, RAMP1, GNAI2, GNAI3, GNB5, GNG4",PRKAR2A
KEGG,Lysine degradation,24,,0,up in PD,0.3252386673938892,0.9720952157484638,0.5223577235772358,0.9931312007901678,1.0,1.0385922101234555,0.3980392156862745,0.8694070961342361,0.9103857203985573,7,"SETD1B, ASH1L, NSD1, PLOD1, HADH, KMT2C, ECHS1",
Hallmark,KRAS Signaling Up,51,"GPNMB, USP12",2,down in PD,-0.28993214518393506,-0.9733491998091499,0.5225933202357563,0.9931312007901678,1.0,-1.1500936116618312,0.21052631578947367,1.0,0.889543297367469,14,"USP12, YRDC, PTBP2, TOR1AIP2, RABGAP1L, EPHB2, CCSER2, CAB39L, MMD, HDAC9, GLRX, BTBD3",USP12
GO BP,Positive Regulation Of Cellular Process,173,LGMN,1,up in PD,0.23441383828371243,0.9729897906078886,0.5227722772277228,0.9931312007901678,1.0,1.1001733277780952,0.25463743676222594,0.8630259609747933,0.889543297367469,25,"GRN, CCAR1, FGFR1, TRIM32, IGF1R, IGF1, PDGFA, CD81, LGI1, CALR, CDC25B, PA2G4",
Reactome,Toll Like Receptor 3 (TLR3) Cascade,49,,0,down in PD,-0.2688340453470115,-0.965814244605833,0.5229540918163673,0.9931312007901678,1.0,-1.0648873822035834,0.34334763948497854,0.9580825268205113,0.9052527446531683,20,"CUL1, MAP2K1, TANK, MAPK8, CHUK, PPP2R1A, PPP2CA, TBK1, IRAK1, FBXW11, DUSP3, RPS6KA1",
Reactome,Heme Signaling,19,,0,up in PD,0.34004506659724765,0.9599279999738202,0.5230125523012552,0.9931312007901678,1.0,1.0423774666389811,0.38684719535783363,0.8787878894778132,0.9062081834303362,6,"NCOR1, RXRA, XPO1, NFE2L2, CHD9, HDAC3",
Reactome,Vesicle-mediated Transport,353,SH3GL3,1,down in PD,-0.2480047628761446,-0.9922297726802526,0.5238095238095238,0.9931312007901678,1.0,-1.333778844987649,0.007692307692307693,0.9306012076374514,0.3438811188811189,93,"SH3GL3, DENND2A, SEC23IP, GOLIM4, SGIP1, TBC1D7, RHOQ, RAB39B, SCFD1, COPA, COPZ1, AP2A1",SH3GL3
GO BP,Microtubule Polymerization,20,,0,up in PD,0.3332696835597214,0.9698534401281037,0.524,0.9931312007901678,1.0,1.0167335342128723,0.4337121212121212,0.8847611484893041,0.9159361089531836,6,"TUBG2, SSNA1, SLAIN2, CENPJ, MAPT, CLASP1",
GO BP,Membrane Lipid Biosynthetic Process,21,ELOVL7,1,down in PD,-0.3126932741531069,-0.9596576561163604,0.5245579567779961,0.9931312007901678,1.0,-0.9958391755824822,0.4598393574297189,0.9505509192747342,0.924859943977591,7,"ELOVL7, CERS6, PPM1L, ELOVL5, ACER3, ELOVL6, SGMS1",ELOVL7
GO BP,mRNA Splice Site Recognition,21,,0,down in PD,-0.3298491135630687,-0.9538257005884219,0.525,0.9931312007901678,1.0,-1.0640508721789383,0.37136929460580914,0.9583998994560613,0.9052527446531683,14,"SETX, SRSF9, SF3A1, SFSWAP, ISY1, CELF3, HNRNPC, PRPF39, SLU7, LUC7L, PUF60, NOL3",
Reactome,Muscle Contraction,67,,0,up in PD,0.24582387514741005,0.9562197325465299,0.5250501002004008,0.9931312007901678,1.0,0.9875873917065404,0.46078431372549017,0.9144742180806846,0.924859943977591,18,"ANXA2, FGF14, KCNH2, KAT2B, NPRL2, ATP2B1, KCNIP4, MYBPC1, MYL12A, CACNB1, MYL6B, AKAP9",
KEGG,Chagas disease,44,CFLAR,1,down in PD,-0.283538404824102,-0.9615834505307325,0.5261121856866537,0.9931312007901678,1.0,-1.0966922905147234,0.3,0.9522023310343407,0.889543297367469,14,"TGFBR2, PIK3R3, PPP2R2C, PPP2R2B, MAPK8, CHUK, GNA11, PPP2R1A, PPP2CA, IRAK1, AKT3, IFNGR1",
KEGG,VEGF signaling pathway,27,,0,down in PD,-0.30968282664322877,-0.9625052170278219,0.5262135922330097,0.9931312007901678,1.0,-1.0371778041273796,0.418013856812933,0.9497354286106328,0.9159361089531836,12,"PIK3R3, MAP2K1, NRAS, AKT3, MAPK14, PPP3R1, HRAS, SHC2, PLCG1, PTK2, VEGFA, MAP2K2",
GO BP,Lytic Vacuole Organization,15,,0,up in PD,0.3324367033461528,0.9331779384375695,0.5267489711934157,0.9931312007901678,1.0,0.9302116996194049,0.5466666666666666,0.9607327595516768,0.9609669811320755,3,"GRN, TMEM106B, SNAPIN",
KEGG,Breast cancer,43,,0,up in PD,0.2851251175453168,0.9425983739001625,0.5269461077844312,0.9931312007901678,1.0,1.056493766931199,0.35793357933579334,0.8751620560190813,0.9052527446531683,6,"WNT5A, FGFR1, IGF1R, IGF1, JUN, PIK3CD",
KEGG,Aldosterone synthesis and secretion,36,,0,down in PD,-0.287812489892179,-0.9475973736827854,0.5269461077844312,0.9931312007901678,1.0,-1.0494825520110322,0.3765432098765432,0.9578708701069399,0.9052527446531683,17,"ITPR1, ADCY3, AGTR1, CAMK1D, CAMK2D, GNA11, ATP1B1, ATP1B2, ATP1A2, CACNA1G, CREB1, ATP2B2",
Reactome,Signaling By FGFR2 In Disease,25,,0,down in PD,-0.3077394148803767,-0.9543268987400239,0.5269461077844312,0.9931312007901678,1.0,-1.0354638384426427,0.38311688311688313,0.9412715132190865,0.9062081834303362,8,"PIGU, POLR2H, NRAS, SOS1, HRAS, PLCG1, POLR2G, FGF13",
Reactome,Viral mRNA Translation,37,,0,up in PD,0.3586716606772789,0.9353931669662869,0.5271317829457365,0.9931312007901678,1.0,1.3179458142488363,0.10058027079303675,0.6641226339084102,0.7684517369876186,16,"RPS5, RPL18, UBA52, RPL36, RPS16, RPS4X, RPL37A, RPS4Y1, RPL14, RPL35A, RPS3, RPL19",
KEGG,Human immunodeficiency virus 1 infection,80,,0,down in PD,-0.25991755689537,-0.9642998182331421,0.5271629778672032,0.9931312007901678,1.0,-1.1363377509197985,0.22528735632183908,1.0,0.889543297367469,25,"RNF7, ITPR1, PIK3R3, CUL1, MAP2K1, NRAS, PAK1, MAPK8, RBX1, CHUK, GNA11, TBK1",
GO BP,Protein Localization,175,,0,down in PD,-0.2472453676321451,-0.979697674274963,0.5274949083503055,0.9931312007901678,1.0,-1.2235963604286881,0.07517084282460136,1.0,0.6798387096774193,61,"PEX5L, RAP2A, LAMTOR1, SEC23IP, SCFD1, COPA, COPZ1, AP2A1, AKAP11, BBS4, RAB5A, HGS",
Reactome,RAF/MAP Kinase Cascade,124,,0,down in PD,-0.25020485262126657,-0.9649433288772993,0.5277207392197125,0.9931312007901678,1.0,-1.1540230224142962,0.1591928251121076,1.0,0.8562765944401526,42,"PPP5C, MAP2K1, PPP2R5A, SEM1, NRAS, PPP2R5B, CAMK2D, LAMTOR3, PSMD2, ICMT, RBX1, CSK",
Reactome,Homology Directed Repair,28,,0,down in PD,-0.3048595426165295,-0.9291362560526844,0.5281124497991968,0.9931312007901678,1.0,-1.0359350994240586,0.3865546218487395,0.9469568987157172,0.9062081834303362,9,"TOPBP1, UBE2I, SEM1, POLR1A, ERCC1, ABL1, PARP2, TP53BP1, HUS1",
GO BP,Positive Regulation Of Cellular Biosynthetic Process,70,,0,down in PD,-0.26502820085036305,-0.9587829202750494,0.5284552845528455,0.9931312007901678,1.0,-1.0996100356813803,0.26258205689277897,0.950217271937097,0.889543297367469,16,"LPGAT1, LARP4B, RPS27L, CIRBP, CTDNEP1, NAT10, HIF1A, EEF2, METTL14, GIPC1, GUF1, EIF3D",
GO BP,Monocarboxylic Acid Biosynthetic Process,19,,0,down in PD,-0.3319297510875925,-0.9647539824317715,0.5284552845528455,0.9931312007901678,1.0,-1.0363362759890271,0.40176600441501104,0.9504817492939838,0.9104536067791782,3,"FASN, OSBP, ABCD3",
GO BP,Protein Localization To Lysosome,23,,0,up in PD,0.3048036884071359,0.965313204258229,0.5285996055226825,0.9931312007901678,1.0,0.9766344899928343,0.48785046728971965,0.9152704704624873,0.9407331539684481,4,"CD81, SORL1, LAMTOR4, LAPTM5",
GO BP,Regulation Of Receptor Internalization,20,,0,up in PD,0.3224242987248864,0.9577527214936106,0.529296875,0.9931312007901678,1.0,0.9967078357749988,0.4594594594594595,0.9020010195173253,0.924859943977591,5,"ANXA2, MKLN1, ATXN2, INSR, ANKRD13D",
Reactome,Dual Incision In TC-NER,34,,0,down in PD,-0.29190379323580473,-0.943132875601189,0.5304518664047151,0.9931312007901678,1.0,-1.0635630610891356,0.3418803418803419,0.9547578028921452,0.9052527446531683,12,"XPA, POLR2H, POLR1A, RBX1, TCEA1, DDB1, ERCC1, PRPF19, CCNH, CUL4B, MNAT1, POLR2G",
Reactome,Transcription-Coupled Nucleotide Excision Repair (TC-NER),41,,0,down in PD,-0.30075327409379604,-0.9554312772981369,0.5307377049180327,0.9931312007901678,1.0,-1.1416612799186054,0.25869565217391305,1.0,0.889543297367469,13,"XPA, POLR2H, POLR1A, COPS7A, RBX1, TCEA1, DDB1, COPS5, ERCC1, PRPF19, CCNH, CUL4B",
GO BP,Exocytosis,44,,0,down in PD,-0.2952080105059717,-0.9817679680683444,0.5308641975308642,0.9931312007901678,1.0,-1.1107585586710456,0.2803532008830022,0.9656359476258851,0.889543297367469,11,"TMEM167B, SCRN1, SNAP47, EXOC6, EXOC6B, PIK3C2A, EXOC5, EXOC8, COPS5, CDK16, SYNGR3",
Reactome,Centrosome Maturation,41,,0,up in PD,0.2868651158118457,0.957140083586785,0.5310077519379846,0.9931312007901678,1.0,1.0458010803820519,0.4014336917562724,0.8805529901036001,0.9104536067791782,6,"PCNT, TUBG2, CEP41, HSP90AA1, SSNA1, PCM1",
GO BP,Fatty Acid Beta-Oxidation,21,,0,down in PD,-0.3298875668914675,-0.9400380756789595,0.5311871227364185,0.9931312007901678,1.0,-1.0281629452777763,0.38445807770961143,0.9509936924276573,0.9062081834303362,7,"PEX2, ACAT1, ABCD3, ETFDH, ACADM, ETFB, ECI2",
GO BP,Nucleotide-Excision Repair,21,,0,down in PD,-0.33129505422302197,-0.9491999319346655,0.5313807531380753,0.9931312007901678,1.0,-1.078101461372249,0.35267857142857145,0.9616723489302366,0.9052527446531683,10,"XPA, DDB1, ERCC1, RPA2, RAD23B, HUS1, RPA1, SLC30A9, POLR2I, MMS19",
Reactome,Interferon Alpha/Beta Signaling,15,,0,up in PD,0.3693011047922185,0.9512387915183609,0.5314285714285715,0.9931312007901678,1.0,1.0461685653804547,0.3688073394495413,0.8812927498853356,0.9052527446531683,9,"JAK1, IP6K2, STAT2, KPNA1, MX1, STAT1, SAMHD1, KPNB1, IFIT1",
GO BP,Positive Regulation Of Cell Junction Assembly,23,,0,down in PD,-0.3051892695926858,-0.9614923009538298,0.5324165029469549,0.9931312007901678,1.0,-0.9995655004358697,0.4488888888888889,0.9481768790884969,0.91790029466858,11,"SLITRK5, CNTNAP2, EPHB2, CLSTN3, NLGN3, NLGN1, SLITRK1, MAP4K4, VEGFA, NRXN1, SLITRK4",
GO BP,Cytosolic Transport,74,,0,down in PD,-0.25813067758693575,-0.957561829190379,0.532803180914513,0.9931312007901678,1.0,-1.0898714123794462,0.3052391799544419,0.9670907082997983,0.889543297367469,20,"DENND2A, TMEM87B, AP2A1, CLTCL1, RAB5A, TBC1D23, EPS15, GAK, ANKFY1, VPS26B, RAB9B, PIKFYVE",
Reactome,HCMV Early Events,35,,0,up in PD,0.2959599757911439,0.9451067657082413,0.5334645669291339,0.9931312007901678,1.0,1.042942689895454,0.39464285714285713,0.88074805212213,0.9091830741336601,14,"PCSK2, NCOR1, DUT, NUP62, HSD17B4, RBBP4, HDAC3, NUP210, NUP98, SUZ12, NUP133, TXN2",
GO BP,Regulation Of Mitotic Cell Cycle,47,"L3MBTL1, LGMN",2,up in PD,0.269004372470582,0.9663538401022311,0.5347912524850894,0.9931312007901678,1.0,1.0157105936109299,0.41007194244604317,0.8864444520977529,0.9148952843185582,19,"DYNLT3, L3MBTL1, ANAPC16, HNRNPU, CDC25B, ANGEL2, GMNN, CUL9, CDK10, ANAPC5, ANAPC13, GBF1",L3MBTL1
GO BP,Positive Regulation Of Protein Modification Process,81,GPNMB,1,down in PD,-0.25828914053064456,-0.9515795072342212,0.5350194552529183,0.9931312007901678,1.0,-1.1120173060321823,0.2540045766590389,0.974495742164586,0.889543297367469,17,"CIB1, RAP2A, PINK1, PIK3R3, CLIP3, PPIA, PPP2R5A, FNIP1, TFRC, PAK1, CSNK1D, AKTIP",
KEGG,Neuroactive ligand-receptor interaction,45,SSTR1,1,down in PD,-0.2660078217377474,-0.9285267866276374,0.53515625,0.9931312007901678,1.0,-1.0237600847439345,0.388646288209607,0.9575497607059116,0.9066236477509965,7,"SSTR1, GRIA3, AGTR1, GRID1, DRD2, NTSR2, GABRA4",SSTR1
KEGG,GnRH signaling pathway,42,,0,down in PD,-0.29015598677392507,-0.9572495262773193,0.5355731225296443,0.9931312007901678,1.0,-1.0948142977334114,0.2886178861788618,0.9564845564519814,0.889543297367469,11,"ITPR1, ADCY3, MAP2K1, NRAS, CAMK2D, MAPK8, GNA11, MAP3K2, SOS1, MAPK14, HRAS",
Reactome,"Platelet Activation, Signaling And Aggregation",90,MANF,1,up in PD,0.25548581006470056,0.9669802531275649,0.5357142857142857,0.9931312007901678,1.0,1.078543988319249,0.2964912280701754,0.870522366445631,0.889543297367469,32,"PRKCB, CLU, MANF, HSPA5, PHACTR2, IGF1, STXBP3, PDGFA, DGKD, STX4, MAPK1, SCCPDH",MANF
Reactome,SLC Transporter Disorders,26,,0,down in PD,-0.3029866755179118,-0.9525905775027385,0.5369261477045908,0.9931312007901678,1.0,-1.015519736751364,0.4353448275862069,0.9546536425313396,0.9159361089531836,14,"SLC16A1, SLC33A1, SLC6A3, SLC17A5, NUP214, NUP155, SLC1A1, SLC40A1, SLC35A2, NUP153, MAP4K5, SLC11A2",
GO BP,Sulfur Compound Biosynthetic Process,22,,0,down in PD,-0.30447590487343923,-0.9518207959650543,0.5384615384615384,0.9931312007901678,1.0,-0.9691421273145481,0.5399159663865546,0.9778657866528743,0.955332871107694,5,"CSGALNACT1, XYLT1, PAPSS1, CDO1, ST3GAL1",
Reactome,E3 Ubiquitin Ligases Ubiquitinate Target Proteins,29,,0,down in PD,-0.31380001060570073,-0.973787225386568,0.539714867617108,0.9931312007901678,1.0,-1.08911525310936,0.31809145129224653,0.9669564241921044,0.8938817436479362,14,"DERL1, RTF1, TMEM129, PEX2, RNF20, UBE2B, CDC73, HLTF, UBE2E1, VCP, UBE2D2, PEX14",
GO BP,Response To Peptide Hormone,19,,0,up in PD,0.3325441790524921,0.946919356824463,0.5401606425702812,0.9931312007901678,1.0,1.0253422424347574,0.43478260869565216,0.8793438971367358,0.9159361089531836,11,"EIF2B1, STAT2, EIF2B5, EIF2B2, STAT5B, STAT1, ZFP36L1, SLC2A1, IRS1, STAT3, TCF12",
GO BP,Telomere Maintenance,24,,0,up in PD,0.3276738973548047,0.9440472560602846,0.5404339250493096,0.9931312007901678,1.0,1.0580960014972995,0.38202247191011235,0.8736312156949039,0.9062081834303362,3,"YY1, RUVBL2, PTGES3",
GO BP,Regulation Of mRNA Stability,37,FUS,1,up in PD,0.284958670234296,0.9524747453521818,0.5413385826771654,0.9931312007901678,1.0,1.0030786258048556,0.4567219152854512,0.8968161545562332,0.924859943977591,4,"FUS, PABPC1, PDE12, HNRNPU",FUS
Reactome,Class A/1 (Rhodopsin-like Receptors),19,"GPNMB, SSTR1",2,up in PD,0.31337756963153196,0.9393310656304396,0.5415821501014199,0.9931312007901678,1.0,0.9451353494920147,0.5311909262759924,0.9435936010725705,0.955332871107694,10,"GPNMB, CHGA, C3, NLN, GPR37L1, OPRK1, APP, LPAR1, HTR2A, XK",GPNMB
Hallmark,UV Response Dn,81,CACNA1A,1,up in PD,0.2576674060730314,0.9323442244555611,0.5419222903885481,0.9931312007901678,1.0,1.0829919133000951,0.2909090909090909,0.8673684404730589,0.889543297367469,26,"ANXA2, CDK13, CACNA1A, IGF1R, NIPBL, PIK3CD, KCNMA1, CDC42BPA, PLCB4, NFIB, ATP2B1, RXRA",CACNA1A
GO BP,Second-Messenger-Mediated Signaling,17,,0,down in PD,-0.32821045294071716,-0.938602764445329,0.5421455938697318,0.9931312007901678,1.0,-0.9924483342445786,0.460446247464503,0.9536730154793742,0.924859943977591,7,"AGTR1, ORC3, CNKSR2, PPP2R1A, PPP2CA, PPP1R9B, PLCG1",
GO BP,Protein K11-linked Ubiquitination,18,,0,down in PD,-0.3349294040051637,-0.959513561032808,0.5425101214574899,0.9931312007901678,1.0,-1.0109544304046287,0.4256619144602851,0.9480253578491735,0.9159361089531836,3,"UBE2W, AREL1, ANAPC4",
GO BP,mRNA Export From Nucleus,27,,0,up in PD,0.32757770036138306,0.9598560167110226,0.5425101214574899,0.9931312007901678,1.0,1.099550460934415,0.3146067415730337,0.8607429950250363,0.8938817436479362,5,"CASC3, IWS1, SMG1, UPF2, HNRNPA2B1",
GO BP,Positive Regulation Of Cellular Catabolic Process,56,,0,up in PD,0.2547263158040213,0.9479911072847405,0.5429141716566867,0.9931312007901678,1.0,1.0025878584041845,0.43726937269372695,0.8966702854903527,0.9159361089531836,10,"ZC3HAV1, TRIM32, IGF1, ATF6, NPRL2, INSR, CNOT7, TRIM8, TRIM23, LAPTM5",
KEGG,Viral carcinogenesis,76,,0,up in PD,0.2581845983416863,0.9617937064582877,0.5432098765432098,0.9931312007901678,1.0,1.0601591123278238,0.3252788104089219,0.8785964980585392,0.9011597465835908,24,"TRAF3, EIF2AK2, JUN, PIK3CD, JAK1, IL6ST, KAT2B, C3, RBPJ, RELA, YWHAB, MAPK1",
GO BP,Transcription Initiation-Coupled Chromatin Remodeling,18,,0,up in PD,0.3290599315273685,0.9382841427466609,0.5432595573440644,0.9931312007901678,1.0,0.9917709842735347,0.4683794466403162,0.9060091459686971,0.9306084561025273,5,"KAT2B, RBM14, N6AMT1, VPS72, WBP2",
GO BP,Positive Regulation Of Cellular Component Biogenesis,43,ICE1,1,up in PD,0.2707866448498387,0.9613017096335467,0.5438247011952191,0.9931312007901678,1.0,0.9894086716361713,0.44776119402985076,0.91205095187532,0.91790029466858,11,"ICE1, CLU, BRK1, CHGA, SPIDR, SYNPO2, SNF8, CHMP2A, FNIP2, SLF2, RPS3",ICE1
KEGG,Glutamatergic synapse,55,CACNA1A,1,up in PD,0.26307749879388037,0.9353448368165974,0.5440313111545988,0.9931312007901678,1.0,1.0226534868337214,0.41144901610017887,0.8811698359473678,0.9148952843185582,13,"PRKCB, CACNA1A, GRIN2A, PLCB4, SLC38A2, GNAO1, MAPK1, GNAI2, PPP3CA, GNAI3, GNB5, GNG4",CACNA1A
GO BP,Positive Regulation Of Protein-Containing Complex Assembly,31,ICE1,1,up in PD,0.2937620911001626,0.9401393782157847,0.5443037974683544,0.9931312007901678,1.0,0.9932902518790512,0.44972577696526506,0.9079017430583235,0.91790029466858,5,"ICE1, CLU, BRK1, HSP90AA1, SPIDR",ICE1
Reactome,Antiviral Mechanism By IFN-stimulated Genes,44,,0,up in PD,0.2976523694405636,0.9592847910617223,0.5444015444015444,0.9931312007901678,1.0,1.0931124279132411,0.2833935018050541,0.8569509271635777,0.889543297367469,20,"EIF2AK2, PDE12, JAK1, NUP62, UBE2L6, UBA52, ARIH1, KPNA1, UBC, MX1, STAT1, UBE2N",
Reactome,Phase II - Conjugation Of Compounds,27,GSTK1,1,down in PD,-0.311585421419442,-0.938752611986896,0.5450819672131147,0.9931312007901678,1.0,-1.0378962900262387,0.4189473684210526,0.9520011687941307,0.9159361089531836,6,"GSTA4, MGST1, GCLC, PAPSS1, UGP2, MTRR",
GO BP,Regulation Of Chromatin Organization,16,,0,up in PD,0.34758549016414264,0.9461141326799267,0.5454545454545454,0.9931312007901678,1.0,1.0107926213564613,0.44534412955465585,0.8958441449453171,0.91790029466858,6,"HNRNPU, PHF20, ZNF445, MSL3, TLK1, SETD5",
GO BP,Response To cAMP,15,,0,up in PD,0.3142219185722859,0.936700723322365,0.5459882583170255,0.9931312007901678,1.0,0.9049219560425287,0.6165703275529865,0.977487790495056,0.9821359223300969,5,"PDE2A, EZR, AKAP9, STAT1, ZFP36L1",
Reactome,Cellular Responses To Stimuli,366,DNAJB1,1,up in PD,0.24311110499787003,0.9546296006315499,0.546,0.9931312007901678,1.0,1.2502705229563487,0.02905982905982906,0.7222908357471204,0.5160794602698651,96,"EP400, DNAJB1, BAG3, HDGF, HSPH1, NCOR1, AGO3, CSNK2A2, UBE2D3, HSPA5, SESN2, PTGES3",DNAJB1
GO BP,Regulation Of Dendrite Development,20,BCL11A,1,up in PD,0.322755342730451,0.9392489718472289,0.5461847389558233,0.9931312007901678,1.0,0.9849560243582237,0.49427480916030536,0.91278245571168,0.9407331539684481,3,"BCL11A, COBL, SEMA4D",BCL11A
GO BP,Regulation Of Canonical Wnt Signaling Pathway,79,,0,down in PD,-0.24811351542306814,-0.9605908207081515,0.5474747474747474,0.9931312007901678,1.0,-1.063482861352105,0.3219954648526077,0.9494604475647819,0.8958487685503245,24,"MCC, CCNY, AMFR, TPBG, CDK14, USP8, CSNK1D, TMEM170B, RBX1, STK11, RBMS3, JRK",
GO BP,miRNA Processing,15,,0,up in PD,0.3480050331644351,0.9323718069622912,0.5476190476190477,0.9931312007901678,1.0,1.0127885976349684,0.4182879377431907,0.8943682526653862,0.9159361089531836,3,"AGO3, ZC3H7B, HNRNPA2B1",
Reactome,Insulin Processing,20,,0,down in PD,-0.3355266234994744,-0.9574114587772766,0.5483193277310925,0.9931312007901678,1.0,-1.0679421503530935,0.3658008658008658,0.9662182749006796,0.9052527446531683,7,"EXOC6, KIF5A, EXOC5, EXOC8, MYO5A, EXOC1, PCSK1",
Reactome,Activation Of NMDA Receptors And Postsynaptic Events,45,PRKAR2A,1,down in PD,-0.2802071795201503,-0.9496491966700817,0.5495867768595041,0.9931312007901678,1.0,-1.079639988567749,0.3165137614678899,0.9740518222355393,0.8938817436479362,16,"GRIA3, NRAS, CAMK2D, RASGRF1, LIN7C, RPS6KA1, PRKAR2B, LRRC7, PRKAA1, LIN7A, HRAS, PRKAR1A",
GO BP,Negative Regulation Of Protein Phosphorylation,73,IBTK,1,down in PD,-0.2693286171086652,-0.9642230289787239,0.5508130081300813,0.9931312007901678,1.0,-1.1358451127367426,0.2145922746781116,1.0,0.889543297367469,20,"IBTK, CIB1, LDLRAD4, PTPN13, PPIA, PDE4D, EPHB2, ENPP1, SNX25, DNAJC10, C9orf72, GPD1L",IBTK
Reactome,MAPK1/MAPK3 Signaling,126,,0,down in PD,-0.24828383964222067,-0.9595372873208745,0.5512295081967213,0.9931312007901678,1.0,-1.152753724486788,0.16666666666666666,1.0,0.8571751092069891,43,"PPP5C, MAP2K1, PPP2R5A, SEM1, NRAS, PPP2R5B, CAMK2D, LAMTOR3, PSMD2, ICMT, RBX1, CSK",
GO BP,rRNA Metabolic Process,38,,0,up in PD,0.28348526631863546,0.9363708636581991,0.5513307984790875,0.9931312007901678,1.0,1.0057478428381308,0.4517304189435337,0.8949341266153831,0.9188766639730412,12,"GTF3A, DDX27, NOP58, FBL, XRN2, MAPT, RPS16, NOL8, RPL14, RPL35A, ZFP36L1, ESF1",
GO BP,Cellular Response To Organic Substance,20,,0,up in PD,0.3310756916575924,0.9635120387284629,0.551440329218107,0.9931312007901678,1.0,1.0230599219201464,0.416044776119403,0.8815706752085787,0.9159361089531836,8,"HAX1, RAMP1, NCOA3, STAT5B, HDAC6, SLIT2, CDK9, DPYSL3",
GO BP,Muscle Contraction,25,,0,down in PD,-0.28546930883363975,-0.933412522359766,0.552,0.9931312007901678,1.0,-0.9413204830075921,0.558282208588957,0.9751202708071407,0.964974608343127,4,"TPM1, RYR3, HCN4, SLMAP",
Reactome,Pausing And Recovery Of Tat-mediated HIV Elongation,19,,0,down in PD,-0.3366242526642621,-0.9386439330025643,0.5524193548387096,0.9931312007901678,1.0,-1.042760273866231,0.39439655172413796,0.9543467142432565,0.9091830741336601,5,"POLR2H, SUPT5H, TCEA1, SSRP1, NELFB",
Reactome,Unfolded Protein Response (UPR),49,,0,up in PD,0.2710209362985586,0.9339850355819218,0.5526838966202783,0.9931312007901678,1.0,1.0413038805206267,0.37243947858473,0.8768662492285147,0.9052527446531683,8,"HDGF, HSPA5, CTDSP2, ATF6, EXOSC1, CALR, HSP90B1, WFS1",
KEGG,"Growth hormone synthesis, secretion and action",59,SSTR1,1,down in PD,-0.2731182041109069,-0.9465082028790989,0.5531496062992126,0.9931312007901678,1.0,-1.0932736843337747,0.2780373831775701,0.9563736816285433,0.889543297367469,18,"SSTR1, ITPR1, PIK3R3, ADCY3, MAP2K1, NRAS, MAPK8, GNA11, AKT3, SOS1, MAPK14, HRAS",SSTR1
GO BP,Protein Tetramerization,29,,0,down in PD,-0.2925456244276692,-0.9390029212907508,0.5533199195171026,0.9931312007901678,1.0,-1.0058187157484095,0.43640350877192985,0.9528538809870907,0.9159361089531836,3,"RYR3, CPSF7, KRT10",
Reactome,RHOBTB2 GTPase Cycle,18,,0,up in PD,0.3217533232057886,0.9269557578866392,0.553639846743295,0.9931312007901678,1.0,0.9742484382726617,0.4797687861271676,0.9211812883410199,0.9392879353233831,8,"HSP90AA1, TXNL1, CCT6A, PHIP, ACTN1, TRA2B, CCT2, HSP90AB1",
GO BP,Cell-Cell Junction Organization,20,,0,up in PD,0.3282332833389519,0.9461167232844304,0.5548523206751055,0.9931312007901678,1.0,1.0208622286393039,0.4372623574144487,0.8782432900878325,0.9159361089531836,4,"CDH2, CDH4, CDH6, ARVCF",
GO BP,Regulation Of Cell Population Proliferation,226,"GPNMB, LGMN",2,up in PD,0.2251610157443825,0.9445565078739895,0.5548902195608783,0.9931312007901678,1.0,1.0963399575832695,0.23232323232323232,0.8564039799491237,0.889543297367469,60,"GPNMB, CLU, CD200, BOK, CCAR1, FGFR1, AGO3, EIF2AK2, IGF1R, IGF1, JUN, PDGFA",GPNMB
Hallmark,Bile Acid Metabolism,39,GSTK1,1,up in PD,0.2683648573985007,0.9524628380466083,0.5553398058252427,0.9931312007901678,1.0,0.9715474575907164,0.49454545454545457,0.9214151431960644,0.9407331539684481,11,"GSTK1, ACSL1, RXRA, HSD17B4, ABCA1, NPC1, AR, GCLM, ABCG4, DHCR24, FADS1",GSTK1
Reactome,Global Genome Nucleotide Excision Repair (GG-NER),38,,0,down in PD,-0.2914429207927518,-0.9255705446558254,0.5564516129032258,0.9931312007901678,1.0,-1.0775221080985897,0.31512605042016806,0.9579309390871357,0.8938817436479362,13,"XPA, UBE2I, POLR1A, COPS7A, RBX1, DDB1, COPS5, ERCC1, CCNH, CUL4B, MNAT1, PARP2",
GO BP,Regulation Of Amyloid-Beta Formation,21,,0,up in PD,0.2983146469479394,0.9259584585696243,0.5573122529644269,0.9931312007901678,1.0,0.9153440325444138,0.5975359342915811,0.9639453875170119,0.9821359223300969,5,"CLU, IGF1, SORL1, RELA, RTN1",
Reactome,Negative Regulation Of FGFR1 Signaling,17,,0,up in PD,0.328596592013268,0.9432021633627784,0.5573122529644269,0.9931312007901678,1.0,0.9524827730563756,0.517578125,0.9428155111040091,0.9490345867409878,9,"FGFR1, UBA52, UBC, MAPK1, MKNK1, FGF9, FGF1, GRB2, UBB",
Reactome,TNF Signaling,22,CFLAR,1,down in PD,-0.29772497143064225,-0.9372246017398831,0.5575757575757576,0.9931312007901678,1.0,-0.9631331167234772,0.5236051502145923,0.9778369343323655,0.9545239392697897,8,"CLIP3, TANK, SHARPIN, MADD, CHUK, TAB1, TAB2, CYLD",
GO BP,Positive Regulation Of Protein Transport,33,ICE1,1,up in PD,0.29210516493144284,0.9503358603950713,0.5584158415841585,0.9931312007901678,1.0,1.0094868610196976,0.45778611632270166,0.8966304474382092,0.924859943977591,15,"ICE1, PCNT, IGF1, TTN, EZR, ATP2C1, PDCD10, TENM1, OAZ1, B3GAT3, MYH10, FRMD4A",ICE1
GO BP,Regulation Of Cell Development,22,,0,up in PD,0.32570824895586287,0.9133319169425788,0.5589430894308943,0.9931312007901678,1.0,1.0182807998757981,0.43702290076335876,0.8814882972896462,0.9159361089531836,3,"ANXA2, GRN, KAT6B",
GO BP,Post-Transcriptional Regulation Of Gene Expression,25,RBM4B,1,up in PD,0.302846028700628,0.9411069685618664,0.5612648221343873,0.9931312007901678,1.0,0.9874582763578968,0.47547169811320755,0.9131931024724782,0.9359398562288624,3,"RBM4B, ZC3H7B, ATXN2",RBM4B
GO BP,Nucleocytoplasmic Transport,26,,0,up in PD,0.3014317485074472,0.9382842485011555,0.5621301775147929,0.9931312007901678,1.0,0.9822333488649705,0.48592870544090055,0.9085219892108012,0.9407331539684481,13,"RSRC1, NUP62, HTATIP2, RANGAP1, XPO1, ANP32A, HNRNPA1, ATXN1, NUP210, NUP98, NUP133, NEMF",
GO BP,Regulation Of Mitotic Metaphase/Anaphase Transition,23,,0,up in PD,0.2996985442426763,0.9290201109987107,0.5622641509433962,0.9931312007901678,1.0,0.9700917355068744,0.4981060606060606,0.9228663352009396,0.9412100385812998,10,"BCL7A, ARID2, DUSP1, ANAPC5, ANAPC7, HECW2, PHF10, LCMT1, BCL7B, CDC16",
GO BP,Glycerophospholipid Biosynthetic Process,44,,0,down in PD,-0.26725139997047354,-0.9235426515682726,0.5623721881390593,0.9931312007901678,1.0,-1.0168468812332399,0.4217391304347826,0.9591783453088181,0.9159361089531836,18,"PIK3C2A, MTMR1, MTMR4, PIKFYVE, PITPNM2, PITPNM1, PI4KB, FAR1, INPP4B, PIP5K1B, OCRL, INPP4A",
Reactome,Protein Ubiquitination,40,,0,down in PD,-0.29650292838401415,-0.9492880996449656,0.5630081300813008,0.9931312007901678,1.0,-1.1198414625134898,0.2689075630252101,0.9782215401442126,0.889543297367469,16,"UBE2W, DERL1, RTF1, TMEM129, UBE2G1, PEX2, RNF20, UBE2B, CDC73, HLTF, UBE2E1, VCP",
GO BP,Regulation Of mRNA Processing,21,,0,up in PD,0.31640831787997836,0.9319900262480147,0.5631469979296067,0.9931312007901678,1.0,0.9793931070211725,0.4990328820116054,0.9127552279101226,0.9412100385812998,8,"JMJD6, IWS1, SAFB, SON, ZFP36L1, SRPK1, CDK9, RBM23",
Reactome,G Alpha (I) Signaling Events,64,"PRKAR2A, SSTR1",2,down in PD,-0.2560122890753813,-0.9437312732051264,0.5641547861507128,0.9931312007901678,1.0,-1.0653491444617382,0.3443708609271523,0.9620587114990247,0.9052527446531683,18,"SSTR1, RGS6, ITPR1, RGS7, PDE4D, CAMK2D, GNA11, PPP2R1A, PPP2CA, PRKAR2B, RGS16, PPP3R1",SSTR1
Reactome,Signaling By B Cell Receptor (BCR),60,,0,down in PD,-0.26152550781943396,-0.90486647404079,0.5644171779141104,0.9931312007901678,1.0,-1.053163477752278,0.36875,0.9571250157679053,0.9052527446531683,16,"ITPR1, CUL1, PPIA, SEM1, NRAS, PSMD2, CHUK, PSMD14, PSMD10, FBXW11, SOS1, PSMA4",
GO BP,Positive Regulation Of Mitochondrion Organization,22,,0,up in PD,0.3115200648988996,0.9210522969815881,0.564453125,0.9931312007901678,1.0,0.9811781910166396,0.4817658349328215,0.9102833225101339,0.9393961806428709,6,"BOK, PDCD5, MUL1, PLD6, MOAP1, CAMKK2",
GO BP,Regulation Of Cellular Component Biogenesis,18,,0,down in PD,-0.3314639911704367,-0.9421622526209578,0.5646817248459959,0.9931312007901678,1.0,-1.0061340914510217,0.43283582089552236,0.9539553381007019,0.9159361089531836,6,"PINK1, ANKRA2, NF2, PTPN11, RAPGEF1, DAB2IP",
GO BP,Peptidyl-Threonine Phosphorylation,33,,0,down in PD,-0.2936217284763536,-0.9384302041071192,0.5647773279352226,0.9931312007901678,1.0,-1.0522002084130508,0.35550935550935553,0.9583016095374304,0.9052527446531683,14,"TGFBR2, CSNK2A1, CAMK2D, MAPK8, TBK1, WNK3, STK11, STK39, CDK5R1, GSK3B, WNK1, ACVR1B",
Reactome,HIV Elongation Arrest And Recovery,20,,0,down in PD,-0.32015136817403034,-0.9294099301497512,0.5651302605210421,0.9931312007901678,1.0,-1.0068310174982416,0.44468546637744033,0.955988258309888,0.917834535534549,5,"POLR2H, SUPT5H, TCEA1, SSRP1, NELFB",
GO BP,Regulation Of Amide Metabolic Process,16,RBM4B,1,up in PD,0.3436896024518382,0.9390025730339276,0.5656565656565656,0.9931312007901678,1.0,0.9966149871228421,0.47126436781609193,0.9005942820564764,0.9344526325546904,2,"RBM4B, ATXN2",RBM4B
Reactome,Signaling By GPCR,134,"GPNMB, PRKAR2A, SSTR1",3,down in PD,-0.23527237659988176,-0.9435815261626833,0.5663900414937759,0.9931312007901678,1.0,-1.1005189069183332,0.2483221476510067,0.9530448684632361,0.889543297367469,28,"SSTR1, WNT3, RGS6, ITPR1, RGS7, PIK3R3, AGTR1, PDE4D, NRAS, CAMK2D, PDE11A, MCF2",SSTR1
GO BP,Peptidyl-Threonine Modification,37,,0,down in PD,-0.281520973077926,-0.91555216984819,0.5664621676891616,0.9931312007901678,1.0,-1.0379953131934618,0.3866396761133603,0.954164679750984,0.9062081834303362,13,"TGFBR2, CSNK2A1, GALNT2, CAMK2D, MAPK8, TBK1, WNK3, STK11, STK39, CDK5R1, GSK3B, WNK1",
Reactome,Recycling Pathway Of L1,20,,0,up in PD,0.3265623787244445,0.9488693294595237,0.5672514619883041,0.9931312007901678,1.0,1.0059632942395076,0.4446529080675422,0.8960146585561974,0.917834535534549,6,"RPS6KA5, EZR, AP2S1, MAPK1, DNM1, CLTA",
GO BP,Proteolysis Involved In Protein Catabolic Process,32,LGMN,1,down in PD,-0.2904801044033337,-0.927017081432539,0.5682281059063137,0.9931312007901678,1.0,-1.0149095443712535,0.44017094017094016,0.9522594298143947,0.9171782196146603,14,"UBE2W, CTSF, ATXN3, LGMN, DDB1, RNF41, YME1L1, PRPF19, VPS4A, CUL4B, VCP, PDCD6IP",LGMN
GO BP,Positive Regulation Of Signaling,19,,0,up in PD,0.3113317623609478,0.92106464366432,0.5686274509803921,0.9931312007901678,1.0,0.9496676295782762,0.516504854368932,0.9450844813227572,0.9490345867409878,3,"ANXA2, LGI1, KCTD13",
GO BP,Regulation Of Macromolecule Metabolic Process,59,,0,down in PD,-0.26035250612199257,-0.8973405096116603,0.5689320388349515,0.9931312007901678,1.0,-1.06348648226651,0.3325892857142857,0.9522511292522865,0.9052527446531683,12,"LAMTOR1, AFF3, ANKRA2, FUBP3, HMG20A, MTMR1, MTMR4, HIF1A, ATXN7L3B, TRIM11, ATP1B1, TOB1",
GO BP,Cardiac Muscle Cell Action Potential,16,,0,down in PD,-0.32128752444286324,-0.932075846148759,0.5694164989939637,0.9931312007901678,1.0,-0.9385422849356955,0.5383064516129032,0.9746732657427322,0.955332871107694,11,"HCN4, ATP1B1, FGF12, ATP1A2, CACNA1G, SLC4A3, DMD, CACNA2D1, SCN2B, SCN3B, SLC8A1",
Reactome,Epigenetic Regulation Of Gene Expression,44,,0,up in PD,0.26944470465418346,0.9335404661348882,0.5694444444444444,0.9931312007901678,1.0,1.0042330572919602,0.43783783783783786,0.8981365887924269,0.9159361089531836,15,"SF3B1, ARID4B, KAT2B, GATAD2A, BAZ1B, DNMT3A, POLR2L, DDX56, POLR2F, DEK, MTF2, GTF2H5",
Hallmark,Spermatogenesis,31,PRKAR2A,1,up in PD,0.2953829423533934,0.9464833302351967,0.5694444444444444,0.9931312007901678,1.0,1.0086709835412393,0.4666666666666667,0.8958661879908102,0.9300236406619385,6,"PRKAR2A, CSNK2A2, LPIN1, HSPA2, STRBP, GSTM3",PRKAR2A
GO BP,Positive Regulation Of Kinase Activity,34,,0,up in PD,0.2815714317427931,0.9182772817151422,0.5699797160243407,0.9931312007901678,1.0,0.9824448209617667,0.48807339449541287,0.9094262006711357,0.9407331539684481,6,"FGFR1, IGF1R, INSR, NTRK3, JTB, MAP2K3",
Reactome,Phase I - Functionalization Of Compounds,22,,0,down in PD,-0.31168838160378587,-0.9066408580661213,0.5700197238658777,0.9931312007901678,1.0,-1.0109764010776132,0.42398286937901497,0.9502465680435174,0.9159361089531836,3,"FDX1, ARNT2, ALDH1A1",
KEGG,Drug metabolism,23,GSTK1,1,up in PD,0.30115688772239013,0.9218568186629409,0.5705521472392638,0.9931312007901678,1.0,0.9785857315106735,0.49907578558225507,0.9137803459987615,0.9412100385812998,5,"GSTK1, MAOB, DUT, CMPK1, GSTM3",GSTK1
Reactome,NOTCH1 Intracellular Domain Regulates Transcription,30,,0,up in PD,0.2867013478654308,0.9242557207427078,0.5708502024291497,0.9931312007901678,1.0,0.9785753131696996,0.49809885931558934,0.9121956266150427,0.9412100385812998,11,"NCOR1, KAT2B, RBPJ, UBA52, UBC, SNW1, TLE1, HDAC6, FBXW7, TLE3, HDAC3",
Reactome,Anchoring Of Basal Body To Plasma Membrane,43,,0,up in PD,0.2790668503232574,0.942260515720032,0.5717054263565892,0.9931312007901678,1.0,1.02898844561973,0.42057761732851984,0.8742700028334955,0.9159361089531836,13,"RAB3IP, PCNT, CEP41, HSP90AA1, SSNA1, PCM1, AKAP9, CENPJ, CLASP1, TUBA4A, CEP97, CEP70",
Reactome,HDR Thru Homologous Recombination (HRR) Or Single Strand Annealing (SSA),26,,0,down in PD,-0.3051351751064385,-0.9169713853347166,0.5720081135902637,0.9931312007901678,1.0,-1.0143817138830156,0.43506493506493504,0.9472892510025098,0.9159361089531836,4,"TOPBP1, UBE2I, SEM1, POLR1A",
GO BP,"Negative Regulation Of Gene Expression, Epigenetic",21,L3MBTL1,1,up in PD,0.30816902882434327,0.896644317886047,0.5720250521920668,0.9931312007901678,1.0,0.9556213690640968,0.5283363802559415,0.9363997298641905,0.955332871107694,6,"EPC1, UHRF2, L3MBTL1, ZNF445, UBR2, CTBP1",L3MBTL1
GO BP,Glucose Metabolic Process,19,,0,up in PD,0.3244552536349456,0.9205579017719073,0.572265625,0.9931312007901678,1.0,0.9887946366821475,0.46748681898066785,0.9123227819634424,0.9306084561025273,8,"APOD, ENO2, MDH2, PGK1, TPI1, HK1, G6PC3, IRS2",
GO BP,Negative Regulation Of MAPK Cascade,34,,0,up in PD,0.2679400623868684,0.9156667565065137,0.5723270440251572,0.9931312007901678,1.0,0.9300269052702593,0.5912408759124088,0.959779249560568,0.9821359223300969,7,"RGS2, IGF1R, SIRPA, SORL1, SMPD1, EZR, DUSP1",
Reactome,Interleukin-1 Signaling,58,,0,down in PD,-0.2797495798615566,-0.9166889735556182,0.5734989648033126,0.9931312007901678,1.0,-1.1227219850493924,0.2653927813163482,1.0,0.889543297367469,20,"CUL1, MAP2K1, TANK, SEM1, PSMD2, RBX1, CHUK, PSMD14, PSMD10, IRAK1, FBXW11, TAB1",
GO BP,Maturation Of SSU-rRNA,18,,0,down in PD,-0.3263537566803082,-0.9097455137296937,0.5738045738045738,0.9931312007901678,1.0,-1.0125568432260696,0.4426229508196721,0.9492328188306713,0.917834535534549,3,"RIOK2, NAT10, RIOK3",
GO BP,Regulation Of Sodium Ion Transport,15,,0,down in PD,-0.34147870526267854,-0.9283331783306946,0.5739299610894941,0.9931312007901678,1.0,-0.9864542643483367,0.4585858585858586,0.9492622198567473,0.924859943977591,6,"SLMAP, WNK3, DRD2, GPD1L, FGF12, WNK1",
KEGG,Lipid and atherosclerosis,67,,0,up in PD,0.2445997194381151,0.9239951699630826,0.5745526838966203,0.9931312007901678,1.0,0.9861173789609081,0.5150976909413855,0.9108004944490165,0.9490345867409878,13,"TRAF3, HSPA5, JUN, ATF6, PIK3CD, PLCB4, HSPA4, HSP90AA1, HSP90B1, HSPA2, RXRA, ABCA1",
GO BP,Negative Regulation Of Viral Process,20,,0,up in PD,0.30402493128943386,0.9274912839698498,0.5754716981132075,0.9931312007901678,1.0,0.9331625099998108,0.5575868372943327,0.9627464614018459,0.964974608343127,3,"ZC3HAV1, EIF2AK2, TRIM32",
KEGG,Apelin signaling pathway,53,,0,down in PD,-0.2640190187444976,-0.9300103762532501,0.5755102040816327,0.9931312007901678,1.0,-1.0288111222484027,0.41774891774891776,0.9536291367042137,0.9159361089531836,6,"RYR3, ITPR1, ADCY3, AGTR1, MAP2K1, NRAS",
GO BP,Protein Acylation,23,,0,up in PD,0.2968911075244995,0.9342171541856342,0.5757575757575758,0.9931312007901678,1.0,0.9460302371127052,0.5311284046692607,0.9455357679941431,0.955332871107694,4,"ZDHHC14, ZDHHC22, KAT2B, ING4",
GO BP,Vesicle-Mediated Transport,217,,0,down in PD,-0.2402868791049989,-0.9500797983934993,0.5758835758835759,0.9931312007901678,1.0,-1.2084105410817927,0.07451923076923077,1.0,0.6798387096774193,52,"LAMTOR1, CHM, SCRN1, RHOQ, RAB39B, AP2A1, SNAP47, EXOC6, TRAK1, EXOC6B, MGRN1, PIK3C2A",
Hallmark,heme Metabolism,107,,0,up in PD,0.23837243450412077,0.9362911553860536,0.5769980506822612,0.9931312007901678,1.0,1.058698687415218,0.3262411347517731,0.8795864874571762,0.9014931992903609,41,"HDGF, TSPAN5, TNRC6B, KAT2B, MARK3, C3, TFDP2, MFHAS1, CTSB, TMCC2, CIR1, DCAF10",
Reactome,Iron Uptake And Transport,31,,0,up in PD,0.3071374206205234,0.9146945744934035,0.5769980506822612,0.9931312007901678,1.0,1.070122222497975,0.37251356238698013,0.8747379193010231,0.9052527446531683,18,"SLC22A17, UBA52, UBC, ATP6V0E1, ATP6V1E1, FLVCR1, ATP6V1D, ALAD, TF, ATP6AP1, ATP6V1G1, UBB",
GO BP,Positive Regulation Of Neurogenesis,36,PLXNC1,1,up in PD,0.2753997774180485,0.9237713644637568,0.5772357723577236,0.9931312007901678,1.0,0.9683108743901266,0.5167910447761194,0.9219983655217507,0.9490345867409878,4,"PLXNC1, PTPRD, TRIM32, SPEN",PLXNC1
GO BP,Cellular Response To Oxidative Stress,56,,0,down in PD,-0.2600293797937777,-0.9256077876586969,0.5772994129158513,0.9931312007901678,1.0,-1.0372506958138994,0.4040632054176072,0.9520173697315722,0.9108478954936512,14,"TPM1, PINK1, KEAP1, SETX, PPIA, MSRA, MAPK8, HIF1A, CHUK, PEX2, PRKAA1, ZFAND1",
GO BP,Regulation Of Cell Differentiation,75,,0,up in PD,0.2528491145923629,0.9255848116452432,0.5776892430278885,0.9931312007901678,1.0,1.0497883581219285,0.3618181818181818,0.8764314802104368,0.9052527446531683,21,"FGFR1, EIF2AK2, ZFHX2, PA2G4, GATAD2A, BCL7A, ARID2, ZFHX3, SPOCK2, PLEKHB1, CLASP1, FADS1",
KEGG,Epithelial cell signaling in Helicobacter pylori infection,32,,0,down in PD,-0.2806733737691357,-0.9089281731872365,0.578,0.9931312007901678,1.0,-0.9889504681684858,0.46153846153846156,0.9532005753437881,0.9254293107504118,10,"PTPRZ1, PAK1, MAPK8, ATP6V1H, CSK, CHUK, PTPN11, MAPK14, PLCG1, MAPK10",
GO BP,Regulation Of Anatomical Structure Morphogenesis,63,"ADGRB3, GPNMB",2,up in PD,0.25127452151941343,0.9343227021102938,0.578125,0.9931312007901678,1.0,0.9998809168250872,0.44308231173380036,0.8970261588659939,0.917834535534549,18,"GPNMB, POGLUT1, CDH2, SEMA4D, CFL1, ZRANB1, SFRP1, STAT2, LZTS3, PAK3, MAPT, HTATIP2",GPNMB
GO BP,Neuron Differentiation,57,"CFLAR, MANF",2,up in PD,0.2655889444006314,0.9222841800072721,0.578838174273859,0.9931312007901678,1.0,1.0270790034865405,0.39925373134328357,0.8772176415259286,0.9104536067791782,5,"WNT5A, PBX3, CFLAR, PTPRD, MANF","CFLAR, MANF"
GO BP,mRNA 3'-End Processing,25,,0,down in PD,-0.31142778761454604,-0.9270048358211639,0.5789473684210527,0.9931312007901678,1.0,-1.01764452386029,0.4219409282700422,0.9586064134029189,0.9159361089531836,7,"CPSF7, LSM11, RPRD1B, PEX2, CPSF4, CDC73, GRSF1",
GO BP,Mitotic Sister Chromatid Segregation,38,,0,up in PD,0.28087515885645475,0.9348193351067151,0.5799614643545279,0.9931312007901678,1.0,1.0082353986534665,0.44776119402985076,0.8955820136980296,0.91790029466858,11,"TTN, TUBG2, EML4, NUP62, SMC2, CHMP7, SMC3, CHMP2A, CHMP3, CLASP1, NSL1",
GO BP,Cytoplasmic Translation,38,,0,up in PD,0.35137281530566067,0.8819727238816019,0.5799614643545279,0.9931312007901678,1.0,1.274928196813073,0.1434108527131783,0.6983715848758822,0.8364494450950868,14,"RPS5, RPL18, UBA52, RPL36, RPS16, RPS4X, RPL37A, RPL14, RPL35A, RPS3, RPL19, RPL28",
GO BP,Regulation Of Cellular Component Organization,62,,0,up in PD,0.25371932730400304,0.9380336762644131,0.58004158004158,0.9931312007901678,1.0,1.0201209809477196,0.4177215189873418,0.8788497873773775,0.9159361089531836,13,"WNT5A, GFAP, SEMA4D, HNRNPU, EBAG9, HSP90AA1, JADE1, ERMN, ING4, CTTNBP2, TLK1, AP2S1",
Reactome,PINK1-PRKN Mediated Mitophagy,16,,0,up in PD,0.33625084589176674,0.9070236103532947,0.5803921568627451,0.9931312007901678,1.0,0.9919804380035877,0.46078431372549017,0.9070517205596895,0.924859943977591,9,"ATG12, TOMM7, UBA52, UBC, SQSTM1, ATG5, TOMM40, VDAC1, UBB",
GO BP,Negative Regulation Of Canonical Wnt Signaling Pathway,36,,0,down in PD,-0.26220128803410236,-0.9149157198171359,0.5805825242718446,0.9931312007901678,1.0,-0.9504945620151467,0.5381165919282511,0.978002414579068,0.955332871107694,14,"MCC, AMFR, TPBG, TMEM170B, RBX1, STK11, RBMS3, DAB2IP, CYLD, PTPRU, SOX2, STK4",
GO BP,Ubiquitin-Dependent Protein Catabolic Process Via The Multivesicular Body Sorting Pathway,19,,0,down in PD,-0.314604131208027,-0.9221937504336345,0.5811623246492986,0.9931312007901678,1.0,-0.9738502096749209,0.5109170305676856,0.972011109667285,0.9490345867409878,7,"HGS, VPS36, VPS28, CHMP2B, VPS4A, UBAP1, VPS37A",
Reactome,GPCR Downstream Signaling,126,"GPNMB, PRKAR2A, SSTR1",3,down in PD,-0.2334350199158015,-0.9277536929004303,0.5826446280991735,0.9931312007901678,1.0,-1.0863988826106108,0.26143790849673204,0.9650671448920989,0.889543297367469,26,"SSTR1, RGS6, ITPR1, RGS7, PIK3R3, AGTR1, PDE4D, NRAS, CAMK2D, PDE11A, MCF2, GPR176",SSTR1
Reactome,Transcriptional Regulation By TP53,160,L3MBTL1,1,up in PD,0.23185740718471398,0.9382921910360054,0.5826612903225806,0.9931312007901678,1.0,1.0881298871477243,0.27749576988155666,0.8618130277144616,0.889543297367469,58,"CDK13, AGO3, CSNK2A2, PIP4K2C, SESN2, JUN, L3MBTL1, CNOT2, TNRC6B, NUAK1, LAMTOR4, COX14",L3MBTL1
GO BP,Regulation Of Microtubule Depolymerization,15,,0,down in PD,-0.32464853892760925,-0.9102083604552511,0.5833333333333334,0.9931312007901678,1.0,-0.9415942696441458,0.5150862068965517,0.9780703802746487,0.9490345867409878,1,CIB1,
GO BP,Signal Release From Synapse,26,,0,up in PD,0.3290768102120296,0.9008083587682824,0.5836653386454184,0.9931312007901678,1.0,1.0877138072689614,0.34,0.8611281189182555,0.9052527446531683,6,"STXBP3, SYN2, SNAPIN, SYN1, SNAP25, RAB3A",
Reactome,Response Of EIF2AK4 (GCN2) To Amino Acid Deficiency,40,,0,up in PD,0.33261676158840103,0.8832444142013268,0.5838264299802761,0.9931312007901678,1.0,1.215400650519016,0.17193675889328064,0.7773231606801098,0.8673088904864606,14,"RPS5, RPL18, UBA52, RPL36, RPS16, RPS4X, RPL37A, RPS4Y1, RPL14, RPL35A, RPS3, RPL19",
Reactome,Biological Oxidations,49,GSTK1,1,down in PD,-0.27697909430201473,-0.9174483131498472,0.5843621399176955,0.9931312007901678,1.0,-1.0762461397728784,0.3120879120879121,0.9510259572154013,0.8935617512036725,9,"FDX1, GSTA4, MGST1, ARNT2, GCLC, ALDH1A1, PAPSS1, UGP2, MTRR",
GO BP,"Retrograde Vesicle-Mediated Transport, Golgi To Endoplasmic Reticulum",30,,0,down in PD,-0.2887505317621135,-0.9179111004117423,0.5848670756646217,0.9931312007901678,1.0,-0.999957900119563,0.474835886214442,0.9533122509298396,0.9358739360559193,6,"SCFD1, COPA, COPZ1, ATP9A, PICK1, STX18",
Reactome,Integration Of Energy Metabolism,52,"CACNA1A, PRKAR2A",2,down in PD,-0.26081279426331583,-0.928802404032492,0.5850202429149798,0.9931312007901678,1.0,-1.0233529909652554,0.40774487471526194,0.9566601635573655,0.9124393271500799,14,"ITPR1, FASN, CACNA2D2, GNA11, PPP2R1A, PPP2CA, STK11, PRKAR2B, CACNA1E, IQGAP1, ACSL4, PRKAR1A",
Reactome,Interconversion Of Nucleotide Di- And Triphosphates,17,,0,up in PD,0.34470355236349526,0.9378355098589777,0.585603112840467,0.9931312007901678,1.0,1.0455067961812292,0.40353982300884955,0.8796436132450964,0.9108478954936512,5,"DUT, AK2, CMPK1, TXNRD1, AK6",
GO BP,Multivesicular Body Assembly,20,,0,down in PD,-0.33113212908476175,-0.944902965949738,0.5856573705179283,0.9931312007901678,1.0,-1.0419262554104365,0.41452991452991456,0.9522934497527415,0.9159361089531836,10,"HGS, VPS36, VPS28, CHMP2B, VPS4A, UBAP1, VPS37A, RAB11A, PDCD6IP, STAM",
GO BP,Protein Targeting To Mitochondrion,33,,0,up in PD,0.3148387297787976,0.9098373895007098,0.587890625,0.9931312007901678,1.0,1.097894347926569,0.30303030303030304,0.8531167100745594,0.889543297367469,12,"HSPA4, HSP90AA1, TOMM7, MTCH1, TIMM9, GRPEL1, TIMM17A, AIFM1, TOMM34, TOMM40, ROMO1, DNAJC15",
GO BP,Regulation Of Cell Adhesion,52,PLXNC1,1,up in PD,0.27283868555320656,0.9137444346718313,0.5884861407249466,0.9931312007901678,1.0,1.0467106765636698,0.3763250883392226,0.8832941733698543,0.9052527446531683,12,"PLXNC1, PPP1R12A, SEMA4D, NUAK1, ADAM22, STX4, ZFHX3, DSCAM, DUSP1, PPP3CA, MIA3, PLXNA4",PLXNC1
GO BP,Cellular Response To Cytokine Stimulus,71,,0,up in PD,0.2507202934948222,0.9204896087494954,0.588957055214724,0.9931312007901678,1.0,1.0305214841607853,0.3900709219858156,0.8763137345021031,0.9066236477509965,24,"WNT5A, SIRPA, PDE12, HAX1, HNRNPU, JAK1, IL6ST, ST3GAL6, LEPR, SFRP1, PDE2A, RELA",
Reactome,RHOA GTPase Cycle,60,,0,down in PD,-0.25090994583278714,-0.9114575537414215,0.5894308943089431,0.9931312007901678,1.0,-1.0054680851706372,0.4310722100656455,0.9518047930049159,0.9159361089531836,17,"SCFD1, DHDDS, FAF2, MCF2, TFRC, ARHGAP35, ARHGEF18, VAV3, ACBD5, ARHGEF40, ABCD3, ARHGEF17",
GO BP,Sodium Ion Transport,37,,0,down in PD,-0.2709375292623054,-0.8950064298269261,0.58984375,0.9931312007901678,1.0,-1.018226390047428,0.4316702819956616,0.9612342725403671,0.9159361089531836,11,"HCN4, SLC23A2, SLC6A1, SLC12A2, SLC6A3, ATP1B1, SLC6A11, ATP1A2, SLC6A15, ASIC2, FGF13",
KEGG,Hepatitis C,55,CFLAR,1,up in PD,0.2607612479026429,0.9147256361128655,0.5901960784313726,0.9931312007901678,1.0,0.9995433425623189,0.44981412639405205,0.8964462959774891,0.91790029466858,17,"CFLAR, TRAF3, EIF2AK2, CD81, PIK3CD, EIF3E, JAK1, RXRA, RELA, STAT2, YWHAB, MAPK1",CFLAR
GO BP,Insulin Receptor Signaling Pathway,24,,0,down in PD,-0.30048987875243693,-0.8885464226907451,0.5905511811023622,0.9931312007901678,1.0,-0.9897709724566667,0.4653679653679654,0.9545717761296659,0.92997456652279,3,"PIK3R3, RHOQ, PIK3C2A",
Reactome,ISG15 Antiviral Mechanism,42,,0,up in PD,0.2921236442835955,0.926995408234722,0.591715976331361,0.9931312007901678,1.0,1.0628027768616308,0.33638025594149906,0.8775372949222902,0.9052527446531683,19,"EIF2AK2, JAK1, NUP62, UBE2L6, UBA52, ARIH1, KPNA1, UBC, MX1, STAT1, UBE2N, NUP210",
Reactome,Signaling By FGFR1,26,,0,down in PD,-0.2901183632205775,-0.91751368511597,0.591715976331361,0.9931312007901678,1.0,-0.9868586769535189,0.49266247379454925,0.949996754135159,0.9407331539684481,9,"PIGU, NRAS, PPP2R1A, PPP2CA, PTPN11, SOS1, HRAS, BRAF, PLCG1",
GO BP,Response To Ionizing Radiation,20,,0,down in PD,-0.2950171686972264,-0.9038778315774452,0.5923694779116466,0.9931312007901678,1.0,-0.9154882754883944,0.5720338983050848,0.9932655876213426,0.9725070682507362,6,"TOPBP1, TANK, STK11, PRKAA1, MAPK14, CLOCK",
Reactome,Metabolism Of Carbohydrates,112,,0,down in PD,-0.24437546135076815,-0.9433347533831389,0.5923694779116466,0.9931312007901678,1.0,-1.117764530911717,0.234192037470726,0.9793089853751155,0.889543297367469,23,"NCAN, CSGALNACT1, XYLT1, AGL, PFKFB2, PYGL, ALDH1A1, GBE1, GPC4, B4GALT2, PPP2R1A, PAPSS1",
GO BP,Regulation Of Cation Channel Activity,21,CACNA1A,1,down in PD,-0.30892617775699616,-0.9070460087021248,0.5925925925925926,0.9931312007901678,1.0,-0.9928936455054347,0.49469214437367304,0.9542726047828018,0.9407331539684481,4,"HCN4, PDE4D, SLMAP, CAMK2D",
GO BP,Neuron Development,81,"CNTN4, MANF",2,up in PD,0.2563645406613559,0.9123120444316318,0.59375,0.9931312007901678,1.0,1.076280302009854,0.31053604436229204,0.8676593610713249,0.89171445147537,29,"GPRIN2, WNT5A, PBX3, MANF, LGI1, SNAPIN, EHD1, GPM6A, FRYL, MYT1L, TENM2, DOCK7",MANF
GO BP,Regulation Of Stem Cell Population Maintenance,27,,0,up in PD,0.2880934549880092,0.9072224119577573,0.5941176470588235,0.9931312007901678,1.0,0.9671622910275787,0.5089928057553957,0.919183699593926,0.9490345867409878,5,"ARID4B, CNOT2, ARID4A, BCL7A, NCOA3",
Reactome,Nucleotide Excision Repair,52,,0,down in PD,-0.27807787239444537,-0.9014521069556688,0.5942622950819673,0.9931312007901678,1.0,-1.111890915642829,0.2605932203389831,0.971419593463744,0.889543297367469,16,"XPA, UBE2I, POLR2H, POLR1A, COPS7A, RBX1, TCEA1, DDB1, COPS5, ERCC1, PRPF19, CCNH",
GO BP,Regulation Of Protein Serine/Threonine Kinase Activity,45,,0,down in PD,-0.2659997339207617,-0.9175416589638988,0.594488188976378,0.9931312007901678,1.0,-1.0146457087932914,0.4416475972540046,0.9485891445854564,0.917834535534549,11,"CIB1, MAP2K1, HGS, PPP2CA, TAB1, SOS1, HRAS, DAB2IP, CCNH, CDK5R1, MNAT1",
KEGG,Cell adhesion molecules,34,,0,up in PD,0.27677141421167184,0.8946810693456863,0.594758064516129,0.9931312007901678,1.0,0.9866472059672167,0.45873320537428025,0.9124111989768477,0.924859943977591,5,"CADM1, CDH2, CDH4, NEGR1, NRCAM",
GO BP,Positive Regulation Of Plasma Membrane Bounded Cell Projection Assembly,41,,0,down in PD,-0.2799885034603877,-0.9278680552418731,0.5949895615866388,0.9931312007901678,1.0,-1.0571954597333244,0.3669724770642202,0.9496147494031907,0.9052527446531683,12,"RHOQ, BBS4, ACTR3, ARHGAP35, AKIRIN1, NCKAP1, NLGN1, HRAS, FMR1, ANLN, NDEL1, GSK3B",
GO BP,Regulation Of Cell Death,22,,0,up in PD,0.31376910005296976,0.9305938220973254,0.5951903807615231,0.9931312007901678,1.0,0.987152336822905,0.45131086142322097,0.9124541109060686,0.9188766639730412,6,"CLU, CRYAB, CHMP7, CHMP2A, CHMP3, DHCR24",
GO BP,Positive Regulation Of Intracellular Protein Transport,69,ICE1,1,up in PD,0.25602101062989846,0.9381024693902379,0.5953307392996109,0.9931312007901678,1.0,1.0380785245824076,0.38910505836575876,0.8673864086793316,0.9066236477509965,7,"ICE1, BAG3, PCNT, CSNK2A2, UBE2D3, CD81, SORL1",ICE1
Reactome,Formation Of TC-NER Pre-Incision Complex,35,,0,down in PD,-0.2961854307120657,-0.9201070515919151,0.5963114754098361,0.9931312007901678,1.0,-1.0802020223183588,0.34182590233545646,0.9750062112495468,0.9052527446531683,12,"XPA, POLR2H, COPS7A, RBX1, TCEA1, DDB1, COPS5, PRPF19, CCNH, CUL4B, MNAT1, POLR2G",
GO BP,Regulation Of DNA Binding,16,,0,up in PD,0.3020501307959732,0.9036860925554886,0.5964912280701754,0.9931312007901678,1.0,0.87811825303979,0.6325757575757576,0.9821111861278787,0.982954981665194,8,"IGF1, JUN, HABP4, NFKBIA, CPNE1, EDF1, RSF1, CEBPG",
GO BP,Protein Ubiquitination,206,,0,down in PD,-0.23923674406293927,-0.9205661776631782,0.5967413441955194,0.9931312007901678,1.0,-1.1977128601932747,0.08557457212713937,1.0,0.7210549671046286,57,"KLHL13, RNF7, UBE2W, PINK1, NHLRC3, SDE2, AMFR, VCPIP1, RLIM, KEAP1, CUL1, AREL1",
Reactome,GPER1 Signaling,20,PRKAR2A,1,up in PD,0.3104228061124794,0.9208603114489757,0.5972222222222222,0.9931312007901678,1.0,0.9461836609272559,0.5468164794007491,0.9466059930045563,0.9609669811320755,6,"PRKAR2A, GNAI2, GNAI3, GNB5, GNG4, GNAS",PRKAR2A
Reactome,Metabolism Of Non-Coding RNA,21,,0,up in PD,0.31974097107844873,0.9070820207405521,0.5972222222222222,0.9931312007901678,1.0,0.9843544008034473,0.4877126654064272,0.9130997421666007,0.9407331539684481,9,"PHAX, NUP62, GEMIN5, WDR77, NUP210, NUP98, CLNS1A, NUP133, RANBP2",
Reactome,Cargo Trafficking To Periciliary Membrane,28,,0,down in PD,-0.2963969081182074,-0.9101959503076127,0.5975609756097561,0.9931312007901678,1.0,-1.0024754780565777,0.42954545454545456,0.9489129977583828,0.9159361089531836,7,"EXOC6, BBS4, EXOC5, EXOC8, ARL3, BBS7, EXOC1",
GO BP,Antigen Receptor-Mediated Signaling Pathway,32,,0,up in PD,0.27593398883219056,0.907964952823237,0.59765625,0.9931312007901678,1.0,0.9733031743710477,0.4952919020715631,0.9208974937800958,0.9407331539684481,13,"PRKCB, PIK3CD, GNAO1, EIF2B1, THY1, EIF2B5, RFTN1, EIF2B2, MAP3K7, RC3H2, UBE2N, SPG21",
KEGG,ErbB signaling pathway,47,,0,down in PD,-0.28441441767953435,-0.9199326890850805,0.5979591836734693,0.9931312007901678,1.0,-1.0873356198656068,0.2958057395143488,0.9642730285309213,0.889543297367469,16,"PIK3R3, MAP2K1, NRAS, CAMK2D, PAK1, MAPK8, AKT3, SOS1, ABL1, HRAS, BRAF, SHC2",
KEGG,Phospholipase D signaling pathway,58,,0,down in PD,-0.25885867052674727,-0.9008455661814243,0.5980392156862745,0.9931312007901678,1.0,-1.0431442251081813,0.3708609271523179,0.958084762751328,0.9052527446531683,16,"PIK3R3, ADCY3, AGTR1, MAP2K1, GAB2, NRAS, CYTH3, PTPN11, AKT3, SOS1, CYTH1, ARF1",
Reactome,Transmission Across Chemical Synapses,131,"CACNA1A, PPFIA4, PRKAR2A",3,up in PD,0.230935939395825,0.9061490190380075,0.5980952380952381,0.9931312007901678,1.0,1.0450856957488752,0.3582608695652174,0.8791093607734025,0.9052527446531683,28,"PPFIA4, CACNA2D3, PRKAR2A, PRKCB, NCALD, CACNA1A, NAAA, GRIN2A, SYN2, SLC38A2, PPM1F, CASK","PPFIA4, PRKAR2A, CACNA1A"
KEGG,Ribosome biogenesis in eukaryotes,38,,0,down in PD,-0.28193597311959906,-0.8981545252775666,0.5983086680761099,0.9931312007901678,1.0,-1.0428917513974743,0.39019189765458423,0.956448993086001,0.9066236477509965,6,"NOL6, CSNK2A1, WDR36, RIOK2, RPP30, NAT10",
GO BP,Activation Of Protein Kinase Activity,26,,0,down in PD,-0.28043767279433385,-0.919743930157536,0.5983935742971888,0.9931312007901678,1.0,-0.9693679231100578,0.4936440677966102,0.9791462882563202,0.9407331539684481,6,"TGFBR2, PINK1, PPIA, CAB39L, IRAK1, STK11",
Reactome,"Cell Death Signaling Via NRAGE, NRIF And NADE",35,,0,up in PD,0.2723158954059115,0.8880320795907333,0.5984095427435387,0.9931312007901678,1.0,0.9624951329544025,0.5067698259187621,0.927485189461226,0.9475439615800428,9,"MCF2L, TRIO, AKAP13, ARHGEF10L, UBA52, UBC, SQSTM1, ARHGEF9, APH1B",
Reactome,Beta-catenin Independent WNT Signaling,74,,0,up in PD,0.2589928906171891,0.89679385581244,0.5988372093023255,0.9931312007901678,1.0,1.076428107942808,0.3209647495361781,0.8692624761253801,0.8955382436260623,21,"PRKCB, WNT5A, AGO3, TNRC6B, NCOA3, GNAO1, PSMD5, UBA52, PRICKLE1, AP2S1, PSMB1, PSMA7",
KEGG,Mineral absorption,23,,0,up in PD,0.2789581918486486,0.8632868669021174,0.5991735537190083,0.9931312007901678,1.0,0.8864484212726432,0.6110056925996205,0.980960606487266,0.9821359223300969,8,"MT1G, MT1F, ATP2B1, ATP1B3, TF, ATOX1, SLC8A3, MT1X",
GO BP,Establishment Of Protein Localization To Organelle,45,,0,down in PD,-0.27742676000046174,-0.919972786275959,0.5991820040899796,0.9931312007901678,1.0,-1.0766345014465522,0.33181818181818185,0.9524083560270634,0.9052527446531683,16,"PINK1, IPO8, EIF4ENIF1, PEX19, LRRC7, NUP214, KPNA5, NUP155, RANBP6, STK4, RAB11A, PHB2",
KEGG,Toll-like receptor signaling pathway,30,,0,down in PD,-0.27466016086897627,-0.9066584013694935,0.599609375,0.9931312007901678,1.0,-0.9529381264649407,0.5352422907488987,0.9835149157029349,0.955332871107694,11,"PIK3R3, MAP2K1, MAPK8, CHUK, TBK1, IRAK1, TAB1, AKT3, MAPK14, TAB2, MAPK10",
KEGG,Gap junction,43,,0,down in PD,-0.2692168545372534,-0.9072573142736268,0.599609375,0.9931312007901678,1.0,-1.026698100625408,0.40638297872340423,0.9491395820632572,0.9124393271500799,10,"ITPR1, ADCY3, MAP2K1, NRAS, CSNK1D, GNA11, DRD2, MAP3K2, TUBB2B, SOS1",
Reactome,Mitochondrial Protein Import,32,,0,up in PD,0.31084282068745606,0.8789989680928463,0.6,0.9931312007901678,1.0,1.0715569923705281,0.34615384615384615,0.8739538703360409,0.9052527446531683,8,"CMC2, TOMM7, COA6, COX19, TIMM9, GRPEL1, TIMM17A, ATP5MC1",
Reactome,Cellular Responses To Stress,360,DNAJB1,1,up in PD,0.23481307943616697,0.9168254930908326,0.6003976143141153,0.9931312007901678,1.0,1.2069093908242123,0.059625212947189095,0.7916771164012372,0.6282855759224342,107,"EP400, DNAJB1, BAG3, HDGF, HSPH1, NCOR1, AGO3, CSNK2A2, UBE2D3, HSPA5, SESN2, PTGES3",DNAJB1
Reactome,SUMOylation Of Transcription Cofactors,21,,0,down in PD,-0.30123725366941456,-0.9055411443084658,0.6007984031936128,0.9931312007901678,1.0,-0.9679943061101145,0.47789473684210526,0.9755525996709732,0.9372073253922444,4,"UBE2I, SIN3A, CBX4, PHC3",
KEGG,Cytokine-cytokine receptor interaction,17,,0,down in PD,-0.31736471675316424,-0.8993308520849568,0.6039215686274509,0.9931312007901678,1.0,-0.9501699633390034,0.5246913580246914,0.9752187624793971,0.9547344137230045,3,"ACVR1, TGFBR2, TNFRSF21",
GO BP,Cellular Response To Salt,38,"CACNA1A, CPNE3, LGMN",3,down in PD,-0.2621634402725963,-0.9006264361745226,0.6039603960396039,0.9931312007901678,1.0,-0.9650686307425433,0.5209205020920502,0.9752532575630696,0.950510786284845,13,"CPNE3, RYR3, DLG4, LGMN, CAMK2D, SLC12A2, PRKAA1, NEK7, NLGN1, BRAF, IQGAP1, PPP1R9B","CPNE3, LGMN"
GO BP,Monocarboxylic Acid Transport,16,,0,up in PD,0.3169585655320767,0.8897551022768008,0.6040816326530613,0.9931312007901678,1.0,0.9143534761576093,0.5566600397614314,0.96528826360751,0.964974608343127,3,"ACSL1, ARID4A, KDM5A",
GO BP,Inner Mitochondrial Membrane Organization,16,,0,down in PD,-0.3569943170078814,-0.8965173701969462,0.604887983706721,0.9931312007901678,1.0,-1.0698715156909302,0.36853448275862066,0.9644535728716048,0.9052527446531683,6,"SLC25A46, TIMM22, IMMT, TIMM10, LETM1, OPA1",
Reactome,Cyclin D Associated Events In G1,18,,0,down in PD,-0.3169359331425389,-0.914078283675268,0.605009633911368,0.9931312007901678,1.0,-0.9687485878826839,0.4874476987447699,0.9750017621954167,0.9407331539684481,7,"CUL1, PPP2R1A, PPP2CA, PPP2R2A, ABL1, CCNH, MNAT1",
KEGG,TNF signaling pathway,38,CFLAR,1,up in PD,0.25871210982942994,0.9068828941448897,0.6051587301587301,0.9931312007901678,1.0,0.9222367409431251,0.5656192236598891,0.9678217939307151,0.9674547938600017,11,"CFLAR, TRAF3, JUN, PIK3CD, RPS6KA5, RELA, MAP2K3, MAPK1, JUNB, MAP3K7, NFKBIA",CFLAR
KEGG,mTOR signaling pathway,84,,0,down in PD,-0.2559280613132572,-0.9287982272491512,0.6055776892430279,0.9931312007901678,1.0,-1.1057501806669134,0.25943396226415094,0.9653324955436007,0.889543297367469,22,"WNT3, LAMTOR1, NPRL3, MIOS, TBC1D7, PIK3R3, MAP2K1, FNIP1, NRAS, LAMTOR3, CAB39L, ATP6V1H",
Reactome,Metabolism Of Lipids,281,"CPNE3, ELOVL7, LGMN",3,down in PD,-0.22455303475018007,-0.925745612120158,0.6056338028169014,0.9931312007901678,1.0,-1.1571689707025414,0.10152284263959391,1.0,0.7684517369876186,67,"LPGAT1, ELOVL7, FDX1, GDPD5, CPNE3, GPCPD1, ARNT2, PTPN13, PIK3R3, UBE2I, CERS6, LGMN","ELOVL7, CPNE3, LGMN"
GO BP,Negative Regulation Of Apoptotic Process,165,"CFLAR, LGMN",2,up in PD,0.23221011828192212,0.929011133880618,0.6060606060606061,0.9931312007901678,1.0,1.1038236449432446,0.2366288492706645,0.8660410539627091,0.889543297367469,25,"CLU, GRN, BAG3, WNT5A, CFLAR, CSNK2A2, HSPA5, IGF1R, IGF1, CRYAB, DNAJA1, HAX1",CFLAR
Reactome,Influenza Viral RNA Transcription And Replication,63,,0,up in PD,0.28480932518054436,0.8690285761358129,0.6070038910505836,0.9931312007901678,1.0,1.1428761737897652,0.22115384615384615,0.827351311992022,0.889543297367469,25,"RPS5, HSP90AA1, NUP62, RPL18, POLR2L, UBA52, POLR2F, RPL36, RPS16, RPS4X, RPL37A, RPS4Y1",
Reactome,Transcription Of HIV Genome,41,,0,down in PD,-0.26756133038475194,-0.9093638670778507,0.6074380165289256,0.9931312007901678,1.0,-1.0168259486531268,0.43640350877192985,0.9568932575122694,0.9159361089531836,14,"POLR2H, GTF2A1, SUPT5H, TCEA1, SSRP1, NELFB, RNMT, CCNH, TBP, MNAT1, TAF7, POLR2G",
GO BP,Regulation Of G1/S Transition Of Mitotic Cell Cycle,47,GPNMB,1,up in PD,0.26143576160140103,0.9157418060798743,0.6074950690335306,0.9931312007901678,1.0,1.0092753307487734,0.43617021276595747,0.8956582961789343,0.9159361089531836,7,"GPNMB, PRMT2, JADE1, BCL7A, ARID2, ANKRD17, FHL1",GPNMB
GO BP,Cell Junction Assembly,38,,0,up in PD,0.27043394449788727,0.8875484708265237,0.6075697211155379,0.9931312007901678,1.0,0.9696451546842697,0.5140712945590994,0.9225951708455408,0.9490345867409878,8,"CDH2, CDH4, CDH6, ARVCF, NRCAM, GPM6A, DSCAM, SPOCK2",
GO BP,Adherens Junction Organization,15,,0,up in PD,0.3323544550966787,0.8926558703504973,0.6078028747433265,0.9931312007901678,1.0,0.9397912297987701,0.5363457760314342,0.9535739579301232,0.955332871107694,9,"CDH2, CDH4, CDH6, TBCD, VCL, ZNF703, PIP5K1C, PAK2, CDH10",
Reactome,RNA Polymerase III Transcription Initiation From Type 3 Promoter,18,,0,up in PD,0.30161812105917407,0.8851123181967618,0.6081081081081081,0.9931312007901678,1.0,0.8901421116550867,0.6108949416342413,0.9837926674144848,0.9821359223300969,6,"SNAPC5, POLR2L, POLR2F, CRCP, POLR3K, POLR3F",
GO BP,Positive Regulation Of ERK1 And ERK2 Cascade,35,GPNMB,1,up in PD,0.2730500904524158,0.9083296685384171,0.6081632653061224,0.9931312007901678,1.0,0.9486116798075446,0.5490909090909091,0.9436178334137968,0.9626219413385189,13,"GPNMB, IGF1, PDGFA, MFHAS1, NTRK3, CHI3L1, CD74, FBXW7, MTURN, APP, FGF1, HTR2A",GPNMB
Reactome,PTEN Regulation,74,,0,up in PD,0.26674441983567443,0.9015415367561946,0.6083499005964215,0.9931312007901678,1.0,1.0760338981147273,0.30326295585412666,0.8664581803241249,0.889543297367469,18,"AGO3, CSNK2A2, JUN, TNRC6B, LAMTOR4, GATAD2A, TNKS2, PSMD5, UBA52, TNKS, PSMB1, PSMA7",
GO BP,Protein Complex Oligomerization,42,FUS,1,up in PD,0.26208091190211663,0.9072076093526573,0.6084452975047985,0.9931312007901678,1.0,0.9681644489046978,0.5027027027027027,0.9192466173792778,0.9462356136040346,5,"FUS, BOK, JMJD6, LRRC8D, EHD1",FUS
GO BP,Regulation Of Response To External Stimulus,36,,0,up in PD,0.2731170250530359,0.9080144577443057,0.6094069529652352,0.9931312007901678,1.0,0.96232482226681,0.5414364640883977,0.9264706950762004,0.956878279300879,12,"GRN, WNT5A, TRAF3, SPATA2, BRD4, RELA, CELF1, NFE2L2, APLP2, BIRC2, XIAP, SAMHD1",
GO BP,Response To Amino Acid Starvation,23,,0,up in PD,0.28967187755511137,0.91644560215548,0.6099009900990099,0.9931312007901678,1.0,0.9059728777640325,0.6,0.9774909696588615,0.9821359223300969,6,"EIF2AK2, SESN2, NPRL2, SESN1, RRAGA, MAPK1",
GO BP,Substantia Nigra Development,26,,0,up in PD,0.2995848116319123,0.9003546273399435,0.6104166666666667,0.9931312007901678,1.0,0.9951760021739963,0.4664179104477612,0.9036245064040216,0.9300236406619385,11,"HSPA5, MAOB, YWHAQ, BASP1, PLP1, FGF9, YWHAH, NDUFS3, CALM3, INA, YWHAE",
Reactome,Ion Channel Transport,65,,0,down in PD,-0.2559030355470996,-0.921584390339,0.6107660455486542,0.9931312007901678,1.0,-1.0574876161911022,0.37130801687763715,0.951156892528527,0.9052527446531683,24,"RYR3, ATP2A3, TTYH3, CAMK2D, ATP9A, ATP6V1H, WNK3, ATP7A, ATP1B1, TPCN1, ATP1B2, CLCN5",
Reactome,Selenoamino Acid Metabolism,41,,0,up in PD,0.31762295665546164,0.8510123883636918,0.6107899807321773,0.9931312007901678,1.0,1.177477300489151,0.22676579925650558,0.7995901818572382,0.889543297367469,16,"RPS5, RPL18, UBA52, TXNRD1, RPL36, RPS16, RPS4X, RPL37A, RPS4Y1, RPL14, RPL35A, RPS3",
KEGG,Circadian entrainment,47,,0,down in PD,-0.2651805637877084,-0.8995498901174506,0.6108949416342413,0.9931312007901678,1.0,-1.0357995484678768,0.4067796610169492,0.942503098027951,0.9124393271500799,6,"RYR3, ITPR1, GRIA3, ADCY3, KCNJ9, CAMK2D",
GO BP,Positive Regulation Of Stem Cell Population Maintenance,21,,0,up in PD,0.293780413605745,0.8767318083432994,0.6111111111111112,0.9931312007901678,1.0,0.9135225820957442,0.6033519553072626,0.9647537864267135,0.9821359223300969,4,"ARID4B, ARID4A, BCL7A, NCOA3",
Reactome,RHO GTPases Activate Formins,43,SCAI,1,down in PD,-0.2710446873474429,-0.9065096785954818,0.6126482213438735,0.9931312007901678,1.0,-1.0382351015239168,0.36043956043956044,0.9558424709363919,0.9052527446531683,7,"SCAI, PPP2R5A, DYNC1I1, PAFAH1B1, PPP2R5B, PPP2R1A, PPP2CA",SCAI
GO BP,Regulation Of Cellular Localization,27,,0,down in PD,-0.295057469547807,-0.8898513210528456,0.6128364389233955,0.9931312007901678,1.0,-0.9955935380133615,0.48627450980392156,0.9492186700125628,0.9407331539684481,8,"RABGAP1L, USP8, CAMK2D, MAPK8, MMD, PICALM, RSL1D1, VPS4A",
Reactome,Selective Autophagy,38,,0,up in PD,0.2682688345540219,0.8840011194131221,0.6141732283464567,0.9931312007901678,1.0,0.9682435603959514,0.5196998123827392,0.9205959372129008,0.9492994245366654,15,"PCNT, CSNK2A2, ATG12, HSP90AA1, TOMM7, UBA52, UBC, SQSTM1, HDAC6, UBE2N, ATG5, TOMM40",
Reactome,Diseases Of Programmed Cell Death,19,,0,up in PD,0.31047861488423306,0.8907840771619211,0.6146245059288538,0.9931312007901678,1.0,0.9191025424831513,0.5555555555555556,0.9694933481663099,0.964974608343127,10,"JUN, CDC25B, DNMT3A, PRDX2, APP, RBBP4, PRDX1, SUZ12, YWHAE, LMNA",
GO BP,DNA Repair,86,TRRAP,1,down in PD,-0.2550450077635704,-0.9133490231098188,0.6149193548387096,0.9931312007901678,1.0,-1.1123130682722664,0.2510822510822511,0.9768870114684621,0.889543297367469,24,"CIB1, TOPBP1, XPA, VCPIP1, PPP5C, ATXN3, SETX, PMS1, DDB1, FTO, UBE2B, ERCC1",
GO BP,Cytoskeleton Organization,50,,0,down in PD,-0.2577865398452167,-0.8942838473004936,0.6150793650793651,0.9931312007901678,1.0,-1.0149797730816166,0.4116331096196868,0.9543139649223711,0.9148952843185582,8,"TPM1, WASF3, DST, FITM2, STRIP2, PRKCI, PRPF40A, PDZD8",
GO BP,Regulation Of Telomere Maintenance,17,,0,down in PD,-0.3207146244746675,-0.9072960790793696,0.6155419222903885,0.9931312007901678,1.0,-0.9720346930093101,0.5041152263374485,0.9760972315743248,0.9472864701436131,7,"TERF2, SMC6, ERCC1, YLPM1, TERF2IP, HDAC8, NBN",
GO BP,Regulation Of GTPase Activity,87,PLXNC1,1,down in PD,-0.24708483836192108,-0.8993006741232517,0.6157024793388429,0.9931312007901678,1.0,-1.0729779104832389,0.3191489361702128,0.9581759071546596,0.8938817436479362,30,"RGS6, TBC1D7, RGS7, SGSM2, RASGRF1, SIPA1L1, VAV3, WDR41, RGS16, C9orf72, MAPRE2, SNX13",
Hallmark,TGF-beta Signaling,26,,0,up in PD,0.2880342124699694,0.8692433188013542,0.6163265306122448,0.9931312007901678,1.0,0.9507312939601585,0.5471698113207547,0.9449896718419827,0.9609669811320755,9,"UBE2D3, ARID4B, IFNGR2, PMEPA1, JUNB, MAP3K7, CDK9, XIAP, CDKN1C",
GO BP,Negative Regulation Of Protein Localization,24,,0,down in PD,-0.29174058603022346,-0.8900193798070964,0.6164383561643836,0.9931312007901678,1.0,-0.9553162534792915,0.5164609053497943,0.9817410120131903,0.9490345867409878,7,"SIN3A, PICALM, LZTFL1, YWHAZ, ANKRD13A, VCP, GSK3B",
GO BP,Protein Autophosphorylation,62,,0,up in PD,0.24806343750130358,0.887441569298409,0.6173570019723866,0.9931312007901678,1.0,0.9921280280625713,0.48161764705882354,0.9082555530338353,0.9393961806428709,10,"FGFR1, EIF2AK2, IGF1R, TAOK3, MKNK2, SMG1, MARK3, INSR, CDK12, PIM1",
Reactome,Transport Of Small Molecules,267,PRKAR2A,1,down in PD,-0.22191728348491568,-0.9232298935458508,0.6177062374245473,0.9931312007901678,1.0,-1.139841631690774,0.14628297362110312,1.0,0.8364494450950868,99,"ABCG1, RYR3, ABCB9, ABCA5, DERL1, CUL1, AP2A1, SLC16A1, EMB, SLC25A26, ATP2A3, ABCC1",
GO BP,Regulation Of Cell Communication,22,,0,up in PD,0.2839296066761017,0.8932983593743993,0.6177685950413223,0.9931312007901678,1.0,0.8866179725047918,0.6242884250474383,0.9833306821005559,0.982954981665194,4,"CDK13, NCOA5, NUP62, MTCH1",
Reactome,NCAM Signaling For Neurite Out-Growth,26,,0,up in PD,0.29165351054257715,0.8670408815562247,0.618595825426945,0.9931312007901678,1.0,0.9559272447594368,0.5137795275590551,0.9370783753064182,0.9490345867409878,7,"FGFR1, RPS6KA5, SPTBN4, CACNB1, SPTAN1, SPTB, MAPK1",
GO BP,Positive Regulation Of DNA-templated Transcription Initiation,31,,0,down in PD,-0.2702926665922969,-0.9083780253023195,0.6189555125725339,0.9931312007901678,1.0,-0.9611401977945265,0.5258426966292135,0.9724144211312185,0.955332871107694,16,"SETX, MED4, GTF2A1, MED13, MED9, TBP, TAF7, MED10, MED8, SRF, MED28, GTF2A2",
Reactome,RND3 GTPase Cycle,17,,0,down in PD,-0.3051427981770538,-0.8717207133797436,0.619140625,0.9931312007901678,1.0,-0.8863340879577093,0.6038135593220338,1.0,0.9821359223300969,5,"PTPN13, DST, ARHGAP35, CKAP4, PICALM",
GO BP,Regulation Of Microtubule Cytoskeleton Organization,25,,0,down in PD,-0.28587998382445,-0.9006148356666388,0.6193293885601578,0.9931312007901678,1.0,-0.9664066163890797,0.49898580121703856,0.972770162516253,0.9412100385812998,8,"TRIM36, MAPRE2, PRKAA1, TRAF3IP1, MAPRE1, CYLD, MPDZ, GSK3B",
GO BP,Lysosome Organization,18,,0,up in PD,0.2993125275660208,0.8720411981151768,0.6193415637860082,0.9931312007901678,1.0,0.895050379511979,0.6070763500931099,0.9874330204053708,0.9821359223300969,3,"GRN, TMEM106B, SNAPIN",
GO BP,Phosphatidylinositol Phosphate Biosynthetic Process,18,,0,down in PD,-0.30081314295211237,-0.8599740353479483,0.6202783300198808,0.9931312007901678,1.0,-0.9116352963468015,0.5790554414784395,0.9960777633302971,0.975172990914461,4,"PIK3R3, PIK3C2A, TTC7B, PIK3C2B",
Reactome,Cytoprotection By HMOX1,34,,0,up in PD,0.270944884784237,0.8720023748800477,0.6207584830339321,0.9931312007901678,1.0,0.9567837943331472,0.5113207547169811,0.935989165916246,0.9490345867409878,8,"NCOR1, COX14, RXRA, COX19, SURF1, NFE2L2, CHD9, HDAC3",
Reactome,Asparagine N-linked Glycosylation,160,,0,down in PD,-0.24679394358245932,-0.9116589751838853,0.6234042553191489,0.9931312007901678,1.0,-1.1946884239215914,0.11163895486935867,1.0,0.7759499089329629,65,"SEC23IP, DERL1, AMFR, NPL, SCFD1, COPA, COPZ1, NUS1, DHDDS, DCTN5, MAN2A2, DYNC1I1",
KEGG,Spliceosome,81,FUS,1,up in PD,0.2544344510870319,0.8656928838233747,0.6239837398373984,0.9931312007901678,1.0,1.075058233236207,0.3403880070546737,0.8678087705571155,0.9052527446531683,24,"FUS, DDX46, SF3B1, CDC5L, HNRNPU, SNRNP70, RBM17, CRNKL1, HSPA2, HNRNPA3, SRSF6, SNRNP200",FUS
Reactome,XBP1(S) Activates Chaperone Genes,28,,0,down in PD,-0.28309347016239406,-0.8707263841990722,0.624,0.9931312007901678,1.0,-0.9672869802861341,0.5147679324894515,0.9739097176849156,0.9490345867409878,9,"HYOU1, PPP2R5B, EXTL2, TSPYL2, ARFGAP1, SEC31A, SYVN1, PREB, GOSR2",
KEGG,Acute myeloid leukemia,25,,0,down in PD,-0.2866099707480092,-0.8803943894432575,0.624765478424015,0.9931312007901678,1.0,-0.9450285432557136,0.5509761388286334,0.978467581427822,0.9638892918742041,8,"PIK3R3, MAP2K1, NRAS, CHUK, AKT3, SOS1, HRAS, BRAF",
KEGG,Adrenergic signaling in cardiomyocytes,75,,0,down in PD,-0.24772041810403456,-0.8892502197453965,0.625,0.9931312007901678,1.0,-1.0447009170392545,0.3782051282051282,0.9599686382147902,0.9052527446531683,17,"TPM1, ADCY3, PPP2R2C, AGTR1, CACNA2D2, PPP2R5A, ATP2A3, PPP2R5B, PPP2R2B, CAMK2D, PPP2R1A, PPP2CA",
Reactome,DNA Repair,98,,0,down in PD,-0.2528775981334048,-0.8925882286553947,0.625,0.9931312007901678,1.0,-1.1286072897563226,0.2219679633867277,1.0,0.889543297367469,30,"TOPBP1, XPA, UBE2I, PPP5C, POLR2H, TERF2, SEM1, POLR1A, USP1, COPS7A, MAPK8, RBX1",
KEGG,Olfactory transduction,20,,0,up in PD,0.2965994734331694,0.8745241050193296,0.6254826254826255,0.9931312007901678,1.0,0.9171499314778816,0.5973534971644613,0.9677295216081644,0.9821359223300969,3,"RGS2, NCALD, PDE2A",
KEGG,MicroRNAs in cancer,66,,0,down in PD,-0.24843174944342772,-0.8671543769669159,0.6257309941520468,0.9931312007901678,1.0,-1.0284555139316451,0.3744394618834081,0.9524008092911028,0.9052527446531683,10,"WNT3, TPM1, PIK3R3, UBE2I, MAP2K1, ABCC1, MMP16, NRAS, SLC7A1, TIMP3",
Reactome,Leishmania Infection,72,PRKAR2A,1,up in PD,0.24778597228161925,0.8939781311105817,0.6265060240963856,0.9931312007901678,1.0,1.0279456717310873,0.3848987108655617,0.8760370277624282,0.9062081834303362,17,"PRKAR2A, WNT5A, JUN, BRK1, CHGA, WIPF2, C3, RAMP1, ARPC5, RELA, ARPC2, MAPK1",PRKAR2A
Reactome,RNA Polymerase III Transcription Initiation,24,,0,up in PD,0.28530323767329846,0.8937770687515638,0.6266924564796905,0.9931312007901678,1.0,0.9159629006327064,0.5767790262172284,0.9637237090222545,0.9740838560581049,7,"GTF3A, SNAPC5, POLR2L, POLR2F, CRCP, POLR3K, POLR3F",
GO BP,Protein Palmitoylation,16,,0,up in PD,0.3001454657012124,0.8791191201991672,0.626953125,0.9931312007901678,1.0,0.8769497918195265,0.6463654223968566,0.9796813864880136,0.9859043661113942,2,"ZDHHC14, ZDHHC22",
GO BP,Modification-Dependent Protein Catabolic Process,115,,0,down in PD,-0.2505892944981014,-0.900824883983295,0.6270833333333333,0.9931312007901678,1.0,-1.1509870987515296,0.1736111111111111,1.0,0.8680494263018534,36,"RNF7, PINK1, UBE2I, RLIM, KEAP1, ATXN3, AREL1, FBXL4, UBE3C, RBX1, RCHY1, PCYOX1L",
Hallmark,G2-M Checkpoint,69,,0,up in PD,0.2518779297422852,0.8797963246596451,0.6272189349112426,0.9931312007901678,1.0,1.0411466463107066,0.37084870848708484,0.8737043870652842,0.9052527446531683,28,"BUB3, AMD1, RPS6KA5, HNRNPU, ARID4A, CDC25B, DR1, CUL4A, RBM14, SMC2, PURA, E2F3",
GO BP,Striated Muscle Contraction,17,,0,down in PD,-0.2915850490677261,-0.8731289738829492,0.6284584980237155,0.9931312007901678,1.0,-0.8614368588980582,0.6507592190889371,0.9987041783589099,0.9859043661113942,2,"TPM1, RYR3",
Hallmark,Interferon Gamma Response,46,,0,up in PD,0.2537396747720464,0.8537087870145343,0.6296296296296297,0.9931312007901678,1.0,0.9489461129223535,0.5533088235294118,0.9456948383437501,0.9638892918742041,19,"RNF213, EIF2AK2, NCOA3, PIM1, UBE2L6, STAT2, ST3GAL5, LGALS3BP, CD74, MX1, NFKBIA, STAT1",
Reactome,Downstream Signal Transduction,18,,0,down in PD,-0.30941682849757424,-0.8826290869893252,0.6297029702970297,0.9931312007901678,1.0,-0.9303950192335281,0.5625,0.9798707843789932,0.9663687378058234,6,"NRAS, PTPN11, SOS1, RAPGEF1, HRAS, PLCG1",
KEGG,Choline metabolism in cancer,44,,0,down in PD,-0.2631482703149768,-0.8765323540624919,0.6297786720321932,0.9931312007901678,1.0,-0.9963572566149599,0.4444444444444444,0.9507820880795739,0.917834535534549,14,"GPCPD1, PIK3R3, WASF3, MAP2K1, NRAS, MAPK8, HIF1A, AKT3, SOS1, LYPLA1, HRAS, PIP5K1B",
GO BP,Central Nervous System Development,129,"CNTN4, SH3GL3, SOX6",3,down in PD,-0.22943946888988054,-0.9108075538914631,0.6299376299376299,0.9931312007901678,1.0,-1.0806477977808218,0.26963906581740976,0.9763034662934957,0.889543297367469,26,"SOX6, SH3GL3, CNTN4, PCDH18, TGFBR2, ARNT2, CNTNAP2, SLC23A2, TBC1D23, UFM1, PTPRZ1, CADM2","SOX6, SH3GL3, CNTN4"
GO BP,Organonitrogen Compound Catabolic Process,20,,0,up in PD,0.2935239836515081,0.8921883575807775,0.6300813008130082,0.9931312007901678,1.0,0.9057250260643331,0.612,0.9767398055910969,0.9821359223300969,4,"SIAH1, ENPP2, CLN8, SQSTM1",
GO BP,Cellular Response To Interleukin-1,16,,0,up in PD,0.29853452196131425,0.8717506054863495,0.6317907444668008,0.9931312007901678,1.0,0.8605450271250372,0.6679035250463822,0.9937603751232775,0.9893762955737105,4,"SIRPA, RPS6KA5, SFRP1, RELA",
GO BP,Regulation Of Protein Autophosphorylation,15,GPNMB,1,up in PD,0.3197970073374491,0.8912955037730015,0.6321138211382114,0.9931312007901678,1.0,0.9106001556425449,0.5923809523809523,0.9703251557368509,0.9821359223300969,2,"GPNMB, PDGFA",GPNMB
GO BP,Regulation Of Protein Metabolic Process,40,RBM4B,1,up in PD,0.2633186848690671,0.9007049055740016,0.6323529411764706,0.9931312007901678,1.0,0.9488463193507689,0.5354477611940298,0.9444627636264519,0.955332871107694,5,"RBM4B, TRAF3, CNDP1, ATXN2, WFS1",RBM4B
KEGG,Taste transduction,15,CACNA1A,1,up in PD,0.32956577641602103,0.8609309148307006,0.6327345309381237,0.9931312007901678,1.0,0.9445554549411943,0.5295238095238095,0.9421193274071107,0.955332871107694,2,"CACNA1A, PLCB4",CACNA1A
GO BP,Plasma Membrane Organization,30,,0,up in PD,0.2908423040728371,0.9006245937436604,0.6332665330661322,0.9931312007901678,1.0,0.9830191375759987,0.45623836126629425,0.9108954845936436,0.924859943977591,8,"SMPD1, STX4, CHMP7, SERP1, RAB3A, CHMP2A, CHMP3, ANXA6",
KEGG,Signaling pathways regulating pluripotency of stem cells,49,,0,up in PD,0.2583286382235211,0.8800297840059993,0.6344969199178645,0.9931312007901678,1.0,0.9632922550094,0.519774011299435,0.9266331963691026,0.9492994245366654,7,"WNT5A, FGFR1, IGF1R, IGF1, PIK3CD, JAK1, IL6ST",
GO BP,Negative Regulation Of Wnt Signaling Pathway,42,,0,up in PD,0.24833399010388227,0.8727551772222019,0.6354166666666666,0.9931312007901678,1.0,0.9086380345147852,0.6055045871559633,0.9729990113842135,0.9821359223300969,7,"RNF213, WNT5A, SHISA6, RUVBL2, JADE1, SFRP1, PRICKLE1",
GO BP,Receptor Internalization,20,,0,down in PD,-0.2936933883510714,-0.8702574851838343,0.6356275303643725,0.9931312007901678,1.0,-0.9045654319221261,0.5829694323144105,1.0,0.977579602184523,5,"RAB5A, HGS, TFRC, ARRB1, PICALM",
Reactome,RNA Polymerase II Pre-transcription Events,48,,0,down in PD,-0.25429730003437,-0.884932683896087,0.635814889336016,0.9931312007901678,1.0,-1.0024362436404222,0.43680709534368073,0.9468598472113928,0.9159361089531836,16,"RTF1, POLR2H, GTF2A1, SUPT5H, TCEA1, SSRP1, NELFB, CDC73, SUPT6H, CCNH, TBP, MNAT1",
KEGG,Dopaminergic synapse,79,CACNA1A,1,down in PD,-0.244923040182092,-0.8902641382511425,0.636,0.9931312007901678,1.0,-1.0593096495547858,0.3620309050772627,0.9578330991335073,0.9052527446531683,20,"ITPR1, GRIA3, PPP2R2C, PPP2R5A, KIF5A, PPP2R5B, PPP2R2B, KCNJ9, CAMK2D, MAPK8, PPP2R1A, PPP2CA",
GO BP,Regulation Of Mitochondrial Membrane Potential,17,,0,down in PD,-0.3337570937375316,-0.8605144775151621,0.6361788617886179,0.9931312007901678,1.0,-0.9889762605116426,0.4726166328600406,0.9552299678172625,0.9350706013870649,6,"PINK1, PID1, ABL1, VCP, SLC25A36, NDUFS1",
GO BP,Regulation Of Axonogenesis,26,PLXNC1,1,up in PD,0.27977002538298607,0.8730694906971425,0.6367265469061876,0.9931312007901678,1.0,0.92453538633185,0.5469613259668509,0.9656075868452489,0.9609669811320755,2,"PLXNC1, CDH2",PLXNC1
Reactome,Retrograde Transport At Trans-Golgi-Network,26,,0,down in PD,-0.2717556948104528,-0.8719800077753945,0.6369168356997972,0.9931312007901678,1.0,-0.9157841089140076,0.5828092243186582,0.9942044058223469,0.977579602184523,9,"COG6, TMF1, RAB9B, NAA35, ARFRP1, STX16, VAMP4, NAPG, GOLGA4",
GO BP,Phospholipid Metabolic Process,19,,0,up in PD,0.2917731007773515,0.8850661678251409,0.6372745490981964,0.9931312007901678,1.0,0.8997426542771142,0.5955473098330241,0.9802080107499204,0.9821359223300969,6,"SMPD1, ENPP2, CLN8, FADS1, PGPEP1, PLA2G4C",
GO BP,Cellular Response To Oxygen-Containing Compound,131,"CACNA1A, CPNE3, LGMN, SSTR1",4,up in PD,0.22088305816323006,0.9079833904546961,0.6378269617706237,0.9931312007901678,1.0,1.0015557988079402,0.47192982456140353,0.8983354495065221,0.9348297733255596,47,"CLU, WNT5A, CACNA1A, SESN2, RUVBL2, SIRPA, FAM210B, JUN, AGAP3, LCOR, SYT4, PDCD4",CACNA1A
GO BP,Ribosome Biogenesis,73,,0,up in PD,0.2570830543076891,0.8570962301808708,0.638095238095238,0.9931312007901678,1.0,1.0727764464477274,0.3392539964476021,0.87167870066731,0.9052527446531683,23,"GTF3A, DDX27, NOP58, RPS5, CUL4A, BMS1, CINP, FBL, PAK1IP1, XRN2, RPS16, RPS4X",
GO BP,Golgi Organization,60,,0,down in PD,-0.2549689268945833,-0.9005802349645105,0.6386036960985626,0.9931312007901678,1.0,-1.0453067328351207,0.37719298245614036,0.9631298487286762,0.9052527446531683,16,"SEC23IP, VCPIP1, STK25, RAB30, GAK, CSNK1D, GOLGA8A, COG6, TMED9, GOLGA5, YWHAZ, DYNC2H1",
Reactome,Major Pathway Of rRNA Processing In Nucleolus And Cytosol,74,,0,up in PD,0.25482737008151857,0.8326207201137846,0.6390423572744015,0.9931312007901678,1.0,1.0682444691401196,0.34532374100719426,0.8768747708703247,0.9052527446531683,24,"NOP58, EXOSC1, RPS5, RPL18, BMS1, UBA52, RPP25, NOL9, FBL, PDCD11, DDX56, RPL36",
GO BP,Epithelium Development,29,GSTK1,1,up in PD,0.2703704677912495,0.8984399309254457,0.639511201629328,0.9931312007901678,1.0,0.904590971617927,0.6205607476635514,0.976962256380036,0.982954981665194,9,"GSTK1, HNRNPH3, ALDOC, CTSB, CBR1, CNN3, PDCD10, STAT1, VCL",GSTK1
Reactome,Regulation Of PLK1 Activity At G2/M Transition,46,,0,up in PD,0.26512931943623885,0.8813817508491623,0.639921722113503,0.9931312007901678,1.0,1.003431113860063,0.4355716878402904,0.8973815978840702,0.9159361089531836,10,"PCNT, PPP1R12A, CEP41, HSP90AA1, SSNA1, PCM1, UBA52, AKAP9, UBC, CENPJ",
GO BP,Positive Regulation Of Cysteine-Type Endopeptidase Activity Involved In Apoptotic Process,30,,0,up in PD,0.2733716043791546,0.8796563809813884,0.6404040404040404,0.9931312007901678,1.0,0.9371540237607401,0.5377358490566038,0.9554580340132425,0.955332871107694,9,"BOK, PPM1F, LAPTM5, MTCH1, PDCD5, MUL1, AIFM1, MAPT, RPS3",
GO BP,Cellular Response To Ionizing Radiation,18,,0,up in PD,0.2938067828179427,0.8552083734177832,0.640625,0.9931312007901678,1.0,0.8714983965649168,0.6513026052104208,0.9842062519358369,0.9859043661113942,3,"NIPBL, CRYAB, SPIDR",
GO BP,Dicarboxylic Acid Metabolic Process,22,,0,down in PD,-0.28126607588359287,-0.8538665934259806,0.640973630831643,0.9931312007901678,1.0,-0.9172901743799369,0.5769230769230769,0.9948790954102081,0.9740838560581049,4,"GCLC, ALDH18A1, MTRR, NIT2",
GO BP,Positive Regulation Of RNA Metabolic Process,21,,0,down in PD,-0.2794569826907206,-0.8634288467500415,0.640973630831643,0.9931312007901678,1.0,-0.8695354122903804,0.6506986027944112,1.0,0.9859043661113942,8,"SETX, RIOK2, GRSF1, HRAS, RBM22, HNRNPLL, RBM27, PNPT1",
Reactome,Cellular Response To Starvation,71,,0,up in PD,0.2682774961638979,0.8394606318351973,0.6413255360623782,0.9931312007901678,1.0,1.0943139108055804,0.2862453531598513,0.8570860364251706,0.889543297367469,23,"SESN2, RPS5, LAMTOR4, NPRL2, RPL18, UBA52, SESN1, RRAGA, RPL36, ATP6V0E1, ATP6V1E1, ATP6V1D",
GO BP,Negative Regulation Of Cell Cycle,19,,0,up in PD,0.29953213879918705,0.8538740837488211,0.6415094339622641,0.9931312007901678,1.0,0.9187487466861426,0.5847299813780261,0.9690320459464162,0.9796966553412073,8,"ANGEL2, GMNN, DUSP1, HEXIM1, ZBTB17, CDKN1C, IPO5, HECA",
GO BP,Protein Modification By Small Protein Removal,47,,0,down in PD,-0.2635562291808192,-0.8780223329270815,0.6427104722792608,0.9931312007901678,1.0,-1.020452550747737,0.3951965065502183,0.962549099776143,0.9091830741336601,9,"VCPIP1, USP24, USP20, USP35, USP8, USP1, COPS7A, PSMD14, COPS5",
GO BP,Ribonucleoprotein Complex Biogenesis,56,,0,up in PD,0.26213269838959546,0.8555234710609664,0.6429906542056075,0.9931312007901678,1.0,1.0413376679327284,0.3432282003710575,0.8786401628928522,0.9052527446531683,18,"GTF3A, NOP58, RPS5, CUL4A, BMS1, CINP, FBL, PAK1IP1, RPS16, RPS4X, RPL14, RPL35A",
GO BP,Negative Regulation Of Mitochondrion Organization,20,,0,up in PD,0.28626108639838654,0.8692327771821917,0.6437007874015748,0.9931312007901678,1.0,0.8797433451636639,0.6545801526717557,0.9806286464108356,0.9859043661113942,5,"CLU, IGF1, SLC18A1, MUL1, MAPT",
Reactome,MHC Class II Antigen Presentation,60,LGMN,1,down in PD,-0.2587102969230315,-0.8659761968196615,0.64375,0.9931312007901678,1.0,-1.0637391144168247,0.36343115124153497,0.9568734391716088,0.9052527446531683,13,"CTSF, AP2A1, LGMN, DCTN5, DYNC1I1, KIF5A, KIFAP3, AP2B1, SAR1B, SEC31A, KLC4, KIF3C",LGMN
GO BP,Calcium Ion Homeostasis,29,,0,up in PD,0.2638918645806503,0.8879059593840248,0.6438631790744467,0.9931312007901678,1.0,0.8928638610016579,0.6151012891344383,0.987802487607467,0.9821359223300969,4,"STC1, CALR, WFS1, SLC24A2",
GO BP,Regulation Of mRNA Catabolic Process,28,,0,up in PD,0.271081885803074,0.8538246302168179,0.6442687747035574,0.9931312007901678,1.0,0.9004873882358486,0.6276391554702495,0.979608165208936,0.982954981665194,4,"CASC3, ZC3HAV1, CNOT7, CAPRIN1",
GO BP,Negative Regulation Of Gene Expression,127,"GPNMB, LGMN",2,up in PD,0.23152062005623564,0.8968859753224425,0.6449704142011834,0.9931312007901678,1.0,1.046565107316592,0.3505338078291815,0.8819124290537133,0.9052527446531683,18,"GPNMB, YY1, DIP2A, EPC1, AGO3, ENC1, EIF2AK2, PABPC1, IGF1, CALR, RPS6KA5, TNRC6B",GPNMB
GO BP,Macromolecule Modification,35,,0,up in PD,0.2800685698494878,0.8841636279565029,0.645224171539961,0.9931312007901678,1.0,1.0038201912448563,0.4376163873370577,0.8977182993693275,0.9159361089531836,9,"UBE2D3, ST3GAL6, RPN2, UBE2L6, UBA52, PIGH, FBXO2, SERP1, USP25",
GO BP,Activation Of Cysteine-Type Endopeptidase Activity Involved In Apoptotic Process,19,,0,up in PD,0.2901852665767911,0.8940187060550966,0.645224171539961,0.9931312007901678,1.0,0.8863841600032635,0.6252390057361377,0.9797120807389421,0.982954981665194,6,"BOK, LAPTM5, MTCH1, MUL1, AIFM1, MAPT",
GO BP,Negative Regulation Of Amide Metabolic Process,48,,0,up in PD,0.25343712972918847,0.8832175247000174,0.6454720616570327,0.9931312007901678,1.0,0.9729520962695455,0.49245283018867925,0.9203502311305753,0.9407331539684481,6,"CLU, ENC1, EIF2AK2, IGF1, CALR, SORL1",
GO BP,Positive Regulation Of Transcription Elongation By RNA Polymerase II,26,ZMYND8,1,up in PD,0.2886613299797227,0.8752783486484298,0.645748987854251,0.9931312007901678,1.0,0.933154538991546,0.6044362292051756,0.9612131059592571,0.9821359223300969,4,"ZMYND8, CDK13, CDK12, MED14",ZMYND8
GO BP,Amino Acid Catabolic Process,16,,0,down in PD,-0.30327096363496997,-0.8450536148547554,0.6461864406779662,0.9931312007901678,1.0,-0.9151984291081101,0.5634095634095634,0.9923969509939491,0.9663687378058234,5,"BCKDHB, HNMT, MTRR, ETFB, DLD",
Reactome,Interaction Between L1 And Ankyrins,21,,0,up in PD,0.30792589200179377,0.8377986536887757,0.646484375,0.9931312007901678,1.0,0.9689096781653791,0.5075757575757576,0.9233352946566856,0.9481495870384758,4,"SPTBN4, NRCAM, SPTAN1, SPTB",
KEGG,Longevity regulating pathway,49,,0,up in PD,0.24609566520964374,0.8579153811967342,0.6469387755102041,0.9931312007901678,1.0,0.937878740398062,0.5709156193895871,0.9547425637950135,0.9722866002937818,8,"IGF1R, SESN2, IGF1, CRYAB, PIK3CD, INSR, HSPA2, RELA",
GO BP,Negative Regulation Of Cell Motility,58,"SCAI, ZMYND8",2,down in PD,-0.24818840929280928,-0.8958921583013202,0.6469387755102041,0.9931312007901678,1.0,-0.9965750496552555,0.44298245614035087,0.9521605227175279,0.917834535534549,12,"RAP2A, SCAI, LDLRAD4, CDH11, TPM1, SIN3A, NF2, TCAF1, SUDS3, RNF20, DUSP3, DRD2",SCAI
GO BP,Regulation Of Exocytosis,32,,0,up in PD,0.28262251246593934,0.8631896379252433,0.6475095785440613,0.9931312007901678,1.0,0.9839892657492454,0.48872180451127817,0.9109837767871394,0.9407331539684481,10,"ANXA2, STX4, CADPS2, RAB3A, CHMP3, CLASP1, RIMS2, RAB26, LGI3, APEX1",
Reactome,Constitutive Signaling By NOTCH1 HD+PEST Domain Mutants,32,,0,up in PD,0.26013180021736404,0.8641499594912946,0.6483739837398373,0.9931312007901678,1.0,0.9065560731498461,0.5992141453831041,0.9773817143898353,0.9821359223300969,9,"NCOR1, KAT2B, RBPJ, UBA52, UBC, SNW1, APH1B, HDAC6, FBXW7",
Hallmark,Fatty Acid Metabolism,75,,0,up in PD,0.25316186512786676,0.8419269303177428,0.6484375,0.9931312007901678,1.0,1.0330816723649705,0.39335664335664333,0.87497461145063,0.9091830741336601,27,"HSPH1, ACSL1, PTPRG, HSP90AA1, LGALS1, GRHPR, CRYZ, HSD17B4, UBE2L6, CBR1, ENO2, HADH",
KEGG,PD-L1 expression and PD-1 checkpoint pathway in cancer,36,,0,down in PD,-0.2591550189280143,-0.8716985220959789,0.6489151873767258,0.9931312007901678,1.0,-0.952481351108733,0.5283842794759825,0.9830623868914214,0.955332871107694,13,"PIK3R3, CSNK2A1, MAP2K1, NRAS, HIF1A, CHUK, PTPN11, AKT3, IFNGR1, MAPK14, PPP3R1, HRAS",
Reactome,DNA Double-Strand Break Repair,37,,0,down in PD,-0.26964221611125405,-0.8609000827849487,0.6496945010183299,0.9931312007901678,1.0,-0.987772449645073,0.48187633262260127,0.9530716958271419,0.9393961806428709,6,"TOPBP1, UBE2I, PPP5C, SEM1, POLR1A, MAPK8",
Reactome,Visual Phototransduction,22,,0,down in PD,-0.28336581570761543,-0.8625847912041336,0.6498993963782697,0.9931312007901678,1.0,-0.9250158765737732,0.5642105263157895,0.9930625548476473,0.9667265725288833,4,"RNF7, GPC4, CAMKMT, NAPEPLD",
Reactome,AURKA Activation By TPX2,36,,0,up in PD,0.271170327708664,0.8809951458932086,0.65,0.9931312007901678,1.0,0.9645954648810876,0.5126811594202898,0.9256665307454777,0.9490345867409878,11,"PCNT, CEP41, HSP90AA1, SSNA1, PCM1, AKAP9, CENPJ, CLASP1, TUBA4A, CEP70, CEP78",
GO BP,Negative Regulation Of Protein Binding,20,,0,down in PD,-0.29320453361118326,-0.8561171439858642,0.6505050505050505,0.9931312007901678,1.0,-0.9170283058180577,0.5798319327731093,0.9921046464657353,0.9756453479595433,3,"PTPRF, ATP2A3, MAPK8",
KEGG,Arrhythmogenic right ventricular cardiomyopathy,27,,0,up in PD,0.2751180229866686,0.8632865791481895,0.6507276507276507,0.9931312007901678,1.0,0.8943051360122111,0.6171428571428571,0.9880876120283789,0.9821359223300969,2,"CACNA2D3, CDH2",
KEGG,Glucagon signaling pathway,40,,0,down in PD,-0.257766044853153,-0.8740749957514046,0.6508264462809917,0.9931312007901678,1.0,-0.9763401376027578,0.49547511312217196,0.969457558913266,0.9407331539684481,15,"ITPR1, PYGL, CAMK2D, PFKL, AKT3, PRKAA1, PHKG2, PPP3R1, PRKAG2, CREB1, PDHB, ATF2",
KEGG,Tight junction,63,,0,down in PD,-0.24583462101024867,-0.8917325721444533,0.651394422310757,0.9931312007901678,1.0,-1.0090950062394273,0.4343891402714932,0.9523703229613636,0.9159361089531836,27,"PPP2R2C, ACTR3, PPP2R2B, NF2, MAPK8, ARHGEF18, PRKCI, PPP2R1A, PPP2CA, STK11, PRKAA1, PPP2R2A",
Reactome,Signaling By ERBB4,26,,0,up in PD,0.2729420510890912,0.8668406099533772,0.6514851485148515,0.9931312007901678,1.0,0.9162565218997121,0.5753424657534246,0.9644032798582514,0.9740838560581049,5,"NCOR1, GFAP, UBA52, UBC, APH1B",
GO BP,Response To Organonitrogen Compound,17,,0,up in PD,0.3082455436264586,0.8693353393051573,0.6523517382413088,0.9931312007901678,1.0,0.901664485480186,0.6030534351145038,0.9791988823376634,0.9821359223300969,3,"CLU, ATF6, DNAJB12",
GO BP,Protein Localization To Chromosome,21,ZMYND8,1,up in PD,0.2951813582660172,0.8630805036637335,0.6524271844660194,0.9931312007901678,1.0,0.9180006174232987,0.5582329317269076,0.9697315342575796,0.964974608343127,4,"ZMYND8, TNKS2, TNKS, CHMP7",ZMYND8
GO BP,Positive Regulation Of Macroautophagy,37,,0,up in PD,0.25784226150627954,0.8609119133401981,0.6524390243902439,0.9931312007901678,1.0,0.920996083039225,0.579047619047619,0.9655053828915569,0.975172990914461,5,"BAG3, SPTLC2, PIP4K2C, SESN2, RAB3GAP2",
GO BP,Mitochondrial Membrane Organization,16,,0,down in PD,-0.3240723667232386,-0.8347022368409456,0.6527777777777778,0.9931312007901678,1.0,-0.9690094527583031,0.4936708860759494,0.9762262750169955,0.9407331539684481,5,"IMMT, SPG7, LETM1, OPA1, SLC25A4",
Reactome,Late Endosomal Microautophagy,15,,0,up in PD,0.32613704539204275,0.8661262586385894,0.6532258064516129,0.9931312007901678,1.0,0.9313675492114997,0.5590551181102362,0.9635037172161854,0.9653987730061352,8,"PCNT, UBA52, CHMP7, UBC, CHMP2A, HDAC6, MVB12B, UBB",
GO BP,Calcium Ion Transmembrane Import Into Cytosol,29,"CACNA1A, IBTK",2,up in PD,0.27669739685906036,0.8323832865252099,0.6534446764091858,0.9931312007901678,1.0,0.959240245696903,0.5180505415162455,0.9299710620665944,0.9490345867409878,5,"CLU, CACNA1A, GRIN2A, PLCB4, SLC24A2",CACNA1A
GO BP,Cellular Response To Fibroblast Growth Factor Stimulus,18,,0,up in PD,0.29408077330864985,0.8576888950391848,0.6535269709543569,0.9931312007901678,1.0,0.8777026462411796,0.6143410852713178,0.9790757789653963,0.9821359223300969,9,"FGFR1, SFRP1, FLRT2, ZFP36L1, FGF9, FGF1, FIBP, DSTYK, ZFP36L2",
Hallmark,Pperoxisome,51,GSTK1,1,up in PD,0.25197026502121034,0.8748411159883515,0.6536203522504892,0.9931312007901678,1.0,0.9716609349994335,0.48927875243664715,0.9226680843927505,0.9407331539684481,19,"CADM1, GSTK1, PABPC1, ACSL1, SIAH1, HSD17B4, CLN8, STS, ABCC5, DHCR24, FADS1, CTBP1",GSTK1
GO BP,Regulation Of Translation,104,RBM4B,1,down in PD,-0.24634384376581875,-0.8894062945099813,0.6550308008213552,0.9931312007901678,1.0,-1.1069843952484146,0.24406047516198703,0.9670699922549548,0.889543297367469,26,"LARP4B, BZW1, NHLRC3, RPS27L, CSNK2A1, CIRBP, EIF4ENIF1, DDX6, NAT10, CTIF, EEF2, GIGYF2",
GO BP,Actin Cytoskeleton Reorganization,21,,0,up in PD,0.2714325671344118,0.8422154253946558,0.655511811023622,0.9931312007901678,1.0,0.8424535765883873,0.6948529411764706,1.0,0.9893762955737105,6,"CDC42BPA, MKLN1, EZR, THSD7A, DTNBP1, ATP2C1",
Reactome,Nuclear Envelope (NE) Reassembly,34,,0,down in PD,-0.28417226405508955,-0.8795943387205296,0.6556016597510373,0.9931312007901678,1.0,-1.0299538849862029,0.38724373576309795,0.9542398502685265,0.9062081834303362,9,"UBE2I, CHMP2B, PPP2R1A, PPP2CA, TUBB2B, PPP2R2A, CHMP4B, VPS4A, NUP155",
KEGG,Gastric cancer,44,,0,down in PD,-0.2626912070137064,-0.8738607498952179,0.6557377049180327,0.9931312007901678,1.0,-1.0061413514358675,0.43037974683544306,0.9561880084566389,0.9159361089531836,15,"WNT3, TGFBR2, PIK3R3, MAP2K1, NRAS, AKT3, SOS1, HRAS, BRAF, SHC2, GSK3B, CTNNA2",
GO BP,rRNA Processing,47,,0,down in PD,-0.25523360112322824,-0.8574680480658937,0.6561181434599156,0.9931312007901678,1.0,-0.9872935328395246,0.46799116997792495,0.9525617310898059,0.9306084561025273,9,"NOL6, WDR36, RIOK2, DDX49, NAT10, RIOK3, MPHOSPH6, DIS3, MAK16",
GO BP,Regulation Of Neuron Projection Development,85,,0,down in PD,-0.23673878175505714,-0.8722163452943839,0.6563146997929606,0.9931312007901678,1.0,-1.0353985778860575,0.3840749414519906,0.9390567244858337,0.9062081834303362,26,"CIB1, SETX, PTPN9, PPFIA2, CAMK1D, MYCBP2, GAK, ARHGAP35, PAK1, PRKCI, SIPA1L1, LRRC7",
Reactome,Insulin Receptor Signaling Cascade,24,,0,down in PD,-0.2815290868985052,-0.859797569056547,0.656686626746507,0.9931312007901678,1.0,-0.9479114098844564,0.5354166666666667,0.976886701180621,0.955332871107694,7,"PIGU, GAB2, NRAS, PTPN11, SOS1, HRAS, PIK3C3",
GO BP,Positive Regulation Of Endothelial Cell Proliferation,21,,0,up in PD,0.28071356248566137,0.8672136795107235,0.657258064516129,0.9931312007901678,1.0,0.8599958935659134,0.6790352504638218,0.9925149769525231,0.9893762955737105,3,"WNT5A, FGFR1, PIK3CD",
GO BP,Regulation Of Protein Localization,44,,0,down in PD,-0.26047365256815924,-0.852563262292935,0.6573705179282868,0.9931312007901678,1.0,-1.011188904711089,0.42008196721311475,0.9517989105164484,0.9159361089531836,11,"VCPIP1, RABGAP1L, USP8, MAPK8, MMD, PRKAA1, SUMO3, TOR1A, PICALM, RSL1D1, VPS4A",
GO BP,Regulation Of Transport,22,,0,down in PD,-0.2939295761925833,-0.8590617008024289,0.6594488188976378,0.9931312007901678,1.0,-0.9418603674356775,0.5529157667386609,0.9791305274725391,0.9638892918742041,7,"PINK1, SCFD1, YRDC, SAR1B, MBTPS1, ICA1, MYO6",
GO BP,Peptide Metabolic Process,19,,0,down in PD,-0.2922924736578848,-0.86715539903999,0.6597938144329897,0.9931312007901678,1.0,-0.8998434614274015,0.592292089249493,1.0,0.9821359223300969,3,"SPCS3, SPCS1, PCSK1",
Hallmark,Hedgehog Signaling,17,,0,up in PD,0.29040565978832056,0.8425230777662199,0.6601178781925344,0.9931312007901678,1.0,0.8577953167359698,0.6841046277665996,0.9886222260887667,0.9893762955737105,7,"NRCAM, RTN1, THY1, TLE1, ETS2, TLE3, SCG2",
Reactome,Translation,142,,0,up in PD,0.261719295186718,0.8223069892696147,0.6602316602316602,0.9931312007901678,1.0,1.2109837583547116,0.10018214936247723,0.7881851958795714,0.7684517369876186,43,"MRPL57, PABPC1, EIF3E, MRPS35, RPS5, MRPS26, MRPL18, EIF3H, SRP72, EIF5, RPN2, RPL18",
GO BP,Calcium-Mediated Signaling,27,,0,up in PD,0.2673174877269019,0.8558593265729053,0.6602687140115163,0.9931312007901678,1.0,0.8911747628312453,0.6257197696737045,0.9853407152749796,0.982954981665194,9,"CLU, NCALD, RCAN2, PPP1R9A, PPP3CA, PDPK1, CAMKK2, PRNP, RCAN1",
GO BP,Regulation Of ERK1 And ERK2 Cascade,55,GPNMB,1,down in PD,-0.24274307872697864,-0.8758717341125768,0.6608187134502924,0.9931312007901678,1.0,-0.9620387785296355,0.5386363636363637,0.9755117971653468,0.955332871107694,15,"CIB1, MAP2K1, LMO3, EPHB2, EPHA7, TNIP1, TIMP3, ARRB1, PTPN11, DUSP3, HRAS, YWHAZ",
GO BP,Regulation Of Potassium Ion Transmembrane Transport,16,,0,up in PD,0.3211038478178677,0.8686019388609665,0.662,0.9931312007901678,1.0,0.9177536506325529,0.5386138613861386,0.9689884655834027,0.955332871107694,4,"KCNH2, KCNIP4, FHL1, KCNAB2",
KEGG,Autophagy,88,CFLAR,1,down in PD,-0.2378733932735001,-0.8718436259197777,0.6626016260162602,0.9931312007901678,1.0,-1.0421087875450126,0.35807860262008734,0.95425605171114,0.9052527446531683,20,"ITPR1, PIK3R3, RAB39B, MAP2K1, TANK, NRAS, MTMR4, MAPK8, HIF1A, PPP2CA, TBK1, WDR41",
KEGG,Hepatocellular carcinoma,65,,0,down in PD,-0.24417785100205802,-0.8683522515271415,0.6633466135458167,0.9931312007901678,1.0,-1.0185499111396843,0.3847826086956522,0.9624477967812772,0.9062081834303362,8,"WNT3, TGFBR2, GSTA4, MGST1, PIK3R3, KEAP1, MAP2K1, NRAS",
GO BP,Supramolecular Fiber Organization,91,FUS,1,up in PD,0.22170860658306646,0.8609489193743669,0.6633858267716536,0.9931312007901678,1.0,0.9509703951428309,0.5537340619307832,0.9458406265573738,0.9638892918742041,28,"FUS, KLHL24, GFAP, CEP126, SIAH1, ERMN, TARDBP, CST3, SLAIN2, FLII, CNN3, TPM4",FUS
GO BP,Vesicle Organization,53,,0,down in PD,-0.25908434340717934,-0.8759712729343792,0.6639344262295082,0.9931312007901678,1.0,-1.0137306908119508,0.42247191011235957,0.9473783293223272,0.9159361089531836,26,"LAMTOR1, USP8, EPS15, EXOC8, CHMP2B, ARFGEF2, STX7, SNX11, TRAPPC6B, VPS18, SAR1B, TRAPPC13",
GO BP,Negative Regulation Of Apoptotic Signaling Pathway,38,CFLAR,1,up in PD,0.2547325070915386,0.8729163224043586,0.6640159045725647,0.9931312007901678,1.0,0.9164434998520968,0.6161228406909789,0.9653809270174578,0.9821359223300969,4,"CLU, CFLAR, CSNK2A2, IGF1",CFLAR
GO BP,Activation Of GTPase Activity,31,,0,down in PD,-0.27651102448848763,-0.8601916907684615,0.6646341463414634,0.9931312007901678,1.0,-0.9757947162968705,0.4799107142857143,0.9673116665361299,0.9392879353233831,8,"TBC1D7, TBC1D22A, GARNL3, SGSM2, RASGRF1, SIPA1L1, RAP1GAP2, TBC1D9",
GO BP,Regulation Of Proteasomal Ubiquitin-Dependent Protein Catabolic Process,60,,0,up in PD,0.2395957357825156,0.8798285873038497,0.6647058823529411,0.9931312007901678,1.0,0.9598746573656958,0.5518518518518518,0.9295220008811339,0.9638892918742041,10,"RYBP, CLU, PHF20L1, EIF3H, ARIH1, PRICKLE1, DNAJB2, RNF144A, HECTD1, UBXN1",
GO BP,Negative Regulation Of Protein Polymerization,18,,0,down in PD,-0.2898660623372069,-0.8471146686676738,0.6653306613226453,0.9931312007901678,1.0,-0.8923561403478021,0.6008316008316008,1.0,0.9821359223300969,2,"CLIP3, KANK4",
Reactome,Generic Transcription Pathway,374,L3MBTL1,1,up in PD,0.21130621724012422,0.9018577075364906,0.6653386454183267,0.9931312007901678,1.0,1.084879461546332,0.2479740680713128,0.8645899357217901,0.889543297367469,103,"RYBP, PRKCB, ZNF331, YY1, CDK13, EPC1, NCOR1, RBFOX1, AGO3, CSNK2A2, UBE2D3, PIP4K2C",L3MBTL1
GO BP,Regulation Of Protein Secretion,30,,0,down in PD,-0.27074836968352356,-0.8620185780232185,0.6659836065573771,0.9931312007901678,1.0,-0.9512158606959815,0.5151515151515151,0.9794562279044169,0.9490345867409878,12,"PPIA, DNM1L, SLC12A2, IER3IP1, PICK1, DRD2, CLOCK, GOLPH3, STXBP5, STXBP5L, UNC13B, TMED10",
Reactome,Synthesis Of Substrates In N-glycan Biosythesis,25,,0,down in PD,-0.2902920155977168,-0.858101032039566,0.666015625,0.9931312007901678,1.0,-0.9717788680608423,0.49498997995991983,0.9748705966987076,0.9407331539684481,9,"NPL, NUS1, DHDDS, SLC17A5, ST3GAL1, GMDS, CMAS, UAP1, ALG5",
GO BP,RNA Methylation,18,,0,down in PD,-0.2920220417690481,-0.856108296989441,0.6666666666666666,0.9931312007901678,1.0,-0.897699538842479,0.5983086680761099,1.0,0.9821359223300969,8,"CMTR1, ZC3H13, METTL14, TRMT10C, SNRPD2, TRMT6, SNRPD1, SNRPF",
Reactome,Late Phase Of HIV Life Cycle,80,,0,down in PD,-0.24055325535392558,-0.8566862765258552,0.6673306772908366,0.9931312007901678,1.0,-1.0384104600686823,0.37360178970917224,0.9577934788606935,0.9052527446531683,26,"SGIP1, POLR2H, PPIA, GTF2A1, VPS28, CHMP2B, SUPT5H, TCEA1, SSRP1, NUP214, NELFB, RNMT",
GO BP,Response To Interleukin-1,20,,0,down in PD,-0.2729635941731168,-0.8574181141708547,0.6673306772908366,0.9931312007901678,1.0,-0.8498946958573055,0.6717391304347826,0.9935347229861728,0.9893762955737105,7,"CD47, TANK, HIF1A, IRAK1, DAB2IP, YTHDC2, RBMX",
GO BP,Positive Regulation Of Translation,55,,0,down in PD,-0.24941179513374523,-0.8578899743329375,0.6673511293634496,0.9931312007901678,1.0,-0.9888302780988485,0.48089887640449436,0.9514396266182787,0.9393961806428709,11,"LARP4B, RPS27L, CIRBP, NAT10, EEF2, METTL14, GUF1, EIF3D, MRPS27, DHX9, FXR2",
GO BP,Positive Regulation Of Secretion By Cell,32,,0,up in PD,0.2713533696526918,0.8782427742826284,0.6679841897233202,0.9931312007901678,1.0,0.9312259400342735,0.5733590733590733,0.9624100802128628,0.9730779096611711,8,"ANXA2, IGF1, TTN, CADPS2, EZR, DTNBP1, RAB3A, CLASP1",
GO BP,Golgi To Plasma Membrane Transport,36,,0,down in PD,-0.2566081515102885,-0.8472439948913182,0.6680497925311203,0.9931312007901678,1.0,-0.9321586185910187,0.5952380952380952,0.9798602150575674,0.9821359223300969,6,"EXOC6, EXOC6B, EXOC5, EXOC8, ARL3, ARFGEF2",
Reactome,Unattached Kinetochores Signal Amplification Via A MAD2 Inhibitory Signal,32,,0,down in PD,-0.2748225807717106,-0.8549861559111298,0.669921875,0.9931312007901678,1.0,-0.9770680610557501,0.4978448275862069,0.9711231154948231,0.9412100385812998,6,"PPP2R5A, DYNC1I1, PAFAH1B1, PPP2R5B, PPP2R1A, PPP2CA",
Reactome,RHO GTPase Cycle,201,,0,down in PD,-0.21309150001963573,-0.8600980678355029,0.6700819672131147,0.9931312007901678,1.0,-1.0501951257652282,0.31614349775784756,0.9580256688157028,0.8938817436479362,54,"LAMTOR1, CPSF7, PTPN13, PIK3R3, RHOQ, SLITRK5, SCFD1, WASF3, DST, DHDDS, FAF2, ARFGAP2",
GO BP,Regulation Of Trans-Synaptic Signaling,23,CACNA1A,1,down in PD,-0.2843570508665646,-0.8307365263824134,0.6708860759493671,0.9931312007901678,1.0,-0.9415454891304099,0.5268817204301075,0.9763270127270752,0.955332871107694,5,"GRIA3, GRID1, NLGN3, EIF4EBP2, NLGN1",
Reactome,Nuclear Envelope Breakdown,25,,0,up in PD,0.27580294663168736,0.8360149440880076,0.6713995943204868,0.9931312007901678,1.0,0.8848551181681906,0.6185383244206774,0.9769180900372406,0.9823641414614351,3,"PRKCB, LPIN1, NUP62",
GO BP,"Positive Regulation Of DNA-templated Transcription, Elongation",33,ZMYND8,1,up in PD,0.2699251558107092,0.858838486265773,0.6719681908548708,0.9931312007901678,1.0,0.9294531368211636,0.5816876122082585,0.9599905908028897,0.977579602184523,5,"ZMYND8, CDK13, CDK12, BRD4, MED14",ZMYND8
GO BP,Regulation Of Substrate Adhesion-Dependent Cell Spreading,15,,0,down in PD,-0.299075404505307,-0.8428132867463238,0.6720647773279352,0.9931312007901678,1.0,-0.8824455849117931,0.6375266524520256,1.0,0.982954981665194,1,CIB1,
GO BP,Negative Regulation Of Macromolecule Biosynthetic Process,43,,0,down in PD,-0.25722381386583393,-0.8836362214459368,0.6722689075630253,0.9931312007901678,1.0,-0.9813050587005798,0.48484848484848486,0.9628192572096489,0.9407331539684481,9,"NHLRC3, CSNK2A1, AP2A1, EIF4ENIF1, DDX6, ENPP1, GIGYF2, TOB1, FXR2",
Reactome,rRNA Processing In Nucleus And Cytosol,79,,0,up in PD,0.24687420779373076,0.8133720124685141,0.6722846441947565,0.9931312007901678,1.0,1.040700983719925,0.3647912885662432,0.8714608619301027,0.9052527446531683,26,"NOP58, EXOSC1, RPS5, RPL18, BMS1, UBA52, RPP25, NOL9, FBL, PDCD11, DDX56, RPL36",
GO BP,Plasma Membrane Bounded Cell Projection Organization,59,"CNTN4, MANF",2,up in PD,0.23899002751707493,0.8600237643017604,0.6724137931034483,0.9931312007901678,1.0,0.9619454586762699,0.5318761384335154,0.9261721869893045,0.955332871107694,21,"TTC17, GPRIN2, MANF, LGI1, SNAPIN, EHD1, GPM6A, FRYL, DOCK7, DTNBP1, PPP1R9A, STMN4",MANF
Reactome,Glycerophospholipid Biosynthesis,49,CPNE3,1,down in PD,-0.2450204976110255,-0.8727031700741764,0.6727642276422764,0.9931312007901678,1.0,-0.9626108598321689,0.5056689342403629,0.97552511890076,0.9472864701436131,11,"LPGAT1, CPNE3, GPCPD1, DDHD2, PEMT, GPD1L, PRKCSH, PITPNM2, PITPNM1, GPD2, AGK",CPNE3
Reactome,RNA Polymerase I Transcription Termination,16,,0,down in PD,-0.2940992515639157,-0.8236133469472797,0.6729957805907173,0.9931312007901678,1.0,-0.8771678761407822,0.6234567901234568,1.0,0.982954981665194,5,"POLR2H, POLR1A, CCNH, TBP, MNAT1",
GO BP,Negative Regulation Of NF-kappaB Transcription Factor Activity,24,,0,up in PD,0.2734589101949646,0.8732732063695277,0.6730038022813688,0.9931312007901678,1.0,0.8907130053086035,0.6309090909090909,0.9851162991107818,0.982954981665194,3,"CD200, TRAF3, PRMT2",
GO BP,Negative Regulation Of Receptor-Mediated Endocytosis,16,,0,up in PD,0.29940962867995397,0.8644839670176567,0.6738703339882122,0.9931312007901678,1.0,0.8629281370518318,0.6356435643564357,0.9906065972077001,0.982954981665194,6,"ANXA2, ATXN2, ANKRD13D, APP, WDR54, SDCBP",
GO BP,Wnt Signaling Pathway,19,,0,down in PD,-0.28503368197861,-0.8390385432302688,0.674,0.9931312007901678,1.0,-0.8842927404907728,0.6353944562899787,1.0,0.982954981665194,3,"WNT3, BCL9, GPC4",
Reactome,Dual Incision In GG-NER,20,,0,down in PD,-0.2762337072922987,-0.8215141044694456,0.6745562130177515,0.9931312007901678,1.0,-0.87877290718096,0.6345381526104418,1.0,0.982954981665194,7,"XPA, POLR1A, RBX1, DDB1, ERCC1, CUL4B, PARP2",
Reactome,Cooperation Of PDCL (PhLP1) And TRiC/CCT In G-protein Beta Folding,20,,0,down in PD,-0.28574222622067535,-0.8552046353459656,0.6747474747474748,0.9931312007901678,1.0,-0.8775992256457287,0.6167400881057269,1.0,0.9821359223300969,3,"RGS6, RGS7, GNA11",
Reactome,FGFR1 Mutant Receptor Activation,19,,0,up in PD,0.29395004924484475,0.8259307481139412,0.6750524109014675,0.9931312007901678,1.0,0.8869813775860405,0.6226765799256505,0.9837493295893265,0.982954981665194,7,"FGFR1, LRRFIP1, STAT5B, STAT1, FGF9, FGF1, GRB2",
GO BP,Regulation Of Neuronal Synaptic Plasticity,22,,0,down in PD,-0.28998826299394875,-0.8129280818533489,0.6751968503937008,0.9931312007901678,1.0,-0.9351081655999914,0.558282208588957,0.9761100967591022,0.964974608343127,5,"DLG4, RAB5A, EPHB2, NSMF, DRD2",
GO BP,Positive Regulation Of Apoptotic Signaling Pathway,15,,0,up in PD,0.3012710949284775,0.8580419856859021,0.6757322175732218,0.9931312007901678,1.0,0.8580262547156432,0.6654205607476635,0.9893550047294368,0.9893762955737105,5,"BOK, SIAH1, STYXL1, RPS3, PAK2",
KEGG,PI3K-Akt signaling pathway,99,,0,up in PD,0.22458166816993055,0.8667131530449874,0.6761710794297352,0.9931312007901678,1.0,0.9645169688498063,0.5347593582887701,0.9243314679858864,0.955332871107694,29,"FGFR1, IGF1R, THBS2, IGF1, PDGFA, PIK3CD, LAMA3, JAK1, HSP90AA1, INSR, PPP2R5E, HSP90B1",
GO BP,Positive Regulation Of Cell Growth,46,,0,up in PD,0.2553112920763845,0.8655160825712486,0.6763565891472868,0.9931312007901678,1.0,0.9535421064492996,0.5363128491620112,0.9411683662556947,0.955332871107694,15,"TRIM32, IGF1, LGI1, SEMA4D, SYT4, USP47, SFRP1, ITSN2, N6AMT1, MAPT, BDNF, RIMS2",
Reactome,Formation Of RNA Pol II Elongation Complex,37,,0,down in PD,-0.25750992680193596,-0.8669644370771497,0.676829268292683,0.9931312007901678,1.0,-0.944193234996951,0.5555555555555556,0.9772807831992912,0.964974608343127,11,"RTF1, POLR2H, SUPT5H, TCEA1, SSRP1, NELFB, CDC73, SUPT6H, CCNH, MNAT1, POLR2G",
GO BP,Regulation Of Protein Modification Process,19,,0,up in PD,0.2783087207422966,0.8429958201011146,0.6768916155419223,0.9931312007901678,1.0,0.8538891329397782,0.68,0.9939590930543276,0.9893762955737105,5,"SESN2, IGF1, STAT2, FNIP2, PHIP",
GO BP,Glycosaminoglycan Biosynthetic Process,19,,0,down in PD,-0.2758371382020912,-0.8443993605465021,0.6771037181996086,0.9931312007901678,1.0,-0.8501849164046,0.7119675456389453,0.9943506296222652,0.9923849464738991,4,"CSGALNACT1, XYLT1, B3GALT6, ST3GAL1",
KEGG,Chemokine signaling pathway,64,,0,down in PD,-0.23560011464084984,-0.8506726865036384,0.6773547094188377,0.9931312007901678,1.0,-0.9620004273592225,0.511520737327189,0.9736406500196575,0.9490345867409878,19,"PIK3R3, ADCY3, MAP2K1, NRAS, PAK1, CHUK, ARRB1, VAV3, AKT3, SOS1, GRK6, HRAS",
KEGG,Focal adhesion,76,,0,up in PD,0.2339818098250168,0.8472777825153068,0.6776180698151951,0.9931312007901678,1.0,0.9685646835891704,0.4936708860759494,0.9228476346936114,0.9407331539684481,9,"PRKCB, IGF1R, PPP1R12A, THBS2, IGF1, JUN, PDGFA, PIK3CD, LAMA3",
GO BP,Regulation Of Autophagy,117,,0,down in PD,-0.23235194667916637,-0.8724701319311756,0.6790890269151139,0.9931312007901678,1.0,-1.0631860045492034,0.3194444444444444,0.9479134667368995,0.8938817436479362,29,"ITPR1, PINK1, NPRL3, CCNY, RAB39B, KEAP1, PIK3C2A, USP20, FOXK2, EXOC8, DNM1L, MTMR4",
GO BP,Positive Regulation Of Mitotic Cell Cycle Phase Transition,28,,0,up in PD,0.27893908270180207,0.8504788744845132,0.6792079207920793,0.9931312007901678,1.0,0.9339908190643982,0.5693430656934306,0.961704296883747,0.9704487090285772,12,"CDC25B, TNFSF13B, BRD4, ANKRD17, CENPJ, ANAPC5, ANAPC7, KLHL18, UBE2E2, KMT2E, CDC16, RGCC",
GO BP,Negative Regulation Of Cellular Response To Growth Factor Stimulus,19,,0,up in PD,0.27511539777623484,0.8099172203077399,0.6795366795366795,0.9931312007901678,1.0,0.8492374400650684,0.6804733727810651,1.0,0.9893762955737105,3,"UBE2D3, SORL1, CASK",
GO BP,Positive Regulation Of Protein Metabolic Process,84,,0,down in PD,-0.22768700243377138,-0.8554938246877009,0.6795918367346939,0.9931312007901678,1.0,-0.9765504334546451,0.4742729306487696,0.9708264564046262,0.9357019604675324,22,"LARP4B, RPS27L, CSNK2A1, CIRBP, AGTR1, USP8, MAPK8, RBX1, NAT10, VPS28, EEF2, METTL14",
Reactome,Toll Like Receptor 4 (TLR4) Cascade,57,,0,down in PD,-0.23716934572332948,-0.8694536913167683,0.68,0.9931312007901678,1.0,-0.96344721701368,0.5111111111111111,0.9787073347579548,0.9490345867409878,21,"CUL1, MAP2K1, TANK, MAPK8, CHUK, PPP2R1A, PPP2CA, TBK1, PTPN11, IRAK1, FBXW11, DUSP3",
Reactome,Endosomal Sorting Complex Required For Transport (ESCRT),21,,0,down in PD,-0.300466705945704,-0.8651423189681507,0.6808080808080809,0.9931312007901678,1.0,-0.9533950528106999,0.5052410901467506,0.9839874966935961,0.9472864701436131,8,"HGS, VPS36, VPS28, CHMP2B, CHMP4B, VPS4A, UBAP1, VPS37A",
GO BP,Positive Regulation Of Cell Cycle,29,LGMN,1,up in PD,0.265640160803204,0.8457464492824883,0.6812749003984063,0.9931312007901678,1.0,0.8894426673945977,0.6361974405850092,0.9828249285222935,0.982954981665194,5,"TRIM32, CALR, CDC25B, USP19, ANKRD17",
GO BP,Negative Regulation Of Cell Growth,48,,0,up in PD,0.24331922672493808,0.8424860141762553,0.6827309236947792,0.9931312007901678,1.0,0.9257491796021962,0.5648854961832062,0.9650151185441079,0.967040705824514,14,"SESN2, JADE1, SFRP1, IP6K2, FHL1, MUL1, DNAJB2, DCBLD2, OSGIN2, PTPRS, GNG4, SLIT2",
GO BP,Regulation Of Monoatomic Cation Transmembrane Transport,19,,0,down in PD,-0.28230495266077793,-0.8251479689183719,0.6829745596868885,0.9931312007901678,1.0,-0.8729752024040078,0.6442105263157895,1.0,0.9853515593026111,7,"DPP10, HCN4, SLMAP, WNK3, FGF12, DPP6, WNK1",
KEGG,Fc gamma R-mediated phagocytosis,43,,0,down in PD,-0.2512367361654708,-0.8326776511798372,0.6831683168316832,0.9931312007901678,1.0,-0.9368084503689713,0.5662921348314607,0.9762319627819616,0.967764230420055,12,"PIK3R3, WASF3, MAP2K1, ACTR3, GAB2, PAK1, VAV3, AKT3, PIP5K1B, PLCG1, ASAP2, ARPC4",
Reactome,"mRNA Activation Upon Binding Of Cap-Binding Complex And eIFs, Subsequent Binding To 43S",31,,0,up in PD,0.28290090538951795,0.7836498280261892,0.6833013435700576,0.9931312007901678,1.0,0.9737770408863963,0.4981684981684982,0.9210435423447431,0.9412100385812998,11,"PABPC1, EIF3E, RPS5, EIF3H, RPS16, RPS4X, RPS4Y1, RPS3, EIF3J, EIF3M, RPS9",
GO BP,Regulation Of Intracellular Transport,15,,0,down in PD,-0.29924437827831796,-0.8465795389053287,0.6835699797160243,0.9931312007901678,1.0,-0.8644596224918554,0.6645435244161358,1.0,0.9893762955737105,6,"SCFD1, ATP9A, NUP214, OCRL, NDEL1, DYNC1H1",
GO BP,Fatty Acid Oxidation,19,,0,down in PD,-0.2968042606958934,-0.8380817049497351,0.6848484848484848,0.9931312007901678,1.0,-0.9096777542764094,0.5757575757575758,0.9946079078004184,0.9740838560581049,7,"PEX2, ACAT1, ABCD3, ACADM, ECI2, ADH5, HADHB",
GO BP,Negative Regulation Of Defense Response,25,,0,up in PD,0.26749420449821915,0.861690469313981,0.6850393700787402,0.9931312007901678,1.0,0.8753031749654914,0.6518375241779497,0.979779510183625,0.9859043661113942,6,"SIRPA, ATG12, MFHAS1, MUL1, DTX4, ARNT",
Reactome,Cell-Cell Communication,43,,0,down in PD,-0.24828849778548856,-0.8643804307621217,0.6852589641434262,0.9931312007901678,1.0,-0.9352057605149534,0.5878378378378378,0.9776576297072462,0.9821359223300969,8,"CDH11, CDH8, CD47, DST, CADM2, PRKCI, CADM3, PTPN11",
GO BP,Mitochondrion Disassembly,21,,0,down in PD,-0.2813330217038621,-0.8309651115113653,0.6856540084388185,0.9931312007901678,1.0,-0.8939666665009507,0.5883620689655172,1.0,0.9821359223300969,4,"PINK1, FBXL4, ATG2B, FUNDC1",
Reactome,Class B/2 (Secretin Family Receptors),15,,0,up in PD,0.2912056444906096,0.8551888625721652,0.686,0.9931312007901678,1.0,0.8360650305951843,0.6950757575757576,1.0,0.9893762955737105,5,"WNT5A, RAMP1, GNB5, GNG4, GNAS",
Reactome,trans-Golgi Network Vesicle Budding,39,,0,up in PD,0.25197377610906957,0.854740015143495,0.6862745098039216,0.9931312007901678,1.0,0.9176158216553478,0.5958188153310104,0.9678619146061098,0.9821359223300969,10,"AP1S2, SNAPIN, STX4, TPD52, SNX2, TGOLN2, DTNBP1, CLTA, CHMP2A, CLINT1",
Reactome,C-type Lectin Receptors (CLRs),62,,0,down in PD,-0.24740220351184872,-0.8365756349201148,0.6876267748478702,0.9931312007901678,1.0,-1.0148399993457848,0.4112734864300626,0.9501929638560287,0.9148952843185582,23,"ITPR1, CUL1, SEM1, NRAS, PSMD2, CHUK, PSMD14, PSMD10, FBXW11, TAB1, PSMA4, PPP3R1",
Reactome,FLT3 Signaling In Disease,18,,0,down in PD,-0.29210680450906423,-0.8276213197418455,0.687984496124031,0.9931312007901678,1.0,-0.8926407050576672,0.611439842209073,1.0,0.9821359223300969,5,"GAB2, NRAS, PTPN11, SOS1, HRAS",
Reactome,"Signaling By Rho GTPases, Miro GTPases And RHOBTB3",296,SCAI,1,down in PD,-0.2142473786252359,-0.8633812426555306,0.6880165289256198,0.9931312007901678,1.0,-1.1112884842411996,0.17632850241545894,0.9705034387826339,0.8680494263018534,77,"SCAI, LAMTOR1, CPSF7, PTPN13, PIK3R3, RHOQ, SLITRK5, SCFD1, TRAK1, WASF3, DST, PPP2R5A",SCAI
Reactome,Post NMDA Receptor Activation Events,36,PRKAR2A,1,down in PD,-0.2634151412345498,-0.865557444676771,0.6883910386965377,0.9931312007901678,1.0,-0.959549721047866,0.5054229934924078,0.9756701386291085,0.9472864701436131,13,"NRAS, CAMK2D, RASGRF1, RPS6KA1, PRKAR2B, LRRC7, PRKAA1, HRAS, PRKAR1A, PRKAG2, CREB1, GRIA1",
Reactome,CLEC7A (Dectin-1) Signaling,54,,0,down in PD,-0.2532088527049141,-0.8218059297776619,0.6887550200803213,0.9931312007901678,1.0,-0.999086579587937,0.44967880085653106,0.9477201886007738,0.91790029466858,21,"ITPR1, CUL1, SEM1, PSMD2, CHUK, PSMD14, PSMD10, FBXW11, TAB1, PSMA4, PPP3R1, PSMA3",
Reactome,Mitotic G1 Phase And G1/S Transition,63,,0,down in PD,-0.25645952235775304,-0.8282487338763493,0.6890243902439024,0.9931312007901678,1.0,-1.0448382441593398,0.3723849372384937,0.962193515820556,0.9052527446531683,23,"CUL1, SEM1, POLR1A, PSMD2, ORC3, PPP2R1A, PPP2CA, PSMD14, PSMD10, AKT3, PPP2R2A, PSMA4",
GO BP,Vesicle Budding From Membrane,21,,0,down in PD,-0.29593959305993445,-0.8296384203884147,0.689108910891089,0.9931312007901678,1.0,-0.9410815893165733,0.5157232704402516,0.9740412569561397,0.9490345867409878,12,"TRAPPC6B, TRAPPC13, PICALM, VPS4A, VAPB, GOLPH3, TMED10, TRAPPC2, TRAPPC2L, AP2M1, TRAPPC9, TRAPPC4",
GO BP,Negative Regulation Of Kinase Activity,35,,0,up in PD,0.25471593454781555,0.842656020088945,0.6893203883495146,0.9931312007901678,1.0,0.8919413290172982,0.6336448598130842,0.9875470346510191,0.982954981665194,10,"HNRNPU, NPRL2, PPM1F, DEPTOR, THY1, DTNBP1, MAPT, PRKRIP1, PDPK1, PAK2",
GO BP,Regulation Of Stress-Activated MAPK Cascade,22,,0,down in PD,-0.27046071597508026,-0.859229127325739,0.6893787575150301,0.9931312007901678,1.0,-0.8658215029026842,0.6544276457883369,1.0,0.9859043661113942,4,"RAP2A, MAP2K1, PPIA, STK25",
Hallmark,Myc Targets V1,130,,0,up in PD,0.2545938670678635,0.8277805700858847,0.6898608349900597,0.9931312007901678,1.0,1.1624620170076623,0.15955473098330242,0.8040264971134355,0.8562765944401526,63,"HDGF, BUB3, PABPC1, RUVBL2, PTGES3, PABPC4, HNRNPU, RPS5, PA2G4, DUT, RPL18, TARDBP",
GO BP,Macromolecule Biosynthetic Process,72,,0,up in PD,0.2569670122808164,0.7929979179733097,0.689922480620155,0.9931312007901678,1.0,1.061510481406024,0.35390199637023595,0.8779437870635924,0.9052527446531683,23,"PABPC4, RPS5, MRPL18, RPL18, MRPS5, EIF5A2, RPL36, B4GAT1, RPS16, RPS4X, RPL37A, RPS4Y1",
Reactome,Intrinsic Pathway For Apoptosis,20,,0,up in PD,0.30237688553499265,0.8504743910982491,0.6901408450704225,0.9931312007901678,1.0,0.9282148657736838,0.5461254612546126,0.962242325123115,0.9609669811320755,11,"TFDP2, YWHAB, MAPK1, YWHAQ, YWHAH, XIAP, NMT1, YWHAE, STAT3, YWHAG, BCL2L1",
GO BP,Intracellular Protein Transport,187,,0,down in PD,-0.2191119613511472,-0.8620289184897806,0.6912065439672802,0.9931312007901678,1.0,-1.088090895360681,0.23,0.9645403699274304,0.889543297367469,64,"SEC23IP, SCFD1, COPA, COPZ1, AP2A1, CLIP3, TRAK1, RTN2, IPO8, RAB5A, EIF4ENIF1, HGS",
KEGG,RIG-I-like receptor signaling pathway,18,,0,down in PD,-0.2777736826848337,-0.8396444749707903,0.6915520628683693,0.9931312007901678,1.0,-0.8384341712937102,0.7113821138211383,0.9980279360548413,0.9923849464738991,7,"TANK, MAPK8, CHUK, TBK1, MAPK14, MAPK10, CYLD",
GO BP,Cellular Response To Molecule Of Bacterial Origin,23,,0,up in PD,0.27666481829558254,0.850058661598742,0.6916666666666667,0.9931312007901678,1.0,0.8882351294847655,0.6471698113207547,0.9832502792547606,0.9859043661113942,4,"WNT5A, SIRPA, PDCD4, RELA",
Reactome,Interactions Of Rev With Host Cellular Proteins,18,,0,up in PD,0.29256331865316115,0.8402324335982037,0.691699604743083,0.9931312007901678,1.0,0.8696147767817001,0.6187845303867403,0.9835696733907969,0.9823641414614351,8,"NUP62, RANGAP1, XPO1, NUP210, NUP98, KPNB1, NUP133, RANBP2",
Reactome,RAC1 GTPase Cycle,68,,0,down in PD,-0.24021665039876405,-0.8543462656937876,0.6919917864476386,0.9931312007901678,1.0,-0.9997374571095761,0.4560669456066946,0.9497164056185976,0.924859943977591,18,"LAMTOR1, PIK3R3, WASF3, DHDDS, MCF2, TFRC, ARHGAP35, ARHGEF18, REPS1, VAV3, DOCK4, SOS1",
Reactome,SARS-CoV-2 Modulates Host Translation Machinery,17,,0,up in PD,0.32147656184663526,0.7826891696244695,0.6924564796905223,0.9931312007901678,1.0,0.947471951816994,0.518664047151277,0.944136199955623,0.9490345867409878,8,"RPS5, RPS16, RPS4X, GEMIN5, RPS4Y1, RPS3, RPS9, RPS11",
GO BP,Regulation Of Intracellular Signal Transduction,110,,0,up in PD,0.2161766150520225,0.8390291093287666,0.6924603174603174,0.9931312007901678,1.0,0.9614211322603887,0.5168738898756661,0.9262329019744925,0.9490345867409878,33,"WNT5A, TRAF3, MCF2L, TRIO, TAOK3, AKAP13, SEZ6L2, TTI1, NUAK1, NTRK3, PDE2A, RELA",
Reactome,Potassium Channels,26,,0,up in PD,0.2576771010621434,0.8039163491165426,0.6926147704590818,0.9931312007901678,1.0,0.8407535643693644,0.6736641221374046,1.0,0.9893762955737105,6,"KCNH2, KCNMA1, KCNAB2, KCND3, GNB5, GNG4",
Reactome,Signaling By NOTCH,96,,0,up in PD,0.23005470260303607,0.8535008982713058,0.6927592954990215,0.9931312007901678,1.0,0.9994987683610187,0.4346978557504873,0.894896762121456,0.9159361089531836,30,"POGLUT1, NCOR1, AGO3, JUN, TNRC6B, KAT2B, RBPJ, TFDP2, ST3GAL6, PSMD5, UBA52, PSMB1",
GO BP,Negative Regulation Of Neuron Apoptotic Process,22,LGMN,1,up in PD,0.2767681738308498,0.8298513909735938,0.6932515337423313,0.9931312007901678,1.0,0.8698368993395511,0.6529411764705882,0.9843575828619127,0.9859043661113942,4,"CLU, GRN, IL6ST, WFS1",
GO BP,Protein Transmembrane Import Into Intracellular Organelle,20,,0,down in PD,-0.2807141701075402,-0.8050336572066844,0.693516699410609,0.9931312007901678,1.0,-0.8898467125946229,0.6158536585365854,1.0,0.9821359223300969,7,"PEX16, PEX2, TIMM44, TOMM20, TIMM17B, PEX26, PEX14",
GO BP,Regulation Of Apoptotic Signaling Pathway,22,,0,down in PD,-0.27156074183327816,-0.8361014106644075,0.6936416184971098,0.9931312007901678,1.0,-0.8738933222755709,0.6332665330661322,1.0,0.982954981665194,7,"CSNK2A1, PPIA, TMBIM1, ING5, DAB2IP, SGMS1, CYLD",
Reactome,PCP/CE Pathway,53,,0,up in PD,0.2669802657961524,0.811762104477095,0.6937984496124031,0.9931312007901678,1.0,1.0368757574995224,0.3914656771799629,0.8677289880993624,0.9080341827983337,13,"PRKCB, WNT5A, NCOA3, PSMD5, UBA52, PRICKLE1, AP2S1, PSMB1, PSMA7, UBC, PSMB4, PSME4",
GO BP,Synaptic Vesicle Recycling,24,,0,down in PD,-0.2870499506172175,-0.7973241769859026,0.694331983805668,0.9931312007901678,1.0,-0.9502430065195202,0.5132382892057027,0.9768931325372352,0.9490345867409878,7,"RAB5A, AP2B1, AP3D1, NLGN3, NLGN1, GIT2, SYT1",
GO BP,Positive Regulation Of Protein Secretion,23,,0,down in PD,-0.2714963192534374,-0.8536070835173549,0.694331983805668,0.9931312007901678,1.0,-0.8868413450184508,0.6469344608879493,1.0,0.9859043661113942,9,"ABCG1, PPIA, GLUD1, DNM1L, IER3IP1, ACSL4, GOLPH3, UNC13B, TMED10",
KEGG,Necroptosis,51,CFLAR,1,up in PD,0.2490512658558549,0.8573294019803137,0.6943907156673114,0.9931312007901678,1.0,0.945619870738876,0.5525291828793775,0.9437523076668243,0.9638892918742041,19,"CFLAR, EIF2AK2, SPATA2, JAK1, HSP90AA1, SMPD1, IFNGR2, STAT2, CHMP7, SQSTM1, AIFM1, CHMP2A",CFLAR
GO BP,Cellular Response To Lipid,57,SSTR1,1,down in PD,-0.2288983790486756,-0.8488332861276526,0.6950757575757576,0.9931312007901678,1.0,-0.9214252716567289,0.6377777777777778,0.9875678867611484,0.982954981665194,9,"SSTR1, WNT3, MGST1, ADCY3, SETX, TNIP1, RORA, MAPK8, PEX2",SSTR1
KEGG,Apoptosis,52,CFLAR,1,down in PD,-0.23680178643985106,-0.8441832907181749,0.695906432748538,0.9931312007901678,1.0,-0.9372813760675837,0.5598290598290598,0.9766399077304652,0.9653987730061352,9,"ITPR1, CTSF, PTPN13, PIK3R3, MAP2K1, BIRC6, NRAS, MAPK8, CHUK",
GO BP,Regulation Of Telomere Maintenance Via Telomerase,33,,0,up in PD,0.2559455833018711,0.8218900850382268,0.6959847036328872,0.9931312007901678,1.0,0.8785766451342037,0.6624087591240876,0.9823147895048024,0.9893762955737105,9,"HNRNPU, TNKS2, TNKS, CCT5, MAPK1, CCT6A, TENM1, PKIB, HNRNPA1",
GO BP,mRNA Destabilization,22,,0,up in PD,0.2757308976990836,0.8222448541578945,0.6966067864271457,0.9931312007901678,1.0,0.877931448721951,0.6108949416342413,0.9812270806055662,0.9821359223300969,6,"AGO3, PDE12, TARDBP, CELF1, ZFP36L1, RC3H2",
Reactome,Downstream Signaling Events Of B Cell Receptor (BCR),48,,0,down in PD,-0.2579214511740623,-0.801402693727138,0.6967213114754098,0.9931312007901678,1.0,-0.9897883897781651,0.4589178356713427,0.956673723731463,0.924859943977591,14,"CUL1, PPIA, SEM1, NRAS, PSMD2, CHUK, PSMD14, PSMD10, FBXW11, PSMA4, PPP3R1, PSMA3",
KEGG,"Parathyroid hormone synthesis, secretion and action",41,,0,up in PD,0.2441153261177088,0.8332491836398579,0.6967871485943775,0.9931312007901678,1.0,0.8819291950619427,0.6471698113207547,0.977681517283896,0.9859043661113942,6,"PRKCB, FGFR1, AKAP13, JUND, PLCB4, RXRA",
Reactome,Signaling By ROBO Receptors,106,PRKAR2A,1,up in PD,0.23763962333145305,0.785026641705742,0.696798493408663,0.9931312007901678,1.0,1.039878214727709,0.3582089552238806,0.870501092549043,0.9052527446531683,37,"PRKAR2A, CASC3, PABPC1, RPS5, RPL18, UPF2, PSMD5, UBA52, PSMB1, PSMA7, UBC, ENAH",PRKAR2A
GO BP,Extracellular Matrix Organization,24,,0,down in PD,-0.2669254419802768,-0.8301613947067416,0.6968503937007874,0.9931312007901678,1.0,-0.8737265544524527,0.6782786885245902,1.0,0.9893762955737105,5,"COL12A1, MATN3, MMP16, EXOC8, ATP7A",
KEGG,Proteoglycans in cancer,82,,0,down in PD,-0.23588384665306728,-0.8330583811342964,0.696911196911197,0.9931312007901678,1.0,-1.0166026475663283,0.43817787418655096,0.9553627233403992,0.9159361089531836,29,"WNT3, ITPR1, PIK3R3, MAP2K1, PPP1R12C, NRAS, CAMK2D, PAK1, HIF1A, TIMP3, VAV3, PTPN11",
GO BP,Positive Regulation Of Protein Serine/Threonine Kinase Activity,35,,0,down in PD,-0.24875749643616674,-0.8579822648303927,0.6970873786407767,0.9931312007901678,1.0,-0.9034097862822555,0.6157303370786517,1.0,0.9821359223300969,14,"CIB1, CCNY, MAP2K1, PPP2CA, PSMD10, IRAK1, TAB1, HRAS, DAB2IP, DIRAS2, ROBO1, VEGFA",
KEGG,Pancreatic cancer,31,,0,down in PD,-0.26835160367583955,-0.8325824296784531,0.6972111553784861,0.9931312007901678,1.0,-0.9473282822858364,0.5296703296703297,0.9767551775293412,0.955332871107694,8,"TGFBR2, PIK3R3, MAP2K1, MAPK8, CHUK, AKT3, BRAF, MAPK10",
KEGG,Thyroid cancer,16,,0,down in PD,-0.29043162688799007,-0.84867628215497,0.6982248520710059,0.9931312007901678,1.0,-0.8382827448623529,0.689727463312369,0.995423160979857,0.9893762955737105,6,"MAP2K1, NRAS, HRAS, BRAF, CTNNB1, MAP2K2",
GO BP,Regulation Of Rho Protein Signal Transduction,25,SCAI,1,down in PD,-0.2644971126804655,-0.8397360643287176,0.6992031872509961,0.9931312007901678,1.0,-0.8694554047963509,0.6548117154811716,1.0,0.9859043661113942,6,"SCAI, ARHGAP35, ARHGEF18, ARRB1, ADGRG1, ABL1",SCAI
Reactome,IRE1alpha Activates Chaperones,29,,0,up in PD,0.26367835940028184,0.8120453497187138,0.6992031872509961,0.9931312007901678,1.0,0.9022586893830571,0.6095238095238096,0.9790097413694343,0.9821359223300969,9,"HDGF, HSPA5, CTDSP2, WFS1, MYDGF, SERP1, TATDN2, ZBTB17, GFPT1",
GO BP,Regulation Of Small GTPase Mediated Signal Transduction,39,,0,up in PD,0.24146460989844132,0.8167968144777379,0.6998050682261209,0.9931312007901678,1.0,0.8633512463548029,0.6900584795321637,0.990943547007236,0.9893762955737105,11,"MCF2L, TRIO, AKAP13, NUP62, ARHGEF10L, SQSTM1, ARHGEF9, ARHGAP26, ARHGAP12, SLIT2, FAM13B",
GO BP,Regulation Of Epithelial Cell Proliferation,24,,0,up in PD,0.26016437589973157,0.8167809932182126,0.7002053388090349,0.9931312007901678,1.0,0.8349409852114161,0.7406015037593985,1.0,0.9937842674721858,4,"GRN, IGF1, SFRP1, SRSF6",
GO BP,Positive Regulation Of mRNA Catabolic Process,28,,0,up in PD,0.26237831792960986,0.7960481873123775,0.7006109979633401,0.9931312007901678,1.0,0.8806495220465057,0.6594059405940594,0.9795860979116129,0.9876822168871314,6,"ZC3HAV1, PABPC1, TNRC6B, CNOT7, TNRC6C, CELF1",
GO BP,"Maturation Of SSU-rRNA From Tricistronic rRNA Transcript (SSU-rRNA, 5.8S rRNA, LSU-rRNA)",15,,0,up in PD,0.3008891131781375,0.8080549423394667,0.700952380952381,0.9931312007901678,1.0,0.8440502930532773,0.6988416988416989,1.0,0.9893762955737105,4,"BMS1, KRI1, RPS16, NGDN",
GO BP,Protein Homotetramerization,19,,0,up in PD,0.28729813096354356,0.8491522372838085,0.700990099009901,0.9931312007901678,1.0,0.85127858780933,0.7009174311926606,0.9989161022688651,0.989737679221797,5,"CLU, CRYZ, APLP2, SAMHD1, SHMT2",
GO BP,Positive Regulation Of Phosphorylation,71,GPNMB,1,down in PD,-0.23629644083087664,-0.8551952235200119,0.7014028056112225,0.9931312007901678,1.0,-0.9912477321695514,0.4837310195227766,0.9537376087690884,0.9407331539684481,12,"CIB1, RAP2A, PINK1, PIK3R3, CLIP3, PPIA, FNIP1, TFRC, PAK1, CSNK1D, AKTIP, ARRB1",
GO BP,Regulation Of Notch Signaling Pathway,28,,0,up in PD,0.2660401034853822,0.8156814726079532,0.7018633540372671,0.9931312007901678,1.0,0.8907050908656003,0.6328871892925431,0.9837140964747753,0.982954981665194,8,"POGLUT1, TSPAN5, IL6ST, HIF1AN, BEND6, PDCD10, FBXW7, SREBF2",
KEGG,Long-term depression,35,CACNA1A,1,up in PD,0.2570078887014712,0.8312292138468662,0.702,0.9931312007901678,1.0,0.8914965531465158,0.6437847866419295,0.9858937513154442,0.9853515593026111,5,"PRKCB, CACNA1A, IGF1R, IGF1, PLCB4",CACNA1A
KEGG,Huntington disease,161,,0,down in PD,-0.2347587706775941,-0.7838684964008256,0.7022132796780685,0.9931312007901678,1.0,-1.1345137396810443,0.18082788671023964,1.0,0.8680494263018534,67,"ITPR1, GRIA3, DLG4, AP2A1, CLTCL1, POLR2H, DCTN5, NDUFB5, SEM1, KIF5A, SIN3A, IFT57",
Reactome,Signaling By Hedgehog,72,PRKAR2A,1,down in PD,-0.2452976695803909,-0.817386277616543,0.7023060796645703,0.9931312007901678,1.0,-1.0155490502659652,0.43312101910828027,0.9569163291496355,0.9159361089531836,28,"CUL1, SEM1, IFT57, PSMD2, RBX1, PSMD14, ARRB1, PSMD10, PRKAR2B, ERLEC1, CDC73, SYVN1",
KEGG,Cholinergic synapse,47,CACNA1A,1,down in PD,-0.2451782138572145,-0.826221765496134,0.7023346303501945,0.9931312007901678,1.0,-0.9427584518696946,0.5577777777777778,0.9780858854472252,0.964974608343127,7,"ITPR1, PIK3R3, ADCY3, MAP2K1, NRAS, CAMK2D, GNA11",
KEGG,Calcium signaling pathway,73,CACNA1A,1,up in PD,0.21951542732135135,0.8426091003016083,0.7029126213592233,0.9931312007901678,1.0,0.923195985685175,0.6114081996434938,0.9665223368204368,0.9821359223300969,9,"PRKCB, FGFR1, CACNA1A, GRIN2A, PDGFA, PLCB4, P2RX5, ATP2B1, NTRK3",CACNA1A
KEGG,Salmonella infection,126,,0,down in PD,-0.22480264440547604,-0.842106202436801,0.703030303030303,0.9931312007901678,1.0,-1.048600943770207,0.33256880733944955,0.9584838562389545,0.9052527446531683,35,"WASF3, MAP2K1, PIK3C2A, RAB5A, DCTN5, ACTR3, DYNC1I1, KIF5A, EXOC5, PIK3C2B, PAK1, MAPK8",
Reactome,Developmental Biology,384,"PLXNC1, PRKAR2A",2,up in PD,0.20700641003170284,0.8547279407370184,0.703125,0.9931312007901678,1.0,1.065800456207458,0.27591973244147155,0.8752129101265158,0.889543297367469,116,"PLXNC1, PRKAR2A, CASC3, YY1, CDH2, FGFR1, NCOR1, CSNK2A2, PABPC1, JUN, TRIO, LGI1","PLXNC1, PRKAR2A"
Reactome,G1/S Transition,57,,0,down in PD,-0.2587617193485099,-0.7983852547577645,0.7033195020746889,0.9931312007901678,1.0,-1.0280601779695502,0.3920335429769392,0.9489424574756335,0.9082803051067602,22,"CUL1, SEM1, POLR1A, PSMD2, ORC3, PPP2R1A, PPP2CA, PSMD14, PSMD10, AKT3, PSMA4, LIN52",
KEGG,Protein export,16,,0,up in PD,0.3179455570799514,0.7862963164362952,0.7033398821218074,0.9931312007901678,1.0,0.9327184886675938,0.5400763358778626,0.9609975835926944,0.955332871107694,4,"HSPA5, SRP72, SEC61A2, SEC61B",
GO BP,Negative Regulation Of Cell Migration,69,"SCAI, ZMYND8",2,down in PD,-0.2286835497034878,-0.8539792229712485,0.7037773359840954,0.9931312007901678,1.0,-0.944496402083522,0.56,0.9782304737550155,0.9653987730061352,15,"RAP2A, SCAI, LDLRAD4, CDH11, TPM1, MCC, SIN3A, NF2, TCAF1, SUDS3, RNF20, DUSP3",SCAI
Reactome,Formation Of HIV-1 Elongation Complex Containing HIV-1 Tat,27,,0,down in PD,-0.2601884997775237,-0.82014532433912,0.704225352112676,0.9931312007901678,1.0,-0.8939200503359986,0.6212765957446809,1.0,0.982954981665194,8,"POLR2H, SUPT5H, TCEA1, SSRP1, NELFB, CCNH, MNAT1, POLR2G",
GO BP,Cell Junction Organization,32,PPFIA4,1,down in PD,-0.26138327211301526,-0.8395482268733462,0.704312114989733,0.9931312007901678,1.0,-0.939245280094778,0.5456389452332657,0.9742843157864961,0.9609669811320755,5,"RAB39B, CBLN1, SLC6A1, PPFIA2, PRKCI",
GO BP,RNA Catabolic Process,21,,0,up in PD,0.27332941680438944,0.843749006862895,0.7044534412955465,0.9931312007901678,1.0,0.8590922143265453,0.7032136105860114,0.9920606047223369,0.9901368446833818,10,"PABPC4, EXOSC1, XRN2, ZPR1, RNASEH2C, NUDT16, SIDT2, RNH1, EXOSC7, ZFP36L2",
GO BP,Negative Regulation Of DNA-binding Transcription Factor Activity,43,,0,up in PD,0.24454752724002737,0.8459784452518868,0.7045009784735812,0.9931312007901678,1.0,0.8995795470364965,0.649090909090909,0.9791795250661635,0.9859043661113942,7,"CD200, TRAF3, PRMT2, TAF3, WFS1, PIM1, HIF1AN",
KEGG,Bladder cancer,17,,0,down in PD,-0.2770076571884802,-0.815325568635904,0.7047244094488189,0.9931312007901678,1.0,-0.8216835855117474,0.7014613778705637,1.0,0.9897952154027251,10,"MAP2K1, NRAS, HRAS, BRAF, VEGFA, MAP2K2, DAPK3, RAF1, KRAS, FGFR3",
GO BP,Endosome Transport Via Multivesicular Body Sorting Pathway,16,,0,up in PD,0.2829940383174017,0.8337790257939236,0.7063492063492064,0.9931312007901678,1.0,0.8245381921408061,0.7171717171717171,1.0,0.9923849464738991,4,"LYST, CHMP7, CHMP2A, CHMP3",
GO BP,Protein Targeting,72,,0,down in PD,-0.23452229276433723,-0.8387836097878324,0.7064777327935222,0.9931312007901678,1.0,-0.9934596986561908,0.493801652892562,0.9544291702020994,0.9407331539684481,21,"CHM, VPS8, TRAK1, SPCS3, PEX16, ICMT, PEX19, PRKCI, AP4B1, GIPC1, AP3D1, SPCS1",
Reactome,Cardiac Conduction,47,,0,up in PD,0.2330635306439592,0.834933849705206,0.7070707070707071,0.9931312007901678,1.0,0.8706109685082665,0.6973947895791583,0.9837199734527913,0.9893762955737105,9,"FGF14, KCNH2, KAT2B, NPRL2, ATP2B1, KCNIP4, CACNB1, AKAP9, ATP1B3",
Reactome,Signaling By WNT,126,"SOX6, TRRAP",2,up in PD,0.22088269457719906,0.8562894171132792,0.7077798861480076,0.9931312007901678,1.0,0.9923273643148357,0.4651600753295669,0.9093043087483305,0.92997456652279,34,"TRRAP, PRKCB, WNT5A, AGO3, CSNK2A2, TNRC6B, ZRANB1, SNX3, CTBP2, PPP2R5E, NCOA3, SFRP1",TRRAP
Reactome,RHOU GTPase Cycle,23,,0,down in PD,-0.2690784178273681,-0.8282062700572402,0.7078189300411523,0.9931312007901678,1.0,-0.8669352521344109,0.6597938144329897,1.0,0.9876822168871314,9,"DST, HGS, PEAK1, MYO6, GIT2, IQGAP1, USP9X, NCK2, STAM",
KEGG,Cysteine and methionine metabolism,20,,0,up in PD,0.2849716782910362,0.8182096575438101,0.708,0.9931312007901678,1.0,0.8615585584894091,0.6579925650557621,0.9926543856750902,0.9876724442589475,6,"AMD1, DNMT3A, MAT2B, MAT2A, GCLM, GOT2",
Reactome,RHOF GTPase Cycle,21,,0,up in PD,0.2712157797523959,0.7909606114220143,0.7086776859504132,0.9931312007901678,1.0,0.8552996191517696,0.6912621359223301,0.9932827442207831,0.9893762955737105,12,"ESYT1, DIAPH1, BASP1, ADD3, ARHGAP12, RAB7A, ACTN1, ARHGAP32, FARP1, VAMP3, SLC4A7, ARHGAP5",
Reactome,Aberrant Regulation Of Mitotic Cell Cycle Due To RB1 Defects,16,,0,up in PD,0.28622655053245905,0.8299627989333006,0.7094188376753507,0.9931312007901678,1.0,0.8419097942026154,0.7073643410852714,1.0,0.9923849464738991,6,"ANAPC16, TFDP2, E2F3, ANAPC5, ANAPC7, CDKN1C",
GO BP,Ceramide Metabolic Process,19,,0,down in PD,-0.27254070371639383,-0.8251549901615963,0.7098039215686275,0.9931312007901678,1.0,-0.8297237961482711,0.7058823529411765,0.9940172521463008,0.991764705882353,6,"CERS6, PPP2R1A, PPP2CA, ACER3, AGK, SGMS1",
KEGG,Relaxin signaling pathway,57,,0,down in PD,-0.23789125758039986,-0.8271514569903962,0.7098039215686275,0.9931312007901678,1.0,-0.9505802968854996,0.5395348837209303,0.9796690632665758,0.955332871107694,14,"TGFBR2, PIK3R3, ADCY3, MAP2K1, NRAS, MAPK8, ARRB1, AKT3, SOS1, MAPK14, HRAS, SHC2",
KEGG,Hepatitis B,59,,0,down in PD,-0.23622233240205393,-0.8560146518501843,0.7106796116504854,0.9931312007901678,1.0,-0.9517171328180798,0.547945205479452,0.9797375690120425,0.9614703114880303,17,"TGFBR2, PIK3R3, MAP2K1, NRAS, MAPK8, CHUK, TBK1, IRAK1, DDB1, TAB1, AKT3, SOS1",
GO BP,Ubiquitin-Dependent Protein Catabolic Process,220,,0,down in PD,-0.2221957355108759,-0.8542141152747598,0.7122153209109731,0.9931312007901678,1.0,-1.1345092645986323,0.12984054669703873,1.0,0.8265254218546123,63,"RNF7, UBE2W, PINK1, NHLRC3, AMFR, UBE2I, RLIM, KEAP1, CUL1, ATXN3, DCAF11, AREL1",
GO BP,Negative Regulation Of Signal Transduction,89,LGMN,1,up in PD,0.21834838105415794,0.8417626805030145,0.7122736418511066,0.9931312007901678,1.0,0.9484246684055935,0.5939716312056738,0.9426531929199728,0.9821359223300969,14,"RGS2, PRKCB, CSNK2A2, PIP4K2C, PTPRE, CALR, SMPD1, APOD, MFHAS1, SFRP1, HIF1AN, ASXL1",
Reactome,Regulation Of Expression Of SLITs And ROBOs,86,,0,up in PD,0.24736078040448228,0.7559515095166096,0.7134615384615385,0.9931312007901678,1.0,1.0438098129157265,0.3612662942271881,0.8796368446152975,0.9052527446531683,33,"CASC3, PABPC1, RPS5, RPL18, UPF2, PSMD5, UBA52, PSMB1, PSMA7, UBC, PSMB4, RPL36",
GO BP,Positive Regulation Of Lamellipodium Organization,15,,0,up in PD,0.2885143681709537,0.8197351942076768,0.7137176938369781,0.9931312007901678,1.0,0.8318826131010593,0.6753246753246753,1.0,0.9893762955737105,3,"BRK1, ENPP2, ARPC2",
GO BP,Stress Granule Assembly,20,,0,down in PD,-0.2831392988206147,-0.7881202459585163,0.7140039447731755,0.9931312007901678,1.0,-0.8859436850891323,0.6314741035856574,1.0,0.982954981665194,6,"CIRBP, DDX6, C9orf72, FMR1, DYNC1H1, YTHDF3",
GO BP,Lymphocyte Differentiation,20,,0,up in PD,0.25849067805197273,0.7924587596402003,0.7142857142857143,0.9931312007901678,1.0,0.7816786514033444,0.7785977859778598,1.0,0.9980390005759578,5,"PIK3CD, LEPR, TPD52, SOX4, KLF6",
GO BP,Dendritic Spine Organization,17,LGMN,1,down in PD,-0.28137309592712356,-0.8217106830420912,0.714859437751004,0.9931312007901678,1.0,-0.8383085655852404,0.6932515337423313,0.9968344164687436,0.9893762955737105,4,"DLG4, LGMN, EPHB2, PICK1",LGMN
GO BP,Establishment Of Protein Localization To Plasma Membrane,27,,0,up in PD,0.26396996482767304,0.821706014838024,0.7151394422310757,0.9931312007901678,1.0,0.8862044939398525,0.628731343283582,0.9788351372540939,0.982954981665194,10,"GGA2, GOLGA7, GCC2, RAB26, OPTN, RAB7A, ATP6AP1, SYS1, GOLPH3L, GGA3",
Reactome,Glucagon Signaling In Metabolic Regulation,15,PRKAR2A,1,up in PD,0.2819199509292825,0.8134248262037995,0.7153996101364523,0.9931312007901678,1.0,0.8059004765204945,0.7349624060150376,1.0,0.9937842674721858,1,PRKAR2A,PRKAR2A
KEGG,Epstein-Barr virus infection,63,,0,up in PD,0.2405868900306878,0.8553700211180089,0.716297786720322,0.9931312007901678,1.0,0.9673064915708244,0.5287958115183246,0.9202683876031216,0.955332871107694,16,"TRAF3, EIF2AK2, JUN, PIK3CD, CALR, JAK1, RBPJ, RELA, STAT2, CIR1, MAP2K3, E2F3",
GO BP,Heart Contraction,15,,0,up in PD,0.2766415589428084,0.8164393426830814,0.7168674698795181,0.9931312007901678,1.0,0.7744250954517409,0.7741312741312741,1.0,0.9980390005759578,2,"TTN, KCNH2",
KEGG,Type II diabetes mellitus,20,CACNA1A,1,up in PD,0.2621632353274663,0.8178038745082727,0.7172557172557172,0.9931312007901678,1.0,0.8072704081765211,0.7413793103448276,1.0,0.9937842674721858,3,"CACNA1A, PIK3CD, INSR",CACNA1A
GO BP,Negative Regulation Of Cell Projection Organization,28,,0,down in PD,-0.25733088121526704,-0.8173114619121237,0.717434869739479,0.9931312007901678,1.0,-0.8769209443242865,0.6433260393873085,1.0,0.9853515593026111,3,"CIB1, PTPN9, GAK",
Reactome,"Formation Of Ternary Complex, And Subsequently, 43S Complex",26,,0,up in PD,0.2813429894236005,0.7426086629817673,0.7176015473887815,0.9931312007901678,1.0,0.9169664315906243,0.5756385068762279,0.9667822078811251,0.9740838560581049,10,"EIF3E, RPS5, EIF3H, RPS16, RPS4X, RPS4Y1, RPS3, EIF3J, EIF3M, RPS9",
Hallmark,Estrogen Response Late,66,,0,up in PD,0.22072357988512026,0.8581611616794765,0.7176470588235294,0.9931312007901678,1.0,0.8874046488595739,0.6827094474153298,0.9839950931684711,0.9893762955737105,14,"MEST, DYNLT3, ASS1, PDCD4, JAK1, IL6ST, PCP4, WFS1, TH, TSPAN13, MOCS2, CHPT1",
Hallmark,Interferon Alpha Response,23,,0,up in PD,0.271158758801719,0.7783109632407605,0.7178988326848249,0.9931312007901678,1.0,0.8653700066688303,0.6648148148148149,0.988614956037149,0.9893762955737105,8,"EIF2AK2, UBE2L6, STAT2, GMPR, NCOA7, LGALS3BP, CD74, MX1",
Reactome,Resolution Of Sister Chromatid Cohesion,41,,0,down in PD,-0.25629543606642435,-0.8207506012964637,0.7181996086105675,0.9931312007901678,1.0,-0.967007567013257,0.506578947368421,0.9728030634010678,0.9475439615800428,7,"WAPL, PPP2R5A, DYNC1I1, PAFAH1B1, PPP2R5B, PPP2R1A, PPP2CA",
KEGG,Salivary secretion,29,,0,up in PD,0.2599633610325296,0.8472765369985188,0.7183673469387755,0.9931312007901678,1.0,0.8837806450082735,0.6545801526717557,0.975587733893961,0.9859043661113942,6,"PRKCB, KCNMA1, PLCB4, ATP2B1, CST3, ATP1B3",
GO BP,Cellular Response To Alcohol,18,,0,down in PD,-0.28931720536747296,-0.7957297655905301,0.7186897880539499,0.9931312007901678,1.0,-0.8967579300487354,0.6082251082251082,1.0,0.9821359223300969,9,"ADCY3, GOLPH3, CREB1, PTCH1, CTNNB1, ADCY1, ADCY2, KLF9, SPHK2",
GO BP,Neuron Projection Extension,22,,0,down in PD,-0.27377457703862873,-0.8112086307832332,0.7188118811881188,0.9931312007901678,1.0,-0.8853229945415289,0.6342975206611571,1.0,0.982954981665194,9,"NRN1, C9orf72, NLGN3, ULK2, IQGAP1, TMEM108, NELL2, CTNNB1, USP9X",
Reactome,RHO GTPases Activate WASPs And WAVEs,24,,0,up in PD,0.2765133065404787,0.8284703834102861,0.7188118811881188,0.9931312007901678,1.0,0.8937805914138126,0.6184738955823293,0.9866907746157355,0.9823641414614351,7,"BRK1, WIPF2, ARPC5, ARPC2, MAPK1, ABI2, CYFIP2",
GO BP,Regulation Of Insulin Secretion,25,,0,up in PD,0.25507750128004325,0.8003559269516352,0.7189922480620154,0.9931312007901678,1.0,0.8240354985388596,0.7330895795246801,1.0,0.9937842674721858,6,"CHGA, TM7SF3, SFRP1, ENSA, SOX4, SNAP25",
KEGG,AGE-RAGE signaling pathway in diabetic complications,35,,0,up in PD,0.24558991555431905,0.8305461725032572,0.71900826446281,0.9931312007901678,1.0,0.882581709823448,0.6732142857142858,0.9772876789957341,0.9893762955737105,9,"PRKCB, JUN, PIK3CD, PLCB4, PIM1, RELA, DIAPH1, MAPK1, STAT5B",
GO BP,Regulation Of Release Of Cytochrome C From Mitochondria,16,,0,up in PD,0.30064359365766746,0.7781759983391769,0.7192307692307692,0.9931312007901678,1.0,0.8694946731093616,0.642,0.9825209271094906,0.9853515593026111,4,"CLU, IGF1, PDCD5, MOAP1",
GO BP,Protein Localization To Membrane,94,,0,down in PD,-0.2245588873643779,-0.8385181520800938,0.7196652719665272,0.9931312007901678,1.0,-0.998751904543244,0.42685851318944845,0.9466797290809063,0.9159361089531836,29,"RAP2A, DPP10, TTC7B, SLMAP, HGS, GAK, ARL3, MYO5A, PICK1, PSMD10, LIN7C, WNK3",
GO BP,Negative Regulation Of Intrinsic Apoptotic Signaling Pathway,25,,0,up in PD,0.27443889745094957,0.8170433345000346,0.7200811359026369,0.9931312007901678,1.0,0.8992666255741957,0.6140350877192983,0.9785919217084009,0.9821359223300969,3,"CLU, TRIM32, DNAJA1",
Reactome,Golgi Associated Vesicle Biogenesis,32,,0,up in PD,0.24968248515094968,0.8198995318667527,0.720616570327553,0.9931312007901678,1.0,0.8595090891265502,0.6989247311827957,0.9923697997244856,0.9893762955737105,8,"AP1S2, SNAPIN, TPD52, SNX2, TGOLN2, DTNBP1, CLTA, CLINT1",
KEGG,Kaposi sarcoma-associated herpesvirus infection,66,,0,up in PD,0.22826632494717042,0.8423076488968659,0.7213114754098361,0.9931312007901678,1.0,0.914002498486097,0.6381461675579323,0.964872226722135,0.982954981665194,19,"TRAF3, EIF2AK2, JUN, PIK3CD, JAK1, IL6ST, C3, RELA, UBA52, STAT2, UBC, MAPK1",
GO BP,Positive Regulation Of Ubiquitin-Dependent Protein Catabolic Process,42,,0,up in PD,0.23877487005298711,0.8419064033268931,0.7215686274509804,0.9931312007901678,1.0,0.8860911053740745,0.6497277676950998,0.9777285145474245,0.9859043661113942,11,"CLU, MAGEF1, LAPTM5, ARIH1, PRICKLE1, DNAJB2, RNF144A, HECTD1, TAF1, RNF180, FBXW7",
Reactome,Gene Expression (Transcription),497,"ICE1, L3MBTL1",2,up in PD,0.20421444135177427,0.8745828249699708,0.7216699801192843,0.9931312007901678,1.0,1.079234354464491,0.20382165605095542,0.8723191784363936,0.889543297367469,81,"ICE1, RYBP, PRKCB, CASC3, ZNF331, YY1, CDK13, PHAX, EPC1, SF3B1, CPSF2, GTF3A","ICE1, L3MBTL1"
Hallmark,Protein Secretion,72,,0,down in PD,-0.24608758266981656,-0.8089180873752225,0.721881390593047,0.9931312007901678,1.0,-1.061972446628589,0.33183856502242154,0.9498846895932415,0.9052527446531683,28,"SCRN1, DST, RAB5A, ARCN1, DNM1L, ATP6V1H, ARFGEF2, STX7, ANP32E, AP2B1, ATP7A, SEC31A",
GO BP,Extrinsic Apoptotic Signaling Pathway,21,,0,up in PD,0.26419672171487657,0.8180075313600339,0.7219917012448133,0.9931312007901678,1.0,0.8050028693615221,0.7626168224299066,1.0,0.9960606173437093,2,"BAG3, BOK",
Reactome,mRNA Splicing - Major Pathway,120,FUS,1,up in PD,0.2285201276206658,0.816637451534338,0.7225548902195609,0.9931312007901678,1.0,1.02147161317652,0.40597539543058,0.8796735469220504,0.9124393271500799,24,"FUS, DDX46, CASC3, SF3B1, CPSF2, CCAR1, CDC5L, HNRNPU, SNRNP70, RBM17, CRNKL1, HNRNPA2B1",FUS
GO BP,Positive Regulation Of Nucleocytoplasmic Transport,19,,0,up in PD,0.277806967480915,0.8076011754111578,0.7228144989339019,0.9931312007901678,1.0,0.8215884813530828,0.7357414448669202,1.0,0.9937842674721858,6,"BAG3, ZPR1, HDAC3, IPO5, UBR5, YWHAE",
GO BP,Proton Motive Force-Driven ATP Synthesis,35,,0,up in PD,0.29419125876060553,0.7337361527846329,0.7251461988304093,0.9931312007901678,1.0,1.0292950892878463,0.41030534351145037,0.8750456762827674,0.9148952843185582,15,"VPS9D1, NDUFC2, NDUFB4, NDUFB11, ATP5MC1, NDUFC1, NDUFS6, NDUFS8, NDUFS5, NDUFA3, NDUFS3, NDUFA12",
Reactome,IGF1R Signaling Cascade,22,,0,up in PD,0.2594322066647666,0.7848319682982801,0.7252525252525253,0.9931312007901678,1.0,0.7980193888647149,0.7632575757575758,1.0,0.996235999678269,3,"FGFR1, IGF1R, IGF1",
GO BP,Translation,102,,0,up in PD,0.23482156102208124,0.7378178926574245,0.72552783109405,0.9931312007901678,1.0,1.0388562055088206,0.3554006968641115,0.8703299590936794,0.9052527446531683,29,"MRPL57, PABPC4, RPS5, DAP3, MRPS26, MRPL18, RPL18, MRPS5, EIF5A2, UBA52, MRPL33, RPL36",
GO BP,Mitotic Spindle Organization,30,,0,up in PD,0.2711732053705551,0.8313115957827446,0.7258064516129032,0.9931312007901678,1.0,0.9276086792569035,0.5918367346938775,0.9624997296940488,0.9821359223300969,6,"PCNT, TUBG2, CEP126, TNKS, SMC3, CLASP1",
Reactome,Toll-like Receptor Cascades,64,LGMN,1,down in PD,-0.22685115913900378,-0.836097689601212,0.7261663286004056,0.9931312007901678,1.0,-0.9459272344131993,0.5635103926096998,0.979323796895103,0.9663687378058234,23,"CUL1, LGMN, MAP2K1, TANK, MAPK8, CHUK, PPP2R1A, PPP2CA, TBK1, PTPN11, IRAK1, FBXW11",LGMN
Reactome,Meiosis,20,,0,down in PD,-0.26743675546533763,-0.8002151957672461,0.7263581488933601,0.9931312007901678,1.0,-0.8199884961472087,0.7282157676348547,1.0,0.9937842674721858,3,"UBE2I, TERF2, POLR1A",
Reactome,RHOG GTPase Cycle,33,,0,down in PD,-0.24898176807306982,-0.8133062290421019,0.7265625,0.9931312007901678,1.0,-0.8802037748406932,0.6576763485477178,1.0,0.9876724442589475,9,"LAMTOR1, MCF2, TFRC, ARHGAP35, VAV3, DOCK4, PRKCSH, DOCK3, VAPB",
KEGG,Estrogen signaling pathway,53,,0,up in PD,0.23258917971517007,0.8201058406642533,0.7267326732673267,0.9931312007901678,1.0,0.9009035605218941,0.636697247706422,0.9798993296625347,0.982954981665194,9,"JUN, PIK3CD, PLCB4, EBAG9, HSP90AA1, HSP90B1, HSPA2, NCOA3, GNAO1",
KEGG,Fluid shear stress and atherosclerosis,58,,0,down in PD,-0.2288338006785411,-0.810104226189084,0.7267552182163188,0.9931312007901678,1.0,-0.9116450900004738,0.6061269146608315,0.9978283487628885,0.9821359223300969,15,"ACVR1, GSTA4, MGST1, PIK3R3, KEAP1, MAPK8, CHUK, AKT3, PRKAA1, SUMO3, MAPK14, MAP3K5",
KEGG,Ribosome,59,,0,up in PD,0.26148658965145233,0.7326816932390009,0.7270992366412213,0.9931312007901678,1.0,1.032619297003834,0.36553030303030304,0.8729332849104439,0.9052527446531683,17,"RPS5, MRPL18, RPL18, MRPS5, UBA52, MRPL33, RPL36, MRPL21, RPS16, RPS4X, RPL37A, RPS4Y1",
GO BP,Regulation Of Macroautophagy,56,,0,down in PD,-0.23592352241738168,-0.8084329557090709,0.7272727272727273,0.9931312007901678,1.0,-0.951938289998124,0.5262008733624454,0.9829014406948691,0.955332871107694,14,"PINK1, EXOC8, MAPK8, ATP6V1H, EPM2A, SUPT5H, TBK1, CAPNS1, VPS26B, C9orf72, TECPR1, VPS26A",
KEGG,B cell receptor signaling pathway,27,,0,up in PD,0.26227852760200737,0.7959999257855145,0.7280163599182005,0.9931312007901678,1.0,0.8636277655508201,0.6685606060606061,0.9915783970624071,0.9893762955737105,4,"PRKCB, JUN, CD81, PIK3CD",
GO BP,ncRNA Processing,38,,0,down in PD,-0.23672890868091312,-0.7727983138569516,0.7280334728033473,0.9931312007901678,1.0,-0.8762031827546594,0.6838565022421524,1.0,0.9893762955737105,5,"NOL6, WDR36, INTS10, DDX49, RPP30",
GO BP,Positive Regulation Of Establishment Of Protein Localization To Mitochondrion,22,,0,up in PD,0.26623749068805147,0.816107394563886,0.7283464566929134,0.9931312007901678,1.0,0.8584523798198422,0.6821705426356589,0.9909823746863365,0.9893762955737105,3,"CSNK2A2, UBE2D3, TOMM7",
GO BP,Response To Endoplasmic Reticulum Stress,57,,0,down in PD,-0.23626447684681318,-0.8304877184333573,0.7283464566929134,0.9931312007901678,1.0,-0.9407205668696345,0.5529953917050692,0.9732658332936526,0.9638892918742041,20,"ITPR1, DERL1, ATP2A3, HYOU1, UFM1, TMEM259, RASGRF1, DNAJC10, HERPUD1, ERLEC1, SYVN1, MBTPS1",
Reactome,Fcgamma Receptor (FCGR) Dependent Phagocytosis,42,,0,down in PD,-0.2413988618013252,-0.799123223215488,0.728952772073922,0.9931312007901678,1.0,-0.9219272022747654,0.6008146639511202,0.9877834801472661,0.9821359223300969,12,"ITPR1, WASF3, ACTR3, NF2, MYO5A, VAV3, NCKAP1, PRKCSH, ABL1, PLCG1, PTK2, ELMO1",
Reactome,NRAGE Signals Death Thru JNK,26,,0,down in PD,-0.2616410811429709,-0.8266430514714286,0.7291666666666666,0.9931312007901678,1.0,-0.8779383795972043,0.6549586776859504,1.0,0.9859043661113942,7,"MCF2, MAPK8, ARHGEF18, VAV3, ARHGEF40, ARHGEF17, SOS1",
Reactome,Diseases Of Mitotic Cell Cycle,17,,0,up in PD,0.2738368635300969,0.799688740030494,0.7296222664015904,0.9931312007901678,1.0,0.8181049683439284,0.7385496183206107,1.0,0.9937842674721858,6,"ANAPC16, TFDP2, E2F3, ANAPC5, ANAPC7, CDKN1C",
KEGG,Pathways of neurodegeneration,231,FUS,1,down in PD,-0.22134977322610094,-0.7924822739714504,0.7298969072164948,0.9931312007901678,1.0,-1.1095982886968632,0.19158878504672897,0.9667805122146661,0.882564731116899,48,"WNT3, RYR3, ITPR1, PINK1, DERL1, GRIA3, DLG4, RAB39B, CSNK2A1, ATXN3, MAP2K1, ATP2A3",
GO BP,Cilium Organization,71,,0,up in PD,0.2332221658739651,0.8379016011783291,0.7303149606299213,0.9931312007901678,1.0,0.9458442000221645,0.5628318584070796,0.9445611623390732,0.9663687378058234,8,"RAB3IP, TTC17, PCNT, WDR19, CEP126, NEK1, CEP41, EHD1",
GO BP,Mitotic Nuclear Division,18,,0,up in PD,0.2860428359489795,0.8131717220683482,0.7304015296367112,0.9931312007901678,1.0,0.8581800429999294,0.6605691056910569,0.9903206070400149,0.9880908219728585,6,"TUBG2, NUP62, CHMP7, CHMP2A, CLASP1, NSL1",
Reactome,G Alpha (Q) Signaling Events,45,GPNMB,1,up in PD,0.22174992898212917,0.8298520985535689,0.7309236947791165,0.9931312007901678,1.0,0.8308064853409454,0.7703435804701627,1.0,0.9980390005759578,5,"GPNMB, RGS17, TRIO, PLCB4, DGKD",GPNMB
Reactome,Ribosomal Scanning And Start Codon Recognition,31,,0,up in PD,0.2696229574868385,0.7348372005133855,0.7311411992263056,0.9931312007901678,1.0,0.9257100845035978,0.5690298507462687,0.9635961901109054,0.9704487090285772,11,"EIF3E, RPS5, EIF3H, EIF5, RPS16, RPS4X, RPS4Y1, RPS3, EIF3J, EIF3M, RPS9",
GO BP,Protein Modification Process,309,,0,down in PD,-0.20410687101553682,-0.8505925540316329,0.7315573770491803,0.9931312007901678,1.0,-1.066859577888884,0.25970873786407767,0.9676705587694926,0.889543297367469,80,"RNF7, ACVR1, TGFBR2, PINK1, PTPN13, UBE2I, PPP5C, CSNK2A1, MAP2K1, PPP2R5A, CTDNEP1, OARD1",
Reactome,Degradation Of Extracellular Matrix,21,,0,down in PD,-0.2706310940712525,-0.8132141262047439,0.732,0.9931312007901678,1.0,-0.8549920043426639,0.6916488222698073,0.9947957107178171,0.9893762955737105,4,"COL12A1, MMP16, CAPNS1, ERC2",
GO BP,Regulation Of Cell Cycle G1/S Phase Transition,34,,0,down in PD,-0.24635343034948376,-0.8150978291628281,0.732,0.9931312007901678,1.0,-0.8861455681868213,0.6378600823045267,1.0,0.982954981665194,18,"MN1, PEX2, PPP2CA, CDC73, PSME1, CCNH, MNAT1, SOX2, PHB2, SMARCD1, SMARCA4, PTEN",
GO BP,Protein Localization To Nucleus,66,,0,down in PD,-0.22650590717063013,-0.8160039445647767,0.7322515212981744,0.9931312007901678,1.0,-0.9321213000968844,0.6127562642369021,0.9781250258982283,0.9821359223300969,14,"XPA, TOR1B, BBS4, IPO8, CTDNEP1, TOR1AIP2, EIF4ENIF1, PEX2, NUP214, TOR1A, KPNA5, PIKFYVE",
Reactome,RAB Geranylgeranylation,32,,0,down in PD,-0.25569341453542005,-0.7978830948011095,0.7323943661971831,0.9931312007901678,1.0,-0.9102898268570903,0.6133333333333333,0.9963885088352634,0.9821359223300969,8,"RAB39B, RAB5A, RAB30, RAB9B, RABGGTB, RAB11A, RAB3C, RAB10",
GO BP,Signal Transduction In Response To DNA Damage,21,,0,up in PD,0.25760692577769856,0.8149083296309718,0.7325581395348837,0.9931312007901678,1.0,0.7787441838689693,0.7868217054263565,1.0,0.9980390005759578,2,"SESN2, CDC5L",
GO BP,Response To Reactive Oxygen Species,30,,0,down in PD,-0.2530712724925793,-0.8269943147245137,0.7326732673267327,0.9931312007901678,1.0,-0.9033712665046509,0.6231578947368421,1.0,0.982954981665194,6,"TPM1, STK25, MAPK8, HIF1A, CHUK, PEX2",
Reactome,Signaling By FGFR2,44,,0,down in PD,-0.23530523710329498,-0.8058233337833924,0.7326732673267327,0.9931312007901678,1.0,-0.9018901835432543,0.6550976138828634,1.0,0.9859043661113942,10,"PIGU, POLR2H, NRAS, PPP2R1A, PPP2CA, PTPN11, SOS1, HRAS, BRAF, PLCG1",
Reactome,rRNA Processing,83,,0,up in PD,0.23573911169587242,0.7822494912855904,0.7337057728119181,0.9931312007901678,1.0,1.0012884309606118,0.4442446043165468,0.8974746439135568,0.917834535534549,26,"NOP58, EXOSC1, RPS5, RPL18, BMS1, UBA52, RPP25, NOL9, FBL, PDCD11, DDX56, RPL36",
Reactome,Signaling By Rho GTPases,285,SCAI,1,down in PD,-0.20541004059532286,-0.8267171366124342,0.7349896480331263,0.9931312007901678,1.0,-1.0657302105050022,0.2720763723150358,0.9634284629390365,0.889543297367469,73,"SCAI, LAMTOR1, CPSF7, PTPN13, PIK3R3, RHOQ, SLITRK5, SCFD1, WASF3, DST, PPP2R5A, DHDDS",SCAI
GO BP,Peptide Biosynthetic Process,64,,0,up in PD,0.2528335194700954,0.7587276491797176,0.7354085603112841,0.9931312007901678,1.0,1.023605841668939,0.4072072072072072,0.8833044208365768,0.9124393271500799,20,"PABPC4, RPS5, MRPL18, RPL18, MRPS5, RPL36, RPS16, RPS4X, RPL37A, RPS4Y1, RPL14, RPL35A",
GO BP,Neuron Projection Guidance,56,CNTN4,1,down in PD,-0.23625897710116872,-0.8082678758969768,0.735655737704918,0.9931312007901678,1.0,-0.9432353679637336,0.5615866388308977,0.9784477971678035,0.9663687378058234,15,"CNTN4, EMB, KIF5A, EPHB2, EPHA7, MYCBP2, UNC5C, ARHGAP35, ROBO2, CNTN6, ARHGEF40, NRXN3",CNTN4
Reactome,Diseases Of Metabolism,68,,0,down in PD,-0.22710825755607322,-0.8180871755347655,0.7357723577235772,0.9931312007901678,1.0,-0.9480191724962369,0.5621052631578948,0.9784516654578724,0.9663687378058234,11,"FDX1, NCAN, GCLC, HGSNAT, NUS1, DHDDS, GBE1, GPC4, B3GALT6, MTRR, SGSH",
GO BP,Cellular Response To Lipopolysaccharide,25,,0,up in PD,0.25579902947705113,0.816007958943032,0.7357723577235772,0.9931312007901678,1.0,0.8340882660352602,0.720226843100189,1.0,0.9923849464738991,4,"WNT5A, SIRPA, PDCD4, RELA",
GO BP,Chemical Synaptic Transmission,116,CACNA1A,1,down in PD,-0.20902717923234693,-0.8072004675900607,0.736,0.9931312007901678,1.0,-0.945883841000892,0.6054590570719603,0.9775702341352744,0.9821359223300969,32,"CDH8, UNC13C, GRIA3, DLG4, ATXN3, CBLN1, SLC6A1, PAFAH1B1, KIF5A, FCHSD2, GPR176, GRID1",
Reactome,MicroRNA (miRNA) Biogenesis,16,,0,up in PD,0.2791383966585589,0.7806678541525041,0.7361376673040153,0.9931312007901678,1.0,0.7989984421759256,0.7381889763779528,1.0,0.9937842674721858,3,"AGO3, POLR2L, POLR2F",
Reactome,Non-integrin membrane-ECM Interactions,16,,0,up in PD,0.27589766587098496,0.7704138531202759,0.7364016736401674,0.9931312007901678,1.0,0.8011389752552942,0.7351247600767754,1.0,0.9937842674721858,2,"PDGFA, CASK",
GO BP,Regulation Of Sodium Ion Transmembrane Transporter Activity,21,,0,down in PD,-0.28012643688769234,-0.7875967375238545,0.7372549019607844,0.9931312007901678,1.0,-0.8826613324026408,0.6399176954732511,1.0,0.9845097535934292,7,"SLMAP, CAMK2D, GLRX, WNK3, GPD1L, STK39, FGF12",
Reactome,Recognition Of DNA Damage By PCNA-containing Replication Complex,15,,0,down in PD,-0.28831312088526695,-0.7893338495470734,0.7375745526838966,0.9931312007901678,1.0,-0.8403842977983172,0.7021696252465484,0.999495006947257,0.9900843389677136,5,"POLR1A, USP1, RBX1, DDB1, UBE2B",
Reactome,Signaling By Interleukins,155,,0,down in PD,-0.21397783015095728,-0.8403664691788394,0.7378048780487805,0.9931312007901678,1.0,-1.020100372008819,0.3981042654028436,0.9614898911930746,0.9103857203985573,37,"PTPN13, PIK3R3, CUL1, MAP2K1, PPIA, TANK, SEM1, PTPN9, PTPRZ1, GAB2, PSMD2, RORA",
GO BP,G1/S Transition Of Mitotic Cell Cycle,20,,0,down in PD,-0.2745072117068009,-0.7986636502084167,0.7379032258064516,0.9931312007901678,1.0,-0.8428512248173806,0.7116935483870968,0.9953969377300297,0.9923849464738991,6,"CUL1, CDK14, EIF4E, CDK16, CUL4B, NPAT",
GO BP,Inorganic Cation Import Across Plasma Membrane,34,CACNA1A,1,down in PD,-0.2357911087396577,-0.7914198321188493,0.7379576107899807,0.9931312007901678,1.0,-0.8519730576707263,0.6858316221765913,0.9976399855611767,0.9893762955737105,10,"HCN4, SLC6A1, KCNJ9, SLC12A2, ATP1B1, CACNA1E, ATP1B2, KCNJ16, ATP1A2, CACNA1G",
Reactome,Hemostasis,194,"MANF, PRKAR2A",2,down in PD,-0.20682352245424984,-0.8279649119037811,0.7380952380952381,0.9931312007901678,1.0,-1.0293771055055023,0.3851851851851852,0.9539414750481398,0.9062081834303362,46,"CD47, ITPR1, PIK3R3, FAM3C, SLC16A1, PPIA, PPP2R5A, ATP2A3, RAB5A, KIF5A, KIFAP3, NRAS",
GO BP,Positive Regulation Of Proteasomal Ubiquitin-Dependent Protein Catabolic Process,42,,0,down in PD,-0.23495568002851208,-0.8052990470626915,0.7381889763779528,0.9931312007901678,1.0,-0.8795997731248453,0.6848072562358276,1.0,0.9893762955737105,12,"KEAP1, CSNK1D, RBX1, RCHY1, BBS7, PSMD10, HERPUD1, RNF14, SGTA, VCP, DDA1, GSK3B",
GO BP,protein-DNA Complex Organization,27,L3MBTL1,1,up in PD,0.24672604905802614,0.8114157561036336,0.7386831275720165,0.9931312007901678,1.0,0.8249877863224915,0.7553816046966731,1.0,0.9937842674721858,8,"L3MBTL1, HNRNPU, TCF4, SAFB, MTF2, HDAC3, SOX15, EHMT1",L3MBTL1
GO BP,Intracellular Iron Ion Homeostasis,18,,0,up in PD,0.2806048314967894,0.8103891692835034,0.7386831275720165,0.9931312007901678,1.0,0.8371511183249535,0.6981481481481482,1.0,0.9893762955737105,5,"SLC22A17, FLVCR1, ATP6AP1, SOD1, ATP6V1G1",
Reactome,Cargo Concentration In ER,17,,0,down in PD,-0.2831147101284881,-0.7947196858187427,0.7391304347826086,0.9931312007901678,1.0,-0.8635899118811845,0.6428571428571429,1.0,0.9853515593026111,7,"SAR1B, CNIH3, PREB, GOSR2, F8, GRIA1, SEC24A",
GO BP,Positive Regulation Of Developmental Process,93,SOX6,1,up in PD,0.21940334672995987,0.8260230826090844,0.7392156862745098,0.9931312007901678,1.0,0.939402629453256,0.5977653631284916,0.9532591178620953,0.9821359223300969,13,"WNT5A, FGFR1, COBL, ARID4B, SORL1, CFL1, ARID4A, PA2G4, INSR, ENPP2, BCL7A, ARID2",
KEGG,Adipocytokine signaling pathway,27,,0,down in PD,-0.24960246912808792,-0.8283793629478285,0.7394789579158316,0.9931312007901678,1.0,-0.8308495361866278,0.7320261437908496,0.9930026094022649,0.9937842674721858,10,"MAPK8, CHUK, PTPN11, STK11, AKT3, PRKAA1, ACSL6, ACSL4, MAPK10, PRKAG2",
KEGG,Non-small cell lung cancer,33,,0,up in PD,0.2528907250720287,0.8175514722402601,0.7405940594059406,0.9931312007901678,1.0,0.8663900784892543,0.6702508960573477,0.9888370568983839,0.9893762955737105,11,"PRKCB, PIK3CD, KIF5C, EML4, RXRA, MAPK1, E2F3, STAT5B, PDPK1, RET, GADD45A",
Reactome,Transport Of Ribonucleoproteins Into Host Nucleus,16,,0,up in PD,0.28921896538222386,0.7932857646653431,0.7407407407407407,0.9931312007901678,1.0,0.8305130412072346,0.6877323420074349,1.0,0.9893762955737105,7,"NUP62, KPNA1, NUP210, NUP98, KPNB1, NUP133, RANBP2",
GO BP,Glutamate Receptor Signaling Pathway,17,,0,down in PD,-0.2887040593388036,-0.785087442687061,0.7411764705882353,0.9931312007901678,1.0,-0.8796672793551895,0.6492693110647182,1.0,0.9859043661113942,4,"GRIA3, FMR1, CDK5R1, KCNB1",
GO BP,Regulation Of Cilium Assembly,31,,0,down in PD,-0.24306012600782922,-0.7860544852329832,0.7412008281573499,0.9931312007901678,1.0,-0.8607914790837937,0.717439293598234,0.99870632788505,0.9923849464738991,3,"TBC1D7, TBC1D22A, BBS4",
Reactome,Negative Regulation Of NOTCH4 Signaling,37,,0,down in PD,-0.262696377646208,-0.7188499920875051,0.7413441955193483,0.9931312007901678,1.0,-0.9518850377088749,0.5355731225296443,0.9811084803496144,0.955332871107694,10,"CUL1, SEM1, PSMD2, RBX1, PSMD14, PSMD10, PSMA4, PSMA3, PSME1, YWHAZ",
GO BP,Vacuolar Acidification,16,,0,up in PD,0.2913133359214811,0.7576275261924477,0.7426326129666012,0.9931312007901678,1.0,0.8391373625238896,0.6796296296296296,1.0,0.9893762955737105,3,"GRN, ATP6V0E1, ATP6V1D",
Reactome,Regulation Of RAS By GAPs,43,,0,down in PD,-0.24901880769666362,-0.7466946300101764,0.7428571428571429,0.9931312007901678,1.0,-0.9239722852677228,0.6135458167330677,0.9925931917935343,0.9821359223300969,15,"SEM1, NRAS, PSMD2, RBX1, PSMD14, PSMD10, PSMA4, PSMA3, HRAS, PSME1, DAB2IP, PSMD7",
GO BP,Nucleosome Assembly,17,,0,up in PD,0.26659069644033007,0.7672077476331809,0.7431906614785992,0.9931312007901678,1.0,0.7868234134924922,0.7471910112359551,1.0,0.9937842674721858,7,"KAT6B, NAP1L1, RBBP4, NAP1L3, SART3, NAP1L2, RSF1",
Reactome,Signaling By FGFR1 In Disease,24,,0,down in PD,-0.26520496526970616,-0.7872775429816053,0.7436399217221135,0.9931312007901678,1.0,-0.8639977619644087,0.670995670995671,1.0,0.9893762955737105,9,"PIGU, GAB2, NRAS, SOS1, TRIM24, HRAS, PLCG1, FGF13, FGFR1OP2",
GO BP,Regulation Of Endocytosis,24,,0,down in PD,-0.2553971024145608,-0.789604130809979,0.7446393762183235,0.9931312007901678,1.0,-0.8439006437663743,0.6784232365145229,0.9959614594593904,0.9893762955737105,5,"CLIP3, LETMD1, PICALM, SCAMP5, ABL1",
GO BP,Cellular Response To Hormone Stimulus,26,,0,up in PD,0.24029521943416826,0.7911972764997997,0.7448979591836735,0.9931312007901678,1.0,0.7937723437399525,0.8034026465028355,1.0,0.9980390005759578,7,"RAMP1, NCOA3, SFRP1, CTSB, STAT5B, ZFP36L1, SLIT2",
GO BP,Regulation Of Lipid Metabolic Process,15,,0,up in PD,0.2743247073294539,0.7792778529656484,0.7448979591836735,0.9931312007901678,1.0,0.7722265305612188,0.7855855855855856,1.0,0.9980390005759578,4,"RNF213, OPA3, PSAP, PANK2",
KEGG,Citrate cycle (TCA cycle),17,,0,down in PD,-0.28967013228269267,-0.746500810354131,0.7453027139874739,0.9931312007901678,1.0,-0.8589623764496951,0.6666666666666666,0.9970625533535585,0.9893762955737105,11,"IDH3B, DLD, PDHB, OGDHL, IDH1, SDHB, IDH2, SUCLG1, SDHD, DLAT, PDHA1",
GO BP,Regulation Of Actin Cytoskeleton Organization,37,,0,up in PD,0.24016159152813862,0.7816915736480382,0.7454545454545455,0.9931312007901678,1.0,0.8470871536794146,0.7057692307692308,1.0,0.991764705882353,6,"CLU, PDGFA, HAX1, EZR, CDK10, PAK3",
KEGG,Thyroid hormone signaling pathway,64,,0,up in PD,0.2203047855289002,0.8259092848911517,0.746,0.9931312007901678,1.0,0.8864683494120131,0.6472663139329806,0.9823129892542599,0.9859043661113942,17,"PRKCB, NCOR1, PIK3CD, TBC1D4, PLCB4, KAT2B, RXRA, NCOA3, MED14, ATP1B3, RCAN2, MAPK1",
Reactome,Mitotic Prometaphase,79,,0,up in PD,0.2242112571090304,0.818649113029035,0.7460629921259843,0.9931312007901678,1.0,0.9217913130880682,0.6263345195729537,0.9676266685690356,0.982954981665194,10,"PCNT, CSNK2A2, BUB3, TUBG2, CEP41, HSP90AA1, SSNA1, EML4, PCM1, PPP2R5E",
GO BP,Regulation Of Microtubule Polymerization Or Depolymerization,19,,0,up in PD,0.2737385954534329,0.7731174367644587,0.7461240310077519,0.9931312007901678,1.0,0.8324946359465423,0.6974169741697417,1.0,0.9893762955737105,5,"STMN4, MAPT, CLASP1, MAP1B, STMN2",
GO BP,Autophagy Of Mitochondrion,25,,0,down in PD,-0.26129312597365595,-0.7956998769405588,0.7463617463617463,0.9931312007901678,1.0,-0.8627264826917755,0.6378947368421053,0.9986009500612808,0.982954981665194,8,"PINK1, FBXL4, ATG2B, FUNDC1, MAP1LC3B, WDR45B, PHB2, ATG13",
GO BP,Peptidyl-Serine Phosphorylation,79,,0,down in PD,-0.2162882425435373,-0.816189985335611,0.748995983935743,0.9931312007901678,1.0,-0.9352281195174097,0.6035634743875279,0.9794425531879466,0.9821359223300969,26,"TGFBR2, PINK1, CSNK2A1, CAMK1D, CAMK2D, MAPK8, CSNK1D, PRKCI, CHUK, TBK1, AKT3, NEK7",
GO BP,Nuclear Membrane Reassembly,16,,0,down in PD,-0.27185719938436403,-0.793470786624191,0.748995983935743,0.9931312007901678,1.0,-0.8145759318497886,0.7373949579831933,1.0,0.9937842674721858,5,"UBE2I, CHMP2B, VPS4A, CHMP1A, SPAST",
GO BP,Regulation Of DNA Replication,27,,0,down in PD,-0.264617976799301,-0.8043119363748495,0.7490118577075099,0.9931312007901678,1.0,-0.9034238233744286,0.5955555555555555,1.0,0.9821359223300969,7,"WAPL, ORC3, PPP2R1A, PPP2CA, ING5, TSPYL2, DHX9",
GO BP,Monoatomic Cation Homeostasis,27,,0,down in PD,-0.2585849890120867,-0.8200057998937185,0.7494949494949495,0.9931312007901678,1.0,-0.8676674165361644,0.6761133603238867,1.0,0.9893762955737105,9,"LETMD1, SLC12A2, COX11, ATP7A, PICALM, UNC80, LETM1, WNK1, SLC40A1",
Reactome,L1CAM Interactions,62,,0,up in PD,0.23108354348072901,0.8067413019333034,0.7495219885277247,0.9931312007901678,1.0,0.9234277655865342,0.5940409683426443,0.9673834848784734,0.9821359223300969,13,"FGFR1, CSNK2A2, RPS6KA5, SPTBN4, NRCAM, EZR, GAP43, AP2S1, SPTAN1, SPTB, MAPK1, DNM1",
GO BP,Positive Regulation Of Cell Projection Organization,54,PLXNC1,1,down in PD,-0.22139736290635736,-0.8020151646844996,0.7509727626459144,0.9931312007901678,1.0,-0.8995920650155503,0.6355353075170843,1.0,0.982954981665194,16,"DLG4, SETX, SS18L1, CAMK1D, ARHGAP35, PRKCI, ROBO2, AMIGO1, LRRC7, NLGN1, SLITRK1, ATP1B2",
GO BP,Negative Regulation Of Transmembrane Receptor Protein Serine/Threonine Kinase Signaling Pathway,35,,0,down in PD,-0.24195780511062004,-0.7972204480705197,0.750996015936255,0.9931312007901678,1.0,-0.8656809456361402,0.6963906581740976,1.0,0.9893762955737105,6,"LDLRAD4, EID2, SIN3A, SNX25, MTMR4, SUDS3",
GO BP,Cellular Response To Amino Acid Stimulus,19,,0,up in PD,0.27010384223811357,0.8097292261042188,0.7510121457489879,0.9931312007901678,1.0,0.8169146361821248,0.734251968503937,1.0,0.9937842674721858,5,"SESN2, LAMTOR4, SESN1, RRAGA, UBR2",
Reactome,HCMV Late Events,32,,0,down in PD,-0.2579158521722169,-0.7986121742383436,0.751503006012024,0.9931312007901678,1.0,-0.9171353087203855,0.5827664399092971,0.9935411710324586,0.977579602184523,11,"VPS36, VPS28, CHMP2B, PCSK1, NUP214, CHMP4B, VPS4A, UBAP1, NUP155, VPS37A, CHMP1A",
Hallmark,Estrogen Response Early,75,CALB2,1,down in PD,-0.22248091351906418,-0.8112643726447479,0.7518939393939394,0.9931312007901678,1.0,-0.9328797181790975,0.6123853211009175,0.9813557381064105,0.9821359223300969,11,"SNX24, ASB13, AMFR, ABHD2, TPBG, BHLHE40, FASN, SLC16A1, GAB2, TMEM164, ARL3",
GO BP,Cell Morphogenesis Involved In Neuron Differentiation,45,CNTN4,1,up in PD,0.23164687873065867,0.7914892119881823,0.751953125,0.9931312007901678,1.0,0.8724780359381951,0.6980392156862745,0.9843508462900357,0.9893762955737105,12,"APLP1, TMEM106B, SSNA1, SPTBN4, NRCAM, PAK3, DOCK7, RAB3A, MAP1B, TBCD, APP, APLP2",
Reactome,Signaling By WNT In Cancer,15,,0,down in PD,-0.2840523093231906,-0.79073042634587,0.752,0.9931312007901678,1.0,-0.8365820765174078,0.6851851851851852,0.9949708033037151,0.9893762955737105,4,"PPP2R5A, PPP2R5B, PPP2R1A, PPP2CA",
GO BP,Regulation Of Endopeptidase Activity,20,,0,up in PD,0.2588900365134896,0.7825678863128089,0.7529182879377432,0.9931312007901678,1.0,0.7913955279138096,0.783203125,1.0,0.9980390005759578,8,"TIMP2, SERPINB6, SERPINE2, SPOCK2, APH1B, BIRC2, GAPDH, SPOCK1",
GO BP,Regulation Of Hydrolase Activity,32,PLXNC1,1,up in PD,0.24422177042218995,0.7931643652395243,0.753061224489796,0.9931312007901678,1.0,0.8351929486896948,0.7163120567375887,1.0,0.9923849464738991,10,"PLXNC1, RAB3GAP2, GPR137B, PLXNA4, ARHGAP12, RAP1GAP, SOD1, PLXNA1, RAPGEF6, EPHA5",PLXNC1
GO BP,RNA Polyadenylation,16,,0,up in PD,0.2938868989380521,0.7890225652900396,0.7539370078740157,0.9931312007901678,1.0,0.8447856992480479,0.6867704280155642,1.0,0.9893762955737105,2,"CPSF2, PABPC1",
Reactome,GSK3B And BTRC:CUL1-mediated-degradation Of NFE2L2,38,,0,down in PD,-0.25514808510640974,-0.7248922270889705,0.7540322580645161,0.9931312007901678,1.0,-0.9310318580906086,0.5964214711729622,0.9796512771906168,0.9821359223300969,13,"CUL1, SEM1, PSMD2, RBX1, PSMD14, PSMD10, PSMA4, PSMA3, PSME1, PSMD7, GSK3B, PSMD13",
GO BP,Clathrin-Dependent Endocytosis,21,,0,down in PD,-0.2662084191117068,-0.7733179165838457,0.7541322314049587,0.9931312007901678,1.0,-0.8444413087043348,0.691089108910891,0.9976808828843815,0.9893762955737105,10,"FCHSD2, GAK, AP2B1, PICALM, OCRL, ITSN1, DNAJC6, AP2M1, LMBRD1, GPR107",
Reactome,Rev-mediated Nuclear Export Of HIV RNA,16,,0,up in PD,0.2725861104437168,0.7635852347492813,0.7544554455445545,0.9931312007901678,1.0,0.7823581866810937,0.7235621521335807,1.0,0.9937842674721858,7,"NUP62, RANGAP1, XPO1, NUP210, NUP98, NUP133, RANBP2",
GO BP,Regulation Of Myoblast Differentiation,18,,0,up in PD,0.26980321376260735,0.780227835685085,0.7546391752577319,0.9931312007901678,1.0,0.8007409930464481,0.7436893203883496,1.0,0.9937842674721858,5,"ARID2, HIF1AN, SOX4, ZFP36L1, PHF10",
GO BP,Inflammatory Response,31,,0,up in PD,0.23865140064354126,0.801241372380004,0.7546391752577319,0.9931312007901678,1.0,0.8180302043487437,0.747148288973384,1.0,0.9937842674721858,8,"WNT5A, PIK3CD, MFHAS1, RELA, SCUBE1, CHI3L1, PLA2G4C, MAP3K7",
GO BP,Negative Regulation Of Translation,52,,0,up in PD,0.22991469838460857,0.7932399087992527,0.7550200803212851,0.9931312007901678,1.0,0.8849720493269506,0.6567164179104478,0.9780131644266568,0.9875850107261855,6,"AGO3, ENC1, EIF2AK2, CALR, EIF3E, TNRC6B",
Reactome,S Phase,77,,0,down in PD,-0.23085726572652465,-0.769069378265742,0.75564681724846,0.9931312007901678,1.0,-0.9760026228038434,0.49344978165938863,0.9686161552252551,0.9407331539684481,28,"WAPL, CUL1, ANAPC4, SEM1, POLR1A, PSMD2, RBX1, ORC3, PSMD14, PSMD10, AKT3, PSMA4",
Reactome,RNA Polymerase III Transcription Initiation From Type 1 Promoter,21,,0,up in PD,0.260951632033542,0.771252107566135,0.7559523809523809,0.9931312007901678,1.0,0.8099459778194316,0.7481343283582089,1.0,0.9937842674721858,6,"GTF3A, POLR2L, POLR2F, CRCP, POLR3K, POLR3F",
KEGG,Long-term potentiation,39,,0,down in PD,-0.23850891211330516,-0.7963829124036803,0.7560483870967742,0.9931312007901678,1.0,-0.8851658125913241,0.672645739910314,1.0,0.9893762955737105,13,"ITPR1, MAP2K1, NRAS, CAMK2D, RPS6KA1, PPP3R1, HRAS, BRAF, PPP1CB, GRIA1, MAP2K2, ADCY1",
Reactome,mRNA Splicing,126,FUS,1,up in PD,0.22210056283762014,0.79474754857496,0.7560975609756098,0.9931312007901678,1.0,1.0006775820777274,0.4365217391304348,0.8960923033536056,0.9159361089531836,26,"FUS, DDX46, CASC3, SF3B1, CPSF2, CCAR1, CDC5L, HNRNPU, SNRNP70, RBM17, CRNKL1, HNRNPA2B1",FUS
GO BP,T Cell Receptor Signaling Pathway,28,,0,down in PD,-0.257225146880097,-0.8072472968836097,0.7570281124497992,0.9931312007901678,1.0,-0.8963350042831145,0.6147540983606558,1.0,0.9821359223300969,6,"BTN2A1, PDE4D, EIF2B3, TNFRSF21, CSK, ORC3",
KEGG,Inositol phosphate metabolism,38,,0,down in PD,-0.23887657786167116,-0.7955596694725012,0.758,0.9931312007901678,1.0,-0.8833857467928342,0.6688034188034188,1.0,0.9893762955737105,15,"PIK3C2A, MTMR1, PIK3C2B, MTMR4, PIKFYVE, PIK3C3, PI4KB, INPP4B, PIP5K1B, OCRL, PLCG1, INPP4A",
GO BP,Regulation Of Protein Localization To Nucleus,21,,0,up in PD,0.2657948129731743,0.8114233278642569,0.7582644628099173,0.9931312007901678,1.0,0.8243498443296259,0.6959847036328872,1.0,0.9893762955737105,3,"SESN2, JAK1, MFHAS1",
Reactome,Transport Of Inorganic Cations/Anions And Amino Acids/Oligopeptides,32,,0,down in PD,-0.24654002571361866,-0.7927921820570412,0.7586206896551724,0.9931312007901678,1.0,-0.8844443545511186,0.6302521008403361,1.0,0.982954981665194,16,"SLC25A26, SLC7A1, SLC12A2, AHCYL2, SLC17A5, SLC1A1, SLC6A15, SLC20A1, SLC4A3, SLC8A2, SLC12A7, SRI",
Reactome,Adaptive Immune System,313,LGMN,1,down in PD,-0.2050086715998769,-0.8048998660021329,0.7603305785123967,0.9931312007901678,1.0,-1.079601715323528,0.22277227722772278,0.9678966594953214,0.889543297367469,67,"KLHL13, RNF7, UBE2W, ITPR1, CTSF, PIK3R3, ASB13, RLIM, KEAP1, CUL1, AP2A1, LGMN",LGMN
GO BP,Organelle Transport Along Microtubule,22,,0,down in PD,-0.2674199257578168,-0.7631537567591045,0.7611336032388664,0.9931312007901678,1.0,-0.8696913228901105,0.681917211328976,1.0,0.9893762955737105,4,"TRAK1, DYNC1I1, PAFAH1B1, FBXW11",
KEGG,Oxytocin signaling pathway,68,,0,down in PD,-0.22375266713807596,-0.7916346246892494,0.7617107942973523,0.9931312007901678,1.0,-0.9119827219223143,0.6155507559395248,0.998527592836331,0.9821359223300969,10,"RYR3, ITPR1, ADCY3, MAP2K1, CACNA2D2, PPP1R12C, NRAS, CAMK1D, KCNJ9, CAMK2D",
GO BP,Nervous System Development,188,"CNTN4, SH3GL3, SOX6, ZMYND8",4,down in PD,-0.20015116658419596,-0.8099596596206909,0.7622950819672131,0.9931312007901678,1.0,-0.9869029863506592,0.5,0.9518910042791617,0.9420498084291188,42,"SOX6, SH3GL3, CNTN4, C3orf70, ARNT2, SLC25A16, DLG4, ATXN3, CBLN1, TRAK1, MOBP, ADGRB2","SOX6, SH3GL3, CNTN4"
Reactome,Formation Of HIV Elongation Complex In Absence Of HIV Tat,28,,0,down in PD,-0.24735636397008176,-0.7965138667596415,0.7625754527162978,0.9931312007901678,1.0,-0.8567827691112919,0.6985138004246284,0.9933254894705863,0.9893762955737105,8,"POLR2H, SUPT5H, TCEA1, SSRP1, NELFB, CCNH, MNAT1, POLR2G",
KEGG,N-Glycan biosynthesis,23,,0,up in PD,0.2519890790348458,0.7883772937371459,0.7638888888888888,0.9931312007901678,1.0,0.8013119190106107,0.7550644567219152,1.0,0.9937842674721858,5,"FUT8, RPN2, DPM3, DPAGT1, TUSC3",
Reactome,RHOC GTPase Cycle,36,,0,down in PD,-0.237357008726077,-0.7396808443236945,0.7645875251509054,0.9931312007901678,1.0,-0.8587230315729083,0.6991525423728814,0.9945453773277466,0.9893762955737105,12,"DHDDS, MCF2, TFRC, ARHGAP35, ACBD5, ARHGEF40, ABCD3, ARHGEF17, VAPB, IQGAP1, ANLN, ARHGAP1",
Reactome,FCERI Mediated NF-kB Activation,48,,0,down in PD,-0.23728994547700555,-0.7310050871868596,0.7651821862348178,0.9931312007901678,1.0,-0.9230875303696185,0.5897959183673469,0.9898059917960697,0.9821359223300969,19,"CUL1, SEM1, PSMD2, CHUK, PSMD14, PSMD10, FBXW11, TAB1, PSMA4, PSMA3, PSME1, TAB2",
GO BP,Cytoplasmic Microtubule Organization,33,,0,down in PD,-0.23798939527563467,-0.7872272888897985,0.766,0.9931312007901678,1.0,-0.8337914210287416,0.7417943107221007,0.9953992092789534,0.9937842674721858,3,"CIB1, CLIP3, KATNAL1",
GO BP,Phosphorylation,179,,0,down in PD,-0.2042220638404102,-0.8148974966566227,0.7665995975855131,0.9931312007901678,1.0,-0.99130133473183,0.4767726161369193,0.9556920602281035,0.9359398562288624,59,"ACVR1, TGFBR2, PINK1, CSNK2A1, MAP2K1, CDK14, BIRC6, CDK20, EPHB2, CAMK2D, EPHA7, STK25",
GO BP,Neuron Projection Development,94,"CNTN4, MANF",2,up in PD,0.21222440288139321,0.8034622777763901,0.7667304015296367,0.9931312007901678,1.0,0.9212803065053727,0.6282527881040892,0.9661074787166507,0.982954981665194,23,"GPRIN2, DIP2A, MANF, TRIO, TAOK3, LGI1, SNAPIN, EHD1, GPM6A, FRYL, ADGRV1, PAK3",MANF
KEGG,Hypertrophic cardiomyopathy,32,,0,up in PD,0.2339693359804068,0.7751159260738127,0.7675350701402806,0.9931312007901678,1.0,0.798821653484895,0.7881679389312977,1.0,0.9980390005759578,3,"CACNA2D3, IGF1, TTN",
Reactome,HIV Infection,137,,0,down in PD,-0.211505806761214,-0.7566167004419785,0.7676767676767676,0.9931312007901678,1.0,-1.0046468147675756,0.4107142857142857,0.9502425613132485,0.9148952843185582,41,"SGIP1, AP2A1, POLR2H, PPIA, SEM1, PSMD2, GTF2A1, RBX1, ATP6V1H, VPS28, CHMP2B, SUPT5H",
GO BP,Positive Regulation Of Cell Cycle G1/S Phase Transition,16,,0,down in PD,-0.27241470590047734,-0.7534787095936709,0.768595041322314,0.9931312007901678,1.0,-0.8127289209667053,0.7333333333333333,1.0,0.9937842674721858,5,"LSM11, PEX2, CDC73, CPSF3, PHB2",
KEGG,Central carbon metabolism in cancer,33,,0,down in PD,-0.24157321070234083,-0.8147379881527501,0.7686274509803922,0.9931312007901678,1.0,-0.8544260437879074,0.6816143497757847,0.9931603621912818,0.9893762955737105,7,"PIK3R3, MAP2K1, NRAS, HIF1A, PFKL, AKT3, HRAS",
Reactome,SUMOylation,74,,0,up in PD,0.2138909146823553,0.8076604818092539,0.7696850393700787,0.9931312007901678,1.0,0.8778763542845339,0.7009174311926606,0.979996306844814,0.989737679221797,18,"UHRF2, MITF, NOP58, NUP62, RXRA, DNMT3A, RELA, SAFB, PMEPA1, ZNF131, SP3, SMC3",
Reactome,SUMO E3 Ligases SUMOylate Target Proteins,71,,0,up in PD,0.21054755804925712,0.7902181274397028,0.769825918762089,0.9931312007901678,1.0,0.8602161350748355,0.730909090909091,0.9933167938744779,0.9937842674721858,27,"UHRF2, MITF, NOP58, NUP62, RXRA, DNMT3A, RELA, SAFB, PMEPA1, ZNF131, SP3, SMC3",
KEGG,Pathogenic Escherichia coli infection,75,,0,down in PD,-0.22402537515921184,-0.7917381047557263,0.7706237424547284,0.9931312007901678,1.0,-0.9618725062644522,0.5387931034482759,0.9720796963635348,0.955332871107694,28,"WASF3, ACTR3, PAK1, MAPK8, MYO5A, CHUK, CYTH3, PTPN11, IRAK1, TAB1, TUBB2B, CYTH1",
Reactome,Deubiquitination,118,"TRRAP, USP12",2,down in PD,-0.2130244790121566,-0.7911377571475887,0.7713097713097713,0.9931312007901678,1.0,-0.9775697060512166,0.5244755244755245,0.9715449873481953,0.9547344137230045,19,"USP12, TGFBR2, VCPIP1, KEAP1, ATXN3, USP24, TANK, SEM1, USP20, FOXK2, HGS, USP8",USP12
GO BP,Muscle Organ Development,20,SOX6,1,down in PD,-0.23743634396729751,-0.7633596981510536,0.7715430861723447,0.9931312007901678,1.0,-0.7444486360205569,0.8340336134453782,1.0,0.9980390005759578,1,SOX6,SOX6
GO BP,T Cell Activation,17,,0,up in PD,0.2635140281293564,0.7851694733694822,0.7716049382716049,0.9931312007901678,1.0,0.7708711101704454,0.8035714285714286,1.0,0.9980390005759578,5,"PIK3CD, LEPR, SOX4, PPP3CA, CD74",
GO BP,Regulation Of Peptidyl-Serine Phosphorylation,41,,0,up in PD,0.24013580544472082,0.792306784715263,0.7716535433070866,0.9931312007901678,1.0,0.876059619932275,0.6727272727272727,0.9792029493681823,0.9893762955737105,14,"HAX1, HSP90AA1, PPM1F, NTRK3, SPTBN4, NSD1, DOCK7, CREBL2, PDCD10, FNIP2, BDNF, TENM1",
GO BP,Cellular Response To Insulin Stimulus,45,,0,up in PD,0.22495588155251922,0.7598617550025797,0.7717171717171717,0.9931312007901678,1.0,0.8251652546600906,0.7554347826086957,1.0,0.9937842674721858,6,"IGF1R, LPIN1, TBC1D4, GAB1, KAT2B, INSR",
Reactome,Uptake And Actions Of Bacterial Toxins,18,,0,up in PD,0.26999078111338837,0.7437710548647948,0.7730923694779116,0.9931312007901678,1.0,0.8171134341537979,0.7298311444652908,1.0,0.9937842674721858,5,"VAMP1, HSP90AA1, TXNRD1, MAP2K3, SNAP25",
Reactome,Neuronal System,178,"CACNA1A, PPFIA4, PRKAR2A",3,down in PD,-0.20288770510640586,-0.792976032046781,0.7736625514403292,0.9931312007901678,1.0,-0.9999198341485406,0.44938271604938274,0.9512699720856163,0.91790029466858,46,"PTPRF, GRIA3, SLITRK5, AP2A1, HCN4, CACNA2D2, KCNN3, SLC6A1, PANX2, SHARPIN, PPFIA2, NRAS",
Reactome,NS1 Mediated Effects On Host Pathways,19,,0,up in PD,0.2650441898738787,0.7539747389010981,0.7736943907156673,0.9931312007901678,1.0,0.7972323281343476,0.7435897435897436,1.0,0.9937842674721858,8,"EIF2AK2, NUP62, KPNA1, NUP210, NUP98, KPNB1, NUP133, RANBP2",
Reactome,RUNX1 Regulates Transcription Of Genes Involved In Differentiation Of HSCs,41,,0,down in PD,-0.24053895353865096,-0.712693397421037,0.7739307535641547,0.9931312007901678,1.0,-0.8835450667992952,0.6507276507276507,1.0,0.9859043661113942,14,"SEM1, PSMD2, LDB2, PSMD14, PSMD10, PSMA4, ABL1, PSMA3, PSME1, CCNH, MNAT1, PSMD7",
GO BP,B Cell Differentiation,16,,0,down in PD,-0.2693247703773568,-0.7599834913122111,0.7743785850860421,0.9931312007901678,1.0,-0.8114869931914801,0.7186147186147186,1.0,0.9923849464738991,7,"PIK3R3, FNIP1, HDAC9, SYVN1, TOP2B, RABL3, ZBTB7A",
Reactome,NIK To Noncanonical NF-kB Signaling,39,,0,down in PD,-0.25439264625711255,-0.7228432285730976,0.774390243902439,0.9931312007901678,1.0,-0.9212534258444305,0.6,0.9862762131928463,0.9821359223300969,10,"CUL1, SEM1, PSMD2, CHUK, PSMD14, PSMD10, FBXW11, PSMA4, PSMA3, PSME1",
Reactome,Transferrin Endocytosis And Recycling,16,,0,up in PD,0.2823309943670041,0.7428919455962362,0.7746478873239436,0.9931312007901678,1.0,0.8143950527586205,0.7467411545623837,1.0,0.9937842674721858,10,"ATP6V0E1, ATP6V1E1, ATP6V1D, TF, ATP6AP1, ATP6V1G1, ATP6V1B2, ATP6V0B, ATP6V1C1, ATP6V0E2",
Reactome,Oxygen-dependent Proline Hydroxylation Of Hypoxia-inducible Factor Alpha,41,,0,down in PD,-0.2377231413479497,-0.6930733442793908,0.7751479289940828,0.9931312007901678,1.0,-0.8758487900202591,0.6842105263157895,1.0,0.9893762955737105,16,"EPAS1, SEM1, PSMD2, RBX1, HIF1A, PSMD14, PSMD10, PSMA4, PSMA3, PSME1, PSMD7, PSMD13",
Reactome,Cyclin E Associated Events During G1/S Transition,45,,0,down in PD,-0.24530242011819403,-0.7247530454958786,0.7752577319587629,0.9931312007901678,1.0,-0.9327272775505965,0.5728744939271255,0.9800085921716969,0.9730779096611711,14,"CUL1, SEM1, PSMD2, PSMD14, PSMD10, AKT3, PSMA4, LIN52, PSMA3, PSME1, CCNH, MNAT1",
GO BP,Establishment Of Protein Localization To Extracellular Region,20,,0,up in PD,0.2591042652039901,0.7545891030780586,0.776,0.9931312007901678,1.0,0.7788715864900024,0.779783393501805,1.0,0.9980390005759578,4,"PDIA4, COPG2, RAB3A, MIA3",
Reactome,Metabolism Of RNA,334,FUS,1,up in PD,0.20036391104584203,0.7623911120341244,0.7760617760617761,0.9931312007901678,1.0,1.0253515344617155,0.37398373983739835,0.8810849627612312,0.9052527446531683,92,"FUS, DDX46, CASC3, PHAX, SF3B1, CPSF2, CCAR1, PABPC1, CDC5L, NOP58, GTPBP3, EXOSC1",FUS
Hallmark,IL-2/STAT5 Signaling,55,,0,down in PD,-0.2241057142741123,-0.8056676339393367,0.7764227642276422,0.9931312007901678,1.0,-0.899863986649258,0.6582809224318659,1.0,0.9876724442589475,13,"BHLHE40, ODC1, RABGAP1L, ENPP1, TNFRSF21, ALCAM, RORA, IFITM3, ITGAE, RGS16, IFNGR1, CKAP4",
GO BP,Positive Regulation Of Cysteine-Type Endopeptidase Activity,17,LGMN,1,up in PD,0.2677387897400426,0.7635749076807135,0.7766393442622951,0.9931312007901678,1.0,0.803883612298065,0.7465618860510805,1.0,0.9937842674721858,5,"GRIN2A, PPM1F, PDCD5, CYFIP2, DAPK1",
KEGG,Spinocerebellar ataxia,84,CACNA1A,1,down in PD,-0.22236493785228917,-0.7850670635440519,0.7768595041322314,0.9931312007901678,1.0,-0.9577212741185624,0.5275938189845475,0.9795731247663806,0.955332871107694,33,"ITPR1, PIK3R3, GRIA3, ATXN3, ATP2A3, SEM1, PSMD2, RORA, MAPK8, PSMD14, ATG2B, AKT3",
GO BP,Response To Glucose,18,,0,up in PD,0.25229497350683217,0.7689709746543948,0.7780040733197556,0.9931312007901678,1.0,0.7543045729793769,0.8060836501901141,1.0,0.9980390005759578,5,"IGF1R, EIF2B1, SOX4, EIF2B5, EIF2B2",
Reactome,Asymmetric Localization Of PCP Proteins,38,,0,up in PD,0.25050408954606695,0.7009277219901854,0.7782101167315175,0.9931312007901678,1.0,0.9039181732713023,0.6094674556213018,0.9759607414012099,0.9821359223300969,9,"WNT5A, PSMD5, UBA52, PRICKLE1, PSMB1, PSMA7, UBC, PSMB4, PSME4",
GO BP,Lipid Transport,31,,0,down in PD,-0.24141273412608943,-0.8150037328205559,0.7784431137724551,0.9931312007901678,1.0,-0.8361719911924114,0.7049180327868853,0.9943668088225903,0.991764705882353,8,"ABCA5, OSBP, FABP7, ABCD3, PITPNC1, LYPLA1, PITPNM1, FABP3",
Reactome,Disorders Of Transmembrane Transporters,70,,0,down in PD,-0.21760777180064306,-0.7530666822562709,0.778672032193159,0.9931312007901678,1.0,-0.900580582375054,0.6431623931623932,1.0,0.9853515593026111,19,"DERL1, SLC16A1, SEM1, SLC33A1, PSMD2, PSMD14, PSMD10, SLC6A3, SLC17A5, NUP214, ERLEC1, PSMA4",
Reactome,Signaling By NOTCH1,44,,0,up in PD,0.22999230288997607,0.7950549285190891,0.7791666666666667,0.9931312007901678,1.0,0.8587750709542213,0.7028571428571428,0.9915221099138403,0.9901368446833818,14,"NCOR1, KAT2B, RBPJ, UBA52, UBC, DTX4, SNW1, APH1B, TLE1, HDAC6, FBXW7, TLE3",
KEGG,Regulation of actin cytoskeleton,93,,0,up in PD,0.20960569500836915,0.7814436619334055,0.7797979797979798,0.9931312007901678,1.0,0.8924882983964362,0.7134935304990758,0.9874659502240517,0.9923849464738991,24,"FGFR1, PPP1R12A, PIP4K2C, PDGFA, PIK3CD, BRK1, CFL1, ARPC5, EZR, ARPC2, DIAPH1, MYL12A",
GO BP,Positive Regulation Of Protein Binding,27,,0,down in PD,-0.25549883365737636,-0.8008611254251681,0.780040733197556,0.9931312007901678,1.0,-0.867798562168386,0.6804347826086956,1.0,0.9893762955737105,13,"DERL1, AMFR, AKTIP, PPP2CA, STK4, GSK3B, CAPRIN2, USP9X, PPP2CB, NMD3, LRP1, SPPL3",
Reactome,Regulation Of mRNA Stability By Proteins That Bind AU-rich Elements,58,,0,up in PD,0.23148804873035247,0.7561560052057842,0.7810077519379846,0.9931312007901678,1.0,0.9094507841916822,0.6406570841889117,0.9722064286078395,0.9845097535934292,12,"PABPC1, EXOSC1, ENPP2, PSMD5, UBA52, YWHAB, GPRC5A, PSMB1, PSMA7, UBC, PSMB4, PSME4",
Reactome,Cytokine Signaling In Immune System,224,,0,down in PD,-0.2007991381820461,-0.8033820603894047,0.7811860940695297,0.9931312007901678,1.0,-1.0176982109645565,0.41277641277641275,0.9607949419403773,0.9153677609145477,52,"RNF7, SGIP1, PTPN13, PIK3R3, CUL1, MAP2K1, PPIA, TANK, SEM1, PTPN9, PTPRZ1, GAB2",
GO BP,Response To Lipid,23,,0,down in PD,-0.25495128408886103,-0.7608381551071297,0.7814207650273224,0.9931312007901678,1.0,-0.8439457472523219,0.7196652719665272,0.9973386381853675,0.9923849464738991,4,"ABCG1, FBXO3, GPX3, IRAK1",
KEGG,Fatty acid degradation,20,,0,down in PD,-0.2704996794025969,-0.7703610393857319,0.7816326530612245,0.9931312007901678,1.0,-0.8336199420202862,0.7133479212253829,0.9928696922335961,0.9923849464738991,8,"ACAT1, ACADSB, ACADM, ACSL6, ACSL4, ECI2, ADH5, HADHB",
Reactome,Extra-nuclear Estrogen Signaling,30,,0,up in PD,0.24403643923597104,0.7887812794332763,0.7817460317460317,0.9931312007901678,1.0,0.8347521893683627,0.7195357833655706,1.0,0.9923849464738991,10,"IGF1R, HSP90AA1, MAPK1, GNAI2, GNAI3, GNB5, GNG4, PDPK1, XPO1, ZDHHC7",
Reactome,RNA Polymerase II Transcription,437,"ICE1, L3MBTL1",2,up in PD,0.1962286772757855,0.8359855058634076,0.7830374753451677,0.9931312007901678,1.0,1.0232948832472897,0.38449111470113084,0.8825738955602839,0.9062081834303362,73,"ICE1, RYBP, PRKCB, CASC3, ZNF331, YY1, CDK13, PHAX, EPC1, CPSF2, NCOR1, RBFOX1","ICE1, L3MBTL1"
Reactome,RND2 GTPase Cycle,22,,0,down in PD,-0.2479612258502415,-0.7528404883383143,0.783203125,0.9931312007901678,1.0,-0.7869554356828284,0.7906976744186046,1.0,0.9980390005759578,4,"PTPN13, DST, TFRC, ARHGAP35",
Reactome,Degradation Of Beta-Catenin By Destruction Complex,53,,0,down in PD,-0.22917297154445582,-0.7253531359049253,0.7836134453781513,0.9931312007901678,1.0,-0.911535045062642,0.6078431372549019,0.9945839084046423,0.9821359223300969,18,"CUL1, PPP2R5A, SEM1, PPP2R5B, PSMD2, RBX1, PPP2R1A, PPP2CA, PSMD14, PSMD10, PSMA4, PSMA3",
Reactome,Signaling By CSF3 (G-CSF),16,,0,up in PD,0.2729179333926013,0.7364308697947884,0.783625730994152,0.9931312007901678,1.0,0.7901810252968522,0.7524177949709865,1.0,0.9937842674721858,7,"UBE2D3, JAK1, UBA52, UBC, CUL5, STAT5B, STAT1",
GO BP,Protein Deacetylation,22,,0,up in PD,0.24582541721207754,0.7203825541480664,0.7837301587301587,0.9931312007901678,1.0,0.7885841874707609,0.7663551401869159,1.0,0.9980390005759578,8,"GATAD2A, MSL3, MIER1, MBD3, HDAC6, MORF4L1, RBBP4, HDAC3",
Reactome,UCH Proteinases,48,,0,up in PD,0.23501030672481937,0.6985659477375906,0.7843137254901961,0.9931312007901678,1.0,0.8916611663248544,0.6769825918762089,0.9868542133425691,0.9893762955737105,19,"YY1, ASXL2, ASXL1, PSMD5, UBA52, PSMB1, PSMA7, UBC, PSMB4, PSME4, MBD5, FOXK1",
GO BP,Regulation Of Protein Localization To Cell Surface,18,,0,up in PD,0.2558634150334548,0.758667906261987,0.7845188284518828,0.9931312007901678,1.0,0.7661981635761039,0.774,1.0,0.9980390005759578,5,"STX4, KCNAB2, GOPC, BDNF, GBF1",
GO BP,Positive Regulation Of Cell Differentiation,83,SOX6,1,up in PD,0.21177674241069422,0.8169589103733595,0.7846790890269151,0.9931312007901678,1.0,0.889705145055153,0.6804308797127468,0.983567124628458,0.9893762955737105,15,"FGFR1, TRIM32, IGF1, PA2G4, ASXL2, IL6ST, TCF4, SUCO, ARID2, NRCAM, PCP4, SFRP1",
GO BP,Regulation Of Secretion By Cell,26,,0,up in PD,0.24863871452721464,0.7680473134296838,0.785140562248996,0.9931312007901678,1.0,0.8150028626610456,0.7574074074074074,1.0,0.9937842674721858,11,"STX4, CASK, SYN1, RAB3A, RIMS2, RAB26, LGI3, APEX1, VAMP3, DYSF, RAB21",
GO BP,Protein N-linked Glycosylation,27,,0,up in PD,0.2386276713964447,0.756440308144688,0.7858585858585858,0.9931312007901678,1.0,0.7888953834578957,0.7936802973977695,1.0,0.9980390005759578,7,"FUT8, TMEM258, RPN2, DPAGT1, UGGT1, MLEC, TUSC3",
GO BP,Metaphase Plate Congression,17,,0,up in PD,0.2750274583816954,0.7579664549467153,0.7862595419847328,0.9931312007901678,1.0,0.8120161117319161,0.7360594795539034,1.0,0.9937842674721858,5,"EML4, NUP62, CHMP7, CHMP2A, CHMP3",
Reactome,Degradation Of GLI2 By Proteasome,40,,0,down in PD,-0.24630524758923567,-0.694593276044659,0.7863070539419087,0.9931312007901678,1.0,-0.910161140534484,0.6067193675889329,0.9949832113400462,0.9821359223300969,13,"CUL1, SEM1, PSMD2, RBX1, PSMD14, PSMD10, PSMA4, PSMA3, PSME1, PSMD7, GSK3B, PSMD13",
GO BP,Regulation Of Intrinsic Apoptotic Signaling Pathway,17,,0,down in PD,-0.27595435107636945,-0.7851649859846429,0.7864271457085829,0.9931312007901678,1.0,-0.8333508690091441,0.7251585623678647,0.9919774837749115,0.9937842674721858,6,"PINK1, DNM1L, HERPUD1, BCLAF1, SGMS1, CYLD",
KEGG,Cellular senescence,61,,0,down in PD,-0.21795576082526125,-0.8040133437062269,0.786692759295499,0.9931312007901678,1.0,-0.8860984082041539,0.6846846846846847,1.0,0.9893762955737105,20,"TGFBR2, ITPR1, PIK3R3, MAP2K1, NRAS, FBXW11, AKT3, MAPK14, LIN52, PPP3R1, HRAS, PPP1CB",
Reactome,DNA Double Strand Break Response,17,,0,up in PD,0.2654539674493907,0.7500480276502214,0.7869822485207101,0.9931312007901678,1.0,0.798421104613711,0.7523105360443623,1.0,0.9937842674721858,7,"EYA3, BAZ1B, UBA52, UBC, UBXN1, UBE2N, HERC2",
KEGG,Cell cycle,46,,0,up in PD,0.23348455594978168,0.7879098019512335,0.787109375,0.9931312007901678,1.0,0.8749482677935834,0.6851520572450805,0.9793282292333869,0.9893762955737105,14,"BUB3, CDC25B, TFDP2, YWHAB, E2F3, ANAPC5, YWHAQ, SMC3, ANAPC13, ZBTB17, ANAPC7, GADD45A",
Reactome,Ub-specific Processing Proteases,91,"TRRAP, USP12",2,down in PD,-0.20986790781834952,-0.7554562676732851,0.7879417879417879,0.9931312007901678,1.0,-0.923593954048381,0.6541850220264317,0.9919070001092964,0.9859043661113942,14,"USP12, KEAP1, USP24, TANK, SEM1, USP20, HGS, USP8, PSMD2, HIF1A, SUDS3, PSMD14",USP12
KEGG,NOD-like receptor signaling pathway,52,,0,up in PD,0.2189874770718374,0.7845525171565896,0.7881679389312977,0.9931312007901678,1.0,0.8283214225414708,0.7741347905282332,1.0,0.9980390005759578,17,"TRAF3, JUN, PLCB4, JAK1, ATG12, HSP90AA1, RELA, CTSB, STAT2, MAPK1, MAP3K7, NFKBIA",
Reactome,Diseases Of Glycosylation,38,,0,up in PD,0.23184641751655535,0.7661641109235161,0.7886178861788617,0.9931312007901678,1.0,0.8370558490592671,0.7495291902071564,1.0,0.9937842674721858,13,"THBS2, HEXA, DPM3, DPAGT1, HEXB, THSD7A, B4GAT1, GFPT1, CTSA, ALG2, GPC1, CSPG5",
GO BP,Regulation Of Microtubule-Based Process,24,,0,down in PD,-0.24194751483451127,-0.7656045252387819,0.7889546351084813,0.9931312007901678,1.0,-0.8104569639596133,0.748,1.0,0.9937842674721858,7,"TRIM36, PRKAA1, TRAF3IP1, CYLD, MPDZ, GSK3B, CCNL2",
GO BP,Sphingolipid Metabolic Process,40,ELOVL7,1,up in PD,0.22658598888565332,0.7813619333446117,0.7890466531440162,0.9931312007901678,1.0,0.8299662746113408,0.7523809523809524,1.0,0.9937842674721858,7,"SPTLC2, UGT8, SMPD1, HACD3, ENPP2, CLN8, B4GALNT1",
GO BP,Regulation Of Protein Kinase Activity,53,,0,down in PD,-0.23084827729370894,-0.810698610324792,0.7895791583166333,0.9931312007901678,1.0,-0.914920672182216,0.6017316017316018,0.9914251297911042,0.9821359223300969,14,"CCNY, PPIA, ANKRD54, EPHB2, MMD, ORC3, TSPYL2, MAP3K5, TAB2, IQGAP1, RAP2C, TAF7",
GO BP,Transmembrane Receptor Protein Serine/Threonine Kinase Signaling Pathway,38,,0,down in PD,-0.23007455391323672,-0.7630022569003865,0.7895791583166333,0.9931312007901678,1.0,-0.857463418423244,0.7115789473684211,0.9931948875971275,0.9923849464738991,11,"ACVR1, TGFBR2, EID2, SMAD5, ZMIZ2, PTK2, ACVR1B, SMURF1, GDF11, USP9X, ZYX",
Reactome,Negative Regulation Of FGFR2 Signaling,17,,0,up in PD,0.25859110010829384,0.7495216179520208,0.7900990099009901,0.9931312007901678,1.0,0.7556085577503515,0.8,1.0,0.9980390005759578,8,"UBA52, UBC, MAPK1, MKNK1, FGF9, FGF1, GRB2, UBB",
Reactome,SLC-mediated Transmembrane Transport,73,,0,down in PD,-0.2051640227155055,-0.790307849917818,0.791015625,0.9931312007901678,1.0,-0.860023187729228,0.7432432432432432,0.9975734443735113,0.9937842674721858,11,"SLC16A1, EMB, SLC25A26, SLC33A1, SLC6A1, SLC2A13, SLC7A1, SLC12A2, AHCYL2, SLC6A3, SLC17A5",
Reactome,HIV Life Cycle,86,,0,down in PD,-0.21110027615045535,-0.7518817994968039,0.7911646586345381,0.9931312007901678,1.0,-0.9233133595621075,0.6232876712328768,0.9909312700943829,0.982954981665194,26,"SGIP1, POLR2H, PPIA, GTF2A1, VPS28, CHMP2B, SUPT5H, TCEA1, SSRP1, NUP214, NELFB, RNMT",
GO BP,Golgi Vesicle Transport,114,,0,down in PD,-0.2167256670147072,-0.7931444462052255,0.7920997920997921,0.9931312007901678,1.0,-1.0028583742582546,0.4735632183908046,0.9496982287938239,0.9352398098139686,28,"SCFD1, COPA, COPZ1, HYOU1, SGSM2, EXOC5, ARCN1, ATP9A, ARL3, MYO5A, COG6, IER3IP1",
KEGG,Adherens junction,35,,0,down in PD,-0.23003712645877727,-0.7460212792384381,0.7924528301886793,0.9931312007901678,1.0,-0.8309864027191429,0.7316017316017316,0.9941823026077162,0.9937842674721858,4,"TGFBR2, PTPRF, CSNK2A1, WASF3",
Reactome,"Nucleotide-binding Domain, Leucine Rich Repeat Containing NLR Signaling Pathways",19,,0,down in PD,-0.26131150707823236,-0.7542137915632867,0.7926078028747433,0.9931312007901678,1.0,-0.8171404011533014,0.7130801687763713,1.0,0.9923849464738991,6,"CHUK, IRAK1, TAB1, MAPK14, TAB2, CYLD",
KEGG,Cytosolic DNA-sensing pathway,17,,0,up in PD,0.2689629359185749,0.7274894338569391,0.7926356589147286,0.9931312007901678,1.0,0.774728056132677,0.7969924812030075,1.0,0.9980390005759578,6,"RELA, POLR2L, POLR2F, POLR3K, NFKBIA, POLR3F",
KEGG,Phosphatidylinositol signaling system,48,,0,down in PD,-0.22544898022705395,-0.7628316687256096,0.7942973523421588,0.9931312007901678,1.0,-0.8701860181161951,0.7192224622030238,1.0,0.9923849464738991,14,"ITPR1, PIK3R3, PIK3C2A, MTMR1, PIK3C2B, MTMR4, PPIP5K2, PIKFYVE, PIK3C3, PI4KB, INPP4B, PIP5K1B",
KEGG,Insulin resistance,44,,0,down in PD,-0.22608630581968958,-0.7803080289874906,0.7945205479452054,0.9931312007901678,1.0,-0.8496843363504195,0.7071583514099783,0.992508273375586,0.9923849464738991,14,"PTPRF, PIK3R3, PYGL, MAPK8, PTPN11, RPS6KA1, AKT3, PRKAA1, PRKCZ, PPP1CB, MAPK10, PRKAG2",
KEGG,Dilated cardiomyopathy,35,,0,down in PD,-0.2258271413240318,-0.7530240912321793,0.7956777996070727,0.9931312007901678,1.0,-0.8013896593533144,0.7995824634655533,1.0,0.9980390005759578,4,"TPM1, ADCY3, CACNA2D2, ATP2A3",
GO BP,Stem Cell Differentiation,15,,0,up in PD,0.2774484225703111,0.7468240629400569,0.7970085470085471,0.9931312007901678,1.0,0.7915934508382148,0.7518656716417911,1.0,0.9937842674721858,5,"SFRP1, GPM6A, MTF2, MLLT3, PSMD11",
Reactome,Citric Acid (TCA) Cycle And Respiratory Electron Transport,93,,0,up in PD,0.21801403204211922,0.642024957270061,0.7972972972972973,0.9931312007901678,1.0,0.9383018344210349,0.5899280575539568,0.9549630172652034,0.9821359223300969,33,"TIMMDC1, ECSIT, COX14, NDUFC2, RXRA, NDUFB4, COX19, NDUFB11, MPC1, SLC25A27, COQ10B, ATP5MC1",
Reactome,Metabolism Of Amino Acids And Derivatives,142,,0,up in PD,0.20046806022198532,0.6867161313546547,0.7972972972972973,0.9931312007901678,1.0,0.9124166448471662,0.6590509666080844,0.9664701762854442,0.9876822168871314,53,"ASS1, CHGA, RIMKLB, RPS5, NPRL2, DBT, GRHPR, RPL18, ACAD8, PSMD5, DIDO1, UBA52",
Reactome,EML4 And NUDC In Mitotic Spindle Formation,35,,0,down in PD,-0.23390176196164048,-0.7471992091273951,0.7976653696498055,0.9931312007901678,1.0,-0.8401150797135433,0.7152777777777778,0.9985596942382459,0.9923849464738991,6,"PPP2R5A, DYNC1I1, PAFAH1B1, PPP2R5B, PPP2R1A, PPP2CA",
Reactome,FBXL7 Down-Regulates AURKA During Mitotic Entry And In Early Mitosis,36,,0,down in PD,-0.24219872003552567,-0.665000313147821,0.7983706720977597,0.9931312007901678,1.0,-0.8607835118134803,0.7006109979633401,0.9971623253748951,0.989737679221797,12,"CUL1, SEM1, PSMD2, RBX1, PSMD14, PSMD10, PSMA4, PSMA3, PSME1, PSMD7, PSMD13, PSMD4",
Reactome,Hedgehog On State,48,,0,down in PD,-0.22973151076725407,-0.7110159176863641,0.7987551867219918,0.9931312007901678,1.0,-0.8787792794985286,0.695049504950495,1.0,0.9893762955737105,17,"SEM1, PSMD2, RBX1, PSMD14, ARRB1, PSMD10, CDC73, PSMA4, PSMA3, PSME1, PSMD7, PSMD13",
GO BP,Cellular Response To Transforming Growth Factor Beta Stimulus,31,SOX6,1,up in PD,0.23838879658697842,0.7791968072941543,0.7987927565392354,0.9931312007901678,1.0,0.8132855262985446,0.7433460076045627,1.0,0.9937842674721858,10,"WNT5A, JUN, SFRP1, PDE2A, PDCD5, MAP3K7, TWSG1, ZFP36L1, SMAD9, APLP2",
GO BP,Positive Regulation Of Peptidyl-Serine Phosphorylation,29,,0,up in PD,0.24851786249996446,0.763227021919596,0.798828125,0.9931312007901678,1.0,0.840773506824937,0.7229129662522202,1.0,0.9937842674721858,11,"HAX1, HSP90AA1, NTRK3, DOCK7, CREBL2, PDCD10, FNIP2, BDNF, TENM1, HDAC6, APP",
GO BP,Transcription Initiation At RNA Polymerase II Promoter,33,,0,down in PD,-0.23919130462635219,-0.7671726297276236,0.7991886409736308,0.9931312007901678,1.0,-0.8593235744107108,0.6914414414414415,0.9977266544803908,0.9893762955737105,17,"MED4, GTF2A1, MED9, TBP, TAF7, PAAF1, MED10, POLR2G, MED8, MED28, GTF2A2, TAF13",
GO BP,Regulated Exocytosis,27,,0,up in PD,0.24886796571400893,0.7209582134045435,0.7995951417004049,0.9931312007901678,1.0,0.8167342352988338,0.7462121212121212,1.0,0.9937842674721858,7,"SNAPIN, SYT13, SNAP25, RAB3A, PIP5K1C, RIMS2, RAB26",
GO BP,Regulation Of Vesicle-Mediated Transport,46,,0,down in PD,-0.22441412053115062,-0.7390316038988511,0.7996031746031746,0.9931312007901678,1.0,-0.8807418574969724,0.6720554272517321,1.0,0.9893762955737105,13,"SCFD1, MAP2K1, ATP9A, MBTPS1, PICALM, BET1L, OCRL, SYT1, STXBP5, STXBP5L, RAB11A, RAB3C",
Reactome,Mitotic Anaphase,112,,0,down in PD,-0.2136816965906243,-0.7444893738354047,0.8004115226337448,0.9931312007901678,1.0,-0.979546172712896,0.5044642857142857,0.9668593568848443,0.9472864701436131,32,"WAPL, UBE2I, PPP2R5A, ANAPC4, DYNC1I1, SEM1, PAFAH1B1, PPP2R5B, PSMD2, CHMP2B, PPP2R1A, PPP2CA",
GO BP,DNA-templated Transcription Initiation,31,,0,down in PD,-0.23892408233596352,-0.7526961214985652,0.8008298755186722,0.9931312007901678,1.0,-0.856630624386413,0.6709401709401709,0.9921913802212423,0.9893762955737105,17,"RRN3, CCNH, TBP, TAF7, NAT14, PAAF1, POLR2G, GTF2A2, TAF13, TAF2, POLR3H, MED23",
Reactome,N-glycan Trimming In ER And Calnexin/Calreticulin Cycle,25,,0,up in PD,0.24175188870798037,0.7556280126156013,0.8011363636363636,0.9931312007901678,1.0,0.7885474269387623,0.787819253438114,1.0,0.9980390005759578,7,"CALR, NGLY1, UBA52, UBC, UBXN1, UGGT1, MLEC",
GO BP,Synaptic Vesicle Cycle,20,,0,up in PD,0.25410916669289585,0.6970739007529814,0.8012295081967213,0.9931312007901678,1.0,0.7883775032161516,0.7862745098039216,1.0,0.9980390005759578,6,"CDH2, SNAPIN, SNAP25, RAB3A, PIP5K1C, GIT1",
GO BP,Protein-Containing Complex Assembly,126,,0,up in PD,0.20798051604537465,0.7958868839118204,0.8015414258188824,0.9931312007901678,1.0,0.9263639174472705,0.6267605633802817,0.9647166906055575,0.982954981665194,25,"NSG1, CLU, BOK, MITF, WDR19, PTGES3, VAMP1, HSPA4, HSP90AA1, TCF4, CALY, DNAJB12",
GO BP,Negative Regulation Of Response To External Stimulus,35,,0,up in PD,0.23519035595056942,0.792991766175593,0.8015873015873016,0.9931312007901678,1.0,0.8339492014018755,0.7456647398843931,1.0,0.9937842674721858,8,"SIRPA, ATG12, MFHAS1, CASK, MUL1, DTX4, PTPRS, ARNT",
GO BP,DNA Damage Response,139,TRRAP,1,down in PD,-0.20188237428012912,-0.7858416339474132,0.802020202020202,0.9931312007901678,1.0,-0.9630185054584365,0.568019093078759,0.9761796259574868,0.9698728785468046,36,"CIB1, TOPBP1, XPA, VCPIP1, SETX, OARD1, TANK, FLYWCH1, ZDHHC16, NEK4, PAK1, RBX1",
KEGG,Rap1 signaling pathway,81,,0,up in PD,0.21333348759673731,0.7829833987293121,0.8028169014084507,0.9931312007901678,1.0,0.8891882271935548,0.6795096322241682,0.9820863172976465,0.9893762955737105,25,"PRKCB, FGFR1, IGF1R, IGF1, GRIN2A, PDGFA, PIK3CD, PLCB4, INSR, GNAO1, MAP2K3, ENAH",
Reactome,Dectin-1 Mediated Noncanonical NF-kB Signaling,40,,0,down in PD,-0.2365971724434336,-0.6821400534331219,0.8032454361054767,0.9931312007901678,1.0,-0.86286643385693,0.714867617107943,0.9998282826670858,0.9923849464738991,10,"CUL1, SEM1, PSMD2, CHUK, PSMD14, PSMD10, FBXW11, PSMA4, PSMA3, PSME1",
KEGG,Regulation of lipolysis in adipocytes,19,,0,down in PD,-0.249902473397283,-0.7307334859089931,0.8034682080924855,0.9931312007901678,1.0,-0.761552410395473,0.814317673378076,1.0,0.9980390005759578,2,"PIK3R3, ADCY3",
Reactome,DNA Damage Bypass,23,,0,down in PD,-0.24619650708753993,-0.7383405650248063,0.8035714285714286,0.9931312007901678,1.0,-0.8014279585789073,0.7775467775467776,1.0,0.9980390005759578,8,"POLR1A, USP1, RBX1, RCHY1, DDB1, UBE2B, CUL4B, VCP",
Reactome,TCF Dependent Signaling In Response To WNT,82,"SOX6, TRRAP",2,down in PD,-0.2140630802092569,-0.7768974600897713,0.8038379530916845,0.9931312007901678,1.0,-0.918241557662714,0.6371134020618556,0.9937691520810902,0.982954981665194,24,"SOX6, WNT3, PPP2R5A, SEM1, BCL9, PPP2R5B, USP8, PSMD2, RBX1, PPP2R1A, PPP2CA, PSMD14",SOX6
Reactome,Protein Localization,79,GSTK1,1,up in PD,0.22372147556506575,0.7287908077080844,0.803960396039604,0.9931312007901678,1.0,0.9369235579592273,0.6044362292051756,0.9546139499260436,0.9821359223300969,21,"GSTK1, UBE2D3, CMC2, TOMM7, HSD17B4, COA6, COX19, UBA52, ZNF260, UBC, TIMM9, GRPEL1",GSTK1
GO BP,Mitochondrial Transport,31,,0,down in PD,-0.24279753896593514,-0.735834019256286,0.804,0.9931312007901678,1.0,-0.846299418440962,0.684931506849315,0.9947986725048789,0.9893762955737105,8,"PINK1, SLC25A16, BCS1L, TIMM44, TOMM20, TIMM17B, SPG7, TIMM10",
GO BP,Generation Of Neurons,60,CFLAR,1,down in PD,-0.2261249424955991,-0.784613153246935,0.804040404040404,0.9931312007901678,1.0,-0.9078384969260583,0.634703196347032,0.9984030093654305,0.982954981665194,21,"ASTN2, WNT3, MAP2K1, KIAA0319, PAFAH1B1, EN1, NAV1, ASTN1, POU3F2, TUBB2B, ELP3, DNER",
GO BP,Regulation Of Neurogenesis,25,,0,up in PD,0.24216193638040442,0.7405048369142332,0.8043912175648703,0.9931312007901678,1.0,0.790944581870684,0.7758620689655172,1.0,0.9980390005759578,9,"TRIM32, SORL1, SPEN, DOCK7, SNW1, DYNLT1, NAP1L1, APLP2, NUMB",
GO BP,Protein Phosphorylation,203,,0,down in PD,-0.19334623991376165,-0.7847772033711333,0.8052208835341366,0.9931312007901678,1.0,-0.9674447075243924,0.5518867924528302,0.9753663223015681,0.9638892918742041,54,"ACVR1, TGFBR2, PINK1, CSNK2A1, MAP2K1, CDK14, BIRC6, CDK20, EPHB2, RIOK2, CAMK1D, CAMK2D",
Reactome,Signaling By TGF-beta Receptor Complex,44,,0,up in PD,0.2275598447098019,0.7723797672358842,0.806,0.9931312007901678,1.0,0.8659392860548202,0.7204502814258912,0.9886035954756799,0.9923849464738991,17,"NCOR1, UBE2D3, TFDP2, UBA52, PMEPA1, UBC, MAPK1, SNW1, STAT1, XPO1, CDK9, USP15",
KEGG,Inflammatory mediator regulation of TRP channels,36,,0,up in PD,0.2250861318423848,0.7429068859796455,0.8071570576540755,0.9931312007901678,1.0,0.7942103778562225,0.8003731343283582,1.0,0.9980390005759578,4,"PRKCB, IGF1, PIK3CD, PLCB4",
GO BP,Anterograde Trans-Synaptic Signaling,79,CACNA1A,1,down in PD,-0.2054231623041486,-0.7790234068720617,0.8071570576540755,0.9931312007901678,1.0,-0.8748128189010582,0.7200902934537246,1.0,0.9923849464738991,29,"UNC13C, DLG4, ATXN3, CBLN1, SLC6A1, PAFAH1B1, KIF5A, GPR176, GIPC1, RPS6KA1, CACNA1E, NLGN3",
GO BP,Fatty Acid Metabolic Process,32,,0,down in PD,-0.2382217872121466,-0.7612214364409214,0.8072289156626506,0.9931312007901678,1.0,-0.8381426640235439,0.7483870967741936,0.9942399388517821,0.9937842674721858,8,"FASN, PEX2, ACBD5, ABCD3, ACADSB, ACADM, ACSL6, ACSL4",
Reactome,Synthesis Of DNA,57,,0,down in PD,-0.21889564301232867,-0.67019683186875,0.8073770491803278,0.9931312007901678,1.0,-0.8721340040729473,0.7319587628865979,1.0,0.9937842674721858,21,"CUL1, ANAPC4, SEM1, POLR1A, PSMD2, RBX1, ORC3, PSMD14, PSMD10, PSMA4, UBE2E1, PSMA3",
Reactome,Opioid Signaling,45,PRKAR2A,1,down in PD,-0.22549909884429054,-0.7472451876871226,0.8074534161490683,0.9931312007901678,1.0,-0.8679119052659089,0.6904761904761905,1.0,0.9893762955737105,12,"ITPR1, PDE4D, CAMK2D, GNA11, PPP2R1A, PPP2CA, PRKAR2B, PPP3R1, PRKAR1A, PDE1A, CREB1, PDE4B",
GO BP,Long-Chain Fatty Acid Metabolic Process,17,,0,down in PD,-0.2547990174297772,-0.7197346334129738,0.807843137254902,0.9931312007901678,1.0,-0.7793959692314448,0.7711111111111111,1.0,0.9980390005759578,6,"ABCD3, ELOVL5, ACSL6, ELOVL6, ACSL4, ABHD12",
GO BP,Positive Regulation Of Nervous System Development,22,,0,up in PD,0.2465847727230617,0.7548188727955452,0.8080808080808081,0.9931312007901678,1.0,0.7786977065410727,0.7850287907869482,1.0,0.9980390005759578,3,"PTPRD, TRIM32, SPEN",
GO BP,Monoatomic Cation Transmembrane Transport,87,CACNA1A,1,up in PD,0.19971158875467115,0.7559523240867236,0.808300395256917,0.9931312007901678,1.0,0.8457229064095718,0.7593582887700535,1.0,0.9937842674721858,16,"CLU, CACNA1A, GRIN2A, KCNH2, SLC29A4, SLC24A2, SLC41A1, CCDC51, CACNB1, ATP1B3, SLC30A5, ATP6V0E1",CACNA1A
Reactome,"Respiratory Electron Transport, ATP Synthesis By Chemiosmotic Coupling, Heat Production By Uncoupling Proteins",71,,0,up in PD,0.22610555969579996,0.6187759115314624,0.8085106382978723,0.9931312007901678,1.0,0.9303389740523222,0.5719557195571956,0.9618631426911124,0.9725070682507362,17,"TIMMDC1, ECSIT, COX14, NDUFC2, NDUFB4, COX19, NDUFB11, SLC25A27, COQ10B, ATP5MC1, SURF1, NDUFC1",
Reactome,Orc1 Removal From Chromatin,41,,0,down in PD,-0.23961337539505045,-0.6668608651131274,0.808641975308642,0.9931312007901678,1.0,-0.8829593201930951,0.6981519507186859,1.0,0.9893762955737105,14,"CUL1, SEM1, PSMD2, RBX1, ORC3, PSMD14, PSMD10, PSMA4, PSMA3, PSME1, PSMD7, PSMD13",
KEGG,Mitophagy,43,,0,down in PD,-0.21579967230574426,-0.718974808104406,0.8087649402390438,0.9931312007901678,1.0,-0.8180760168654769,0.8061002178649237,1.0,0.9980390005759578,10,"PINK1, CSNK2A1, NRAS, USP8, MAPK8, HIF1A, TBK1, FUNDC1, MFN1, HRAS",
GO BP,Positive Regulation Of Macromolecule Biosynthetic Process,47,,0,down in PD,-0.21768016243194788,-0.7342031572439209,0.8088531187122736,0.9931312007901678,1.0,-0.8470472535683703,0.7379912663755459,0.9959696070476536,0.9937842674721858,9,"LARP4B, RPS27L, CIRBP, NAT10, EEF2, METTL14, GUF1, EIF3D, FXR2",
Reactome,Negative Regulation Of FGFR4 Signaling,16,,0,up in PD,0.2607330886585305,0.725383894272731,0.8096192384769539,0.9931312007901678,1.0,0.7405418826537051,0.8395303326810176,1.0,0.9980390005759578,8,"UBA52, UBC, MAPK1, MKNK1, FGF9, FGF1, GRB2, UBB",
Reactome,Regulation Of PTEN Stability And Activity,43,,0,up in PD,0.24294740838760073,0.6923064956872875,0.8104448742746615,0.9931312007901678,1.0,0.8939859857088769,0.63,0.9875477139984876,0.982954981665194,10,"CSNK2A2, TNKS2, PSMD5, UBA52, TNKS, PSMB1, PSMA7, UBC, PSMB4, PSME4",
Hallmark,Apical Junction,72,CALB2,1,up in PD,0.20623028597316226,0.7604120883521911,0.8106060606060606,0.9931312007901678,1.0,0.8469545517472018,0.753199268738574,1.0,0.9937842674721858,18,"CALB2, SIRPA, KCNH2, CDH4, LAMA3, CDH6, NEGR1, STX4, EXOC4, THY1, ARPC2, HADH",CALB2
KEGG,Pancreatic secretion,33,,0,down in PD,-0.22876275057100737,-0.7583981641723484,0.8111753371868978,0.9931312007901678,1.0,-0.8118379529772869,0.7554585152838428,1.0,0.9937842674721858,13,"ITPR1, ADCY3, ATP2A3, SLC12A2, ATP1B1, ATP1B2, ATP1A2, RAB11A, ATP2B2, RHOA, ATP2A2, ADCY1",
Reactome,SARS-CoV-2-host Interactions,79,,0,up in PD,0.213921068077287,0.7544583710054538,0.8115079365079365,0.9931312007901678,1.0,0.8764917631895432,0.6989247311827957,0.9794369676834017,0.9893762955737105,31,"TRAF3, RPS5, JAK1, HSP90AA1, NUP62, STAT2, YWHAB, YWHAQ, RPS16, RPS4X, GEMIN5, RPS4Y1",
Reactome,Gap-filling DNA Repair Synthesis And Ligation In TC-NER,32,,0,down in PD,-0.22960968476075394,-0.7248973192639228,0.811623246492986,0.9931312007901678,1.0,-0.8214518700115347,0.7653276955602537,1.0,0.9980390005759578,10,"POLR2H, POLR1A, RBX1, TCEA1, DDB1, PRPF19, CCNH, CUL4B, MNAT1, POLR2G",
GO BP,Nitrogen Compound Transport,49,,0,up in PD,0.2225513481086318,0.7777491444980104,0.812,0.9931312007901678,1.0,0.8498834334539277,0.6881918819188192,1.0,0.9893762955737105,13,"LRRC8D, SLC29A4, SLC38A2, SLC18A1, HSP90B1, RAMP1, LMAN2L, SLC26A11, CHMP2A, CHMP3, MIA3, FLVCR1",
GO BP,Protein Targeting To Vacuole,20,,0,up in PD,0.24893383541859632,0.769320143681666,0.8122529644268774,0.9931312007901678,1.0,0.763749498066996,0.7836812144212524,1.0,0.9980390005759578,8,"SORL1, LAPTM5, SQSTM1, VPS13A, VPS13C, VPS41, GCC2, RAB7A",
GO BP,Regulation Of Focal Adhesion Assembly,32,,0,up in PD,0.2289865294274789,0.7496404181500913,0.8126232741617357,0.9931312007901678,1.0,0.7867586928154916,0.7733333333333333,1.0,0.9980390005759578,7,"PPM1F, APOD, SFRP1, THY1, DUSP22, CLASP1, VCL",
GO BP,Cellular Response To Peptide Hormone Stimulus,32,,0,up in PD,0.22637091444302118,0.7344759399357565,0.8126272912423625,0.9931312007901678,1.0,0.7794114688994297,0.8236363636363636,1.0,0.9980390005759578,8,"LPIN1, TBC1D4, KAT2B, INSR, RELA, INSIG1, PDPK1, ZFP36L1",
Reactome,Translocation Of SLC2A4 (GLUT4) To Plasma Membrane,35,,0,up in PD,0.2368370267846449,0.736397805218058,0.8129770992366412,0.9931312007901678,1.0,0.8305274610794741,0.7459165154264973,1.0,0.9937842674721858,7,"RALGAPA2, STXBP3, EXOC3, TBC1D4, STX4, EXOC4, YWHAB",
GO BP,Protein Localization To Golgi Apparatus,21,,0,up in PD,0.2411659824765169,0.7363863867518203,0.8134920634920635,0.9931312007901678,1.0,0.7416339506985676,0.8278529980657641,1.0,0.9980390005759578,8,"SORL1, VPS13A, VPS13C, GBF1, GCC2, OBSL1, OPTN, SYS1",
GO BP,Cholesterol Biosynthetic Process,15,,0,up in PD,0.27251649723559834,0.6951789386553318,0.8136272545090181,0.9931312007901678,1.0,0.784557310471408,0.7461832061068703,1.0,0.9937842674721858,15,"INSIG1, DHCR24, ARV1, HMGCR, INSIG2, PMVK, SC5D, GLB1, HMGCS1, MSMO1, DHCR7, FDFT1",
GO BP,Protein Localization To Cell Periphery,73,,0,down in PD,-0.20328070320810665,-0.7447931699179693,0.8137651821862348,0.9931312007901678,1.0,-0.8658911735321447,0.7476415094339622,1.0,0.9937842674721858,21,"RAP2A, DPP10, TTC7B, SLMAP, GAK, ARL3, MYO5A, PSMD10, LIN7C, WNK3, ATP1B1, LIN7A",
Reactome,RNA Pol II CTD Phosphorylation And Interaction With CE,20,,0,down in PD,-0.25279908444531596,-0.7274322232937357,0.8138075313807531,0.9931312007901678,1.0,-0.7942629451703094,0.7836134453781513,1.0,0.9980390005759578,6,"POLR2H, SUPT5H, RNMT, CCNH, MNAT1, POLR2G",
GO BP,Positive Regulation Of Protein Dephosphorylation,17,,0,down in PD,-0.25152295615181763,-0.7377826063376783,0.8141414141414142,0.9931312007901678,1.0,-0.7565011523266658,0.814663951120163,1.0,0.9980390005759578,3,"PPIA, PPP2R5A, NSMF",
GO BP,Response To Amino Acid,15,,0,down in PD,-0.263631820147191,-0.7317047857066824,0.8147410358565738,0.9931312007901678,1.0,-0.7678487385998105,0.7593360995850622,1.0,0.9937842674721858,3,"LAMTOR1, LAMTOR3, NSMF",
Reactome,Antigen Processing: Ubiquitination And Proteasome Degradation,180,,0,down in PD,-0.19841056724805595,-0.7351133315084547,0.8148893360160966,0.9931312007901678,1.0,-0.9707141076251612,0.54337899543379,0.976621711536576,0.9594492675208841,60,"KLHL13, RNF7, UBE2W, ASB13, RLIM, KEAP1, CUL1, AREL1, FBXL4, MGRN1, ANAPC4, SEM1",
GO BP,Regulation Of calcineurin-NFAT Signaling Cascade,15,,0,up in PD,0.2672279336532425,0.7253248751642383,0.8151750972762646,0.9931312007901678,1.0,0.7759612502556762,0.7835820895522388,1.0,0.9980390005759578,5,"IGF1, CAMTA1, PPP3CA, PRNP, RCAN1",
Reactome,Separation Of Sister Chromatids,84,,0,down in PD,-0.21266091767524975,-0.7114408647293123,0.8154158215010142,0.9931312007901678,1.0,-0.9225930707211045,0.592274678111588,0.9894289323304131,0.9821359223300969,29,"WAPL, PPP2R5A, ANAPC4, DYNC1I1, SEM1, PAFAH1B1, PPP2R5B, PSMD2, PPP2R1A, PPP2CA, PSMD14, PSMD10",
GO BP,Positive Regulation Of Gene Expression,166,,0,up in PD,0.1913831763603121,0.7935439691899993,0.8160919540229885,0.9931312007901678,1.0,0.8963152003238833,0.7312925170068028,0.9854161756971792,0.9937842674721858,35,"CADM1, CLU, WNT5A, EIF2AK2, MITF, IGF1, TTN, ELAVL4, PIK3CD, EIF3E, DNAJA4, KAT2B",
GO BP,Nuclear Membrane Organization,18,,0,down in PD,-0.24949875918564668,-0.7371757207350208,0.8181818181818182,0.9931312007901678,1.0,-0.7669447949071052,0.8242677824267782,1.0,0.9980390005759578,7,"TOR1B, CHMP2B, TOR1A, TOR1AIP1, VPS4A, CHMP1A, SPAST",
Reactome,Negative Regulation Of FGFR3 Signaling,17,,0,up in PD,0.24625770701137,0.7142299303759875,0.8188976377952756,0.9931312007901678,1.0,0.7159881592046943,0.8403846153846154,1.0,0.9980390005759578,8,"UBA52, UBC, MAPK1, MKNK1, FGF9, FGF1, GRB2, UBB",
Reactome,KEAP1-NFE2L2 Pathway,65,,0,up in PD,0.21847118069118618,0.6983370325074111,0.8188976377952756,0.9931312007901678,1.0,0.8843102996735676,0.7079482439926063,0.9770059227362722,0.9923849464738991,15,"CSNK2A2, SESN2, PSMD5, UBA52, MAFG, TXNRD1, MUL1, SESN1, PSMB1, PSMA7, UBC, SQSTM1",
Reactome,Complex I Biogenesis,41,,0,up in PD,0.23508006820241262,0.6142708696772006,0.8192307692307692,0.9931312007901678,1.0,0.8546620015933094,0.696911196911197,0.993473182815179,0.9893762955737105,16,"TIMMDC1, ECSIT, NDUFC2, NDUFB4, NDUFB11, NDUFC1, NDUFS6, NDUFS8, NDUFS5, NDUFA3, NDUFS3, NDUFA12",
Reactome,Early SARS-CoV-2 Infection Events,20,,0,down in PD,-0.24843560957729882,-0.7364808707970238,0.8194726166328601,0.9931312007901678,1.0,-0.7859121331080613,0.779296875,1.0,0.9980390005759578,6,"GPC4, CHMP2B, CHMP4B, PIK3C3, VCP, MAP1LC3B",
Reactome,SARS-CoV Infections,165,,0,up in PD,0.1971304305955912,0.7943464125073222,0.8199608610567515,0.9931312007901678,1.0,0.9213629542941469,0.6631762652705061,0.9673541543099612,0.9893762955737105,58,"TRAF3, PTGES3, ARID4B, ARID4A, PHF21A, RPS5, JAK1, HSP90AA1, GATAD2A, FUT8, NUP62, IFNGR2",
Reactome,Cellular Response To Hypoxia,46,,0,down in PD,-0.22431027598497344,-0.670136259523948,0.8209255533199196,0.9931312007901678,1.0,-0.8377460698257553,0.7569296375266524,0.9937293678816799,0.9937842674721858,17,"EPAS1, SEM1, PSMD2, RBX1, HIF1A, PSMD14, PSMD10, PSMA4, PSMA3, PSME1, PSMD7, PSMD13",
KEGG,Synaptic vesicle cycle,47,CACNA1A,1,down in PD,-0.21905736642033535,-0.6841084885170785,0.8213552361396304,0.9931312007901678,1.0,-0.8502528204105483,0.7450110864745011,0.9956986450439084,0.9937842674721858,12,"UNC13C, AP2A1, CLTCL1, SLC6A1, ATP6V1H, SLC6A3, AP2B1, SLC18A2, SLC6A11, SLC1A1, SYT1, UNC13B",
GO BP,Synapse Organization,65,PPFIA4,1,down in PD,-0.2066920368882077,-0.7277760080963145,0.821501014198783,0.9931312007901678,1.0,-0.857980500468471,0.7432432432432432,0.9948816237439437,0.9937842674721858,13,"PTPRF, UNC13C, RAB39B, CBLN1, SLC6A1, PPFIA2, GPHN, GPC4, DRD2, NLGN3, DNER, NLGN1",
GO BP,Intracellular Calcium Ion Homeostasis,50,,0,up in PD,0.22381514049825785,0.7736200276607377,0.8218623481781376,0.9931312007901678,1.0,0.8484146388007354,0.7418181818181818,1.0,0.9937842674721858,6,"STC1, C19orf12, CALR, ATP2B1, WFS1, SLC24A2",
GO BP,Positive Regulation Of Protein Phosphorylation,122,GPNMB,1,down in PD,-0.20587861984426326,-0.7835720165905852,0.8220858895705522,0.9931312007901678,1.0,-0.9549463503028496,0.5761589403973509,0.9809201298142306,0.9740838560581049,19,"CIB1, RAP2A, ACVR1, TGFBR2, PINK1, PIK3R3, CLIP3, PPIA, FNIP1, TFRC, PAK1, CSNK1D",
GO BP,Glycoprotein Biosynthetic Process,33,,0,down in PD,-0.22498249753811084,-0.7690673694279028,0.822265625,0.9931312007901678,1.0,-0.8042532274206835,0.7801268498942917,1.0,0.9980390005759578,10,"CSGALNACT1, XYLT1, TNIP1, B3GALT6, ATP7A, ST3GAL1, FUT9, GOLPH3, ALG5, B4GALT7",
GO BP,Axon Development,48,CNTN4,1,down in PD,-0.21929580199919507,-0.7772581123495472,0.8225806451612904,0.9931312007901678,1.0,-0.8467901082428867,0.7112068965517241,0.995100530026209,0.9923849464738991,7,"CNTN4, SLC25A46, SLITRK5, EPHB2, NREP, ARHGAP35, AMIGO1",CNTN4
KEGG,Leukocyte transendothelial migration,35,,0,up in PD,0.22060905923693172,0.7435370443313674,0.8228105906313645,0.9931312007901678,1.0,0.7769024157728655,0.8505338078291815,1.0,0.9980390005759578,9,"PRKCB, PIK3CD, EZR, THY1, MYL12A, GNAI2, ACTN4, GNAI3, VCL",
GO BP,Endoplasmic Reticulum To Golgi Vesicle-Mediated Transport,70,,0,down in PD,-0.21027225977405695,-0.7241252224620426,0.823045267489712,0.9931312007901678,1.0,-0.8875579199318351,0.6787234042553192,1.0,0.9893762955737105,19,"SCFD1, COPA, HYOU1, ARCN1, IER3IP1, TMED9, TRAPPC6B, SAR1B, TRAPPC13, SEC31A, PREB, VAPB",
Reactome,Nuclear Import Of Rev Protein,15,,0,up in PD,0.2637422571467996,0.726113668421029,0.8237547892720306,0.9931312007901678,1.0,0.7441403939391937,0.801094890510949,1.0,0.9980390005759578,6,"NUP62, NUP210, NUP98, KPNB1, NUP133, RANBP2",
GO BP,Protein Polyubiquitination,122,,0,down in PD,-0.2044010057882829,-0.7446427552980402,0.824847250509165,0.9931312007901678,1.0,-0.9497346588174616,0.5789473684210527,0.9747768640706589,0.975172990914461,33,"UBE2W, NHLRC3, AMFR, CUL1, AREL1, ANAPC4, SHARPIN, WSB2, TMEM129, UBE3C, MYCBP2, FBXO9",
Reactome,Defective CFTR Causes Cystic Fibrosis,41,,0,down in PD,-0.22065587039276635,-0.646545839719551,0.8255578093306288,0.9931312007901678,1.0,-0.8144515104288753,0.7935871743486974,1.0,0.9980390005759578,12,"DERL1, SEM1, PSMD2, PSMD14, PSMD10, ERLEC1, PSMA4, PSMA3, PSME1, VCP, PSMD7, PSMD13",
GO BP,Positive Regulation Of Supramolecular Fiber Organization,36,,0,up in PD,0.22186719330885996,0.744427330350375,0.8258317025440313,0.9931312007901678,1.0,0.8065444252060281,0.7739463601532567,1.0,0.9980390005759578,10,"CLU, SYNPO2, SLAIN2, KATNB1, MAPT, CLASP1, RPS3, STMN2, TENM1, APP",
Reactome,G Alpha (S) Signaling Events,34,PRKAR2A,1,up in PD,0.229814505525888,0.7550357072181366,0.8259109311740891,0.9931312007901678,1.0,0.8087225000075545,0.7615526802218114,1.0,0.9956692913385827,8,"PRKAR2A, CHGA, RAMP1, PDE2A, GNAI2, GNAI3, GNB5, GNG4",PRKAR2A
Reactome,Fatty Acid Metabolism,53,ELOVL7,1,up in PD,0.21456893243552497,0.7412598841039714,0.8262548262548263,0.9931312007901678,1.0,0.8209195513785925,0.786618444846293,1.0,0.9980390005759578,11,"PTGES3, ACSL1, HACD3, RXRA, HSD17B4, CBR1, HADH, DBI, PCCA, ECHS1, THEM4",
GO BP,Regulation Of Cell Morphogenesis,18,,0,up in PD,0.24916340775527246,0.7068548704004383,0.8265107212475633,0.9931312007901678,1.0,0.745609646357798,0.8198874296435272,1.0,0.9980390005759578,7,"CFL1, ZRANB1, PHIP, ZMYM6, LARP4, ZMYM4, EFNA5",
GO BP,protein-RNA Complex Assembly,79,,0,up in PD,0.2129004925311999,0.7196366294107617,0.826530612244898,0.9931312007901678,1.0,0.8841794828801816,0.6990825688073394,0.9759422430758118,0.9893762955737105,25,"SF3B1, AGO3, SCAF11, PTGES3, EIF3E, RPS5, HSP90AA1, CRNKL1, EIF3H, EIF5, RSRP1, SRSF6",
GO BP,B Cell Activation,19,,0,down in PD,-0.24493100055728279,-0.7422986518614328,0.8266129032258065,0.9931312007901678,1.0,-0.7576827001233629,0.8189845474613686,1.0,0.9980390005759578,9,"PIK3R3, FNIP1, EPHB2, HDAC9, CTPS1, TOP2B, PHB2, RABL3, ZBTB7A",
GO BP,Regulation Of Transcription Elongation By RNA Polymerase II,40,ZMYND8,1,up in PD,0.22741946828959023,0.73883587076183,0.8266932270916335,0.9931312007901678,1.0,0.8285323319122475,0.7589928057553957,1.0,0.9937842674721858,4,"ZMYND8, CDK13, HNRNPU, CDK12",ZMYND8
GO BP,Positive Regulation Of T Cell Differentiation,17,,0,up in PD,0.24899884809562928,0.7197200545093824,0.8266932270916335,0.9931312007901678,1.0,0.7223396844503517,0.8409090909090909,1.0,0.9980390005759578,4,"ARID2, SOX4, ZBTB1, PHF10",
Reactome,Biosynthesis Of N-glycan Precursor (Dolichol LLO) And Transfer To Protein,29,,0,down in PD,-0.23574426860261988,-0.7192735698748446,0.8269230769230769,0.9931312007901678,1.0,-0.8126169220228597,0.7412008281573499,1.0,0.9937842674721858,10,"NPL, NUS1, DHDDS, SLC17A5, ST3GAL1, GMDS, CMAS, UAP1, ALG5, ALG14",
Reactome,Cyclin A:Cdk2-associated Events At S Phase Entry,47,,0,down in PD,-0.21736627031334843,-0.6575329804352854,0.8271604938271605,0.9931312007901678,1.0,-0.835851978543866,0.7590361445783133,0.9936181584138716,0.9937842674721858,14,"CUL1, SEM1, PSMD2, PSMD14, PSMD10, AKT3, PSMA4, LIN52, PSMA3, PSME1, CCNH, MNAT1",
Reactome,Interleukin-4 And Interleukin-13 Signaling,23,,0,up in PD,0.24127853707684685,0.7303488969846756,0.8273684210526315,0.9931312007901678,1.0,0.7544388021632562,0.8017699115044248,1.0,0.9980390005759578,6,"JAK1, HSP90AA1, HSP90B1, NDN, STAT1, MCL1",
GO BP,Macroautophagy,58,,0,up in PD,0.20276022810116678,0.7362710226834414,0.8274509803921568,0.9931312007901678,1.0,0.7885245653758821,0.8281535648994516,1.0,0.9980390005759578,26,"VIPAS39, CALR, ATG12, CHMP7, SQSTM1, SNF8, CHMP2A, CHMP3, VPS41, EI24, UBQLN1, CALCOCO2",
Reactome,Regulation Of Ornithine Decarboxylase (ODC),35,,0,down in PD,-0.2306221160475589,-0.6345781828579398,0.8275154004106776,0.9931312007901678,1.0,-0.833667833212217,0.7227722772277227,0.9942222643915449,0.9937842674721858,11,"SEM1, PSMD2, PSMD14, PSMD10, AZIN1, PSMA4, PSMA3, PSME1, PSMD7, PSMD13, PSMD4",
GO BP,Regulation Of Cyclin-Dependent Protein Serine/Threonine Kinase Activity,27,,0,down in PD,-0.22980002998986127,-0.7322015578106225,0.8278529980657641,0.9931312007901678,1.0,-0.7799795790102886,0.8199566160520607,1.0,0.9980390005759578,13,"CCNY, PSMD10, CCNH, CDK5R1, MNAT1, CCNG1, IPO7, CDK5RAP1, PTEN, MAPRE3, APC, CDK5R2",
GO BP,Negative Regulation Of Cellular Biosynthetic Process,50,,0,up in PD,0.2144074069238445,0.7546104567889244,0.828125,0.9931312007901678,1.0,0.8236672078452222,0.7773584905660378,1.0,0.9980390005759578,5,"ENC1, EIF2AK2, SIRPA, PDGFA, CALR",
Reactome,Degradation Of AXIN,37,,0,up in PD,0.23839470780418723,0.6462164208220365,0.8284600389863548,0.9931312007901678,1.0,0.845538209593916,0.7137096774193549,1.0,0.9923849464738991,9,"TNKS2, PSMD5, UBA52, TNKS, PSMB1, PSMA7, UBC, PSMB4, PSME4",
KEGG,Melanogenesis,41,,0,up in PD,0.2198280907247554,0.7329570133070932,0.8286290322580645,0.9931312007901678,1.0,0.8049220566702975,0.8037037037037037,1.0,0.9980390005759578,4,"PRKCB, WNT5A, MITF, PLCB4",
Reactome,RNA Polymerase II Transcription Termination,33,,0,down in PD,-0.23306937129942462,-0.7252516487315505,0.8286852589641435,0.9931312007901678,1.0,-0.8340088723954036,0.7158351409978309,0.9963456587127958,0.9923849464738991,13,"CPSF7, LSM11, SRSF9, SRSF11, CPSF4, POLDIP3, SRSF4, PAPOLA, CPSF3, CSTF3, SNRPF, SLU7",
GO BP,Positive Regulation Of Lymphocyte Differentiation,16,,0,up in PD,0.25704602211915806,0.7117711281382619,0.8295687885010267,0.9931312007901678,1.0,0.7433624043710217,0.8488805970149254,1.0,0.9980390005759578,16,"ARID2, ZBTB1, PHF10, SMARCD1, SMARCA4, SMARCD3, ARID1A, AXL, PBRM1, PRKDC, ARID1B, PPP2R3C",
Reactome,Synthesis Of Active Ubiquitin: Roles Of E1 And E2 Enzymes,20,,0,down in PD,-0.2543595008278098,-0.6905077028479375,0.8299180327868853,0.9931312007901678,1.0,-0.8054960343388987,0.7566462167689162,1.0,0.9937842674721858,8,"UBE2W, UBE2G1, UBE2B, UBE2E1, UBE2D2, UBE2D1, USP9X, UBE2A",
GO BP,ERAD Pathway,56,,0,up in PD,0.21600312670271815,0.7504356633865276,0.8306772908366534,0.9931312007901678,1.0,0.8436777069798244,0.7422867513611615,1.0,0.9937842674721858,18,"HSPA5, ATF6, CALR, USP19, FBXO44, HSP90B1, DNAJB12, WFS1, DNAJB2, FOXRED2, UGGT1, FBXO2",
KEGG,Alcoholism,56,,0,up in PD,0.20498061009846358,0.7153004484992498,0.8309572301425662,0.9931312007901678,1.0,0.8052122557035793,0.7981308411214953,1.0,0.9980390005759578,16,"GRIN2A, MAOB, SLC18A1, GNAO1, TH, MAPK1, GNAI2, GNAI3, GNB5, GNG4, BDNF, DDC",
Reactome,Translesion Synthesis By Y Family DNA Polymerases Bypasses Lesions On DNA Template,16,,0,up in PD,0.25303776822173507,0.6919780855907085,0.831758034026465,0.9931312007901678,1.0,0.7359619684553225,0.8411764705882353,1.0,0.9980390005759578,5,"UBE2L6, UBA52, UBC, REV3L, RPA3",
KEGG,Vibrio cholerae infection,33,,0,up in PD,0.23469198590464785,0.7140043719961184,0.8319838056680162,0.9931312007901678,1.0,0.8185584478904842,0.7509225092250923,1.0,0.9937842674721858,17,"PDIA4, KDELR2, SEC61A2, ATP6V0E1, ATP6V1E1, ATP6V1D, SEC61B, GNAS, ATP6AP1, ATP6V1G1, SEC61G, ERO1A",
Reactome,SARS-CoV-2 Infection,124,,0,up in PD,0.19517699965957125,0.7594684162216107,0.8320754716981132,0.9931312007901678,1.0,0.870882092121408,0.7552447552447552,0.9844028299294674,0.9937842674721858,46,"TRAF3, RPS5, JAK1, HSP90AA1, FUT8, NUP62, RPN2, UBA52, STAT2, YWHAB, CHMP7, UBC",
GO BP,Positive Regulation Of mRNA Processing,17,,0,down in PD,-0.24864244335576102,-0.691172082459825,0.8323353293413174,0.9931312007901678,1.0,-0.7507872691787592,0.8035714285714286,1.0,0.9980390005759578,5,"CIRBP, PEX2, CELF3, RBMX, TRA2A",
Reactome,Apoptotic Execution Phase,20,,0,up in PD,0.24592393315378913,0.7182052499103412,0.8326612903225806,0.9931312007901678,1.0,0.7581339663534568,0.7954971857410882,1.0,0.9980390005759578,8,"DFFA, KPNA1, SPTAN1, MAPT, ACIN1, BIRC2, KPNB1, LMNA",
Reactome,Mitotic Spindle Checkpoint,41,,0,down in PD,-0.22877126280668925,-0.7454475163872509,0.8326693227091634,0.9931312007901678,1.0,-0.8471952705201394,0.7420814479638009,0.9971203626979585,0.9937842674721858,7,"PPP2R5A, ANAPC4, DYNC1I1, PAFAH1B1, PPP2R5B, PPP2R1A, PPP2CA",
Reactome,Degradation Of GLI1 By Proteasome,40,,0,down in PD,-0.22371371238302562,-0.6330555462940126,0.8329896907216495,0.9931312007901678,1.0,-0.818350746506696,0.7864476386036962,1.0,0.9980390005759578,9,"CUL1, SEM1, PSMD2, RBX1, PSMD14, PSMD10, PSMA4, PSMA3, PSME1",
Reactome,Switching Of Origins To A Post-Replicative State,52,,0,down in PD,-0.21572189442345224,-0.6502498245644069,0.8336755646817249,0.9931312007901678,1.0,-0.8391882307864855,0.75625,0.9977093153845784,0.9937842674721858,18,"CUL1, ANAPC4, SEM1, PSMD2, RBX1, ORC3, PSMD14, PSMD10, PSMA4, UBE2E1, PSMA3, PSME1",
GO BP,Fatty Acid Catabolic Process,23,,0,up in PD,0.24012059019088405,0.6893303282260861,0.8336755646817249,0.9931312007901678,1.0,0.7670482417308422,0.7853107344632768,1.0,0.9980390005759578,6,"LPIN1, HSD17B4, ABHD3, ECHDC1, PCCA, ECHS1",
Reactome,Intracellular Signaling By Second Messengers,141,PRKAR2A,1,down in PD,-0.19523732718967257,-0.7726721471029112,0.8340080971659919,0.9931312007901678,1.0,-0.9221375374922899,0.686046511627907,0.9889447945675157,0.9893762955737105,34,"LAMTOR1, ITPR1, PIGU, PIK3R3, PPP2R5A, SEM1, GAB2, PPP2R5B, CAMK2D, CBX4, LAMTOR3, PSMD2",
Reactome,Metabolism Of Steroids,59,LGMN,1,down in PD,-0.2137180487393433,-0.7347837837840283,0.8340163934426229,0.9931312007901678,1.0,-0.8629360191505147,0.7307692307692307,1.0,0.9937842674721858,5,"FDX1, UBE2I, LGMN, FASN, OSBP",LGMN
GO BP,Negative Regulation Of Supramolecular Fiber Organization,38,,0,down in PD,-0.21823668770257243,-0.7337705841591385,0.8343434343434344,0.9931312007901678,1.0,-0.8035089008165768,0.8050314465408805,1.0,0.9980390005759578,3,"CIB1, CLIP3, KANK4",
Reactome,TNFR2 Non-Canonical NF-kB Pathway,43,,0,down in PD,-0.22878053571229595,-0.6717070145084538,0.8347107438016529,0.9931312007901678,1.0,-0.8504024670466377,0.7319587628865979,0.9968349350682578,0.9937842674721858,11,"CUL1, TANK, SEM1, PSMD2, CHUK, PSMD14, PSMD10, FBXW11, PSMA4, PSMA3, PSME1",
GO BP,Nucleus Organization,25,,0,down in PD,-0.23246657258381864,-0.7345347500960564,0.8353174603174603,0.9931312007901678,1.0,-0.7835243089654226,0.8100208768267223,1.0,0.9980390005759578,7,"CTDNEP1, CHMP2B, TOR1A, TMEM170A, VPS4A, NUP155, CHMP1A",
Reactome,Axon Guidance,267,"PLXNC1, PRKAR2A",2,up in PD,0.19061057135727116,0.7481316918940183,0.8368932038834952,0.9931312007901678,1.0,0.9428800749560561,0.6219512195121951,0.9456473297417018,0.982954981665194,81,"PLXNC1, PRKAR2A, CASC3, FGFR1, CSNK2A2, PABPC1, TRIO, SEMA4D, RPS6KA5, RPS5, HSP90AA1, SIAH1","PLXNC1, PRKAR2A"
GO BP,Lysosomal Transport,63,,0,down in PD,-0.2074982554476389,-0.7645555304556078,0.8369351669941061,0.9931312007901678,1.0,-0.8579512247176738,0.7416481069042317,0.9934234792532193,0.9937842674721858,12,"PINK1, TRAK1, HGSNAT, MGRN1, UEVLD, HGS, GAK, CHMP2B, AKTIP, ANKFY1, VPS18, C9orf72",
Reactome,Regulation Of Insulin Secretion,36,"CACNA1A, PRKAR2A",2,down in PD,-0.2194687537808936,-0.7423120874025255,0.8369781312127237,0.9931312007901678,1.0,-0.7987456969441695,0.8208955223880597,1.0,0.9980390005759578,9,"ITPR1, CACNA2D2, GNA11, PRKAR2B, CACNA1E, IQGAP1, ACSL4, PRKAR1A, KCNB1",
Reactome,PLC Beta Mediated Events,25,PRKAR2A,1,down in PD,-0.24030148910585847,-0.7191504862787641,0.8373983739837398,0.9931312007901678,1.0,-0.7905725591949212,0.7777777777777778,1.0,0.9980390005759578,7,"ITPR1, CAMK2D, GNA11, PRKAR2B, PRKAR1A, PDE1A, CREB1",
Hallmark,Androgen Response,53,,0,up in PD,0.21366548655940293,0.7020393030142623,0.8375527426160337,0.9931312007901678,1.0,0.8180391133414527,0.8129496402877698,1.0,0.9980390005759578,14,"PA2G4, SLC38A2, SAT1, NGLY1, PMEPA1, TPD52, MYL12A, DBI, INSIG1, DHCR24, FADS1, GNAI3",
GO BP,Proton Transmembrane Transport,21,,0,up in PD,0.23717157779219233,0.6706526572893585,0.8383233532934131,0.9931312007901678,1.0,0.7297531734749628,0.8546511627906976,1.0,0.9980390005759578,10,"ATP6V0E1, ATP6V1E1, ATP6V1D, NNT, COX15, ATP6AP1, ATP6V1B2, ATP6V0B, ATP6V1C1, ATP6V0E2",
GO BP,Proton Motive Force-Driven Mitochondrial ATP Synthesis,33,,0,up in PD,0.24365965430393993,0.5900634900238577,0.8388998035363457,0.9931312007901678,1.0,0.8467557654870393,0.6933333333333334,1.0,0.9893762955737105,13,"NDUFC2, NDUFB4, NDUFB11, NDUFC1, NDUFS6, NDUFS8, NDUFS5, NDUFA3, NDUFS3, NDUFA12, NDUFA6, NDUFV1",
Reactome,DNA Damage Recognition In GG-NER,20,,0,up in PD,0.24969718439031693,0.6806344326438467,0.8397683397683398,0.9931312007901678,1.0,0.7716519519888595,0.7933070866141733,1.0,0.9980390005759578,4,"YY1, CUL4A, UBA52, UBC",
KEGG,PPAR signaling pathway,21,,0,up in PD,0.2456841208140481,0.7032774142532421,0.839835728952772,0.9931312007901678,1.0,0.7649499234923764,0.7981981981981981,1.0,0.9980390005759578,4,"ACSL1, RXRA, UBC, DBI",
Reactome,RHOQ GTPase Cycle,27,,0,down in PD,-0.22952562678169208,-0.70909689203066,0.8399209486166008,0.9931312007901678,1.0,-0.7859282827471221,0.8127490039840638,1.0,0.9980390005759578,4,"LAMTOR1, RHOQ, TFRC, ARHGAP35",
KEGG,Cardiac muscle contraction,40,,0,down in PD,-0.22089945695512148,-0.7003498186316868,0.840080971659919,0.9931312007901678,1.0,-0.8075968959423195,0.7958333333333333,1.0,0.9980390005759578,16,"TPM1, CACNA2D2, ATP2A3, ATP1B1, ATP1B2, ASPH, ATP1A2, CYC1, UQCRC2, ATP2A2, COX7A2L, CACNB3",
Reactome,TAK1-dependent IKK And NF-kappa-B Activation,19,,0,down in PD,-0.23057860315814094,-0.7519902894866376,0.8404907975460123,0.9931312007901678,1.0,-0.7229588978268088,0.8773388773388774,1.0,0.9980390005759578,7,"TANK, CHUK, IRAK1, TAB1, N4BP1, TAB2, LRRC14",
KEGG,Bile secretion,21,,0,down in PD,-0.23494275455133462,-0.6938452039697599,0.8410351201478743,0.9931312007901678,1.0,-0.739238544285738,0.8608870967741935,1.0,0.9980390005759578,10,"ADCY3, ATP1B1, ATP1B2, NCEH1, ATP1A2, ADCY1, HMGCR, ADCY2, PRKACA, SLC4A4",
Reactome,Hedgehog Off State,57,PRKAR2A,1,down in PD,-0.21554082900901583,-0.6761495753521238,0.8413361169102297,0.9931312007901678,1.0,-0.8617173880368687,0.7398373983739838,0.9995578898245349,0.9937842674721858,22,"CUL1, SEM1, IFT57, PSMD2, RBX1, PSMD14, PSMD10, PRKAR2B, PSMA4, PSMA3, PSME1, DYNC2H1",
KEGG,"Alanine, aspartate and glutamate metabolism",17,,0,down in PD,-0.2488424904850527,-0.7266896242284995,0.842436974789916,0.9931312007901678,1.0,-0.7498346883588346,0.804,1.0,0.9980390005759578,4,"GLUL, GLUD1, RIMKLA, NIT2",
Reactome,Abortive Elongation Of HIV-1 Transcript In Absence Of Tat,16,,0,down in PD,-0.254659707636396,-0.6930168763562616,0.842741935483871,0.9931312007901678,1.0,-0.766068718869664,0.7957894736842105,1.0,0.9980390005759578,3,"POLR2H, SUPT5H, NELFB",
KEGG,GABAergic synapse,41,CACNA1A,1,up in PD,0.21385271581585016,0.7256834188670511,0.8435643564356435,0.9931312007901678,1.0,0.7863573268913834,0.813953488372093,1.0,0.9980390005759578,8,"PRKCB, CACNA1A, SLC38A2, GNAO1, GNAI2, GNAI3, GNB5, GNG4",CACNA1A
Hallmark,Allograft Rejection,33,,0,up in PD,0.23048912634212232,0.7123283927896839,0.843687374749499,0.9931312007901678,1.0,0.7990563856922548,0.8028673835125448,1.0,0.9980390005759578,12,"PRKCB, IFNGR2, THY1, TPD52, CD74, MAP3K7, EIF5A, STAT1, UBE2N, EIF3J, RPS9, GALNT1",
KEGG,Propanoate metabolism,18,,0,up in PD,0.2389252806118265,0.6718309799872397,0.8436911487758946,0.9931312007901678,1.0,0.7063581095802338,0.8515037593984962,1.0,0.9980390005759578,6,"DBT, ECHDC1, PCCA, ECHS1, HIBCH, MLYCD",
GO BP,Intracellular Protein Transmembrane Transport,30,,0,down in PD,-0.2257823129750799,-0.6872457598005386,0.8438133874239351,0.9931312007901678,1.0,-0.7939612463273029,0.8056155507559395,1.0,0.9980390005759578,7,"RTN2, HYOU1, PEX16, PEX2, TIMM44, TOMM20, TIMM17B",
Reactome,Cellular Response To Chemical Stress,110,,0,up in PD,0.19960571477305905,0.6734367440391813,0.8452380952380952,0.9931312007901678,1.0,0.8856715485784302,0.7321100917431193,0.9774855779093903,0.9937842674721858,31,"NCOR1, CSNK2A2, SESN2, COX14, RXRA, PSMD5, COX19, UBA52, MAFG, TXNRD1, MUL1, PRDX2",
Reactome,Nervous System Development,276,"PLXNC1, PRKAR2A",2,up in PD,0.1905105820631562,0.7481541405150404,0.8452611218568665,0.9931312007901678,1.0,0.9447076498451765,0.640625,0.9432439378886889,0.9845097535934292,84,"PLXNC1, PRKAR2A, CASC3, FGFR1, CSNK2A2, PABPC1, TRIO, SEMA4D, RPS6KA5, RPS5, HSP90AA1, SIAH1","PLXNC1, PRKAR2A"
GO BP,Positive Regulation Of Myoblast Differentiation,16,,0,up in PD,0.24943876694960973,0.7065109079739044,0.845679012345679,0.9931312007901678,1.0,0.7223935067924955,0.844106463878327,1.0,0.9980390005759578,3,"ARID2, HIF1AN, SOX4",
GO BP,Regulation Of Filopodium Assembly,25,,0,up in PD,0.22412975313238787,0.7141396264331248,0.8461538461538461,0.9931312007901678,1.0,0.7301637623397927,0.8706099815157117,1.0,0.9980390005759578,4,"CLU, GPM6A, GAP43, TENM2",
Reactome,Regulation Of PTEN Gene Transcription,25,,0,down in PD,-0.23427633451567775,-0.6879817352675999,0.846307385229541,0.9931312007901678,1.0,-0.7800442797613493,0.8112359550561797,1.0,0.9980390005759578,4,"LAMTOR1, CBX4, LAMTOR3, PHC3",
Reactome,Transcriptional Regulation Of White Adipocyte Differentiation,38,,0,up in PD,0.21697378397671063,0.7245114321446472,0.8463203463203464,0.9931312007901678,1.0,0.7797222640151286,0.845437616387337,1.0,0.9980390005759578,10,"NCOR1, RXRA, NCOA3, RELA, MED14, MED13L, SREBF2, CHD9, HDAC3, MED21",
Reactome,TBC/RABGAPs,21,,0,down in PD,-0.24012035359188688,-0.6996330968384248,0.8466135458167331,0.9931312007901678,1.0,-0.7636750147046025,0.8283261802575107,1.0,0.9980390005759578,2,"TBC1D7, RAB5A",
Reactome,SCF(Skp2)-mediated Degradation Of P27/P21,36,,0,down in PD,-0.22557734256570927,-0.6193643847344841,0.8469387755102041,0.9931312007901678,1.0,-0.8115621495562209,0.7788649706457925,1.0,0.9980390005759578,11,"CUL1, SEM1, PSMD2, PSMD14, PSMD10, PSMA4, PSMA3, PSME1, PSMD7, PSMD13, PSMD4",
KEGG,Proteasome,31,,0,down in PD,-0.24070988810567728,-0.6379333892348241,0.8474226804123711,0.9931312007901678,1.0,-0.8399646716987162,0.718052738336714,0.9974179414150367,0.9923849464738991,12,"SEM1, PSMD2, PSMD14, PSMA4, PSMA3, PSME1, PSMD7, PSMD13, PSMD4, POMP, PSMC3, PSMD8",
GO BP,Positive Regulation Of Microtubule Polymerization,16,,0,up in PD,0.23887029008443467,0.6906775526570735,0.84765625,0.9931312007901678,1.0,0.6851831681837801,0.8817427385892116,0.9993043151233751,0.9980390005759578,5,"SLAIN2, MAPT, CLASP1, RPS3, GIT1",
GO BP,Non-Membrane-Bounded Organelle Assembly,58,,0,up in PD,0.20806071665713807,0.723287666879937,0.8478260869565217,0.9931312007901678,1.0,0.8007306528082978,0.8368932038834952,1.0,0.9980390005759578,14,"RNF213, NCOR1, ATXN2, NUP62, RBM14, TNKS, CDS1, CAPRIN1, FLII, NPC1, MAPT, RPS3",
GO BP,Organelle Membrane Fusion,17,,0,up in PD,0.24586525232423956,0.7041458195885332,0.8482490272373541,0.9931312007901678,1.0,0.71958000372064,0.8460076045627376,1.0,0.9980390005759578,3,"VAMP1, SYT4, STX4",
GO BP,Mitochondrial Respiratory Chain Complex Assembly,56,,0,up in PD,0.21281168435573405,0.6042467837734485,0.8487229862475442,0.9931312007901678,1.0,0.8368274734057727,0.7518248175182481,1.0,0.9937842674721858,14,"ECSIT, COX14, NDUFC2, NDUFB4, COX19, NDUFB11, TMEM126A, LYRM2, AIFM1, SURF1, NDUFC1, NDUFS8",
GO BP,Regulation Of Erythrocyte Differentiation,15,,0,up in PD,0.25026604532132457,0.6683268587123755,0.8489361702127659,0.9931312007901678,1.0,0.711807099227429,0.8582375478927203,1.0,0.9980390005759578,5,"FAM210B, ARNT, STAT5B, STAT1, ZFP36L1",
Reactome,Hh Mutants Abrogate Ligand Secretion,39,,0,down in PD,-0.21731076059259435,-0.618410685281773,0.8495934959349594,0.9931312007901678,1.0,-0.7909990309776898,0.806060606060606,1.0,0.9980390005759578,13,"SEM1, PSMD2, PSMD14, PSMD10, ERLEC1, SYVN1, PSMA4, PSMA3, PSME1, VCP, PSMD7, PSMD13",
Reactome,Metabolism Of Nucleotides,41,,0,down in PD,-0.223990588050614,-0.73576197058454,0.85,0.9931312007901678,1.0,-0.8509387998310707,0.7261146496815286,0.9986010984439249,0.9937842674721858,11,"AMPD3, UCK1, AK5, GMPR2, DCK, GLRX, ENTPD6, CTPS1, NUDT15, DNPH1, DCTPP1",
Reactome,M Phase,172,,0,up in PD,0.19530285277497877,0.7235663785195677,0.8501945525291829,0.9931312007901678,1.0,0.9165526503722192,0.680628272251309,0.9665320727937072,0.9893762955737105,31,"PRKCB, PCNT, CSNK2A2, BUB3, NIPBL, TUBG2, LPIN1, ANAPC16, CEP41, HSP90AA1, SSNA1, EML4",
Reactome,Circadian Clock,34,,0,up in PD,0.2164469678314908,0.7135400298559172,0.850597609561753,0.9931312007901678,1.0,0.7466229989749594,0.877431906614786,1.0,0.9980390005759578,6,"NCOR1, CREM, RXRA, HSD17B4, UBA52, UBC",
Reactome,Respiratory Electron Transport,67,,0,up in PD,0.20278735537447445,0.552049169167339,0.8507751937984496,0.9931312007901678,1.0,0.8233145134067993,0.7940630797773655,1.0,0.9980390005759578,15,"TIMMDC1, ECSIT, COX14, NDUFC2, NDUFB4, COX19, NDUFB11, COQ10B, SURF1, NDUFC1, NDUFS6, NDUFS8",
Reactome,Aquaporin-mediated Transport,20,PRKAR2A,1,up in PD,0.23235604560128367,0.7243229350043532,0.8508946322067594,0.9931312007901678,1.0,0.7081907290463013,0.8629629629629629,1.0,0.9980390005759578,1,PRKAR2A,PRKAR2A
KEGG,Phagosome,49,,0,down in PD,-0.2085005380447219,-0.6951958977555499,0.8508946322067594,0.9931312007901678,1.0,-0.807723574487011,0.8031674208144797,1.0,0.9980390005759578,11,"RAB5A, DYNC1I1, HGS, TFRC, ATP6V1H, STX7, STX18, TUBB2B, PIKFYVE, DYNC2H1, PIK3C3",
GO BP,Nucleic Acid-Templated Transcription,18,,0,down in PD,-0.24361618330102575,-0.7207797384523578,0.8509803921568627,0.9931312007901678,1.0,-0.7479329836631086,0.824847250509165,1.0,0.9980390005759578,3,"PPP5C, FUBP3, TCEA1",
GO BP,Intracellular Glucose Homeostasis,18,,0,up in PD,0.2341974049827867,0.6719317629883992,0.8513238289205702,0.9931312007901678,1.0,0.7046936467648468,0.8692449355432781,1.0,0.9980390005759578,2,"IGF1R, LRRC8D",
Reactome,Vasopressin Regulates Renal Water Homeostasis Via Aquaporins,19,PRKAR2A,1,up in PD,0.23775944973280785,0.7277493659846466,0.8517786561264822,0.9931312007901678,1.0,0.7170777179999764,0.8531598513011153,1.0,0.9980390005759578,1,PRKAR2A,PRKAR2A
Reactome,Processing Of Capped Intron-Containing Pre-mRNA,146,FUS,1,up in PD,0.1909267298055444,0.700508021913327,0.8517786561264822,0.9931312007901678,1.0,0.8716424768957761,0.7711267605633803,0.9851844637928986,0.9980390005759578,37,"FUS, DDX46, CASC3, SF3B1, CPSF2, CCAR1, CDC5L, HNRNPU, SNRNP70, RBM17, CRNKL1, NUP62",FUS
Reactome,HIV Transcription Initiation,28,,0,down in PD,-0.22462983470454057,-0.691274798192615,0.852,0.9931312007901678,1.0,-0.7905318289614471,0.8008474576271186,1.0,0.9980390005759578,15,"POLR2H, GTF2A1, CCNH, TBP, MNAT1, TAF7, POLR2G, GTF2A2, TAF13, TAF2, POLR2E, GTF2F2",
GO BP,Ubiquitin-Dependent ERAD Pathway,47,,0,down in PD,-0.21350053246245793,-0.7370724906661079,0.8530612244897959,0.9931312007901678,1.0,-0.8172451315296019,0.796420581655481,1.0,0.9980390005759578,14,"TMUB2, DERL1, FAF2, TMUB1, TMEM129, DNAJC10, RNF103, HERPUD1, ERLEC1, SYVN1, UBE4A, SGTA",
GO BP,Peptidyl-Serine Modification,81,,0,down in PD,-0.19664684488247974,-0.7551469872190435,0.8531187122736419,0.9931312007901678,1.0,-0.8544309847250565,0.7767857142857143,0.9946705609708616,0.9980390005759578,19,"TGFBR2, PINK1, CSNK2A1, GALNT2, CAMK1D, CAMK2D, MAPK8, CSNK1D, PRKCI, CHUK, TBK1, AKT3",
GO BP,Negative Regulation Of Cellular Catabolic Process,26,,0,up in PD,0.23004601581595982,0.7180025827572848,0.853515625,0.9931312007901678,1.0,0.7487914470043106,0.8548094373865699,1.0,0.9980390005759578,8,"SORL1, TIMP2, LEPR, STK38L, RRAGA, MTMR9, MCL1, FOXK1",
GO BP,Regulation Of Cysteine-Type Endopeptidase Activity Involved In Apoptotic Process,27,,0,down in PD,-0.2334805026770277,-0.7420253993513303,0.8536082474226804,0.9931312007901678,1.0,-0.7996648000453755,0.7656903765690377,1.0,0.9980390005759578,9,"CSNK2A1, FNIP1, EPHA7, RPS6KA1, MAP3K5, SOX2, VEGFA, GRAMD4, LAMTOR5",
GO BP,Protein Secretion,27,,0,up in PD,0.22822166661581256,0.6919771078621878,0.8551020408163266,0.9931312007901678,1.0,0.7401029702305085,0.8472468916518651,1.0,0.9980390005759578,7,"PDIA4, PTPRN, COPG2, RAB3A, MIA3, RIMS2, SEL1L",
Hallmark,Mitotic Spindle,98,,0,up in PD,0.19358449697408187,0.70919578841871,0.8554455445544554,0.9931312007901678,1.0,0.8357775849008509,0.8191681735985533,1.0,0.9980390005759578,29,"PCNT, TRIO, AKAP13, SORBS2, CDC42BPA, PCM1, NIN, EZR, TLK1, STK38L, SPTAN1, KATNB1",
GO BP,Golgi To Plasma Membrane Protein Transport,23,,0,up in PD,0.23593198751675099,0.7098957705614269,0.8557114228456913,0.9931312007901678,1.0,0.7592904143972223,0.8295880149812734,1.0,0.9980390005759578,8,"GGA2, GOLGA7, GCC2, RAB26, OPTN, SYS1, GOLPH3L, GGA3",
KEGG,Bacterial invasion of epithelial cells,39,,0,down in PD,-0.20962663707224116,-0.6837685108318338,0.8559837728194726,0.9931312007901678,1.0,-0.7887141604999663,0.8390022675736961,1.0,0.9980390005759578,13,"PIK3R3, CLTCL1, ACTR3, SHC2, ARPC4, PTK2, ELMO1, CTNNA2, SEPTIN9, CTNNB1, ACTG1, RHOA",
Reactome,Cross-presentation Of Soluble Exogenous Antigens (Endosomes),31,,0,down in PD,-0.23286930893427404,-0.6206469996946004,0.85625,0.9931312007901678,1.0,-0.8081748573656531,0.7951807228915663,1.0,0.9980390005759578,10,"SEM1, PSMD2, PSMD14, PSMD10, PSMA4, PSMA3, PSME1, PSMD7, PSMD13, PSMD4",
Reactome,Formation Of Early Elongation Complex,22,,0,down in PD,-0.2287883629117693,-0.7012779952752448,0.8568507157464212,0.9931312007901678,1.0,-0.7467644075188542,0.8172043010752689,1.0,0.9980390005759578,6,"POLR2H, SUPT5H, NELFB, CCNH, MNAT1, POLR2G",
Reactome,CaM Pathway,18,PRKAR2A,1,up in PD,0.24357425975084815,0.6916517796658652,0.8571428571428571,0.9931312007901678,1.0,0.720819490566562,0.8525519848771267,1.0,0.9980390005759578,1,PRKAR2A,PRKAR2A
Reactome,Pyruvate Metabolism And Citric Acid (TCA) Cycle,24,,0,up in PD,0.2177924965589802,0.6555044819319066,0.8571428571428571,0.9931312007901678,1.0,0.703350537086498,0.87569573283859,1.0,0.9980390005759578,7,"RXRA, MPC1, NNT, PDPK1, MDH2, VDAC1, FAHD1",
Reactome,RAC3 GTPase Cycle,39,,0,down in PD,-0.20964015718431384,-0.7084342099697415,0.857421875,0.9931312007901678,1.0,-0.7856415586131471,0.8176100628930818,1.0,0.9980390005759578,9,"LAMTOR1, SLITRK5, MCF2, TFRC, ARHGAP35, NCKAP1, RAPGEF1, GIT2, OCRL",
Reactome,Lysosome Vesicle Biogenesis,15,,0,down in PD,-0.24516776862662382,-0.693639787492608,0.8577235772357723,0.9931312007901678,1.0,-0.7061778761106292,0.8679653679653679,1.0,0.9980390005759578,3,"HGS, AP4B1, ARRB1",
KEGG,Renin secretion,23,,0,up in PD,0.22689045815834893,0.7159959320698539,0.858,0.9931312007901678,1.0,0.7394046064138711,0.8190298507462687,1.0,0.9980390005759578,6,"KCNMA1, PLCB4, CTSB, GNAI2, PPP3CA, GNAI3",
Reactome,ER-Phagosome Pathway,44,,0,up in PD,0.22154945297538697,0.6155403750871953,0.858,0.9931312007901678,1.0,0.8296999165162064,0.7618110236220472,1.0,0.9956692913385827,18,"CALR, STX4, PSMD5, UBA52, PSMB1, PSMA7, UBC, PSMB4, PSME4, SEC61A2, SEC61B, PSMD11",
KEGG,Ras signaling pathway,81,,0,up in PD,0.19881421748728254,0.7366216298687266,0.8582677165354331,0.9931312007901678,1.0,0.82313664012933,0.7886323268206039,1.0,0.9980390005759578,9,"PRKCB, FGFR1, IGF1R, IGF1, GRIN2A, PDGFA, PIK3CD, GAB1, INSR",
Reactome,PIP3 Activates AKT Signaling,121,,0,down in PD,-0.18950570374050046,-0.7387589662941247,0.8582834331337326,0.9931312007901678,1.0,-0.8810436992080997,0.773972602739726,1.0,0.9980390005759578,29,"LAMTOR1, PIGU, PIK3R3, PPP2R5A, SEM1, GAB2, PPP2R5B, CBX4, LAMTOR3, PSMD2, PHC3, CHUK",
Reactome,AUF1 (hnRNP D0) Binds And Destabilizes mRNA,37,,0,up in PD,0.224937142627839,0.6154815094780075,0.8585271317829457,0.9931312007901678,1.0,0.8065525445431267,0.7713717693836978,1.0,0.9980390005759578,8,"PABPC1, PSMD5, UBA52, PSMB1, PSMA7, UBC, PSMB4, PSME4",
GO BP,Axonogenesis,98,CNTN4,1,up in PD,0.18861847446933336,0.7169761477761492,0.8595505617977528,0.9931312007901678,1.0,0.8107435710606017,0.8632162661737524,1.0,0.9980390005759578,18,"WNT5A, APLP1, TRIO, LGI1, SEMA4D, RPS6KA5, KIF5C, HSP90AA1, SSNA1, SIAH1, SPTBN4, NRCAM",
GO BP,Aerobic Respiration,41,,0,up in PD,0.21668178329030324,0.5560563489903881,0.860236220472441,0.9931312007901678,1.0,0.7938724683658732,0.8064516129032258,1.0,0.9980390005759578,16,"NDUFC2, NDUFB4, NDUFB11, SURF1, NDUFC1, NDUFS6, NDUFS8, NDUFS5, NDUFA3, NDUFS3, MDH2, NDUFA12",
GO BP,Rho Protein Signal Transduction,17,,0,down in PD,-0.2333184243418296,-0.6741559499189876,0.8607843137254902,0.9931312007901678,1.0,-0.6839375732292619,0.8833333333333333,1.0,0.9980390005759578,2,"AGTR1, ARHGAP35",
Reactome,Inositol Phosphate Metabolism,19,,0,up in PD,0.23084894647114027,0.67195753576853,0.8611111111111112,0.9931312007901678,1.0,0.7014911228412378,0.8907407407407407,1.0,0.9980390005759578,5,"PLCB4, NUDT11, IP6K2, INPP1, MTMR9",
GO BP,Cellular Response To Starvation,56,,0,up in PD,0.20611587199983175,0.7555507766884154,0.8611670020120724,0.9931312007901678,1.0,0.8040746563740249,0.8229571984435797,1.0,0.9980390005759578,14,"EIF2AK2, HSPA5, SESN2, NUAK1, NPRL2, SFRP1, SESN1, RRAGA, MAPK1, FADS1, VPS41, WDR59",
Reactome,mRNA Capping,22,,0,down in PD,-0.22793732779366627,-0.6804944281611476,0.8612836438923396,0.9931312007901678,1.0,-0.7361669905441078,0.8333333333333334,1.0,0.9980390005759578,6,"POLR2H, SUPT5H, RNMT, CCNH, MNAT1, POLR2G",
GO BP,Cellular Response To Nerve Growth Factor Stimulus,15,,0,down in PD,-0.2426796353860443,-0.6962008958852145,0.8613861386138614,0.9931312007901678,1.0,-0.6921337688735806,0.8561643835616438,1.0,0.9980390005759578,1,CIB1,
GO BP,Proteasome-Mediated Ubiquitin-Dependent Protein Catabolic Process,197,,0,down in PD,-0.18962111964203798,-0.7364069514472725,0.8615071283095723,0.9931312007901678,1.0,-0.9393734347170661,0.6307339449541285,0.9757196919242194,0.982954981665194,56,"UBE2W, NHLRC3, TMUB2, DERL1, AMFR, CUL1, ATXN3, DCAF11, FBXL4, FAF2, ANAPC4, TMUB1",
Reactome,Regulation Of TP53 Activity Thru Phosphorylation,33,,0,down in PD,-0.2123428713893566,-0.7152863354878706,0.8620689655172413,0.9931312007901678,1.0,-0.7542531874772639,0.8728813559322034,1.0,0.9980390005759578,12,"TOPBP1, POLR1A, STK11, SSRP1, PRKAA1, MAPK14, TBP, CDK5R1, TAF7, PRKAG2, HUS1, TAF13",
Reactome,DNA Replication,60,,0,down in PD,-0.19919900933172752,-0.6147630115074583,0.8621399176954733,0.9931312007901678,1.0,-0.8044635401663189,0.8403361344537815,1.0,0.9980390005759578,20,"CUL1, ANAPC4, SEM1, POLR1A, PSMD2, RBX1, ORC3, PSMD14, PSMD10, PSMA4, UBE2E1, PSMA3",
KEGG,Tuberculosis,46,,0,down in PD,-0.20515671556273007,-0.7088227420025027,0.8622047244094488,0.9931312007901678,1.0,-0.7854944517445077,0.840958605664488,1.0,0.9980390005759578,11,"RAB5A, CAMK2D, MAPK8, ATP6V1H, IRAK1, AKT3, IFNGR1, MAPK14, PPP3R1, PIK3C3, MAPK10",
GO BP,Response To Lipopolysaccharide,33,,0,down in PD,-0.22428476021272337,-0.7377124496524893,0.8623326959847036,0.9931312007901678,1.0,-0.8100645700146079,0.7870967741935484,1.0,0.9980390005759578,11,"TNIP1, MAPK8, FBXO3, PEX2, IRAK1, CDC73, MAPK14, DAB2IP, TAB2, PDE4B, HNRNPA0",
GO BP,Regulation Of Actin Filament Polymerization,23,,0,down in PD,-0.22243847328970567,-0.6976845594837858,0.862475442043222,0.9931312007901678,1.0,-0.7204345800437509,0.8568421052631578,1.0,0.9980390005759578,9,"KANK4, FCHSD2, NCKAP1, MEGF9, NCK2, SNX9, CTTN, BIN1, SSH2",
GO BP,Establishment Of Protein Localization To Membrane,35,,0,up in PD,0.2170223554611974,0.7004146443321939,0.8625954198473282,0.9931312007901678,1.0,0.7636231828242847,0.8664192949907236,1.0,0.9980390005759578,4,"RAB3IP, ZDHHC14, ZDHHC22, RAB3GAP2",
GO BP,Positive Regulation Of Myeloid Cell Differentiation,15,,0,up in PD,0.24438325969084754,0.6715917078884361,0.8629856850715747,0.9931312007901678,1.0,0.6896243823119851,0.8766859344894027,0.9985200992411472,0.9980390005759578,5,"FAM210B, ARNT, STAT5B, STAT1, MTURN",
Reactome,RMTs Methylate Histone Arginines,15,,0,up in PD,0.25679040353779103,0.7083509576257695,0.8630952380952381,0.9931312007901678,1.0,0.7328111168570607,0.8170974155069582,1.0,0.9980390005759578,2,"ARID2, DNMT3A",
GO BP,Cytoplasmic Translational Initiation,17,,0,up in PD,0.26047388027014207,0.6544907002454268,0.8631790744466801,0.9931312007901678,1.0,0.7484515841087588,0.8138613861386138,1.0,0.9980390005759578,3,"EIF3E, EIF3H, EIF5",
KEGG,Shigellosis,105,,0,down in PD,-0.19233041936901352,-0.7384694826005607,0.8635437881873728,0.9931312007901678,1.0,-0.8742362893976762,0.7564402810304449,1.0,0.9937842674721858,35,"ITPR1, PIK3R3, CUL1, ACTR3, SHARPIN, TNIP1, MAPK8, RBX1, CHUK, CYTH3, TBK1, CAPNS1",
KEGG,Amino sugar and nucleotide sugar metabolism,19,,0,up in PD,0.23751225630853637,0.6885438665651815,0.8640776699029126,0.9931312007901678,1.0,0.7146938368485339,0.8568702290076335,1.0,0.9980390005759578,6,"UXS1, HEXA, HEXB, CYB5R3, NANS, GFPT1",
GO BP,Membrane Fusion,17,,0,down in PD,-0.2524748873699998,-0.7028378194707955,0.8649193548387096,0.9931312007901678,1.0,-0.7592612206221678,0.8236559139784946,1.0,0.9980390005759578,6,"GCA, DNM1L, USO1, NAPG, RIMS1, HACE1",
Reactome,Anti-inflammatory Response Favoring Leishmania Infection,33,PRKAR2A,1,up in PD,0.21119710952870044,0.69685065570575,0.8656126482213439,0.9931312007901678,1.0,0.7354493079751034,0.8706563706563707,1.0,0.9980390005759578,7,"PRKAR2A, CHGA, RAMP1, GNAI2, GNAI3, GNB5, GNG4",PRKAR2A
GO BP,Positive Regulation Of Neuron Projection Development,40,,0,down in PD,-0.20891952751700227,-0.7175114747306566,0.8658536585365854,0.9931312007901678,1.0,-0.7955992413671004,0.8170731707317073,1.0,0.9980390005759578,11,"SETX, CAMK1D, ARHGAP35, PRKCI, LRRC7, TUBB2B, NLGN1, ATP1B2, RAPGEF1, DAB2IP, FUT9",
GO BP,Selective Autophagy,32,,0,up in PD,0.21312290887499963,0.7036860030081508,0.8673469387755102,0.9931312007901678,1.0,0.7529301263505157,0.8558558558558559,1.0,0.9980390005759578,12,"RNF213, CALR, SQSTM1, UFC1, AUP1, UBQLN1, CALCOCO2, ATG5, RAB7A, UBA5, KLHL3, ATG4B",
GO BP,Regulation Of Cellular Component Size,21,,0,down in PD,-0.23635093383843553,-0.7067421966908417,0.867704280155642,0.9931312007901678,1.0,-0.7547407028910285,0.8161157024793388,1.0,0.9980390005759578,5,"ARHGAP35, RAP1GAP2, VAV3, NEB, PICALM",
GO BP,Regulation Of Microtubule Polymerization,26,,0,up in PD,0.22200420175048605,0.6853969308643133,0.8679611650485437,0.9931312007901678,1.0,0.7116848155322566,0.859344894026975,1.0,0.9980390005759578,7,"AKAP9, SLAIN2, MAPT, CLASP1, RPS3, STMN2, TBCD",
Reactome,Mitochondrial Translation Initiation,46,,0,up in PD,0.20188345004359481,0.5884848057371252,0.8679611650485437,0.9931312007901678,1.0,0.7718257377786325,0.8707360861759426,1.0,0.9980390005759578,14,"MRPL57, MRPS35, MRPS26, MRPL18, MRPS5, MRPL33, MRPL21, MRPL43, AURKAIP1, MRPL55, MRPS14, MRPS25",
Reactome,RAB GEFs Exchange GTP For GDP On RABs,46,,0,down in PD,-0.20508562680467468,-0.6802149276310436,0.8681541582150102,0.9931312007901678,1.0,-0.7858188212412116,0.8449438202247191,1.0,0.9980390005759578,8,"DENND2A, RAB39B, RAB5A, MADD, TRAPPC6B, TRAPPC13, AKT3, RAB9B",
GO BP,Circulatory System Development,42,,0,up in PD,0.2062692259588549,0.7424228548814071,0.8689516129032258,0.9931312007901678,1.0,0.7594560724066923,0.8778625954198473,1.0,0.9980390005759578,7,"CACYBP, AKAP13, KAT2B, NTRK3, PDLIM2, TH, SOX4",
Reactome,Antigen processing-Cross Presentation,47,,0,up in PD,0.20884622603253933,0.5912979734876737,0.8694779116465864,0.9931312007901678,1.0,0.7942465221821662,0.8140900195694716,1.0,0.9980390005759578,10,"CALR, STX4, PSMD5, UBA52, PSMB1, PSMA7, UBC, PSMB4, PSME4, SEC61A2",
Reactome,Deactivation Of Beta-Catenin Transactivating Complex,20,SOX6,1,down in PD,-0.2224603480885855,-0.6969488548017915,0.8704761904761905,0.9931312007901678,1.0,-0.693333651240511,0.9061224489795918,1.0,0.9980390005759578,2,"SOX6, BCL9",SOX6
GO BP,Protein Targeting To Membrane,36,,0,down in PD,-0.2141489796300452,-0.6863925573729244,0.8704883227176221,0.9931312007901678,1.0,-0.7876619918945249,0.8329853862212944,1.0,0.9980390005759578,10,"CHM, PEX16, ICMT, PEX19, PRKCI, PIKFYVE, NACAD, SGTA, VPS37A, ARL6",
Reactome,Transcriptional Regulation By RUNX3,46,,0,up in PD,0.20717812277152173,0.663305448648344,0.8706563706563707,0.9931312007901678,1.0,0.7644896274806607,0.8693957115009746,1.0,0.9980390005759578,10,"KAT2B, RBPJ, ZFHX3, PSMD5, UBA52, PSMB1, PSMA7, UBC, PSMB4, SNW1",
GO BP,Regulation Of Epithelial Cell Migration,21,,0,up in PD,0.22643653585791185,0.6901685878146249,0.871031746031746,0.9931312007901678,1.0,0.6923391537496014,0.8845437616387337,1.0,0.9980390005759578,6,"PTPRG, PPM1F, ENPP2, CAPN7, CLASP1, HDAC6",
GO BP,Organonitrogen Compound Biosynthetic Process,44,ELOVL7,1,down in PD,-0.21469594101702372,-0.7510230763955078,0.872,0.9931312007901678,1.0,-0.8250166891261607,0.7725321888412017,1.0,0.9980390005759578,12,"ELOVL7, CERS6, GPHN, TNIP1, CDO1, PPM1L, PCSK1, ELOVL5, ACER3, ELOVL6, SGMS1, GOLPH3",ELOVL7
Hallmark,DNA Repair,68,,0,down in PD,-0.2023871702000869,-0.689092283769723,0.872,0.9931312007901678,1.0,-0.8704763089105229,0.7193763919821826,1.0,0.9923849464738991,13,"POLR2H, GMPR2, RBX1, VPS28, SUPT5H, SSRP1, DDB1, NELFB, RNMT, ERCC1, AK3, SMAD5",
GO BP,Positive Regulation Of Cytoskeleton Organization,23,,0,down in PD,-0.22590806207330683,-0.6818216879560949,0.872255489021956,0.9931312007901678,1.0,-0.7256086593356652,0.8528138528138528,1.0,0.9980390005759578,10,"FCHSD2, NCKAP1, DYNC1H1, CFL2, NCK2, SNX9, CTTN, GSN, BIN1, PFDN2",
Reactome,Activated NOTCH1 Transmits Signal To Nucleus,17,,0,up in PD,0.238195611503271,0.6731358684354813,0.8729838709677419,0.9931312007901678,1.0,0.6936937201430247,0.8857142857142857,1.0,0.9980390005759578,6,"UBA52, UBC, DTX4, APH1B, NUMB, UBB",
KEGG,Oxidative phosphorylation,69,,0,up in PD,0.1944200786603113,0.5239890516198308,0.8732943469785575,0.9931312007901678,1.0,0.7909228333436771,0.8397683397683398,1.0,0.9980390005759578,28,"NDUFC2, NDUFB4, NDUFB11, ATP5MC1, ATP6V0E1, ATP6V1E1, ATP6V1D, NDUFC1, NDUFS6, COX15, NDUFS8, UQCR10",
GO BP,Vesicle Cargo Loading,15,,0,up in PD,0.24976456253546028,0.6740641257190563,0.8732943469785575,0.9931312007901678,1.0,0.7066333292304157,0.8745454545454545,1.0,0.9980390005759578,4,"TBC1D20, RAB1A, MIA3, SEC24C",
Reactome,Netrin-1 Signaling,25,,0,up in PD,0.21732157782952827,0.6613920607229239,0.8734693877551021,0.9931312007901678,1.0,0.6938722013599604,0.9035250463821892,1.0,0.9980390005759578,4,"TRIO, SIAH1, EZR, DSCAM",
GO BP,Regulation Of Monoatomic Ion Transmembrane Transporter Activity,36,,0,down in PD,-0.2127278001556847,-0.6829256267904186,0.8735177865612648,0.9931312007901678,1.0,-0.7702686010788905,0.8513238289205702,1.0,0.9980390005759578,8,"DLG4, HCN4, WNK3, CNIH3, GPD1L, NLGN1, STK39, FGF12",
GO BP,Glycoprotein Metabolic Process,21,,0,down in PD,-0.23259425730476246,-0.7357436192107448,0.8737270875763747,0.9931312007901678,1.0,-0.740673469375814,0.8441558441558441,1.0,0.9980390005759578,9,"MAN2A2, TNIP1, HIF1A, PRKCSH, GOLPH3, B4GALT7, MAN1B1, MAN2A1, B4GALT5",
Reactome,tRNA Processing In Nucleus,25,,0,down in PD,-0.235048317133965,-0.6940498121535709,0.87374749498998,0.9931312007901678,1.0,-0.7756266225680698,0.801354401805869,1.0,0.9980390005759578,5,"RPP30, CPSF4, NUP214, DDX1, NUP155",
KEGG,"Valine, leucine and isoleucine degradation",28,,0,up in PD,0.21567476326369966,0.645185475253293,0.8740157480314961,0.9931312007901678,1.0,0.7181011811215706,0.8754578754578755,1.0,0.9980390005759578,6,"DBT, ACAD8, HMGCLL1, HADH, PCCA, ECHS1",
Reactome,Downstream TCR Signaling,49,,0,down in PD,-0.2035312733657908,-0.6315164624030608,0.8752515090543259,0.9931312007901678,1.0,-0.7870744205947252,0.8568507157464212,1.0,0.9980390005759578,16,"CUL1, SEM1, PSMD2, CHUK, PSMD14, PSMD10, FBXW11, PSMA4, PSMA3, PSME1, TAB2, PSMD7",
GO BP,Cilium Assembly,69,,0,up in PD,0.20168732206778078,0.7180756043912621,0.8757281553398059,0.9931312007901678,1.0,0.8181763983265626,0.8105263157894737,1.0,0.9980390005759578,17,"RAB3IP, PCNT, WDR19, CEP126, NEK1, CEP41, EHD1, RAB1A, CENPJ, ATP6V1D, GBF1, HDAC6",
KEGG,Neutrophil extracellular trap formation,38,,0,up in PD,0.21158266571326378,0.6977171923298026,0.8760683760683761,0.9931312007901678,1.0,0.7613246852338124,0.8560885608856088,1.0,0.9980390005759578,5,"PRKCB, PIK3CD, PLCB4, C3, RELA",
GO BP,Endocytic Recycling,30,,0,up in PD,0.21141916492125168,0.6815814801038914,0.8769230769230769,0.9931312007901678,1.0,0.7201763163603359,0.9116541353383458,1.0,0.9980390005759578,4,"ARL4C, SNX3, EHD1, CCDC93",
Reactome,MAPK Family Signaling Cascades,141,DNAJB1,1,down in PD,-0.18407572092224356,-0.736888407494611,0.8775100401606426,0.9931312007901678,1.0,-0.8653411384300501,0.8207964601769911,1.0,0.9980390005759578,43,"PPP5C, MAP2K1, PPP2R5A, SEM1, NRAS, PPP2R5B, CAMK2D, LAMTOR3, PSMD2, ICMT, RBX1, CSK",
Reactome,Regulation Of RUNX2 Expression And Activity,45,,0,down in PD,-0.20537698794719417,-0.6268265183003098,0.8778467908902692,0.9931312007901678,1.0,-0.7773608899756905,0.8588469184890656,1.0,0.9980390005759578,14,"CUL1, SEM1, PSMD2, RBX1, PSMD14, PSMD10, PSMA4, PSMA3, PSME1, PSMD7, GSK3B, PSMD13",
GO BP,Neuron Projection Morphogenesis,85,CNTN4,1,down in PD,-0.19199376340288754,-0.7163090717136444,0.878,0.9931312007901678,1.0,-0.8311851871023889,0.8278867102396514,0.9951955952921596,0.9980390005759578,27,"CNTN4, DLG4, SLITRK5, CNTNAP2, EPHB2, ALCAM, ARHGAP35, PAK1, BTBD3, NRN1, ATP7A, DRD2",CNTN4
Reactome,Class I MHC Mediated Antigen Processing And Presentation,202,,0,down in PD,-0.18216184320485018,-0.6828755586949895,0.8785425101214575,0.9931312007901678,1.0,-0.9031091616289033,0.766743648960739,1.0,0.9980390005759578,59,"KLHL13, RNF7, UBE2W, ASB13, RLIM, KEAP1, CUL1, AREL1, FBXL4, MGRN1, ANAPC4, SEM1",
Reactome,APC/C:Cdc20 Mediated Degradation Of Mitotic Proteins,45,,0,up in PD,0.21052324343843445,0.59550568259361,0.8786692759295499,0.9931312007901678,1.0,0.7819196333089918,0.8352941176470589,1.0,0.9980390005759578,10,"BUB3, ANAPC16, PSMD5, UBA52, PSMB1, PSMA7, UBC, PSMB4, PSME4, ANAPC5",
Reactome,"BMAL1:CLOCK,NPAS2 Activates Circadian Gene Expression",15,,0,up in PD,0.23693242721194482,0.6651389935250139,0.878727634194831,0.9931312007901678,1.0,0.6630409097301295,0.8996062992125984,1.0,0.9980390005759578,2,"RXRA, HSD17B4",
GO BP,Regulation Of Cell-Matrix Adhesion,31,,0,down in PD,-0.21278891778124442,-0.6617517256070595,0.8790983606557377,0.9931312007901678,1.0,-0.76086144213326,0.8510204081632653,1.0,0.9980390005759578,11,"CIB1, NF2, DUSP3, PEAK1, MAP4K4, PTK2, GSK3B, ACTG1, NF1, RHOA, DAPK3",
Reactome,G2/M DNA Damage Checkpoint,18,,0,down in PD,-0.23226620540884368,-0.659910480754115,0.8795180722891566,0.9931312007901678,1.0,-0.7172415762653349,0.8592132505175983,1.0,0.9980390005759578,5,"TOPBP1, POLR1A, YWHAZ, TP53BP1, HUS1",
Reactome,TCR Signaling,56,,0,down in PD,-0.1980499449797427,-0.6541186248506696,0.8795180722891566,0.9931312007901678,1.0,-0.7878095719061637,0.8556485355648535,1.0,0.9980390005759578,18,"CUL1, SEM1, PSMD2, CSK, CHUK, PSMD14, PSMD10, FBXW11, PSMA4, PSMA3, PSME1, TAB2",
GO BP,DNA Metabolic Process,88,TRRAP,1,up in PD,0.18925330229170884,0.6596497368919071,0.8797595190380761,0.9931312007901678,1.0,0.8054235483432791,0.8471454880294659,1.0,0.9980390005759578,8,"TRRAP, EP400, YY1, RUVBL2, PTGES3, REXO4, DUT, INIP",TRRAP
GO BP,Protein O-linked Glycosylation,32,,0,up in PD,0.2032796197585855,0.6758503877855562,0.88125,0.9931312007901678,1.0,0.6984159672292427,0.8901734104046243,1.0,0.9980390005759578,7,"POGLUT1, B3GALT2, DPM3, PLOD1, SLC35C1, B4GAT1, GALNT16",
Reactome,Mitotic G2-G2/M Phases,97,,0,up in PD,0.19461756065420435,0.6471443983424479,0.8816568047337278,0.9931312007901678,1.0,0.8405710983675958,0.8164794007490637,1.0,0.9980390005759578,18,"PCNT, PPP1R12A, TUBG2, CDC25B, CEP41, HSP90AA1, SSNA1, PCM1, PSMD5, UBA52, AKAP9, PSMB1",
Reactome,PI3K Cascade,17,,0,down in PD,-0.23807557913791277,-0.669459667536965,0.882,0.9931312007901678,1.0,-0.7136428398670384,0.8685344827586207,1.0,0.9980390005759578,3,"PIGU, GAB2, PTPN11",
GO BP,Regulation Of Endothelial Cell Proliferation,24,,0,down in PD,-0.2140076472828243,-0.6902916324350336,0.8823529411764706,0.9931312007901678,1.0,-0.6983321057234438,0.8841870824053452,1.0,0.9980390005759578,9,"NRAS, HIF1A, AGGF1, SLC39A9, AKT3, NELL2, VEGFA, CNTN1, NF1",
GO BP,Cellular Component Assembly,91,,0,down in PD,-0.18811130453634595,-0.7157502337081643,0.8829365079365079,0.9931312007901678,1.0,-0.8162245860708617,0.8413793103448276,1.0,0.9980390005759578,34,"SLC25A46, DLG4, VCPIP1, WASF3, KIFAP3, STK25, DNM1L, PPP2R1A, STX7, DHX9, NLGN3, NCKAP1",
KEGG,Glycerophospholipid metabolism,33,,0,up in PD,0.20174074771259654,0.6920473246780062,0.8829365079365079,0.9931312007901678,1.0,0.701179274212438,0.9138240574506283,1.0,0.9980390005759578,6,"PISD, LPIN1, DGKD, CDS1, LPCAT4, CHPT1",
Reactome,Signaling By FGFR In Disease,39,,0,down in PD,-0.20076347895256197,-0.6891498437352287,0.8832684824902723,0.9931312007901678,1.0,-0.7455043184327933,0.9017857142857143,1.0,0.9980390005759578,11,"PIGU, POLR2H, GAB2, NRAS, SOS1, TRIM24, HRAS, PLCG1, POLR2G, FGF13, FGFR1OP2",
GO BP,Ribosome Assembly,17,,0,down in PD,-0.23929597798678404,-0.644062530654743,0.8838174273858921,0.9931312007901678,1.0,-0.7106112825525379,0.8731501057082452,1.0,0.9980390005759578,1,RPS27L,
KEGG,Vascular smooth muscle contraction,45,,0,down in PD,-0.2038216404062414,-0.7083792136785835,0.884,0.9931312007901678,1.0,-0.763503513812003,0.8637362637362638,1.0,0.9980390005759578,5,"ITPR1, ADCY3, AGTR1, MAP2K1, PPP1R12C",
GO BP,Vesicle Fusion,44,,0,up in PD,0.20890414532088344,0.7154945397960529,0.8842315369261478,0.9931312007901678,1.0,0.7677512131756116,0.8484848484848485,1.0,0.9980390005759578,9,"VIPAS39, VAMP1, SYT4, STX4, CHMP7, YIPF4, STX8, CHMP2A, CHMP3",
GO BP,Organic Hydroxy Compound Biosynthetic Process,15,,0,down in PD,-0.2454043290545772,-0.6409044258354377,0.8851485148514852,0.9931312007901678,1.0,-0.7154001924177228,0.860655737704918,1.0,0.9980390005759578,4,"OSBP, ABCD3, PRKAG2, HMGCR",
GO BP,Steroid Biosynthetic Process,16,,0,down in PD,-0.25213673047367857,-0.6804874734797505,0.885480572597137,0.9931312007901678,1.0,-0.7466218807381915,0.8214285714285714,1.0,0.9980390005759578,5,"OSBP, ABCD3, PRKAG2, HMGCR, SRD5A1",
Hallmark,Cholesterol Homeostasis,29,LGMN,1,up in PD,0.21809829525075403,0.6735793131769098,0.8857142857142857,0.9931312007901678,1.0,0.735183804108694,0.8493150684931506,1.0,0.9980390005759578,3,"CLU, ATXN2, ALDOC",
GO BP,Nucleosome Organization,29,,0,up in PD,0.21476145497635313,0.6769031564107709,0.886,0.9931312007901678,1.0,0.7324595597847388,0.8809946714031972,1.0,0.9980390005759578,11,"KAT6B, ARID2, HMGA1, NAP1L1, RBBP4, NAP1L3, SART3, CHD2, NAP1L2, RSF1, SET",
Reactome,Detoxification Of Reactive Oxygen Species,16,,0,up in PD,0.2388294043176905,0.6080380328188837,0.8863636363636364,0.9931312007901678,1.0,0.6937863254612173,0.8828996282527881,1.0,0.9980390005759578,7,"TXNRD1, PRDX2, ATOX1, PRDX1, SOD1, ERO1A, TXN2",
Reactome,RNA Polymerase II Transcribes snRNA Genes,39,ICE1,1,up in PD,0.19836736760984158,0.660438802660232,0.8869395711500975,0.9931312007901678,1.0,0.7179061658159747,0.9109848484848485,1.0,0.9980390005759578,3,"ICE1, PHAX, SNAPC5",ICE1
GO BP,Regulation Of Cell Cycle Process,56,L3MBTL1,1,down in PD,-0.1959420151946959,-0.6851525333415927,0.8869395711500975,0.9931312007901678,1.0,-0.7904482685470138,0.873589164785553,1.0,0.9980390005759578,7,"KLHL13, BBS4, ZNF207, BIRC6, PRPF40A, RPRD1B, SND1",
GO BP,Protein Depolymerization,15,,0,up in PD,0.24718122385988395,0.674251873976523,0.8875968992248062,0.9931312007901678,1.0,0.6923463052856523,0.8813559322033898,1.0,0.9980390005759578,7,"KATNB1, STMN4, STMN2, TWF2, KIF2A, CKAP5, DSTN",
GO BP,"Mitochondrial Electron Transport, NADH To Ubiquinone",27,,0,up in PD,0.22132859391970117,0.5321193226937172,0.8878143133462283,0.9931312007901678,1.0,0.7341542395852968,0.8506876227897839,1.0,0.9980390005759578,11,"NDUFC2, NDUFB4, NDUFC1, NDUFS6, NDUFS8, NDUFS5, NDUFA3, NDUFS3, NDUFA6, NDUFV1, NDUFV3",
GO BP,Mitochondrial ATP Synthesis Coupled Electron Transport,49,,0,up in PD,0.20108597584051396,0.5050128887329383,0.8878143133462283,0.9931312007901678,1.0,0.7759793264445254,0.8420038535645472,1.0,0.9980390005759578,19,"NDUFC2, NDUFB4, COA6, NDUFC1, NDUFS6, COX15, NDUFS8, UQCR10, NDUFS5, NDUFA3, NDUFS3, NDUFA12",
Reactome,Signaling By TGFB Family Members,50,,0,up in PD,0.20066848241076224,0.6927299340096092,0.888015717092338,0.9931312007901678,1.0,0.778711353812079,0.8648148148148148,1.0,0.9980390005759578,18,"NCOR1, UBE2D3, TFDP2, UBA52, PMEPA1, UBC, MAPK1, SNW1, STAT1, XPO1, SMAD9, CDK9",
Reactome,SCF-beta-TrCP Mediated Degradation Of Emi1,37,,0,down in PD,-0.20536454224437073,-0.5747525061850778,0.8884297520661157,0.9931312007901678,1.0,-0.7423997429786426,0.8656126482213439,1.0,0.9980390005759578,11,"CUL1, SEM1, PSMD2, PSMD14, PSMD10, PSMA4, PSMA3, PSME1, PSMD7, PSMD13, PSMD4",
GO BP,Regulation Of Epidermal Growth Factor Receptor Signaling Pathway,16,,0,up in PD,0.23163202350751189,0.682946992664403,0.8893709327548807,0.9931312007901678,1.0,0.6607812598773712,0.9083969465648855,0.9988293497977045,0.9980390005759578,5,"DGKD, NUP62, WDR54, MVB12B, APEX1",
Reactome,EPH-Ephrin Signaling,49,,0,down in PD,-0.1973783841001352,-0.6739102366262469,0.8898305084745762,0.9931312007901678,1.0,-0.7783065671466342,0.847870182555781,1.0,0.9980390005759578,7,"AP2A1, CLTCL1, ACTR3, EPHB2, EPHA7, VAV3, AP2B1",
GO BP,Protein Maturation,40,,0,up in PD,0.20405511471030108,0.7103666480435628,0.8904382470119522,0.9931312007901678,1.0,0.742151692067388,0.9026548672566371,1.0,0.9980390005759578,4,"PCSK2, TSPAN5, SORL1, MAGEF1",
Reactome,Signaling By Non-Receptor Tyrosine Kinases,22,GPNMB,1,down in PD,-0.22423504046031406,-0.6815152900601226,0.8910505836575876,0.9931312007901678,1.0,-0.7178839684236342,0.8650306748466258,1.0,0.9980390005759578,4,"EPAS1, NRAS, ARHGAP35, HIF1A",
Reactome,Export Of Viral Ribonucleoproteins From Nucleus,16,,0,up in PD,0.22856750062564163,0.623051315240082,0.8913934426229508,0.9931312007901678,1.0,0.6534600929473204,0.9122137404580153,0.9996576979943461,0.9980390005759578,6,"NUP62, XPO1, NUP210, NUP98, NUP133, RANBP2",
Reactome,Diseases Of Signal Transduction By Growth Factor Receptors And Second Messengers,220,BCL11A,1,down in PD,-0.18333686168261787,-0.7329219494496568,0.8918367346938776,0.9931312007901678,1.0,-0.924775771753648,0.711943793911007,0.9919732796697912,0.9923849464738991,65,"TGFBR2, PIGU, PIK3R3, CUL1, TRAK1, MAP2K1, POLR2H, PPP2R5A, SEM1, BIRC6, GAB2, NRAS",
Hallmark,Xenobiotic Metabolism,59,,0,down in PD,-0.1925430326459221,-0.6686778835536193,0.8927875243664717,0.9931312007901678,1.0,-0.7907508537772109,0.859504132231405,1.0,0.9980390005759578,10,"PINK1, GCLC, GSS, PEMT, AP4B1, CDO1, SAR1B, ETFDH, MTHFD1, ELOVL5",
GO BP,Negative Regulation Of Cell Population Proliferation,123,GPNMB,1,down in PD,-0.17681149192930767,-0.7079410296775016,0.8928571428571429,0.9931312007901678,1.0,-0.8236339575170717,0.8509174311926605,1.0,0.9980390005759578,31,"CIB1, ZNF503, MCC, MAP2K1, FABP7, HGS, TNS2, NF2, PAK1, MN1, PEX2, ING5",
KEGG,Gastric acid secretion,33,,0,up in PD,0.20022927155582568,0.6731265893659266,0.8933601609657947,0.9931312007901678,1.0,0.6909174585099114,0.9295499021526419,1.0,0.9980390005759578,7,"PRKCB, PLCB4, EZR, ATP1B3, GNAI2, CA2, GNAI3",
Reactome,Metabolism Of Polyamines,37,,0,down in PD,-0.1960480382427533,-0.5492368011326474,0.8936605316973415,0.9931312007901678,1.0,-0.712714021010176,0.922920892494929,1.0,0.9980390005759578,11,"SEM1, PSMD2, PSMD14, PSMD10, AZIN1, PSMA4, PSMA3, PSME1, PSMD7, PSMD13, PSMD4",
KEGG,Non-alcoholic fatty liver disease,76,,0,up in PD,0.17753901360828525,0.5627870463699013,0.8937007874015748,0.9931312007901678,1.0,0.739568753101419,0.9133709981167608,1.0,0.9980390005759578,9,"JUN, PIK3CD, INSR, LEPR, NDUFC2, RXRA, NDUFB4, RELA, NDUFB11",
GO BP,Regulation Of Type I Interferon Production,25,,0,down in PD,-0.22533676829618365,-0.7013023002028163,0.8938775510204081,0.9931312007901678,1.0,-0.7612204326852228,0.8583333333333333,1.0,0.9980390005759578,7,"TANK, RBX1, TBK1, PTPN11, IRAK1, TRAF3IP1, CYLD",
Reactome,mRNA Splicing - Minor Pathway,34,,0,up in PD,0.20420496981742983,0.6164533356809665,0.8939096267190569,0.9931312007901678,1.0,0.7064487928736533,0.8966789667896679,1.0,0.9980390005759578,10,"SF3B1, POLR2L, SRSF6, SNRNP200, POLR2F, SRSF1, ZCRB1, SNRNP48, SF3B3, SNRNP35",
GO BP,Protein Localization To Plasma Membrane,67,,0,down in PD,-0.19296440794916436,-0.6833190778385396,0.893970893970894,0.9931312007901678,1.0,-0.8087452335662539,0.8390022675736961,1.0,0.9980390005759578,19,"RAP2A, DPP10, TTC7B, SLMAP, GAK, MYO5A, PSMD10, WNK3, ATP1B1, SEC16A, KCNB1, DPP6",
Reactome,TP53 Regulates Transcription Of DNA Repair Genes,31,,0,up in PD,0.20659448174175732,0.7001471556856135,0.8942115768463074,0.9931312007901678,1.0,0.6992876841644299,0.8891050583657587,1.0,0.9980390005759578,9,"CDK13, JUN, CDK12, POLR2L, POLR2F, GTF2H5, CDK9, ERCC2, GTF2H1",
Reactome,Hedgehog Ligand Biogenesis,40,,0,down in PD,-0.20988031272519148,-0.5967057782896762,0.8944099378881988,0.9931312007901678,1.0,-0.7683175372908454,0.8504098360655737,1.0,0.9980390005759578,13,"SEM1, PSMD2, PSMD14, PSMD10, ERLEC1, SYVN1, PSMA4, PSMA3, PSME1, VCP, PSMD7, PSMD13",
Reactome,RHOV GTPase Cycle,22,,0,up in PD,0.21808788112231664,0.6584347623063163,0.89453125,0.9931312007901678,1.0,0.6949205490621618,0.8867924528301887,1.0,0.9980390005759578,8,"TPM4, SPTAN1, TXNL1, ARHGAP12, CEP97, GIT1, TPM3, PARD6A",
Reactome,Signaling By Insulin Receptor,38,,0,down in PD,-0.2017524855526266,-0.6818134951578039,0.8950617283950617,0.9931312007901678,1.0,-0.7533382153041924,0.8783185840707964,1.0,0.9980390005759578,8,"PIGU, GAB2, NRAS, ATP6V1H, PTPN11, SOS1, HRAS, PIK3C3",
GO BP,Intracellular Monoatomic Cation Homeostasis,66,,0,down in PD,-0.19294245870444648,-0.7356230038628464,0.8951612903225806,0.9931312007901678,1.0,-0.7966400990351227,0.8461538461538461,1.0,0.9980390005759578,15,"ATP2A3, LETMD1, TFRC, SLC12A2, COX11, TMEM203, SLC39A9, TMEM165, ATP7A, ATP1B1, ATP13A3, PICALM",
GO BP,Intrinsic Apoptotic Signaling Pathway,36,,0,up in PD,0.20200323023507555,0.6981367565650617,0.8952569169960475,0.9931312007901678,1.0,0.711631282436256,0.9259259259259259,1.0,0.9980390005759578,17,"BOK, CUL4A, PPM1F, AIFM1, CUL5, MOAP1, FNIP2, HINT1, DDX5, MCL1, CASP2, ERO1A",
Reactome,RHOB GTPase Cycle,32,,0,up in PD,0.2038862027507775,0.6403785504085556,0.8959537572254336,0.9931312007901678,1.0,0.7092101439394067,0.9050387596899225,1.0,0.9980390005759578,16,"MCF2L, AKAP13, ARHGEF10L, DLC1, DIAPH1, ARHGAP26, SLK, PCDH7, RTKN, ARHGEF3, ARHGAP32, VAMP3",
GO BP,Transforming Growth Factor Beta Receptor Signaling Pathway,23,,0,down in PD,-0.21748698343228268,-0.6547689645950908,0.8960784313725491,0.9931312007901678,1.0,-0.7157895012141102,0.8669438669438669,1.0,0.9980390005759578,7,"TGFBR2, EID2, SMAD5, ZMIZ2, PTK2, USP9X, ZYX",
GO BP,Gland Development,15,,0,up in PD,0.2389655224679944,0.6658426657511904,0.8963414634146342,0.9931312007901678,1.0,0.6729928437429138,0.8872458410351202,0.9999803713651422,0.9980390005759578,5,"COBL, EZR, ZBTB1, DKK3, SOD1",
GO BP,Negative Regulation Of Protein Modification By Small Protein Conjugation Or Removal,22,,0,up in PD,0.2153235670498439,0.6426092930201495,0.8963414634146342,0.9931312007901678,1.0,0.6757069415121745,0.9171483622350675,0.9998239791497094,0.9980390005759578,8,"DNAJA1, SQSTM1, SOX4, UBXN1, RPS3, SPOPL, GTPBP4, CHP1",
KEGG,Morphine addiction,40,CACNA1A,1,up in PD,0.19267182732858523,0.6530373212870731,0.8966861598440545,0.9931312007901678,1.0,0.7083774927502456,0.9204545454545454,1.0,0.9980390005759578,8,"PRKCB, CACNA1A, PDE2A, GNAO1, GNAI2, GNAI3, GNB5, GNG4",CACNA1A
Reactome,ABC Transporter Disorders,44,,0,down in PD,-0.19040359519809413,-0.576151018651432,0.8967611336032388,0.9931312007901678,1.0,-0.7203163189073516,0.9133858267716536,1.0,0.9980390005759578,12,"DERL1, SEM1, PSMD2, PSMD14, PSMD10, ERLEC1, PSMA4, PSMA3, PSME1, VCP, PSMD7, PSMD13",
GO BP,Cellular Response To Ketone,17,,0,down in PD,-0.22238570060929908,-0.6304829835131286,0.8974854932301741,0.9931312007901678,1.0,-0.6716480422424906,0.8870292887029289,1.0,0.9980390005759578,7,"ADCY3, GOLPH3, CREB1, ADCY1, ADCY2, KLF9, SPHK2",
Reactome,Regulation Of Actin Dynamics For Phagocytic Cup Formation,35,,0,up in PD,0.20747936482994506,0.6659662080110091,0.898635477582846,0.9931312007901678,1.0,0.742621098352618,0.8725868725868726,1.0,0.9980390005759578,9,"BRK1, HSP90AA1, WIPF2, ARPC5, ARPC2, MAPK1, ABI2, VPS72, CYFIP2",
Reactome,Protein Folding,47,,0,up in PD,0.1963937065740337,0.6391882405508611,0.8992094861660079,0.9931312007901678,1.0,0.7345878933758317,0.8878504672897196,1.0,0.9980390005759578,21,"CSNK2A2, CCT5, XRN2, GNB5, CCT6A, USP11, GNG4, TBCD, FBXW7, TUBA4A, HDAC3, CCT2",
GO BP,Regulation Of Heart Rate By Cardiac Conduction,16,,0,down in PD,-0.2363186968550952,-0.659798344929393,0.8992094861660079,0.9931312007901678,1.0,-0.6779692303758541,0.9028077753779697,1.0,0.9980390005759578,2,"HCN4, CAMK2D",
Reactome,G2/M Transition,96,,0,up in PD,0.18778790905127868,0.6216808617972406,0.8994082840236687,0.9931312007901678,1.0,0.8104309216803706,0.8680297397769516,1.0,0.9980390005759578,17,"PCNT, PPP1R12A, TUBG2, CDC25B, CEP41, HSP90AA1, SSNA1, PCM1, PSMD5, UBA52, AKAP9, PSMB1",
GO BP,Negative Regulation Of Cysteine-Type Endopeptidase Activity,18,,0,down in PD,-0.23051005367888966,-0.6718431515951104,0.899581589958159,0.9931312007901678,1.0,-0.7164930918816104,0.8814655172413793,1.0,0.9980390005759578,3,"CSNK2A1, FNIP1, RPS6KA1",
Reactome,Telomere Maintenance,24,,0,down in PD,-0.2131960647325083,-0.6275823802474412,0.9007936507936508,0.9931312007901678,1.0,-0.7028460827099765,0.9067796610169492,1.0,0.9980390005759578,3,"POLR2H, TERF2, POLR1A",
KEGG,Platelet activation,43,,0,down in PD,-0.19469325665099413,-0.639533598716936,0.900990099009901,0.9931312007901678,1.0,-0.733736602725236,0.8884297520661157,1.0,0.9980390005759578,9,"ITPR1, PIK3R3, ADCY3, ARHGAP35, PRKCI, AKT3, MAPK14, PRKCZ, PPP1CB",
KEGG,Ferroptosis,24,,0,up in PD,0.21667144580924882,0.6733800057154574,0.900990099009901,0.9931312007901678,1.0,0.6879163510448985,0.9063097514340345,0.999006640565279,0.9980390005759578,8,"ACSL1, SAT1, PCBP1, GCLM, SLC7A11, PRNP, TF, ATG5",
GO BP,Mitotic Spindle Assembly,15,,0,down in PD,-0.22915713853412545,-0.6583553510895613,0.901010101010101,0.9931312007901678,1.0,-0.6682860337713367,0.9053497942386831,1.0,0.9980390005759578,7,"ZNF207, SMC1A, RAB11A, RHOA, MAP9, KIF3B, STAG2",
GO BP,NADH Dehydrogenase Complex Assembly,41,,0,up in PD,0.19047590140757265,0.510224688439115,0.9011627906976745,0.9931312007901678,1.0,0.6902732026438306,0.9194499017681729,0.9989965197816804,0.9980390005759578,11,"ECSIT, NDUFC2, NDUFB4, NDUFB11, TMEM126A, LYRM2, NDUFC1, NDUFS8, NDUFS5, NDUFA3, NDUFS3",
Reactome,Signaling By PDGF,21,,0,down in PD,-0.22654106898555537,-0.6661139180420781,0.9013539651837524,0.9931312007901678,1.0,-0.7121688669544208,0.8641188959660298,1.0,0.9980390005759578,6,"NRAS, PTPN11, SOS1, RAPGEF1, HRAS, PLCG1",
Reactome,Stabilization Of P53,38,,0,up in PD,0.20290209075441334,0.5820282509436683,0.9019230769230769,0.9931312007901678,1.0,0.7304644198759279,0.8952380952380953,1.0,0.9980390005759578,8,"PHF20, PSMD5, UBA52, PSMB1, PSMA7, UBC, PSMB4, PSME4",
GO BP,Regulation Of Dendrite Morphogenesis,19,,0,up in PD,0.21951735335100173,0.6553716908201235,0.902,0.9931312007901678,1.0,0.6659241868729966,0.9142857142857143,1.0,0.9980390005759578,6,"PTPRD, SEMA4D, CAPRIN1, HECW2, OBSL1, YWHAH",
Reactome,Mitochondrial Translation,48,,0,up in PD,0.19394761135726152,0.5648605049674743,0.9025341130604289,0.9931312007901678,1.0,0.7399474081097497,0.9149722735674677,1.0,0.9980390005759578,14,"MRPL57, MRPS35, MRPS26, MRPL18, MRPS5, MRPL33, MRPL21, MRPL43, AURKAIP1, MRPL55, MRPS14, MRPS25",
GO BP,Regulation Of Neurotransmitter Receptor Activity,18,,0,down in PD,-0.2216942634095812,-0.6010134886924059,0.9025844930417495,0.9931312007901678,1.0,-0.6661832868662966,0.9038076152304609,1.0,0.9980390005759578,4,"DLG4, CNIH3, NLGN1, DLGAP3",
Reactome,Cell Cycle,260,,0,up in PD,0.1815888944155954,0.6975974044797769,0.9027237354085603,0.9931312007901678,1.0,0.9042452903271837,0.7691029900332226,0.9764532647425919,0.9980390005759578,48,"PRKCB, PCNT, CSNK2A2, BUB3, PPP1R12A, RUVBL2, NIPBL, TUBG2, LPIN1, ANAPC16, CDC25B, CEP41",
GO BP,Spindle Assembly,28,,0,down in PD,-0.20714920209397747,-0.6963709602474181,0.902834008097166,0.9931312007901678,1.0,-0.7143052649655856,0.9081419624217119,1.0,0.9980390005759578,7,"ZNF207, CSNK1D, GOLGA8A, MAPRE2, NEK7, SMC1A, MAPRE1",
Reactome,Programmed Cell Death,91,CFLAR,1,up in PD,0.1925992980893062,0.6406715911740667,0.903353057199211,0.9931312007901678,1.0,0.8288447410896306,0.7969924812030075,1.0,0.9980390005759578,32,"CFLAR, HSP90AA1, TFDP2, DFFA, PSMD5, UBA52, YWHAB, KPNA1, CHMP7, PSMB1, PSMA7, UBC",CFLAR
GO BP,mRNA Metabolic Process,42,,0,up in PD,0.19320216514303692,0.6543121068985598,0.903353057199211,0.9931312007901678,1.0,0.7121502202041501,0.9119850187265918,1.0,0.9980390005759578,7,"AGO3, SCAF11, HNRNPA2B1, SON, HNRNPR, CELF1, SRSF1",
Reactome,Transcriptional Regulation By RUNX2,54,,0,down in PD,-0.19286293339455263,-0.6338568176770645,0.9034907597535934,0.9931312007901678,1.0,-0.7638228004450273,0.8853754940711462,1.0,0.9980390005759578,16,"CUL1, SEM1, PSMD2, RBX1, PSMD14, PSMD10, AKT3, PSMA4, ABL1, PSMA3, PSME1, PSMD7",
Reactome,Activation Of NF-kappaB In B Cells,42,,0,up in PD,0.19855377125056414,0.5722809842505464,0.9035433070866141,0.9931312007901678,1.0,0.7283278142248257,0.9169960474308301,1.0,0.9980390005759578,9,"PRKCB, RELA, PSMD5, UBA52, PSMB1, PSMA7, UBC, PSMB4, PSME4",
Hallmark,KRAS Signaling Dn,31,,0,up in PD,0.2023369439587229,0.6585830032546252,0.9038076152304609,0.9931312007901678,1.0,0.6930203349572955,0.9165085388994307,1.0,0.9980390005759578,7,"KLHDC8A, SLC25A23, NUDT11, TENM2, SMPX, ABCG4, MX1",
Reactome,G Alpha (12/13) Signaling Events,35,,0,up in PD,0.19652335300670876,0.644864424748007,0.9042145593869731,0.9931312007901678,1.0,0.6976260681829689,0.898635477582846,1.0,0.9980390005759578,7,"MCF2L, TRIO, AKAP13, ARHGEF10L, ARHGEF9, GNB5, GNG4",
GO BP,Response To Insulin,34,,0,up in PD,0.19972967322843793,0.644116374204212,0.9043659043659044,0.9931312007901678,1.0,0.6969379993820606,0.9044117647058824,1.0,0.9980390005759578,4,"LPIN1, TBC1D4, KAT2B, INSR",
GO BP,Modulation By Host Of Symbiont Process,15,,0,down in PD,-0.226255818135772,-0.6239077003913476,0.9051383399209486,0.9931312007901678,1.0,-0.6649873087500782,0.9120171673819742,1.0,0.9980390005759578,2,"FASN, RAB5A",
Reactome,Cilium Assembly,88,,0,down in PD,-0.18873629311081475,-0.6924863268029887,0.9051546391752577,0.9931312007901678,1.0,-0.82758917324692,0.8285714285714286,0.9972311627170276,0.9980390005759578,22,"EXOC6, BBS4, PAFAH1B1, KIFAP3, TCTN3, EXOC5, IFT57, EXOC8, CSNK1D, ARL3, PPP2R1A, BBS7",
Reactome,Autodegradation Of Cdh1 By Cdh1:APC/C,43,,0,down in PD,-0.1878473172480113,-0.5533417715512517,0.9057377049180327,0.9931312007901678,1.0,-0.7007233269514657,0.9456740442655935,1.0,0.9980390005759578,15,"ANAPC4, SEM1, PSMD2, PSMD14, PSMD10, PSMA4, UBE2E1, PSMA3, PSME1, CDC23, PSMD7, PSMD13",
Reactome,Cell Cycle Checkpoints,104,,0,down in PD,-0.18172005604211294,-0.6275845169499704,0.9061224489795918,0.9931312007901678,1.0,-0.8146173175309631,0.8775510204081632,1.0,0.9980390005759578,30,"TOPBP1, PPP2R5A, ANAPC4, DYNC1I1, SEM1, PAFAH1B1, POLR1A, PPP2R5B, PSMD2, ORC3, PPP2R1A, PPP2CA",
Reactome,Neutrophil Degranulation,187,CPNE3,1,down in PD,-0.1761307617777953,-0.7050695877284331,0.9063136456211812,0.9931312007901678,1.0,-0.8660852241581113,0.8260869565217391,1.0,0.9980390005759578,30,"LAMTOR1, CPNE3, CD47, NHLRC3, MGST1, AMPD3, AGL, GCA, PYGL, HGSNAT, PPIA, FUCA2",CPNE3
KEGG,Amyotrophic lateral sclerosis,181,FUS,1,down in PD,-0.17168854528918598,-0.5771135762201227,0.9066937119675457,0.9931312007901678,1.0,-0.8433398759542211,0.8577981651376146,0.9957840095952011,0.9980390005759578,34,"PINK1, DERL1, RAB39B, SETX, RAB5A, DCTN5, TANK, NDUFB5, SEM1, KIF5A, PSMD2, NDUFA10",
GO BP,Glucose Homeostasis,27,,0,up in PD,0.20632705345443575,0.6676220342005753,0.9066937119675457,0.9931312007901678,1.0,0.685563780008917,0.9191176470588235,0.9999829295457899,0.9980390005759578,13,"LRRC8D, INSR, LEPR, WFS1, SOX4, MBD5, APLP2, FOXK1, PRKAA2, HK1, IRS1, KLF7",
GO BP,COPII-coated Vesicle Budding,26,,0,down in PD,-0.20781547708797654,-0.6160923436071843,0.9066937119675457,0.9931312007901678,1.0,-0.682404671081425,0.9304932735426009,1.0,0.9980390005759578,10,"CSNK1D, SEC31A, SEC23B, PREB, VAPB, TMED10, SEC24A, TRAPPC2, PPP6C, TRAPPC2L",
Reactome,Calnexin/calreticulin Cycle,18,,0,up in PD,0.21185392434898231,0.6193718156142854,0.90748031496063,0.9931312007901678,1.0,0.6306082524467871,0.94831013916501,1.0,0.9980390005759578,7,"CALR, UBA52, UBC, UGGT1, RNF185, SEL1L, UBB",
Reactome,SUMOylation Of Ubiquitinylation Proteins,15,,0,down in PD,-0.23291336538661112,-0.6315341115991064,0.9075975359342916,0.9931312007901678,1.0,-0.6735960010025751,0.9066666666666666,1.0,0.9980390005759578,3,"UBE2I, NUP214, NUP155",
GO BP,Regulation Of Protein Ubiquitination,56,,0,down in PD,-0.18885583285157992,-0.7108454192648704,0.9083665338645418,0.9931312007901678,1.0,-0.7692104383322174,0.8861283643892339,1.0,0.9980390005759578,18,"PINK1, TBC1D7, DERL1, MYCBP2, RCHY1, VPS28, ARRB1, PSMD10, DCUN1D1, HUWE1, N4BP1, UBE3A",
Reactome,P75 NTR Receptor-Mediated Signaling,47,,0,up in PD,0.19759330746304293,0.6881632144416099,0.9087221095334685,0.9931312007901678,1.0,0.7511522763908977,0.9038461538461539,1.0,0.9980390005759578,10,"MCF2L, TRIO, AKAP13, RELA, ARHGEF10L, UBA52, UBC, SQSTM1, ARHGEF9, APH1B",
GO BP,Mitotic Metaphase Plate Congression,19,,0,down in PD,-0.2160672134700341,-0.6202752855472725,0.9090909090909091,0.9931312007901678,1.0,-0.6763641842380872,0.9102844638949672,1.0,0.9980390005759578,10,"RMDN1, CHMP2B, VPS4A, CHMP1A, MAPRE1, CDC23, RAB11A, PDCD6IP, BOD1, DCTN2",
Reactome,G1/S DNA Damage Checkpoints,42,,0,up in PD,0.19366363744154624,0.5836047160790002,0.9097888675623801,0.9931312007901678,1.0,0.7061303568954149,0.9392156862745098,1.0,0.9980390005759578,15,"PHF20, PSMD5, UBA52, PSMB1, PSMA7, UBC, PSMB4, PSME4, PCBP4, PSMD11, PSMB2, PSMB6",
Reactome,Role Of GTSE1 In G2/M Progression After G2 Checkpoint,37,,0,up in PD,0.20336216856778042,0.5361453533229676,0.91015625,0.9931312007901678,1.0,0.7211998203453525,0.896551724137931,1.0,0.9980390005759578,8,"HSP90AA1, PSMD5, UBA52, PSMB1, PSMA7, UBC, PSMB4, PSME4",
KEGG,Human T-cell leukemia virus 1 infection,78,TRRAP,1,up in PD,0.1833464785399719,0.6816375453117414,0.9103313840155945,0.9931312007901678,1.0,0.7612260474222706,0.9069767441860465,1.0,0.9980390005759578,17,"TRRAP, BUB3, JUN, PIK3CD, CALR, JAK1, KAT2B, RELA, MAPK1, E2F3, ANAPC5, PPP3CA",TRRAP
GO BP,Negative Regulation Of Autophagy,28,,0,up in PD,0.20677654358332268,0.6449891431535488,0.9105058365758755,0.9931312007901678,1.0,0.6918375681589227,0.9237749546279492,1.0,0.9980390005759578,8,"SNRNP70, LEPR, STK38L, RRAGA, MTMR9, CTSA, MCL1, FOXK1",
Reactome,Signaling By Receptor Tyrosine Kinases,210,SH3GL3,1,down in PD,-0.17852783004883388,-0.7367059052359571,0.9112903225806451,0.9931312007901678,1.0,-0.900160723332457,0.7676767676767676,1.0,0.9980390005759578,45,"SH3GL3, ITPR1, PIGU, PIK3R3, AP2A1, WASF3, MAP2K1, POLR2H, PTPRZ1, GAB2, NRAS, HGS",SH3GL3
Reactome,Downregulation Of TGF-beta Receptor Signaling,15,,0,down in PD,-0.2326725279666192,-0.6027219252161717,0.9112903225806451,0.9931312007901678,1.0,-0.6716582687464316,0.8925619834710744,1.0,0.9980390005759578,2,"TGFBR2, MTMR4",
Reactome,Neurotransmitter Receptors And Postsynaptic Signal Transmission,91,PRKAR2A,1,down in PD,-0.19158433117760476,-0.6977182787726741,0.9117647058823529,0.9931312007901678,1.0,-0.8506632467377203,0.8082191780821918,0.9977570107210868,0.9980390005759578,21,"GRIA3, AP2A1, NRAS, KCNJ9, CAMK2D, RASGRF1, PICK1, LIN7C, AP2B1, RPS6KA1, PRKAR2B, LRRC7",
Reactome,mRNA 3-End Processing,31,,0,up in PD,0.19627163829849947,0.6011925237539196,0.9121756487025948,0.9931312007901678,1.0,0.6714755667344992,0.9450757575757576,1.0,0.9980390005759578,2,"CASC3, CPSF2",
GO BP,Negative Regulation Of Cysteine-Type Endopeptidase Activity Involved In Apoptotic Process,21,,0,down in PD,-0.21906378616756295,-0.6428305435265853,0.9125,0.9931312007901678,1.0,-0.7078940551859088,0.9023354564755839,1.0,0.9980390005759578,3,"CSNK2A1, FNIP1, RPS6KA1",
GO BP,Regulation Of DNA-templated Transcription Elongation,19,,0,down in PD,-0.21105589250485934,-0.6124859821022584,0.9126984126984127,0.9931312007901678,1.0,-0.6450912339515241,0.9502164502164502,0.9996576445691466,0.9980390005759578,8,"INTS10, SUPT5H, PARP1, SCAF8, TCEA2, HTATSF1, INTS12, SUPT16H",
Reactome,Sensory Perception,58,,0,up in PD,0.1874316243667726,0.6724897385627732,0.9126984126984127,0.9931312007901678,1.0,0.7315129022187469,0.9355432780847146,1.0,0.9980390005759578,13,"KCNMA1, CTBP2, ATP2B1, EZR, CASK, SPTAN1, SYN1, SNAP25, RAB3A, GNB5, TWF2, METAP2",
GO BP,Mitochondrial Gene Expression,52,,0,up in PD,0.18400727971665948,0.5549225513641388,0.9132149901380671,0.9931312007901678,1.0,0.7113902398643404,0.9357142857142857,1.0,0.9980390005759578,16,"MRPL57, DAP3, MRPS26, MRPL18, MRPS5, MRPL33, FASTKD1, MRPL21, MRPL43, MRPL55, MRPS14, MRPS25",
Reactome,Innate Immune System,370,"CPNE3, LGMN",2,down in PD,-0.16870486391289763,-0.691995801940577,0.9138276553106213,0.9931312007901678,1.0,-0.9044263422726999,0.8034825870646766,1.0,0.9980390005759578,69,"LAMTOR1, CPNE3, CD47, ITPR1, NHLRC3, MGST1, AMPD3, AGL, GCA, PYGL, CUL1, LGMN","CPNE3, LGMN"
GO BP,Synaptic Vesicle Exocytosis,24,,0,down in PD,-0.21284945275622547,-0.5874852153789241,0.9139344262295082,0.9931312007901678,1.0,-0.7053904655466393,0.9050632911392406,1.0,0.9980390005759578,3,"UNC13C, SNAP47, RIMS3",
GO BP,Positive Regulation Of Synaptic Transmission,40,LGMN,1,down in PD,-0.200891657846882,-0.633593837672397,0.9146341463414634,0.9931312007901678,1.0,-0.7298583672908414,0.9177777777777778,1.0,0.9980390005759578,10,"DLG4, LGMN, EPHB2, CLSTN3, RIMS3, NLGN3, NLGN1, PRKCZ, FMR1, SYT1",LGMN
Reactome,HCMV Infection,48,,0,up in PD,0.19307819091165884,0.6408265630182309,0.9150197628458498,0.9931312007901678,1.0,0.7256759766583385,0.9253187613843351,1.0,0.9980390005759578,19,"PCSK2, NCOR1, DUT, NUP62, HSD17B4, CHMP7, SNF8, CHMP2A, RBBP4, HDAC3, NUP210, NUP98",
Reactome,G2/M Checkpoints,56,,0,down in PD,-0.1932936188474731,-0.5794188504698885,0.9156378600823045,0.9931312007901678,1.0,-0.7752458064450392,0.8669354838709677,1.0,0.9980390005759578,17,"TOPBP1, SEM1, POLR1A, PSMD2, ORC3, PSMD14, PSMD10, PSMA4, PSMA3, PSME1, YWHAZ, PSMD7",
Reactome,Regulation Of RUNX3 Expression And Activity,36,,0,down in PD,-0.19908260086980123,-0.5654547381891107,0.9159836065573771,0.9931312007901678,1.0,-0.7068234485327172,0.9346938775510204,1.0,0.9980390005759578,12,"SEM1, PSMD2, PSMD14, PSMD10, PSMA4, PSMA3, PSME1, PSMD7, PSMD13, PSMD4, SMURF1, PSMC3",
GO BP,Proteasomal Protein Catabolic Process,140,,0,down in PD,-0.18008839875318328,-0.6765535566244237,0.9164926931106472,0.9931312007901678,1.0,-0.8588143124093671,0.8289473684210527,0.9958779891016858,0.9980390005759578,36,"UBE2W, NHLRC3, DERL1, CUL1, ATXN3, DCAF11, SHARPIN, PSMD2, FBXO9, RBX1, UBE2G1, PSMD14",
GO BP,Double-Strand Break Repair,55,ZMYND8,1,up in PD,0.19703098552882703,0.7067778386350623,0.9171717171717172,0.9931312007901678,1.0,0.7669005834082313,0.8471223021582733,1.0,0.9980390005759578,7,"ZMYND8, YY1, EPC1, EYA3, INIP, SPIDR, ZSWIM7",ZMYND8
GO BP,Oxidative Phosphorylation,36,,0,up in PD,0.19005068471855985,0.4696513009365975,0.9176470588235294,0.9931312007901678,1.0,0.6787442067854121,0.94106463878327,1.0,0.9980390005759578,13,"NDUFC2, NDUFB4, NDUFB11, NDUFC1, NDUFS6, NDUFS8, NDUFS5, NDUFA3, NDUFS3, NDUFA12, NDUFA6, NDUFV1",
GO BP,Presynaptic Endocytosis,17,,0,down in PD,-0.22376202979755655,-0.5883088690454346,0.9176954732510288,0.9931312007901678,1.0,-0.6718839570958383,0.8977505112474438,1.0,0.9980390005759578,4,"AP2B1, NLGN3, NLGN1, SYT1",
Reactome,Ubiquitin-dependent Degradation Of Cyclin D,35,,0,down in PD,-0.19248855443638335,-0.5289243267507804,0.917864476386037,0.9931312007901678,1.0,-0.6795296929358479,0.9495967741935484,1.0,0.9980390005759578,11,"SEM1, PSMD2, PSMD14, PSMD10, PSMA4, PSMA3, PSME1, PSMD7, GSK3B, PSMD13, PSMD4",
Reactome,Phase 0 - Rapid Depolarisation,18,,0,down in PD,-0.20765130890853745,-0.5790761741334133,0.918,0.9931312007901678,1.0,-0.6252396350658694,0.9494736842105264,0.9997978593592766,0.9980390005759578,2,"CACNA2D2, CAMK2D",
GO BP,Sterol Biosynthetic Process,15,,0,up in PD,0.23019850026568306,0.5941755478354671,0.9185336048879837,0.9931312007901678,1.0,0.6565916194430275,0.908745247148289,0.999659154807179,0.9980390005759578,5,"INSIG1, DHCR24, ARV1, PMVK, GLB1",
Reactome,Signaling By FGFR,47,,0,down in PD,-0.19217240586943696,-0.6751347812066885,0.9186507936507936,0.9931312007901678,1.0,-0.7508330326294674,0.9017094017094017,1.0,0.9980390005759578,10,"PIGU, POLR2H, NRAS, PPP2R1A, PPP2CA, PTPN11, SOS1, HRAS, BRAF, PLCG1",
Reactome,Ca-dependent Events,19,PRKAR2A,1,up in PD,0.22284708286574242,0.6327813765887891,0.9189723320158103,0.9931312007901678,1.0,0.6661885931889728,0.9059500959692899,1.0,0.9980390005759578,1,PRKAR2A,PRKAR2A
Reactome,Glucagon-like Peptide-1 (GLP1) Regulates Insulin Secretion,19,PRKAR2A,1,down in PD,-0.22085806861979906,-0.6597280176766002,0.9190283400809717,0.9931312007901678,1.0,-0.6906483906859517,0.8927789934354485,1.0,0.9980390005759578,5,"ITPR1, PRKAR2B, IQGAP1, PRKAR1A, KCNB1",
GO BP,Negative Regulation Of Macromolecule Metabolic Process,67,LGMN,1,down in PD,-0.18344180440173075,-0.6582665082218191,0.9196787148594378,0.9931312007901678,1.0,-0.777285077608747,0.9054945054945055,1.0,0.9980390005759578,18,"ZNF503, PINK1, LGMN, TERF2, HIF1A, RBMS3, PRKAA1, ZNF281, SMAD5, PICALM, HRAS, ANXA7",LGMN
GO BP,Regulation Of G0 To G1 Transition,17,,0,up in PD,0.2284620860024928,0.6273950003571425,0.9196787148594378,0.9931312007901678,1.0,0.6702609753033123,0.9019230769230769,1.0,0.9980390005759578,2,"BCL7A, ARID2",
GO BP,Adenylate Cyclase-Modulating G Protein-Coupled Receptor Signaling Pathway,38,ADGRB3,1,up in PD,0.18461254623352968,0.6348388682192754,0.9196787148594378,0.9931312007901678,1.0,0.6642639046099827,0.9559386973180076,1.0,0.9980390005759578,11,"RAMP1, PDE2A, GNAO1, GNAI2, PSAP, GNAI3, GPR37L1, OPRK1, RIMS2, LPAR1, GNAS",
KEGG,Progesterone-mediated oocyte maturation,44,,0,up in PD,0.1989140190950813,0.6731970267111017,0.9207317073170732,0.9931312007901678,1.0,0.7366612350724181,0.8754646840148699,1.0,0.9980390005759578,10,"IGF1R, IGF1, PIK3CD, CDC25B, HSP90AA1, MAPK1, ANAPC5, GNAI2, ANAPC13, GNAI3",
GO BP,Regulation Of Cyclin-Dependent Protein Kinase Activity,19,,0,down in PD,-0.2193467785115117,-0.6425103177532687,0.9214145383104125,0.9931312007901678,1.0,-0.6630274215569439,0.934640522875817,1.0,0.9980390005759578,19,"CCNH, CDK5R1, MNAT1, GADD45A, GTF2H1, CDKN1C, CCNG1, GTPBP4, CCNT1, CCNT2, HSP90AB1, CCNG2",
Reactome,Regulation Of Lipid Metabolism By PPARalpha,52,,0,down in PD,-0.19151629885822485,-0.7041161139132209,0.9220532319391636,0.9931312007901678,1.0,-0.7612196232660796,0.8871681415929203,1.0,0.9980390005759578,10,"ARNT2, MED4, SIN3A, TNFRSF21, CCNC, RORA, MED13, MED9, ACADM, CLOCK",
GO BP,Metal Ion Transport,54,,0,down in PD,-0.18771781318489167,-0.6729278248802169,0.9224489795918367,0.9931312007901678,1.0,-0.7513825732613341,0.9242105263157895,1.0,0.9980390005759578,4,"RYR3, ITPR1, ATP2A3, SLC23A2",
KEGG,RNA polymerase,18,,0,down in PD,-0.21820410760618125,-0.6058112059903915,0.9224489795918367,0.9931312007901678,1.0,-0.6572393660590863,0.9077568134171907,0.9991731206395348,0.9980390005759578,2,"POLR2H, POLR1A",
GO BP,Negative Regulation Of Binding,24,,0,down in PD,-0.2009191254114585,-0.6379758758440611,0.9226069246435845,0.9931312007901678,1.0,-0.6577588667979756,0.9373695198329853,0.9999899025045738,0.9980390005759578,5,"WAPL, MAPK8, PEX19, BTAF1, SUMO3",
KEGG,Insulin secretion,35,,0,up in PD,0.19311560219657514,0.6510111440473293,0.9226190476190477,0.9931312007901678,1.0,0.6837498505108358,0.9509433962264151,0.9994317361542046,0.9980390005759578,6,"PRKCB, KCNMA1, PLCB4, ATP1B3, SNAP25, RAB3A",
Hallmark,Glycolysis,82,PPFIA4,1,up in PD,0.18909306612255772,0.6746552249282156,0.9238683127572016,0.9931312007901678,1.0,0.7979838993478281,0.8446428571428571,1.0,0.9980390005759578,9,"PPFIA4, PAM, STC1, HSPA5, HAX1, FUT8, ENO2, ZNF292, PLOD1",PPFIA4
GO BP,Endosome To Lysosome Transport,35,,0,down in PD,-0.1998388849496201,-0.6717802741566706,0.9241516966067864,0.9931312007901678,1.0,-0.7285890328527037,0.8886597938144329,1.0,0.9980390005759578,6,"TRAK1, MGRN1, UEVLD, AKTIP, AP3D1, VPS18",
GO BP,Positive Regulation Of Canonical Wnt Signaling Pathway,35,,0,up in PD,0.18277628337609358,0.6417927017963697,0.9244186046511628,0.9931312007901678,1.0,0.6424407915913966,0.9497206703910615,1.0,0.9980390005759578,10,"USP47, SFRP1, TNKS2, TNKS, SOX4, GID8, XIAP, ZEB2, UBR5, GPRC5B",
Reactome,RHOJ GTPase Cycle,26,,0,up in PD,0.20511747927560048,0.6278114743529687,0.9253112033195021,0.9931312007901678,1.0,0.6759814562666809,0.9171270718232044,1.0,0.9980390005759578,15,"TRIO, CDC42BPA, WIPF2, ARHGAP26, GIT1, FNBP1, RAB7A, GJA1, ARHGAP32, VAMP3, SLC4A7, PREX1",
GO BP,Dendrite Morphogenesis,22,,0,up in PD,0.21054433396884373,0.628699769452832,0.9257731958762887,0.9931312007901678,1.0,0.6760035604525234,0.9064327485380117,1.0,0.9980390005759578,2,"DIP2A, TMEM106B",
GO BP,Regulation Of Neuron Apoptotic Process,34,LGMN,1,down in PD,-0.20216239160013438,-0.6482670358355599,0.926,0.9931312007901678,1.0,-0.7251587106194832,0.892933618843683,1.0,0.9980390005759578,12,"PINK1, LGMN, PTPRZ1, EPHA7, PRKCI, NSMF, NAE1, CDK5R1, KCNB1, VSTM2L, CTNNB1, NF1",LGMN
Reactome,Degradation Of DVL,39,,0,down in PD,-0.18865391384118269,-0.5290844145080318,0.9260780287474333,0.9931312007901678,1.0,-0.6870631135795545,0.9362549800796812,1.0,0.9980390005759578,11,"SEM1, PSMD2, RBX1, PSMD14, PSMD10, PSMA4, PSMA3, PSME1, PSMD7, PSMD13, PSMD4",
KEGG,Glycolysis / Gluconeogenesis,26,,0,up in PD,0.20049634901773428,0.5254445287725754,0.9263803680981595,0.9931312007901678,1.0,0.6537742596496424,0.9371633752244165,1.0,0.9980390005759578,9,"ALDOC, ENO2, GAPDH, PGK1, TPI1, BPGM, HK1, G6PC3, ALDH3A2",
GO BP,Negative Regulation Of Epithelial Cell Proliferation,23,,0,down in PD,-0.2029670763918493,-0.5963329550700893,0.9264413518886679,0.9931312007901678,1.0,-0.6629010277535035,0.9157894736842105,1.0,0.9980390005759578,7,"MCC, PEX2, CDC73, DAB2IP, SOX2, ROBO1, NF1",
Reactome,Signaling By NOTCH4,48,,0,down in PD,-0.17669209047676115,-0.5584246884143065,0.9266802443991853,0.9931312007901678,1.0,-0.6816154230755284,0.960552268244576,1.0,0.9980390005759578,10,"CUL1, SEM1, PSMD2, RBX1, PSMD14, PSMD10, PSMA4, PSMA3, PSME1, YWHAZ",
Reactome,TGF-beta Receptor Signaling Activates SMADs,19,,0,down in PD,-0.2153105516317123,-0.6026238789138108,0.9270216962524654,0.9931312007901678,1.0,-0.6684010470721147,0.9219712525667351,1.0,0.9980390005759578,2,"TGFBR2, MTMR4",
GO BP,Myelination,26,,0,down in PD,-0.18999146831470182,-0.6095433287951023,0.9271653543307087,0.9931312007901678,1.0,-0.626335820558649,0.9594320486815415,1.0,0.9980390005759578,5,"TNFRSF21, AMIGO1, B4GALT6, NFASC, ACER3",
GO BP,Positive Regulation Of Wnt Signaling Pathway,43,,0,down in PD,-0.1782354926268117,-0.6326334380741975,0.9273858921161826,0.9931312007901678,1.0,-0.6767419651429544,0.9391304347826087,1.0,0.9980390005759578,7,"CSNK2A1, USP8, CSNK1D, JRK, CRBN, UBE2B, CDC73",
Reactome,SARS-CoV-2 Activates/Modulates Innate And Adaptive Immune Responses,41,,0,up in PD,0.19388304224387654,0.6381394707093929,0.928,0.9931312007901678,1.0,0.6997098995597886,0.9233511586452763,1.0,0.9980390005759578,15,"TRAF3, JAK1, HSP90AA1, NUP62, STAT2, MAP3K7, STAT1, SEC24C, UBE2N, NUP210, NUP98, G3BP1",
Reactome,DNA Replication Pre-Initiation,55,,0,down in PD,-0.17801810201717194,-0.546732089934593,0.9281314168377823,0.9931312007901678,1.0,-0.7063045878083258,0.9330628803245437,1.0,0.9980390005759578,19,"ANAPC4, SEM1, POLR1A, PSMD2, ORC3, PSMD14, PSMD10, PSMA4, UBE2E1, PSMA3, PSME1, CDC23",
Reactome,APC/C:Cdc20 Mediated Degradation Of Securin,43,,0,down in PD,-0.1790994415575511,-0.5271610911594365,0.9288617886178862,0.9931312007901678,0.998440232439361,-0.6671170705742427,0.9695121951219512,1.0,0.9980390005759578,15,"ANAPC4, SEM1, PSMD2, PSMD14, PSMD10, PSMA4, UBE2E1, PSMA3, PSME1, CDC23, PSMD7, PSMD13",
Reactome,Host Interactions Of HIV Factors,78,,0,down in PD,-0.1777309277356961,-0.5871626112663988,0.9290060851926978,0.9931312007901678,1.0,-0.7545314419297581,0.9219088937093276,1.0,0.9980390005759578,19,"SGIP1, AP2A1, PPIA, SEM1, PSMD2, RBX1, ATP6V1H, PSMD14, PSMD10, AP2B1, NUP214, PSMA4",
KEGG,SNARE interactions in vesicular transport,17,,0,down in PD,-0.21914223539946232,-0.6409888417034749,0.9305555555555556,0.9931312007901678,1.0,-0.6459817299098857,0.9203187250996016,1.0,0.9980390005759578,6,"STX7, STX18, GOSR2, BET1L, STX16, VAMP4",
Hallmark,mTORC1 Signaling,116,LGMN,1,up in PD,0.16976644744493724,0.5816936664027371,0.931237721021611,0.9931312007901678,1.0,0.7600007253463741,0.9514388489208633,1.0,0.9980390005759578,39,"STC1, UBE2D3, HSPA5, CACYBP, CALR, HSPA4, HSP90B1, PDAP1, TXNRD1, MAP2K3, RAB1A, SQSTM1",
GO BP,Regulation Of Dendritic Spine Morphogenesis,19,,0,down in PD,-0.20654233960877266,-0.6185116145688662,0.9313131313131313,0.9931312007901678,1.0,-0.64706776540819,0.9220489977728286,1.0,0.9980390005759578,5,"PPFIA2, SIPA1L1, NLGN1, CDK5R1, CAPRIN2",
Reactome,Activation Of GABAB Receptors,18,,0,up in PD,0.1960690925582488,0.5679508014603128,0.9316239316239316,0.9931312007901678,1.0,0.5803825745454292,0.9645522388059702,0.9992305341841938,0.9980390005759578,4,"GNAI2, GNAI3, GNB5, GNG4",
Hallmark,Myc Targets V2,23,,0,up in PD,0.21057331666368995,0.6160947657741317,0.931640625,0.9931312007901678,1.0,0.6739315341720373,0.9138240574506283,1.0,0.9980390005759578,23,"PA2G4, UNG, LAS1L, DCTPP1, NDUFAF4, RRP12, TCOF1, MCM4, PES1, CBX3, PPRC1, SRM",
GO BP,Transcription By RNA Polymerase II,92,ICE1,1,down in PD,-0.17765467546300906,-0.6730890066043805,0.9316770186335404,0.9931312007901678,1.0,-0.7911962145478347,0.8986486486486487,1.0,0.9980390005759578,25,"SETX, MED4, RTF1, POLR2H, GTF2A1, RPRD1B, SUPT5H, PEX2, TCEA1, MNT, CDC73, TRIM24",
Reactome,RNA Polymerase I Transcription Initiation,25,,0,down in PD,-0.19773644681741065,-0.6397975537656024,0.9316770186335404,0.9931312007901678,1.0,-0.67351764843435,0.9367088607594937,1.0,0.9980390005759578,3,"POLR2H, RRN3, POLR1A",
GO BP,Regulation Of Lamellipodium Assembly,15,,0,down in PD,-0.21895356151282475,-0.6168937671688223,0.9318637274549099,0.9931312007901678,1.0,-0.6389122678792598,0.9178947368421052,0.9973185623958413,0.9980390005759578,3,"ACTR3, AKIRIN1, NCKAP1",
GO BP,Regulation Of Axon Extension,20,,0,down in PD,-0.2152148312285559,-0.5951544136085092,0.9320987654320988,0.9931312007901678,1.0,-0.670521450436056,0.9059304703476483,1.0,0.9980390005759578,8,"KIAA0319, SIN3A, GSK3B, RUFY3, DIP2B, CTTN, GOLGA4, RTN4",
KEGG,Human cytomegalovirus infection,80,,0,up in PD,0.1728114523490987,0.6477157916954567,0.9321357285429142,0.9931312007901678,1.0,0.7220726689648779,0.9421768707482994,1.0,0.9980390005759578,16,"PRKCB, PIK3CD, AKAP13, CALR, PLCB4, JAK1, GNAO1, RELA, MAPK1, E2F3, GNAI2, PPP3CA",
Reactome,tRNA Processing,35,,0,down in PD,-0.1943411863253457,-0.6201551918463666,0.9322381930184805,0.9931312007901678,1.0,-0.6994997549290098,0.9176201372997712,1.0,0.9980390005759578,7,"URM1, RPP30, CPSF4, NUP214, DDX1, ADAT1, NUP155",
KEGG,Axon guidance,81,PLXNC1,1,up in PD,0.18509151527993925,0.677358076845892,0.9325396825396826,0.9931312007901678,1.0,0.7748171072246466,0.9023508137432188,1.0,0.9980390005759578,18,"PLXNC1, WNT5A, PIK3CD, SEMA4D, CFL1, MYL12A, ENAH, PAK3, MAPK1, GNAI2, PPP3CA, PLXNA4",PLXNC1
Reactome,RHO GTPase Effectors,112,SCAI,1,down in PD,-0.17789810716348642,-0.6554456394792466,0.9327902240325866,0.9931312007901678,1.0,-0.8206550934298,0.8687089715536105,1.0,0.9980390005759578,30,"SCAI, RHOQ, WASF3, PPP2R5A, DHDDS, ACTR3, DYNC1I1, PAFAH1B1, KIF5A, PPP2R5B, NF2, PPP2R1A",SCAI
GO BP,Apoptotic Process,71,CFLAR,1,up in PD,0.1870794359375133,0.6828254623002077,0.932806324110672,0.9931312007901678,1.0,0.7617625872348899,0.8886792452830189,1.0,0.9980390005759578,7,"NSG1, BOK, CFLAR, C19orf12, IFI27L2, SIAH1, JADE1",CFLAR
GO BP,Mitotic Cell Cycle Phase Transition,42,,0,down in PD,-0.1929359424926047,-0.6310440788075999,0.9336099585062241,0.9931312007901678,1.0,-0.7236664843551445,0.9212121212121213,1.0,0.9980390005759578,15,"CCNY, CUL1, CDK14, EIF4E, ARPP19, CUL4B, CDC23, SPAST, ACVR1B, CCNG1, PPP2R2D, UBE2A",
GO BP,Pyruvate Metabolic Process,22,,0,up in PD,0.20647994194711955,0.5454219888545168,0.9337231968810916,0.9931312007901678,1.0,0.6525045847865434,0.9214953271028037,0.9983010515258989,0.9980390005759578,8,"ALDOC, ENO2, GAPDH, PGK1, TPI1, VDAC1, ME2, HK1",
Reactome,Chaperonin-mediated Protein Folding,44,,0,up in PD,0.18564352748983004,0.5971670080048992,0.9338677354709419,0.9931312007901678,1.0,0.6832800752342669,0.949814126394052,0.9988337173237455,0.9980390005759578,20,"CSNK2A2, CCT5, XRN2, GNB5, CCT6A, USP11, GNG4, FBXW7, TUBA4A, HDAC3, CCT2, TUBB4B",
GO BP,Cellular Response To Nutrient Levels,35,,0,down in PD,-0.18995530873734434,-0.6511367786818053,0.9341317365269461,0.9931312007901678,1.0,-0.6845751641148116,0.9339407744874715,1.0,0.9980390005759578,13,"FNIP1, PRKAA1, MAPKAP1, PRKAG2, KCNB1, JMY, MAP1LC3B, WDR45B, GAS2L1, ZFYVE1, TTC5, PRKAB2",
Reactome,Vif-mediated Degradation Of APOBEC3G,36,,0,down in PD,-0.18838160043542973,-0.5181439557700488,0.9346938775510204,0.9931312007901678,1.0,-0.6738047979457654,0.9402390438247012,1.0,0.9980390005759578,11,"SEM1, PSMD2, RBX1, PSMD14, PSMD10, PSMA4, PSMA3, PSME1, PSMD7, PSMD13, PSMD4",
KEGG,cGMP-PKG signaling pathway,63,,0,down in PD,-0.18010552500108734,-0.6520854225556567,0.9354207436399217,0.9931312007901678,1.0,-0.7345601763761259,0.9210526315789473,1.0,0.9980390005759578,26,"ITPR1, ADCY3, AGTR1, MAP2K1, ATP2A3, GNA11, ATP1B1, AKT3, PPP3R1, ATP1B2, PPP1CB, ATP1A2",
GO BP,Regulation Of Actin Filament-Based Process,28,,0,down in PD,-0.18763457160359154,-0.5778595871682873,0.9357277882797732,0.9931312007901678,1.0,-0.6406684100322699,0.9531568228105907,0.9986282198080041,0.9980390005759578,3,"RHOQ, ARHGAP35, PAK1",
GO BP,Regulation Of Metaphase/Anaphase Transition Of Cell Cycle,16,,0,up in PD,0.2159499929944745,0.6025794003871378,0.9357976653696498,0.9931312007901678,1.0,0.6347717383141057,0.9457364341085271,1.0,0.9980390005759578,4,"BCL7A, ARID2, HECW2, PHF10",
Reactome,Glycolysis,35,,0,down in PD,-0.19050879394813924,-0.6116159671875574,0.935871743486974,0.9931312007901678,1.0,-0.685684861338006,0.9382151029748284,1.0,0.9980390005759578,5,"PFKFB2, PPP2R1A, PPP2CA, PFKL, NUP214",
GO BP,Axonal Transport,30,,0,down in PD,-0.19585521870928257,-0.5909728913521637,0.935871743486974,0.9931312007901678,1.0,-0.6830391480458042,0.9426751592356688,1.0,0.9980390005759578,5,"DST, PAFAH1B1, HIF1A, AP3D1, FBXW11",
Reactome,Assembly Of Pre-Replicative Complex,51,,0,up in PD,0.1725333138398948,0.5065880955055416,0.9367816091954023,0.9931312007901678,1.0,0.6534205079111731,0.9730769230769231,0.9986800165220844,0.9980390005759578,18,"ANAPC16, PSMD5, UBA52, KPNA1, PSMB1, GMNN, PSMA7, UBC, PSMB4, ANAPC5, ANAPC7, ORC4",
GO BP,Cardiac Conduction,20,,0,up in PD,0.20671138758958982,0.5923151952217522,0.9368836291913215,0.9931312007901678,1.0,0.6333330623103811,0.9439252336448598,1.0,0.9980390005759578,4,"KCNH2, SPTBN4, AKAP9, KCND3",
GO BP,Aerobic Electron Transport Chain,47,,0,up in PD,0.1639239884491993,0.4136139401813373,0.9371428571428572,0.9931312007901678,1.0,0.6294145487558005,0.9676190476190476,1.0,0.9980390005759578,17,"NDUFC2, NDUFB4, NDUFC1, NDUFS6, COX15, NDUFS8, UQCR10, NDUFS5, NDUFA3, NDUFS3, NDUFA6, UQCC3",
GO BP,Regulation Of Release Of Sequestered Calcium Ion Into Cytosol,17,,0,down in PD,-0.2162648365287032,-0.6172072904710141,0.93812375249501,0.9931312007901678,1.0,-0.659582517605045,0.9175704989154013,1.0,0.9980390005759578,2,"PDE4D, CAMK2D",
Reactome,"Cell Cycle, Mitotic",211,,0,up in PD,0.17322353258896966,0.649270901130062,0.9387351778656127,0.9931312007901678,1.0,0.8388370479091181,0.8921232876712328,1.0,0.9980390005759578,36,"PRKCB, PCNT, CSNK2A2, BUB3, PPP1R12A, NIPBL, TUBG2, LPIN1, ANAPC16, CDC25B, CEP41, HSP90AA1",
Reactome,Transport Of Mature mRNA Derived From An Intronless Transcript,19,,0,up in PD,0.20491976438942242,0.5839696901311268,0.9396378269617707,0.9931312007901678,1.0,0.6210268941061672,0.9385171790235082,1.0,0.9980390005759578,2,"CPSF2, NUP62",
GO BP,Modulation Of Chemical Synaptic Transmission,63,CACNA1A,1,down in PD,-0.176348002367814,-0.6016605652970769,0.9398340248962656,0.9931312007901678,1.0,-0.7354432716030685,0.9221052631578948,1.0,0.9980390005759578,15,"GRIA3, DLG4, CLSTN3, RIMS3, GRID1, SLC12A2, DRD2, NLGN3, EIF4EBP2, NLGN1, DLGAP3, FMR1",
Reactome,Apoptosis,82,CFLAR,1,up in PD,0.17984593921620062,0.5939060539146515,0.9404761904761905,0.9931312007901678,1.0,0.761674367865199,0.9124087591240876,1.0,0.9980390005759578,28,"CFLAR, TFDP2, DFFA, PSMD5, UBA52, YWHAB, KPNA1, PSMB1, PSMA7, UBC, SPTAN1, PSMB4",CFLAR
GO BP,Proteolysis,76,LGMN,1,down in PD,-0.1803909814233089,-0.6735947371844624,0.9404761904761905,0.9931312007901678,1.0,-0.769395769381439,0.9178947368421052,1.0,0.9980390005759578,11,"CTSF, SDE2, LGMN, SPCS3, MMP16, FBXL2, PEPD, FBXO3, CAPNS1, SPCS1, PCSK1",LGMN
Reactome,CDK-mediated Phosphorylation And Removal Of Cdc6,45,,0,down in PD,-0.17003377281852106,-0.5084606092934876,0.9410569105691057,0.9931312007901678,0.9996288760065138,-0.6431739761536173,0.967479674796748,0.9984073670782125,0.9980390005759578,14,"ANAPC4, SEM1, PSMD2, PSMD14, PSMD10, PSMA4, UBE2E1, PSMA3, PSME1, CDC23, PSMD7, PSMD13",
Reactome,Regulation Of APC/C Activators Between G1/S And Early Anaphase,48,,0,up in PD,0.18598245458017765,0.5425644983746771,0.9411764705882353,0.9931312007901678,1.0,0.7011347774800075,0.9514563106796117,1.0,0.9980390005759578,10,"BUB3, ANAPC16, PSMD5, UBA52, PSMB1, PSMA7, UBC, PSMB4, PSME4, ANAPC5",
GO BP,mRNA Transcription,21,,0,up in PD,0.20241533485060823,0.5938899016540913,0.94140625,0.9931312007901678,1.0,0.6309385964783726,0.9499036608863198,1.0,0.9980390005759578,6,"RXRA, TAF3, TAF1, TAF4B, ZBTB1, DDX5",
Reactome,Transcriptional Activation Of Mitochondrial Biogenesis,25,,0,up in PD,0.18398707200953934,0.5700859579277967,0.9414225941422594,0.9931312007901678,1.0,0.6101286937571216,0.9709864603481625,1.0,0.9980390005759578,2,"NCOR1, RXRA",
KEGG,Cholesterol metabolism,15,,0,up in PD,0.2048563232699541,0.5921212222356241,0.9418837675350702,0.9931312007901678,1.0,0.5949153501248445,0.9630996309963099,1.0,0.9980390005759578,3,"ABCA1, SOAT1, NPC1",
GO BP,Plasma Membrane Bounded Cell Projection Morphogenesis,28,,0,down in PD,-0.19207197498073314,-0.5933795896928892,0.9418837675350702,0.9931312007901678,1.0,-0.6701347361290104,0.9241803278688525,1.0,0.9980390005759578,8,"CNTNAP2, PAK1, ATP7A, NCKAP1, NLGN1, PLXNB1, DAB2IP, MAP4K4",
GO BP,Heterochromatin Organization,17,L3MBTL1,1,up in PD,0.21316651793912944,0.5923132182875597,0.9421841541755889,0.9931312007901678,1.0,0.6283038528490671,0.9428044280442804,1.0,0.9980390005759578,8,"L3MBTL1, UBR2, CTBP1, UBR5, LMNA, CBX3, MTHFR, KMT2D",L3MBTL1
GO BP,Mitochondrial Translation,51,,0,up in PD,0.1745611638221251,0.5218753815687353,0.9423076923076923,0.9931312007901678,1.0,0.6659136670609825,0.9661016949152542,1.0,0.9980390005759578,5,"MRPL57, DAP3, MRPS26, MRPL18, MRPS5",
Reactome,Macroautophagy,68,,0,up in PD,0.1752659852529628,0.6098159083013682,0.9426877470355731,0.9931312007901678,1.0,0.7164817446487487,0.9489981785063752,1.0,0.9980390005759578,11,"PCNT, CSNK2A2, ATG12, HSP90AA1, LAMTOR4, TOMM7, UBA52, CHMP7, UBC, SQSTM1, RRAGA",
KEGG,Retrograde endocannabinoid signaling,78,CACNA1A,1,up in PD,0.16687269033635677,0.5733662056085872,0.9429133858267716,0.9931312007901678,1.0,0.6930415529669924,0.9584905660377359,1.0,0.9980390005759578,17,"PRKCB, CACNA1A, PLCB4, NDUFC2, NDUFB4, GNAO1, NDUFB11, MAPK1, GNAI2, NDUFC1, GNAI3, GNB5",CACNA1A
Hallmark,Adipogenesis,109,,0,down in PD,-0.16416363564329872,-0.6114828110164957,0.9433962264150944,0.9931312007901678,1.0,-0.7484196368994057,0.9720930232558139,1.0,0.9980390005759578,21,"UCK1, TANK, GBE1, GPHN, PEMT, CHUK, GPX3, PFKL, RIOK3, MTCH2, IMMT, TOB1",
GO BP,Cellular Respiration,59,,0,up in PD,0.15603911390241137,0.4156178329257478,0.944015444015444,0.9931312007901678,1.0,0.6205775922060686,0.988527724665392,1.0,1.0,21,"NDUFC2, NDUFB4, NDUFB11, SURF1, NDUFC1, NDUFS6, COX15, NDUFS8, UQCR10, NDUFS5, NDUFA3, NDUFS3",
Reactome,G-protein Mediated Events,29,PRKAR2A,1,up in PD,0.19376070006426985,0.5984468009436056,0.9444444444444444,0.9931312007901678,1.0,0.6508567949102303,0.9251439539347409,0.9983425538735625,0.9980390005759578,6,"PRKAR2A, PLCB4, MAPK1, GNAI2, GNAI3, CAMKK2",PRKAR2A
GO BP,Regulation Of Mitotic Cell Cycle Phase Transition,36,,0,down in PD,-0.1818927696772984,-0.6470263757179632,0.9446640316205533,0.9931312007901678,1.0,-0.6654767165720153,0.936734693877551,1.0,0.9980390005759578,9,"RIOK2, PPP2CA, DDB1, PSME1, CCNH, PPP1R9B, MNAT1, ANLN, CDC23",
GO BP,Protein-Containing Complex Disassembly,33,,0,down in PD,-0.18547858165316766,-0.5859581449455186,0.9448979591836735,0.9931312007901678,1.0,-0.6713835096831776,0.9509594882729211,1.0,0.9980390005759578,11,"CHMP2B, PEX2, TECPR1, VPS4A, PIK3C3, CHMP1A, VCP, GSK3B, MAP1LC3B, SEPTIN9, PEX14",
Reactome,Nuclear Events Mediated By NFE2L2,52,,0,up in PD,0.17761821213915702,0.5318983761671922,0.9449901768172888,0.9931312007901678,1.0,0.6908468252545977,0.9702602230483272,0.9994924378461891,0.9980390005759578,19,"PSMD5, UBA52, MAFG, TXNRD1, PSMB1, PSMA7, UBC, SQSTM1, PSMB4, GCLM, SLC7A11, UBL4A",
Reactome,RNA Polymerase I Promoter Clearance,27,,0,down in PD,-0.1908971785007576,-0.6271963949438013,0.945010183299389,0.9931312007901678,1.0,-0.6583241986291914,0.9564270152505446,1.0,0.9980390005759578,3,"POLR2H, RRN3, POLR1A",
GO BP,Inorganic Cation Transmembrane Transport,84,CACNA1A,1,down in PD,-0.17118432808972817,-0.6528681675627862,0.9474747474747475,0.9931312007901678,1.0,-0.7479508019064011,0.9417040358744395,1.0,0.9980390005759578,11,"RYR3, HCN4, ATP2A3, KCNN3, SLC6A1, SLC12A2, ATP6V1H, SLC6A3, SLC39A9, TMEM165, ATP1B1",
GO BP,Stress-Activated MAPK Cascade,18,,0,down in PD,-0.1952902394945838,-0.5681770585703473,0.9477911646586346,0.9931312007901678,1.0,-0.57660217353754,0.9627192982456141,1.0,0.9980390005759578,9,"MAPK8, MAPK14, MAP3K5, MAPK10, MAPK8IP2, MAPK9, MAP4K3, MINK1, MAP3K13",
Reactome,SUMOylation Of DNA Replication Proteins,17,,0,down in PD,-0.1949389642843915,-0.5610345765026108,0.9482758620689655,0.9931312007901678,1.0,-0.5816425149102556,0.9624217118997912,1.0,0.9980390005759578,4,"UBE2I, NUP214, NUP155, TOP2B",
Reactome,EPHB-mediated Forward Signaling,19,,0,down in PD,-0.2070944823049422,-0.5962338280379292,0.9483471074380165,0.9931312007901678,1.0,-0.6387049205606634,0.9271255060728745,0.9962909361071906,0.9980390005759578,12,"ACTR3, HRAS, PTK2, ACTG1, ITSN1, RHOA, ARHGEF28, ROCK2, KALRN, GRIN2B, LIMK2, SDC2",
Reactome,FCGR3A-mediated Phagocytosis,31,,0,down in PD,-0.18661106945128925,-0.5791458710424553,0.948559670781893,0.9931312007901678,1.0,-0.6546282401917878,0.9386503067484663,0.9997265672384893,0.9980390005759578,9,"WASF3, ACTR3, MYO5A, VAV3, NCKAP1, ABL1, PTK2, ELMO1, ACTG1",
GO BP,Transmembrane Receptor Protein Tyrosine Kinase Signaling Pathway,87,,0,up in PD,0.17795799048289374,0.6532661605811866,0.9489795918367347,0.9931312007901678,1.0,0.7545391272364266,0.947463768115942,1.0,0.9980390005759578,9,"FGFR1, IGF1R, IGF1, PTPRG, PDGFA, ANKS1B, GAB1, INSR, NTRK3",
Reactome,APC/C-mediated Degradation Of Cell Cycle Proteins,49,,0,up in PD,0.18354900352150152,0.5395049789603047,0.949119373776908,0.9931312007901678,1.0,0.6965343230736832,0.9509803921568627,1.0,0.9980390005759578,10,"BUB3, ANAPC16, PSMD5, UBA52, PSMB1, PSMA7, UBC, PSMB4, PSME4, ANAPC5",
GO BP,Regulation Of Cell-Substrate Junction Assembly,16,,0,down in PD,-0.21134272117806974,-0.5791108847977661,0.9507874015748031,0.9931312007901678,1.0,-0.6151271699045738,0.9484536082474226,0.9998329557055782,0.9980390005759578,8,"DUSP3, PEAK1, PTK2, RHOA, DAPK3, ROCK2, PTPRA, MACF1",
GO BP,Calcium Ion Transport,38,CACNA1A,1,up in PD,0.18796855552831832,0.6296219544495986,0.9508840864440079,0.9931312007901678,1.0,0.6786572064014259,0.9454887218045113,1.0,0.9980390005759578,8,"CLU, CACNA1A, RAMP1, SLC24A2, CACNB1, ATP2C1, ORAI2, CACNG3",CACNA1A
Reactome,APC/C:Cdh1 Mediated Degradation Of Cdc20 And APC/C:Cdh1 Targets In Late Mitosis/Early G1,45,,0,down in PD,-0.1703715523404632,-0.5107772993064019,0.950920245398773,0.9931312007901678,1.0,-0.6435797467414736,0.9898373983739838,0.99934953104257,1.0,14,"ANAPC4, SEM1, PSMD2, PSMD14, PSMD10, PSMA4, UBE2E1, PSMA3, PSME1, CDC23, PSMD7, PSMD13",
Reactome,Regulation Of TP53 Degradation,20,,0,up in PD,0.19437258206746783,0.5787540513419095,0.9518304431599229,0.9931312007901678,1.0,0.5953140761101465,0.9626865671641791,1.0,0.9980390005759578,7,"PHF20, UBA52, UBC, PDPK1, SGK1, MDM4, UBB",
Reactome,Autophagy,76,,0,down in PD,-0.17304580915803902,-0.6229013278774614,0.9523809523809523,0.9931312007901678,1.0,-0.742952494329883,0.918141592920354,1.0,0.9980390005759578,23,"LAMTOR1, PINK1, EPAS1, DYNC1I1, LAMTOR3, VPS28, CHMP2B, FUNDC1, PRKAA1, MFN1, CHMP4B, UBAP1",
Reactome,Mitotic Prophase,43,,0,up in PD,0.18040766946665593,0.5955122081105838,0.9524752475247524,0.9931312007901678,1.0,0.6605269174773442,0.9610619469026549,0.9980080440529049,0.9980390005759578,6,"PRKCB, LPIN1, NUP62, RAB1A, ENSA, MAPK1",
GO BP,Nuclear Export,28,,0,down in PD,-0.1884104951092035,-0.5986737852985222,0.9526627218934911,0.9931312007901678,1.0,-0.6487190477352939,0.9573033707865168,1.0,0.9980390005759578,5,"UBE2I, RITA1, XPO6, NUP214, NUP155",
Reactome,Infectious Disease,425,"PRKAR2A, SH3GL3",2,up in PD,0.16208128956549211,0.6477115446987026,0.9529411764705882,0.9931312007901678,1.0,0.8490674284709607,0.9469320066334992,1.0,0.9980390005759578,118,"RNF213, PRKAR2A, WNT5A, PCSK2, AP1S2, NCOR1, TRAF3, EIF2AK2, PTGES3, JUN, VAMP1, CALR",PRKAR2A
KEGG,Alzheimer disease,170,,0,down in PD,-0.15811662952076055,-0.5625071174193922,0.9534412955465587,0.9931312007901678,1.0,-0.7655915286189947,0.9730941704035875,1.0,0.9980390005759578,29,"WNT3, RYR3, ITPR1, PIK3R3, CSNK2A1, MAP2K1, ATP2A3, NDUFB5, SEM1, KIF5A, NRAS, PSMD2",
GO BP,mRNA Transcription By RNA Polymerase II,19,,0,down in PD,-0.1974411813059216,-0.5698186953560451,0.9535353535353536,0.9931312007901678,1.0,-0.6144285505600058,0.9530916844349681,0.9990122222488703,0.9980390005759578,7,"HLTF, SUPT6H, TBP, TAF7, TFCP2, CREB1, TAF13",
Reactome,Late SARS-CoV-2 Infection Events,28,,0,up in PD,0.19257841406015144,0.6356499056094616,0.9536178107606679,0.9931312007901678,1.0,0.6442123210581259,0.9263565891472868,1.0,0.9980390005759578,8,"FUT8, RPN2, UBA52, UBC, TUSC3, GOLGA7, ZDHHC3, SRPK1",
GO BP,Negative Regulation Of Protein Kinase Activity,40,,0,up in PD,0.18410243301654705,0.6219151357626029,0.9543726235741445,0.9931312007901678,1.0,0.6622510436565118,0.9618874773139746,0.9987538762303445,0.9980390005759578,17,"SORL1, PPM1F, DEPTOR, THY1, DTNBP1, PRKRIP1, PDPK1, PAK2, GADD45A, CDKN1C, SLC8A3, CHP1",
Reactome,Autodegradation Of E3 Ubiquitin Ligase COP1,35,,0,up in PD,0.17800821700248903,0.48307458640193696,0.9555984555984556,0.9931312007901678,1.0,0.6288786197955339,0.966796875,1.0,0.9980390005759578,7,"PSMD5, UBA52, PSMB1, PSMA7, UBC, PSMB4, PSME4",
GO BP,Regulation Of Protein Binding,42,,0,down in PD,-0.18991819782496355,-0.6523813377130124,0.9558823529411765,0.9931312007901678,1.0,-0.7234976007698746,0.9086859688195991,1.0,0.9980390005759578,6,"DERL1, AMFR, MAPK8, AKTIP, PPP2CA, PRMT8",
GO BP,Lamellipodium Organization,15,,0,up in PD,0.19921526663099698,0.574503210086529,0.9560669456066946,0.9931312007901678,1.0,0.558990895956187,0.9676190476190476,0.9980105432124214,0.9980390005759578,15,"SNX2, GOLPH3, VCL, CTTN, PARVB, WASF1, PTPRO, ABLIM2, DMTN, ABLIM3, ARHGEF6, ARHGEF7",
GO BP,Positive Regulation Of RNA Splicing,23,,0,down in PD,-0.19543804088050198,-0.5935363198354436,0.9562624254473161,0.9931312007901678,1.0,-0.6465279434093448,0.9397590361445783,1.0,0.9980390005759578,2,"CIRBP, SETX",
GO BP,Organic Anion Transport,26,,0,up in PD,0.1800968219673233,0.5736871457493656,0.9562737642585551,0.9931312007901678,1.0,0.5944697490830358,0.9721189591078067,1.0,0.9980390005759578,10,"LRRC8D, SLC35B4, SLC25A23, ABCC5, SLCO3A1, SLC4A8, SLCO4A1, SLC35B1, SLC2A3, SLC2A1",
Reactome,CDC42 GTPase Cycle,56,,0,down in PD,-0.17976465736667413,-0.6104057647469873,0.9582504970178927,0.9946589591737176,1.0,-0.7261432937800287,0.93125,1.0,0.9980390005759578,13,"LAMTOR1, ARFGAP2, MCF2, TFRC, ARHGAP35, REPS1, VAV3, PRKCSH, DOCK9, KCTD3, GIT2, IQGAP1",
Reactome,Chromosome Maintenance,28,,0,up in PD,0.18634666239827455,0.5497912296283213,0.959758551307847,0.9948928147980282,1.0,0.6064250989147507,0.9792843691148776,1.0,1.0,8,"RUVBL2, POLR2L, POLR2F, ANKRD28, NOP10, RPA3, RBBP4, DKC1",
Reactome,Cooperation Of Prefoldin And TriC/CCT In Actin And Tubulin Folding,18,,0,up in PD,0.19700986657459169,0.46676074799914885,0.959758551307847,0.9948928147980282,0.9990971217010985,0.5806558358666787,0.9675572519083969,1.0,0.9980390005759578,10,"CCT5, CCT6A, TUBA4A, CCT2, TUBB4B, CCT8, TUBB4A, TCP1, PFDN4, CCT4",
Reactome,Vpr-mediated Nuclear Import Of PICs,17,,0,up in PD,0.2013310363045981,0.5510999990432741,0.9604989604989606,0.9948928147980282,1.0,0.584703407394843,0.9676190476190476,1.0,0.9980390005759578,7,"NUP62, KPNA1, HMGA1, NUP210, NUP98, NUP133, RANBP2",
Reactome,PPARA Activates Gene Expression,50,,0,up in PD,0.18319973944334014,0.6468596832196694,0.9604989604989606,0.9948928147980282,1.0,0.6976980094932165,0.9464944649446494,1.0,0.9980390005759578,13,"NCOR1, ACSL1, RXRA, NCOA3, ABCA1, TXNRD1, MED14, MIA3, MED13L, SREBF2, CHD9, HDAC3",
GO BP,Protein Import Into Nucleus,39,,0,down in PD,-0.1858612949353231,-0.6063915995172222,0.9612244897959183,0.9951203007518796,1.0,-0.69679027828944,0.923963133640553,1.0,0.9980390005759578,12,"IPO8, EIF4ENIF1, NUP214, KPNA5, NUP155, RANBP6, STK4, PHB2, FAM53C, IPO7, PTTG1IP, KPNA4",
GO BP,Negative Regulation Of Cell-Substrate Adhesion,16,,0,up in PD,0.19644666674985145,0.5684112698483966,0.9624505928853755,0.995646481515845,1.0,0.5660351354304132,0.9574468085106383,0.9992303422646418,0.9980390005759578,9,"CASK, ACTN4, TBCD, SPOCK1, CORO1C, EFNA5, PTPRO, CX3CL1, AJAP1",
GO BP,Establishment Of Protein Localization To Mitochondrion,27,,0,up in PD,0.18702813512624855,0.5371572660219409,0.9627450980392157,0.995646481515845,1.0,0.625846525967113,0.9599271402550091,1.0,0.9980390005759578,9,"TOMM7, TIMM9, GRPEL1, TIMM17A, TOMM34, TOMM40, ROMO1, DNAJC15, HK1",
KEGG,Basal transcription factors,21,,0,down in PD,-0.18976981705628304,-0.54792472450827,0.9633401221995926,0.9957063281744735,1.0,-0.6132761853772529,0.954639175257732,0.9972583014184387,0.9980390005759578,7,"GTF2A1, CCNH, TBP, MNAT1, TAF7, GTF2A2, TAF13",
Reactome,O-linked Glycosylation,20,,0,down in PD,-0.17668819187028795,-0.511294897247628,0.963855421686747,0.9957063281744735,1.0,-0.5460999562206548,0.9783080260303688,1.0,1.0,8,"GALNT2, B4GALT6, ST3GAL1, GALNT10, C1GALT1C1, POMGNT1, B4GALT5, B3GNT2",
KEGG,Parkinson disease,142,,0,up in PD,0.13369644188532864,0.4142028608746091,0.9645669291338582,0.9957063281744735,1.0,0.6101094808514034,1.0,1.0,1.0,51,"HSPA5, ATF6, MAOB, KIF5C, SLC18A1, NDUFC2, NDUFB4, UBE2L6, NDUFB11, UBA52, TH, PSMB1",
GO BP,Positive Regulation Of Exocytosis,25,,0,up in PD,0.1789638548104363,0.5387641769573085,0.9652509652509652,0.9957063281744735,1.0,0.587934019813683,0.9766536964980544,1.0,1.0,10,"CADPS2, SNF8, RAB3A, CHMP2A, CLASP1, RAB7A, SDCBP, RAB27B, TSG101, ATP13A2",
GO BP,DNA Replication,23,,0,up in PD,0.1848530551432967,0.55966795032931,0.9664031620553359,0.9957063281744735,1.0,0.5995872794649084,0.9714285714285714,1.0,0.9980390005759578,10,"DUT, REV3L, NAP1L1, RPA3, MCM4, TOP1, TBRG1, SET, POLD2, WRNIP1",
Reactome,Vpu Mediated Degradation Of CD4,35,,0,up in PD,0.17623339929733461,0.4680720843249401,0.9668615984405458,0.9957063281744735,1.0,0.6216299565941866,0.9724409448818898,1.0,0.9980390005759578,7,"PSMD5, UBA52, PSMB1, PSMA7, UBC, PSMB4, PSME4",
GO BP,Positive Regulation Of Filopodium Assembly,16,,0,down in PD,-0.19324273396252822,-0.5430713420620071,0.967479674796748,0.9957063281744735,1.0,-0.5705606478757705,0.9660297239915074,1.0,0.9980390005759578,3,"RHOQ, NLGN1, FMR1",
Reactome,Regulation Of Apoptosis,34,,0,up in PD,0.1798737168141408,0.46880021507872155,0.9685658153241651,0.9957063281744735,1.0,0.6318420279280011,0.9683168316831683,1.0,0.9980390005759578,7,"PSMD5, UBA52, PSMB1, PSMA7, UBC, PSMB4, PSME4",
GO BP,Anterograde Axonal Transport,26,,0,up in PD,0.17967912075432646,0.5407376164338582,0.9689922480620154,0.9957063281744735,1.0,0.5886382023136747,0.9736842105263158,1.0,0.9980390005759578,11,"KIF5C, SNAPIN, DTNBP1, SOD1, APEX1, ARL8A, RAB27B, AP3B2, ARL8B, AP3M2, RAB21",
GO BP,Phosphate-Containing Compound Metabolic Process,64,,0,down in PD,-0.17295687148879013,-0.6244786120526508,0.969758064516129,0.9957063281744735,1.0,-0.7115297397392818,0.9612903225806452,1.0,0.9980390005759578,10,"PFKFB2, EPHB2, EPHA7, ENPP1, PAK1, PFKL, HNMT, DUSP3, PANK3, PPIP5K2",
GO BP,Cell Cycle G1/S Phase Transition,16,,0,up in PD,0.19357659847150308,0.5311984494757412,0.969939879759519,0.9957063281744735,1.0,0.567679774524366,0.9825242718446602,1.0,1.0,4,"CUL4A, E2F3, CUL5, GSPT1",
GO BP,Regulation Of T Cell Differentiation,16,,0,down in PD,-0.18695071989240453,-0.5384252569080451,0.9700598802395209,0.9957063281744735,1.0,-0.5527760399806009,0.9727463312368972,1.0,0.9980390005759578,1,CLPTM1,
Reactome,Regulation Of TP53 Activity,63,L3MBTL1,1,up in PD,0.15968063025514007,0.5691047156849994,0.9707602339181286,0.9957063281744735,1.0,0.6357099381022289,0.9873417721518988,1.0,1.0,21,"CSNK2A2, PIP4K2C, L3MBTL1, NUAK1, GATAD2A, TAF3, PHF20, UBA52, UBC, PDPK1, TAF1, RPA3",L3MBTL1
Reactome,Rab Regulation Of Trafficking,63,,0,down in PD,-0.16771354931982152,-0.5824273947955563,0.9713701431492843,0.9957063281744735,1.0,-0.6950231429473746,0.9776286353467561,1.0,1.0,16,"DENND2A, TBC1D7, RAB39B, RAB5A, MADD, TRAPPC6B, TRAPPC13, AKT3, RAB9B, RAB3GAP1, MAP1LC3B, RAB11A",
Reactome,Regulation Of Cholesterol Biosynthesis By SREBP (SREBF),38,,0,down in PD,-0.16805808916474485,-0.5511934498436342,0.9715447154471545,0.9957063281744735,1.0,-0.6223023684759339,0.9827586206896551,0.9988955997109858,1.0,12,"FASN, SAR1B, MBTPS1, MBTPS2, ELOVL6, SEC24A, IDI1, HMGCR, INSIG2, MBD4, SCD, SC5D",
KEGG,Human papillomavirus infection,107,,0,down in PD,-0.16459055970391678,-0.6186286977810455,0.9720558882235529,0.9957063281744735,1.0,-0.7457482058845712,0.9647058823529412,1.0,0.9980390005759578,14,"WNT3, PIK3R3, PPP2R2C, MAP2K1, PPP2R5A, NRAS, PPP2R5B, PPP2R2B, PRKCI, ATP6V1H, CHUK, PPP2R1A",
Reactome,RHOD GTPase Cycle,28,,0,up in PD,0.16932329789075762,0.5420719413228726,0.9728155339805825,0.9957063281744735,1.0,0.5605081443029079,0.9866920152091255,0.9986134626944192,1.0,11,"ESYT1, DIAPH1, ARHGAP26, ADD3, LMAN1, ARHGAP12, RAB7A, ACTN1, PLXNA1, ARHGAP32, VAMP3",
Hallmark,E2F Targets,66,,0,up in PD,0.16429430617541183,0.5505711868805389,0.9741035856573705,0.9957063281744735,1.0,0.662555875433827,0.9870848708487084,0.999515214914344,1.0,16,"CDC25B, PA2G4, DUT, AK2, PNN, UNG, SRSF1, SMC3, HMGA1, DEK, NAP1L1, RPA3",
GO BP,Lipid Biosynthetic Process,26,,0,down in PD,-0.17910839626838515,-0.5450902449051718,0.9741935483870968,0.9957063281744735,1.0,-0.6018650881280786,0.9659574468085106,1.0,0.9980390005759578,2,"FASN, FITM2",
Reactome,Apoptotic Cleavage Of Cellular Proteins,15,,0,up in PD,0.19796682718031033,0.5360378323898984,0.9746835443037974,0.9957063281744735,1.0,0.566531973776464,0.9662288930581614,1.0,0.9980390005759578,15,"SPTAN1, MAPT, ACIN1, PTK2, BIRC2, CTNNB1, TJP1, GSN, LMNA, FNTA, FZR1, SATB1",
Reactome,Organelle Biogenesis And Maintenance,127,,0,down in PD,-0.16503548925849287,-0.6448337238791746,0.975609756097561,0.9957063281744735,1.0,-0.7657290519166594,0.9558139534883721,1.0,0.9980390005759578,27,"EXOC6, BBS4, SIRT5, PAFAH1B1, KIFAP3, TCTN3, EXOC5, IFT57, GLUD1, EXOC8, CSNK1D, ARL3",
Reactome,Transcriptional Regulation By Small RNAs,26,,0,down in PD,-0.17022637970708288,-0.5272261499327328,0.9758064516129032,0.9957063281744735,0.9995309466628928,-0.5851292811742694,0.9717391304347827,1.0,0.9980390005759578,2,"POLR2H, IPO8",
GO BP,Negative Regulation Of Immune Response,18,,0,up in PD,0.18631304152772565,0.5563623382468762,0.9759519038076152,0.9957063281744735,1.0,0.5649029372411947,0.966,0.9985573382814428,0.9980390005759578,3,"ATG12, MUL1, DTX4",
Reactome,RNA Polymerase III Transcription Initiation From Type 2 Promoter,20,,0,up in PD,0.17073378365876546,0.5053626714605941,0.9763779527559056,0.9957063281744735,1.0,0.5214637324382867,0.9885714285714285,0.9979479920934851,1.0,5,"POLR2L, POLR2F, CRCP, POLR3K, POLR3F",
GO BP,Protein Transport,167,,0,down in PD,-0.15510605261153199,-0.6114620711836777,0.9775967413441955,0.9957063281744735,1.0,-0.75896096340689,0.9905437352245863,1.0,1.0,53,"ABCG1, SEC23IP, SCFD1, COPA, COPZ1, AP2A1, RAB5A, LRP1B, ARCN1, TFRC, CHMP2B, TMED9",
GO BP,Regulation Of Translational Initiation,39,,0,up in PD,0.16748507019014272,0.5170889920003301,0.9783037475345168,0.9957063281744735,1.0,0.607856855469876,0.988394584139265,1.0,1.0,7,"EIF3E, EIF3H, EIF5, EIF2B5, HABP4, EIF2B2, EIF5B",
GO BP,Regulation Of Cytoskeleton Organization,54,,0,down in PD,-0.15800226008755036,-0.5325273978535106,0.9789272030651341,0.9957063281744735,1.0,-0.6366460192727506,0.9752066115702479,0.9963519950546772,0.9990788567493112,12,"RHOQ, ARHGAP35, PAK1, TRIM36, PRKAA1, HRAS, TRAF3IP1, PLXNB1, CYLD, PTK2, MPDZ, GSK3B",
GO BP,Translational Elongation,17,,0,down in PD,-0.1752842226270902,-0.4892465092271717,0.9798387096774194,0.9957063281744735,1.0,-0.5273686327909389,0.9832635983263598,1.0,1.0,5,"RCHY1, EEF2, RNF14, PELO, HBS1L",
GO BP,Organelle Assembly,130,,0,down in PD,-0.15559839143079301,-0.5877725709252742,0.9799196787148594,0.9957063281744735,1.0,-0.7307126441703101,0.9736842105263158,1.0,0.9980390005759578,41,"BBS4, ACTR3, HGS, TCTN3, VPS36, IFT57, VPS28, ARL3, CHMP2B, STX7, BBS7, SSX2IP",
GO BP,Import Into Nucleus,40,,0,down in PD,-0.16217817518284827,-0.5369341052097648,0.9815950920245399,0.9957063281744735,1.0,-0.6166436730420968,0.9681093394077449,1.0,0.9980390005759578,12,"IPO8, EIF4ENIF1, NUP214, KPNA5, NUP155, RANBP6, STK4, PHB2, FAM53C, IPO7, PTTG1IP, KPNA4",
Reactome,FGFR2 Alternative Splicing,19,,0,up in PD,0.17528172568425565,0.49502679924059506,0.9815950920245399,0.9957063281744735,1.0,0.5274169706755472,0.9777777777777777,0.9981485676588973,1.0,4,"POLR2L, POLR2F, HNRNPH1, HNRNPA1",
KEGG,Prion disease,129,,0,down in PD,-0.13219426125532152,-0.42186764910722524,0.9816700610997964,0.9957063281744735,1.0,-0.6139367778719842,1.0,0.998084215135278,1.0,48,"RYR3, ITPR1, PIK3R3, CSNK2A1, NDUFB5, SEM1, KIF5A, PSMD2, NDUFA10, MAPK8, PSMD14, TUBB2B",
GO BP,Negative Regulation Of Plasma Membrane Bounded Cell Projection Assembly,17,,0,down in PD,-0.18896866241381916,-0.54335756790328,0.9817813765182186,0.9957063281744735,1.0,-0.564777654244377,0.9686847599164927,1.0,0.9980390005759578,1,TBC1D7,
GO BP,L-alpha-amino Acid Transmembrane Transport,16,,0,up in PD,0.1714544194513587,0.46697479225627186,0.9839034205231388,0.9957063281744735,1.0,0.5016339487522264,0.9869158878504672,0.9983431700773423,1.0,3,"SLC38A2, SLC7A11, SLC1A4",
GO BP,DNA-templated Transcription,90,,0,down in PD,-0.1632562034904138,-0.6430233369715089,0.9841584158415841,0.9957063281744735,1.0,-0.7248063769820486,0.9556541019955654,1.0,0.9980390005759578,26,"PPP5C, FUBP3, SETX, MED4, POLR2H, GTF2A1, TCEA1, MNT, BAZ2A, TRIM24, GTF3C3, SNAPC3",
KEGG,Diabetic cardiomyopathy,99,,0,up in PD,0.13489872642116402,0.4370045345655473,0.9841897233201581,0.9957063281744735,1.0,0.5820566716607484,1.0,1.0,1.0,10,"PRKCB, PIK3CD, TBC1D4, PLCB4, INSR, NDUFC2, NDUFB4, RELA, NDUFB11, MPC1",
GO BP,Energy Derivation By Oxidation Of Organic Compounds,23,,0,up in PD,0.15502768351491336,0.3997528465156692,0.9848197343453511,0.9957063281744735,0.9998435072971499,0.4864784007763918,1.0,0.9986310546095902,1.0,23,"LEPR, PID1, COX15, UQCR10, GFPT1, CYC1, UQCRC2, NDUFS1, UQCRQ, UQCRB, NDUFS4, COX8A",
Reactome,RHOBTB GTPase Cycle,24,,0,down in PD,-0.19381317895580585,-0.5672852471768655,0.9850746268656716,0.9957063281744735,1.0,-0.6394348696922344,0.9506903353057199,0.998128694193245,0.9980390005759578,6,"CPSF7, RNF20, MYO6, HNRNPC, RBMX, ACTG1",
GO BP,Memory,32,"CALB1, LGMN",2,down in PD,-0.16802037303904083,-0.535922358448984,0.98559670781893,0.9957063281744735,1.0,-0.5818513387223266,0.9845132743362832,1.0,1.0,7,"LGMN, SLC6A1, RASGRF1, EIF4EBP2, ATAD1, PJA2, ATXN1L",LGMN
Reactome,Transport Of Mature Transcript To Cytoplasm,39,,0,up in PD,0.1689192477294072,0.5390647087549625,0.9858012170385395,0.9957063281744735,1.0,0.6081912191346187,0.967032967032967,1.0,0.9980390005759578,4,"CASC3, CPSF2, NUP62, SRSF6",
GO BP,Autophagosome Maturation,25,,0,up in PD,0.16268579087045248,0.49526887818035287,0.9860557768924303,0.9957063281744735,1.0,0.5289009781077967,0.9961904761904762,0.9998369056663361,1.0,4,"VIPAS39, CHMP7, CHMP2A, CHMP3",
GO BP,Regulation Of Plasma Membrane Bounded Cell Projection Assembly,31,,0,up in PD,0.15352647670947295,0.49782929376937046,0.9862204724409449,0.9957063281744735,1.0,0.5282838289931003,0.9941060903732809,0.9989661187875319,1.0,3,"CLU, TBC1D20, GAP43",
GO BP,Regulation Of Ras Protein Signal Transduction,33,,0,down in PD,-0.15996713342042101,-0.5483431172211721,0.9862475442043221,0.9957063281744735,1.0,-0.5673845291589645,0.9869848156182213,1.0,1.0,13,"EPHB2, ARHGEF18, RASGRF1, DAB2IP, GIT2, MAPKAP1, RABL3, SHOC2, RAF1, ETFA, ARHGEF28, RASGEF1A",
Reactome,Transport Of SLBP Dependant Mature mRNA,15,,0,down in PD,-0.175418009780532,-0.4783092153966268,0.9862745098039216,0.9957063281744735,1.0,-0.5043047749991257,0.9826839826839827,1.0,1.0,3,"NUP214, EIF4E, NUP155",
Hallmark,Oxidative Phosphorylation,132,,0,up in PD,0.11913000562369064,0.35528589043456876,0.9863013698630136,0.9957063281744735,1.0,0.5425889218593439,1.0,0.9994983025248995,1.0,30,"MAOB, NDUFC2, NDUFB4, MPC1, TIMM9, GRPEL1, TIMM17A, POLR2F, ATP5MC1, GOT2, AIFM1, ECHS1",
Reactome,Transport Of Mature mRNA Derived From An Intron-Containing Transcript,34,,0,up in PD,0.1646298694030336,0.5108316797965436,0.9877551020408163,0.9957063281744735,1.0,0.5669035434311065,0.9792843691148776,1.0,1.0,13,"CASC3, NUP62, SRSF6, SRSF1, FYTTD1, NUP210, NUP98, EIF4A3, NUP133, RANBP2, SRSF3, NCBP2",
GO BP,Intracellular pH Reduction,17,,0,down in PD,-0.16645851917930418,-0.4358249558217344,0.9879275653923542,0.9957063281744735,1.0,-0.4997848503521323,0.9935344827586207,1.0,1.0,17,"ATP6V1H, ATP6V0E1, ATP6V1D, DMXL1, RAB7A, DMXL2, ATP6V1F, CLCN3, ATP6V1B2, ATP6V0B, SLC4A7, ATP6V0E2",
GO BP,Negative Regulation Of Angiogenesis,18,,0,down in PD,-0.15980519161830198,-0.456652605199667,0.9884169884169884,0.9957063281744735,1.0,-0.48974629504532646,0.989517819706499,1.0,1.0,2,"HGS, SLC12A2",
GO BP,DNA-templated DNA Replication,20,,0,down in PD,-0.16908861757899474,-0.4599040485020386,0.9897750511247444,0.9957063281744735,1.0,-0.5263115315657544,0.9913978494623656,1.0,1.0,2,"TOPBP1, ORC3",
GO BP,Autophagosome Assembly,34,,0,down in PD,-0.1529160454687939,-0.4912473288918728,0.9898373983739838,0.9957063281744735,1.0,-0.5636270580160648,0.9893162393162394,1.0,1.0,10,"ATG2B, ULK2, PIK3C3, ATG16L1, MAP1LC3B, WDR45B, SMURF1, ATG13, STX12, ATP2A2",
Reactome,GABA Receptor Activation,26,,0,up in PD,0.16277994572306803,0.5060303264669863,0.9898373983739838,0.9957063281744735,1.0,0.532709278009514,0.9885714285714285,1.0,1.0,5,"GNAI2, ARHGEF9, GNAI3, GNB5, GNG4",
GO BP,Positive Regulation Of Binding,37,,0,down in PD,-0.16871121180516435,-0.5709515212545205,0.9900596421471173,0.9957063281744735,1.0,-0.6243985454497106,0.9821826280623608,0.9990854517737826,1.0,8,"DERL1, AMFR, AKTIP, DHX9, MED9, STK4, GSK3B, CAPRIN2",
Reactome,Glucose Metabolism,42,,0,up in PD,0.15123374205763623,0.4799685750928543,0.9901185770750988,0.9957063281744735,1.0,0.551352251143054,0.9946808510638298,0.9987637734020269,1.0,14,"ALDOC, NUP62, ENO2, GOT2, NUP210, MDH2, NUP98, PGK1, TPI1, PGM2L1, BPGM, NUP133",
GO BP,Protein Methylation,15,,0,up in PD,0.16611352275352076,0.4551645839365111,0.9901380670611439,0.9957063281744735,0.9998577072318332,0.48356680816754966,0.9901380670611439,0.9978633318957999,1.0,4,"PRMT2, N6AMT1, GSPT1, LCMT1",
Reactome,Interactions Of Vpr With Host Cellular Proteins,19,,0,up in PD,0.17076541982057925,0.4870166278766876,0.9920634920634921,0.997132799636632,1.0,0.5104015432398241,0.9941747572815534,0.9983769259649813,1.0,8,"NUP62, KPNA1, HMGA1, NUP210, NUP98, NUP133, RANBP2, SLC25A5",
Reactome,Activation Of Gene Expression By SREBF (SREBP),26,,0,down in PD,-0.1475728150347968,-0.46719537185807547,0.996031746031746,1.0,1.0,-0.4949820760979375,0.9957894736842106,1.0,1.0,9,"FASN, ELOVL6, IDI1, HMGCR, MBD4, SCD, SC5D, SMARCD3, CARM1",
GO BP,Autophagosome Organization,34,,0,down in PD,-0.13251931426690666,-0.42890383419379313,0.9979757085020243,1.0,1.0,-0.47870675185912637,0.9956803455723542,1.0,1.0,9,"ATG2B, ULK2, PIK3C3, ATG16L1, MAP1LC3B, WDR45B, ATG13, STX12, ATP2A2",
KEGG,Thermogenesis,112,,0,down in PD,-0.12433573611202342,-0.42335109830810697,0.9979879275653923,1.0,1.0,-0.559420741822602,1.0,1.0,1.0,43,"ADCY3, NDUFB5, NRAS, NDUFA10, COX11, RPS6KA1, PRKAA1, SOS1, MAPK14, ACSL6, MAP3K5, HRAS",
Reactome,Mitochondrial Biogenesis,39,,0,down in PD,-0.11872114215767471,-0.4142783326965723,0.9980119284294234,1.0,0.999405285337409,-0.44307643702043076,1.0,1.0,1.0,13,"SIRT5, GLUD1, IMMT, MAPK14, PRKAG2, CREB1, MBD4, PRKAB2, SIRT3, SMARCD3, APOO, CARM1",
GO BP,Regulation Of Cell-Substrate Adhesion,19,,0,down in PD,-0.1422814863102151,-0.41608530650744824,0.9980314960629921,1.0,1.0,-0.42981697769535254,0.9956331877729258,1.0,1.0,1,ATXN3,
GO BP,Plasma Membrane Bounded Cell Projection Assembly,92,,0,up in PD,0.14513285036112905,0.5614837691509816,0.998062015503876,1.0,1.0,0.620258054181611,0.9928952042628775,0.9992104149692049,1.0,19,"RAB3IP, PCNT, WDR19, CEP126, NEK1, CEP41, EHD1, EZR, RAB1A, CENPJ, ATP6V1D, GBF1",
KEGG,Pyruvate metabolism,21,,0,up in PD,0.1299873817671497,0.3402295837311339,1.0,1.0,0.9996447605726743,0.4005452663538575,1.0,0.9997227162789284,1.0,10,"GRHPR, ACYP1, MDH2, ME2, ALDH3A2, GLO1, ME1, MDH1, PKM, ALDH7A1",
Reactome,Viral Messenger RNA Synthesis,25,,0,down in PD,-0.12582668030029842,-0.37787111681819124,1.0,1.0,0.9988824578572202,-0.4238530246728853,0.9978540772532188,1.0,1.0,11,"POLR2H, NUP214, NUP155, POLR2G, BLOC1S6, POLR2E, NUP153, GTF2F2, POLR2I, NUP50, POLR2B",
Reactome,Signaling By FGFR2 IIIa TM,16,,0,down in PD,-0.1505055598943862,-0.41985965198246517,1.0,1.0,1.0,-0.44728464612741586,0.997867803837953,1.0,1.0,1,POLR2H,
Reactome,FGFR2 Mutant Receptor Activation,17,,0,down in PD,-0.13638639246960182,-0.38990336540205905,1.0,1.0,0.9995541745051865,-0.4088517079216839,1.0,0.9996936297975659,1.0,1,POLR2H,
