gene,symbol,metric,panel
ENSG00000136040,PLXNC1,1.2358371,True
ENSG00000173914,RBM4B,1.0344048,True
ENSG00000136235,GPNMB,0.9476243,True
ENSG00000089280,FUS,0.9326162,True
ENSG00000172137,CALB2,0.9320975,True
ENSG00000101040,ZMYND8,0.9158482,True
ENSG00000182718,ANXA2,0.85184157,False
ENSG00000143847,PPFIA4,0.85133326,True
ENSG00000196367,TRRAP,0.84510547,True
ENSG00000157445,CACNA2D3,0.835102,False
ENSG00000182985,CADM1,0.81936115,False
ENSG00000143013,LMO4,0.80534744,False
ENSG00000145730,PAM,0.7991545,False
ENSG00000159167,STC1,0.78841215,False
ENSG00000124243,BCAS4,0.77395964,False
ENSG00000168824,NSG1,0.7720416,False
ENSG00000183495,EP400,0.76794773,False
ENSG00000173821,RNF213,0.74560267,False
ENSG00000164151,ICE1,0.74343324,True
ENSG00000178538,CA8,0.7390909,False
ENSG00000119866,BCL11A,0.73187906,True
ENSG00000145833,DDX46,0.7153894,False
ENSG00000006118,TMEM132A,0.7146,False
ENSG00000163602,RYBP,0.7010852,False
ENSG00000114302,PRKAR2A,0.69650966,True
ENSG00000116741,RGS2,0.6931398,False
ENSG00000132002,DNAJB1,0.6848264,True
ENSG00000164096,C4orf3,0.6828112,False
ENSG00000173141,MRPL57,0.6806983,False
ENSG00000108830,RND2,0.6801292,False
ENSG00000092096,SLC22A17,0.6774729,False
ENSG00000166501,PRKCB,0.67394924,False
ENSG00000187257,RSBN1L,0.671736,False
ENSG00000108349,CASC3,0.6703622,False
ENSG00000120885,CLU,0.6674542,False
ENSG00000030582,GRN,0.6663462,False
ENSG00000127328,RAB3IP,0.66185546,False
ENSG00000130844,ZNF331,0.66135514,False
ENSG00000163389,POGLUT1,0.6596601,False
ENSG00000151445,VIPAS39,0.657497,False
ENSG00000052841,TTC17,0.65069205,False
ENSG00000197448,GSTK1,0.6444232,True
ENSG00000204175,GPRIN2,0.64439684,False
ENSG00000165186,PTCHD1,0.64315987,False
ENSG00000178381,ZFAND2A,0.6431528,False
ENSG00000100811,YY1,0.64211905,False
ENSG00000151929,BAG3,0.64145184,False
ENSG00000170558,CDH2,0.6380653,False
ENSG00000102466,FGF14,0.6227377,False
ENSG00000168843,FSTL5,0.62010556,False
ENSG00000065883,CDK13,0.61866045,False
ENSG00000114251,WNT5A,0.61864275,False
ENSG00000115977,AAK1,0.61843157,False
ENSG00000135334,AKIRIN2,0.6183979,False
ENSG00000160299,PCNT,0.6152359,False
ENSG00000143321,HDGF,0.6125961,False
ENSG00000167081,PBX3,0.61215436,False
ENSG00000120694,HSPH1,0.6079311,False
ENSG00000104327,CALB1,0.6073612,True
ENSG00000160305,DIP2A,0.60601646,False
ENSG00000171724,VAT1L,0.6044101,False
ENSG00000203875,SNHG5,0.6034403,False
ENSG00000188385,JAKMIP3,0.6028516,False
ENSG00000105939,ZC3HAV1,0.60185313,False
ENSG00000164902,PHAX,0.6013237,False
ENSG00000125851,PCSK2,0.5963748,False
ENSG00000105290,APLP1,0.595203,False
ENSG00000182287,AP1S2,0.5935875,False
ENSG00000106484,MEST,0.592456,False
ENSG00000110002,VWA5A,0.5906579,False
ENSG00000188803,SHISA6,0.58814937,False
ENSG00000100591,AHSA1,0.5879667,False
ENSG00000181234,TMEM132C,0.5878961,False
ENSG00000147481,SNTG1,0.5878627,False
ENSG00000245532,NEAT1,0.5865261,False
ENSG00000091972,CD200,0.58590186,False
ENSG00000129292,PHF20L1,0.5840243,False
ENSG00000120616,EPC1,0.58183104,False
ENSG00000176720,BOK,0.57996964,False
ENSG00000110172,CHORDC1,0.5789506,False
ENSG00000115524,SF3B1,0.5788218,False
ENSG00000145990,GFOD1,0.57719606,False
ENSG00000165934,CPSF2,0.57605183,False
ENSG00000167232,ZNF91,0.57552963,False
ENSG00000003402,CFLAR,0.5732109,True
ENSG00000198522,GPN1,0.57209206,False
ENSG00000153707,PTPRD,0.5710464,False
ENSG00000178567,EPM2AIP1,0.56804585,False
ENSG00000155660,PDIA4,0.56686956,False
ENSG00000122034,GTF3A,0.5648589,False
ENSG00000188559,RALGAPA2,0.56394696,False
ENSG00000198300,PEG3,0.5629761,False
ENSG00000060339,CCAR1,0.56007266,False
ENSG00000022567,SLC45A4,0.5595893,False
ENSG00000077782,FGFR1,0.5594791,False
ENSG00000145050,MANF,0.5571767,True
ENSG00000100596,SPTLC2,0.5548052,False
ENSG00000106078,COBL,0.55184406,False
ENSG00000136240,KDELR2,0.54967725,False
ENSG00000113269,RNF130,0.5482576,False
ENSG00000163320,CGGBP1,0.5481427,False
ENSG00000171634,BPTF,0.54789776,False
ENSG00000174607,UGT8,0.54314727,False
ENSG00000147854,UHRF2,0.54166895,False
ENSG00000141027,NCOR1,0.5410757,False
ENSG00000078328,RBFOX1,0.54075515,False
ENSG00000126070,AGO3,0.53853524,False
ENSG00000142046,TMEM91,0.537516,False
ENSG00000070770,CSNK2A2,0.53578854,False
ENSG00000127526,SLC35E1,0.53562444,False
ENSG00000131323,TRAF3,0.53448653,False
ENSG00000104490,NCALD,0.53145677,False
ENSG00000171617,ENC1,0.5309154,False
ENSG00000055332,EIF2AK2,0.5300482,False
ENSG00000119946,CNNM1,0.52535397,False
ENSG00000187098,MITF,0.52519524,False
ENSG00000141837,CACNA1A,0.52272844,True
ENSG00000131943,C19orf12,0.52217567,False
ENSG00000102024,PLS3,0.52111435,False
ENSG00000175048,ZDHHC14,0.5188872,False
ENSG00000154473,BUB3,0.51811737,False
ENSG00000119401,TRIM32,0.5173299,False
ENSG00000109332,UBE2D3,0.5167102,False
ENSG00000044574,HSPA5,0.51662,False
ENSG00000140443,IGF1R,0.5150386,False
ENSG00000134330,IAH1,0.51491,False
ENSG00000157796,WDR19,0.5146326,False
ENSG00000197177,ADGRA1,0.513075,False
ENSG00000143669,LYST,0.51221055,False
ENSG00000147027,TMEM47,0.5117891,False
ENSG00000070756,PABPC1,0.51155907,False
ENSG00000112419,PHACTR2,0.5105824,False
ENSG00000113845,TIMMDC1,0.50835603,False
ENSG00000138744,NAAA,0.50762725,False
ENSG00000058272,PPP1R12A,0.5071342,False
ENSG00000166908,PIP4K2C,0.50496393,False
ENSG00000139218,SCAF11,0.5031878,False
ENSG00000130766,SESN2,0.50313455,False
ENSG00000186340,THBS2,0.50274414,False
ENSG00000183207,RUVBL2,0.50127405,False
ENSG00000110958,PTGES3,0.5002126,False
ENSG00000139910,NOVA1,0.49999917,False
ENSG00000241878,PISD,0.49656937,False
ENSG00000017427,IGF1,0.49409074,False
ENSG00000218891,ZNF579,0.49376494,False
ENSG00000198053,SIRPA,0.49334422,False
ENSG00000123505,AMD1,0.49259084,False
ENSG00000151726,ACSL1,0.4925115,False
ENSG00000162599,NFIA,0.49246868,False
ENSG00000168785,TSPAN5,0.49191535,False
ENSG00000114796,KLHL24,0.4917119,False
ENSG00000124098,FAM210B,0.49115038,False
ENSG00000124228,DDX27,0.49100006,False
ENSG00000177108,ZDHHC22,0.49080098,False
ENSG00000188042,ARL4C,0.49011567,False
ENSG00000183454,GRIN2A,0.48979953,False
ENSG00000096401,CDC5L,0.48908007,False
ENSG00000132334,PTPRE,0.48855522,False
ENSG00000152404,CWF19L2,0.48817348,False
ENSG00000164190,NIPBL,0.48806733,False
ENSG00000131095,GFAP,0.48741925,False
ENSG00000144724,PTPRG,0.4867316,False
ENSG00000116266,STXBP3,0.48661473,False
ENSG00000090621,PABPC4,0.4860905,False
ENSG00000055044,NOP58,0.48577696,False
ENSG00000155657,TTN,0.48562002,False
ENSG00000174197,MGA,0.48535112,False
ENSG00000165169,DYNLT3,0.48489565,False
ENSG00000160310,PRMT2,0.48438597,False
ENSG00000177606,JUN,0.48436916,False
ENSG00000055118,KCNH2,0.48420173,False
ENSG00000174840,PDE12,0.48382834,False
ENSG00000037042,TUBG2,0.483819,False
ENSG00000110427,KIAA1549L,0.48220947,False
ENSG00000130299,GTPBP3,0.48134986,False
ENSG00000070495,JMJD6,0.48127916,False
ENSG00000175215,CTDSP2,0.48114863,False
ENSG00000091844,RGS17,0.48107523,False
ENSG00000126217,MCF2L,0.48047125,False
ENSG00000197461,PDGFA,0.48022854,False
ENSG00000004534,RBM6,0.47745702,False
ENSG00000118217,ATF6,0.47633013,False
ENSG00000162374,ELAVL4,0.47613204,False
ENSG00000146223,RPL7L1,0.4759714,False
ENSG00000038382,TRIO,0.47502527,False
ENSG00000110651,CD81,0.47407857,False
ENSG00000115652,UXS1,0.474031,False
ENSG00000186416,NKRF,0.47398454,False
ENSG00000144339,TMEFF2,0.47385713,False
ENSG00000141905,NFIC,0.47382367,False
ENSG00000110786,PTPN5,0.4737203,False
ENSG00000091527,CDV3,0.4734096,False
ENSG00000135090,TAOK3,0.47289658,False
ENSG00000109846,CRYAB,0.47148776,False
ENSG00000171492,LRRC8D,0.47067067,False
ENSG00000171311,EXOSC1,0.46905583,False
ENSG00000171608,PIK3CD,0.4678879,False
ENSG00000108231,LGI1,0.46510574,False
ENSG00000141098,GFOD2,0.46465755,False
ENSG00000086061,DNAJA1,0.46444812,False
ENSG00000181191,PJA1,0.46437082,False
ENSG00000156650,KAT6B,0.46322763,False
ENSG00000139190,VAMP1,0.46310556,False
ENSG00000179083,FAM133A,0.46187565,False
ENSG00000125144,MT1G,0.46093854,False
ENSG00000116161,CACYBP,0.4606528,False
ENSG00000156113,KCNMA1,0.45975268,False
ENSG00000075407,ZNF37A,0.45908222,False
ENSG00000143575,HAX1,0.45863965,False
ENSG00000187764,SEMA4D,0.45853385,False
ENSG00000164638,SLC29A4,0.4579788,False
ENSG00000162873,KLHDC8A,0.45744288,False
ENSG00000133612,AGAP3,0.45560396,False
ENSG00000170776,AKAP13,0.45538,False
ENSG00000154556,SORBS2,0.45501775,False
ENSG00000179218,CALR,0.45374215,False
ENSG00000110318,CEP126,0.45352182,False
ENSG00000158480,SPATA2,0.45340753,False
ENSG00000104408,EIF3E,0.45336902,False
ENSG00000130707,ASS1,0.45308656,False
ENSG00000175376,EIF1AD,0.4512548,False
ENSG00000163166,IWS1,0.45106402,False
ENSG00000254999,BRK1,0.4505004,False
ENSG00000213614,HEXA,0.4491778,False
ENSG00000180104,EXOC3,0.44870844,False
ENSG00000139718,SETD1B,0.44870177,False
ENSG00000178662,CSRNP3,0.44857696,False
ENSG00000054267,ARID4B,0.4485229,False
ENSG00000185513,L3MBTL1,0.44766915,True
ENSG00000111596,CNOT2,0.4474405,False
ENSG00000154822,PLCL2,0.44707817,False
ENSG00000148248,SURF4,0.44497418,False
ENSG00000225783,MIAT,0.4447348,False
ENSG00000079102,RUNX1T1,0.44471982,False
ENSG00000134324,LPIN1,0.44375044,False
ENSG00000162630,B3GALT2,0.44369507,False
ENSG00000196233,LCOR,0.4433636,False
ENSG00000069535,MAOB,0.4421501,False
ENSG00000132561,MATN2,0.44195437,False
ENSG00000095794,CREM,0.44176504,False
ENSG00000137726,FXYD6,0.4394986,False
ENSG00000166295,ANAPC16,0.43865487,False
ENSG00000158161,EYA3,0.4385614,False
ENSG00000100784,RPS6KA5,0.43854794,False
ENSG00000137642,SORL1,0.43832862,False
ENSG00000179242,CDH4,0.43760166,False
ENSG00000130522,JUND,0.43755075,False
ENSG00000061794,MRPS35,0.43547195,False
ENSG00000119632,IFI27L2,0.434941,False
ENSG00000143776,CDC42BPA,0.4337581,False
ENSG00000172757,CFL1,0.43256125,False
ENSG00000132823,OSER1,0.4322234,False
ENSG00000140403,DNAJA4,0.4305729,False
ENSG00000136111,TBC1D4,0.42850208,False
ENSG00000157152,SYN2,0.42820612,False
ENSG00000125812,GZF1,0.42815945,False
ENSG00000100354,TNRC6B,0.4277456,False
ENSG00000115568,ZNF142,0.42728174,False
ENSG00000153187,HNRNPU,0.4265894,False
ENSG00000244405,ETV5,0.42648068,False
ENSG00000100403,ZC3H7B,0.42619452,False
ENSG00000251562,MALAT1,0.42548838,False
ENSG00000137601,NEK1,0.42541584,False
ENSG00000100604,CHGA,0.42509562,False
ENSG00000101333,PLCB4,0.42451847,False
ENSG00000166532,RIMKLB,0.4238319,False
ENSG00000177383,MAGEF1,0.42354506,False
ENSG00000170606,HSPA4,0.42351973,False
ENSG00000032219,ARID4A,0.42348963,False
ENSG00000053747,LAMA3,0.42317158,False
ENSG00000136367,ZFHX2,0.42293566,False
ENSG00000101224,CDC25B,0.42261118,False
ENSG00000135365,PHF21A,0.4221474,False
ENSG00000171735,CAMTA1,0.4220234,False
ENSG00000073614,KDM5A,0.42150202,False
ENSG00000113361,CDH6,0.4214779,False
ENSG00000106477,CEP41,0.4210534,False
ENSG00000174446,SNAPC5,0.4205313,False
ENSG00000138303,ASCC1,0.41831574,False
ENSG00000065526,SPEN,0.4166886,False
ENSG00000177551,NHLH2,0.4160046,False
ENSG00000059728,MXD1,0.41582042,False
ENSG00000106460,TMEM106B,0.41579312,False
ENSG00000177614,PGBD5,0.4151891,False
ENSG00000083845,RPS5,0.41474852,False
ENSG00000132872,SYT4,0.4143999,False
ENSG00000132676,DAP3,0.41377112,False
ENSG00000197183,NOL4L,0.4119567,False
ENSG00000104852,SNRNP70,0.41193935,False
ENSG00000183155,RABIF,0.4118888,False
ENSG00000151779,NBAS,0.41176662,False
ENSG00000112149,CD83,0.41169766,False
ENSG00000174938,SEZ6L2,0.41124108,False
ENSG00000103404,USP31,0.41106564,False
ENSG00000169116,PARM1,0.41080916,False
ENSG00000083454,P2RX5,0.4106738,False
ENSG00000150593,PDCD4,0.4106513,False
ENSG00000080822,CLDND1,0.41054848,False
ENSG00000148300,REXO4,0.40865597,False
ENSG00000150656,CNDP1,0.40773022,False
ENSG00000172046,USP19,0.40764633,False
ENSG00000168280,KIF5C,0.40577996,False
ENSG00000101407,TTI1,0.40542272,False
ENSG00000160058,BSDC1,0.40500405,False
ENSG00000185046,ANKS1B,0.40496808,False
ENSG00000134453,RBM17,0.40477335,False
ENSG00000143553,SNAPIN,0.4044736,False
ENSG00000223802,CERS1,0.40365958,False
ENSG00000162434,JAK1,0.40318075,False
ENSG00000099875,MKNK2,0.40311006,False
ENSG00000074590,NUAK1,0.40244642,False
ENSG00000184164,CRELD2,0.40243334,False
ENSG00000099889,ARVCF,0.40206328,False
ENSG00000164366,CCDC127,0.40040752,False
ENSG00000157106,SMG1,0.400072,False
ENSG00000109458,GAB1,0.3993131,False
ENSG00000117505,DR1,0.39841405,False
ENSG00000145782,ATG12,0.39815775,False
ENSG00000064115,TM7SF3,0.39719668,False
ENSG00000130159,ECSIT,0.39642304,False
ENSG00000135108,FBXO21,0.3956459,False
ENSG00000019995,ZRANB1,0.39561284,False
ENSG00000170515,PA2G4,0.39551553,False
ENSG00000147654,EBAG9,0.39539424,False
ENSG00000143970,ASXL2,0.39532438,False
ENSG00000128585,MKLN1,0.3950738,False
ENSG00000184992,BRI3BP,0.3950633,False
ENSG00000080824,HSP90AA1,0.39493823,False
ENSG00000134352,IL6ST,0.39474547,False
ENSG00000162222,TTC9C,0.39470774,False
ENSG00000170876,TMEM43,0.39466316,False
ENSG00000114166,KAT2B,0.3943114,False
ENSG00000188186,LAMTOR4,0.39424726,False
ENSG00000170242,USP47,0.39324152,False
ENSG00000139842,CUL4A,0.39300296,False
ENSG00000134294,SLC38A2,0.3922647,False
ENSG00000171475,WIPF2,0.3918156,False
ENSG00000128951,DUT,0.3915793,False
ENSG00000174606,ANGEL2,0.39111286,False
ENSG00000178449,COX14,0.3910833,False
ENSG00000176101,SSNA1,0.3905342,False
ENSG00000145012,LPP,0.3904275,False
ENSG00000096746,HNRNPH3,0.38989422,False
ENSG00000196967,ZNF585A,0.38957512,False
ENSG00000077044,DGKD,0.38947272,False
ENSG00000196470,SIAH1,0.38892934,False
ENSG00000142207,URB1,0.3881849,False
ENSG00000198825,INPP5F,0.38792098,False
ENSG00000148143,ZNF462,0.38772702,False
ENSG00000100097,LGALS1,0.3874931,False
ENSG00000196628,TCF4,0.38719004,False
ENSG00000077684,JADE1,0.38712227,False
ENSG00000130643,CALY,0.38644913,False
ENSG00000166311,SMPD1,0.38633692,False
ENSG00000075413,MARK3,0.3860138,False
ENSG00000174891,RSRC1,0.38576633,False
ENSG00000118873,RAB3GAP2,0.38540658,False
ENSG00000008277,ADAM22,0.38528484,False
ENSG00000204842,ATXN2,0.38472816,False
ENSG00000089199,CHGB,0.3846477,False
ENSG00000116539,ASH1L,0.38442162,False
ENSG00000089737,DDX24,0.38426274,False
ENSG00000159176,CSRP1,0.38416156,False
ENSG00000114388,NPRL2,0.38305882,False
ENSG00000126777,KTN1,0.38287845,False
ENSG00000100034,PPM1F,0.38281912,False
ENSG00000062194,GPBP1,0.38270506,False
ENSG00000143924,EML4,0.38209203,False
ENSG00000102524,TNFSF13B,0.3816586,False
ENSG00000125730,C3,0.38137665,False
ENSG00000112335,SNX3,0.38132107,False
ENSG00000168214,RBPJ,0.3808354,False
ENSG00000205060,SLC35B4,0.3803441,False
ENSG00000159086,PAXBP1,0.37860268,False
ENSG00000125648,SLC25A23,0.37856695,False
ENSG00000188227,ZNF793,0.37836346,False
ENSG00000005801,ZNF195,0.3780097,False
ENSG00000167491,GATAD2A,0.37776175,False
ENSG00000111711,GOLT1B,0.37769485,False
ENSG00000165775,FUNDC2,0.3770156,False
ENSG00000171105,INSR,0.37656826,False
ENSG00000175029,CTBP2,0.3764524,False
ENSG00000109107,ALDOC,0.37644386,False
ENSG00000074696,HACD3,0.3761881,False
ENSG00000114126,TFDP2,0.3758703,False
ENSG00000136960,ENPP2,0.37559962,False
ENSG00000198417,MT1F,0.3755824,False
ENSG00000110047,EHD1,0.37509707,False
ENSG00000036565,SLC18A1,0.3746248,False
ENSG00000124831,LRRFIP1,0.37431368,False
ENSG00000189058,APOD,0.37416437,False
ENSG00000078674,PCM1,0.37321028,False
ENSG00000132879,FBXO44,0.37289253,False
ENSG00000125875,TBC1D20,0.37285635,False
ENSG00000121900,TMEM54,0.37272078,False
ENSG00000076641,PAG1,0.3725486,False
ENSG00000125901,MRPS26,0.37230167,False
ENSG00000172466,ZNF24,0.37165886,False
ENSG00000066422,ZBTB11,0.3716024,False
ENSG00000112110,MRPL18,0.3710278,False
ENSG00000174943,KCTD13,0.37068698,False
ENSG00000154001,PPP2R5E,0.37048492,False
ENSG00000137992,DBT,0.37000382,False
ENSG00000147324,MFHAS1,0.36894915,False
ENSG00000101343,CRNKL1,0.36866817,False
ENSG00000166598,HSP90B1,0.3682805,False
ENSG00000075399,VPS9D1,0.3681483,False
ENSG00000147862,NFIB,0.3675492,False
ENSG00000147677,EIF3H,0.3671814,False
ENSG00000167258,CDK12,0.36693653,False
ENSG00000125633,CCDC93,0.3665582,False
ENSG00000103121,CMC2,0.36621824,False
ENSG00000004455,AK2,0.36605054,False
ENSG00000070961,ATP2B1,0.36600044,False
ENSG00000085831,TTC39A,0.36596745,False
ENSG00000137106,GRHPR,0.36540255,False
ENSG00000196683,TOMM7,0.36518517,False
ENSG00000148719,DNAJB12,0.3647419,False
ENSG00000033170,FUT8,0.3642771,False
ENSG00000140538,NTRK3,0.36427245,False
ENSG00000064225,ST3GAL6,0.36389202,False
ENSG00000115548,KDM3A,0.3625559,False
ENSG00000035862,TIMP2,0.3622232,False
ENSG00000255529,POLR2M,0.36179018,False
ENSG00000134825,TMEM258,0.3611289,False
ENSG00000067048,DDX3Y,0.36073193,False
ENSG00000110987,BCL7A,0.3599544,False
ENSG00000196368,NUDT11,0.35990417,False
ENSG00000124160,NCOA5,0.35977358,False
ENSG00000170500,LONRF2,0.3595524,False
ENSG00000009954,BAZ1B,0.35935152,False
ENSG00000132329,RAMP1,0.3587496,False
ENSG00000172260,NEGR1,0.3580106,False
ENSG00000198791,CNOT7,0.35782102,False
ENSG00000162704,ARPC5,0.35733363,False
ENSG00000116678,LEPR,0.3572043,False
ENSG00000136541,ERMN,0.35708106,False
ENSG00000174780,SRP72,0.35702065,False
ENSG00000094975,SUCO,0.35694146,False
ENSG00000219545,UMAD1,0.35683304,False
ENSG00000169155,ZBTB43,0.3563048,False
ENSG00000077585,GPR137B,0.35604823,False
ENSG00000213024,NUP62,0.35529023,False
ENSG00000171206,TRIM8,0.35508335,False
ENSG00000160460,SPTBN4,0.35457018,False
ENSG00000151366,NDUFC2,0.3545573,False
ENSG00000126803,HSPA2,0.35431796,False
ENSG00000120913,PDLIM2,0.35429573,False
ENSG00000186350,RXRA,0.35410225,False
ENSG00000165156,ZHX1,0.3537814,False
ENSG00000189079,ARID2,0.35365203,False
ENSG00000159579,RSPRY1,0.3533544,False
ENSG00000148153,INIP,0.35326415,False
ENSG00000165632,TAF3,0.35314742,False
ENSG00000114853,ZBTB47,0.35280535,False
ENSG00000116791,CRYZ,0.35254085,False
ENSG00000133835,HSD17B4,0.35182562,False
ENSG00000151500,THYN1,0.35169446,False
ENSG00000125827,TMX4,0.35166234,False
ENSG00000136444,RSAD1,0.35159928,False
ENSG00000117868,ESYT2,0.35142735,False
ENSG00000139641,ESYT1,0.35122707,False
ENSG00000091129,NRCAM,0.35119724,False
ENSG00000183036,PCP4,0.35116392,False
ENSG00000105518,TMEM205,0.35055035,False
ENSG00000165209,STRBP,0.35009295,False
ENSG00000113595,TRIM23,0.3499122,False
ENSG00000230989,HSBP1,0.34990558,False
ENSG00000159128,IFNGR2,0.34855947,False
ENSG00000063587,ZNF275,0.34785864,False
ENSG00000165138,ANKS6,0.34780174,False
ENSG00000167522,ANKRD11,0.34758663,False
ENSG00000153982,GDPD1,0.3475752,False
ENSG00000111653,ING4,0.3473126,False
ENSG00000167037,SGSM1,0.34706745,False
ENSG00000100664,EIF5,0.34685716,False
ENSG00000109501,WFS1,0.3462404,False
ENSG00000118705,RPN2,0.34596032,False
ENSG00000063177,RPL18,0.34551993,False
ENSG00000249242,TMEM150C,0.34515762,False
ENSG00000120948,TARDBP,0.34471428,False
ENSG00000124151,NCOA3,0.3442354,False
ENSG00000164808,SPIDR,0.34333915,False
ENSG00000153339,TRAPPC8,0.34333345,False
ENSG00000091732,ZC3HC1,0.3432481,False
ENSG00000159202,UBE2Z,0.3431295,False
ENSG00000124226,RNF114,0.34282333,False
ENSG00000103496,STX4,0.34280863,False
ENSG00000151498,ACAD8,0.34269628,False
ENSG00000214941,ZSWIM7,0.3423257,False
ENSG00000124570,SERPINB6,0.34216768,False
ENSG00000065518,NDUFB4,0.34158975,False
ENSG00000185774,KCNIP4,0.34127307,False
ENSG00000104332,SFRP1,0.3409748,False
ENSG00000144029,MRPS5,0.3406719,False
ENSG00000133858,ZFC3H1,0.3403924,False
ENSG00000143543,JTB,0.34027797,False
ENSG00000137193,PIM1,0.3398997,False
ENSG00000127527,EPS15L1,0.33950847,False
ENSG00000128607,KLHDC10,0.33950678,False
ENSG00000120685,PROSER1,0.33944154,False
ENSG00000104218,CSPP1,0.33910954,False
ENSG00000150625,GPM6A,0.33877867,False
ENSG00000114988,LMAN2L,0.33807504,False
ENSG00000166135,HIF1AN,0.33762616,False
ENSG00000130066,SAT1,0.33746368,False
ENSG00000123352,SPATS2,0.33700567,False
ENSG00000069020,MAST4,0.33700433,False
ENSG00000119772,DNMT3A,0.3368355,False
ENSG00000179085,DPM3,0.3368291,False
ENSG00000168275,COA6,0.33653563,False
ENSG00000239306,RBM14,0.3359424,False
ENSG00000152749,GPR180,0.33449873,False
ENSG00000119314,PTBP3,0.33442706,False
ENSG00000064726,BTBD1,0.33426818,False
ENSG00000155886,SLC24A2,0.3336939,False
ENSG00000141867,BRD4,0.3335763,False
ENSG00000143727,ACP1,0.33334878,False
ENSG00000127838,PNKD,0.33314085,False
ENSG00000186642,PDE2A,0.33312395,False
ENSG00000165733,BMS1,0.33196464,False
ENSG00000087258,GNAO1,0.33178896,False
ENSG00000156587,UBE2L6,0.33170533,False
ENSG00000151092,NGLY1,0.33144838,False
ENSG00000119760,SUPT7L,0.3311706,False
ENSG00000081803,CADPS2,0.33082464,False
ENSG00000151461,UPF2,0.33023238,False
ENSG00000165029,ABCA1,0.33022848,False
ENSG00000100711,ZFYVE21,0.32952708,False
ENSG00000025293,PHF20,0.32899857,False
ENSG00000171456,ASXL1,0.32870755,False
ENSG00000185219,ZNF445,0.3283774,False
ENSG00000165671,NSD1,0.3275853,False
ENSG00000107854,TNKS2,0.32748628,False
ENSG00000101439,CST3,0.32741794,False
ENSG00000005302,MSL3,0.32735354,False
ENSG00000149557,FEZ1,0.32712984,False
ENSG00000140836,ZFHX3,0.32655692,False
ENSG00000173039,RELA,0.32648355,False
ENSG00000165475,CRYL1,0.3263448,False
ENSG00000160633,SAFB,0.32626098,False
ENSG00000160049,DFFA,0.3260407,False
ENSG00000164733,CTSB,0.32550895,False
ENSG00000100503,NIN,0.32547027,False
ENSG00000095261,PSMD5,0.32542711,False
ENSG00000119771,KLHL29,0.3250592,False
ENSG00000075539,FRYL,0.3243599,False
ENSG00000092820,EZR,0.32427168,False
ENSG00000122566,HNRNPA2B1,0.32426092,False
ENSG00000147044,CASK,0.32419467,False
ENSG00000162511,LAPTM5,0.3241109,False
ENSG00000240230,COX19,0.32410812,False
ENSG00000159228,CBR1,0.3236254,False
ENSG00000147123,NDUFB11,0.3233708,False
ENSG00000109466,KLHL2,0.3233433,False
ENSG00000171681,ATF7IP,0.3230574,False
ENSG00000010818,HIVEP2,0.32274085,False
ENSG00000101191,DIDO1,0.32260504,False
ENSG00000117616,RSRP1,0.32215753,False
ENSG00000171055,FEZ2,0.32178265,False
ENSG00000182372,CLN8,0.32177156,False
ENSG00000155792,DEPTOR,0.32171446,False
ENSG00000068745,IP6K2,0.3214752,False
ENSG00000106609,TMEM248,0.32115865,False
ENSG00000182752,PAPPA,0.321099,False
ENSG00000177700,POLR2L,0.32102674,False
ENSG00000162616,DNAJB4,0.32089832,False
ENSG00000134884,ARGLU1,0.32066572,False
ENSG00000170144,HNRNPA3,0.3200921,False
ENSG00000133065,SLC41A1,0.3199925,False
ENSG00000163577,EIF5A2,0.31969672,False
ENSG00000132466,ANKRD17,0.3196348,False
ENSG00000162368,CMPK1,0.31957015,False
ENSG00000074964,ARHGEF10L,0.31955448,False
ENSG00000221983,UBA52,0.31903094,False
ENSG00000166233,ARIH1,0.31863904,False
ENSG00000134202,GSTM3,0.3185985,False
ENSG00000077063,CTTNBP2,0.31835803,False
ENSG00000138398,PPIG,0.3180513,False
ENSG00000164741,DLC1,0.31773907,False
ENSG00000013441,CLK1,0.31769967,False
ENSG00000111674,ENO2,0.3175223,False
ENSG00000131558,EXOC4,0.31714532,False
ENSG00000164199,ADGRV1,0.31686935,False
ENSG00000137409,MTCH1,0.31685984,False
ENSG00000206573,THUMPD3-AS1,0.31666946,False
ENSG00000178718,RPP25,0.31646675,False
ENSG00000136824,SMC2,0.31636694,False
ENSG00000111361,EIF2B1,0.31631476,False
ENSG00000172020,GAP43,0.3162503,False
ENSG00000139174,PRICKLE1,0.3151471,False
ENSG00000197063,MAFG,0.314696,False
ENSG00000188994,ZNF292,0.31370887,False
ENSG00000181638,ZFP41,0.3136651,False
ENSG00000179889,PDXDC1,0.3131238,False
ENSG00000170581,STAT2,0.31234995,False
ENSG00000158062,UBXN11,0.3119537,False
ENSG00000186487,MYT1L,0.311805,False
ENSG00000013288,MAN2B2,0.31160346,False
ENSG00000049656,CLPTM1L,0.31125993,False
ENSG00000088899,LZTS3,0.31072202,False
ENSG00000139970,RTN1,0.31056553,False
ENSG00000124193,SRSF6,0.31054202,False
ENSG00000133030,MPRIP,0.31031114,False
ENSG00000198586,TLK1,0.3102241,False
ENSG00000042753,AP2S1,0.3100372,False
ENSG00000215218,UBE2QL1,0.30979592,False
ENSG00000173273,TNKS,0.30951554,False
ENSG00000124225,PMEPA1,0.3088212,False
ENSG00000022267,FHL1,0.30873182,False
ENSG00000019505,SYT13,0.30857348,False
ENSG00000164076,CAMKV,0.30847,False
ENSG00000133069,TMCC2,0.30822924,False
ENSG00000038274,MAT2B,0.30812004,False
ENSG00000106244,PDAP1,0.30702046,False
ENSG00000163637,PRICKLE2,0.30697924,False
ENSG00000069424,KCNAB2,0.30646333,False
ENSG00000131375,CAPN7,0.30613616,False
ENSG00000060762,MPC1,0.30599567,False
ENSG00000171587,DSCAM,0.30594522,False
ENSG00000156298,TSPAN7,0.30584738,False
ENSG00000152601,MBNL1,0.30517524,False
ENSG00000174521,TTC9B,0.30504853,False
ENSG00000100564,PIGH,0.30502754,False
ENSG00000159140,SON,0.30486193,False
ENSG00000198399,ITSN2,0.30480868,False
ENSG00000157036,EXOG,0.30448225,False
ENSG00000172269,DPAGT1,0.30436307,False
ENSG00000166173,LARP6,0.30435097,False
ENSG00000153291,SLC25A27,0.30424336,False
ENSG00000198431,TXNRD1,0.30407786,False
ENSG00000184517,ZFP1,0.30373782,False
ENSG00000170153,RNF150,0.30371472,False
ENSG00000144677,CTDSPL,0.3036346,False
ENSG00000154096,THY1,0.30321687,False
ENSG00000181904,C5orf24,0.30287206,False
ENSG00000166913,YWHAB,0.30209866,False
ENSG00000013588,GPRC5A,0.30195227,False
ENSG00000211455,STK38L,0.30170327,False
ENSG00000146151,HMGCLL1,0.3013509,False
ENSG00000180822,PSMG4,0.30119628,False
ENSG00000180182,MED14,0.3005264,False
ENSG00000100941,PNN,0.30021504,False
ENSG00000114030,KPNA1,0.29983497,False
ENSG00000196091,MYBPC1,0.29965374,False
ENSG00000165113,GKAP1,0.29953533,False
ENSG00000163466,ARPC2,0.2993158,False
ENSG00000154845,PPP4R1,0.2993095,False
ENSG00000180176,TH,0.2992898,False
ENSG00000163624,CDS1,0.29841238,False
ENSG00000151917,BEND6,0.29837936,False
ENSG00000106537,TSPAN13,0.29822677,False
ENSG00000185129,PURA,0.29799807,False
ENSG00000138433,CIR1,0.29799646,False
ENSG00000089169,RPH3A,0.2974118,False
ENSG00000083444,PLOD1,0.29713485,False
ENSG00000049860,HEXB,0.29675323,False
ENSG00000085231,AK6,0.29666677,False
ENSG00000109118,PHF12,0.2958773,False
ENSG00000105185,PDCD5,0.29585665,False
ENSG00000128203,ASPHD2,0.29579577,False
ENSG00000090432,MUL1,0.29550913,False
ENSG00000127952,STYXL1,0.2955061,False
ENSG00000131504,DIAPH1,0.29539025,False
ENSG00000122741,DCAF10,0.29515016,False
ENSG00000176454,LPCAT4,0.29490194,False
ENSG00000135119,RNFT2,0.2948725,False
ENSG00000172932,ANKRD13D,0.2945529,False
ENSG00000162408,NOL9,0.29435757,False
ENSG00000147457,CHMP7,0.2941033,False
ENSG00000034152,MAP2K3,0.29368615,False
ENSG00000172262,ZNF131,0.29348648,False
ENSG00000129625,REEP5,0.2934372,False
ENSG00000136819,C9orf78,0.29339525,False
ENSG00000125741,OPA3,0.29264614,False
ENSG00000089335,ZNF302,0.29228747,False
ENSG00000159307,SCUBE1,0.29226214,False
ENSG00000137198,GMPR,0.29199457,False
ENSG00000133597,ADCK2,0.29154825,False
ENSG00000013392,RWDD2A,0.29114437,False
ENSG00000145934,TENM2,0.291115,False
ENSG00000057252,SOAT1,0.29084018,False
ENSG00000179598,PLD6,0.29041833,False
ENSG00000198837,DENND4B,0.29023853,False
ENSG00000005108,THSD7A,0.29020727,False
ENSG00000135924,DNAJB2,0.29018193,False
ENSG00000076554,TPD52,0.2901163,False
ENSG00000054356,PTPRN,0.28978038,False
ENSG00000135454,B4GALNT1,0.28881797,False
ENSG00000167815,PRDX2,0.28871292,False
ENSG00000172403,SYNPO2,0.28869617,False
ENSG00000183826,BTBD9,0.28812346,False
ENSG00000100865,CINP,0.28802517,False
ENSG00000144028,SNRNP200,0.28780463,False
ENSG00000093010,COMT,0.28760713,False
ENSG00000164051,CCDC51,0.2867403,False
ENSG00000057019,DCBLD2,0.2866565,False
ENSG00000080546,SESN1,0.28659478,False
ENSG00000101608,MYL12A,0.28646183,False
ENSG00000135919,SERPINE2,0.28628817,False
ENSG00000067191,CACNB1,0.28623724,False
ENSG00000196465,MYL6B,0.2860912,False
ENSG00000138796,HADH,0.28527465,False
ENSG00000127914,AKAP9,0.28524464,False
ENSG00000069849,ATP1B3,0.28515932,False
ENSG00000135387,CAPRIN1,0.28499293,False
ENSG00000008018,PSMB1,0.28483674,False
ENSG00000109171,SLAIN2,0.2844084,False
ENSG00000112312,GMNN,0.28402287,False
ENSG00000171202,TMEM126A,0.28361863,False
ENSG00000254004,ZNF260,0.28326628,False
ENSG00000101182,PSMA7,0.2831736,False
ENSG00000151692,RNF144A,0.28317255,False
ENSG00000150991,UBC,0.28282145,False
ENSG00000155368,DBI,0.28113598,False
ENSG00000145740,SLC30A5,0.28091154,False
ENSG00000120129,DUSP1,0.28065613,False
ENSG00000143162,CREG1,0.28064647,False
ENSG00000112659,CUL9,0.2805734,False
ENSG00000118785,SPP1,0.2805071,False
ENSG00000177731,FLII,0.2801567,False
ENSG00000243147,MRPL33,0.2801015,False
ENSG00000110442,COMMD9,0.27992785,False
ENSG00000236279,CLEC2L,0.2795688,False
ENSG00000107742,SPOCK2,0.27936855,False
ENSG00000138069,RAB1A,0.27935094,False
ENSG00000188580,NKAIN2,0.2784768,False
ENSG00000164172,MOCS2,0.27804348,False
ENSG00000117519,CNN3,0.27803108,False
ENSG00000205302,SNX2,0.27768692,False
ENSG00000225968,ELFN1,0.27736023,False
ENSG00000172845,SP3,0.2773302,False
ENSG00000101846,STS,0.27717048,False
ENSG00000167460,TPM4,0.27620244,False
ENSG00000182208,MOB2,0.2760661,False
ENSG00000105202,FBL,0.27561238,False
ENSG00000161011,SQSTM1,0.27557525,False
ENSG00000110042,DTX4,0.27544928,False
ENSG00000141458,NPC1,0.27533102,False
ENSG00000076248,UNG,0.27524668,False
ENSG00000123213,NLN,0.2751674,False
ENSG00000185324,CDK10,0.27500415,False
ENSG00000061987,MON2,0.27475858,False
ENSG00000143420,ENSA,0.27469057,False
ENSG00000145348,TBCK,0.2744399,False
ENSG00000150753,CCT5,0.27388713,False
ENSG00000154380,ENAH,0.2735037,False
ENSG00000011451,WIZ,0.27339336,False
ENSG00000197971,MBP,0.27319857,False
ENSG00000169564,PCBP1,0.27283862,False
ENSG00000148843,PDCD11,0.27283704,False
ENSG00000103365,GGA2,0.2727008,False
ENSG00000102893,PHKB,0.27262032,False
ENSG00000124766,SOX4,0.27245703,False
ENSG00000100575,TIMM9,0.27231994,False
ENSG00000169083,AR,0.27167442,False
ENSG00000185565,LSAMP,0.27154127,False
ENSG00000168137,SETD5,0.27110165,False
ENSG00000114770,ABCC5,0.2710959,False
ENSG00000166166,TRMT61A,0.27059674,False
ENSG00000167700,MFSD3,0.270379,False
ENSG00000257727,CNPY2,0.2700902,False
ENSG00000109519,GRPEL1,0.26964238,False
ENSG00000152291,TGOLN2,0.26962966,False
ENSG00000197694,SPTAN1,0.26956317,False
ENSG00000074842,MYDGF,0.2691599,False
ENSG00000077264,PAK3,0.2689353,False
ENSG00000115525,ST3GAL5,0.26839098,False
ENSG00000166228,PCBD1,0.26816174,False
ENSG00000160439,RDH13,0.26801527,False
ENSG00000100350,FOXRED2,0.2678178,False
ENSG00000155876,RRAGA,0.26759696,False
ENSG00000078687,TNRC6C,0.2674749,False
ENSG00000140691,ARMC5,0.26743034,False
ENSG00000092148,HECTD1,0.26731974,False
ENSG00000169762,TAPT1,0.26719478,False
ENSG00000160753,RUSC1,0.26694727,False
ENSG00000034053,APBA2,0.26683277,False
ENSG00000067082,KLF6,0.26632524,False
ENSG00000137073,UBAP2,0.26586154,False
ENSG00000148468,FAM171A1,0.2655748,False
ENSG00000114742,WDR48,0.26556587,False
ENSG00000111912,NCOA7,0.26542887,False
ENSG00000170903,MSANTD4,0.26462933,False
ENSG00000177082,WDR73,0.26419446,False
ENSG00000181045,SLC26A11,0.2640936,False
ENSG00000160213,CSTB,0.26407325,False
ENSG00000162191,UBXN1,0.26363388,False
ENSG00000159377,PSMB4,0.26350433,False
ENSG00000136271,DDX56,0.26346725,False
ENSG00000075340,ADD2,0.2632876,False
ENSG00000101134,DOK5,0.26314998,False
ENSG00000115520,COQ10B,0.26299626,False
ENSG00000134375,TIMM17A,0.26266056,False
ENSG00000169641,LUZP1,0.26232183,False
ENSG00000172348,RCAN2,0.261889,False
ENSG00000162076,FLYWCH2,0.26157665,False
ENSG00000100142,POLR2F,0.26156276,False
ENSG00000008056,SYN1,0.2614883,False
ENSG00000182636,NDN,0.2610008,False
ENSG00000140854,KATNB1,0.2607392,False
ENSG00000111845,PAK1IP1,0.26022053,False
ENSG00000136731,UGGT1,0.25969034,False
ENSG00000206560,ANKRD28,0.2596779,False
ENSG00000125944,HNRNPR,0.25966078,False
ENSG00000116661,FBXO2,0.2596607,False
ENSG00000151849,CENPJ,0.25959417,False
ENSG00000168906,MAT2A,0.25939244,False
ENSG00000145191,EIF2B5,0.25885198,False
ENSG00000024048,UBR2,0.2582659,False
ENSG00000173276,ZBTB21,0.2582012,False
ENSG00000130255,RPL36,0.25817758,False
ENSG00000070182,SPTB,0.2581136,False
ENSG00000167614,TTYH1,0.2576378,False
ENSG00000131149,GSE1,0.2574257,False
ENSG00000149187,CELF1,0.25729156,False
ENSG00000100030,MAPK1,0.25643384,False
ENSG00000186480,INSIG1,0.25634968,False
ENSG00000158201,ABHD3,0.25622663,False
ENSG00000068878,PSME4,0.25597298,False
ENSG00000023909,GCLM,0.2559529,False
ENSG00000120742,SERP1,0.2558275,False
ENSG00000198160,MIER1,0.2558027,False
ENSG00000159199,ATP5MC1,0.25533333,False
ENSG00000125656,CLPP,0.25519034,False
ENSG00000116641,DOCK7,0.25484177,False
ENSG00000139921,TMX1,0.25470862,False
ENSG00000165898,ISCA2,0.25465727,False
ENSG00000244005,NFS1,0.25440127,False
ENSG00000103160,HSDL1,0.25435027,False
ENSG00000114439,BBX,0.2542103,False
ENSG00000219481,NBPF1,0.25414267,False
ENSG00000112242,E2F3,0.2541118,False
ENSG00000125166,GOT2,0.25402573,False
ENSG00000110917,MLEC,0.25365365,False
ENSG00000136450,SRSF1,0.25362226,False
ENSG00000159210,SNF8,0.2536056,False
ENSG00000162413,KLHL21,0.2534549,False
ENSG00000089916,GPATCH2L,0.25308833,False
ENSG00000106976,DNM1,0.253087,False
ENSG00000143653,SCCPDH,0.2530546,False
ENSG00000107819,SFXN3,0.25300485,False
ENSG00000131018,SYNE1,0.25277078,False
ENSG00000112679,DUSP22,0.25160936,False
ENSG00000204406,MBD5,0.251521,False
ENSG00000182872,RBM10,0.25100723,False
ENSG00000093144,ECHDC1,0.25082415,False
ENSG00000175198,PCCA,0.2505022,False
ENSG00000111666,CHPT1,0.2503211,False
ENSG00000184436,THAP7,0.25023663,False
ENSG00000107669,ATE1,0.24996588,False
ENSG00000065665,SEC61A2,0.24985151,False
ENSG00000100364,KIAA0930,0.24973544,False
ENSG00000112159,MDN1,0.2497244,False
ENSG00000176463,SLCO3A1,0.24957463,False
ENSG00000132639,SNAP25,0.24943888,False
ENSG00000157224,CLDN12,0.24938555,False
ENSG00000083099,LYRM2,0.24920401,False
ENSG00000089053,ANAPC5,0.2490475,False
ENSG00000164823,OSGIN2,0.2487485,False
ENSG00000047579,DTNBP1,0.24866569,False
ENSG00000116983,HPCAL4,0.24844907,False
ENSG00000166432,ZMAT1,0.24840932,False
ENSG00000105426,PTPRS,0.2482651,False
ENSG00000108679,LGALS3BP,0.2482557,False
ENSG00000134769,DTNA,0.24822068,False
ENSG00000160613,PCSK7,0.24818997,False
ENSG00000134308,YWHAQ,0.24802658,False
ENSG00000155313,USP25,0.24782756,False
ENSG00000118482,PHF3,0.2475173,False
ENSG00000131378,RFTN1,0.24734688,False
ENSG00000169740,ZNF32,0.24734494,False
ENSG00000111269,CREBL2,0.24725612,False
ENSG00000158528,PPP1R9A,0.24720585,False
ENSG00000122705,CLTA,0.24707855,False
ENSG00000034510,TMSB10,0.24686283,False
ENSG00000136783,NIPSNAP3A,0.2467916,False
ENSG00000108055,SMC3,0.246285,False
ENSG00000123636,BAZ2B,0.24618645,False
ENSG00000245910,SNHG6,0.24584723,False
ENSG00000170852,KBTBD2,0.24568364,False
ENSG00000037637,FBXO42,0.24557754,False
ENSG00000156709,AIFM1,0.24557362,False
ENSG00000119820,YIPF4,0.24527135,False
ENSG00000166266,CUL5,0.2451341,False
ENSG00000088930,XRN2,0.2448734,False
ENSG00000114353,GNAI2,0.24463533,False
ENSG00000122873,CISD1,0.2446123,False
ENSG00000091482,SMPX,0.2442166,False
ENSG00000156239,N6AMT1,0.24419346,False
ENSG00000009413,REV3L,0.24411626,False
ENSG00000100603,SNW1,0.24386232,False
ENSG00000172350,ABCG4,0.24380128,False
ENSG00000128789,PSMG2,0.24347855,False
ENSG00000158623,COPG2,0.2434391,False
ENSG00000147432,CHRNB3,0.24342942,False
ENSG00000184863,RBM33,0.2434257,False
ENSG00000091164,TXNL1,0.24316356,False
ENSG00000170310,STX8,0.24308866,False
ENSG00000119231,SENP5,0.24300782,False
ENSG00000021300,PLEKHB1,0.24275142,False
ENSG00000198919,DZIP3,0.24274313,False
ENSG00000196141,SPATS2L,0.24267167,False
ENSG00000143437,ARNT,0.24226952,False
ENSG00000139168,ZCRB1,0.2422614,False
ENSG00000138443,ABI2,0.24215825,False
ENSG00000134905,CARS2,0.2420622,False
ENSG00000129055,ANAPC13,0.24171472,False
ENSG00000129347,KRI1,0.24146768,False
ENSG00000076321,KLHL20,0.24112453,False
ENSG00000131773,KHDRBS3,0.240984,False
ENSG00000163714,U2SURP,0.24097872,False
ENSG00000138814,PPP3CA,0.24097688,False
ENSG00000055609,KMT2C,0.24070242,False
ENSG00000105649,RAB3A,0.24062425,False
ENSG00000130956,HABP4,0.24049218,False
ENSG00000127884,ECHS1,0.24047193,False
ENSG00000109133,TMEM33,0.24045932,False
ENSG00000139645,ANKRD52,0.24042651,False
ENSG00000146842,TMEM209,0.24020521,False
ENSG00000186318,BACE1,0.24000677,False
ENSG00000104723,TUSC3,0.23987292,False
ENSG00000015592,STMN4,0.23987226,False
ENSG00000130724,CHMP2A,0.23963891,False
ENSG00000241258,CRCP,0.23961824,False
ENSG00000115561,CHMP3,0.23958755,False
ENSG00000188848,BEND4,0.23948622,False
ENSG00000182117,NOP10,0.23945194,False
ENSG00000197969,VPS13A,0.23903835,False
ENSG00000148290,SURF1,0.23900993,False
ENSG00000154429,CCSAP,0.23858216,False
ENSG00000186868,MAPT,0.23855683,False
ENSG00000196458,ZNF605,0.23840122,False
ENSG00000113732,ATP6V0E1,0.23836796,False
ENSG00000167654,ATCAY,0.23819001,False
ENSG00000131100,ATP6V1E1,0.23807812,False
ENSG00000131089,ARHGEF9,0.23780648,False
ENSG00000113282,CLINT1,0.23779897,False
ENSG00000157014,TATDN2,0.23767897,False
ENSG00000159445,THEM4,0.2376085,False
ENSG00000104267,CA2,0.23750393,False
ENSG00000033178,UBA6,0.23702727,False
ENSG00000181830,SLC35C1,0.236716,False
ENSG00000197746,PSAP,0.23658252,False
ENSG00000174684,B4GAT1,0.23631482,False
ENSG00000133048,CHI3L1,0.23631118,False
ENSG00000109854,HTATIP2,0.23630917,False
ENSG00000138613,APH1B,0.23619442,False
ENSG00000169926,KLF13,0.23596743,False
ENSG00000138399,FASTKD1,0.23589717,False
ENSG00000107518,ATRNL1,0.23565018,False
ENSG00000126214,KLC1,0.23560713,False
ENSG00000137309,HMGA1,0.2355686,False
ENSG00000100813,ACIN1,0.23510328,False
ENSG00000131381,RBSN,0.23486748,False
ENSG00000024862,CCDC28A,0.23440954,False
ENSG00000163479,SSR2,0.23406352,False
ENSG00000119718,EIF2B2,0.23403758,False
ENSG00000079277,MKNK1,0.23400575,False
ENSG00000119640,ACYP1,0.23394638,False
ENSG00000154305,MIA3,0.23368171,False
ENSG00000165943,MOAP1,0.23327225,False
ENSG00000173757,STAT5B,0.23287015,False
ENSG00000113240,CLK4,0.23262778,False
ENSG00000169193,CCDC126,0.23243503,False
ENSG00000197345,MRPL21,0.23200329,False
ENSG00000198105,ZNF248,0.23196982,False
ENSG00000116133,DHCR24,0.23178202,False
ENSG00000003756,RBM5,0.23133379,False
ENSG00000162769,FLVCR1,0.23123354,False
ENSG00000100554,ATP6V1D,0.23113191,False
ENSG00000074054,CLASP1,0.23085162,False
ENSG00000197043,ANXA6,0.23072444,False
ENSG00000221866,PLXNA4,0.23071755,False
ENSG00000122692,SMU1,0.23022631,False
ENSG00000123066,MED13L,0.2300371,False
ENSG00000126351,THRA,0.22995071,False
ENSG00000176788,BASP1,0.22993208,False
ENSG00000107185,RGP1,0.22972149,False
ENSG00000255302,EID1,0.22954093,False
ENSG00000112992,NNT,0.22950898,False
ENSG00000130402,ACTN4,0.22934946,False
ENSG00000106524,ANKMY2,0.22925507,False
ENSG00000128563,PRKRIP1,0.22924463,False
ENSG00000054116,TRAPPC3,0.22917326,False
ENSG00000105193,RPS16,0.22899878,False
ENSG00000197045,GMFB,0.2288522,False
ENSG00000198034,RPS4X,0.22880001,False
ENSG00000057704,TMCC3,0.2287893,False
ENSG00000017260,ATP2C1,0.22830632,False
ENSG00000168303,MPLKIP,0.22823478,False
ENSG00000101236,RNF24,0.22752059,False
ENSG00000169045,HNRNPH1,0.22748858,False
ENSG00000203778,FAM229B,0.22736056,False
ENSG00000124795,DEK,0.22728351,False
ENSG00000082516,GEMIN5,0.2272121,False
ENSG00000197961,ZNF121,0.22671893,False
ENSG00000143222,UFC1,0.22669521,False
ENSG00000146425,DYNLT1,0.22652566,False
ENSG00000149485,FADS1,0.22628619,False
ENSG00000197756,RPL37A,0.22627755,False
ENSG00000105993,DNAJB6,0.22577332,False
ENSG00000106803,SEC61B,0.22571182,False
ENSG00000078043,PIAS2,0.22529419,False
ENSG00000145819,ARHGAP26,0.22519296,False
ENSG00000114209,PDCD10,0.22486748,False
ENSG00000122786,CALD1,0.22486366,False
ENSG00000124733,MEA1,0.2246818,False
ENSG00000204991,SPIRE2,0.22467108,False
ENSG00000171223,JUNB,0.22452125,False
ENSG00000130517,PGPEP1,0.22444841,False
ENSG00000107341,UBE2R2,0.22425582,False
ENSG00000117697,NSL1,0.22411133,False
ENSG00000148337,CIZ1,0.22410126,False
ENSG00000129824,RPS4Y1,0.22384468,False
ENSG00000109390,NDUFC1,0.22378449,False
ENSG00000059145,UNKL,0.22358595,False
ENSG00000171385,KCND3,0.2235165,False
ENSG00000093167,LRRFIP2,0.22346705,False
ENSG00000178974,FBXO34,0.22335458,False
ENSG00000168566,SNRNP48,0.2231782,False
ENSG00000125779,PANK2,0.22287074,False
ENSG00000198000,NOL8,0.22237197,False
ENSG00000109917,ZPR1,0.22217758,False
ENSG00000086619,ERO1B,0.22216718,False
ENSG00000123560,PLP1,0.22214763,False
ENSG00000100281,HMGXB4,0.22177303,False
ENSG00000065135,GNAI3,0.22166044,False
ENSG00000188846,RPL14,0.2216546,False
ENSG00000135052,GOLM1,0.22149464,False
ENSG00000204856,FAM216A,0.22136004,False
ENSG00000052795,FNIP2,0.22131924,False
ENSG00000119906,SLF2,0.22097977,False
ENSG00000069966,GNB5,0.22096445,False
ENSG00000138835,RGS3,0.22070403,False
ENSG00000100243,CYB5R3,0.22064488,False
ENSG00000146731,CCT6A,0.22047713,False
ENSG00000175105,ZNF654,0.2204244,False
ENSG00000150510,FAM124A,0.22027503,False
ENSG00000084090,STARD7,0.22015166,False
ENSG00000198937,CCDC167,0.21990171,False
ENSG00000158417,EIF5B,0.2197336,False
ENSG00000211584,SLC48A1,0.21959965,False
ENSG00000102226,USP11,0.21949138,False
ENSG00000019582,CD74,0.21930207,False
ENSG00000163159,VPS72,0.21926276,False
ENSG00000047932,GOPC,0.21916588,False
ENSG00000119707,RBM25,0.21915188,False
ENSG00000187109,NAP1L1,0.21893929,False
ENSG00000168243,GNG4,0.21881574,False
ENSG00000179454,KLHL28,0.21856646,False
ENSG00000129003,VPS13C,0.21842581,False
ENSG00000147533,GOLGA7,0.21823458,False
ENSG00000161980,POLR3K,0.21811889,False
ENSG00000148218,ALAD,0.21806747,False
ENSG00000078804,TP53INP2,0.21782126,False
ENSG00000077279,DCX,0.21779564,False
ENSG00000101193,GID8,0.21765378,False
ENSG00000088179,PTPN4,0.21757944,False
ENSG00000100632,ERH,0.217486,False
ENSG00000132294,EFR3A,0.21732593,False
ENSG00000186834,HEXIM1,0.21699929,False
ENSG00000159692,CTBP1,0.21671164,False
ENSG00000182899,RPL35A,0.21644762,False
ENSG00000109654,TRIM2,0.21643259,False
ENSG00000176697,BDNF,0.21608233,False
ENSG00000140992,PDPK1,0.21579102,False
ENSG00000151135,TMEM263,0.21547417,False
ENSG00000100626,GALNT16,0.21489401,False
ENSG00000148700,ADD3,0.2146615,False
ENSG00000145494,NDUFS6,0.21455897,False
ENSG00000160991,ORAI2,0.21454138,False
ENSG00000074695,LMAN1,0.21445215,False
ENSG00000162623,TYW3,0.2143179,False
ENSG00000055950,MRPL43,0.21425551,False
ENSG00000071655,MBD3,0.21400954,False
ENSG00000145428,RNF175,0.21390773,False
ENSG00000053254,FOXN3,0.21390384,False
ENSG00000185070,FLRT2,0.21383415,False
ENSG00000165322,ARHGAP12,0.21346253,False
ENSG00000111696,NT5DC3,0.21321881,False
ENSG00000157514,TSC22D3,0.21293098,False
ENSG00000149273,RPS3,0.21263324,False
ENSG00000006715,VPS41,0.21246536,False
ENSG00000157601,MX1,0.2121388,False
ENSG00000151012,SLC7A11,0.21168122,False
ENSG00000102178,UBL4A,0.21118994,False
ENSG00000105499,PLA2G4C,0.21106009,False
ENSG00000126107,HECTD3,0.21104193,False
ENSG00000135341,MAP3K7,0.21070355,False
ENSG00000147133,TAF1,0.21069966,False
ENSG00000131711,MAP1B,0.21065232,False
ENSG00000100906,NFKBIA,0.21059528,False
ENSG00000104435,STMN2,0.2098229,False
ENSG00000100401,RANGAP1,0.20978637,False
ENSG00000196781,TLE1,0.20942606,False
ENSG00000009694,TENM1,0.20934612,False
ENSG00000131779,PEX11B,0.20921919,False
ENSG00000128791,TWSG1,0.20905156,False
ENSG00000164062,APEH,0.20902154,False
ENSG00000132507,EIF5A,0.20885658,False
ENSG00000132664,POLR3F,0.20871016,False
ENSG00000107862,GBF1,0.20849235,False
ENSG00000106399,RPA3,0.20846286,False
ENSG00000141556,TBCD,0.20833637,False
ENSG00000125534,PPDPF,0.20824404,False
ENSG00000119938,PPP1R3C,0.20781043,False
ENSG00000067334,DNTTIP2,0.20763956,False
ENSG00000115415,STAT1,0.20743927,False
ENSG00000134709,HOOK1,0.2071641,False
ENSG00000151689,INPP1,0.20700756,False
ENSG00000104177,MYEF2,0.20698293,False
ENSG00000132437,DDC,0.20655708,False
ENSG00000138942,RNF185,0.20641185,False
ENSG00000129158,SERGEF,0.20633338,False
ENSG00000108039,XPNPEP1,0.20612895,False
ENSG00000116809,ZBTB17,0.20602769,False
ENSG00000176986,SEC24C,0.20600559,False
ENSG00000067445,TRO,0.20591086,False
ENSG00000106771,TMEM245,0.20580682,False
ENSG00000164970,FAM219A,0.20578223,False
ENSG00000082898,XPO1,0.20576388,False
ENSG00000163931,TKT,0.2057343,False
ENSG00000094631,HDAC6,0.20571311,False
ENSG00000082458,DLG3,0.20551473,False
ENSG00000100263,RHBDD3,0.20550938,False
ENSG00000065613,SLK,0.20542301,False
ENSG00000113719,ERGIC1,0.20488004,False
ENSG00000014919,COX15,0.2048686,False
ENSG00000135299,ANKRD6,0.20449844,False
ENSG00000099204,ABLIM1,0.2044959,False
ENSG00000135968,GCC2,0.20443663,False
ENSG00000168904,LRRC28,0.20443349,False
ENSG00000116095,PLEKHA3,0.20428781,False
ENSG00000110931,CAMKK2,0.20404014,False
ENSG00000137166,FOXP4,0.20398559,False
ENSG00000143033,MTF2,0.2037874,False
ENSG00000157045,NTAN1,0.20368923,False
ENSG00000079156,OSBPL6,0.20349069,False
ENSG00000185650,ZFP36L1,0.20334823,False
ENSG00000056586,RC3H2,0.20327675,False
ENSG00000108298,RPL19,0.20321752,False
ENSG00000055163,CYFIP2,0.20311247,False
ENSG00000157557,ETS2,0.20306224,False
ENSG00000164197,RNF180,0.20303528,False
ENSG00000146247,PHIP,0.20298031,False
ENSG00000173320,STOX2,0.20260495,False
ENSG00000115504,EHBP1,0.20253028,False
ENSG00000109670,FBXW7,0.2024606,False
ENSG00000185787,MORF4L1,0.2017306,False
ENSG00000138363,ATIC,0.2016696,False
ENSG00000171867,PRNP,0.20128222,False
ENSG00000170075,GPR37L1,0.20128222,False
ENSG00000144445,KANSL1L,0.20127095,False
ENSG00000145147,SLIT2,0.2009661,False
ENSG00000115307,AUP1,0.20092654,False
ENSG00000163867,ZMYM6,0.2008257,False
ENSG00000147526,TACC1,0.20068784,False
ENSG00000141384,TAF4B,0.20065501,False
ENSG00000189091,SF3B3,0.2005091,False
ENSG00000169567,HINT1,0.20029245,False
ENSG00000126804,ZBTB1,0.19991507,False
ENSG00000135549,PKIB,0.1999099,False
ENSG00000025772,TOMM34,0.19978854,False
ENSG00000082556,OPRK1,0.1997163,False
ENSG00000165731,RET,0.19943298,False
ENSG00000121904,CSMD2,0.1988788,False
ENSG00000110717,NDUFS8,0.19880669,False
ENSG00000163812,ZDHHC3,0.19853808,False
ENSG00000159200,RCAN1,0.19845238,False
ENSG00000175756,AURKAIP1,0.19801556,False
ENSG00000152795,HNRNPDL,0.19787875,False
ENSG00000196510,ANAPC7,0.19769229,False
ENSG00000150403,TMCO3,0.1972822,False
ENSG00000035681,NSMAF,0.19692893,False
ENSG00000035403,VCL,0.19673835,False
ENSG00000125834,STK35,0.19640368,False
ENSG00000180354,MTURN,0.19639099,False
ENSG00000138411,HECW2,0.19630937,False
ENSG00000133878,DUSP26,0.19619235,False
ENSG00000184076,UQCR10,0.19616157,False
ENSG00000139624,CERS5,0.19595729,False
ENSG00000089048,ESF1,0.19594535,False
ENSG00000127824,TUBA4A,0.195656,False
ENSG00000095380,NANS,0.19551909,False
ENSG00000163170,BOLA3,0.19550683,False
ENSG00000183779,ZNF703,0.19515465,False
ENSG00000140350,ANP32A,0.19511318,False
ENSG00000139767,SRRM4,0.19510703,False
ENSG00000182504,CEP97,0.19509785,False
ENSG00000140332,TLE3,0.19501632,False
ENSG00000112186,CAP2,0.19493923,False
ENSG00000104643,MTMR9,0.19459838,False
ENSG00000186111,PIP5K1C,0.19444251,False
ENSG00000120693,SMAD9,0.19426753,False
ENSG00000101079,NDRG3,0.19424243,False
ENSG00000108107,RPL28,0.19423093,False
ENSG00000113456,RAD1,0.19421358,False
ENSG00000116044,NFE2L2,0.19417079,False
ENSG00000103091,WDR59,0.19415624,False
ENSG00000100221,JOSD1,0.19396661,False
ENSG00000168724,DNAJC21,0.1936607,False
ENSG00000155304,HSPA13,0.19346668,False
ENSG00000214022,REPIN1,0.19337088,False
ENSG00000114098,ARMC8,0.19334339,False
ENSG00000175785,PRIMA1,0.1933119,False
ENSG00000104691,UBXN8,0.19319563,False
ENSG00000169851,PCDH7,0.1930806,False
ENSG00000162819,BROX,0.19288729,False
ENSG00000006116,CACNG3,0.1926642,False
ENSG00000176406,RIMS2,0.19265467,False
ENSG00000180370,PAK2,0.19246027,False
ENSG00000070214,SLC44A1,0.19243143,False
ENSG00000177889,UBE2N,0.192222,False
ENSG00000108848,LUC7L3,0.19221264,False
ENSG00000142192,APP,0.19220404,False
ENSG00000108654,DDX5,0.19202907,False
ENSG00000110841,PPFIBP1,0.19186628,False
ENSG00000096063,SRPK1,0.19175568,False
ENSG00000272047,GTF2H5,0.19149682,False
ENSG00000114857,NKTR,0.19138755,False
ENSG00000139746,RBM26,0.1913454,False
ENSG00000091513,TF,0.19108202,False
ENSG00000185904,LINC00839,0.19105133,False
ENSG00000198911,SREBF2,0.19091369,False
ENSG00000143079,CTTNBP2NL,0.19089067,False
ENSG00000114993,RTKN,0.19085453,False
ENSG00000102678,FGF9,0.19083288,False
ENSG00000134291,TMEM106C,0.19081803,False
ENSG00000116717,GADD45A,0.1906577,False
ENSG00000135486,HNRNPA1,0.19049361,False
ENSG00000184209,SNRNP35,0.19031107,False
ENSG00000076864,RAP1GAP,0.19027257,False
ENSG00000106348,IMPDH1,0.19001335,False
ENSG00000198121,LPAR1,0.1899814,False
ENSG00000104904,OAZ1,0.18995309,False
ENSG00000124006,OBSL1,0.18956693,False
ENSG00000259974,LINC00261,0.18926498,False
ENSG00000104823,ECH1,0.18917058,False
ENSG00000187742,SECISBP2,0.1890161,False
ENSG00000105705,SUGP1,0.18900757,False
ENSG00000198380,GFPT1,0.18896273,False
ENSG00000175606,TMEM70,0.1887386,False
ENSG00000153317,ASAP1,0.1887009,False
ENSG00000149547,EI24,0.18869399,False
ENSG00000031003,FAM13B,0.18863606,False
ENSG00000104131,EIF3J,0.18852097,False
ENSG00000130024,PHF10,0.18851818,False
ENSG00000064601,CTSA,0.1884168,False
ENSG00000108262,GIT1,0.1882917,False
ENSG00000168653,NDUFS5,0.18809187,False
ENSG00000115947,ORC4,0.18798777,False
ENSG00000197885,NKIRAS1,0.18796924,False
ENSG00000247596,TWF2,0.18774697,False
ENSG00000104967,NOVA2,0.18738003,False
ENSG00000153786,ZDHHC7,0.18712218,False
ENSG00000135686,KLHL36,0.18703844,False
ENSG00000116731,PRDM2,0.18687718,False
ENSG00000165355,FBXO33,0.18681231,False
ENSG00000122068,FYTTD1,0.18658899,False
ENSG00000048740,CELF2,0.1863966,False
ENSG00000162521,RBBP4,0.18626413,False
ENSG00000128245,YWHAH,0.1862552,False
ENSG00000184939,ZFP90,0.18618537,False
ENSG00000090487,SPG21,0.18612964,False
ENSG00000116455,WDR77,0.18612736,False
ENSG00000177200,CHD9,0.18579656,False
ENSG00000148296,SURF6,0.18567762,False
ENSG00000135018,UBQLN1,0.18523994,False
ENSG00000185090,MANEAL,0.1851813,False
ENSG00000119523,ALG2,0.18518034,False
ENSG00000028203,VEZT,0.18512267,False
ENSG00000115902,SLC1A4,0.18490592,False
ENSG00000148384,INPP5E,0.18440606,False
ENSG00000111142,METAP2,0.18437146,False
ENSG00000087460,GNAS,0.18419737,False
ENSG00000092841,MYL6,0.1840315,False
ENSG00000170906,NDUFA3,0.18398365,False
ENSG00000090686,USP48,0.18393508,False
ENSG00000084234,APLP2,0.18343338,False
ENSG00000177556,ATOX1,0.18322743,False
ENSG00000119650,IFT43,0.18291149,False
ENSG00000118515,SGK1,0.18257594,False
ENSG00000167964,RAB26,0.18257113,False
ENSG00000132024,CC2D1A,0.18255867,False
ENSG00000136807,CDK9,0.18251225,False
ENSG00000103342,GSPT1,0.18239154,False
ENSG00000125826,RBCK1,0.18206824,False
ENSG00000152904,GGPS1,0.18181713,False
ENSG00000060491,OGFR,0.18160507,False
ENSG00000162910,MRPL55,0.18155812,False
ENSG00000063660,GPC1,0.18128398,False
ENSG00000069956,MAPK6,0.18128386,False
ENSG00000143384,MCL1,0.18116042,False
ENSG00000081154,PCNP,0.1811093,False
ENSG00000110330,BIRC2,0.18110162,False
ENSG00000128731,HERC2,0.18099208,False
ENSG00000143198,MGST3,0.18087296,False
ENSG00000187231,SESTD1,0.18057896,False
ENSG00000143157,POGK,0.18046775,False
ENSG00000136436,CALCOCO2,0.18043207,False
ENSG00000062598,ELMO2,0.18019162,False
ENSG00000005448,WDR54,0.18004517,False
ENSG00000173409,ARV1,0.17957196,False
ENSG00000171843,MLLT3,0.17925471,False
ENSG00000124588,NQO2,0.17908867,False
ENSG00000187239,FNBP1,0.17898987,False
ENSG00000114646,CSPG5,0.17883424,False
ENSG00000101966,XIAP,0.17829056,False
ENSG00000050438,SLC4A8,0.17809525,False
ENSG00000127124,HIVEP3,0.17808042,False
ENSG00000116497,S100PBP,0.17800555,False
ENSG00000189337,KAZN,0.17785254,False
ENSG00000074706,IPCEF1,0.17778516,False
ENSG00000171720,HDAC3,0.17757702,False
ENSG00000149100,EIF3M,0.17755204,False
ENSG00000151276,MAGI1,0.1774833,False
ENSG00000101347,SAMHD1,0.17747943,False
ENSG00000175130,MARCKSL1,0.17742746,False
ENSG00000104884,ERCC2,0.17718166,False
ENSG00000136891,TEX10,0.17716499,False
ENSG00000164916,FOXK1,0.17698748,False
ENSG00000163872,YEATS2,0.17665823,False
ENSG00000109065,NAT9,0.176535,False
ENSG00000057663,ATG5,0.17648421,False
ENSG00000123240,OPTN,0.1763862,False
ENSG00000198856,OSTC,0.17617993,False
ENSG00000196730,DAPK1,0.17595348,False
ENSG00000114107,CEP70,0.17564327,False
ENSG00000184007,PTP4A2,0.17525485,False
ENSG00000124788,ATXN1,0.17512657,False
ENSG00000124194,GDAP1L1,0.17501079,False
ENSG00000167380,ZNF226,0.17487198,False
ENSG00000114648,KLHL18,0.17477387,False
ENSG00000126756,UXT,0.17456217,False
ENSG00000130204,TOMM40,0.17445944,False
ENSG00000167113,COQ4,0.17444901,False
ENSG00000114982,KANSL3,0.1743921,False
ENSG00000170889,RPS9,0.174383,False
ENSG00000152944,MED21,0.17434897,False
ENSG00000185880,TRIM69,0.17410003,False
ENSG00000164111,ANXA5,0.1739728,False
ENSG00000129194,SOX15,0.17393512,False
ENSG00000143549,TPM3,0.1738073,False
ENSG00000075785,RAB7A,0.17376775,False
ENSG00000163644,PPM1K,0.17354164,False
ENSG00000172922,RNASEH2C,0.17346865,False
ENSG00000090097,PCBP4,0.17341247,False
ENSG00000101544,ADNP2,0.17327909,False
ENSG00000101187,SLCO4A1,0.17321588,False
ENSG00000182903,ZNF721,0.17304817,False
ENSG00000203880,PCMTD2,0.17302482,False
ENSG00000143515,ATP8B2,0.17255343,False
ENSG00000100796,PPP4R3A,0.17236596,False
ENSG00000162613,FUBP1,0.17217678,False
ENSG00000100380,ST13,0.17201756,False
ENSG00000198932,GPRASP1,0.17188369,False
ENSG00000117450,PRDX1,0.17164785,False
ENSG00000133606,MKRN1,0.17147703,False
ENSG00000114019,AMOTL2,0.17141184,False
ENSG00000171951,SCG2,0.17140956,False
ENSG00000110768,GTF2H1,0.17105189,False
ENSG00000100461,RBM23,0.17061526,False
ENSG00000102103,PQBP1,0.17044343,False
ENSG00000158604,TMED4,0.17017625,False
ENSG00000152492,CCDC50,0.16999267,False
ENSG00000164070,HSPA4L,0.1695249,False
ENSG00000113578,FGF1,0.16936621,False
ENSG00000155085,AK9,0.16924681,False
ENSG00000132471,WBP2,0.16924232,False
ENSG00000129460,NGDN,0.16910718,False
ENSG00000168481,LGI3,0.1690528,False
ENSG00000077312,SNRPA,0.16901468,False
ENSG00000130826,DKC1,0.16884094,False
ENSG00000133961,NUMB,0.16878806,False
ENSG00000184677,ZBTB40,0.1687486,False
ENSG00000189227,C15orf61,0.16855232,False
ENSG00000169976,SF3B5,0.1684509,False
ENSG00000008324,SS18L2,0.16842374,False
ENSG00000108671,PSMD11,0.16839772,False
ENSG00000148019,CEP78,0.16836533,False
ENSG00000149541,B3GAT3,0.16826963,False
ENSG00000141664,ZCCHC2,0.16811393,False
ENSG00000132182,NUP210,0.16804953,False
ENSG00000071553,ATP6AP1,0.16781905,False
ENSG00000113657,DPYSL3,0.167678,False
ENSG00000164463,CREBRF,0.16754232,False
ENSG00000204070,SYS1,0.16752103,False
ENSG00000071537,SEL1L,0.16744584,False
ENSG00000164038,SLC9B2,0.16742685,False
ENSG00000161813,LARP4,0.16736308,False
ENSG00000081307,UBA5,0.16723372,False
ENSG00000126067,PSMB2,0.16719466,False
ENSG00000231721,LINC-PINT,0.16716538,False
ENSG00000218739,CEBPZOS,0.16713235,False
ENSG00000213619,NDUFS3,0.16692886,False
ENSG00000198301,SDAD1,0.1665358,False
ENSG00000163346,PBXIP1,0.16650358,False
ENSG00000181090,EHMT1,0.16632664,False
ENSG00000159164,SV2A,0.16631512,False
ENSG00000198585,NUDT16,0.16630979,False
ENSG00000214548,MEG3,0.1662961,False
ENSG00000040731,CDH10,0.16621158,False
ENSG00000137055,PLAA,0.16597603,False
ENSG00000120333,MRPS14,0.16564488,False
ENSG00000125995,ROMO1,0.16557556,False
ENSG00000097021,ACOT7,0.16544242,False
ENSG00000169504,CLIC4,0.16535392,False
ENSG00000154277,UCHL1,0.16513892,False
ENSG00000138709,LARP1B,0.16504882,False
ENSG00000112685,EXOC2,0.16504787,False
ENSG00000001561,ENPP4,0.16468523,False
ENSG00000137575,SDCBP,0.16438448,False
ENSG00000182199,SHMT2,0.16435902,False
ENSG00000162409,PRKAA2,0.1640787,False
ENSG00000108797,CNTNAP1,0.16397144,False
ENSG00000111640,GAPDH,0.16387732,False
ENSG00000020129,NCDN,0.16386138,False
ENSG00000129757,CDKN1C,0.16379271,False
ENSG00000050165,DKK3,0.16373283,False
ENSG00000136156,ITM2B,0.16370967,False
ENSG00000135655,USP15,0.16370314,False
ENSG00000146701,MDH2,0.1632495,False
ENSG00000115446,UNC50,0.16321711,False
ENSG00000110713,NUP98,0.1628921,False
ENSG00000137500,CCDC90B,0.16248888,False
ENSG00000185808,PIGP,0.16248676,False
ENSG00000173482,PTPRM,0.1623571,False
ENSG00000120053,GOT1,0.16234137,False
ENSG00000166181,API5,0.16234006,False
ENSG00000100014,SPECC1L,0.16233137,False
ENSG00000198130,HIBCH,0.16217965,False
ENSG00000065150,IPO5,0.16217804,False
ENSG00000170456,DENND5B,0.16212991,False
ENSG00000121579,NAA50,0.16197923,False
ENSG00000133026,MYH10,0.16182114,False
ENSG00000102981,PARD6A,0.16174147,False
ENSG00000080819,CPOX,0.16140181,False
ENSG00000091542,ALKBH5,0.16140145,False
ENSG00000205629,LCMT1,0.16125506,False
ENSG00000144228,SPOPL,0.16102593,False
ENSG00000130749,ZC3H4,0.16097364,False
ENSG00000124140,SLC12A5,0.16063954,False
ENSG00000187189,TSPYL4,0.16058442,False
ENSG00000142168,SOD1,0.16032082,False
ENSG00000112320,SOBP,0.16023628,False
ENSG00000086065,CHMP5,0.16003248,False
ENSG00000196814,MVB12B,0.15984325,False
ENSG00000169554,ZEB2,0.1596546,False
ENSG00000146416,AIG1,0.15950392,False
ENSG00000157869,RAB28,0.1594933,False
ENSG00000141429,GALNT1,0.15939002,False
ENSG00000117133,RPF1,0.15931784,False
ENSG00000142599,RERE,0.15931031,False
ENSG00000120675,DNAJC15,0.15929975,False
ENSG00000152377,SPOCK1,0.15912138,False
ENSG00000108395,TRIM37,0.15910918,False
ENSG00000156990,RPUSD3,0.1590623,False
ENSG00000171435,KSR2,0.1584395,False
ENSG00000186310,NAP1L3,0.15831243,False
ENSG00000100823,APEX1,0.15801905,False
ENSG00000122257,RBBP6,0.1579268,False
ENSG00000183317,EPHA10,0.15790595,False
ENSG00000102468,HTR2A,0.15782377,False
ENSG00000232119,MCTS1,0.15779749,False
ENSG00000184388,PABPC1L2B,0.15779045,False
ENSG00000143862,ARL8A,0.15778048,False
ENSG00000102144,PGK1,0.15775603,False
ENSG00000139644,TMBIM6,0.15732823,False
ENSG00000103150,MLYCD,0.15717526,False
ENSG00000111669,TPI1,0.1569295,False
ENSG00000177885,GRB2,0.15688713,False
ENSG00000136888,ATP6V1G1,0.15669188,False
ENSG00000182916,TCEAL7,0.15626977,False
ENSG00000153933,DGKE,0.15592964,False
ENSG00000130939,UBE4B,0.15564647,False
ENSG00000115756,HPCAL1,0.15548031,False
ENSG00000146021,KLHL3,0.15547971,False
ENSG00000170540,ARL6IP1,0.1553925,False
ENSG00000145824,CXCL14,0.15516719,False
ENSG00000104738,MCM4,0.15460975,False
ENSG00000172534,HCFC1,0.15455697,False
ENSG00000028839,TBPL1,0.15431441,False
ENSG00000177098,SCN4B,0.15431362,False
ENSG00000105357,MYH14,0.15411097,False
ENSG00000160214,RRP1,0.15401308,False
ENSG00000142507,PSMB6,0.15380286,False
ENSG00000146067,FAM193B,0.15358917,False
ENSG00000168090,COPS6,0.15347952,False
ENSG00000261824,LINC00662,0.1534189,False
ENSG00000116005,PCYOX1,0.15332508,False
ENSG00000120696,KBTBD7,0.15292183,False
ENSG00000170954,ZNF415,0.15291841,False
ENSG00000108309,RUNDC3A,0.15269502,False
ENSG00000204130,RUFY2,0.15263854,False
ENSG00000072110,ACTN1,0.15233906,False
ENSG00000114554,PLXNA1,0.15227877,False
ENSG00000141447,OSBPL1A,0.15225792,False
ENSG00000165434,PGM2L1,0.15193151,False
ENSG00000158987,RAPGEF6,0.15192872,False
ENSG00000149577,SIDT2,0.1517665,False
ENSG00000109180,OCIAD1,0.15172559,False
ENSG00000109756,RAPGEF2,0.15127333,False
ENSG00000152818,UTRN,0.15116513,False
ENSG00000198625,MDM4,0.15108286,False
ENSG00000152661,GJA1,0.15106848,False
ENSG00000173065,FAM222B,0.15104246,False
ENSG00000103460,TOX3,0.15089653,False
ENSG00000214078,CPNE1,0.15070127,False
ENSG00000104517,UBR5,0.15062921,False
ENSG00000145242,EPHA5,0.15055017,False
ENSG00000108424,KPNB1,0.15049487,False
ENSG00000184752,NDUFA12,0.15033203,False
ENSG00000121073,SLC35B1,0.15027098,False
ENSG00000150867,PIP4K2A,0.1502327,False
ENSG00000147419,CCDC25,0.15021172,False
ENSG00000137513,NARS2,0.15016386,False
ENSG00000176595,KBTBD11,0.1499533,False
ENSG00000213585,VDAC1,0.1498806,False
ENSG00000071994,PDCD2,0.14982039,False
ENSG00000148090,AUH,0.1495861,False
ENSG00000101557,USP14,0.14935452,False
ENSG00000133169,BEX1,0.14896831,False
ENSG00000126653,NSRP1,0.14883012,False
ENSG00000175931,UBE2O,0.14863391,False
ENSG00000147454,SLC25A37,0.14862752,False
ENSG00000134152,KATNBL1,0.14851354,False
ENSG00000145860,RNF145,0.14833307,False
ENSG00000137504,CREBZF,0.14828824,False
ENSG00000106266,SNX8,0.14815903,False
ENSG00000085511,MAP3K4,0.14811127,False
ENSG00000110675,ELMOD1,0.14808427,False
ENSG00000168397,ATG4B,0.14773442,False
ENSG00000133687,TMTC1,0.14768472,False
ENSG00000011523,CEP68,0.14755945,False
ENSG00000141543,EIF4A3,0.14719194,False
ENSG00000047597,XK,0.14701553,False
ENSG00000158457,TSPAN33,0.14663973,False
ENSG00000171603,CLSTN1,0.14651196,False
ENSG00000196876,SCN8A,0.14618093,False
ENSG00000163947,ARHGEF3,0.14617157,False
ENSG00000180185,FAHD1,0.14600743,False
ENSG00000132424,PNISR,0.1459042,False
ENSG00000203705,TATDN3,0.14581841,False
ENSG00000100678,SLC8A3,0.14579403,False
ENSG00000178691,SUZ12,0.14568353,False
ENSG00000160014,CALM3,0.14547321,False
ENSG00000136448,NMT1,0.1453016,False
ENSG00000107223,EDF1,0.14526097,False
ENSG00000075856,SART3,0.1449548,False
ENSG00000131626,PPFIA1,0.14483593,False
ENSG00000006704,GTF2IRD1,0.14461462,False
ENSG00000096092,TMEM14A,0.1441812,False
ENSG00000131368,MRPS25,0.14415902,False
ENSG00000119950,MXI1,0.14378686,False
ENSG00000187193,MT1X,0.14365825,False
ENSG00000136527,TRA2B,0.14360909,False
ENSG00000170315,UBB,0.14358523,False
ENSG00000146676,PURB,0.14349298,False
ENSG00000074201,CLNS1A,0.14317615,False
ENSG00000178965,ERICH3,0.14308493,False
ENSG00000005175,RPAP3,0.14304793,False
ENSG00000082212,ME2,0.14281933,False
ENSG00000081019,RSBN1,0.14281629,False
ENSG00000138663,COPS4,0.14279976,False
ENSG00000066654,THUMPD1,0.14275038,False
ENSG00000104722,NEFM,0.14245825,False
ENSG00000023191,RNH1,0.14245123,False
ENSG00000151474,FRMD4A,0.14242692,False
ENSG00000117691,NENF,0.14230931,False
ENSG00000112406,HECA,0.14229037,False
ENSG00000198900,TOP1,0.14217182,False
ENSG00000143569,UBAP2L,0.1419891,False
ENSG00000148798,INA,0.14169352,False
ENSG00000048544,MRPS10,0.1415799,False
ENSG00000004766,VPS50,0.14151186,False
ENSG00000153815,CMIP,0.14147554,False
ENSG00000083168,KAT6A,0.14116096,False
ENSG00000087263,OGFOD1,0.14098004,False
ENSG00000145734,BDP1,0.140903,False
ENSG00000179933,C14orf119,0.14078185,False
ENSG00000109099,PMP22,0.14053805,False
ENSG00000198740,ZNF652,0.14046296,False
ENSG00000182628,SKA2,0.14044784,False
ENSG00000143457,GOLPH3L,0.14033742,False
ENSG00000163380,LMOD3,0.1403256,False
ENSG00000108953,YWHAE,0.14029914,False
ENSG00000185608,MRPL40,0.14020725,False
ENSG00000142534,RPS11,0.14014633,False
ENSG00000145907,G3BP1,0.14010127,False
ENSG00000052723,SIKE1,0.14002052,False
ENSG00000106723,SPIN1,0.1396646,False
ENSG00000180879,SSR4,0.13951838,False
ENSG00000075391,RASAL2,0.1394846,False
ENSG00000105088,OLFM2,0.13948148,False
ENSG00000105793,GTPBP10,0.13947417,False
ENSG00000162664,ZNF326,0.13916118,False
ENSG00000071626,DAZAP1,0.13906476,False
ENSG00000136631,VPS45,0.13899681,False
ENSG00000139291,TMEM19,0.138963,False
ENSG00000171766,GATM,0.13885196,False
ENSG00000187601,MAGEH1,0.1386799,False
ENSG00000131979,GCH1,0.13863361,False
ENSG00000106144,CASP2,0.13856332,False
ENSG00000172331,BPGM,0.138346,False
ENSG00000041353,RAB27B,0.13818029,False
ENSG00000113580,NR3C1,0.13802268,False
ENSG00000064787,BCAS1,0.13779257,False
ENSG00000114956,DGUOK,0.137753,False
ENSG00000103111,MON1B,0.13774562,False
ENSG00000170145,SIK2,0.13772969,False
ENSG00000100425,BRD1,0.1376294,False
ENSG00000107937,GTPBP4,0.13760228,False
ENSG00000153406,NMRAL1,0.13756241,False
ENSG00000197959,DNM3,0.13747047,False
ENSG00000134909,ARHGAP32,0.13745342,False
ENSG00000116337,AMPD2,0.13722432,False
ENSG00000125447,GGA3,0.13686098,False
ENSG00000100116,GCAT,0.13677806,False
ENSG00000129315,CCNT1,0.13667156,False
ENSG00000023572,GLRX2,0.13667119,False
ENSG00000153561,RMND5A,0.13666695,False
ENSG00000125991,ERGIC3,0.13664067,False
ENSG00000188938,FAM120AOS,0.13650715,False
ENSG00000166226,CCT2,0.1362014,False
ENSG00000149313,AASDHPPT,0.13600037,False
ENSG00000100379,KCTD17,0.13598585,False
ENSG00000156515,HK1,0.13590392,False
ENSG00000102078,SLC25A14,0.1358916,False
ENSG00000077254,USP33,0.13586082,False
ENSG00000137266,SLC22A23,0.13576198,False
ENSG00000072195,SPEG,0.1357389,False
ENSG00000129518,EAPP,0.13539618,False
ENSG00000121964,GTDC1,0.13523443,False
ENSG00000138385,SSB,0.13504447,False
ENSG00000176049,JAKMIP2,0.1349951,False
ENSG00000225733,FGD5-AS1,0.1345046,False
ENSG00000100099,HPS4,0.13436784,False
ENSG00000013275,PSMC4,0.13423756,False
ENSG00000123095,BHLHE41,0.13420582,False
ENSG00000100523,DDHD1,0.13379881,False
ENSG00000146463,ZMYM4,0.13367711,False
ENSG00000092847,AGO1,0.1334812,False
ENSG00000130560,UBAC1,0.13340397,False
ENSG00000107130,NCS1,0.13326794,False
ENSG00000132432,SEC61G,0.13298656,False
ENSG00000167191,GPRC5B,0.13282755,False
ENSG00000197930,ERO1A,0.13230807,False
ENSG00000059804,SLC2A3,0.13217695,False
ENSG00000069248,NUP133,0.132127,False
ENSG00000160075,SSU72,0.13211179,False
ENSG00000117394,SLC2A1,0.13186073,False
ENSG00000167645,YIF1B,0.1318442,False
ENSG00000101745,ANKRD12,0.13182537,False
ENSG00000103042,SLC38A7,0.13171902,False
ENSG00000166900,STX3,0.13134104,False
ENSG00000135837,CEP350,0.13121773,False
ENSG00000148341,SH3GLB2,0.1311076,False
ENSG00000133872,SARAF,0.13110241,False
ENSG00000152767,FARP1,0.13100013,False
ENSG00000198815,FOXJ3,0.13054913,False
ENSG00000165525,NEMF,0.13039625,False
ENSG00000100348,TXN2,0.13001385,False
ENSG00000114650,SCAP,0.12983346,False
ENSG00000153201,RANBP2,0.12979062,False
ENSG00000140320,BAHD1,0.12975425,False
ENSG00000103723,AP3B2,0.12972806,False
ENSG00000173120,KDM2A,0.12967394,False
ENSG00000059691,GATB,0.12957187,False
ENSG00000182247,UBE2E2,0.12954196,False
ENSG00000154144,TBRG1,0.1294603,False
ENSG00000173575,CHD2,0.12936091,False
ENSG00000184575,XPOT,0.12933785,False
ENSG00000171310,CHST11,0.1290765,False
ENSG00000153395,LPCAT1,0.12895207,False
ENSG00000141002,TCF25,0.12884922,False
ENSG00000162065,TBC1D24,0.1288287,False
ENSG00000172500,FIBP,0.12861253,False
ENSG00000133059,DSTYK,0.12847446,False
ENSG00000172889,EGFL7,0.12843561,False
ENSG00000108773,KAT2A,0.1283706,False
ENSG00000049245,VAMP3,0.12824525,False
ENSG00000188229,TUBB4B,0.12820728,False
ENSG00000110925,CSRNP2,0.12803118,False
ENSG00000187446,CHP1,0.12802196,False
ENSG00000152413,HOMER1,0.12784056,False
ENSG00000075618,FSCN1,0.12762876,False
ENSG00000186462,NAP1L2,0.12708183,False
ENSG00000087053,MTMR2,0.12703459,False
ENSG00000003509,NDUFAF7,0.1268743,False
ENSG00000107829,FBXW4,0.12684795,False
ENSG00000125354,SEPTIN6,0.1268422,False
ENSG00000163344,PMVK,0.12681213,False
ENSG00000160789,LMNA,0.1268018,False
ENSG00000006712,PAF1,0.1265155,False
ENSG00000058799,YIPF1,0.12641938,False
ENSG00000088448,ANKRD10,0.12622157,False
ENSG00000050393,MCUR1,0.12606251,False
ENSG00000134108,ARL8B,0.1260368,False
ENSG00000129515,SNX6,0.12580907,False
ENSG00000100330,MTMR3,0.12570861,False
ENSG00000075914,EXOSC7,0.12558782,False
ENSG00000141349,G6PC3,0.12526268,False
ENSG00000135636,DYSF,0.12518811,False
ENSG00000087087,SRRT,0.12515949,False
ENSG00000184983,NDUFA6,0.12512901,False
ENSG00000143442,POGZ,0.12500288,False
ENSG00000167323,STIM1,0.12470772,False
ENSG00000082258,CCNT2,0.12443958,False
ENSG00000169047,IRS1,0.12436476,False
ENSG00000168286,THAP11,0.12408752,False
ENSG00000185745,IFIT1,0.12385004,False
ENSG00000135069,PSAT1,0.12376144,False
ENSG00000090263,MRPS33,0.12367372,False
ENSG00000106635,BCL7B,0.12331063,False
ENSG00000064393,HIPK2,0.12316804,False
ENSG00000146083,RNF44,0.12291498,False
ENSG00000104805,NUCB1,0.12265136,False
ENSG00000144746,ARL6IP5,0.12255661,False
ENSG00000188725,SMIM15,0.12247662,False
ENSG00000204922,UQCC3,0.12239489,False
ENSG00000188191,PRKAR1B,0.12228757,False
ENSG00000131831,RAI2,0.12227855,False
ENSG00000144647,POMGNT2,0.12223513,False
ENSG00000134504,KCTD1,0.12210255,False
ENSG00000086300,SNX10,0.12182242,False
ENSG00000005483,KMT2E,0.121767394,False
ENSG00000065809,FAM107B,0.12169119,False
ENSG00000118263,KLF7,0.121186785,False
ENSG00000100528,CNIH1,0.12107054,False
ENSG00000048649,RSF1,0.12106742,False
ENSG00000163032,VSNL1,0.12099532,False
ENSG00000103876,FAH,0.12087336,False
ENSG00000106028,SSBP1,0.120846756,False
ENSG00000172493,AFF1,0.12047332,False
ENSG00000113734,BNIP1,0.120411806,False
ENSG00000102030,NAA10,0.12041025,False
ENSG00000184014,DENND5A,0.120376825,False
ENSG00000186298,PPP1CC,0.120315924,False
ENSG00000141522,ARHGDIA,0.12018182,False
ENSG00000110880,CORO1C,0.120171584,False
ENSG00000163635,ATXN7,0.120164946,False
ENSG00000183092,BEGAIN,0.12009464,False
ENSG00000160113,NR2F6,0.119725294,False
ENSG00000100815,TRIP11,0.11967106,False
ENSG00000132824,SERINC3,0.119473845,False
ENSG00000144848,ATG3,0.11936672,False
ENSG00000100417,PMM1,0.119108975,False
ENSG00000122882,ECD,0.11895164,False
ENSG00000135211,TMEM60,0.11872376,False
ENSG00000072364,AFF4,0.11869051,False
ENSG00000119878,CRIPT,0.11820002,False
ENSG00000143183,TMCO1,0.1180499,False
ENSG00000112081,SRSF3,0.1178768,False
ENSG00000188895,MSL1,0.117678076,False
ENSG00000085433,WDR47,0.11760652,False
ENSG00000072210,ALDH3A2,0.11745393,False
ENSG00000139697,SBNO1,0.117305145,False
ENSG00000070761,CFAP20,0.117196515,False
ENSG00000068383,INPP5A,0.117169894,False
ENSG00000152518,ZFP36L2,0.117151804,False
ENSG00000185950,IRS2,0.11710198,False
ENSG00000006740,ARHGAP44,0.117017336,False
ENSG00000147416,ATP6V1B2,0.11669594,False
ENSG00000159256,MORC3,0.116361655,False
ENSG00000124356,STAMBP,0.11634474,False
ENSG00000184349,EFNA5,0.11632591,False
ENSG00000171451,DSEL,0.11623955,False
ENSG00000074319,TSG101,0.11618627,False
ENSG00000164631,ZNF12,0.11608873,False
ENSG00000078699,CBFA2T2,0.11606316,False
ENSG00000141338,ABCA8,0.11605812,False
ENSG00000146457,WTAP,0.11594981,False
ENSG00000108599,AKAP10,0.11593759,False
ENSG00000154222,CC2D1B,0.115905285,False
ENSG00000180881,CAPS2,0.11585549,False
ENSG00000137210,TMEM14B,0.11575017,False
ENSG00000168610,STAT3,0.11532599,False
ENSG00000169018,FEM1B,0.11524098,False
ENSG00000171033,PKIA,0.11519616,False
ENSG00000096384,HSP90AB1,0.11511089,False
ENSG00000163655,GMPS,0.11505281,False
ENSG00000174405,LIG4,0.11502691,False
ENSG00000152137,HSPB8,0.11491526,False
ENSG00000198862,LTN1,0.11486061,False
ENSG00000179364,PACS2,0.11481583,False
ENSG00000169255,B3GALNT1,0.11465314,False
ENSG00000170027,YWHAG,0.114326164,False
ENSG00000119402,FBXW2,0.11400651,False
ENSG00000132792,CTNNBL1,0.11392146,False
ENSG00000109790,KLHL5,0.11362123,False
ENSG00000117395,EBNA1BP2,0.11269953,False
ENSG00000070718,AP3M2,0.11250691,False
ENSG00000170266,GLB1,0.11249989,False
ENSG00000167733,HSD11B1L,0.11242808,False
ENSG00000085365,SCAMP1,0.11240327,False
ENSG00000176410,DNAJC30,0.1123316,False
ENSG00000167792,NDUFV1,0.11203724,False
ENSG00000119335,SET,0.11190696,False
ENSG00000126698,DNAJC8,0.111852095,False
ENSG00000183283,DAZAP2,0.11180833,False
ENSG00000080371,RAB21,0.11176135,False
ENSG00000196531,NACA,0.1115948,False
ENSG00000068796,KIF2A,0.11127942,False
ENSG00000153879,CEBPG,0.1112332,False
ENSG00000038219,BOD1L1,0.111070886,False
ENSG00000108551,RASD1,0.110997155,False
ENSG00000130177,CDC16,0.11093639,False
ENSG00000177971,IMP3,0.110866286,False
ENSG00000189369,GSPT2,0.110768124,False
ENSG00000005022,SLC25A5,0.11054086,False
ENSG00000160194,NDUFV3,0.11046785,False
ENSG00000176533,GNG7,0.11042769,False
ENSG00000136383,ALPK3,0.110239066,False
ENSG00000159842,ABR,0.11015186,False
ENSG00000086475,SEPHS1,0.10990788,False
ENSG00000156261,CCT8,0.10990447,False
ENSG00000170915,PAQR8,0.10989247,False
ENSG00000159423,ALDH4A1,0.1097532,False
ENSG00000166272,WBP1L,0.10975129,False
ENSG00000117410,ATP6V0B,0.10964573,False
ENSG00000125863,MKKS,0.10962896,False
ENSG00000164346,NSA2,0.10958633,False
ENSG00000124507,PACSIN1,0.10944543,False
ENSG00000033867,SLC4A7,0.10943649,False
ENSG00000164587,RPS14,0.10930482,False
ENSG00000009307,CSDE1,0.1092324,False
ENSG00000104833,TUBB4A,0.109102026,False
ENSG00000131242,RAB11FIP4,0.108953215,False
ENSG00000171552,BCL2L1,0.10894762,False
ENSG00000148606,POLR3A,0.10887785,False
ENSG00000159111,MRPL10,0.10885689,False
ENSG00000099940,SNAP29,0.108849525,False
ENSG00000176340,COX8A,0.108765826,False
ENSG00000156052,GNAQ,0.108550474,False
ENSG00000178163,ZNF518B,0.108493425,False
ENSG00000175573,C11orf68,0.10849003,False
ENSG00000167549,CORO6,0.1084472,False
ENSG00000173852,DPY19L1,0.10819102,False
ENSG00000185896,LAMP1,0.10809686,False
ENSG00000101190,TCFL5,0.108003005,False
ENSG00000090565,RAB11FIP3,0.10787268,False
ENSG00000134717,BTF3L4,0.10778967,False
ENSG00000203930,LINC00632,0.107787766,False
ENSG00000005981,ASB4,0.10771406,False
ENSG00000157193,LRP8,0.10767919,False
ENSG00000167642,SPINT2,0.10735297,False
ENSG00000148335,NTMT1,0.10734223,False
ENSG00000068024,HDAC4,0.107043006,False
ENSG00000168615,ADAM9,0.10697668,False
ENSG00000161202,DVL3,0.10693127,False
ENSG00000116560,SFPQ,0.10686523,False
ENSG00000173692,PSMD1,0.10650116,False
ENSG00000185658,BRWD1,0.1063295,False
ENSG00000138764,CCNG2,0.10630911,False
ENSG00000100083,GGA1,0.106113195,False
ENSG00000173545,ZNF622,0.10610772,False
ENSG00000068438,FTSJ1,0.10570041,False
ENSG00000084112,SSH1,0.10562381,False
ENSG00000130558,OLFM1,0.10560922,False
ENSG00000188677,PARVB,0.10547397,False
ENSG00000128335,APOL2,0.105432935,False
ENSG00000173402,DAG1,0.105352744,False
ENSG00000124767,GLO1,0.10526068,False
ENSG00000099864,PALM,0.10516659,False
ENSG00000134001,EIF2S1,0.10499066,False
ENSG00000135472,FAIM2,0.104933456,False
ENSG00000168175,MAPK1IP1L,0.10449612,False
ENSG00000159363,ATP13A2,0.10448249,False
ENSG00000106628,POLD2,0.104476035,False
ENSG00000170633,RNF34,0.10445726,False
ENSG00000198513,ATL1,0.1044221,False
ENSG00000140262,TCF12,0.10440747,False
ENSG00000170832,USP32,0.10416204,False
ENSG00000102760,RGCC,0.10384191,False
ENSG00000103381,CPPED1,0.10357721,False
ENSG00000070087,PFN2,0.10354436,False
ENSG00000169933,FRMPD4,0.10345303,False
ENSG00000057608,GDI2,0.10344784,False
ENSG00000196428,TSC22D2,0.1033487,False
ENSG00000013374,NUB1,0.10329185,False
ENSG00000085449,WDFY1,0.10311447,False
ENSG00000134186,PRPF38B,0.10310366,False
ENSG00000099910,KLHL22,0.10291514,False
ENSG00000153560,UBP1,0.10283525,False
ENSG00000197548,ATG7,0.102821976,False
ENSG00000136546,SCN7A,0.102735735,False
ENSG00000236287,ZBED5,0.10254976,False
ENSG00000104915,STX10,0.10250118,False
ENSG00000213190,MLLT11,0.10248534,False
ENSG00000117906,RCN2,0.102340914,False
ENSG00000124126,PREX1,0.10197409,False
ENSG00000179981,TSHZ1,0.101770535,False
ENSG00000128050,PAICS,0.10155613,False
ENSG00000115145,STAM2,0.10155502,False
ENSG00000122729,ACO1,0.10150649,False
ENSG00000119986,AVPI1,0.10147935,False
ENSG00000117477,CCDC181,0.101385206,False
ENSG00000143061,IGSF3,0.10123469,False
ENSG00000197006,METTL9,0.10090858,False
ENSG00000112290,WASF1,0.10084841,False
ENSG00000114503,NCBP2,0.100831,False
ENSG00000196498,NCOR2,0.100642785,False
ENSG00000186469,GNG2,0.100559376,False
ENSG00000079246,XRCC5,0.10033207,False
ENSG00000134287,ARF3,0.10031374,False
ENSG00000100647,SUSD6,0.100247845,False
ENSG00000105784,RUNDC3B,0.1002412,False
ENSG00000175216,CKAP5,0.100168675,False
ENSG00000179134,SAMD4B,0.10012276,False
ENSG00000111731,C2CD5,0.09994741,False
ENSG00000125868,DSTN,0.099809535,False
ENSG00000132313,MRPL35,0.09963309,False
ENSG00000163412,EIF4E3,0.09946934,False
ENSG00000137216,TMEM63B,0.09943625,False
ENSG00000184602,SNN,0.099277064,False
ENSG00000122565,CBX3,0.09920945,False
ENSG00000114416,FXR1,0.09920198,False
ENSG00000119638,NEK9,0.099142194,False
ENSG00000117859,OSBPL9,0.098583706,False
ENSG00000177000,MTHFR,0.098579764,False
ENSG00000064687,ABCA7,0.09854284,False
ENSG00000167193,CRK,0.09838533,False
ENSG00000145817,YIPF5,0.09832451,False
ENSG00000112695,COX7A2,0.098229386,False
ENSG00000119801,YPEL5,0.09796116,False
ENSG00000178988,MRFAP1L1,0.097898535,False
ENSG00000132932,ATP8A2,0.097890496,False
ENSG00000142864,SERBP1,0.097803906,False
ENSG00000115109,EPB41L5,0.09758791,False
ENSG00000060982,BCAT1,0.09754946,False
ENSG00000133401,PDZD2,0.097547315,False
ENSG00000196361,ELAVL3,0.097344264,False
ENSG00000160307,S100B,0.09728623,False
ENSG00000104290,FZD3,0.09717592,False
ENSG00000107581,EIF3A,0.09717543,False
ENSG00000154639,CXADR,0.09704926,False
ENSG00000109189,USP46,0.09694254,False
ENSG00000205937,RNPS1,0.096800946,False
ENSG00000171163,ZNF692,0.09667837,False
ENSG00000237190,CDKN2AIPNL,0.09662716,False
ENSG00000177981,ASB8,0.09658215,False
ENSG00000100804,PSMB5,0.09651374,False
ENSG00000198612,COPS8,0.096334,False
ENSG00000158864,NDUFS2,0.0963239,False
ENSG00000107745,MICU1,0.09619418,False
ENSG00000145362,ANK2,0.09599053,False
ENSG00000140995,DEF8,0.095942944,False
ENSG00000137996,RTCA,0.09583393,False
ENSG00000148308,GTF3C5,0.09582229,False
ENSG00000151490,PTPRO,0.095141046,False
ENSG00000100852,ARHGAP5,0.09499581,False
ENSG00000197965,MPZL1,0.0949654,False
ENSG00000013293,SLC7A14,0.094787724,False
ENSG00000124535,WRNIP1,0.094728135,False
ENSG00000154059,IMPACT,0.09467778,False
ENSG00000151778,SERP2,0.09460897,False
ENSG00000010810,FYN,0.09459767,False
ENSG00000125798,FOXA2,0.09439277,False
ENSG00000111897,SERINC1,0.094121076,False
ENSG00000177830,CHID1,0.09403093,False
ENSG00000137776,SLTM,0.09377972,False
ENSG00000183431,SF3A3,0.09371292,False
ENSG00000111371,SLC38A1,0.093619436,False
ENSG00000133112,TPT1,0.09354493,False
ENSG00000151746,BICD1,0.09345778,False
ENSG00000144744,UBA3,0.09345304,False
ENSG00000140983,RHOT2,0.093415216,False
ENSG00000156928,MALSU1,0.0933233,False
ENSG00000143793,C1orf35,0.09327418,False
ENSG00000151892,GFRA1,0.09295479,False
ENSG00000129636,ITFG1,0.09288277,False
ENSG00000139684,ESD,0.09278743,False
ENSG00000177600,RPLP2,0.09267458,False
ENSG00000169169,CPT1C,0.09263699,False
ENSG00000101126,ADNP,0.09239134,False
ENSG00000105245,NUMBL,0.092109025,False
ENSG00000141030,COPS3,0.09208047,False
ENSG00000111962,UST,0.09207952,False
ENSG00000171604,CXXC5,0.09204266,False
ENSG00000101856,PGRMC1,0.09152455,False
ENSG00000106344,RBM28,0.09144633,False
ENSG00000180304,OAZ2,0.09128759,False
ENSG00000155097,ATP6V1C1,0.09111143,False
ENSG00000148634,HERC4,0.09067432,False
ENSG00000090615,GOLGA3,0.09034475,False
ENSG00000167978,SRRM2,0.09033387,False
ENSG00000122965,RBM19,0.09013157,False
ENSG00000108352,RAPGEFL1,0.090016186,False
ENSG00000151748,SAV1,0.0900032,False
ENSG00000162695,SLC30A7,0.089978,False
ENSG00000160710,ADAR,0.08995166,False
ENSG00000105364,MRPL4,0.08978176,False
ENSG00000130520,LSM4,0.08955039,False
ENSG00000048392,RRM2B,0.08952549,False
ENSG00000101460,MAP1LC3A,0.089275286,False
ENSG00000091656,ZFHX4,0.089271,False
ENSG00000155846,PPARGC1B,0.089218475,False
ENSG00000117523,PRRC2C,0.08915527,False
ENSG00000198015,MRPL42,0.08914079,False
ENSG00000174579,MSL2,0.089088045,False
ENSG00000144935,TRPC1,0.088947006,False
ENSG00000167601,AXL,0.08872957,False
ENSG00000075624,ACTB,0.08865501,False
ENSG00000070423,RNF126,0.088603474,False
ENSG00000143933,CALM2,0.088437684,False
ENSG00000164327,RICTOR,0.08827462,False
ENSG00000168993,CPLX1,0.08823763,False
ENSG00000225465,RFPL1S,0.08818436,False
ENSG00000185052,SLC24A3,0.0881823,False
ENSG00000120265,PCMT1,0.088154875,False
ENSG00000163013,FBXO41,0.08801695,False
ENSG00000175866,BAIAP2,0.08796345,False
ENSG00000175874,CREG2,0.08775264,False
ENSG00000137845,ADAM10,0.087561704,False
ENSG00000155903,RASA2,0.08749106,False
ENSG00000198168,SVIP,0.08735276,False
ENSG00000013523,ANGEL1,0.08718307,False
ENSG00000152778,IFIT5,0.08707493,False
ENSG00000127990,SGCE,0.08695562,False
ENSG00000139977,NAA30,0.08687975,False
ENSG00000196792,STRN3,0.08687163,False
ENSG00000163704,PRRT3,0.086742856,False
ENSG00000092140,G2E3,0.086631455,False
ENSG00000072849,DERL2,0.08657941,False
ENSG00000185651,UBE2L3,0.08647338,False
ENSG00000164576,SAP30L,0.086425416,False
ENSG00000171130,ATP6V0E2,0.08633805,False
ENSG00000182568,SATB1,0.086059794,False
ENSG00000013375,PGM3,0.08604841,False
ENSG00000102003,SYP,0.08591968,False
ENSG00000111961,SASH1,0.085706174,False
ENSG00000136937,NCBP1,0.08558461,False
ENSG00000080802,CNOT4,0.08536442,False
ENSG00000156110,ADK,0.085289,False
ENSG00000168434,COG7,0.08519304,False
ENSG00000179796,LRRC3B,0.08468522,False
ENSG00000215305,VPS16,0.084660664,False
ENSG00000137074,APTX,0.08465017,False
ENSG00000112855,HARS2,0.08453046,False
ENSG00000115266,APC2,0.0845292,False
ENSG00000162909,CAPN2,0.08451451,False
ENSG00000136280,CCM2,0.08430257,False
ENSG00000165915,SLC39A13,0.08425915,False
ENSG00000182870,GALNT9,0.084246635,False
ENSG00000162585,FAAP20,0.08402795,False
ENSG00000141367,CLTC,0.083682396,False
ENSG00000143878,RHOB,0.083518535,False
ENSG00000138439,FAM117B,0.08343563,False
ENSG00000175727,MLXIP,0.08342887,False
ENSG00000118518,RNF146,0.08340812,False
ENSG00000100422,CERK,0.083381616,False
ENSG00000106608,URGCP,0.08322637,False
ENSG00000101247,NDUFAF5,0.08320532,False
ENSG00000161082,CELF5,0.08320343,False
ENSG00000106351,AGFG2,0.083114855,False
ENSG00000088356,PDRG1,0.08310147,False
ENSG00000171262,FAM98B,0.08270179,False
ENSG00000145246,ATP10D,0.08264878,False
ENSG00000155016,CYP2U1,0.08243916,False
ENSG00000068400,GRIPAP1,0.08233297,False
ENSG00000163697,APBB2,0.08223096,False
ENSG00000143756,FBXO28,0.08207911,False
ENSG00000106603,COA1,0.08174987,False
ENSG00000072135,PTPN18,0.08174046,False
ENSG00000166839,ANKDD1A,0.08144652,False
ENSG00000205250,E2F4,0.081340484,False
ENSG00000167548,KMT2D,0.08106557,False
ENSG00000065833,ME1,0.080813296,False
ENSG00000162512,SDC3,0.080638945,False
ENSG00000165672,PRDX3,0.08046431,False
ENSG00000183111,ARHGEF37,0.08045819,False
ENSG00000136928,GABBR2,0.08044278,False
ENSG00000086289,EPDR1,0.08035288,False
ENSG00000165609,NUDT5,0.07998188,False
ENSG00000100307,CBX7,0.079944454,False
ENSG00000108509,CAMTA2,0.07981197,False
ENSG00000115806,GORASP2,0.079627536,False
ENSG00000179456,ZBTB18,0.07958822,False
ENSG00000137942,FNBP1L,0.0792212,False
ENSG00000130816,DNMT1,0.07896329,False
ENSG00000120438,TCP1,0.07893575,False
ENSG00000111530,CAND1,0.07848397,False
ENSG00000069275,NUCKS1,0.07841444,False
ENSG00000126267,COX6B1,0.078230925,False
ENSG00000166170,BAG5,0.07817664,False
ENSG00000178307,TMEM11,0.07812862,False
ENSG00000043143,JADE2,0.07812176,False
ENSG00000175334,BANF1,0.078111716,False
ENSG00000214517,PPME1,0.0780621,False
ENSG00000107798,LIPA,0.07784818,False
ENSG00000177156,TALDO1,0.077761255,False
ENSG00000102393,GLA,0.07774568,False
ENSG00000120705,ETF1,0.07774316,False
ENSG00000186806,VSIG10L,0.07762025,False
ENSG00000101146,RAE1,0.07759899,False
ENSG00000169714,CNBP,0.07756793,False
ENSG00000156603,MED19,0.07748332,False
ENSG00000107951,MTPAP,0.077452146,False
ENSG00000074800,ENO1,0.07727091,False
ENSG00000147010,SH3KBP1,0.07723266,False
ENSG00000182923,CEP63,0.077157274,False
ENSG00000101558,VAPA,0.077099636,False
ENSG00000163939,PBRM1,0.07696948,False
ENSG00000071082,RPL31,0.07695988,False
ENSG00000186591,UBE2H,0.07693964,False
ENSG00000066136,NFYC,0.076787524,False
ENSG00000121989,ACVR2A,0.076783895,False
ENSG00000128829,EIF2AK4,0.07648596,False
ENSG00000145675,PIK3R1,0.07638181,False
ENSG00000147155,EBP,0.076332,False
ENSG00000130714,POMT1,0.07630897,False
ENSG00000147475,ERLIN2,0.07623703,False
ENSG00000184178,SCFD2,0.07602099,False
ENSG00000115128,SF3B6,0.07597954,False
ENSG00000101210,EEF1A2,0.07595767,False
ENSG00000065911,MTHFD2,0.075768955,False
ENSG00000178695,KCTD12,0.075738184,False
ENSG00000138085,ATRAID,0.07542402,False
ENSG00000150471,ADGRL3,0.075245276,False
ENSG00000131374,TBC1D5,0.07503481,False
ENSG00000135845,PIGC,0.07493066,False
ENSG00000185420,SMYD3,0.074708335,False
ENSG00000104442,ARMC1,0.074652985,False
ENSG00000162188,GNG3,0.07465032,False
ENSG00000118418,HMGN3,0.074583106,False
ENSG00000178234,GALNT11,0.074295476,False
ENSG00000104388,RAB2A,0.07411895,False
ENSG00000006210,CX3CL1,0.07406582,False
ENSG00000164292,RHOBTB3,0.07382299,False
ENSG00000103257,SLC7A5,0.07378341,False
ENSG00000180155,LYNX1,0.07357764,False
ENSG00000095637,SORBS1,0.07356358,False
ENSG00000183020,AP2A2,0.07342768,False
ENSG00000085224,ATRX,0.07322168,False
ENSG00000100883,SRP54,0.07321791,False
ENSG00000198663,C6orf89,0.073114894,False
ENSG00000146005,PSD2,0.0728019,False
ENSG00000118200,CAMSAP2,0.07274387,False
ENSG00000177432,NAP1L5,0.07261661,False
ENSG00000148484,RSU1,0.072438546,False
ENSG00000116698,SMG7,0.07239199,False
ENSG00000145741,BTF3,0.07200184,False
ENSG00000015676,NUDCD3,0.071934655,False
ENSG00000127511,SIN3B,0.07190154,False
ENSG00000119705,SLIRP,0.0718701,False
ENSG00000186184,POLR1D,0.07181731,False
ENSG00000168264,IRF2BP2,0.07181514,False
ENSG00000189067,LITAF,0.0717966,False
ENSG00000118816,CCNI,0.071708515,False
ENSG00000142892,PIGK,0.071512766,False
ENSG00000164106,SCRG1,0.07143973,False
ENSG00000102572,STK24,0.07137164,False
ENSG00000165238,WNK2,0.07131112,False
ENSG00000168374,ARF4,0.07126514,False
ENSG00000101474,APMAP,0.071117476,False
ENSG00000135940,COX5B,0.07110862,False
ENSG00000105983,LMBR1,0.070956185,False
ENSG00000141404,GNAL,0.07065384,False
ENSG00000067057,PFKP,0.07059008,False
ENSG00000213672,NCKIPSD,0.07048714,False
ENSG00000139438,FAM222A,0.07046583,False
ENSG00000142669,SH3BGRL3,0.070395626,False
ENSG00000117475,BLZF1,0.07000058,False
ENSG00000111907,TPD52L1,0.069636755,False
ENSG00000014641,MDH1,0.0695276,False
ENSG00000067829,IDH3G,0.06948315,False
ENSG00000089289,IGBP1,0.06945375,False
ENSG00000142546,NOSIP,0.06905676,False
ENSG00000203879,GDI1,0.068773255,False
ENSG00000166348,USP54,0.06861455,False
ENSG00000115421,PAPOLG,0.06861137,False
ENSG00000136810,TXN,0.06858225,False
ENSG00000164951,PDP1,0.068556875,False
ENSG00000108788,MLX,0.068474144,False
ENSG00000105278,ZFR2,0.06845244,False
ENSG00000143771,CNIH4,0.06840067,False
ENSG00000092964,DPYSL2,0.06833847,False
ENSG00000187164,SHTN1,0.06818221,False
ENSG00000196581,AJAP1,0.068156354,False
ENSG00000035687,ADSS2,0.067947924,False
ENSG00000163528,CHCHD4,0.067774154,False
ENSG00000152102,FAM168B,0.067715704,False
ENSG00000196968,FUT11,0.06767773,False
ENSG00000181222,POLR2A,0.06753011,False
ENSG00000143294,PRCC,0.067514114,False
ENSG00000147642,SYBU,0.0674242,False
ENSG00000166224,SGPL1,0.067378655,False
ENSG00000183576,SETD3,0.06735958,False
ENSG00000035115,SH3YL1,0.06709126,False
ENSG00000100201,DDX17,0.06701898,False
ENSG00000168288,MMADHC,0.06698572,False
ENSG00000107537,PHYH,0.06696657,False
ENSG00000071127,WDR1,0.06693669,False
ENSG00000023287,RB1CC1,0.06690584,False
ENSG00000147669,POLR2K,0.06677361,False
ENSG00000112972,HMGCS1,0.066743545,False
ENSG00000107874,CUEDC2,0.06664141,False
ENSG00000170502,NUDT9,0.066559106,False
ENSG00000101132,PFDN4,0.066546045,False
ENSG00000196323,ZBTB44,0.06651136,False
ENSG00000107551,RASSF4,0.06648462,False
ENSG00000164104,HMGB2,0.06647353,False
ENSG00000181019,NQO1,0.06644732,False
ENSG00000248092,NNT-AS1,0.06642507,False
ENSG00000106400,ZNHIT1,0.066420764,False
ENSG00000143315,PIGM,0.06631275,False
ENSG00000203877,RIPPLY2,0.066016525,False
ENSG00000255248,MIR100HG,0.06592979,False
ENSG00000089818,NECAP1,0.06584373,False
ENSG00000178568,ERBB4,0.06579664,False
ENSG00000163110,PDLIM5,0.06574218,False
ENSG00000142166,IFNAR1,0.065732434,False
ENSG00000105372,RPS19,0.06569009,False
ENSG00000121892,PDS5A,0.065266445,False
ENSG00000105835,NAMPT,0.065243386,False
ENSG00000080845,DLGAP4,0.065213285,False
ENSG00000213015,ZNF580,0.065158,False
ENSG00000124145,SDC4,0.0651479,False
ENSG00000115526,CHST10,0.06510501,False
ENSG00000005486,RHBDD2,0.06508935,False
ENSG00000117280,RAB29,0.06504716,False
ENSG00000173020,GRK2,0.06499507,False
ENSG00000105737,GRIK5,0.06473486,False
ENSG00000151789,ZNF385D,0.06472238,False
ENSG00000147251,DOCK11,0.06468157,False
ENSG00000120925,RNF170,0.06416022,False
ENSG00000198948,MFAP3L,0.0640858,False
ENSG00000176946,THAP4,0.06407533,False
ENSG00000102181,CD99L2,0.06396561,False
ENSG00000143322,ABL2,0.063931756,False
ENSG00000120594,PLXDC2,0.06382669,False
ENSG00000075568,TMEM131,0.063491754,False
ENSG00000099326,MZF1,0.063386746,False
ENSG00000148541,FAM13C,0.063347824,False
ENSG00000058600,POLR3E,0.06323914,False
ENSG00000062716,VMP1,0.06299587,False
ENSG00000242265,PEG10,0.06295858,False
ENSG00000105618,PRPF31,0.06260115,False
ENSG00000136709,WDR33,0.06244175,False
ENSG00000175893,ZDHHC21,0.0623497,False
ENSG00000136950,ARPC5L,0.06225026,False
ENSG00000149600,COMMD7,0.062150262,False
ENSG00000106086,PLEKHA8,0.062036958,False
ENSG00000157827,FMNL2,0.062027264,False
ENSG00000142687,KIAA0319L,0.06194967,False
ENSG00000184368,MAP7D2,0.06192666,False
ENSG00000123124,WWP1,0.06192485,False
ENSG00000005020,SKAP2,0.061885636,False
ENSG00000129675,ARHGEF6,0.061814465,False
ENSG00000155868,MED7,0.061763115,False
ENSG00000112294,ALDH5A1,0.061705533,False
ENSG00000111880,RNGTT,0.061597746,False
ENSG00000055483,USP36,0.06141935,False
ENSG00000145022,TCTA,0.061299533,False
ENSG00000136720,HS6ST1,0.061026324,False
ENSG00000095574,IKZF5,0.060881145,False
ENSG00000168958,MFF,0.060851865,False
ENSG00000115828,QPCT,0.06068576,False
ENSG00000128654,MTX2,0.060378045,False
ENSG00000087448,KLHL42,0.060376067,False
ENSG00000187391,MAGI2,0.06028589,False
ENSG00000164040,PGRMC2,0.06019385,False
ENSG00000159063,ALG8,0.06002572,False
ENSG00000133997,MED6,0.059995864,False
ENSG00000171914,TLN2,0.059666146,False
ENSG00000074071,MRPS34,0.059620805,False
ENSG00000130477,UNC13A,0.059390664,False
ENSG00000075336,TIMM21,0.059281763,False
ENSG00000157954,WIPI2,0.059164025,False
ENSG00000083312,TNPO1,0.059017487,False
ENSG00000170743,SYT9,0.058994625,False
ENSG00000131469,RPL27,0.058914896,False
ENSG00000182551,ADI1,0.058863718,False
ENSG00000113327,GABRG2,0.058804575,False
ENSG00000159685,CHCHD6,0.058694303,False
ENSG00000064042,LIMCH1,0.05861515,False
ENSG00000181924,COA4,0.05855491,False
ENSG00000107404,DVL1,0.058531363,False
ENSG00000182149,IST1,0.05841891,False
ENSG00000115484,CCT4,0.05840199,False
ENSG00000115365,LANCL1,0.058393702,False
ENSG00000133226,SRRM1,0.058062643,False
ENSG00000113140,SPARC,0.05804108,False
ENSG00000130032,PRRG3,0.058024745,False
ENSG00000100220,RTCB,0.057985958,False
ENSG00000188612,SUMO2,0.05786711,False
ENSG00000078018,MAP2,0.057864796,False
ENSG00000004779,NDUFAB1,0.057849273,False
ENSG00000008083,JARID2,0.057765752,False
ENSG00000146535,GNA12,0.05754587,False
ENSG00000186687,LYRM7,0.057529587,False
ENSG00000107864,CPEB3,0.05745206,False
ENSG00000184524,CEND1,0.057427023,False
ENSG00000102978,POLR2C,0.057424232,False
ENSG00000073910,FRY,0.057194427,False
ENSG00000105447,GRWD1,0.057061143,False
ENSG00000169302,STK32A,0.05702984,False
ENSG00000172939,OXSR1,0.05698584,False
ENSG00000115380,EFEMP1,0.05694464,False
ENSG00000152583,SPARCL1,0.05660206,False
ENSG00000175581,MRPL48,0.056163855,False
ENSG00000101751,POLI,0.05603148,False
ENSG00000158109,TPRG1L,0.055972558,False
ENSG00000084207,GSTP1,0.055945855,False
ENSG00000053372,MRTO4,0.055932373,False
ENSG00000131467,PSME3,0.055682052,False
ENSG00000148498,PARD3,0.05539201,False
ENSG00000174282,ZBTB4,0.055301625,False
ENSG00000175054,ATR,0.055263057,False
ENSG00000156482,RPL30,0.0552132,False
ENSG00000000419,DPM1,0.05512511,False
ENSG00000243156,MICAL3,0.05509255,False
ENSG00000100138,SNU13,0.055032343,False
ENSG00000135617,PRADC1,0.05500484,False
ENSG00000163069,SGCB,0.054908242,False
ENSG00000196914,ARHGEF12,0.054836057,False
ENSG00000151090,THRB,0.05482001,False
ENSG00000178741,COX5A,0.054642204,False
ENSG00000174013,FBXO45,0.054520316,False
ENSG00000169057,MECP2,0.05439035,False
ENSG00000219626,FAM228B,0.05431273,False
ENSG00000148834,GSTO1,0.054244056,False
ENSG00000067225,PKM,0.05398651,False
ENSG00000138162,TACC2,0.05377066,False
ENSG00000145248,SLC10A4,0.0537524,False
ENSG00000165821,SALL2,0.05369417,False
ENSG00000135966,TGFBRAP1,0.053655155,False
ENSG00000153814,JAZF1,0.05361611,False
ENSG00000116898,MRPS15,0.053603332,False
ENSG00000164323,CFAP97,0.053484503,False
ENSG00000137710,RDX,0.053479783,False
ENSG00000166946,CCNDBP1,0.053446796,False
ENSG00000127955,GNAI1,0.0533352,False
ENSG00000205981,DNAJC19,0.053208433,False
ENSG00000188130,MAPK12,0.053182308,False
ENSG00000177150,FAM210A,0.053117402,False
ENSG00000141456,PELP1,0.05308689,False
ENSG00000013016,EHD3,0.053058233,False
ENSG00000111875,ASF1A,0.052992534,False
ENSG00000104361,NIPAL2,0.052986033,False
ENSG00000114948,ADAM23,0.052933216,False
ENSG00000128881,TTBK2,0.05275384,False
ENSG00000105516,DBP,0.052632898,False
ENSG00000102910,LONP2,0.052614998,False
ENSG00000114023,FAM162A,0.052561622,False
ENSG00000147588,PMP2,0.05236333,False
ENSG00000103485,QPRT,0.05233749,False
ENSG00000109445,ZNF330,0.05231499,False
ENSG00000104447,TRPS1,0.052041546,False
ENSG00000135447,PPP1R1A,0.051930264,False
ENSG00000142676,RPL11,0.05184968,False
ENSG00000101298,SNPH,0.05176956,False
ENSG00000198910,L1CAM,0.051641528,False
ENSG00000165566,AMER2,0.051153548,False
ENSG00000113552,GNPDA1,0.051098067,False
ENSG00000104679,R3HCC1,0.051064745,False
ENSG00000135469,COQ10A,0.0510585,False
ENSG00000177479,ARIH2,0.05092187,False
ENSG00000102753,KPNA3,0.050893206,False
ENSG00000166770,ZNF667-AS1,0.05087731,False
ENSG00000133935,ERG28,0.050690513,False
ENSG00000146540,C7orf50,0.05062528,False
ENSG00000151552,QDPR,0.05035821,False
ENSG00000094916,CBX5,0.050347928,False
ENSG00000137218,FRS3,0.050297093,False
ENSG00000066382,MPPED2,0.050224192,False
ENSG00000184144,CNTN2,0.050084125,False
ENSG00000130821,SLC6A8,0.050019186,False
ENSG00000068697,LAPTM4A,0.050010484,False
ENSG00000133627,ACTR3B,0.049999103,False
ENSG00000164904,ALDH7A1,0.049991317,False
ENSG00000149294,NCAM1,0.04985473,False
ENSG00000160714,UBE2Q1,0.04975197,False
ENSG00000131446,MGAT1,0.049713746,False
ENSG00000182621,PLCB1,0.049614068,False
ENSG00000165997,ARL5B,0.049493946,False
ENSG00000161981,SNRNP25,0.049422104,False
ENSG00000015153,YAF2,0.049338266,False
ENSG00000119396,RAB14,0.04932874,False
ENSG00000112078,KCTD20,0.049045246,False
ENSG00000167635,ZNF146,0.049042307,False
ENSG00000188554,NBR1,0.048959553,False
ENSG00000164091,WDR82,0.048951402,False
ENSG00000127419,TMEM175,0.048893,False
ENSG00000143344,RGL1,0.04887369,False
ENSG00000140044,JDP2,0.048711732,False
ENSG00000188021,UBQLN2,0.048694473,False
ENSG00000185825,BCAP31,0.048646826,False
ENSG00000163960,UBXN7,0.048537795,False
ENSG00000049759,NEDD4L,0.048525378,False
ENSG00000168781,PPIP5K1,0.04849276,False
ENSG00000136854,STXBP1,0.048492193,False
ENSG00000168461,RAB31,0.048436537,False
ENSG00000183114,FAM43B,0.04834647,False
ENSG00000135930,EIF4E2,0.048204437,False
ENSG00000005100,DHX33,0.048088897,False
ENSG00000146006,LRRTM2,0.048040424,False
ENSG00000135870,RC3H1,0.04803925,False
ENSG00000109046,WSB1,0.04795567,False
ENSG00000128928,IVD,0.047837347,False
ENSG00000143093,STRIP1,0.047504827,False
ENSG00000144369,FAM171B,0.047400583,False
ENSG00000158195,WASF2,0.047369797,False
ENSG00000136940,PDCL,0.04717502,False
ENSG00000138448,ITGAV,0.047098886,False
ENSG00000140391,TSPAN3,0.046658263,False
ENSG00000183751,TBL3,0.04645196,False
ENSG00000056097,ZFR,0.04630217,False
ENSG00000133083,DCLK1,0.04627374,False
ENSG00000150316,CWC15,0.046138223,False
ENSG00000101265,RASSF2,0.04613613,False
ENSG00000137822,TUBGCP4,0.04605077,False
ENSG00000119844,AFTPH,0.04590065,False
ENSG00000004660,CAMKK1,0.045866426,False
ENSG00000170275,CRTAP,0.045861475,False
ENSG00000131732,ZCCHC9,0.045773394,False
ENSG00000162105,SHANK2,0.045592647,False
ENSG00000140474,ULK3,0.0455124,False
ENSG00000163866,SMIM12,0.04550314,False
ENSG00000078369,GNB1,0.04548306,False
ENSG00000014216,CAPN1,0.045476303,False
ENSG00000215114,UBXN2B,0.045209195,False
ENSG00000172301,COPRS,0.04505294,False
ENSG00000102606,ARHGEF7,0.04481352,False
ENSG00000100442,FKBP3,0.044572264,False
ENSG00000178053,MLF1,0.044553425,False
ENSG00000162852,CNST,0.04435827,False
ENSG00000072134,EPN2,0.04418906,False
ENSG00000145781,COMMD10,0.044143658,False
ENSG00000125505,MBOAT7,0.044036455,False
ENSG00000157259,GATAD1,0.04397233,False
ENSG00000123983,ACSL3,0.04383204,False
ENSG00000159335,PTMS,0.043798957,False
ENSG00000104763,ASAH1,0.04364957,False
ENSG00000127483,HP1BP3,0.04362302,False
ENSG00000099917,MED15,0.043550532,False
ENSG00000116138,DNAJC16,0.043426637,False
ENSG00000090266,NDUFB2,0.043373935,False
ENSG00000173898,SPTBN2,0.043315403,False
ENSG00000131143,COX4I1,0.0431609,False
ENSG00000065559,MAP2K4,0.042955812,False
ENSG00000066044,ELAVL1,0.04271421,False
ENSG00000089248,ERP29,0.042704813,False
ENSG00000104660,LEPROTL1,0.042642634,False
ENSG00000189241,TSPYL1,0.042314414,False
ENSG00000165416,SUGT1,0.042295422,False
ENSG00000198780,FAM169A,0.042195212,False
ENSG00000163873,GRIK3,0.042163707,False
ENSG00000063978,RNF4,0.042144954,False
ENSG00000126858,RHOT1,0.042092092,False
ENSG00000177613,CSTF2T,0.04204636,False
ENSG00000079215,SLC1A3,0.041962393,False
ENSG00000168827,GFM1,0.04165396,False
ENSG00000183011,NAA38,0.041521255,False
ENSG00000155329,ZCCHC10,0.041517068,False
ENSG00000166710,B2M,0.04144372,False
ENSG00000129933,MAU2,0.040962752,False
ENSG00000076984,MAP2K7,0.040933013,False
ENSG00000163683,SMIM14,0.040932573,False
ENSG00000049618,ARID1B,0.040910445,False
ENSG00000162517,PEF1,0.040883686,False
ENSG00000169122,FAM110B,0.0408035,False
ENSG00000105058,FAM32A,0.040793914,False
ENSG00000125676,THOC2,0.040711455,False
ENSG00000162961,DPY30,0.04064756,False
ENSG00000107077,KDM4C,0.040525965,False
ENSG00000170525,PFKFB3,0.040484425,False
ENSG00000100592,DAAM1,0.040071588,False
ENSG00000119669,IRF2BPL,0.04004806,False
ENSG00000151835,SACS,0.04002979,False
ENSG00000106299,WASL,0.04000599,False
ENSG00000167196,FBXO22,0.039954245,False
ENSG00000139998,RAB15,0.039823353,False
ENSG00000171208,NETO2,0.03978456,False
ENSG00000151353,TMEM18,0.039510787,False
ENSG00000005339,CREBBP,0.039448142,False
ENSG00000177301,KCNA2,0.039231487,False
ENSG00000166619,BLCAP,0.03917114,False
ENSG00000057757,PITHD1,0.039165664,False
ENSG00000023318,ERP44,0.039059166,False
ENSG00000133460,SLC2A11,0.038946524,False
ENSG00000006625,GGCT,0.038840596,False
ENSG00000166676,TVP23A,0.038771667,False
ENSG00000134874,DZIP1,0.03863499,False
ENSG00000084676,NCOA1,0.038632404,False
ENSG00000086598,TMED2,0.03844597,False
ENSG00000104112,SCG3,0.03843796,False
ENSG00000164164,OTUD4,0.038212158,False
ENSG00000090238,YPEL3,0.03814725,False
ENSG00000106683,LIMK1,0.037665162,False
ENSG00000075035,WSCD2,0.037612688,False
ENSG00000155100,OTUD6B,0.03755764,False
ENSG00000102452,NALCN,0.037337776,False
ENSG00000169223,LMAN2,0.03733718,False
ENSG00000102931,ARL2BP,0.03725759,False
ENSG00000134684,YARS1,0.037215795,False
ENSG00000034713,GABARAPL2,0.037024304,False
ENSG00000077147,TM9SF3,0.036878616,False
ENSG00000214413,BBIP1,0.03673213,False
ENSG00000197121,PGAP1,0.0366562,False
ENSG00000172795,DCP2,0.036540892,False
ENSG00000100485,SOS2,0.036328748,False
ENSG00000053501,USE1,0.03620923,False
ENSG00000121879,PIK3CA,0.036109366,False
ENSG00000114316,USP4,0.03608166,False
ENSG00000197457,STMN3,0.03602442,False
ENSG00000103978,TMEM87A,0.035918847,False
ENSG00000148690,FRA10AC1,0.03587323,False
ENSG00000114354,TFG,0.035771035,False
ENSG00000142408,CACNG8,0.035734136,False
ENSG00000100266,PACSIN2,0.03572074,False
ENSG00000211460,TSN,0.035655633,False
ENSG00000167110,GOLGA2,0.035576046,False
ENSG00000164284,GRPEL2,0.03556017,False
ENSG00000121486,TRMT1L,0.035555884,False
ENSG00000110395,CBL,0.035498716,False
ENSG00000091428,RAPGEF4,0.035443407,False
ENSG00000168734,PKIG,0.03526064,False
ENSG00000008952,SEC62,0.03525713,False
ENSG00000149311,ATM,0.035207644,False
ENSG00000182220,ATP6AP2,0.03513633,False
ENSG00000102109,PCSK1N,0.035119694,False
ENSG00000149571,KIRREL3,0.035042167,False
ENSG00000116906,GNPAT,0.035020538,False
ENSG00000176783,RUFY1,0.034937315,False
ENSG00000173992,CCS,0.03493356,False
ENSG00000116793,PHTF1,0.03485657,False
ENSG00000198799,LRIG2,0.03472756,False
ENSG00000184408,KCND2,0.034719847,False
ENSG00000109689,STIM2,0.034713313,False
ENSG00000131174,COX7B,0.03452632,False
ENSG00000184792,OSBP2,0.034509845,False
ENSG00000103145,HCFC1R1,0.034322906,False
ENSG00000112378,PERP,0.034009106,False
ENSG00000132953,XPO4,0.033989932,False
ENSG00000167280,ENGASE,0.033958204,False
ENSG00000108179,PPIF,0.033905175,False
ENSG00000105854,PON2,0.033876367,False
ENSG00000121774,KHDRBS1,0.033870444,False
ENSG00000174738,NR1D2,0.033824965,False
ENSG00000197265,GTF2E2,0.033801068,False
ENSG00000110436,SLC1A2,0.033668254,False
ENSG00000175221,MED16,0.03362642,False
ENSG00000001629,ANKIB1,0.033547357,False
ENSG00000064607,SUGP2,0.033418998,False
ENSG00000179820,MYADM,0.033122696,False
ENSG00000065154,OAT,0.033099797,False
ENSG00000101489,CELF4,0.033087313,False
ENSG00000139364,TMEM132B,0.033075098,False
ENSG00000108406,DHX40,0.03295731,False
ENSG00000120162,MOB3B,0.032922417,False
ENSG00000213465,ARL2,0.032902565,False
ENSG00000174695,TMEM167A,0.032796547,False
ENSG00000165699,TSC1,0.0327544,False
ENSG00000168309,FAM107A,0.032697476,False
ENSG00000116260,QSOX1,0.032654174,False
ENSG00000167112,TRUB2,0.03258824,False
ENSG00000020577,SAMD4A,0.032451957,False
ENSG00000114544,SLC41A3,0.032390874,False
ENSG00000006128,TAC1,0.032371562,False
ENSG00000048828,FAM120A,0.032343205,False
ENSG00000100100,PIK3IP1,0.032324504,False
ENSG00000080815,PSEN1,0.03226612,False
ENSG00000164796,CSMD3,0.03225773,False
ENSG00000152822,GRM1,0.032170393,False
ENSG00000117408,IPO13,0.031961482,False
ENSG00000167526,RPL13,0.031869818,False
ENSG00000244754,N4BP2L2,0.03178247,False
ENSG00000120805,ARL1,0.031756647,False
ENSG00000082213,C5orf22,0.031669155,False
ENSG00000166963,MAP1A,0.03153051,False
ENSG00000106261,ZKSCAN1,0.031483594,False
ENSG00000123989,CHPF,0.031471122,False
ENSG00000092020,PPP2R3C,0.03140802,False
ENSG00000171135,JAGN1,0.03140684,False
ENSG00000051620,HEBP2,0.031375326,False
ENSG00000153944,MSI2,0.031106856,False
ENSG00000166562,SEC11C,0.031103672,False
ENSG00000137177,KIF13A,0.031081693,False
ENSG00000186472,PCLO,0.031058123,False
ENSG00000155506,LARP1,0.030993976,False
ENSG00000175115,PACS1,0.030381447,False
ENSG00000109475,RPL34,0.03016958,False
ENSG00000120800,UTP20,0.029909045,False
ENSG00000171467,ZNF318,0.029902067,False
ENSG00000173812,EIF1,0.029860727,False
ENSG00000075292,ZNF638,0.02969578,False
ENSG00000157450,RNF111,0.029558973,False
ENSG00000105701,FKBP8,0.029546307,False
ENSG00000124177,CHD6,0.029403105,False
ENSG00000070882,OSBPL3,0.029262831,False
ENSG00000131013,PPIL4,0.029090967,False
ENSG00000176884,GRIN1,0.029083183,False
ENSG00000005893,LAMP2,0.029035974,False
ENSG00000111639,MRPL51,0.029035276,False
ENSG00000198792,TMEM184B,0.029017976,False
ENSG00000072071,ADGRL1,0.02866682,False
ENSG00000111906,HDDC2,0.028614903,False
ENSG00000122203,KIAA1191,0.028327554,False
ENSG00000086200,IPO11,0.028253937,False
ENSG00000103415,HMOX2,0.027934065,False
ENSG00000164896,FASTK,0.027867604,False
ENSG00000115840,SLC25A12,0.027801102,False
ENSG00000167779,IGFBP6,0.027628984,False
ENSG00000130363,RSPH3,0.027623588,False
ENSG00000136143,SUCLA2,0.02759299,False
ENSG00000148516,ZEB1,0.027400078,False
ENSG00000179115,FARSA,0.0272021,False
ENSG00000100347,SAMM50,0.02717295,False
ENSG00000046653,GPM6B,0.026885934,False
ENSG00000117640,MTFR1L,0.026708456,False
ENSG00000070010,UFD1,0.026695097,False
ENSG00000125952,MAX,0.026492847,False
ENSG00000068885,IFT80,0.026266681,False
ENSG00000140564,FURIN,0.02609986,False
ENSG00000103429,BFAR,0.025984183,False
ENSG00000126432,PRDX5,0.025953548,False
ENSG00000182534,MXRA7,0.025807457,False
ENSG00000068615,REEP1,0.025687715,False
ENSG00000124784,RIOK1,0.025614586,False
ENSG00000128595,CALU,0.025525143,False
ENSG00000125814,NAPB,0.0253109,False
ENSG00000065802,ASB1,0.02530558,False
ENSG00000135002,RFK,0.025273517,False
ENSG00000133104,SPART,0.02521488,False
ENSG00000160326,SLC2A6,0.025189096,False
ENSG00000164332,UBLCP1,0.025113702,False
ENSG00000072042,RDH11,0.025096253,False
ENSG00000102898,NUTF2,0.024832241,False
ENSG00000198265,HELZ,0.024775317,False
ENSG00000161267,BDH1,0.024643917,False
ENSG00000247077,PGAM5,0.024484994,False
ENSG00000133424,LARGE1,0.024349084,False
ENSG00000118564,FBXL5,0.024271304,False
ENSG00000141378,PTRH2,0.024238866,False
ENSG00000197498,RPF2,0.024163047,False
ENSG00000181163,NPM1,0.024152962,False
ENSG00000132153,DHX30,0.023981297,False
ENSG00000213047,DENND1B,0.023935718,False
ENSG00000154723,ATP5PF,0.023571422,False
ENSG00000152154,TMEM178A,0.02335191,False
ENSG00000040341,STAU2,0.023117252,False
ENSG00000147684,NDUFB9,0.023014927,False
ENSG00000012963,UBR7,0.022920309,False
ENSG00000104979,C19orf53,0.022660464,False
ENSG00000002549,LAP3,0.022570623,False
ENSG00000142252,GEMIN7,0.022547163,False
ENSG00000183087,GAS6,0.022431878,False
ENSG00000102316,MAGED2,0.02242182,False
ENSG00000087502,ERGIC2,0.022390312,False
ENSG00000110921,MVK,0.022374734,False
ENSG00000173404,INSM1,0.022248741,False
ENSG00000170234,PWWP2A,0.022198014,False
ENSG00000185813,PCYT2,0.021877505,False
ENSG00000162989,KCNJ3,0.02181086,False
ENSG00000111728,ST8SIA1,0.02170509,False
ENSG00000184220,CMSS1,0.021488292,False
ENSG00000198818,SFT2D1,0.021434898,False
ENSG00000257218,GATC,0.021394584,False
ENSG00000108468,CBX1,0.02132168,False
ENSG00000128699,ORMDL1,0.021255821,False
ENSG00000107560,RAB11FIP2,0.021205522,False
ENSG00000135679,MDM2,0.02118209,False
ENSG00000099783,HNRNPM,0.020836325,False
ENSG00000143612,C1orf43,0.02074653,False
ENSG00000136504,KAT7,0.020604175,False
ENSG00000130540,SULT4A1,0.020592261,False
ENSG00000120832,MTERF2,0.020553812,False
ENSG00000127870,RNF6,0.020552624,False
ENSG00000175352,NRIP3,0.02037655,False
ENSG00000204899,MZT1,0.02032998,False
ENSG00000106772,PRUNE2,0.020233553,False
ENSG00000119787,ATL2,0.019961752,False
ENSG00000131116,ZNF428,0.019854423,False
ENSG00000112701,SENP6,0.019845815,False
ENSG00000112367,FIG4,0.019736445,False
ENSG00000073969,NSF,0.019553378,False
ENSG00000133135,RNF128,0.01946235,False
ENSG00000050130,JKAMP,0.019382723,False
ENSG00000129235,TXNDC17,0.019327143,False
ENSG00000109606,DHX15,0.019327065,False
ENSG00000169432,SCN9A,0.019272609,False
ENSG00000123595,RAB9A,0.019126393,False
ENSG00000170385,SLC30A1,0.018964674,False
ENSG00000138078,PREPL,0.018923743,False
ENSG00000112079,STK38,0.0188009,False
ENSG00000198642,KLHL9,0.018706039,False
ENSG00000129691,ASH2L,0.01840772,False
ENSG00000084070,SMAP2,0.018295074,False
ENSG00000138442,WDR12,0.018270688,False
ENSG00000099991,CABIN1,0.017873822,False
ENSG00000153914,SREK1,0.017727856,False
ENSG00000242247,ARFGAP3,0.017540662,False
ENSG00000198785,GRIN3A,0.017531453,False
ENSG00000036530,CYP46A1,0.01740895,False
ENSG00000113594,LIFR,0.01739721,False
ENSG00000105429,MEGF8,0.017130869,False
ENSG00000117335,CD46,0.017115118,False
ENSG00000143155,TIPRL,0.016992562,False
ENSG00000103528,SYT17,0.016968876,False
ENSG00000006451,RALA,0.016703509,False
ENSG00000125148,MT2A,0.01623484,False
ENSG00000171988,JMJD1C,0.016182581,False
ENSG00000157985,AGAP1,0.016024582,False
ENSG00000063854,HAGH,0.016024336,False
ENSG00000170860,LSM3,0.015822688,False
ENSG00000028528,SNX1,0.015809845,False
ENSG00000120251,GRIA2,0.015786981,False
ENSG00000140612,SEC11A,0.015713107,False
ENSG00000198730,CTR9,0.015666021,False
ENSG00000156642,NPTN,0.015522099,False
ENSG00000108344,PSMD3,0.015490241,False
ENSG00000100614,PPM1A,0.015422661,False
ENSG00000119227,PIGZ,0.01525376,False
ENSG00000181409,AATK,0.015192523,False
ENSG00000067248,DHX29,0.014919106,False
ENSG00000135778,NTPCR,0.014848923,False
ENSG00000163636,PSMD6,0.014839155,False
ENSG00000115884,SDC1,0.014825438,False
ENSG00000092330,TINF2,0.014815691,False
ENSG00000147164,SNX12,0.014768369,False
ENSG00000197858,GPAA1,0.01468418,False
ENSG00000104133,SPG11,0.014525906,False
ENSG00000198646,NCOA6,0.014384211,False
ENSG00000136754,ABI1,0.014286481,False
ENSG00000099942,CRKL,0.014267435,False
ENSG00000116521,SCAMP3,0.014256168,False
ENSG00000174516,PELI3,0.014249022,False
ENSG00000117069,ST6GALNAC5,0.014181965,False
ENSG00000124783,SSR1,0.014103625,False
ENSG00000136930,PSMB7,0.013808348,False
ENSG00000164828,SUN1,0.013768449,False
ENSG00000196704,AMZ2,0.01361256,False
ENSG00000113360,DROSHA,0.013598578,False
ENSG00000131473,ACLY,0.013528342,False
ENSG00000138698,RAP1GDS1,0.013476621,False
ENSG00000185442,FAM174B,0.013331568,False
ENSG00000088367,EPB41L1,0.013331081,False
ENSG00000242485,MRPL20,0.012925227,False
ENSG00000104219,ZDHHC2,0.0128433565,False
ENSG00000128482,RNF112,0.012285474,False
ENSG00000156735,BAG4,0.012171993,False
ENSG00000148334,PTGES2,0.012119929,False
ENSG00000126749,EMG1,0.011981874,False
ENSG00000120658,ENOX1,0.011967851,False
ENSG00000088986,DYNLL1,0.011929563,False
ENSG00000183513,COA5,0.0118827205,False
ENSG00000112576,CCND3,0.011735871,False
ENSG00000119812,FAM98A,0.011502437,False
ENSG00000160445,ZER1,0.011338105,False
ENSG00000205364,MT1M,0.0112826945,False
ENSG00000111605,CPSF6,0.010976447,False
ENSG00000173267,SNCG,0.010881229,False
ENSG00000185742,C11orf87,0.010459731,False
ENSG00000143630,HCN3,0.010337108,False
ENSG00000066933,MYO9A,0.010280803,False
ENSG00000176171,BNIP3,0.0102654565,False
ENSG00000182827,ACBD3,0.010183763,False
ENSG00000151376,ME3,0.01016461,False
ENSG00000137267,TUBB2A,0.010131439,False
ENSG00000102804,TSC22D1,0.010102054,False
ENSG00000186468,RPS23,0.010069908,False
ENSG00000015171,ZMYND11,0.01006265,False
ENSG00000054118,THRAP3,0.0098262215,False
ENSG00000152556,PFKM,0.009655558,False
ENSG00000165795,NDRG2,0.009623385,False
ENSG00000172794,RAB37,0.009422397,False
ENSG00000107902,LHPP,0.009388276,False
ENSG00000145592,RPL37,0.008982544,False
ENSG00000116251,RPL22,0.008367937,False
ENSG00000142784,WDTC1,0.008168901,False
ENSG00000127980,PEX1,0.008081149,False
ENSG00000077616,NAALAD2,0.007947636,False
ENSG00000168917,SLC35G2,0.0078577725,False
ENSG00000215301,DDX3X,0.007856857,False
ENSG00000166326,TRIM44,0.0077901934,False
ENSG00000183172,SMDT1,0.0077312565,False
ENSG00000105254,TBCB,0.007676515,False
ENSG00000136485,DCAF7,0.007491388,False
ENSG00000175416,CLTB,0.0073110727,False
ENSG00000111144,LTA4H,0.00725294,False
ENSG00000029725,RABEP1,0.0072418656,False
ENSG00000101577,LPIN2,0.0071184905,False
ENSG00000166446,CDYL2,0.0069674277,False
ENSG00000240344,PPIL3,0.0069560856,False
ENSG00000163468,CCT3,0.0067841196,False
ENSG00000163053,SLC16A14,0.0067699244,False
ENSG00000078114,NEBL,0.0065860143,False
ENSG00000151923,TIAL1,0.0065348945,False
ENSG00000198931,APRT,0.006531955,False
ENSG00000158526,TSR2,0.00644384,False
ENSG00000181827,RFX7,0.006381333,False
ENSG00000121064,SCPEP1,0.006325843,False
ENSG00000135241,PNPLA8,0.005911396,False
ENSG00000140319,SRP14,0.0055681644,False
ENSG00000141127,PRPSAP2,0.0055663567,False
ENSG00000003393,ALS2,0.0052158423,False
ENSG00000100580,TMED8,0.005122079,False
ENSG00000047849,MAP4,0.0049700043,False
ENSG00000164778,EN2,0.004635882,False
ENSG00000102309,PIN4,0.0045927335,False
ENSG00000189221,MAOA,0.0044814884,False
ENSG00000144021,CIAO1,0.0044756318,False
ENSG00000173875,ZNF791,0.004311594,False
ENSG00000171566,PLRG1,0.004181982,False
ENSG00000196482,ESRRG,0.004115683,False
ENSG00000174456,C12orf76,0.004110748,False
ENSG00000184545,DUSP8,0.0040233633,False
ENSG00000113916,BCL6,0.0039117467,False
ENSG00000214113,LYRM4,0.0038497085,False
ENSG00000166471,TMEM41B,0.003833828,False
ENSG00000145332,KLHL8,0.003802972,False
ENSG00000147130,ZMYM3,0.003639508,False
ENSG00000182836,PLCXD3,0.0035338446,False
ENSG00000086189,DIMT1,0.0032969662,False
ENSG00000120509,PDZD11,0.003130085,False
ENSG00000000003,TSPAN6,0.003111722,False
ENSG00000161542,PRPSAP1,0.0030718986,False
ENSG00000130313,PGLS,0.0030498032,False
ENSG00000128573,FOXP2,0.0030489601,False
ENSG00000135709,KIAA0513,0.0027771601,False
ENSG00000004142,POLDIP2,0.002644082,False
ENSG00000141542,RAB40B,0.0025289394,False
ENSG00000108588,CCDC47,0.0025254004,False
ENSG00000115368,WDR75,0.002447706,False
ENSG00000152620,NADK2,0.0021706074,False
ENSG00000107331,ABCA2,0.0021469267,False
ENSG00000117174,ZNHIT6,0.0021167726,False
ENSG00000172915,NBEA,0.0020597505,False
ENSG00000180190,TDRP,0.0017782259,False
ENSG00000170745,KCNS3,0.0017517044,False
ENSG00000157542,KCNJ6,0.0017079648,False
ENSG00000036257,CUL3,0.0015675733,False
ENSG00000151893,CACUL1,0.0015015532,False
ENSG00000176390,CRLF3,0.00143323,False
ENSG00000143772,ITPKB,0.0013235196,False
ENSG00000101746,NOL4,0.0013035449,False
ENSG00000128567,PODXL,0.0013031518,False
ENSG00000171368,TPPP,0.0011396992,False
ENSG00000122042,UBL3,0.0010139653,False
ENSG00000136381,IREB2,0.0009505223,False
ENSG00000198876,DCAF12,0.0009499001,False
ENSG00000151025,GPR158,0.0008553386,False
ENSG00000181790,ADGRB1,0.00075755006,False
ENSG00000101940,WDR13,0.00054761226,False
ENSG00000140396,NCOA2,-0.00012466013,False
ENSG00000144815,NXPE3,-0.0005336394,False
ENSG00000121067,SPOP,-0.0005443288,False
ENSG00000119522,DENND1A,-0.0005494175,False
ENSG00000134759,ELP2,-0.0006456055,False
ENSG00000164754,RAD21,-0.0007387653,False
ENSG00000174136,RGMB,-0.0008235289,False
ENSG00000106052,TAX1BP1,-0.0010304756,False
ENSG00000159082,SYNJ1,-0.0010467445,False
ENSG00000178171,AMER3,-0.0012529504,False
ENSG00000070610,GBA2,-0.0012814415,False
ENSG00000160961,ZNF333,-0.0015071459,False
ENSG00000067840,PDZD4,-0.0015962648,False
ENSG00000196290,NIF3L1,-0.0019418359,False
ENSG00000159720,ATP6V0D1,-0.001991634,False
ENSG00000055211,GINM1,-0.0020271817,False
ENSG00000163618,CADPS,-0.0020968867,False
ENSG00000159592,GPBP1L1,-0.0022634303,False
ENSG00000108091,CCDC6,-0.0023474847,False
ENSG00000183570,PCBP3,-0.0026558167,False
ENSG00000181555,SETD2,-0.0026670198,False
ENSG00000100320,RBFOX2,-0.0026797901,False
ENSG00000161533,ACOX1,-0.0028430491,False
ENSG00000171150,SOCS5,-0.0030031914,False
ENSG00000178057,NDUFAF3,-0.0030079563,False
ENSG00000068323,TFE3,-0.003106058,False
ENSG00000108826,MRPL27,-0.0032046402,False
ENSG00000111358,GTF2H3,-0.0032169514,False
ENSG00000165476,REEP3,-0.0032426827,False
ENSG00000147649,MTDH,-0.003250362,False
ENSG00000032444,PNPLA6,-0.0034708781,False
ENSG00000084073,ZMPSTE24,-0.0036900528,False
ENSG00000011114,BTBD7,-0.0037419912,False
ENSG00000163328,GPR155,-0.0037895837,False
ENSG00000138604,GLCE,-0.0039058905,False
ENSG00000154803,FLCN,-0.003943949,False
ENSG00000164919,COX6C,-0.003996756,False
ENSG00000123472,ATPAF1,-0.0040381863,False
ENSG00000171302,CANT1,-0.0042603184,False
ENSG00000149218,ENDOD1,-0.0043827966,False
ENSG00000042317,SPATA7,-0.0045555113,False
ENSG00000151320,AKAP6,-0.0046754535,False
ENSG00000115762,PLEKHB2,-0.004711042,False
ENSG00000110435,PDHX,-0.0047238274,False
ENSG00000242808,SOX2-OT,-0.0049694907,False
ENSG00000167468,GPX4,-0.0050275153,False
ENSG00000131725,WDR44,-0.0052051684,False
ENSG00000182195,LDOC1,-0.0052807354,False
ENSG00000172992,DCAKD,-0.005450467,False
ENSG00000247556,OIP5-AS1,-0.005491302,False
ENSG00000133275,CSNK1G2,-0.005827313,False
ENSG00000087495,PHACTR3,-0.0058845556,False
ENSG00000165995,CACNB2,-0.0059181494,False
ENSG00000112304,ACOT13,-0.0063887946,False
ENSG00000137947,GTF2B,-0.006461656,False
ENSG00000100241,SBF1,-0.006466313,False
ENSG00000116396,KCNC4,-0.006546027,False
ENSG00000151612,ZNF827,-0.00661373,False
ENSG00000065989,PDE4A,-0.0067635668,False
ENSG00000100418,DESI1,-0.006810265,False
ENSG00000124422,USP22,-0.0068699243,False
ENSG00000163399,ATP1A1,-0.0069463216,False
ENSG00000136643,RPS6KC1,-0.0070808213,False
ENSG00000198171,DDRGK1,-0.007248665,False
ENSG00000067177,PHKA1,-0.0074406117,False
ENSG00000164830,OXR1,-0.007694281,False
ENSG00000143797,MBOAT2,-0.007721974,False
ENSG00000006744,ELAC2,-0.007875078,False
ENSG00000171824,EXOSC10,-0.0080060605,False
ENSG00000197380,DACT3,-0.008052697,False
ENSG00000113758,DBN1,-0.00812209,False
ENSG00000141560,FN3KRP,-0.008256895,False
ENSG00000138668,HNRNPD,-0.008491391,False
ENSG00000131236,CAP1,-0.008568576,False
ENSG00000180817,PPA1,-0.0086306445,False
ENSG00000047648,ARHGAP6,-0.00866315,False
ENSG00000105576,TNPO2,-0.008825026,False
ENSG00000235194,PPP1R3E,-0.008901009,False
ENSG00000116977,LGALS8,-0.00896752,False
ENSG00000149256,TENM4,-0.009007455,False
ENSG00000177054,ZDHHC13,-0.009283098,False
ENSG00000112130,RNF8,-0.0094188005,False
ENSG00000108175,ZMIZ1,-0.009727193,False
ENSG00000116406,EDEM3,-0.009784446,False
ENSG00000064999,ANKS1A,-0.009797406,False
ENSG00000089220,PEBP1,-0.009831771,False
ENSG00000184226,PCDH9,-0.009846902,False
ENSG00000198929,NOS1AP,-0.009895515,False
ENSG00000137941,TTLL7,-0.01003998,False
ENSG00000147421,HMBOX1,-0.010170296,False
ENSG00000089486,CDIP1,-0.010242657,False
ENSG00000021776,AQR,-0.01051777,False
ENSG00000166347,CYB5A,-0.010603434,False
ENSG00000166925,TSC22D4,-0.010645542,False
ENSG00000155158,TTC39B,-0.010902504,False
ENSG00000077380,DYNC1I2,-0.010954739,False
ENSG00000234741,GAS5,-0.01100274,False
ENSG00000172765,TMCC1,-0.0111629255,False
ENSG00000108306,FBXL20,-0.011422197,False
ENSG00000130165,ELOF1,-0.011422366,False
ENSG00000128268,MGAT3,-0.011581564,False
ENSG00000011295,TTC19,-0.011635371,False
ENSG00000180008,SOCS4,-0.011637699,False
ENSG00000160785,SLC25A44,-0.011704797,False
ENSG00000137100,DCTN3,-0.01172965,False
ENSG00000117448,AKR1A1,-0.01184123,False
ENSG00000125484,GTF3C4,-0.011859786,False
ENSG00000067842,ATP2B3,-0.011872993,False
ENSG00000136237,RAPGEF5,-0.011913185,False
ENSG00000163288,GABRB1,-0.0119924415,False
ENSG00000143190,POU2F1,-0.012064105,False
ENSG00000116604,MEF2D,-0.01209069,False
ENSG00000086232,EIF2AK1,-0.012141314,False
ENSG00000104671,DCTN6,-0.012211124,False
ENSG00000138386,NAB1,-0.012283473,False
ENSG00000174306,ZHX3,-0.012564296,False
ENSG00000148450,MSRB2,-0.01260418,False
ENSG00000066468,FGFR2,-0.012759838,False
ENSG00000159921,GNE,-0.012762045,False
ENSG00000115355,CCDC88A,-0.012778378,False
ENSG00000135905,DOCK10,-0.012852398,False
ENSG00000166200,COPS2,-0.013269979,False
ENSG00000178104,PDE4DIP,-0.01336396,False
ENSG00000127837,AAMP,-0.013473345,False
ENSG00000154229,PRKCA,-0.013481358,False
ENSG00000169902,TPST1,-0.013482379,False
ENSG00000135624,CCT7,-0.013519553,False
ENSG00000152578,GRIA4,-0.013881702,False
ENSG00000141424,SLC39A6,-0.013960962,False
ENSG00000151150,ANK3,-0.0140179945,False
ENSG00000136933,RABEPK,-0.014245838,False
ENSG00000180543,TSPYL5,-0.014282555,False
ENSG00000185559,DLK1,-0.014484853,False
ENSG00000082397,EPB41L3,-0.014580486,False
ENSG00000138032,PPM1B,-0.014935369,False
ENSG00000107362,ABHD17B,-0.015234592,False
ENSG00000105723,GSK3A,-0.015313516,False
ENSG00000081026,MAGI3,-0.015391806,False
ENSG00000164929,BAALC,-0.015394655,False
ENSG00000163156,SCNM1,-0.015516956,False
ENSG00000100225,FBXO7,-0.015625829,False
ENSG00000124702,KLHDC3,-0.015675817,False
ENSG00000164683,HEY1,-0.01576956,False
ENSG00000052126,PLEKHA5,-0.015806286,False
ENSG00000080503,SMARCA2,-0.015929174,False
ENSG00000180902,D2HGDH,-0.015958328,False
ENSG00000168297,PXK,-0.016067559,False
ENSG00000108176,DNAJC12,-0.016567942,False
ENSG00000162729,IGSF8,-0.016641874,False
ENSG00000138459,SLC35A5,-0.016668271,False
ENSG00000134313,KIDINS220,-0.016909804,False
ENSG00000148660,CAMK2G,-0.016990338,False
ENSG00000131051,RBM39,-0.01702856,False
ENSG00000235711,ANKRD34C,-0.01709497,False
ENSG00000124571,XPO5,-0.017227255,False
ENSG00000116752,BCAS2,-0.0172427,False
ENSG00000143493,INTS7,-0.017410982,False
ENSG00000136718,IMP4,-0.017564677,False
ENSG00000047410,TPR,-0.017773205,False
ENSG00000186866,POFUT2,-0.01836831,False
ENSG00000078140,UBE2K,-0.018610692,False
ENSG00000059915,PSD,-0.018776352,False
ENSG00000125870,SNRPB2,-0.019053834,False
ENSG00000110321,EIF4G2,-0.019281313,False
ENSG00000121766,ZCCHC17,-0.019484349,False
ENSG00000050820,BCAR1,-0.019522062,False
ENSG00000005007,UPF1,-0.019561788,False
ENSG00000135541,AHI1,-0.019581407,False
ENSG00000115827,DCAF17,-0.019602971,False
ENSG00000124383,MPHOSPH10,-0.019805599,False
ENSG00000099246,RAB18,-0.0198277,False
ENSG00000130830,MPP1,-0.020068727,False
ENSG00000128581,IFT22,-0.020153696,False
ENSG00000108001,EBF3,-0.020166261,False
ENSG00000163961,RNF168,-0.020181453,False
ENSG00000066697,MSANTD3,-0.020186959,False
ENSG00000104341,LAPTM4B,-0.020405425,False
ENSG00000111249,CUX2,-0.02041156,False
ENSG00000144524,COPS7B,-0.020461151,False
ENSG00000017797,RALBP1,-0.020681242,False
ENSG00000131238,PPT1,-0.020688867,False
ENSG00000163539,CLASP2,-0.020717708,False
ENSG00000130733,YIPF2,-0.020908175,False
ENSG00000204186,ZDBF2,-0.02096663,False
ENSG00000196998,WDR45,-0.021064522,False
ENSG00000187555,USP7,-0.021124268,False
ENSG00000198198,SZT2,-0.021164214,False
ENSG00000129103,SUMF2,-0.021544555,False
ENSG00000120688,WBP4,-0.021662867,False
ENSG00000109680,TBC1D19,-0.021761615,False
ENSG00000170989,S1PR1,-0.021766469,False
ENSG00000148842,CNNM2,-0.021888282,False
ENSG00000111011,RSRC2,-0.021989109,False
ENSG00000115419,GLS,-0.022287624,False
ENSG00000176222,ZNF404,-0.022411626,False
ENSG00000182253,SYNM,-0.022445913,False
ENSG00000089693,MLF2,-0.022455662,False
ENSG00000082515,MRPL22,-0.022501541,False
ENSG00000025800,KPNA6,-0.022606917,False
ENSG00000088205,DDX18,-0.022660196,False
ENSG00000115468,EFHD1,-0.022666266,False
ENSG00000114850,SSR3,-0.022679511,False
ENSG00000172336,POP7,-0.022725957,False
ENSG00000125356,NDUFA1,-0.022769833,False
ENSG00000173011,TADA2B,-0.022947691,False
ENSG00000184221,OLIG1,-0.023019563,False
ENSG00000116750,UCHL5,-0.023031715,False
ENSG00000110881,ASIC1,-0.023180606,False
ENSG00000134897,BIVM,-0.023313312,False
ENSG00000122484,RPAP2,-0.023397991,False
ENSG00000104863,LIN7B,-0.023541821,False
ENSG00000029534,ANK1,-0.023602875,False
ENSG00000196591,HDAC2,-0.023632001,False
ENSG00000160285,LSS,-0.023754999,False
ENSG00000198700,IPO9,-0.023854634,False
ENSG00000143502,SUSD4,-0.024005199,False
ENSG00000160570,DEDD2,-0.024031907,False
ENSG00000158092,NCK1,-0.024241583,False
ENSG00000137509,PRCP,-0.024318023,False
ENSG00000168159,RNF187,-0.024403417,False
ENSG00000198860,TSEN15,-0.024569027,False
ENSG00000105700,KXD1,-0.025000216,False
ENSG00000119471,HSDL2,-0.025012268,False
ENSG00000120802,TMPO,-0.025267128,False
ENSG00000140694,PARN,-0.025308464,False
ENSG00000169992,NLGN2,-0.02533725,False
ENSG00000139719,VPS33A,-0.025337502,False
ENSG00000085644,ZNF213,-0.025555242,False
ENSG00000106392,C1GALT1,-0.025772862,False
ENSG00000023171,GRAMD1B,-0.025784638,False
ENSG00000124120,TTPAL,-0.025799312,False
ENSG00000090013,BLVRB,-0.026058163,False
ENSG00000170873,MTSS1,-0.026276255,False
ENSG00000147162,OGT,-0.026341818,False
ENSG00000133812,SBF2,-0.026507732,False
ENSG00000145476,CYP4V2,-0.026512573,False
ENSG00000079308,TNS1,-0.026664319,False
ENSG00000243943,ZNF512,-0.02686022,False
ENSG00000074935,TUBE1,-0.027185312,False
ENSG00000119421,NDUFA8,-0.027519617,False
ENSG00000171885,AQP4,-0.027570391,False
ENSG00000185963,BICD2,-0.02759927,False
ENSG00000079459,FDFT1,-0.027815824,False
ENSG00000095321,CRAT,-0.027847482,False
ENSG00000106070,GRB10,-0.027904691,False
ENSG00000114573,ATP6V1A,-0.027961655,False
ENSG00000167685,ZNF444,-0.02804863,False
ENSG00000107262,BAG1,-0.02812008,False
ENSG00000136160,EDNRB,-0.028148199,False
ENSG00000141562,NARF,-0.028274976,False
ENSG00000151348,EXT2,-0.028465217,False
ENSG00000170921,TANC2,-0.028547147,False
ENSG00000172508,CARNS1,-0.02855231,False
ENSG00000169019,COMMD8,-0.028573643,False
ENSG00000116688,MFN2,-0.028586147,False
ENSG00000111670,GNPTAB,-0.02864561,False
ENSG00000197702,PARVA,-0.028752979,False
ENSG00000081087,OSTM1,-0.028949201,False
ENSG00000196562,SULF2,-0.029206432,False
ENSG00000177565,TBL1XR1,-0.02922978,False
ENSG00000099956,SMARCB1,-0.02925285,False
ENSG00000087365,SF3B2,-0.02933401,False
ENSG00000138468,SENP7,-0.029399281,False
ENSG00000105204,DYRK1B,-0.029410426,False
ENSG00000090020,SLC9A1,-0.029571725,False
ENSG00000162851,TFB2M,-0.029595375,False
ENSG00000176956,LY6H,-0.029620716,False
ENSG00000129083,COPB1,-0.029767025,False
ENSG00000107949,BCCIP,-0.029813964,False
ENSG00000139793,MBNL2,-0.029873157,False
ENSG00000111843,TMEM14C,-0.029873317,False
ENSG00000168003,SLC3A2,-0.029882971,False
ENSG00000129422,MTUS1,-0.030009927,False
ENSG00000124209,RAB22A,-0.030035863,False
ENSG00000115649,CNPPD1,-0.030183725,False
ENSG00000128463,EMC4,-0.030278783,False
ENSG00000227345,PARG,-0.030337822,False
ENSG00000166128,RAB8B,-0.030418413,False
ENSG00000104635,SLC39A14,-0.030587865,False
ENSG00000127022,CANX,-0.030600162,False
ENSG00000004961,HCCS,-0.030807013,False
ENSG00000155287,SLC25A28,-0.03090533,False
ENSG00000162545,CAMK2N1,-0.030937642,False
ENSG00000197580,BCO2,-0.031036437,False
ENSG00000160209,PDXK,-0.031088648,False
ENSG00000151240,DIP2C,-0.03120165,False
ENSG00000160799,CCDC12,-0.03125896,False
ENSG00000008294,SPAG9,-0.03131487,False
ENSG00000156256,USP16,-0.031327814,False
ENSG00000168710,AHCYL1,-0.031560916,False
ENSG00000179387,ELMOD2,-0.031577535,False
ENSG00000136003,ISCU,-0.0316133,False
ENSG00000157020,SEC13,-0.03163236,False
ENSG00000164187,LMBRD2,-0.03165992,False
ENSG00000164211,STARD4,-0.03175775,False
ENSG00000188647,PTAR1,-0.03179037,False
ENSG00000197147,LRRC8B,-0.031901173,False
ENSG00000185187,SIGIRR,-0.032732733,False
ENSG00000102882,MAPK3,-0.032788828,False
ENSG00000162378,ZYG11B,-0.032841876,False
ENSG00000072756,TRNT1,-0.033084806,False
ENSG00000041802,LSG1,-0.03327624,False
ENSG00000224032,EPB41L4A-AS1,-0.033318873,False
ENSG00000117643,MAN1C1,-0.03332574,False
ENSG00000140990,NDUFB10,-0.033355646,False
ENSG00000080345,RIF1,-0.033500418,False
ENSG00000198373,WWP2,-0.033736777,False
ENSG00000117115,PADI2,-0.0337409,False
ENSG00000117984,CTSD,-0.03379578,False
ENSG00000108384,RAD51C,-0.034205113,False
ENSG00000138071,ACTR2,-0.034232065,False
ENSG00000087274,ADD1,-0.03431166,False
ENSG00000134533,RERG,-0.034322523,False
ENSG00000162433,AK4,-0.034676462,False
ENSG00000130827,PLXNA3,-0.034750123,False
ENSG00000132429,POPDC3,-0.03477329,False
ENSG00000142188,TMEM50B,-0.03486895,False
ENSG00000150361,KLHL1,-0.034909878,False
ENSG00000172057,ORMDL3,-0.034942586,False
ENSG00000144597,EAF1,-0.034996256,False
ENSG00000008282,SYPL1,-0.03504877,False
ENSG00000166405,RIC3,-0.035179738,False
ENSG00000140577,CRTC3,-0.035262085,False
ENSG00000166012,TAF1D,-0.03531182,False
ENSG00000135631,RAB11FIP5,-0.03543139,False
ENSG00000132300,PTCD3,-0.03554267,False
ENSG00000156050,FAM161B,-0.03566599,False
ENSG00000124380,SNRNP27,-0.035709407,False
ENSG00000183978,COA3,-0.035935007,False
ENSG00000131828,PDHA1,-0.03636781,False
ENSG00000150768,DLAT,-0.03638098,False
ENSG00000127540,UQCR11,-0.036844015,False
ENSG00000118855,MFSD1,-0.036859117,False
ENSG00000183864,TOB2,-0.036879886,False
ENSG00000136451,VEZF1,-0.03689166,False
ENSG00000067798,NAV3,-0.037075732,False
ENSG00000145439,CBR4,-0.037140954,False
ENSG00000074416,MGLL,-0.037155244,False
ENSG00000171533,MAP6,-0.037220623,False
ENSG00000004799,PDK4,-0.03730668,False
ENSG00000145335,SNCA,-0.037614126,False
ENSG00000058404,CAMK2B,-0.037735146,False
ENSG00000037474,NSUN2,-0.037745614,False
ENSG00000116171,SCP2,-0.0381203,False
ENSG00000124207,CSE1L,-0.03815788,False
ENSG00000137364,TPMT,-0.038278908,False
ENSG00000144357,UBR3,-0.03842704,False
ENSG00000135916,ITM2C,-0.03844188,False
ENSG00000148948,LRRC4C,-0.03852931,False
ENSG00000139211,AMIGO2,-0.038857825,False
ENSG00000167555,ZNF528,-0.038878236,False
ENSG00000211456,SACM1L,-0.038920015,False
ENSG00000021762,OSBPL5,-0.038943358,False
ENSG00000213593,TMX2,-0.039109834,False
ENSG00000100934,SEC23A,-0.03911989,False
ENSG00000136531,SCN2A,-0.039178897,False
ENSG00000205423,CNEP1R1,-0.03920027,False
ENSG00000132591,ERAL1,-0.039479245,False
ENSG00000147400,CETN2,-0.03964409,False
ENSG00000144867,SRPRB,-0.03965879,False
ENSG00000139180,NDUFA9,-0.039667588,False
ENSG00000066651,TRMT11,-0.039936405,False
ENSG00000138802,SEC24B,-0.039940614,False
ENSG00000177189,RPS6KA3,-0.03995205,False
ENSG00000182902,SLC25A18,-0.04027632,False
ENSG00000176401,EID2B,-0.04049146,False
ENSG00000165487,MICU2,-0.040649276,False
ENSG00000081760,AACS,-0.040889245,False
ENSG00000063046,EIF4B,-0.041193068,False
ENSG00000145864,GABRB2,-0.041302882,False
ENSG00000126088,UROD,-0.041399557,False
ENSG00000177697,CD151,-0.04150856,False
ENSG00000005194,CIAPIN1,-0.04168655,False
ENSG00000087191,PSMC5,-0.04171323,False
ENSG00000137824,RMDN3,-0.041724704,False
ENSG00000160818,GPATCH4,-0.041768212,False
ENSG00000132842,AP3B1,-0.0419719,False
ENSG00000143106,PSMA5,-0.04225074,False
ENSG00000067208,EVI5,-0.042397615,False
ENSG00000166340,TPP1,-0.04249819,False
ENSG00000116679,IVNS1ABP,-0.042605005,False
ENSG00000240583,AQP1,-0.04275043,False
ENSG00000160695,VPS11,-0.042813238,False
ENSG00000163754,GYG1,-0.042841185,False
ENSG00000160716,CHRNB2,-0.04316205,False
ENSG00000118058,KMT2A,-0.043206736,False
ENSG00000185630,PBX1,-0.043405604,False
ENSG00000090905,TNRC6A,-0.043556493,False
ENSG00000158882,TOMM40L,-0.043654013,False
ENSG00000168118,RAB4A,-0.04395045,False
ENSG00000133134,BEX2,-0.044013184,False
ENSG00000135823,STX6,-0.04401845,False
ENSG00000172586,CHCHD1,-0.044270724,False
ENSG00000139163,ETNK1,-0.044349466,False
ENSG00000177311,ZBTB38,-0.044644073,False
ENSG00000119559,C19orf25,-0.044719923,False
ENSG00000107104,KANK1,-0.044736806,False
ENSG00000204843,DCTN1,-0.044754267,False
ENSG00000132467,UTP3,-0.04486093,False
ENSG00000126733,DACH2,-0.04501569,False
ENSG00000054523,KIF1B,-0.045139804,False
ENSG00000158186,MRAS,-0.045140013,False
ENSG00000078967,UBE2D4,-0.045261327,False
ENSG00000143179,UCK2,-0.045335554,False
ENSG00000137414,FAM8A1,-0.045411874,False
ENSG00000062725,APPBP2,-0.0456239,False
ENSG00000176978,DPP7,-0.045696523,False
ENSG00000136938,ANP32B,-0.045818005,False
ENSG00000139116,KIF21A,-0.0459049,False
ENSG00000138095,LRPPRC,-0.04591493,False
ENSG00000168066,SF1,-0.046210784,False
ENSG00000163517,HDAC11,-0.046246838,False
ENSG00000105339,DENND3,-0.0463003,False
ENSG00000087302,RTRAF,-0.04641198,False
ENSG00000163848,ZNF148,-0.04644918,False
ENSG00000084754,HADHA,-0.046594836,False
ENSG00000124155,PIGT,-0.046712264,False
ENSG00000055917,PUM2,-0.046750918,False
ENSG00000116857,TMEM9,-0.046891715,False
ENSG00000125170,DOK4,-0.04692374,False
ENSG00000204217,BMPR2,-0.047004823,False
ENSG00000172667,ZMAT3,-0.047137097,False
ENSG00000158850,B4GALT3,-0.04721641,False
ENSG00000175110,MRPS22,-0.047252934,False
ENSG00000117153,KLHL12,-0.047486566,False
ENSG00000184867,ARMCX2,-0.04762294,False
ENSG00000113312,TTC1,-0.047672704,False
ENSG00000025796,SEC63,-0.0477165,False
ENSG00000157540,DYRK1A,-0.04788964,False
ENSG00000184156,KCNQ3,-0.047988437,False
ENSG00000088833,NSFL1C,-0.048158597,False
ENSG00000143126,CELSR2,-0.048441272,False
ENSG00000131069,ACSS2,-0.04851529,False
ENSG00000004864,SLC25A13,-0.048515487,False
ENSG00000157657,ZNF618,-0.048707385,False
ENSG00000103051,COG4,-0.048777867,False
ENSG00000163444,TMEM183A,-0.04879195,False
ENSG00000163596,ICA1L,-0.048982073,False
ENSG00000184271,POU6F1,-0.049057227,False
ENSG00000141279,NPEPPS,-0.049241137,False
ENSG00000119242,CCDC92,-0.049348023,False
ENSG00000068903,SIRT2,-0.049382847,False
ENSG00000011275,RNF216,-0.049564976,False
ENSG00000148175,STOM,-0.049617715,False
ENSG00000172893,DHCR7,-0.049622633,False
ENSG00000155970,MICU3,-0.049670283,False
ENSG00000103647,CORO2B,-0.049715903,False
ENSG00000082996,RNF13,-0.049802225,False
ENSG00000085872,CHERP,-0.05011079,False
ENSG00000144161,ZC3H8,-0.050210454,False
ENSG00000151292,CSNK1G3,-0.05039868,False
ENSG00000174628,IQCK,-0.050448455,False
ENSG00000157778,PSMG3,-0.05052666,False
ENSG00000106829,TLE4,-0.0506293,False
ENSG00000196405,EVL,-0.050635718,False
ENSG00000085377,PREP,-0.05066116,False
ENSG00000102900,NUP93,-0.050768796,False
ENSG00000169439,SDC2,-0.05081037,False
ENSG00000100280,AP1B1,-0.05086673,False
ENSG00000102409,BEX4,-0.05090455,False
ENSG00000148926,ADM,-0.05100824,False
ENSG00000205279,CTXN3,-0.051083703,False
ENSG00000060709,RIMBP2,-0.051454537,False
ENSG00000162104,ADCY9,-0.05154588,False
ENSG00000141741,MIEN1,-0.051645335,False
ENSG00000204370,SDHD,-0.051734302,False
ENSG00000106682,EIF4H,-0.051777247,False
ENSG00000088808,PPP1R13B,-0.051844053,False
ENSG00000167378,IRGQ,-0.0519844,False
ENSG00000155189,AGPAT5,-0.05201781,False
ENSG00000164167,LSM6,-0.052072905,False
ENSG00000143376,SNX27,-0.052100174,False
ENSG00000097033,SH3GLB1,-0.052239273,False
ENSG00000158321,AUTS2,-0.052310403,False
ENSG00000118733,OLFM3,-0.052505895,False
ENSG00000184432,COPB2,-0.052533098,False
ENSG00000163719,MTMR14,-0.05254745,False
ENSG00000106049,HIBADH,-0.05263643,False
ENSG00000100095,SEZ6L,-0.05278884,False
ENSG00000154917,RAB6B,-0.05303328,False
ENSG00000142875,PRKACB,-0.053113773,False
ENSG00000070501,POLB,-0.053204525,False
ENSG00000132275,RRP8,-0.05330012,False
ENSG00000072954,TMEM38A,-0.053360406,False
ENSG00000196923,PDLIM7,-0.053443674,False
ENSG00000175283,DOLK,-0.053478677,False
ENSG00000163875,MEAF6,-0.05351121,False
ENSG00000113013,HSPA9,-0.05354507,False
ENSG00000022840,RNF10,-0.05365643,False
ENSG00000132341,RAN,-0.053918414,False
ENSG00000165264,NDUFB6,-0.05406891,False
ENSG00000067141,NEO1,-0.054206084,False
ENSG00000174915,PTDSS2,-0.054231927,False
ENSG00000144659,SLC25A38,-0.054564167,False
ENSG00000107295,SH3GL2,-0.054587934,False
ENSG00000153234,NR4A2,-0.054865476,False
ENSG00000197323,TRIM33,-0.054873504,False
ENSG00000151640,DPYSL4,-0.054906636,False
ENSG00000103994,ZNF106,-0.05493124,False
ENSG00000007047,MARK4,-0.054954514,False
ENSG00000114127,XRN1,-0.0551117,False
ENSG00000111276,CDKN1B,-0.055133585,False
ENSG00000197622,CDC42SE1,-0.055190224,False
ENSG00000143702,CEP170,-0.055283826,False
ENSG00000161642,ZNF385A,-0.0555023,False
ENSG00000198689,SLC9A6,-0.055511,False
ENSG00000163811,WDR43,-0.05558228,False
ENSG00000010270,STARD3NL,-0.05565129,False
ENSG00000116147,TNR,-0.055663675,False
ENSG00000175395,ZNF25,-0.055749975,False
ENSG00000135956,TMEM127,-0.055905707,False
ENSG00000116288,PARK7,-0.055994175,False
ENSG00000083750,RRAGB,-0.056122288,False
ENSG00000185477,GPRIN3,-0.056303747,False
ENSG00000163541,SUCLG1,-0.056313932,False
ENSG00000101152,DNAJC5,-0.056394715,False
ENSG00000158941,CCAR2,-0.056517627,False
ENSG00000139531,SUOX,-0.056518298,False
ENSG00000144283,PKP4,-0.05652945,False
ENSG00000175387,SMAD2,-0.056772113,False
ENSG00000205138,SDHAF1,-0.056894314,False
ENSG00000107954,NEURL1,-0.056915354,False
ENSG00000105255,FSD1,-0.05706108,False
ENSG00000136897,MRPL50,-0.057356454,False
ENSG00000130703,OSBPL2,-0.057395913,False
ENSG00000175264,CHST1,-0.05755251,False
ENSG00000075711,DLG1,-0.05756713,False
ENSG00000158716,DUSP23,-0.057627764,False
ENSG00000134153,EMC7,-0.057720687,False
ENSG00000185049,NELFA,-0.057876132,False
ENSG00000166033,HTRA1,-0.057918128,False
ENSG00000065534,MYLK,-0.05813672,False
ENSG00000114054,PCCB,-0.05819817,False
ENSG00000052802,MSMO1,-0.05830528,False
ENSG00000153140,CETN3,-0.05844673,False
ENSG00000143774,GUK1,-0.058550958,False
ENSG00000011009,LYPLA2,-0.058605008,False
ENSG00000106799,TGFBR1,-0.058623888,False
ENSG00000112249,ASCC3,-0.058633395,False
ENSG00000182541,LIMK2,-0.05886246,False
ENSG00000100372,SLC25A17,-0.058960166,False
ENSG00000122335,SERAC1,-0.05896042,False
ENSG00000039319,ZFYVE16,-0.05919197,False
ENSG00000152926,ZNF117,-0.05934053,False
ENSG00000144224,UBXN4,-0.05953347,False
ENSG00000117152,RGS4,-0.059589136,False
ENSG00000119711,ALDH6A1,-0.059602164,False
ENSG00000163902,RPN1,-0.060374655,False
ENSG00000196072,BLOC1S2,-0.060384277,False
ENSG00000063244,U2AF2,-0.06042621,False
ENSG00000163125,RPRD2,-0.060591094,False
ENSG00000154127,UBASH3B,-0.060697958,False
ENSG00000101363,MANBAL,-0.06084723,False
ENSG00000129250,KIF1C,-0.060943827,False
ENSG00000137821,LRRC49,-0.061039843,False
ENSG00000100483,VCPKMT,-0.061204977,False
ENSG00000166747,AP1G1,-0.061568324,False
ENSG00000067955,CBFB,-0.061589636,False
ENSG00000070018,LRP6,-0.06171682,False
ENSG00000163956,LRPAP1,-0.061869096,False
ENSG00000033627,ATP6V0A1,-0.061874248,False
ENSG00000162601,MYSM1,-0.062002905,False
ENSG00000133142,TCEAL4,-0.062265545,False
ENSG00000117481,NSUN4,-0.062341984,False
ENSG00000145555,MYO10,-0.06241723,False
ENSG00000163660,CCNL1,-0.06257491,False
ENSG00000121310,ECHDC2,-0.06259889,False
ENSG00000065491,TBC1D22B,-0.062610924,False
ENSG00000108256,NUFIP2,-0.063038096,False
ENSG00000079332,SAR1A,-0.06323728,False
ENSG00000160551,TAOK1,-0.06328332,False
ENSG00000135250,SRPK2,-0.06332841,False
ENSG00000140367,UBE2Q2,-0.06357072,False
ENSG00000113387,SUB1,-0.063741274,False
ENSG00000170759,KIF5B,-0.063787796,False
ENSG00000169213,RAB3B,-0.06388088,False
ENSG00000135525,MAP7,-0.06392861,False
ENSG00000185818,NAT8L,-0.06409624,False
ENSG00000186020,ZNF529,-0.06413043,False
ENSG00000134644,PUM1,-0.06435853,False
ENSG00000055147,FAM114A2,-0.064690955,False
ENSG00000108094,CUL2,-0.06477111,False
ENSG00000187147,RNF220,-0.064836994,False
ENSG00000072832,CRMP1,-0.06512808,False
ENSG00000125746,EML2,-0.06519183,False
ENSG00000264364,DYNLL2,-0.06538744,False
ENSG00000178301,AQP11,-0.065697744,False
ENSG00000142235,LMTK3,-0.06601721,False
ENSG00000162734,PEA15,-0.06618922,False
ENSG00000136942,RPL35,-0.066230886,False
ENSG00000220205,VAMP2,-0.06629754,False
ENSG00000138311,ZNF365,-0.06630663,False
ENSG00000173272,MZT2A,-0.06654717,False
ENSG00000115993,TRAK2,-0.06674635,False
ENSG00000151491,EPS8,-0.06681512,False
ENSG00000123739,PLA2G12A,-0.06687674,False
ENSG00000254858,MPV17L2,-0.067165256,False
ENSG00000131507,NDFIP1,-0.0674498,False
ENSG00000057935,MTA3,-0.06753666,False
ENSG00000076043,REXO2,-0.067652285,False
ENSG00000086102,NFX1,-0.067778416,False
ENSG00000095787,WAC,-0.067798264,False
ENSG00000130254,SAFB2,-0.06779931,False
ENSG00000197226,TBC1D9B,-0.06789797,False
ENSG00000129353,SLC44A2,-0.06808284,False
ENSG00000139687,RB1,-0.06819466,False
ENSG00000173210,ABLIM3,-0.06824738,False
ENSG00000067533,RRP15,-0.06827665,False
ENSG00000150459,SAP18,-0.06829302,False
ENSG00000158856,DMTN,-0.06840329,False
ENSG00000070081,NUCB2,-0.06843669,False
ENSG00000181704,YIPF6,-0.06851179,False
ENSG00000022355,GABRA1,-0.068669714,False
ENSG00000140259,MFAP1,-0.06890815,False
ENSG00000197860,SGTB,-0.0689433,False
ENSG00000106615,RHEB,-0.069431715,False
ENSG00000166167,BTRC,-0.069559805,False
ENSG00000109472,CPE,-0.06964842,False
ENSG00000105220,GPI,-0.069723904,False
ENSG00000253729,PRKDC,-0.06984751,False
ENSG00000179912,R3HDM2,-0.06991388,False
ENSG00000116254,CHD5,-0.07007106,False
ENSG00000105438,KDELR1,-0.07021417,False
ENSG00000165175,MID1IP1,-0.070254736,False
ENSG00000173068,BNC2,-0.07027145,False
ENSG00000107959,PITRM1,-0.070425056,False
ENSG00000117632,STMN1,-0.07048102,False
ENSG00000120306,CYSTM1,-0.07048235,False
ENSG00000160679,CHTOP,-0.07050938,False
ENSG00000126821,SGPP1,-0.07058183,False
ENSG00000135144,DTX1,-0.07059098,False
ENSG00000164588,HCN1,-0.07064053,False
ENSG00000173786,CNP,-0.070804186,False
ENSG00000129559,NEDD8,-0.07090221,False
ENSG00000127603,MACF1,-0.07095504,False
ENSG00000116649,SRM,-0.071090646,False
ENSG00000180964,TCEAL8,-0.071224615,False
ENSG00000149231,CCDC82,-0.07131794,False
ENSG00000104427,ZC2HC1A,-0.07136441,False
ENSG00000110075,PPP6R3,-0.07149729,False
ENSG00000181991,MRPS11,-0.07153537,False
ENSG00000153253,SCN3A,-0.07157459,False
ENSG00000085871,MGST2,-0.07172352,False
ENSG00000001460,STPG1,-0.071726225,False
ENSG00000153130,SCOC,-0.071818374,False
ENSG00000089154,GCN1,-0.07183779,False
ENSG00000148053,NTRK2,-0.07185931,False
ENSG00000100650,SRSF5,-0.07195354,False
ENSG00000155966,AFF2,-0.07203036,False
ENSG00000156471,PTDSS1,-0.07207329,False
ENSG00000120733,KDM3B,-0.0721508,False
ENSG00000135047,CTSL,-0.07227939,False
ENSG00000189171,S100A13,-0.07231939,False
ENSG00000197111,PCBP2,-0.072406374,False
ENSG00000121871,SLITRK3,-0.07241365,False
ENSG00000149658,YTHDF1,-0.0725752,False
ENSG00000163374,YY1AP1,-0.07258173,False
ENSG00000162736,NCSTN,-0.072747506,False
ENSG00000112640,PPP2R5D,-0.072784066,False
ENSG00000137876,RSL24D1,-0.07283842,False
ENSG00000125510,OPRL1,-0.07285792,False
ENSG00000157637,SLC38A10,-0.072882675,False
ENSG00000132670,PTPRA,-0.07288761,False
ENSG00000120063,GNA13,-0.07293111,False
ENSG00000125304,TM9SF2,-0.07307637,False
ENSG00000166548,TK2,-0.07327369,False
ENSG00000185909,KLHDC8B,-0.07343977,False
ENSG00000164418,GRIK2,-0.073459886,False
ENSG00000163995,ABLIM2,-0.07395861,False
ENSG00000138430,OLA1,-0.073993586,False
ENSG00000127125,PPCS,-0.07399673,False
ENSG00000273079,GRIN2B,-0.07400928,False
ENSG00000179262,RAD23A,-0.07402317,False
ENSG00000103351,CLUAP1,-0.07427047,False
ENSG00000160145,KALRN,-0.074295625,False
ENSG00000120727,PAIP2,-0.07452286,False
ENSG00000137968,SLC44A5,-0.07467289,False
ENSG00000100744,GSKIP,-0.07471952,False
ENSG00000133101,CCNA1,-0.07493397,False
ENSG00000154813,DPH3,-0.07499018,False
ENSG00000010322,NISCH,-0.075030595,False
ENSG00000143164,DCAF6,-0.0752756,False
ENSG00000125818,PSMF1,-0.07540801,False
ENSG00000158615,PPP1R15B,-0.07545057,False
ENSG00000167325,RRM1,-0.07548733,False
ENSG00000167470,MIDN,-0.07562522,False
ENSG00000106701,FSD1L,-0.075699896,False
ENSG00000184905,TCEAL2,-0.07589369,False
ENSG00000165678,GHITM,-0.07592772,False
ENSG00000120837,NFYB,-0.07607961,False
ENSG00000065609,SNAP91,-0.076158084,False
ENSG00000134318,ROCK2,-0.076377265,False
ENSG00000135404,CD63,-0.076411396,False
ENSG00000143314,MRPL24,-0.07656224,False
ENSG00000122417,ODF2L,-0.07662906,False
ENSG00000182054,IDH2,-0.07683526,False
ENSG00000133313,CNDP2,-0.07688229,False
ENSG00000161057,PSMC2,-0.07692777,False
ENSG00000082641,NFE2L1,-0.07693634,False
ENSG00000124214,STAU1,-0.07734238,False
ENSG00000150787,PTS,-0.07743109,False
ENSG00000053770,AP5M1,-0.07754631,False
ENSG00000101972,STAG2,-0.0776373,False
ENSG00000171450,CDK5R2,-0.07765578,False
ENSG00000073803,MAP3K13,-0.077698514,False
ENSG00000134121,CHL1,-0.07788009,False
ENSG00000146938,NLGN4X,-0.07794557,False
ENSG00000103502,CDIPT,-0.078027956,False
ENSG00000176887,SOX11,-0.07804057,False
ENSG00000141425,RPRD1A,-0.07824021,False
ENSG00000099904,ZDHHC8,-0.078371026,False
ENSG00000122085,MTERF4,-0.07849557,False
ENSG00000116199,FAM20B,-0.078585915,False
ENSG00000163625,WDFY3,-0.078609556,False
ENSG00000144834,TAGLN3,-0.07863149,False
ENSG00000185803,SLC52A2,-0.078649774,False
ENSG00000077235,GTF3C1,-0.07893596,False
ENSG00000187094,CCK,-0.079066366,False
ENSG00000185009,AP3M1,-0.07955684,False
ENSG00000176407,KCMF1,-0.0796471,False
ENSG00000093183,SEC22C,-0.079684645,False
ENSG00000063245,EPN1,-0.079814084,False
ENSG00000047315,POLR2B,-0.07985092,False
ENSG00000044115,CTNNA1,-0.08003581,False
ENSG00000138777,PPA2,-0.08017879,False
ENSG00000198162,MAN1A2,-0.080223,False
ENSG00000171858,RPS21,-0.08031234,False
ENSG00000173230,GOLGB1,-0.08044957,False
ENSG00000182134,TDRKH,-0.080521904,False
ENSG00000122574,WIPF3,-0.080537766,False
ENSG00000079739,PGM1,-0.08059484,False
ENSG00000108528,SLC25A11,-0.08063847,False
ENSG00000035928,RFC1,-0.0807862,False
ENSG00000160469,BRSK1,-0.08092474,False
ENSG00000164985,PSIP1,-0.080928795,False
ENSG00000174165,ZDHHC24,-0.0810466,False
ENSG00000148444,COMMD3,-0.08104687,False
ENSG00000106263,EIF3B,-0.08120063,False
ENSG00000141644,MBD1,-0.081265956,False
ENSG00000115073,ACTR1B,-0.08126986,False
ENSG00000136856,SLC2A8,-0.081340715,False
ENSG00000149657,LSM14B,-0.0814152,False
ENSG00000184203,PPP1R2,-0.08143662,False
ENSG00000165219,GAPVD1,-0.081488766,False
ENSG00000144635,DYNC1LI1,-0.0815225,False
ENSG00000106692,FKTN,-0.081572436,False
ENSG00000171298,GAA,-0.08167151,False
ENSG00000119541,VPS4B,-0.08168709,False
ENSG00000134982,APC,-0.08173902,False
ENSG00000153827,TRIP12,-0.08206225,False
ENSG00000158793,NIT1,-0.08213328,False
ENSG00000077549,CAPZB,-0.08225786,False
ENSG00000071575,TRIB2,-0.082635656,False
ENSG00000198382,UVRAG,-0.082769044,False
ENSG00000002746,HECW1,-0.082842164,False
ENSG00000122778,KIAA1549,-0.08285309,False
ENSG00000160191,PDE9A,-0.082976036,False
ENSG00000141503,MINK1,-0.08319703,False
ENSG00000067704,IARS2,-0.08327857,False
ENSG00000147955,SIGMAR1,-0.08350346,False
ENSG00000026652,AGPAT4,-0.08352632,False
ENSG00000111802,TDP2,-0.083594255,False
ENSG00000144580,CNOT9,-0.08362192,False
ENSG00000146085,MMUT,-0.08363796,False
ENSG00000129657,SEC14L1,-0.0837437,False
ENSG00000093000,NUP50,-0.083873115,False
ENSG00000124406,ATP8A1,-0.08395805,False
ENSG00000111110,PPM1H,-0.084013104,False
ENSG00000130294,KIF1A,-0.08401453,False
ENSG00000078549,ADCYAP1R1,-0.08416892,False
ENSG00000106993,CDC37L1,-0.084273234,False
ENSG00000142230,SAE1,-0.08433733,False
ENSG00000129562,DAD1,-0.08436705,False
ENSG00000011566,MAP4K3,-0.08442721,False
ENSG00000119013,NDUFB3,-0.08442903,False
ENSG00000144645,OSBPL10,-0.08445203,False
ENSG00000166337,TAF10,-0.084488206,False
ENSG00000092201,SUPT16H,-0.08450182,False
ENSG00000129116,PALLD,-0.08461919,False
ENSG00000084764,MAPRE3,-0.08463635,False
ENSG00000091039,OSBPL8,-0.08502043,False
ENSG00000130985,UBA1,-0.08512941,False
ENSG00000163536,SERPINI1,-0.08522704,False
ENSG00000133884,DPF2,-0.085312456,False
ENSG00000119537,KDSR,-0.08532324,False
ENSG00000054983,GALC,-0.085511826,False
ENSG00000174953,DHX36,-0.085585766,False
ENSG00000132718,SYT11,-0.08560524,False
ENSG00000163453,IGFBP7,-0.08563091,False
ENSG00000165572,KBTBD6,-0.08563781,False
ENSG00000113441,LNPEP,-0.08588062,False
ENSG00000080493,SLC4A4,-0.08616204,False
ENSG00000124802,EEF1E1,-0.08638388,False
ENSG00000159459,UBR1,-0.08641393,False
ENSG00000181610,MRPS23,-0.08651141,False
ENSG00000154359,LONRF1,-0.08656947,False
ENSG00000196950,SLC39A10,-0.08657031,False
ENSG00000138757,G3BP2,-0.08665096,False
ENSG00000111642,CHD4,-0.08691094,False
ENSG00000197956,S100A6,-0.08715167,False
ENSG00000119953,SMNDC1,-0.08722396,False
ENSG00000168772,CXXC4,-0.08730707,False
ENSG00000117602,RCAN3,-0.08745627,False
ENSG00000172007,RAB33B,-0.08769501,False
ENSG00000100321,SYNGR1,-0.08770842,False
ENSG00000104687,GSR,-0.087908216,False
ENSG00000160087,UBE2J2,-0.08798695,False
ENSG00000099814,CEP170B,-0.08807359,False
ENSG00000240694,PNMA2,-0.088091776,False
ENSG00000083720,OXCT1,-0.088156275,False
ENSG00000157500,APPL1,-0.08822203,False
ENSG00000140939,NOL3,-0.08823772,False
ENSG00000172201,ID4,-0.08867215,False
ENSG00000103034,NDRG4,-0.08881708,False
ENSG00000158258,CLSTN2,-0.08907213,False
ENSG00000117713,ARID1A,-0.08924184,False
ENSG00000163832,ELP6,-0.0892752,False
ENSG00000138785,INTS12,-0.08934558,False
ENSG00000137871,ZNF280D,-0.089353144,False
ENSG00000113621,TXNDC15,-0.08958518,False
ENSG00000148840,PPRC1,-0.08963463,False
ENSG00000168495,POLR3D,-0.089636415,False
ENSG00000143147,GPR161,-0.08976623,False
ENSG00000155957,TMBIM4,-0.08977781,False
ENSG00000103540,CCP110,-0.08978674,False
ENSG00000156304,SCAF4,-0.08987284,False
ENSG00000103064,SLC7A6,-0.090002656,False
ENSG00000157064,NMNAT2,-0.09000875,False
ENSG00000068078,FGFR3,-0.09003966,False
ENSG00000160688,FLAD1,-0.09018432,False
ENSG00000179950,PUF60,-0.09029819,False
ENSG00000108312,UBTF,-0.09042911,False
ENSG00000183023,SLC8A1,-0.09047455,False
ENSG00000142453,CARM1,-0.09051495,False
ENSG00000178952,TUFM,-0.090755396,False
ENSG00000117118,SDHB,-0.090784386,False
ENSG00000138413,IDH1,-0.09081998,False
ENSG00000198315,ZKSCAN8,-0.09092814,False
ENSG00000184831,APOO,-0.09131382,False
ENSG00000118965,WDR35,-0.09147276,False
ENSG00000048707,VPS13D,-0.0916546,False
ENSG00000075415,SLC25A3,-0.0917331,False
ENSG00000168743,NPNT,-0.09176667,False
ENSG00000111261,MANSC1,-0.091790386,False
ENSG00000186001,LRCH3,-0.09197321,False
ENSG00000146281,PM20D2,-0.0922576,False
ENSG00000115808,STRN,-0.092421986,False
ENSG00000127445,PIN1,-0.09242454,False
ENSG00000100612,DHRS7,-0.092436925,False
ENSG00000078304,PPP2R5C,-0.092592336,False
ENSG00000050748,MAPK9,-0.09266806,False
ENSG00000154065,ANKRD29,-0.09269531,False
ENSG00000159322,ADPGK,-0.09300146,False
ENSG00000117222,RBBP5,-0.09321836,False
ENSG00000082269,FAM135A,-0.09359402,False
ENSG00000113742,CPEB4,-0.09380952,False
ENSG00000106665,CLIP2,-0.09383232,False
ENSG00000082014,SMARCD3,-0.09386762,False
ENSG00000110274,CEP164,-0.09391099,False
ENSG00000107758,PPP3CB,-0.0939967,False
ENSG00000115514,TXNDC9,-0.09406109,False
ENSG00000025039,RRAGD,-0.09413077,False
ENSG00000186665,C17orf58,-0.094247125,False
ENSG00000101350,KIF3B,-0.09467636,False
ENSG00000153904,DDAH1,-0.094746865,False
ENSG00000155229,MMS19,-0.09475147,False
ENSG00000185800,DMWD,-0.094843514,False
ENSG00000088247,KHSRP,-0.09502402,False
ENSG00000086015,MAST2,-0.095216274,False
ENSG00000170448,NFXL1,-0.09553216,False
ENSG00000197217,ENTPD4,-0.09566619,False
ENSG00000131495,NDUFA2,-0.09569519,False
ENSG00000162174,ASRGL1,-0.096185796,False
ENSG00000162889,MAPKAPK2,-0.09621196,False
ENSG00000186660,ZFP91,-0.09621528,False
ENSG00000237515,SHISA9,-0.096243516,False
ENSG00000111237,VPS29,-0.096345216,False
ENSG00000167770,OTUB1,-0.0964142,False
ENSG00000105171,POP4,-0.09656127,False
ENSG00000072062,PRKACA,-0.096629694,False
ENSG00000110046,ATG2A,-0.096634045,False
ENSG00000157895,C12orf43,-0.09674588,False
ENSG00000105325,FZR1,-0.09796271,False
ENSG00000148408,CACNA1B,-0.09809695,False
ENSG00000167778,SPRYD3,-0.09829633,False
ENSG00000177542,SLC25A22,-0.098394796,False
ENSG00000072778,ACADVL,-0.09858123,False
ENSG00000127184,COX7C,-0.09900128,False
ENSG00000169189,NSMCE1,-0.09924446,False
ENSG00000127334,DYRK2,-0.09947583,False
ENSG00000167680,SEMA6B,-0.09950245,False
ENSG00000110911,SLC11A2,-0.09957556,False
ENSG00000168522,FNTA,-0.09965009,False
ENSG00000105258,POLR2I,-0.0997953,False
ENSG00000155816,FMN2,-0.099909596,False
ENSG00000133703,KRAS,-0.09991499,False
ENSG00000139132,FGD4,-0.10025733,False
ENSG00000115464,USP34,-0.10032185,False
ENSG00000129472,RAB2B,-0.100559354,False
ENSG00000197150,ABCB8,-0.10059305,False
ENSG00000112200,ZNF451,-0.10069456,False
ENSG00000117592,PRDX6,-0.100716025,False
ENSG00000147650,LRP12,-0.100924954,False
ENSG00000136828,RALGPS1,-0.1010017,False
ENSG00000166557,TMED3,-0.10102468,False
ENSG00000105771,SMG9,-0.101182565,False
ENSG00000146267,FAXC,-0.10139867,False
ENSG00000012983,MAP4K5,-0.10146047,False
ENSG00000089006,SNX5,-0.101489834,False
ENSG00000156599,ZDHHC5,-0.101624444,False
ENSG00000145920,CPLX2,-0.101627395,False
ENSG00000163393,SLC22A15,-0.10172076,False
ENSG00000184182,UBE2F,-0.10184586,False
ENSG00000170011,MYRIP,-0.10189906,False
ENSG00000188342,GTF2F2,-0.10196081,False
ENSG00000182446,NPLOC4,-0.10199108,False
ENSG00000115364,MRPL19,-0.10213623,False
ENSG00000103264,FBXO31,-0.10244204,False
ENSG00000166257,SCN3B,-0.10251844,False
ENSG00000126947,ARMCX1,-0.10255467,False
ENSG00000152223,EPG5,-0.10273693,False
ENSG00000124789,NUP153,-0.10274368,False
ENSG00000206418,RAB12,-0.10301131,False
ENSG00000115306,SPTBN1,-0.10310455,False
ENSG00000121057,AKAP1,-0.10316155,False
ENSG00000157837,SPPL3,-0.10326629,False
ENSG00000135164,DMTF1,-0.10336186,False
ENSG00000198478,SH3BGRL2,-0.10337129,False
ENSG00000169490,TM2D2,-0.10344909,False
ENSG00000102241,HTATSF1,-0.1036041,False
ENSG00000148572,NRBF2,-0.103681065,False
ENSG00000166902,MRPL16,-0.103690505,False
ENSG00000141252,VPS53,-0.10381426,False
ENSG00000141668,CBLN2,-0.10388539,False
ENSG00000100239,PPP6R2,-0.1039353,False
ENSG00000196220,SRGAP3,-0.1041112,False
ENSG00000198915,RASGEF1A,-0.10413265,False
ENSG00000066777,ARFGEF1,-0.104252085,False
ENSG00000179222,MAGED1,-0.104316525,False
ENSG00000150401,DCUN1D2,-0.10451823,False
ENSG00000072858,SIDT1,-0.10466766,False
ENSG00000115875,SRSF7,-0.10478304,False
ENSG00000128590,DNAJB9,-0.10479863,False
ENSG00000110851,PRDM4,-0.10484885,False
ENSG00000167861,HID1,-0.104881495,False
ENSG00000164031,DNAJB14,-0.10494548,False
ENSG00000136875,PRPF4,-0.10496042,False
ENSG00000132912,DCTN4,-0.10524821,False
ENSG00000142082,SIRT3,-0.10545271,False
ENSG00000149575,SCN2B,-0.10573525,False
ENSG00000145545,SRD5A1,-0.10573917,False
ENSG00000188706,ZDHHC9,-0.105759054,False
ENSG00000112697,TMEM30A,-0.10589052,False
ENSG00000137547,MRPL15,-0.10611921,False
ENSG00000123384,LRP1,-0.10630669,False
ENSG00000133985,TTC9,-0.10633706,False
ENSG00000132434,LANCL2,-0.10638791,False
ENSG00000139112,GABARAPL1,-0.1064873,False
ENSG00000183530,PRR14L,-0.10656894,False
ENSG00000063176,SPHK2,-0.10668685,False
ENSG00000115350,POLE4,-0.106740035,False
ENSG00000163904,SENP2,-0.106765375,False
ENSG00000148358,GPR107,-0.10704876,False
ENSG00000104381,GDAP1,-0.107065186,False
ENSG00000021355,SERPINB1,-0.1073436,False
ENSG00000075142,SRI,-0.10737133,False
ENSG00000129351,ILF3,-0.10757514,False
ENSG00000107957,SH3PXD2A,-0.10774775,False
ENSG00000031823,RANBP3,-0.108023964,False
ENSG00000197170,PSMD12,-0.10804993,False
ENSG00000185567,AHNAK2,-0.10808741,False
ENSG00000169251,NMD3,-0.10829844,False
ENSG00000001461,NIPAL3,-0.10840451,False
ENSG00000139197,PEX5,-0.108421534,False
ENSG00000119138,KLF9,-0.10844703,False
ENSG00000091157,WDR7,-0.10869848,False
ENSG00000144827,ABHD10,-0.10878069,False
ENSG00000153774,CFDP1,-0.108808585,False
ENSG00000164604,GPR85,-0.108818926,False
ENSG00000170881,RNF139,-0.10899706,False
ENSG00000167552,TUBA1A,-0.10901929,False
ENSG00000196655,TRAPPC4,-0.10914736,False
ENSG00000178982,EIF3K,-0.109157264,False
ENSG00000075151,EIF4G3,-0.10934809,False
ENSG00000171953,ATPAF2,-0.10937571,False
ENSG00000069345,DNAJA2,-0.10938341,False
ENSG00000115310,RTN4,-0.10939529,False
ENSG00000114867,EIF4G1,-0.10948958,False
ENSG00000196116,TDRD7,-0.10949131,False
ENSG00000008283,CYB561,-0.10969561,False
ENSG00000054282,SDCCAG8,-0.10999597,False
ENSG00000126216,TUBGCP3,-0.11000458,False
ENSG00000124541,RRP36,-0.11021375,False
ENSG00000025156,HSF2,-0.11022031,False
ENSG00000164258,NDUFS4,-0.11038089,False
ENSG00000101150,TPD52L2,-0.11042939,False
ENSG00000014824,SLC30A9,-0.11068423,False
ENSG00000180398,MCFD2,-0.11114638,False
ENSG00000257923,CUX1,-0.11123488,False
ENSG00000164615,CAMLG,-0.11127905,False
ENSG00000198046,ZNF667,-0.11157092,False
ENSG00000172809,RPL38,-0.11158882,False
ENSG00000163634,THOC7,-0.111717016,False
ENSG00000150347,ARID5B,-0.111862145,False
ENSG00000004897,CDC27,-0.11204502,False
ENSG00000214944,ARHGEF28,-0.11205268,False
ENSG00000101752,MIB1,-0.11210045,False
ENSG00000198258,UBL5,-0.112231076,False
ENSG00000117114,ADGRL2,-0.112388246,False
ENSG00000110497,AMBRA1,-0.112554856,False
ENSG00000116001,TIA1,-0.112766325,False
ENSG00000173406,DAB1,-0.11285328,False
ENSG00000125124,BBS2,-0.11288266,False
ENSG00000171004,HS6ST2,-0.11290149,False
ENSG00000111275,ALDH2,-0.11292238,False
ENSG00000196715,VKORC1L1,-0.11322356,False
ENSG00000169826,CSGALNACT2,-0.11325761,False
ENSG00000101290,CDS2,-0.11329431,False
ENSG00000177646,ACAD9,-0.11334474,False
ENSG00000102100,SLC35A2,-0.11351346,False
ENSG00000171703,TCEA2,-0.11354292,False
ENSG00000053524,MCF2L2,-0.11355615,False
ENSG00000099219,ERMP1,-0.11367723,False
ENSG00000102471,NDFIP2,-0.11370507,False
ENSG00000170340,B3GNT2,-0.11372254,False
ENSG00000127947,PTPN12,-0.113884486,False
ENSG00000108799,EZH1,-0.11392566,False
ENSG00000123091,RNF11,-0.113971874,False
ENSG00000157613,CREB3L1,-0.114109136,False
ENSG00000168092,PAFAH1B2,-0.11412874,False
ENSG00000198934,MAGEE1,-0.11457416,False
ENSG00000010295,IFFO1,-0.11465505,False
ENSG00000100216,TOMM22,-0.114878275,False
ENSG00000167972,ABCA3,-0.115085065,False
ENSG00000167291,TBC1D16,-0.11555415,False
ENSG00000171862,PTEN,-0.11571507,False
ENSG00000174106,LEMD3,-0.11610175,False
ENSG00000185624,P4HB,-0.11624794,False
ENSG00000121741,ZMYM2,-0.116360694,False
ENSG00000155755,TMEM237,-0.11646529,False
ENSG00000152465,NMT2,-0.11660715,False
ENSG00000156467,UQCRB,-0.11688384,False
ENSG00000109929,SC5D,-0.1173186,False
ENSG00000164176,EDIL3,-0.11733068,False
ENSG00000164405,UQCRQ,-0.11736468,False
ENSG00000118496,FBXO30,-0.117549196,False
ENSG00000009844,VTA1,-0.11758208,False
ENSG00000165832,TRUB1,-0.11795851,False
ENSG00000168216,LMBRD1,-0.11811637,False
ENSG00000099817,POLR2E,-0.118131496,False
ENSG00000175203,DCTN2,-0.118159585,False
ENSG00000131791,PRKAB2,-0.118401445,False
ENSG00000167632,TRAPPC9,-0.11884553,False
ENSG00000092978,GPATCH2,-0.11892158,False
ENSG00000167004,PDIA3,-0.11905321,False
ENSG00000007392,LUC7L,-0.11909977,False
ENSG00000140374,ETFA,-0.11919614,False
ENSG00000198853,RUSC2,-0.1192843,False
ENSG00000101596,SMCHD1,-0.119445376,False
ENSG00000136319,TTC5,-0.1195103,False
ENSG00000102038,SMARCA1,-0.11952922,False
ENSG00000117139,KDM5B,-0.11971206,False
ENSG00000107021,TBC1D13,-0.119852506,False
ENSG00000136870,ZNF189,-0.12012612,False
ENSG00000006831,ADIPOR2,-0.12016157,False
ENSG00000158470,B4GALT5,-0.12034658,False
ENSG00000161203,AP2M1,-0.12043247,False
ENSG00000116120,FARSB,-0.12051719,False
ENSG00000126861,OMG,-0.12052059,False
ENSG00000138760,SCARB2,-0.120788656,False
ENSG00000119185,ITGB1BP1,-0.12082509,False
ENSG00000073008,PVR,-0.120878994,False
ENSG00000165861,ZFYVE1,-0.12100313,False
ENSG00000124104,SNX21,-0.12101577,False
ENSG00000078295,ADCY2,-0.121250615,False
ENSG00000105819,PMPCB,-0.12140271,False
ENSG00000138326,RPS24,-0.1214388,False
ENSG00000169139,UBE2V2,-0.12145651,False
ENSG00000215475,SIAH3,-0.12146939,False
ENSG00000143753,DEGS1,-0.12157238,False
ENSG00000153956,CACNA2D1,-0.12161149,False
ENSG00000196132,MYT1,-0.12168495,False
ENSG00000067836,ROGDI,-0.12183585,False
ENSG00000110074,FOXRED1,-0.12183642,False
ENSG00000183624,HMCES,-0.12184919,False
ENSG00000113504,SLC12A7,-0.12219895,False
ENSG00000137288,UQCC2,-0.12232708,False
ENSG00000153132,CLGN,-0.12239695,False
ENSG00000166037,CEP57,-0.12255776,False
ENSG00000112282,MED23,-0.12257439,False
ENSG00000109572,CLCN3,-0.12289059,False
ENSG00000116489,CAPZA1,-0.12295917,False
ENSG00000100413,POLR3H,-0.12322919,False
ENSG00000108582,CPD,-0.12338612,False
ENSG00000161217,PCYT1A,-0.123434655,False
ENSG00000167671,UBXN6,-0.123447075,False
ENSG00000130559,CAMSAP1,-0.12371832,False
ENSG00000168502,MTCL1,-0.12381867,False
ENSG00000115966,ATF2,-0.12386393,False
ENSG00000135744,AGT,-0.12415588,False
ENSG00000164114,MAP9,-0.12419976,False
ENSG00000075043,KCNQ2,-0.12439882,False
ENSG00000167074,TEF,-0.12444916,False
ENSG00000154945,ANKRD40,-0.12457763,False
ENSG00000198947,DMD,-0.12459361,False
ENSG00000181789,COPG1,-0.124609835,False
ENSG00000183597,TANGO2,-0.1246402,False
ENSG00000232859,LYRM9,-0.12493532,False
ENSG00000102119,EMD,-0.12521334,False
ENSG00000164466,SFXN1,-0.12524246,False
ENSG00000079462,PAFAH1B3,-0.12524804,False
ENSG00000112308,C6orf62,-0.12535998,False
ENSG00000135932,CAB39,-0.12590772,False
ENSG00000108587,GOSR1,-0.12620567,False
ENSG00000099341,PSMD8,-0.12626866,False
ENSG00000106605,BLVRA,-0.12642539,False
ENSG00000157851,DPYSL5,-0.12657404,False
ENSG00000132563,REEP2,-0.12657425,False
ENSG00000137168,PPIL1,-0.1269972,False
ENSG00000186566,GPATCH8,-0.1271376,False
ENSG00000170231,FABP6,-0.12714796,False
ENSG00000132155,RAF1,-0.12718959,False
ENSG00000099194,SCD,-0.12727664,False
ENSG00000168883,USP39,-0.12731002,False
ENSG00000141385,AFG3L2,-0.1273446,False
ENSG00000101189,MRGBP,-0.12739684,False
ENSG00000005812,FBXL3,-0.12745653,False
ENSG00000064313,TAF2,-0.12761387,False
ENSG00000143256,PFDN2,-0.1276168,False
ENSG00000129071,MBD4,-0.12767732,False
ENSG00000132383,RPA1,-0.12775418,False
ENSG00000198898,CAPZA2,-0.12785418,False
ENSG00000125247,TMTC4,-0.12800221,False
ENSG00000085382,HACE1,-0.12813646,False
ENSG00000118160,SLC8A2,-0.12825851,False
ENSG00000213079,SCAF8,-0.12827028,False
ENSG00000166111,SVOP,-0.12834561,False
ENSG00000101391,CDK5RAP1,-0.12865447,False
ENSG00000100505,TRIM9,-0.1287137,False
ENSG00000104164,BLOC1S6,-0.1287494,False
ENSG00000135862,LAMC1,-0.12875283,False
ENSG00000167881,SRP68,-0.12896396,False
ENSG00000104412,EMC2,-0.12927344,False
ENSG00000104765,BNIP3L,-0.12955435,False
ENSG00000104695,PPP2CB,-0.12959003,False
ENSG00000163214,DHX57,-0.1298671,False
ENSG00000117479,SLC19A2,-0.1300633,False
ENSG00000204977,TRIM13,-0.13007985,False
ENSG00000167535,CACNB3,-0.13019489,False
ENSG00000119865,CNRIP1,-0.13031468,False
ENSG00000143799,PARP1,-0.13036306,False
ENSG00000121390,PSPC1,-0.13082261,False
ENSG00000186432,KPNA4,-0.13103989,False
ENSG00000178761,FAM219B,-0.13144256,False
ENSG00000261115,TMEM178B,-0.13156913,False
ENSG00000182154,MRPL41,-0.13157234,False
ENSG00000074527,NTN4,-0.13177791,False
ENSG00000145919,BOD1,-0.13192403,False
ENSG00000137806,NDUFAF1,-0.13205823,False
ENSG00000078668,VDAC3,-0.13218848,False
ENSG00000118680,MYL12B,-0.13243562,False
ENSG00000108443,RPS6KB1,-0.13249996,False
ENSG00000092931,MFSD11,-0.13270207,False
ENSG00000144306,SCRN3,-0.13295864,False
ENSG00000253352,TUG1,-0.13314696,False
ENSG00000137075,RNF38,-0.13321646,False
ENSG00000125967,NECAB3,-0.13326828,False
ENSG00000138074,SLC5A6,-0.13334233,False
ENSG00000109103,UNC119,-0.1335169,False
ENSG00000144674,GOLGA4,-0.13353528,False
ENSG00000138639,ARHGAP24,-0.13356902,False
ENSG00000109184,DCUN1D4,-0.13377562,False
ENSG00000164054,SHISA5,-0.1342171,False
ENSG00000164022,AIMP1,-0.13428485,False
ENSG00000071889,FAM3A,-0.13437636,False
ENSG00000141298,SSH2,-0.13439786,False
ENSG00000152127,MGAT5,-0.13447966,False
ENSG00000167515,TRAPPC2L,-0.13452043,False
ENSG00000155252,PI4K2A,-0.13461965,False
ENSG00000079841,RIMS1,-0.13482988,False
ENSG00000108061,SHOC2,-0.13502777,False
ENSG00000123106,CCDC91,-0.13558424,False
ENSG00000085998,POMGNT1,-0.13580813,False
ENSG00000165644,COMTD1,-0.13595863,False
ENSG00000134265,NAPG,-0.13606496,False
ENSG00000128524,ATP6V1F,-0.13613139,False
ENSG00000116675,DNAJC6,-0.13614345,False
ENSG00000119414,PPP6C,-0.13614872,False
ENSG00000114923,SLC4A3,-0.13620716,False
ENSG00000136802,LRRC8A,-0.1363401,False
ENSG00000060718,COL11A1,-0.13644448,False
ENSG00000155463,OXA1L,-0.13650446,False
ENSG00000188674,C2orf80,-0.1368492,False
ENSG00000186908,ZDHHC17,-0.13688397,False
ENSG00000127616,SMARCA4,-0.13692729,False
ENSG00000104320,NBN,-0.13697125,False
ENSG00000111832,RWDD1,-0.13722207,False
ENSG00000131171,SH3BGRL,-0.13749497,False
ENSG00000165704,HPRT1,-0.13764498,False
ENSG00000061938,TNK2,-0.13773276,False
ENSG00000130449,ZSWIM6,-0.13779181,False
ENSG00000167657,DAPK3,-0.13808353,False
ENSG00000125351,UPF3B,-0.13814184,False
ENSG00000106443,PHF14,-0.13817643,False
ENSG00000068650,ATP11A,-0.13818172,False
ENSG00000136717,BIN1,-0.1385074,False
ENSG00000113141,IK,-0.13870287,False
ENSG00000110076,NRXN2,-0.13873954,False
ENSG00000116918,TSNAX,-0.1388063,False
ENSG00000137449,CPEB2,-0.13881595,False
ENSG00000115295,CLIP4,-0.13886644,False
ENSG00000102189,EEA1,-0.13889748,False
ENSG00000175782,SLC35E3,-0.1392694,False
ENSG00000112893,MAN2A1,-0.13927373,False
ENSG00000125629,INSIG2,-0.13933086,False
ENSG00000197444,OGDHL,-0.13949786,False
ENSG00000213625,LEPROT,-0.1397174,False
ENSG00000185340,GAS2L1,-0.13973886,False
ENSG00000183741,CBX6,-0.13979419,False
ENSG00000178951,ZBTB7A,-0.13986513,False
ENSG00000131437,KIF3A,-0.1399737,False
ENSG00000184117,NIPSNAP1,-0.13997974,False
ENSG00000204128,C2orf72,-0.13998929,False
ENSG00000134900,TPP2,-0.140003,False
ENSG00000100029,PES1,-0.14002919,False
ENSG00000137393,RNF144B,-0.14028856,False
ENSG00000109738,GLRB,-0.14045101,False
ENSG00000144401,METTL21A,-0.14050293,False
ENSG00000143621,ILF2,-0.14091808,False
ENSG00000136068,FLNB,-0.14107712,False
ENSG00000174132,FAM174A,-0.1414758,False
ENSG00000151729,SLC25A4,-0.1416355,False
ENSG00000012232,EXTL3,-0.14186895,False
ENSG00000118985,ELL2,-0.14188948,False
ENSG00000135535,CD164,-0.141947,False
ENSG00000015532,XYLT2,-0.1420999,False
ENSG00000163349,HIPK1,-0.14234072,False
ENSG00000136738,STAM,-0.14242686,False
ENSG00000137563,GGH,-0.14245573,False
ENSG00000148180,GSN,-0.14271012,False
ENSG00000115944,COX7A2L,-0.14284128,False
ENSG00000130779,CLIP1,-0.14302942,False
ENSG00000147099,HDAC8,-0.14377372,False
ENSG00000063322,MED29,-0.14387403,False
ENSG00000082497,SERTAD4,-0.14421058,False
ENSG00000164609,SLU7,-0.1442421,False
ENSG00000077721,UBE2A,-0.14448519,False
ENSG00000113161,HMGCR,-0.14479981,False
ENSG00000183255,PTTG1IP,-0.14480199,False
ENSG00000138035,PNPT1,-0.14502165,False
ENSG00000165916,PSMC3,-0.14517139,False
ENSG00000165868,HSPA12A,-0.14524627,False
ENSG00000116473,RAP1A,-0.14525902,False
ENSG00000144840,RABL3,-0.1453563,False
ENSG00000174886,NDUFA11,-0.14582898,False
ENSG00000084693,AGBL5,-0.14583483,False
ENSG00000171155,C1GALT1C1,-0.14589119,False
ENSG00000067064,IDI1,-0.14608088,False
ENSG00000170113,NIPA1,-0.14609903,False
ENSG00000114686,MRPL3,-0.14616969,False
ENSG00000084623,EIF3I,-0.14618777,False
ENSG00000175470,PPP2R2D,-0.14690995,False
ENSG00000164066,INTU,-0.1471471,False
ENSG00000161021,MAML1,-0.14719063,False
ENSG00000168291,PDHB,-0.14767754,False
ENSG00000070413,DGCR2,-0.14769647,False
ENSG00000189180,ZNF33A,-0.1477925,False
ENSG00000157916,RER1,-0.1480756,False
ENSG00000073464,CLCN4,-0.14809716,False
ENSG00000170471,RALGAPB,-0.14827004,False
ENSG00000244462,RBM12,-0.14839412,False
ENSG00000139343,SNRPF,-0.14855573,False
ENSG00000135070,ISCA1,-0.14864059,False
ENSG00000159840,ZYX,-0.1488393,False
ENSG00000177963,RIC8A,-0.1492777,False
ENSG00000164742,ADCY1,-0.1493218,False
ENSG00000134758,RNF138,-0.14935029,False
ENSG00000138107,ACTR1A,-0.15000808,False
ENSG00000179542,SLITRK4,-0.1501955,False
ENSG00000155093,PTPRN2,-0.15020947,False
ENSG00000185104,FAF1,-0.1502398,False
ENSG00000165338,HECTD2,-0.1504575,False
ENSG00000165732,DDX21,-0.15062542,False
ENSG00000147224,PRPS1,-0.150788,False
ENSG00000122550,KLHL7,-0.15090816,False
ENSG00000104093,DMXL2,-0.15125066,False
ENSG00000085733,CTTN,-0.15135184,False
ENSG00000106733,NMRK1,-0.15135856,False
ENSG00000148154,UGCG,-0.15148227,False
ENSG00000205339,IPO7,-0.15148953,False
ENSG00000185246,PRPF39,-0.15169904,False
ENSG00000174437,ATP2A2,-0.15174307,False
ENSG00000157625,TAB3,-0.1518641,False
ENSG00000198836,OPA1,-0.15190169,False
ENSG00000110422,HIPK3,-0.15192102,False
ENSG00000016864,GLT8D1,-0.15196942,False
ENSG00000196459,TRAPPC2,-0.15199663,False
ENSG00000118402,ELOVL4,-0.15202238,False
ENSG00000114805,PLCH1,-0.15203027,False
ENSG00000132963,POMP,-0.15219642,False
ENSG00000176102,CSTF3,-0.15224522,False
ENSG00000128266,GNAZ,-0.15231328,False
ENSG00000131016,AKAP12,-0.1523826,False
ENSG00000170419,VSTM2A,-0.15268989,False
ENSG00000237765,FAM200B,-0.15273622,False
ENSG00000100605,ITPK1,-0.15274423,False
ENSG00000184277,TM2D3,-0.1527812,False
ENSG00000103018,CYB5B,-0.15289126,False
ENSG00000112339,HBS1L,-0.15296105,False
ENSG00000125977,EIF2S2,-0.15298252,False
ENSG00000130340,SNX9,-0.15299581,False
ENSG00000112996,MRPS30,-0.1530107,False
ENSG00000168172,HOOK3,-0.15325049,False
ENSG00000174748,RPL15,-0.15339732,False
ENSG00000067560,RHOA,-0.15353721,False
ENSG00000065183,WDR3,-0.15365529,False
ENSG00000180694,TMEM64,-0.15377982,False
ENSG00000023228,NDUFS1,-0.15394536,False
ENSG00000091009,RBM27,-0.15402712,False
ENSG00000152332,UHMK1,-0.15403551,False
ENSG00000148229,POLE3,-0.15421158,False
ENSG00000160294,MCM3AP,-0.15429926,False
ENSG00000204237,OXLD1,-0.15430957,False
ENSG00000129480,DTD2,-0.15435432,False
ENSG00000179915,NRXN1,-0.15444946,False
ENSG00000174238,PITPNA,-0.1545793,False
ENSG00000140740,UQCRC2,-0.15466604,False
ENSG00000008300,CELSR3,-0.15504475,False
ENSG00000099968,BCL2L13,-0.15530749,False
ENSG00000113328,CCNG1,-0.1553156,False
ENSG00000138449,SLC40A1,-0.15546377,False
ENSG00000113068,PFDN1,-0.15552616,False
ENSG00000067221,STOML1,-0.15553954,False
ENSG00000117758,STX12,-0.15581702,False
ENSG00000066117,SMARCD1,-0.1561678,False
ENSG00000071051,NCK2,-0.15638661,False
ENSG00000160321,ZNF208,-0.15663601,False
ENSG00000167088,SNRPD1,-0.15680188,False
ENSG00000008735,MAPK8IP2,-0.15699503,False
ENSG00000070814,TCOF1,-0.15703131,False
ENSG00000224051,CPTP,-0.15726817,False
ENSG00000104067,TJP1,-0.15727843,False
ENSG00000124486,USP9X,-0.15770389,False
ENSG00000120709,FAM53C,-0.15772866,False
ENSG00000196104,SPOCK3,-0.15782817,False
ENSG00000106780,MEGF9,-0.15802768,False
ENSG00000126012,KDM5C,-0.1580694,False
ENSG00000034677,RNF19A,-0.15844326,False
ENSG00000072401,UBE2D1,-0.15867451,False
ENSG00000113583,C5orf15,-0.15871178,False
ENSG00000156170,NDUFAF6,-0.15872946,False
ENSG00000175224,ATG13,-0.15894848,False
ENSG00000232956,SNHG15,-0.1589995,False
ENSG00000087152,ATXN7L3,-0.15933791,False
ENSG00000134248,LAMTOR5,-0.1594616,False
ENSG00000166855,CLPX,-0.15954465,False
ENSG00000205726,ITSN1,-0.15955628,False
ENSG00000196642,RABL6,-0.15958135,False
ENSG00000164815,ORC5,-0.15960309,False
ENSG00000108828,VAT1,-0.15983646,False
ENSG00000111790,FGFR1OP2,-0.15992986,False
ENSG00000185728,YTHDF3,-0.16001597,False
ENSG00000106123,EPHB6,-0.16007502,False
ENSG00000172339,ALG14,-0.16012669,False
ENSG00000135414,GDF11,-0.16059445,False
ENSG00000129187,DCTD,-0.16064839,False
ENSG00000158435,CNOT11,-0.16079955,False
ENSG00000078053,AMPH,-0.16096427,False
ENSG00000126934,MAP2K2,-0.16116995,False
ENSG00000111860,CEP85L,-0.16126056,False
ENSG00000215021,PHB2,-0.16147527,False
ENSG00000084733,RAB10,-0.16155739,False
ENSG00000023041,ZDHHC6,-0.16174234,False
ENSG00000144136,SLC20A1,-0.16183954,False
ENSG00000075240,GRAMD4,-0.16185865,False
ENSG00000128656,CHN1,-0.16189905,False
ENSG00000105186,ANKRD27,-0.1619001,False
ENSG00000113615,SEC24A,-0.16212642,False
ENSG00000138029,HADHB,-0.16254227,False
ENSG00000105698,USF2,-0.16254626,False
ENSG00000197780,TAF13,-0.16264953,False
ENSG00000196712,NF1,-0.16277157,False
ENSG00000198742,SMURF1,-0.16285515,False
ENSG00000170248,PDCD6IP,-0.16289967,False
ENSG00000128059,PPAT,-0.1630146,False
ENSG00000132964,CDK8,-0.16305111,False
ENSG00000121749,TBC1D15,-0.16331244,False
ENSG00000133731,IMPA1,-0.16361672,False
ENSG00000102054,RBBP7,-0.16365598,False
ENSG00000076242,MLH1,-0.16421342,False
ENSG00000165495,PKNOX2,-0.1642351,False
ENSG00000160216,AGPAT3,-0.16467303,False
ENSG00000141580,WDR45B,-0.16511713,False
ENSG00000185917,SETD4,-0.16513535,False
ENSG00000117751,PPP1R8,-0.16537595,False
ENSG00000077157,PPP1R12B,-0.165547,False
ENSG00000136045,PWP1,-0.16563328,False
ENSG00000139737,SLAIN1,-0.166082,False
ENSG00000116141,MARK1,-0.16683245,False
ENSG00000176953,NFATC2IP,-0.16687359,False
ENSG00000112983,BRD8,-0.16713792,False
ENSG00000159352,PSMD4,-0.16726111,False
ENSG00000177875,CCDC184,-0.16742115,False
ENSG00000136478,TEX2,-0.16755532,False
ENSG00000184916,JAG2,-0.16755538,False
ENSG00000157087,ATP2B2,-0.16769516,False
ENSG00000152932,RAB3C,-0.1677715,False
ENSG00000100997,ABHD12,-0.1679197,False
ENSG00000184009,ACTG1,-0.16839856,False
ENSG00000102897,LYRM1,-0.1685946,False
ENSG00000142655,PEX14,-0.1686672,False
ENSG00000165410,CFL2,-0.16887683,False
ENSG00000166848,TERF2IP,-0.169212,False
ENSG00000125107,CNOT1,-0.16922045,False
ENSG00000177239,MAN1B1,-0.16974588,False
ENSG00000119203,CPSF3,-0.17000617,False
ENSG00000129682,FGF13,-0.17003973,False
ENSG00000168036,CTNNB1,-0.17006692,False
ENSG00000018236,CNTN1,-0.1703289,False
ENSG00000112715,VEGFA,-0.17043199,False
ENSG00000112305,SMAP1,-0.1706589,False
ENSG00000154122,ANKH,-0.17075822,False
ENSG00000119596,YLPM1,-0.17081755,False
ENSG00000120645,IQSEC3,-0.17084536,False
ENSG00000089195,TRMT6,-0.17088963,False
ENSG00000106591,MRPL32,-0.17091408,False
ENSG00000170624,SGCD,-0.17101607,False
ENSG00000215193,PEX26,-0.17114532,False
ENSG00000169855,ROBO1,-0.171353,False
ENSG00000143158,MPC2,-0.17139617,False
ENSG00000027847,B4GALT7,-0.17143475,False
ENSG00000165028,NIPSNAP3B,-0.17172518,False
ENSG00000119777,TMEM214,-0.17180413,False
ENSG00000165323,FAT3,-0.17194995,False
ENSG00000140307,GTF2A2,-0.17206024,False
ENSG00000119280,C1orf198,-0.1721247,False
ENSG00000125743,SNRPD2,-0.17215194,False
ENSG00000134243,SORT1,-0.17240164,False
ENSG00000101019,UQCC1,-0.17308182,False
ENSG00000108684,ASIC2,-0.17309481,False
ENSG00000100154,TTC28,-0.17316024,False
ENSG00000213699,SLC35F6,-0.17323424,False
ENSG00000108852,MPP2,-0.17325456,False
ENSG00000100207,TCF20,-0.17327498,False
ENSG00000196363,WDR5,-0.17355084,False
ENSG00000186377,CYP4X1,-0.17357956,False
ENSG00000072041,SLC6A15,-0.17404562,False
ENSG00000066084,DIP2B,-0.17408256,False
ENSG00000118507,AKAP7,-0.1741177,False
ENSG00000135503,ACVR1B,-0.17423384,False
ENSG00000103769,RAB11A,-0.17424534,False
ENSG00000052749,RRP12,-0.174263,False
ENSG00000131148,EMC8,-0.1745613,False
ENSG00000137501,SYTL2,-0.17486751,False
ENSG00000141469,SLC14A1,-0.17488661,False
ENSG00000115204,MPV17,-0.17491804,False
ENSG00000014123,UFL1,-0.17494257,False
ENSG00000166448,TMEM130,-0.17499916,False
ENSG00000184640,SEPTIN9,-0.17501983,False
ENSG00000169288,MRPL1,-0.17541143,False
ENSG00000143324,XPR1,-0.1754395,False
ENSG00000120697,ALG5,-0.17552227,False
ENSG00000091640,SPAG7,-0.17555523,False
ENSG00000184887,BTBD6,-0.17565109,False
ENSG00000138768,USO1,-0.1756604,False
ENSG00000060237,WNK1,-0.17568652,False
ENSG00000145916,RMND5B,-0.17599867,False
ENSG00000114120,SLC25A36,-0.17601484,False
ENSG00000197102,DYNC1H1,-0.17611888,False
ENSG00000118579,MED28,-0.17630422,False
ENSG00000138101,DTNB,-0.17636009,False
ENSG00000088543,C3orf18,-0.1766043,False
ENSG00000186106,ANKRD46,-0.17664164,False
ENSG00000164548,TRA2A,-0.176788,False
ENSG00000130638,ATXN10,-0.17681767,False
ENSG00000155511,GRIA1,-0.17692998,False
ENSG00000177733,HNRNPA0,-0.17716186,False
ENSG00000010017,RANBP9,-0.17719315,False
ENSG00000112658,SRF,-0.17742926,False
ENSG00000183648,NDUFB1,-0.17745447,False
ENSG00000086504,MRPL28,-0.1776782,False
ENSG00000103253,HAGHL,-0.1777297,False
ENSG00000018189,RUFY3,-0.17780744,False
ENSG00000177706,FAM20C,-0.17782429,False
ENSG00000127585,FBXL16,-0.17787135,False
ENSG00000128487,SPECC1,-0.17797743,False
ENSG00000021574,SPAST,-0.17798927,False
ENSG00000169446,MMGT1,-0.17812844,False
ENSG00000174173,TRMT10C,-0.17839423,False
ENSG00000164089,ETNPPL,-0.17839773,False
ENSG00000123545,NDUFAF4,-0.17844109,False
ENSG00000221978,CCNL2,-0.17857382,False
ENSG00000118946,PCDH17,-0.17859703,False
ENSG00000159479,MED8,-0.17861748,False
ENSG00000115239,ASB3,-0.17891379,False
ENSG00000168924,LETM1,-0.17891616,False
ENSG00000040933,INPP4A,-0.17913902,False
ENSG00000140941,MAP1LC3B,-0.17922907,False
ENSG00000185920,PTCH1,-0.17960061,False
ENSG00000136273,HUS1,-0.17964348,False
ENSG00000114999,TTL,-0.1798075,False
ENSG00000132821,VSTM2L,-0.17991896,False
ENSG00000071859,FAM50A,-0.18006313,False
ENSG00000181061,HIGD1A,-0.18017378,False
ENSG00000253738,OTUD6B-AS1,-0.18045634,False
ENSG00000197894,ADH5,-0.18054183,False
ENSG00000184588,PDE4B,-0.18075755,False
ENSG00000118260,CREB1,-0.18099855,False
ENSG00000244187,TMEM141,-0.18109477,False
ENSG00000167971,CASKIN1,-0.18150815,False
ENSG00000196352,CD55,-0.18160014,False
ENSG00000117143,UAP1,-0.18161309,False
ENSG00000066032,CTNNA2,-0.18176475,False
ENSG00000234456,MAGI2-AS3,-0.1820485,False
ENSG00000131508,UBE2D2,-0.1820613,False
ENSG00000111726,CMAS,-0.18209864,False
ENSG00000183726,TMEM50A,-0.18217495,False
ENSG00000077097,TOP2B,-0.18217936,False
ENSG00000012822,CALCOCO1,-0.18230538,False
ENSG00000168002,POLR2G,-0.18244322,False
ENSG00000186732,MPPED1,-0.18247086,False
ENSG00000165023,DIRAS2,-0.18274595,False
ENSG00000254377,MIR124-2HG,-0.18319573,False
ENSG00000067369,TP53BP1,-0.18325062,False
ENSG00000158796,DEDD,-0.18341064,False
ENSG00000175220,ARHGAP1,-0.1834591,False
ENSG00000011021,CLCN6,-0.1838107,False
ENSG00000185627,PSMD13,-0.1839955,False
ENSG00000179091,CYC1,-0.18403588,False
ENSG00000025770,NCAPH2,-0.18403743,False
ENSG00000130764,LRRC47,-0.18405885,False
ENSG00000170348,TMED10,-0.18416776,False
ENSG00000110888,CAPRIN2,-0.18430345,False
ENSG00000116285,ERRFI1,-0.18461534,False
ENSG00000100888,CHD8,-0.18470815,False
ENSG00000166454,ATMIN,-0.18477872,False
ENSG00000154478,GPR26,-0.18480341,False
ENSG00000137955,RABGGTB,-0.1849255,False
ENSG00000145293,ENOPH1,-0.18502863,False
ENSG00000135045,C9orf40,-0.18509457,False
ENSG00000084652,TXLNA,-0.18529493,False
ENSG00000140299,BNIP2,-0.18562135,False
ENSG00000152684,PELO,-0.18568678,False
ENSG00000070614,NDST1,-0.18571965,False
ENSG00000117533,VAMP4,-0.18575044,False
ENSG00000074603,DPP8,-0.18587063,False
ENSG00000165379,LRFN5,-0.18636188,False
ENSG00000182670,TTC3,-0.18636347,False
ENSG00000155849,ELMO1,-0.1863745,False
ENSG00000174460,ZCCHC12,-0.1864853,False
ENSG00000143889,HNRNPLL,-0.18672223,False
ENSG00000102974,CTCF,-0.18686071,False
ENSG00000149212,SESN3,-0.1872009,False
ENSG00000082701,GSK3B,-0.18727386,False
ENSG00000008869,HEATR5B,-0.18731092,False
ENSG00000103035,PSMD7,-0.18734379,False
ENSG00000198722,UNC13B,-0.18735851,False
ENSG00000075975,MKRN2,-0.18753012,False
ENSG00000197381,ADARB1,-0.18754432,False
ENSG00000147274,RBMX,-0.18774793,False
ENSG00000260916,CCPG1,-0.18786886,False
ENSG00000145284,SCD5,-0.18825066,False
ENSG00000160746,ANO10,-0.18829401,False
ENSG00000101109,STK4,-0.18832469,False
ENSG00000115211,EIF2B4,-0.1887796,False
ENSG00000144711,IQSEC1,-0.18883777,False
ENSG00000188997,KCTD21,-0.18907544,False
ENSG00000132361,CLUH,-0.18965802,False
ENSG00000135677,GNS,-0.18995821,False
ENSG00000196663,TECPR2,-0.19006562,False
ENSG00000094880,CDC23,-0.19014944,False
ENSG00000165185,KIAA1958,-0.19024363,False
ENSG00000129493,HEATR5A,-0.19027556,False
ENSG00000090060,PAPOLA,-0.19030452,False
ENSG00000172869,DMXL1,-0.19037667,False
ENSG00000133398,MED10,-0.19057707,False
ENSG00000179958,DCTPP1,-0.19075431,False
ENSG00000174939,ASPHD1,-0.19075908,False
ENSG00000151332,MBIP,-0.19097154,False
ENSG00000132128,LRRC41,-0.1910365,False
ENSG00000152409,JMY,-0.19111693,False
ENSG00000177410,ZFAS1,-0.19116999,False
ENSG00000092199,HNRNPC,-0.19121765,False
ENSG00000110906,KCTD10,-0.19127741,False
ENSG00000198483,ANKRD35,-0.19153932,False
ENSG00000142623,PADI1,-0.19156787,False
ENSG00000176624,MEX3C,-0.1916213,False
ENSG00000159409,CELF3,-0.1917966,False
ENSG00000164934,DCAF13,-0.19180612,False
ENSG00000115252,PDE1A,-0.19189142,False
ENSG00000114062,UBE3A,-0.19190398,False
ENSG00000112667,DNPH1,-0.19206297,False
ENSG00000130311,DDA1,-0.19210999,False
ENSG00000163291,PAQR3,-0.19232191,False
ENSG00000102401,ARMCX3,-0.19250433,False
ENSG00000152133,GPATCH11,-0.1925181,False
ENSG00000001497,LAS1L,-0.19264571,False
ENSG00000165724,ZMYND19,-0.19268274,False
ENSG00000130226,DPP6,-0.19278443,False
ENSG00000160959,LRRC14,-0.1927886,False
ENSG00000101974,ATP11C,-0.19284305,False
ENSG00000180901,KCTD2,-0.19293284,False
ENSG00000134809,TIMM10,-0.1932066,False
ENSG00000138593,SECISBP2L,-0.19340593,False
ENSG00000186187,ZNRF1,-0.19355327,False
ENSG00000185946,RNPC3,-0.19399366,False
ENSG00000181449,SOX2,-0.19406188,False
ENSG00000107186,MPDZ,-0.1943098,False
ENSG00000153936,HS2ST1,-0.19447376,False
ENSG00000145087,STXBP5L,-0.19448969,False
ENSG00000036549,ZZZ3,-0.19464731,False
ENSG00000126945,HNRNPH2,-0.19471127,False
ENSG00000188243,COMMD6,-0.19480167,False
ENSG00000166579,NDEL1,-0.19501185,False
ENSG00000099901,RANBP1,-0.19534965,False
ENSG00000137040,RANBP6,-0.19546747,False
ENSG00000181192,DHTKD1,-0.19560169,False
ENSG00000115084,SLC35F5,-0.1956819,False
ENSG00000082805,ERC1,-0.19574465,False
ENSG00000165280,VCP,-0.19576555,False
ENSG00000085978,ATG16L1,-0.19579977,False
ENSG00000002834,LASP1,-0.19593735,False
ENSG00000006283,CACNA1G,-0.19594729,False
ENSG00000076513,ANKRD13A,-0.19596024,False
ENSG00000175575,PAAF1,-0.19617757,False
ENSG00000117625,RCOR3,-0.19640513,False
ENSG00000121671,CRY2,-0.19650486,False
ENSG00000143248,RGS5,-0.19661683,False
ENSG00000149308,NPAT,-0.19664215,False
ENSG00000113966,ARL6,-0.19671649,False
ENSG00000158445,KCNB1,-0.19682822,False
ENSG00000173418,NAA20,-0.19687678,False
ENSG00000164978,NUDT2,-0.19700792,False
ENSG00000115685,PPP1R7,-0.19720967,False
ENSG00000132485,ZRANB2,-0.19722804,False
ENSG00000006007,GDE1,-0.19753471,False
ENSG00000183044,ABAT,-0.19770302,False
ENSG00000103353,UBFD1,-0.19776465,False
ENSG00000122733,PHF24,-0.19781241,False
ENSG00000184613,NELL2,-0.1978625,False
ENSG00000106617,PRKAG2,-0.19803765,False
ENSG00000198833,UBE2J1,-0.19805862,False
ENSG00000119318,RAD23B,-0.19814233,False
ENSG00000129484,PARP2,-0.1982048,False
ENSG00000135457,TFCP2,-0.19831099,False
ENSG00000158985,CDC42SE2,-0.1985266,False
ENSG00000128000,ZNF780B,-0.19862276,False
ENSG00000060656,PTPRU,-0.19875455,False
ENSG00000144406,UNC80,-0.19887401,False
ENSG00000148396,SEC16A,-0.19889401,False
ENSG00000160584,SIK3,-0.19893445,False
ENSG00000090971,NAT14,-0.19904843,False
ENSG00000224470,ATXN1L,-0.19949654,False
ENSG00000198721,ECI2,-0.19995211,False
ENSG00000138642,HERC6,-0.20006408,False
ENSG00000164506,STXBP5,-0.20077516,False
ENSG00000154978,VOPP1,-0.20088471,False
ENSG00000116685,KIAA2013,-0.2009254,False
ENSG00000113384,GOLPH3,-0.20116359,False
ENSG00000138381,ASNSD1,-0.20149724,False
ENSG00000173744,AGFG1,-0.2018808,False
ENSG00000018625,ATP1A2,-0.20190206,False
ENSG00000011426,ANLN,-0.20216407,False
ENSG00000067715,SYT1,-0.20218249,False
ENSG00000169862,CTNND2,-0.20223923,False
ENSG00000169398,PTK2,-0.20248584,False
ENSG00000178913,TAF7,-0.20265166,False
ENSG00000020426,MNAT1,-0.20280209,False
ENSG00000166887,VPS39,-0.20341656,False
ENSG00000132740,IGHMBP2,-0.20348062,False
ENSG00000071054,MAP4K4,-0.20360427,False
ENSG00000161048,NAPEPLD,-0.20366408,False
ENSG00000083799,CYLD,-0.20393924,False
ENSG00000165813,CCDC186,-0.20427014,False
ENSG00000144959,NCEH1,-0.2042744,False
ENSG00000094841,UPRT,-0.20431526,False
ENSG00000130741,EIF2S3,-0.20431566,False
ENSG00000124222,STX16,-0.20479335,False
ENSG00000123728,RAP2C,-0.20491992,False
ENSG00000109339,MAPK10,-0.20498553,False
ENSG00000112699,GMDS,-0.20502381,False
ENSG00000117500,TMED5,-0.20519525,False
ENSG00000213639,PPP1CB,-0.2052783,False
ENSG00000185010,F8,-0.2054086,False
ENSG00000156531,PHF6,-0.20568977,False
ENSG00000115137,DNAJC27,-0.20625973,False
ENSG00000173064,HECTD4,-0.20644747,False
ENSG00000162437,RAVER2,-0.20651835,False
ENSG00000168453,HR,-0.20687021,False
ENSG00000158290,CUL4B,-0.20690697,False
ENSG00000101246,ARFRP1,-0.20693177,False
ENSG00000101367,MAPRE1,-0.20712155,False
ENSG00000164061,BSN,-0.20715722,False
ENSG00000080189,SLC35C2,-0.20717439,False
ENSG00000115839,RAB3GAP1,-0.20788063,False
ENSG00000054690,PLEKHH1,-0.20831367,False
ENSG00000163257,DCAF16,-0.20856363,False
ENSG00000134970,TMED7,-0.20865878,False
ENSG00000108946,PRKAR1A,-0.20882355,False
ENSG00000241553,ARPC4,-0.20893177,False
ENSG00000127463,EMC1,-0.2090723,False
ENSG00000161526,SAP30BP,-0.20916575,False
ENSG00000112981,NME5,-0.20943366,False
ENSG00000129932,DOHH,-0.20973283,False
ENSG00000125355,TMEM255A,-0.21046971,False
ENSG00000166206,GABRB3,-0.210512,False
ENSG00000131165,CHMP1A,-0.21062712,False
ENSG00000068366,ACSL4,-0.21072738,False
ENSG00000142634,EFHD2,-0.21081367,False
ENSG00000126970,ZC4H2,-0.2109243,False
ENSG00000106688,SLC1A1,-0.21096277,False
ENSG00000112379,ARFGEF3,-0.21108434,False
ENSG00000177888,ZBTB41,-0.21109723,False
ENSG00000151693,ASAP2,-0.21111703,False
ENSG00000083642,PDS5B,-0.21171491,False
ENSG00000185262,UBALD2,-0.2117267,False
ENSG00000134748,PRPF38A,-0.21177909,False
ENSG00000124181,PLCG1,-0.21199061,False
ENSG00000018510,AGPS,-0.21202284,False
ENSG00000176749,CDK5R1,-0.21251282,False
ENSG00000141576,RNF157,-0.21285084,False
ENSG00000155975,VPS37A,-0.21297704,False
ENSG00000100908,EMC9,-0.213014,False
ENSG00000103423,DNAJA3,-0.213057,False
ENSG00000103005,USB1,-0.21315315,False
ENSG00000150938,CRIM1,-0.21335743,False
ENSG00000197912,SPG7,-0.21336862,False
ENSG00000086589,RBM22,-0.21339531,False
ENSG00000106789,CORO2A,-0.21357886,False
ENSG00000198964,SGMS1,-0.213629,False
ENSG00000153822,KCNJ16,-0.2136589,False
ENSG00000104969,SGTA,-0.21373457,False
ENSG00000122126,OCRL,-0.21374308,False
ENSG00000196199,MPHOSPH8,-0.21385139,False
ENSG00000116350,SRSF4,-0.21387263,False
ENSG00000100227,POLDIP3,-0.21441987,False
ENSG00000159788,RGS12,-0.2144623,False
ENSG00000119487,MAPKAP1,-0.21480612,False
ENSG00000108819,PPP1R9B,-0.21491268,False
ENSG00000170522,ELOVL6,-0.21493189,False
ENSG00000141759,TXNL4A,-0.21505438,False
ENSG00000136159,NUDT15,-0.21544206,False
ENSG00000137692,DCUN1D5,-0.21548639,False
ENSG00000144868,TMEM108,-0.21550146,False
ENSG00000138036,DYNC2LI1,-0.21584024,False
ENSG00000140575,IQGAP1,-0.2159004,False
ENSG00000107242,PIP5K1B,-0.2161965,False
ENSG00000162604,TM2D1,-0.21640772,False
ENSG00000184515,BEX5,-0.21649879,False
ENSG00000178498,DTX3,-0.21663138,False
ENSG00000136099,PCDH8,-0.21716382,False
ENSG00000029363,BCLAF1,-0.21721871,False
ENSG00000172461,FUT9,-0.21730728,False
ENSG00000007944,MYLIP,-0.21747291,False
ENSG00000134686,PHC2,-0.21749143,False
ENSG00000091140,DLD,-0.21776816,False
ENSG00000180228,PRKRA,-0.21795852,False
ENSG00000151148,UBE3B,-0.21809608,False
ENSG00000047188,YTHDC2,-0.2181094,False
ENSG00000112592,TBP,-0.21837215,False
ENSG00000109452,INPP4B,-0.21872745,False
ENSG00000132164,SLC6A11,-0.21876445,False
ENSG00000102081,FMR1,-0.21883881,False
ENSG00000139436,GIT2,-0.21899496,False
ENSG00000102908,NFAT5,-0.21903627,False
ENSG00000165516,KLHDC2,-0.21914448,False
ENSG00000143919,CAMKMT,-0.21916714,False
ENSG00000006530,AGK,-0.21918596,False
ENSG00000136636,KCTD3,-0.21920967,False
ENSG00000182307,C8orf33,-0.21941675,False
ENSG00000242259,C22orf39,-0.21946597,False
ENSG00000177951,BET1L,-0.22023293,False
ENSG00000197601,FAR1,-0.22028299,False
ENSG00000134480,CCNH,-0.22067766,False
ENSG00000126768,TIMM17B,-0.22095937,False
ENSG00000198363,ASPH,-0.22100782,False
ENSG00000136261,BZW2,-0.2217378,False
ENSG00000197771,MCMBP,-0.22181883,False
ENSG00000067606,PRKCZ,-0.22190882,False
ENSG00000196376,SLC35F1,-0.22225088,False
ENSG00000171365,CLCN5,-0.2223266,False
ENSG00000112651,MRPL2,-0.2230818,False
ENSG00000055208,TAB2,-0.22329023,False
ENSG00000144895,EIF2A,-0.2233604,False
ENSG00000183723,CMTM4,-0.2234098,False
ENSG00000102921,N4BP1,-0.22342557,False
ENSG00000173726,TOMM20,-0.22352457,False
ENSG00000136848,DAB2IP,-0.22366826,False
ENSG00000175662,TOM1L2,-0.22371787,False
ENSG00000185518,SV2B,-0.22371976,False
ENSG00000138279,ANXA7,-0.22374003,False
ENSG00000179021,C3orf38,-0.22383508,False
ENSG00000129946,SHC2,-0.22390643,False
ENSG00000172831,CES2,-0.22400513,False
ENSG00000197077,KIAA1671,-0.22417423,False
ENSG00000224531,SMIM13,-0.22439729,False
ENSG00000084463,WBP11,-0.22441569,False
ENSG00000184194,GPR173,-0.22442217,False
ENSG00000133243,BTBD2,-0.22443502,False
ENSG00000139324,TMTC3,-0.22447787,False
ENSG00000101365,IDH3B,-0.22449413,False
ENSG00000155959,VBP1,-0.22450544,False
ENSG00000143393,PI4KB,-0.22451586,False
ENSG00000144451,SPAG16,-0.2246287,False
ENSG00000164050,PLXNB1,-0.2248868,False
ENSG00000114279,FGF12,-0.22493316,False
ENSG00000121769,FABP3,-0.22506222,False
ENSG00000185619,PCGF3,-0.22532874,False
ENSG00000116544,DLGAP3,-0.22539534,False
ENSG00000175348,TMEM9B,-0.2254393,False
ENSG00000178074,C2orf69,-0.22544181,False
ENSG00000115159,GPD2,-0.22561693,False
ENSG00000157764,BRAF,-0.22563465,False
ENSG00000128872,TMOD2,-0.22565733,False
ENSG00000116991,SIPA1L2,-0.22579654,False
ENSG00000113569,NUP155,-0.22597407,False
ENSG00000108433,GOSR2,-0.22601031,False
ENSG00000171793,CTPS1,-0.22610639,False
ENSG00000078142,PIK3C3,-0.22635546,False
ENSG00000110697,PITPNM1,-0.2264694,False
ENSG00000187240,DYNC2H1,-0.22653723,False
ENSG00000164574,GALNT10,-0.2267112,False
ENSG00000128989,ARPP19,-0.22677775,False
ENSG00000198961,PJA2,-0.22690307,False
ENSG00000083290,ULK2,-0.22741376,False
ENSG00000164080,RAD54L2,-0.22742683,False
ENSG00000164924,YWHAZ,-0.22745709,False
ENSG00000092010,PSME1,-0.22757362,False
ENSG00000012174,MBTPS2,-0.22767885,False
ENSG00000090975,PITPNM2,-0.22772844,False
ENSG00000164330,EBF1,-0.22778209,False
ENSG00000165006,UBAP1,-0.22792679,False
ENSG00000204104,TRAF3IP1,-0.22801939,False
ENSG00000164117,FBXO8,-0.22806297,False
ENSG00000174775,HRAS,-0.22808133,False
ENSG00000148925,BTBD10,-0.22818941,False
ENSG00000127995,CASD1,-0.22820695,False
ENSG00000156011,PSD3,-0.22870222,False
ENSG00000124164,VAPB,-0.22873822,False
ENSG00000131966,ACTR10,-0.22874385,False
ENSG00000100567,PSMA3,-0.22905734,False
ENSG00000214753,HNRNPUL2,-0.2292307,False
ENSG00000170142,UBE2E1,-0.22923292,False
ENSG00000132612,VPS4A,-0.22935306,False
ENSG00000165646,SLC18A2,-0.22939533,False
ENSG00000171222,SCAND1,-0.22946203,False
ENSG00000136274,NACAD,-0.22980514,False
ENSG00000107263,RAPGEF1,-0.22992212,False
ENSG00000109832,DDX25,-0.23003134,False
ENSG00000097007,ABL1,-0.23007092,False
ENSG00000129244,ATP1B2,-0.23026684,False
ENSG00000171490,RSL1D1,-0.23028442,False
ENSG00000111300,NAA25,-0.23034371,False
ENSG00000143337,TOR1AIP1,-0.23073897,False
ENSG00000112874,NUDT12,-0.23135573,False
ENSG00000163104,SMARCAD1,-0.23147038,False
ENSG00000084731,KIF3C,-0.23205176,False
ENSG00000112531,QKI,-0.23271275,False
ENSG00000165443,PHYHIPL,-0.23279184,False
ENSG00000242802,AP5Z1,-0.23279884,False
ENSG00000110107,PRPF19,-0.23289938,False
ENSG00000066455,GOLGA5,-0.23301485,False
ENSG00000065457,ADAT1,-0.23314913,False
ENSG00000135040,NAA35,-0.23322952,False
ENSG00000221823,PPP3R1,-0.2337602,False
ENSG00000196586,MYO6,-0.23376606,False
ENSG00000141985,SH3GL1,-0.23410343,False
ENSG00000134852,CLOCK,-0.23416147,False
ENSG00000051825,MPHOSPH9,-0.23421863,False
ENSG00000205659,LIN52,-0.23460695,False
ENSG00000134779,TPGS2,-0.23468946,False
ENSG00000124532,MRS2,-0.23480941,False
ENSG00000198794,SCAMP5,-0.23500915,False
ENSG00000088538,DOCK3,-0.23528372,False
ENSG00000142186,SCYL1,-0.23547912,False
ENSG00000197442,MAP3K5,-0.23616356,False
ENSG00000072501,SMC1A,-0.23650295,False
ENSG00000143761,ARF1,-0.23651963,False
ENSG00000163818,LZTFL1,-0.23663807,False
ENSG00000101421,CHMP4B,-0.2367457,False
ENSG00000171109,MFN1,-0.23675884,False
ENSG00000167371,PRRT2,-0.23694734,False
ENSG00000197586,ENTPD6,-0.23712794,False
ENSG00000198648,STK39,-0.23758906,False
ENSG00000099308,MAST3,-0.23768377,False
ENSG00000073921,PICALM,-0.23821451,False
ENSG00000205531,NAP1L4,-0.23823413,False
ENSG00000166822,TMEM170A,-0.2383851,False
ENSG00000079785,DDX1,-0.23844598,False
ENSG00000122958,VPS26A,-0.23848787,False
ENSG00000159348,CYB5R1,-0.23888446,False
ENSG00000138138,ATAD1,-0.23906809,False
ENSG00000115020,PIKFYVE,-0.2393083,False
ENSG00000159784,FAM131B,-0.23935287,False
ENSG00000187522,HSPA14,-0.2395695,False
ENSG00000164398,ACSL6,-0.23960362,False
ENSG00000041357,PSMA4,-0.24009249,False
ENSG00000110344,UBE4A,-0.24015929,False
ENSG00000138073,PREB,-0.24044804,False
ENSG00000123570,RAB9B,-0.24050947,False
ENSG00000003147,ICA1,-0.24086608,False
ENSG00000196911,KPNA5,-0.24114937,False
ENSG00000126705,AHDC1,-0.24122468,False
ENSG00000164975,SNAPC3,-0.24131952,False
ENSG00000205356,TECPR1,-0.24147181,False
ENSG00000140943,MBTPS1,-0.24183083,False
ENSG00000136827,TOR1A,-0.24186854,False
ENSG00000153823,PID1,-0.24202685,False
ENSG00000107372,ZFAND5,-0.24208762,False
ENSG00000198142,SOWAHC,-0.24211718,False
ENSG00000221914,PPP2R2A,-0.24267107,False
ENSG00000178235,SLITRK1,-0.24269563,False
ENSG00000117748,RPA2,-0.24325372,False
ENSG00000107625,DDX50,-0.24325424,False
ENSG00000111052,LIN7A,-0.24342808,False
ENSG00000127561,SYNGR3,-0.24350245,False
ENSG00000122515,ZMIZ2,-0.24357836,False
ENSG00000132463,GRSF1,-0.243963,False
ENSG00000135974,C2orf49,-0.24405627,False
ENSG00000105379,ETFB,-0.24441795,False
ENSG00000162298,SYVN1,-0.24461149,False
ENSG00000120992,LYPLA1,-0.24463071,False
ENSG00000114541,FRMD4B,-0.24466091,False
ENSG00000119041,GTF3C3,-0.24468118,False
ENSG00000013561,RNF14,-0.24473275,False
ENSG00000109111,SUPT6H,-0.24482211,False
ENSG00000233016,SNHG7,-0.24561733,False
ENSG00000071794,HLTF,-0.24597271,False
ENSG00000056998,GYG2,-0.2460918,False
ENSG00000086758,HUWE1,-0.24634908,False
ENSG00000169760,NLGN1,-0.24651244,False
ENSG00000183091,NEB,-0.24655977,False
ENSG00000159593,NAE1,-0.24660149,False
ENSG00000078124,ACER3,-0.24660823,False
ENSG00000128011,LRFN1,-0.24671231,False
ENSG00000162642,C1orf52,-0.24696863,False
ENSG00000117054,ACADM,-0.24700688,False
ENSG00000163900,TMEM41A,-0.24705803,False
ENSG00000136758,YME1L1,-0.24713732,False
ENSG00000198055,GRK6,-0.24720569,False
ENSG00000120008,WDR11,-0.24733594,False
ENSG00000118096,IFT46,-0.2474855,False
ENSG00000163531,NFASC,-0.24764635,False
ENSG00000170542,SERPINB9,-0.24765742,False
ENSG00000143811,PYCR2,-0.24771139,False
ENSG00000102225,CDK16,-0.2478497,False
ENSG00000186815,TPCN1,-0.2478653,False
ENSG00000156873,PHKG2,-0.24796103,False
ENSG00000181852,RNF41,-0.24849913,False
ENSG00000088387,DOCK9,-0.24870518,False
ENSG00000110315,RNF141,-0.2488514,False
ENSG00000122779,TRIM24,-0.24887389,False
ENSG00000196177,ACADSB,-0.24890907,False
ENSG00000168301,KCTD6,-0.24899447,False
ENSG00000008513,ST3GAL1,-0.2491284,False
ENSG00000145687,SSBP2,-0.24940652,False
ENSG00000113658,SMAD5,-0.24965185,False
ENSG00000116667,C1orf21,-0.24981031,False
ENSG00000179195,ZNF664,-0.25006872,False
ENSG00000141026,MED9,-0.25012586,False
ENSG00000151883,PARP8,-0.25015026,False
ENSG00000177683,THAP5,-0.25027514,False
ENSG00000136026,CKAP4,-0.25028986,False
ENSG00000112062,MAPK14,-0.25032982,False
ENSG00000198863,RUNDC1,-0.25041875,False
ENSG00000148730,EIF4EBP2,-0.25076744,False
ENSG00000205758,CRYZL1,-0.25082844,False
ENSG00000164163,ABCE1,-0.25091806,False
ENSG00000184900,SUMO3,-0.25108498,False
ENSG00000187957,DNER,-0.2513825,False
ENSG00000137171,KLC4,-0.2515064,False
ENSG00000130175,PRKCSH,-0.25170058,False
ENSG00000169217,CD2BP2,-0.25177422,False
ENSG00000169891,REPS2,-0.25181037,False
ENSG00000065548,ZC3H15,-0.25225878,False
ENSG00000087095,NLK,-0.25235394,False
ENSG00000076108,BAZ2A,-0.252483,False
ENSG00000147853,AK3,-0.25255072,False
ENSG00000114978,MOB1A,-0.2526782,False
ENSG00000061676,NCKAP1,-0.2531193,False
ENSG00000151247,EIF4E,-0.2532065,False
ENSG00000108669,CYTH1,-0.25334397,False
ENSG00000027697,IFNGR1,-0.25373587,False
ENSG00000151414,NEK7,-0.25373605,False
ENSG00000134371,CDC73,-0.2540141,False
ENSG00000012061,ERCC1,-0.25407293,False
ENSG00000012660,ELOVL5,-0.2544234,False
ENSG00000112796,ENPP5,-0.25466767,False
ENSG00000162980,ARL5A,-0.25499612,False
ENSG00000100714,MTHFD1,-0.25507215,False
ENSG00000134014,ELP3,-0.2552479,False
ENSG00000124191,TOX2,-0.2554625,False
ENSG00000101310,SEC23B,-0.25573528,False
ENSG00000150712,MTMR12,-0.25583193,False
ENSG00000179010,MRFAP1,-0.25608277,False
ENSG00000068912,ERLEC1,-0.25616407,False
ENSG00000152642,GPD1L,-0.2565184,False
ENSG00000129245,FXR2,-0.25656462,False
ENSG00000120533,ENY2,-0.25661418,False
ENSG00000146587,RBAK,-0.25692275,False
ENSG00000115904,SOS1,-0.25706205,False
ENSG00000105323,HNRNPUL1,-0.25707173,False
ENSG00000102531,FNDC3A,-0.25751993,False
ENSG00000132321,IQCA1,-0.25759205,False
ENSG00000240682,ISY1,-0.25767103,False
ENSG00000151327,FAM177A1,-0.25793839,False
ENSG00000111676,ATN1,-0.25827348,False
ENSG00000104231,ZFAND1,-0.25862977,False
ENSG00000162702,ZNF281,-0.2587417,False
ENSG00000205336,ADGRG1,-0.2590318,False
ENSG00000119048,UBE2B,-0.25910756,False
ENSG00000138674,SEC31A,-0.2592509,False
ENSG00000113851,CRBN,-0.25971007,False
ENSG00000140718,FTO,-0.26000893,False
ENSG00000051108,HERPUD1,-0.26005077,False
ENSG00000109158,GABRA4,-0.2606543,False
ENSG00000196338,NLGN3,-0.26073208,False
ENSG00000092203,TOX4,-0.2610471,False
ENSG00000151690,MFSD6,-0.26136816,False
ENSG00000071189,SNX13,-0.26139596,False
ENSG00000239305,RNF103,-0.2616922,False
ENSG00000101654,RNMT,-0.2618602,False
ENSG00000198042,MAK16,-0.26246804,False
ENSG00000137285,TUBB2B,-0.26251078,False
ENSG00000164124,TMEM144,-0.26297045,False
ENSG00000154217,PITPNC1,-0.26321337,False
ENSG00000132356,PRKAA1,-0.2634689,False
ENSG00000163807,KIAA1143,-0.26380196,False
ENSG00000188986,NELFB,-0.26435184,False
ENSG00000166974,MAPRE2,-0.26453373,False
ENSG00000117020,AKT3,-0.2647374,False
ENSG00000083520,DIS3,-0.26482606,False
ENSG00000171503,ETFDH,-0.26578727,False
ENSG00000135829,DHX9,-0.26588976,False
ENSG00000133657,ATP13A3,-0.26594415,False
ENSG00000173517,PEAK1,-0.26682365,False
ENSG00000119965,C10orf88,-0.2669555,False
ENSG00000023734,STRAP,-0.2671244,False
ENSG00000167699,GLOD4,-0.26741773,False
ENSG00000168818,STX18,-0.267629,False
ENSG00000116871,MAP7D1,-0.26800975,False
ENSG00000170088,TMEM192,-0.2683406,False
ENSG00000121413,ZSCAN18,-0.2685018,False
ENSG00000176148,TCP11L1,-0.2686079,False
ENSG00000187672,ERC2,-0.26918024,False
ENSG00000095564,BTAF1,-0.26949066,False
ENSG00000170619,COMMD5,-0.26955253,False
ENSG00000118454,ANKRD13C,-0.26967663,False
ENSG00000144747,TMF1,-0.27004513,False
ENSG00000169967,MAP3K2,-0.2700912,False
ENSG00000122584,NXPH1,-0.27011618,False
ENSG00000181523,SGSH,-0.2701805,False
ENSG00000148411,NACC2,-0.2702618,False
ENSG00000134046,MBD2,-0.2702713,False
ENSG00000110237,ARHGEF17,-0.27036518,False
ENSG00000227051,C14orf132,-0.2704364,False
ENSG00000104980,TIMM44,-0.2704755,False
ENSG00000172346,CSDC2,-0.270479,False
ENSG00000069509,FUNDC1,-0.27064517,False
ENSG00000179431,FJX1,-0.2707558,False
ENSG00000113597,TRAPPC13,-0.27090824,False
ENSG00000234616,JRK,-0.2709448,False
ENSG00000198216,CACNA1E,-0.27097398,False
ENSG00000145725,PPIP5K2,-0.27102205,False
ENSG00000196227,FAM217B,-0.27114698,False
ENSG00000043093,DCUN1D1,-0.2717075,False
ENSG00000251022,THAP9-AS1,-0.27176577,False
ENSG00000141232,TOB1,-0.27217355,False
ENSG00000206052,DOK6,-0.2728188,False
ENSG00000109956,B3GAT1,-0.2730453,False
ENSG00000152954,NRSN1,-0.27321017,False
ENSG00000143786,CNIH3,-0.27341983,False
ENSG00000126883,NUP214,-0.27370787,False
ENSG00000198231,DDX42,-0.2739782,False
ENSG00000169006,NTSR2,-0.274145,False
ENSG00000149295,DRD2,-0.27415717,False
ENSG00000109436,TBC1D9,-0.2746961,False
ENSG00000163964,PIGX,-0.27482894,False
ENSG00000144040,SFXN5,-0.2749428,False
ENSG00000166479,TMX3,-0.27502295,False
ENSG00000147894,C9orf72,-0.27529612,False
ENSG00000143333,RGS16,-0.27588135,False
ENSG00000108510,MED13,-0.27594575,False
ENSG00000130224,LRCH2,-0.27602324,False
ENSG00000100324,TAB1,-0.2761194,False
ENSG00000203485,INF2,-0.27617395,False
ENSG00000133114,GPALPP1,-0.27635252,False
ENSG00000144642,RBMS3,-0.27661967,False
ENSG00000143153,ATP1B1,-0.27689758,False
ENSG00000121022,COPS5,-0.27699003,False
ENSG00000134996,OSTF1,-0.27702934,False
ENSG00000120137,PANK3,-0.2770447,False
ENSG00000173674,EIF1AX,-0.2770727,False
ENSG00000165802,NSMF,-0.27712604,False
ENSG00000083457,ITGAE,-0.27714592,False
ENSG00000113048,MRPS27,-0.27795565,False
ENSG00000118276,B4GALT6,-0.27811384,False
ENSG00000165240,ATP7A,-0.27821636,False
ENSG00000172264,MACROD2,-0.27832583,False
ENSG00000132305,IMMT,-0.27839664,False
ENSG00000174720,LARP7,-0.2787298,False
ENSG00000169180,XPO6,-0.27881885,False
ENSG00000149792,MRPL49,-0.27894762,False
ENSG00000128512,DOCK4,-0.27910522,False
ENSG00000182512,GLRX5,-0.27949095,False
ENSG00000184486,POU3F2,-0.28016004,False
ENSG00000152700,SAR1B,-0.28018168,False
ENSG00000145391,SETD7,-0.280382,False
ENSG00000137103,TMEM8B,-0.28060457,False
ENSG00000140365,COMMD4,-0.28062904,False
ENSG00000167986,DDB1,-0.28105417,False
ENSG00000159658,EFCAB14,-0.2814032,False
ENSG00000170871,KIAA0232,-0.2815771,False
ENSG00000175426,PCSK1,-0.2822458,False
ENSG00000105778,AVL9,-0.2823865,False
ENSG00000142089,IFITM3,-0.28252953,False
ENSG00000178425,NT5DC1,-0.2827204,False
ENSG00000033122,LRRC7,-0.28309852,False
ENSG00000184672,RALYL,-0.28317103,False
ENSG00000005249,PRKAR2B,-0.28317606,False
ENSG00000114021,NIT2,-0.28343153,False
ENSG00000117676,RPS6KA1,-0.28363806,False
ENSG00000149136,SSRP1,-0.28428516,False
ENSG00000151502,VPS26B,-0.28465977,False
ENSG00000103657,HERC1,-0.28475735,False
ENSG00000197157,SND1,-0.2849449,False
ENSG00000137872,SEMA6D,-0.28537372,False
ENSG00000134851,TMEM165,-0.28566477,False
ENSG00000174574,AKIRIN1,-0.28583527,False
ENSG00000114902,SPCS1,-0.28610337,False
ENSG00000108861,DUSP3,-0.2866884,False
ENSG00000118046,STK11,-0.2867613,False
ENSG00000206432,TMEM200C,-0.2873871,False
ENSG00000104142,VPS18,-0.28750724,False
ENSG00000186501,TMEM222,-0.2876708,False
ENSG00000163590,PPM1L,-0.2878445,False
ENSG00000138650,PCDH10,-0.2879678,False
ENSG00000162923,WDR26,-0.28801715,False
ENSG00000168234,TTC39C,-0.2886447,False
ENSG00000066739,ATG2B,-0.28914648,False
ENSG00000152092,ASTN1,-0.2891769,False
ENSG00000117528,ABCD3,-0.28988868,False
ENSG00000155827,RNF20,-0.2902303,False
ENSG00000021645,NRXN3,-0.2902526,False
ENSG00000124275,MTRR,-0.29025796,False
ENSG00000165801,ARHGEF40,-0.29044724,False
ENSG00000100353,EIF3D,-0.2904889,False
ENSG00000072803,FBXW11,-0.29081085,False
ENSG00000065000,AP3D1,-0.29083654,False
ENSG00000181035,SLC25A42,-0.2908729,False
ENSG00000179314,WSCD1,-0.29087302,False
ENSG00000155096,AZIN1,-0.29092473,False
ENSG00000184216,IRAK1,-0.29126456,False
ENSG00000107897,ACBD5,-0.2912974,False
ENSG00000090989,EXOC1,-0.29150355,False
ENSG00000185722,ANKFY1,-0.2915474,False
ENSG00000185024,BRF1,-0.29211155,False
ENSG00000075089,ACTR6,-0.29229918,False
ENSG00000134369,NAV1,-0.29235187,False
ENSG00000100304,TTLL12,-0.29240584,False
ENSG00000176022,B3GALT6,-0.29241487,False
ENSG00000006125,AP2B1,-0.29264304,False
ENSG00000126247,CAPNS1,-0.29318628,False
ENSG00000119899,SLC17A5,-0.29369318,False
ENSG00000196632,WNK3,-0.2939992,False
ENSG00000047056,WDR37,-0.29411632,False
ENSG00000182400,TRAPPC6B,-0.29448372,False
ENSG00000117155,SSX2IP,-0.29466277,False
ENSG00000029364,SLC39A9,-0.29481515,False
ENSG00000101199,ARFGAP1,-0.295485,False
ENSG00000163064,EN1,-0.2964305,False
ENSG00000124785,NRN1,-0.29648998,False
ENSG00000179295,PTPN11,-0.29660395,False
ENSG00000164253,WDR41,-0.2969496,False
ENSG00000132640,BTBD3,-0.2972351,False
ENSG00000111218,PRMT8,-0.29749045,False
ENSG00000146476,ARMT1,-0.29761946,False
ENSG00000177370,TIMM22,-0.29762065,False
ENSG00000134215,VAV3,-0.2976934,False
ENSG00000090863,GLG1,-0.29797596,False
ENSG00000148943,LIN7C,-0.2979831,False
ENSG00000173221,GLRX,-0.29815447,False
ENSG00000183735,TBK1,-0.2981548,False
ENSG00000150540,HNMT,-0.29824415,False
ENSG00000123178,SPRYD7,-0.29840335,False
ENSG00000142319,SLC6A3,-0.2984709,False
ENSG00000128596,CCDC136,-0.29899675,False
ENSG00000157617,C2CD2,-0.29915968,False
ENSG00000163029,SMC6,-0.29926255,False
ENSG00000008256,CYTH3,-0.29948744,False
ENSG00000196422,PPP1R26,-0.2994933,False
ENSG00000101843,PSMD10,-0.2995219,False
ENSG00000002919,SNX11,-0.2996109,False
ENSG00000077232,DNAJC10,-0.29975924,False
ENSG00000114520,SNX4,-0.29988477,False
ENSG00000149084,HSD17B12,-0.2999077,False
ENSG00000141431,ASXL3,-0.30013582,False
ENSG00000070444,MNT,-0.30021822,False
ENSG00000169764,UGP2,-0.30035126,False
ENSG00000132359,RAP1GAP2,-0.3004758,False
ENSG00000129596,CDO1,-0.30052388,False
ENSG00000146433,TMEM181,-0.30057046,False
ENSG00000138686,BBS7,-0.30063018,False
ENSG00000160917,CPSF4,-0.30093464,False
ENSG00000109919,MTCH2,-0.3012303,False
ENSG00000161204,ABCF3,-0.30221987,False
ENSG00000048052,HDAC9,-0.30228305,False
ENSG00000162706,CADM3,-0.3023552,False
ENSG00000130208,APOC1,-0.30347425,False
ENSG00000103591,AAGAB,-0.30358323,False
ENSG00000166002,SMCO4,-0.3037711,False
ENSG00000156136,DCK,-0.3037749,False
ENSG00000164252,AGGF1,-0.30390292,False
ENSG00000157800,SLC37A3,-0.30401677,False
ENSG00000158467,AHCYL2,-0.3040406,False
ENSG00000074582,BCS1L,-0.30411953,False
ENSG00000135972,MRPS9,-0.30418968,False
ENSG00000116754,SRSF11,-0.30440456,False
ENSG00000135698,MPHOSPH6,-0.3044729,False
ENSG00000075239,ACAT1,-0.30515712,False
ENSG00000101782,RIOK3,-0.30525374,False
ENSG00000165650,PDZD8,-0.3054284,False
ENSG00000111911,HINT3,-0.3054469,False
ENSG00000143401,ANP32E,-0.3055922,False
ENSG00000079950,STX7,-0.30596414,False
ENSG00000184205,TSPYL2,-0.3059903,False
ENSG00000177181,RIMKLA,-0.3063605,False
ENSG00000137486,ARRB1,-0.30638477,False
ENSG00000040199,PHLPP2,-0.3064486,False
ENSG00000168395,ING5,-0.30743548,False
ENSG00000115233,PSMD14,-0.30756423,False
ENSG00000141959,PFKL,-0.3079223,False
ENSG00000100151,PICK1,-0.3083185,False
ENSG00000113575,PPP2CA,-0.3090021,False
ENSG00000151806,GUF1,-0.3090414,False
ENSG00000184840,TMED9,-0.30926442,False
ENSG00000138801,PAPSS1,-0.30956554,False
ENSG00000048991,R3HDM1,-0.30956644,False
ENSG00000198624,CCDC69,-0.30974603,False
ENSG00000078596,ITM2A,-0.3097568,False
ENSG00000187735,TCEA1,-0.3100211,False
ENSG00000187713,TMEM203,-0.31039894,False
ENSG00000171204,TMEM126B,-0.31046936,False
ENSG00000164751,PEX2,-0.31079763,False
ENSG00000105568,PPP2R1A,-0.31089035,False
ENSG00000183258,DDX41,-0.31096345,False
ENSG00000123159,GIPC1,-0.31131956,False
ENSG00000061936,SFSWAP,-0.3113477,False
ENSG00000149970,CNKSR2,-0.3113572,False
ENSG00000166971,AKTIP,-0.31168425,False
ENSG00000120798,NR2C1,-0.31188822,False
ENSG00000135336,ORC3,-0.31191334,False
ENSG00000197555,SIPA1L1,-0.31255537,False
ENSG00000132388,UBE2G1,-0.3132072,False
ENSG00000099995,SF3A1,-0.31328487,False
ENSG00000124198,ARFGEF2,-0.31392536,False
ENSG00000145882,PCYOX1L,-0.3143366,False
ENSG00000196235,SUPT5H,-0.31456143,False
ENSG00000181754,AMIGO1,-0.3149641,False
ENSG00000162869,PPP1R21,-0.31528872,False
ENSG00000145388,METTL14,-0.315471,False
ENSG00000134049,IER3IP1,-0.31584874,False
ENSG00000083937,CHMP2B,-0.3167026,False
ENSG00000109881,CCDC34,-0.31678417,False
ENSG00000111707,SUDS3,-0.31732416,False
ENSG00000058335,RASGRF1,-0.3173975,False
ENSG00000088256,GNA11,-0.31765243,False
ENSG00000204120,GIGYF2,-0.31770304,False
ENSG00000211445,GPX3,-0.31804356,False
ENSG00000134115,CNTN6,-0.31815606,False
ENSG00000134262,AP4B1,-0.3183855,False
ENSG00000163788,SNRK,-0.31860983,False
ENSG00000185008,ROBO2,-0.3188904,False
ENSG00000110429,FBXO3,-0.31893498,False
ENSG00000213341,CHUK,-0.3189951,False
ENSG00000154370,TRIM11,-0.3190903,False
ENSG00000119698,PPP4R4,-0.31917298,False
ENSG00000253719,ATXN7L3B,-0.31969556,False
ENSG00000101413,RPRD1B,-0.31970394,False
ENSG00000196504,PRPF40A,-0.32035512,False
ENSG00000133103,COG6,-0.3205463,False
ENSG00000169744,LDB2,-0.32140452,False
ENSG00000133027,PEMT,-0.32170185,False
ENSG00000197535,MYO5A,-0.32194307,False
ENSG00000102935,ZNF423,-0.32199225,False
ENSG00000163728,TTC14,-0.32214406,False
ENSG00000138175,ARL3,-0.3226339,False
ENSG00000167658,EEF2,-0.32294497,False
ENSG00000112425,EPM2A,-0.32326254,False
ENSG00000111786,SRSF9,-0.32327062,False
ENSG00000100234,TIMP3,-0.323446,False
ENSG00000119661,DNAL1,-0.3234489,False
ENSG00000134030,CTIF,-0.32358634,False
ENSG00000166260,COX11,-0.3237552,False
ENSG00000160948,VPS28,-0.32400578,False
ENSG00000100644,HIF1A,-0.32406843,False
ENSG00000103653,CSK,-0.3244671,False
ENSG00000108883,EFTUD2,-0.32509884,False
ENSG00000091947,TMEM101,-0.32520494,False
ENSG00000124299,PEPD,-0.32552102,False
ENSG00000111879,FAM184A,-0.3255629,False
ENSG00000083123,BCKDHB,-0.3262731,False
ENSG00000108960,MMD,-0.3263011,False
ENSG00000162694,EXTL2,-0.32654658,False
ENSG00000152503,TRIM36,-0.3269082,False
ENSG00000117614,SYF2,-0.32698163,False
ENSG00000047249,ATP6V1H,-0.3271917,False
ENSG00000139990,DCAF5,-0.32755858,False
ENSG00000135372,NAT10,-0.32769987,False
ENSG00000163558,PRKCI,-0.32774365,False
ENSG00000163743,RCHY1,-0.32789224,False
ENSG00000100387,RBX1,-0.32845938,False
ENSG00000205269,TMEM170B,-0.32870245,False
ENSG00000140553,UNC45A,-0.3288263,False
ENSG00000064651,SLC12A2,-0.3289567,False
ENSG00000145868,FBXO38,-0.3292746,False
ENSG00000139405,RITA1,-0.32952768,False
ENSG00000153558,FBXL2,-0.32994902,False
ENSG00000162735,PEX19,-0.329957,False
ENSG00000175265,GOLGA8A,-0.3299854,False
ENSG00000135597,REPS1,-0.33003426,False
ENSG00000141551,CSNK1D,-0.33008766,False
ENSG00000054793,ATP9A,-0.33090985,False
ENSG00000116237,ICMT,-0.33091602,False
ENSG00000117411,B4GALT2,-0.3317518,False
ENSG00000100938,GMPR2,-0.33274415,False
ENSG00000104880,ARHGEF18,-0.3327639,False
ENSG00000104756,KCTD9,-0.3331829,False
ENSG00000128578,STRIP2,-0.3336025,False
ENSG00000148688,RPP30,-0.33395773,False
ENSG00000169184,MN1,-0.33429644,False
ENSG00000198420,TCAF1,-0.33441505,False
ENSG00000076716,GPC4,-0.33457625,False
ENSG00000107643,MAPK8,-0.33561337,False
ENSG00000069667,RORA,-0.33613378,False
ENSG00000111652,COPS7A,-0.33628258,False
ENSG00000108389,MTMR4,-0.3365191,False
ENSG00000087470,DNM1L,-0.3371154,False
ENSG00000066583,ISOC1,-0.33725822,False
ENSG00000187398,LUZP2,-0.33765593,False
ENSG00000196440,ARMCX4,-0.3379227,False
ENSG00000130414,NDUFA10,-0.33853585,False
ENSG00000112146,FBXO9,-0.338544,False
ENSG00000149269,PAK1,-0.338971,False
ENSG00000143353,LYPLAL1,-0.33932903,False
ENSG00000165669,FAM204A,-0.3393544,False
ENSG00000011376,LARS2,-0.33946633,False
ENSG00000173889,PHC3,-0.33983776,False
ENSG00000162849,KIF26B,-0.34022343,False
ENSG00000182771,GRID1,-0.34061772,False
ENSG00000117016,RIMS3,-0.34077454,False
ENSG00000116903,EXOC8,-0.34103286,False
ENSG00000112237,CCNC,-0.34107387,False
ENSG00000176623,RMDN1,-0.34138787,False
ENSG00000106355,LSM5,-0.34226054,False
ENSG00000089234,BRAP,-0.34241742,False
ENSG00000114904,NEK4,-0.34247026,False
ENSG00000164134,NAA15,-0.34248775,False
ENSG00000171067,C11orf24,-0.34371337,False
ENSG00000090470,PDCD7,-0.3442548,False
ENSG00000119862,LGALSL,-0.34480733,False
ENSG00000133056,PIK3C2B,-0.34481475,False
ENSG00000166073,GPR176,-0.34604558,False
ENSG00000160007,ARHGAP35,-0.3464114,False
ENSG00000178950,GAK,-0.34711266,False
ENSG00000063601,MTMR1,-0.34723738,False
ENSG00000165417,GTF2A1,-0.34739834,False
ENSG00000175806,MSRA,-0.3474604,False
ENSG00000157600,TMEM164,-0.34773853,False
ENSG00000088812,ATRN,-0.34775457,False
ENSG00000134986,NREP,-0.3486574,False
ENSG00000157741,UBN2,-0.34871873,False
ENSG00000109762,SNX25,-0.34873644,False
ENSG00000182168,UNC5C,-0.34902522,False
ENSG00000135926,TMBIM1,-0.34931988,False
ENSG00000175602,CCDC85B,-0.34935382,False
ENSG00000228474,OST4,-0.3495295,False
ENSG00000139514,SLC7A1,-0.34976706,False
ENSG00000072274,TFRC,-0.35090283,False
ENSG00000102547,CAB39L,-0.3512229,False
ENSG00000169783,LINGO1,-0.3524851,False
ENSG00000049769,PPP1R3F,-0.3534326,False
ENSG00000137502,RAB30,-0.3537764,False
ENSG00000101977,MCF2,-0.35383266,False
ENSG00000186575,NF2,-0.35396358,False
ENSG00000111077,TNS2,-0.3541511,False
ENSG00000121680,PEX16,-0.3543571,False
ENSG00000182087,TMEM259,-0.35485852,False
ENSG00000148672,GLUD1,-0.35503137,False
ENSG00000005810,MYCBP2,-0.3551296,False
ENSG00000170017,ALCAM,-0.35520816,False
ENSG00000116852,KIF21B,-0.35589328,False
ENSG00000166452,AKIP1,-0.3569545,False
ENSG00000101882,NKAP,-0.357158,False
ENSG00000107771,CCSER2,-0.35736716,False
ENSG00000115694,STK25,-0.35750028,False
ENSG00000146072,TNFRSF21,-0.35795486,False
ENSG00000135821,GLUL,-0.3580123,False
ENSG00000128655,PDE11A,-0.35837078,False
ENSG00000175166,PSMD2,-0.35905632,False
ENSG00000009335,UBE3C,-0.35984093,False
ENSG00000136144,RCBTB1,-0.36001286,False
ENSG00000110514,MADD,-0.3608161,False
ENSG00000162607,USP1,-0.36093315,False
ENSG00000100983,GSS,-0.36191338,False
ENSG00000145901,TNIP1,-0.36251566,False
ENSG00000114446,IFT57,-0.36268866,False
ENSG00000137478,FCHSD2,-0.36328614,False
ENSG00000171723,GPHN,-0.3634612,False
ENSG00000109270,LAMTOR3,-0.36357796,False
ENSG00000141582,CBX4,-0.3636757,False
ENSG00000213064,SFT2D2,-0.36372414,False
ENSG00000171307,ZDHHC16,-0.36378604,False
ENSG00000197594,ENPP1,-0.36380443,False
ENSG00000050426,LETMD1,-0.36396107,False
ENSG00000095139,ARCN1,-0.3641016,False
ENSG00000085832,EPS15,-0.36428753,False
ENSG00000106077,ABHD11,-0.36441,False
ENSG00000168701,TMEM208,-0.36483264,False
ENSG00000122012,SV2C,-0.36510062,False
ENSG00000135333,EPHA7,-0.3659843,False
ENSG00000064933,PMS1,-0.3660329,False
ENSG00000145349,CAMK2D,-0.36604086,False
ENSG00000140280,LYSMD2,-0.36628056,False
ENSG00000105671,DDX49,-0.3664617,False
ENSG00000162728,KCNJ9,-0.36653122,False
ENSG00000196850,PPTC7,-0.36675784,False
ENSG00000183049,CAMK1D,-0.36691833,False
ENSG00000198894,CIPC,-0.3674873,False
ENSG00000150627,WDR17,-0.36755538,False
ENSG00000169375,SIN3A,-0.36783758,False
ENSG00000136100,VPS36,-0.3686745,False
ENSG00000087338,GMCL1,-0.36902508,False
ENSG00000143641,GALNT2,-0.36929482,False
ENSG00000186395,KRT10,-0.37120205,False
ENSG00000156475,PPP2R2B,-0.37127453,False
ENSG00000058729,RIOK2,-0.37219658,False
ENSG00000070367,EXOC5,-0.37248218,False
ENSG00000141258,SGSM2,-0.37297451,False
ENSG00000119977,TCTN3,-0.37434685,False
ENSG00000114480,GBE1,-0.3743667,False
ENSG00000138592,USP8,-0.37481096,False
ENSG00000168936,TMEM129,-0.3753431,False
ENSG00000139182,CLSTN3,-0.3754646,False
ENSG00000175161,CADM2,-0.3762496,False
ENSG00000168702,LRP1B,-0.3762749,False
ENSG00000068971,PPP2R5B,-0.3768231,False
ENSG00000185359,HGS,-0.37710992,False
ENSG00000213281,NRAS,-0.37712196,False
ENSG00000133216,EPHB2,-0.37778813,False
ENSG00000141568,FOXK2,-0.37804142,False
ENSG00000118369,USP35,-0.3781799,False
ENSG00000156345,CDK20,-0.37838772,False
ENSG00000068654,POLR1A,-0.3789432,False
ENSG00000151229,SLC2A13,-0.3790458,False
ENSG00000139220,PPFIA2,-0.37952447,False
ENSG00000075945,KIFAP3,-0.3797192,False
ENSG00000033327,GAB2,-0.3801575,False
ENSG00000137817,PARP6,-0.3802479,False
ENSG00000085788,DDHD2,-0.3806922,False
ENSG00000136021,SCYL2,-0.3808627,False
ENSG00000151116,UEVLD,-0.3816287,False
ENSG00000176871,WSB2,-0.38281655,False
ENSG00000136878,USP20,-0.38299733,False
ENSG00000155980,KIF5A,-0.38322845,False
ENSG00000059122,FLYWCH1,-0.3832814,False
ENSG00000184402,SS18L1,-0.38393015,False
ENSG00000007168,PAFAH1B1,-0.38442975,False
ENSG00000106278,PTPRZ1,-0.38463578,False
ENSG00000028310,BRD9,-0.3846508,False
ENSG00000164434,FABP7,-0.3853356,False
ENSG00000115760,BIRC6,-0.3854175,False
ENSG00000149182,ARFGAP2,-0.38558513,False
ENSG00000143850,PLEKHA6,-0.3862283,False
ENSG00000123575,FAM199X,-0.38667545,False
ENSG00000116128,BCL9,-0.38686806,False
ENSG00000179526,SHARPIN,-0.38774386,False
ENSG00000136295,TTYH3,-0.3885718,False
ENSG00000120686,UFM1,-0.3893372,False
ENSG00000110367,DDX6,-0.3893458,False
ENSG00000152061,RABGAP1L,-0.3894073,False
ENSG00000102763,VWA8,-0.3898982,False
ENSG00000109920,FNBP4,-0.39043406,False
ENSG00000176396,EID2,-0.3913111,False
ENSG00000036054,TBC1D23,-0.39192963,False
ENSG00000119446,RBM18,-0.39197034,False
ENSG00000169410,PTPN9,-0.39382765,False
ENSG00000073150,PANX2,-0.3939236,False
ENSG00000157103,SLC6A1,-0.39502066,False
ENSG00000169359,SLC33A1,-0.39527437,False
ENSG00000010244,ZNF207,-0.3956822,False
ENSG00000104613,INTS10,-0.39627063,False
ENSG00000184708,EIF4ENIF1,-0.39649814,False
ENSG00000100124,ANKRD54,-0.39666232,False
ENSG00000127922,SEM1,-0.39677343,False
ENSG00000158560,DYNC1I1,-0.39696616,False
ENSG00000136895,GARNL3,-0.39722615,False
ENSG00000163681,SLMAP,-0.39738917,False
ENSG00000110048,OSBP,-0.39793393,False
ENSG00000185127,C6orf120,-0.39850625,False
ENSG00000169905,TOR1AIP2,-0.39859843,False
ENSG00000070785,EIF2B3,-0.39870092,False
ENSG00000115091,ACTR3,-0.3988934,False
ENSG00000136521,NDUFB5,-0.39899167,False
ENSG00000151458,ANKRD50,-0.3993437,False
ENSG00000125503,PPP1R12C,-0.39942172,False
ENSG00000217128,FNIP1,-0.4004419,False
ENSG00000132604,TERF2,-0.40108445,False
ENSG00000124523,SIRT5,-0.40226784,False
ENSG00000183117,CSMD1,-0.40250492,False
ENSG00000156253,RWDD2B,-0.40272957,False
ENSG00000058091,CDK14,-0.4028367,False
ENSG00000115758,ODC1,-0.40287435,False
ENSG00000089057,SLC23A2,-0.40346813,False
ENSG00000151176,PLBD2,-0.40432975,False
ENSG00000196547,MAN2A2,-0.40456292,False
ENSG00000156103,MMP16,-0.4047228,False
ENSG00000164897,TMUB1,-0.40478152,False
ENSG00000121753,ADGRB2,-0.40520114,False
ENSG00000149428,HYOU1,-0.40537676,False
ENSG00000263753,LINC00667,-0.40539584,False
ENSG00000136560,TANK,-0.4054643,False
ENSG00000053900,ANAPC4,-0.4062865,False
ENSG00000182667,NTM,-0.406889,False
ENSG00000113448,PDE4D,-0.4083136,False
ENSG00000103222,ABCC1,-0.40858927,False
ENSG00000126254,RBM42,-0.4087752,False
ENSG00000174469,CNTNAP2,-0.40914142,False
ENSG00000168314,MOBP,-0.41045758,False
ENSG00000166847,DCTN5,-0.41067436,False
ENSG00000085721,RRN3,-0.41120374,False
ENSG00000167118,URM1,-0.41161016,False
ENSG00000144566,RAB5A,-0.41178966,False
ENSG00000113194,FAF2,-0.41200703,False
ENSG00000006282,SPATA20,-0.41218084,False
ENSG00000117682,DHDDS,-0.4129506,False
ENSG00000119900,OGFRL1,-0.41376278,False
ENSG00000182747,SLC35D3,-0.41376573,False
ENSG00000143603,KCNN3,-0.41385603,False
ENSG00000074370,ATP2A3,-0.41451612,False
ENSG00000110696,C11orf58,-0.41455242,False
ENSG00000120451,SNX19,-0.41489443,False
ENSG00000124596,OARD1,-0.4165689,False
ENSG00000143224,PPOX,-0.41717482,False
ENSG00000125843,AP5S1,-0.41847423,False
ENSG00000144741,SLC25A26,-0.41856554,False
ENSG00000123200,ZC3H13,-0.41942585,False
ENSG00000175826,CTDNEP1,-0.41960254,False
ENSG00000165914,TTC7B,-0.42052108,False
ENSG00000101161,PRPF6,-0.42073652,False
ENSG00000011405,PIK3C2A,-0.42129385,False
ENSG00000133704,IPO8,-0.4223155,False
ENSG00000153989,NUS1,-0.42271125,False
ENSG00000066027,PPP2R5A,-0.42305312,False
ENSG00000132854,KANK4,-0.42463973,False
ENSG00000111785,RIC8B,-0.425279,False
ENSG00000102858,MGRN1,-0.42536816,False
ENSG00000117569,PTBP2,-0.4264976,False
ENSG00000197296,FITM2,-0.426961,False
ENSG00000151914,DST,-0.42768976,False
ENSG00000007402,CACNA2D2,-0.4280093,False
ENSG00000102781,KATNAL1,-0.4284027,False
ENSG00000001036,FUCA2,-0.42846665,False
ENSG00000196507,TCEAL3,-0.42904672,False
ENSG00000116016,EPAS1,-0.42954454,False
ENSG00000112763,BTN2A1,-0.43081406,False
ENSG00000148158,SNX30,-0.4309474,False
ENSG00000137261,KIAA0319,-0.4310894,False
ENSG00000085274,MYNN,-0.43166256,False
ENSG00000198912,C1orf174,-0.43175685,False
ENSG00000144036,EXOC6B,-0.43179008,False
ENSG00000138622,HCN4,-0.4325651,False
ENSG00000196262,PPIA,-0.43367615,False
ENSG00000108829,LRRC59,-0.43395424,False
ENSG00000163882,POLR2H,-0.4340583,False
ENSG00000125962,ARMCX5,-0.43440887,False
ENSG00000110013,SIAE,-0.43450204,False
ENSG00000048540,LMO3,-0.4346351,False
ENSG00000165102,HGSNAT,-0.4354052,False
ENSG00000165092,ALDH1A1,-0.43735406,False
ENSG00000129128,SPCS3,-0.43736312,False
ENSG00000154027,AK5,-0.43914473,False
ENSG00000135049,AGTPBP1,-0.44010872,False
ENSG00000125744,RTN2,-0.44054878,False
ENSG00000140382,HMG20A,-0.4406035,False
ENSG00000140463,BBS4,-0.44077975,False
ENSG00000169032,MAP2K1,-0.44136208,False
ENSG00000250317,SMIM20,-0.44239396,False
ENSG00000170571,EMB,-0.44271666,False
ENSG00000136816,TOR1B,-0.44368204,False
ENSG00000145390,USP53,-0.44616938,False
ENSG00000206538,VGLL3,-0.44624072,False
ENSG00000132970,WASF3,-0.4467697,False
ENSG00000144891,AGTR1,-0.44677162,False
ENSG00000155380,SLC16A1,-0.44709614,False
ENSG00000169710,FASN,-0.4473945,False
ENSG00000182606,TRAK1,-0.44802967,False
ENSG00000137815,RTF1,-0.4485149,False
ENSG00000146007,ZMAT2,-0.4487332,False
ENSG00000162402,USP24,-0.44889045,False
ENSG00000136146,MED4,-0.44967747,False
ENSG00000122299,ZC3H7A,-0.45072392,False
ENSG00000059573,ALDH18A1,-0.45235527,False
ENSG00000107290,SETX,-0.45275825,False
ENSG00000107164,FUBP3,-0.4535033,False
ENSG00000112234,FBXL4,-0.454954,False
ENSG00000138190,EXOC6,-0.45526254,False
ENSG00000070371,CLTCL1,-0.45600674,False
ENSG00000102924,CBLN1,-0.4565715,False
ENSG00000155858,LSM11,-0.45694503,False
ENSG00000196449,YRDC,-0.45709613,False
ENSG00000119682,AREL1,-0.45801547,False
ENSG00000099622,CIRBP,-0.4580717,False
ENSG00000134107,BHLHE40,-0.46011946,False
ENSG00000100897,DCAF11,-0.46013436,False
ENSG00000215712,TMEM242,-0.46041387,False
ENSG00000100600,LGMN,-0.4607446,True
ENSG00000156162,DPY19L4,-0.46146208,False
ENSG00000074211,PPP2R2C,-0.46239048,False
ENSG00000143740,SNAP47,-0.4627375,False
ENSG00000137200,CMTR1,-0.46325344,False
ENSG00000179918,SEPHS2,-0.46395028,False
ENSG00000164331,ANKRA2,-0.46905604,False
ENSG00000023516,AKAP11,-0.46950567,False
ENSG00000105270,CLIP3,-0.4699781,False
ENSG00000196961,AP2A1,-0.47231066,False
ENSG00000066427,ATXN3,-0.4726075,False
ENSG00000134987,WDR36,-0.47284633,False
ENSG00000055130,CUL1,-0.47436535,False
ENSG00000132031,MATN3,-0.47576898,False
ENSG00000079999,KEAP1,-0.476635,False
ENSG00000104853,CLPTM1,-0.4775862,False
ENSG00000101266,CSNK2A1,-0.47842053,False
ENSG00000188690,UROS,-0.47870487,False
ENSG00000156931,VPS8,-0.47949433,False
ENSG00000260230,FRRS1L,-0.4796842,False
ENSG00000172292,CERS6,-0.480323,False
ENSG00000100504,PYGL,-0.48068038,False
ENSG00000196937,FAM3C,-0.4815085,False
ENSG00000054611,TBC1D22A,-0.4841714,False
ENSG00000066926,FECH,-0.48450074,False
ENSG00000185088,RPS27L,-0.48565006,False
ENSG00000146242,TPBG,-0.48666573,False
ENSG00000131263,RLIM,-0.48771837,False
ENSG00000156639,ZFAND3,-0.48800313,False
ENSG00000138031,ADCY3,-0.489072,False
ENSG00000115271,GCA,-0.4892791,False
ENSG00000011485,PPP5C,-0.49039838,False
ENSG00000178947,SMIM10L2A,-0.4906159,False
ENSG00000001084,GCLC,-0.49091324,False
ENSG00000111481,COPZ1,-0.49138686,False
ENSG00000122218,COPA,-0.4918659,False
ENSG00000175073,VCPIP1,-0.49217585,False
ENSG00000092108,SCFD1,-0.49266857,False
ENSG00000140526,ABHD2,-0.4930844,False
ENSG00000123836,PFKFB2,-0.4954331,False
ENSG00000135838,NPL,-0.4956669,False
ENSG00000155961,RAB39B,-0.49573332,False
ENSG00000107105,ELAVL2,-0.49996352,False
ENSG00000165300,SLITRK5,-0.5004204,False
ENSG00000132535,DLG4,-0.50100285,False
ENSG00000182944,EWSR1,-0.50254565,False
ENSG00000103275,UBE2I,-0.50354606,False
ENSG00000119729,RHOQ,-0.50393623,False
ENSG00000125675,GRIA3,-0.5047839,False
ENSG00000130717,UCK1,-0.5048102,False
ENSG00000159461,AMFR,-0.5052482,False
ENSG00000162688,AGL,-0.5098294,False
ENSG00000196372,ASB13,-0.5099926,False
ENSG00000122912,SLC25A16,-0.51078373,False
ENSG00000143751,SDE2,-0.51091325,False
ENSG00000160131,VMA21,-0.515228,False
ENSG00000117461,PIK3R3,-0.5154317,False
ENSG00000135298,ADGRB3,-0.5174692,True
ENSG00000182901,RGS7,-0.51755524,False
ENSG00000130338,TULP4,-0.5184285,False
ENSG00000153214,TMEM87B,-0.5216625,False
ENSG00000163629,PTPN13,-0.5217375,False
ENSG00000048471,SNX29,-0.5228868,False
ENSG00000137766,UNC13C,-0.5240892,False
ENSG00000168913,ENHO,-0.5242375,False
ENSG00000064652,SNX24,-0.5245082,False
ENSG00000136986,DERL1,-0.5257884,False
ENSG00000172379,ARNT2,-0.52757394,False
ENSG00000125772,GPCPD1,-0.52805054,False
ENSG00000136193,SCRN1,-0.52865046,False
ENSG00000175497,DPP10,-0.5300273,False
ENSG00000136936,XPA,-0.5302085,False
ENSG00000133805,AMPD3,-0.53096646,False
ENSG00000008394,MGST1,-0.5321447,False
ENSG00000062650,WAPL,-0.5321796,False
ENSG00000187068,C3orf70,-0.5330737,False
ENSG00000134283,PPHLN1,-0.53539854,False
ENSG00000103489,XYLT1,-0.5375092,False
ENSG00000147408,CSGALNACT1,-0.5384326,False
ENSG00000170464,DNAJC18,-0.5386682,False
ENSG00000108100,CCNY,-0.5407324,False
ENSG00000119574,ZBTB45,-0.5410301,False
ENSG00000145979,TBC1D7,-0.5416924,False
ENSG00000164654,MIOS,-0.5434059,False
ENSG00000054965,FAM168A,-0.5435754,False
ENSG00000164209,SLC25A46,-0.543652,False
ENSG00000168591,TMUB2,-0.5436587,False
ENSG00000103148,NPRL3,-0.5454509,False
ENSG00000172731,LRRC20,-0.54564816,False
ENSG00000154265,ABCA5,-0.5470582,False
ENSG00000150967,ABCB9,-0.553858,False
ENSG00000118473,SGIP1,-0.55511916,False
ENSG00000170899,GSTA4,-0.55757445,False
ENSG00000101928,MOSPD1,-0.55847156,False
ENSG00000173905,GOLIM4,-0.5587419,False
ENSG00000111799,COL12A1,-0.5636552,False
ENSG00000188811,NHLRC3,-0.5640301,False
ENSG00000215717,TMEM167B,-0.56639534,False
ENSG00000173114,LRRN3,-0.56653243,False
ENSG00000124444,ZNF576,-0.5691401,False
ENSG00000142949,PTPRF,-0.56970656,False
ENSG00000188419,CHM,-0.57204413,False
ENSG00000158828,PINK1,-0.5730964,False
ENSG00000100395,L3MBTL2,-0.57462764,False
ENSG00000171444,MCC,-0.57538486,False
ENSG00000082153,BZW1,-0.5796918,False
ENSG00000101464,PIGU,-0.58014256,False
ENSG00000163781,TOPBP1,-0.58198696,False
ENSG00000149532,CPSF7,-0.5830014,False
ENSG00000174080,CTSF,-0.58510303,False
ENSG00000150995,ITPR1,-0.5874289,False
ENSG00000182732,RGS6,-0.5886501,False
ENSG00000196776,CD47,-0.59325814,False
ENSG00000198838,RYR3,-0.5947738,False
ENSG00000085719,CPNE3,-0.59604937,True
ENSG00000144218,AFF3,-0.6034562,False
ENSG00000163513,TGFBR2,-0.6100508,False
ENSG00000150394,CDH8,-0.6109697,False
ENSG00000189184,PCDH18,-0.6148807,False
ENSG00000140416,TPM1,-0.6208988,False
ENSG00000140937,CDH11,-0.62261325,False
ENSG00000107651,SEC23IP,-0.6280758,False
ENSG00000149357,LAMTOR1,-0.630533,False
ENSG00000166402,TUB,-0.6350255,False
ENSG00000115170,ACVR1,-0.635509,False
ENSG00000158555,GDPD5,-0.63654715,False
ENSG00000108379,WNT3,-0.6390176,False
ENSG00000146966,DENND2A,-0.64323944,False
ENSG00000144619,CNTN4,-0.64358634,True
ENSG00000148219,ASTN2,-0.6482159,False
ENSG00000130287,NCAN,-0.65361017,False
ENSG00000165655,ZNF503,-0.6546169,False
ENSG00000214026,MRPL23,-0.65969396,False
ENSG00000168675,LDLRAD4,-0.66314065,False
ENSG00000104343,UBE2W,-0.6662587,False
ENSG00000107929,LARP4B,-0.66665745,False
ENSG00000114125,RNF7,-0.6836088,False
ENSG00000173611,SCAI,-0.68482375,True
ENSG00000132975,GPR12,-0.6880646,False
ENSG00000160179,ABCG1,-0.69337356,False
ENSG00000137714,FDX1,-0.6942149,False
ENSG00000164181,ELOVL7,-0.696112,True
ENSG00000125249,RAP2A,-0.69648945,False
ENSG00000165271,NOL6,-0.70526415,False
ENSG00000123684,LPGAT1,-0.7098389,False
ENSG00000149743,TRPT1,-0.7145083,False
ENSG00000163630,SYNPR,-0.72240937,False
ENSG00000183166,CALN1,-0.7355752,False
ENSG00000066557,LRRC40,-0.7367484,False
ENSG00000182919,C11orf54,-0.7379262,True
ENSG00000176055,MBLAC2,-0.745155,False
ENSG00000140600,SH3GL3,-0.78548515,True
ENSG00000185043,CIB1,-0.79052246,False
ENSG00000110693,SOX6,-0.7985958,True
ENSG00000003096,KLHL13,-0.80854005,False
ENSG00000005700,IBTK,-0.9073747,True
ENSG00000139874,SSTR1,-0.9788481,True
ENSG00000114757,PEX5L,-0.98784524,False
ENSG00000152484,USP12,-1.0090576,True
ENSG00000139726,DENR,-1.3324044,False
