gene,symbol,g,lineage,agtr1
ENSG00000000003,TSPAN6,-0.0293314221576463,-1.430019788432215,5.72007915372886
ENSG00000000419,DPM1,0.0543398530523039,0.5263356759863651,0.0
ENSG00000001036,FUCA2,-0.3927281692486835,-1.794149156013455,0.0
ENSG00000001084,GCLC,-0.4655137928954729,-2.536314006226925,10.1452560249077
ENSG00000001460,STPG1,-0.0694762018199641,0.0,0.0
ENSG00000001461,NIPAL3,-0.1067322793588682,0.0,0.0
ENSG00000001497,LAS1L,-0.1919820170321719,0.31725972851156165,0.0
ENSG00000001561,ENPP4,0.1605073822989795,-2.13038676584795,0.0
ENSG00000001629,ANKIB1,0.0341975812895172,-1.5853542173149986,5.37376454576604
ENSG00000002549,LAP3,0.0152001475237631,-2.59019052789915,0.0
ENSG00000002746,HECW1,-0.0880458500259171,-2.7736465762322267,12.9248211594805
ENSG00000002834,LASP1,-0.2029210490339986,-3.7543486578225647,11.7438297935496
ENSG00000002919,SNX11,-0.3405975381976529,0.0,0.0
ENSG00000003096,KLHL13,-0.5532471565119085,-8.231444660720602,24.6416334097539
ENSG00000003147,ICA1,-0.2399345091448169,0.0,0.0
ENSG00000003393,ALS2,-0.0438511150029196,-0.80395714974957,3.21582859899828
ENSG00000003402,CFLAR,0.5437844227360927,0.7255581616174815,0.0
ENSG00000003509,NDUFAF7,0.1172748778877013,-0.61172768545044,0.0
ENSG00000003756,RBM5,0.2239849890014501,-1.3063854114806732,4.07363872829946
ENSG00000004142,POLDIP2,0.0034201770007202,-2.0115732597048894,0.0
ENSG00000004455,AK2,0.3627645507037862,0.25160982745115335,0.0
ENSG00000004534,RBM6,0.469664436798369,-1.1682712342970691,3.35111216502621
ENSG00000004660,CAMKK1,0.045938239029901,-0.3989054128083607,2.9131767970045894
ENSG00000004766,VPS50,0.1360004161894545,0.0,0.0
ENSG00000004779,NDUFAB1,0.056608634289289,-2.06867702209638,0.0
ENSG00000004799,PDK4,-0.0376102657215407,0.0,0.0
ENSG00000004864,SLC25A13,-0.0482253915834368,0.0,0.0
ENSG00000004897,CDC27,-0.1065319730922274,-1.577701273553215,5.34356507648669
ENSG00000004961,HCCS,-0.030538393227895,-2.08584400061453,0.0
ENSG00000005007,UPF1,-0.0186072994152145,-2.0156916755513974,0.0
ENSG00000005020,SKAP2,0.0627944047791002,1.5363365298417953,0.0
ENSG00000005022,SLC25A5,0.1096875274916508,-2.402178346854267,0.0
ENSG00000005100,DHX33,0.0411667570104176,0.0,0.0
ENSG00000005108,THSD7A,0.2889134658639593,-1.017368398558721,5.6749952525698495
ENSG00000005175,RPAP3,0.142109575165985,-2.4219298884526332,0.0
ENSG00000005194,CIAPIN1,-0.0405705882925011,-1.7906023894542176,0.0
ENSG00000005249,PRKAR2B,-0.2712731135022539,-6.458697232822746,14.1480916473929
ENSG00000005302,MSL3,0.3223888295143892,-2.471960606262762,0.0
ENSG00000005339,CREBBP,0.0392587622477665,0.45814409602307665,0.0
ENSG00000005448,WDR54,0.1818014696482112,-1.2874521300829285,0.0
ENSG00000005483,KMT2E,0.1171067906449761,0.05523248404537631,0.0
ENSG00000005486,RHBDD2,0.0746811686197867,-0.11815059338812262,0.0
ENSG00000005700,IBTK,-0.8964764842736727,-1.3769266914131824,5.507706765652729
ENSG00000005801,ZNF195,0.3755553766995306,-0.6291596450202976,3.56094566193551
ENSG00000005810,MYCBP2,-0.43603610848463,-0.24343922560215664,0.0
ENSG00000005812,FBXL3,-0.0833710694063197,0.0,0.0
ENSG00000005893,LAMP2,0.0295302340683895,0.0,0.0
ENSG00000005981,ASB4,0.1022514626315388,-12.149954303851047,31.1364912514331
ENSG00000006007,GDE1,-0.1919488514858022,-3.286403153621575,0.0
ENSG00000006116,CACNG3,0.1861026521146711,4.157251069377532,0.0
ENSG00000006118,TMEM132A,0.7418764501577082,-1.432140758058018,0.0
ENSG00000006125,AP2B1,-0.2813749050565404,0.6263411457243366,0.0
ENSG00000006128,TAC1,0.033908958671766,7.323644383548756,0.0
ENSG00000006210,CX3CL1,0.0740187217136809,0.0,0.0
ENSG00000006282,SPATA20,-0.3953476872405568,-1.6368962509697276,0.0
ENSG00000006283,CACNA1G,-0.2443374899525167,-11.035184408244803,31.413324448636896
ENSG00000006451,RALA,-0.0725466438782446,-3.072755291181137,7.12145128553645
ENSG00000006530,AGK,-0.2043819783691121,-2.6046745160605287,8.62424271275432
ENSG00000006625,GGCT,0.0372211845294041,-2.1594030161519626,0.0
ENSG00000006704,GTF2IRD1,0.143565918130207,-2.546084908779455,7.04278501465987
ENSG00000006712,PAF1,0.1245200886160221,-2.428056309874962,0.0
ENSG00000006715,VPS41,0.2027091451460997,0.3559521458046417,0.0
ENSG00000006740,ARHGAP44,0.1199635834582898,-2.223221193679489,7.70412732817168
ENSG00000006744,ELAC2,-0.0078701989929746,-1.5708497662287983,0.0
ENSG00000006831,ADIPOR2,-0.1178323304903046,0.0,0.0
ENSG00000007047,MARK4,-0.0509278724208429,-1.0426691801592352,3.31910935886369
ENSG00000007168,PAFAH1B1,-0.3685041901289194,-0.5984202419232924,2.3936809676931694
ENSG00000007392,LUC7L,-0.1133003688819319,-3.513313920842229,7.9429990293149295
ENSG00000007402,CACNA2D2,-0.415644573564269,-1.6969838604110474,5.776023005297
ENSG00000007944,MYLIP,-0.2126729783523105,-11.066154166631083,27.3885937835368
ENSG00000008018,PSMB1,0.2841567879524407,-2.1222112340351815,0.0
ENSG00000008056,SYN1,0.2373080398164276,-0.8616841964274036,0.0
ENSG00000008083,JARID2,0.0573328313497502,-1.3929974155597942,5.93231192304942
ENSG00000008256,CYTH3,-0.2861996247174432,0.0,0.0
ENSG00000008277,ADAM22,0.3768544507969942,-1.15176966536233,3.9914252696030497
ENSG00000008282,SYPL1,-0.0262335549898055,0.0,0.0
ENSG00000008283,CYB561,-0.1024220376090842,-0.1361568471778729,0.0
ENSG00000008294,SPAG9,-0.0309201944482001,0.0,0.0
ENSG00000008300,CELSR3,-0.1529742056608833,1.4615372233336654,0.0
ENSG00000008324,SS18L2,0.1789248621883797,0.34611234557982,0.0
ENSG00000008394,MGST1,-0.5189185630922973,-10.096274874572448,17.1327553341667
ENSG00000008513,ST3GAL1,-0.2988812677985465,-13.478415345257437,33.2041784802776
ENSG00000008735,MAPK8IP2,-0.1535612119699039,-2.1537162405461454,0.0
ENSG00000008869,HEATR5B,-0.1826964014064494,0.0,0.0
ENSG00000008952,SEC62,0.0342821630841191,-1.2602447523938312,0.0
ENSG00000009307,CSDE1,0.1065461716874637,-1.70783949492889,0.0
ENSG00000009335,UBE3C,-0.3432535984809495,-2.361242317654457,6.25336462939952
ENSG00000009413,REV3L,0.3222539997205275,-0.43766512105692423,0.0
ENSG00000009694,TENM1,0.2061240570050019,-0.7946455650647257,6.54723073177159
ENSG00000009844,VTA1,-0.1151187642231715,0.0,0.0
ENSG00000009954,BAZ1B,0.2777262458345637,0.37626230034315666,0.0
ENSG00000010017,RANBP9,-0.1708928010519013,-2.604686865351521,6.980641802175089
ENSG00000010244,ZNF207,-0.3844094132585092,-0.698654018772365,2.79461607508946
ENSG00000010270,STARD3NL,-0.0191858614043868,-1.445149731532736,0.0
ENSG00000010295,IFFO1,-0.1083679508526582,-1.85014463200169,0.0
ENSG00000010322,NISCH,-0.0546899989980633,1.3581336998148716,0.0
ENSG00000010810,FYN,0.0940302106689511,-0.5119589122432877,3.86201942353798
ENSG00000010818,HIVEP2,0.3217054364374523,-1.1627715398311578,6.2106155695524
ENSG00000011009,LYPLA2,-0.0557580493081701,-0.5159459402053475,0.0
ENSG00000011021,CLCN6,-0.1771026723934909,0.14196147636536985,0.0
ENSG00000011114,BTBD7,-0.0030462090001087,-2.02893256003333,4.77725610020976
ENSG00000011275,RNF216,-0.0477627041290166,0.312290695782534,0.0
ENSG00000011295,TTC19,-0.0132135807899017,-0.8271925104027223,3.3087700416108894
ENSG00000011376,LARS2,-0.3285115734776493,-0.6805231904025051,0.0
ENSG00000011405,PIK3C2A,-0.4190143108182425,-0.6118130018259809,2.94207557141777
ENSG00000011426,ANLN,-0.1868950373869735,-0.2228369377891367,0.0
ENSG00000011451,WIZ,0.2725753833617129,-0.32961234879725065,0.0
ENSG00000011485,PPP5C,-0.4604947665937793,-2.4923832631814,0.0
ENSG00000011523,CEP68,0.1480338216888305,-0.012491515132069198,0.0
ENSG00000011566,MAP4K3,-0.0804183538711196,-0.8145829781376723,2.24284501732438
ENSG00000012061,ERCC1,-0.2281292365142861,0.0,0.0
ENSG00000012174,MBTPS2,-0.2128344949296594,0.0,0.0
ENSG00000012232,EXTL3,-0.1400116312830868,1.2280470504451566,0.0
ENSG00000012660,ELOVL5,-0.2521876250497356,-7.217652261606146,19.1854973327097
ENSG00000012822,CALCOCO1,-0.1810066078620696,0.0,0.0
ENSG00000012963,UBR7,0.0301168114898458,0.0,0.0
ENSG00000012983,MAP4K5,-0.090736310061898,-0.67343309902693,2.69373239610772
ENSG00000013016,EHD3,0.0428502729246912,1.499572242211,0.0
ENSG00000013275,PSMC4,0.1339419828181826,-2.6433128586599333,0.0
ENSG00000013288,MAN2B2,0.2958885235999564,0.0,0.0
ENSG00000013293,SLC7A14,0.1077965742794677,-0.574881928698805,0.0
ENSG00000013374,NUB1,0.1022869380443331,-2.7874511046927353,0.0
ENSG00000013375,PGM3,0.0707473088999484,0.0,0.0
ENSG00000013392,RWDD2A,0.3058622550670533,0.6057194830176433,0.0
ENSG00000013441,CLK1,0.3116885211592481,0.1463769450612588,0.0
ENSG00000013523,ANGEL1,0.080026301977246,0.34261601471093,0.0
ENSG00000013561,RNF14,-0.230774471312109,-2.4444650054607475,2.46486002021718
ENSG00000013588,GPRC5A,0.2970681028044627,-0.7002235485529269,16.4057006042847
ENSG00000014123,UFL1,-0.1747896601134051,0.0,0.0
ENSG00000014216,CAPN1,0.0446553790156804,0.0,0.0
ENSG00000014641,MDH1,0.0677480216207684,-1.9987235261381882,0.0
ENSG00000014824,SLC30A9,-0.1066324680614084,0.0,0.0
ENSG00000014919,COX15,0.1987560920227536,-0.19486117576209505,0.0
ENSG00000015153,YAF2,0.0349335381928567,-1.2473364255457802,1.98564586947731
ENSG00000015171,ZMYND11,0.0091802073371374,0.2658629539746867,0.0
ENSG00000015532,XYLT2,-0.1335560310526033,0.0,0.0
ENSG00000015592,STMN4,0.2367185424565807,-0.8713860028594426,0.0
ENSG00000015676,NUDCD3,0.0728029017317841,0.0,0.0
ENSG00000016864,GLT8D1,-0.0399679098700921,-1.3318232652199389,0.0
ENSG00000017260,ATP2C1,0.2248794974853689,-2.028820423050209,5.29659991701856
ENSG00000017427,IGF1,0.4931422183260808,1.4132857231936824,0.0
ENSG00000017797,RALBP1,-0.0345404909255663,-2.73759200775685,0.0
ENSG00000018189,RUFY3,-0.2000812269199696,-0.7727280138135476,2.59643554930077
ENSG00000018236,CNTN1,-0.1661810793941725,-1.8385334910642812,9.296408196627901
ENSG00000018510,AGPS,-0.1838309526101128,-2.418133395033549,8.35976089409555
ENSG00000018625,ATP1A2,-0.1977586349230823,0.0,0.0
ENSG00000019505,SYT13,0.3035754630780687,1.5161438068586228,0.0
ENSG00000019582,CD74,0.2133122660605008,0.0,0.0
ENSG00000019995,ZRANB1,0.3334254322357535,0.0,0.0
ENSG00000020129,NCDN,0.1591361244098058,-2.77975566720225,0.0
ENSG00000020426,MNAT1,-0.1759279139797883,-1.584567947102325,3.6809456254716
ENSG00000020577,SAMD4A,0.0262020864213248,0.11132740603927416,0.0
ENSG00000021300,PLEKHB1,0.2897028537775057,2.5121814201419617,0.0
ENSG00000021355,SERPINB1,-0.1045341085884309,-2.3773891539289416,0.0
ENSG00000021574,SPAST,-0.1890441277591107,0.03571554777934005,0.0
ENSG00000021645,NRXN3,-0.2774855439756853,-0.43520727886485644,3.9917522965561
ENSG00000021762,OSBPL5,-0.039944381153492,-0.50854172451115,2.0341668980446
ENSG00000021776,AQR,-0.0103668671586896,0.0,0.0
ENSG00000022267,FHL1,0.304278062133568,0.0,0.0
ENSG00000022355,GABRA1,-0.0682217758512539,0.0,0.0
ENSG00000022567,SLC45A4,0.4844692883102294,0.0,0.0
ENSG00000022840,RNF10,-0.0443683433617976,0.0,0.0
ENSG00000023041,ZDHHC6,-0.1550424914336207,0.31667654575073834,0.0
ENSG00000023171,GRAMD1B,-0.0236560712910802,-1.0586419319878575,4.23456772795143
ENSG00000023191,RNH1,0.1429743940140563,-3.27254511374295,0.0
ENSG00000023228,NDUFS1,-0.1267027898688094,-0.2259363398987665,0.0
ENSG00000023287,RB1CC1,0.0592178409104844,-0.8186438457339344,2.72719237691408
ENSG00000023318,ERP44,0.0428338687756896,-1.51276845918062,3.97893666714549
ENSG00000023516,AKAP11,-0.4357666928096437,0.0,0.0
ENSG00000023572,GLRX2,0.1680536260192192,-2.2980011126260504,0.0
ENSG00000023734,STRAP,-0.2433606499283798,-1.8351831092963016,0.0
ENSG00000023909,GCLM,0.2535961887658754,0.33902442958158335,0.0
ENSG00000024048,UBR2,0.2513307841293016,-0.24324565334971626,0.0
ENSG00000024862,CCDC28A,0.2452313306168186,-1.5441514262944627,0.0
ENSG00000025039,RRAGD,-0.0428507027046199,-0.5426910154608016,0.0
ENSG00000025156,HSF2,-0.0986163944947508,-2.0134352557190183,0.0
ENSG00000025293,PHF20,0.3270043367803494,0.008890411820482003,0.0
ENSG00000025770,NCAPH2,-0.1830119493007737,0.0,0.0
ENSG00000025772,TOMM34,0.1967933156189551,-1.6189554767276324,0.0
ENSG00000025796,SEC63,-0.0443382002410237,0.0,0.0
ENSG00000025800,KPNA6,-0.0227911179561762,0.38038511526390484,0.0
ENSG00000026652,AGPAT4,-0.0817399895448281,-0.8019650612497498,6.45298070832946
ENSG00000027697,IFNGR1,-0.2498806868975809,0.0,0.0
ENSG00000027847,B4GALT7,-0.196870801888516,-2.050763290154727,0.0
ENSG00000028203,VEZT,0.1767976099561517,-2.7551055451431186,8.68542136111031
ENSG00000028310,BRD9,-0.3693427005723206,-1.883462118483195,0.0
ENSG00000028528,SNX1,0.0158020751068566,0.0,0.0
ENSG00000028839,TBPL1,0.1538149492472671,-1.7688197943710424,7.211422575501
ENSG00000029363,BCLAF1,-0.2022585158002036,0.0,0.0
ENSG00000029364,SLC39A9,-0.2940928454289744,-0.21702187266087836,0.0
ENSG00000029534,ANK1,-0.0146373032683856,-2.8092077524377532,13.5061260044384
ENSG00000029725,RABEP1,0.0034378202908446,-1.6844368722188623,3.27267361095162
ENSG00000030582,GRN,0.7821055017233192,-4.193398780812029,0.0
ENSG00000031003,FAM13B,0.2704716767406377,0.0,0.0
ENSG00000031823,RANBP3,-0.1069265572350298,-1.6588417275293423,0.0
ENSG00000032219,ARID4A,0.4175634750864889,-1.4741248546111496,0.0
ENSG00000032444,PNPLA6,0.0032672253332744,-2.1354822753982274,0.0
ENSG00000033122,LRRC7,-0.2803904644032549,-2.5399469009415694,12.2166007987836
ENSG00000033170,FUT8,0.3572783442102283,0.37379792582833155,0.0
ENSG00000033178,UBA6,0.2272384702470228,-0.06121730300299488,0.0
ENSG00000033327,GAB2,-0.4757681108786543,-3.2967564335820105,10.9512247806312
ENSG00000033627,ATP6V0A1,-0.0807934403361744,-2.7051825582224875,7.14702939426668
ENSG00000033867,SLC4A7,0.1085496483081515,0.8696533388207344,0.0
ENSG00000034053,APBA2,0.2605320944594323,0.0,0.0
ENSG00000034152,MAP2K3,0.2633022481103833,-1.8890638001061824,7.556255200424729
ENSG00000034510,TMSB10,0.2401196082203412,-2.1022862079150784,0.0
ENSG00000034677,RNF19A,-0.1477210994419418,0.0,0.0
ENSG00000034713,GABARAPL2,0.0353783589765154,-3.005999414815008,0.0
ENSG00000035115,SH3YL1,0.0662340492635284,-0.8011405468994296,3.31543346122335
ENSG00000035403,VCL,0.1890849600038445,-1.8497913696962573,4.31172386815925
ENSG00000035681,NSMAF,0.188334902438502,0.0631178417006125,0.0
ENSG00000035687,ADSS2,0.0712978265488362,0.0,0.0
ENSG00000035862,TIMP2,0.3849831236430769,1.418172085666615,0.0
ENSG00000035928,RFC1,-0.0773899794758974,-2.634193188779075,0.0
ENSG00000036054,TBC1D23,-0.3637836933848606,0.0,0.0
ENSG00000036257,CUL3,0.0005748654136351,0.0,0.0
ENSG00000036530,CYP46A1,0.0223707814448909,-0.0016578083720600878,0.0
ENSG00000036549,ZZZ3,-0.1897177480409984,-0.5055244202705925,0.0
ENSG00000036565,SLC18A1,0.3783499782140406,8.51584936494209,0.0
ENSG00000037042,TUBG2,0.4787485930757236,0.42536220097405003,0.0
ENSG00000037474,NSUN2,-0.037534780615693,-0.7505799750790725,0.0
ENSG00000037637,FBXO42,0.1731048982935852,-2.191121720385558,6.66384492370124
ENSG00000038219,BOD1L1,0.1079960558180844,-1.331555883039174,0.0
ENSG00000038274,MAT2B,0.2921341065000648,0.0,0.0
ENSG00000038382,TRIO,0.4699084681245926,-1.159776816082809,5.57669795346922
ENSG00000039319,ZFYVE16,-0.0591098508254888,0.095044443793945,0.0
ENSG00000040199,PHLPP2,-0.3025256530470622,0.0,0.0
ENSG00000040341,STAU2,-0.0062852044250956,-3.1183678493281697,8.0802569888548
ENSG00000040731,CDH10,0.1645067571387785,-5.042957141354535,12.2135540096007
ENSG00000040933,INPP4A,-0.1551947771550726,0.22189273635166007,2.58643883850036
ENSG00000041353,RAB27B,0.1336503991245776,0.8582738026388395,7.84720628631641
ENSG00000041357,PSMA4,-0.2279575593010118,-3.624155799859928,0.0
ENSG00000041802,LSG1,-0.066312392278347,-2.71433671938638,0.0
ENSG00000042317,SPATA7,-0.1070440520881954,-0.851829691266226,4.05079212585518
ENSG00000042753,AP2S1,0.309250807117502,-3.417931446906062,0.0
ENSG00000043093,DCUN1D1,-0.2601855212170325,-2.311364180734395,11.2171382083338
ENSG00000043143,JADE2,0.0660914510320654,0.0,0.0
ENSG00000044115,CTNNA1,-0.0780406195605095,0.0,0.0
ENSG00000044574,HSPA5,0.4925408295729339,-3.225531523959055,0.0
ENSG00000046653,GPM6B,0.019139053447703,0.9892090363326285,0.0
ENSG00000047056,WDR37,-0.3044816477588449,-1.0012570833505476,3.8864022597319106
ENSG00000047188,YTHDC2,-0.2087171571831554,-2.706847889941947,9.99745861725316
ENSG00000047249,ATP6V1H,-0.3353960654644746,-1.1352698347270893,3.16121730808669
ENSG00000047315,POLR2B,-0.0769009996525447,0.0,0.0
ENSG00000047410,TPR,-0.0176806749506198,-1.3235400393744532,0.0
ENSG00000047579,DTNBP1,0.2407666724349983,-2.18590627643016,2.97032819763196
ENSG00000047597,XK,0.1315763777511477,0.5440059628850049,0.0
ENSG00000047648,ARHGAP6,-0.0112882939182889,-5.763151946870593,22.296940003845
ENSG00000047849,MAP4,-0.0049714007842177,-2.9515320915924503,7.86454979031732
ENSG00000047932,GOPC,0.217349261324266,0.23624955825076924,0.0
ENSG00000048052,HDAC9,-0.372918364763208,-3.344397872726165,10.0058300003793
ENSG00000048392,RRM2B,0.0876473740269045,0.0,0.0
ENSG00000048471,SNX29,-0.4992144931739266,0.0181030432631585,0.0
ENSG00000048540,LMO3,-0.4288256153569622,-10.095530118367845,27.1417002303032
ENSG00000048544,MRPS10,0.1415797607783794,-1.6086612020814206,0.0
ENSG00000048649,RSF1,0.1198867064450504,-0.02351124591739817,0.0
ENSG00000048707,VPS13D,-0.0809299992462259,-0.5688034567264475,2.27521382690579
ENSG00000048740,CELF2,0.1866556118828938,-2.481702085370414,10.1417525326044
ENSG00000048828,FAM120A,0.0320258840452574,-0.8904931608136701,6.25340073087699
ENSG00000048991,R3HDM1,-0.2839289117210068,-1.953868264161294,9.06301814885993
ENSG00000049245,VAMP3,0.0952631400389594,0.0,0.0
ENSG00000049618,ARID1B,0.0389835941953296,0.0,0.0
ENSG00000049656,CLPTM1L,0.2858279123969304,-1.9771138315365393,0.0
ENSG00000049759,NEDD4L,0.0455568455582765,-3.092816549155304,11.8524592663588
ENSG00000049769,PPP1R3F,-0.3491222143360511,0.0,0.0
ENSG00000049860,HEXB,0.2768017178021564,-0.29433766650325077,0.0
ENSG00000050130,JKAMP,0.020831940989068,-1.544138966388625,0.0
ENSG00000050165,DKK3,0.1629734445700087,-2.224151516419794,1.72948289506597
ENSG00000050393,MCUR1,0.1244005437776708,0.5099437629198,0.0
ENSG00000050426,LETMD1,-0.3446358098409838,0.0,0.0
ENSG00000050438,SLC4A8,0.1714552063772435,0.28200459218674334,0.0
ENSG00000050748,MAPK9,-0.0916874294232201,0.0,0.0
ENSG00000050820,BCAR1,-0.0220347643438829,1.2437721407075617,0.0
ENSG00000051108,HERPUD1,-0.3291655845566736,-3.3599051195096417,0.0
ENSG00000051620,HEBP2,0.032069422102612,-2.667025486507575,0.0
ENSG00000051825,MPHOSPH9,-0.2241576987468293,-2.1687024584083936,4.6457149278891
ENSG00000052126,PLEKHA5,-0.0214044370689583,-2.285260829299424,8.60237670858995
ENSG00000052723,SIKE1,0.129276542779177,0.0,0.0
ENSG00000052749,RRP12,-0.1628677238813987,-1.6311475510903475,0.0
ENSG00000052795,FNIP2,0.2198876029615408,0.0,0.0
ENSG00000052802,MSMO1,-0.0892721711756666,-3.826240341550615,4.15452769957586
ENSG00000052841,TTC17,0.4428615419222558,-2.3909398974350005,6.69255921294959
ENSG00000053254,FOXN3,0.2146841428060197,0.0,0.0
ENSG00000053372,MRTO4,0.0576903794442819,-2.4342207693365,0.0
ENSG00000053501,USE1,0.0263931167071143,-2.0913457055039824,0.0
ENSG00000053524,MCF2L2,-0.1059564987957183,-2.4116310138174866,8.350182838734348
ENSG00000053747,LAMA3,0.3904884463954169,-7.994251331301971,27.7871527641677
ENSG00000053770,AP5M1,-0.0752524713567862,0.0,0.0
ENSG00000053900,ANAPC4,-0.3977969921772244,1.5193264776840318,0.0
ENSG00000054116,TRAPPC3,0.2286834757857372,-1.6011311541609716,0.0
ENSG00000054118,THRAP3,-0.0831357104433293,0.0,0.0
ENSG00000054267,ARID4B,0.4165596432836573,0.4214722770194453,0.0
ENSG00000054282,SDCCAG8,-0.1116742422158024,-0.9117568534649625,3.64702741385985
ENSG00000054356,PTPRN,0.2789850914730422,-1.2112663246984987,0.0
ENSG00000054523,KIF1B,-0.0433915436595114,-0.25163178608715914,0.0
ENSG00000054611,TBC1D22A,-0.5167697480040156,0.44595376087275856,0.0
ENSG00000054690,PLEKHH1,-0.187201045037238,-0.168278539061365,0.0
ENSG00000054793,ATP9A,-0.3249943860625905,-0.9013979708812643,2.1270311302165
ENSG00000054965,FAM168A,-0.5384302423056994,-2.602841053780855,5.89218276255759
ENSG00000054983,GALC,-0.0868167758138471,0.0,0.0
ENSG00000055044,NOP58,0.5118891331592531,-0.22260816970839414,0.0
ENSG00000055118,KCNH2,0.4416681530692972,0.0,0.0
ENSG00000055130,CUL1,-0.474632632282675,0.0,0.0
ENSG00000055147,FAM114A2,-0.0426268352659332,1.5533533119817917,0.0
ENSG00000055163,CYFIP2,0.1985795504151312,-1.6233461747126827,2.15874019177693
ENSG00000055208,TAB2,-0.2203239544878402,-0.07994556462766689,0.0
ENSG00000055211,GINM1,-0.0017295078084666,-0.6404279187028643,0.0
ENSG00000055332,EIF2AK2,0.5145719508054524,0.38249321219509996,0.0
ENSG00000055483,USP36,0.0754413404951096,0.06569181545769415,0.0
ENSG00000055609,KMT2C,0.2389512065654715,-1.07671404514934,2.26408049162276
ENSG00000055917,PUM2,-0.0424860275565007,-0.59946097286189,2.39784389144756
ENSG00000055950,MRPL43,0.2102173470718491,-2.5227375177940266,0.0
ENSG00000056097,ZFR,0.0436455643976345,0.0,0.0
ENSG00000056586,RC3H2,0.15543282499329,-0.226641174067636,0.0
ENSG00000056998,GYG2,-0.2419289747071287,1.387688677547802,0.0
ENSG00000057019,DCBLD2,0.2970207697301416,0.0,0.0
ENSG00000057252,SOAT1,0.2957798411600567,0.0,0.0
ENSG00000057608,GDI2,0.1026570021646922,-2.405822656120272,0.0
ENSG00000057663,ATG5,0.1848601501807534,-0.30111187370532566,2.1113004208355894
ENSG00000057704,TMCC3,0.2554374382795116,-7.6975482363056855,26.9931986158095
ENSG00000057757,PITHD1,0.0429888378435474,-2.78040754187226,0.0
ENSG00000057935,MTA3,-0.0663300109624628,-0.1705100581703891,3.26952741184544
ENSG00000058091,CDK14,-0.3789596503015051,-3.2673345350407303,10.6142907641957
ENSG00000058272,PPP1R12A,0.5048649185697047,-0.3713707721697908,2.71286605577655
ENSG00000058335,RASGRF1,-0.3240066173723713,0.0,0.0
ENSG00000058404,CAMK2B,-0.0367707605343547,-1.5980632950195863,5.49252779559278
ENSG00000058600,POLR3E,0.0561701119526524,0.12392571418468779,2.45468265077381
ENSG00000058729,RIOK2,-0.3677415523452153,-2.1811825481927123,0.0
ENSG00000058799,YIPF1,0.1274940215332692,0.24587073565824166,0.0
ENSG00000059122,FLYWCH1,-0.3789145247447575,-1.4207292531271927,4.710352548342821
ENSG00000059145,UNKL,0.2293351477205869,-1.045292045965035,4.19042211776516
ENSG00000059573,ALDH18A1,-0.4256398903556449,0.28487817897442996,0.0
ENSG00000059691,GATB,0.1416188704923459,0.0,0.0
ENSG00000059728,MXD1,0.4049575276502433,0.3261828276850116,0.0
ENSG00000059804,SLC2A3,0.1159661784047745,-1.23239486253063,0.0
ENSG00000059915,PSD,-0.0141706538476988,-0.11728175884229247,0.0
ENSG00000060237,WNK1,-0.1670105713258672,-0.6450141340703274,2.5800565362813095
ENSG00000060339,CCAR1,0.5422565805555936,-0.0005003150870142026,0.0
ENSG00000060491,OGFR,0.176007945202318,0.30083194774017835,0.0
ENSG00000060656,PTPRU,-0.197679167257411,0.07621345317897577,0.0
ENSG00000060709,RIMBP2,-0.0320658605390751,-3.4582332221922476,14.5872985494063
ENSG00000060718,COL11A1,-0.1357168190047233,-13.002212524324989,29.543602921359
ENSG00000060762,MPC1,0.3010127467569279,0.0,0.0
ENSG00000060982,BCAT1,0.0977944928382604,-1.8528002627791245,7.066272997819049
ENSG00000061676,NCKAP1,-0.2352709361854555,-0.6568727207597626,2.62749088303905
ENSG00000061794,MRPS35,0.4180477461809886,0.5262824732732484,0.0
ENSG00000061936,SFSWAP,-0.3064075798109087,0.0,0.0
ENSG00000061938,TNK2,-0.1352379259407117,-0.3000897287075712,0.0
ENSG00000061987,MON2,0.3022223207362443,0.0412627374976355,0.0
ENSG00000062194,GPBP1,0.3746214125222647,0.0,0.0
ENSG00000062598,ELMO2,0.1754944044971382,-0.038999126904822545,0.0
ENSG00000062650,WAPL,-0.5232033127959055,0.0,0.0
ENSG00000062716,VMP1,0.099540122788398,-1.9193997007542292,6.3861890142892
ENSG00000062725,APPBP2,-0.0480323613346957,0.18860409347461835,0.0
ENSG00000063046,EIF4B,-0.0383594975798474,0.0,0.0
ENSG00000063176,SPHK2,-0.1058871361191479,-4.185591714990506,3.95065685378309
ENSG00000063177,RPL18,0.3296591385654589,-3.492397549436903,0.0
ENSG00000063244,U2AF2,-0.0601134901420538,-2.2020747870514126,0.0
ENSG00000063245,EPN1,-0.0696880775337054,-2.30338591365833,0.0
ENSG00000063322,MED29,-0.1380423687646611,-2.4731307081166354,0.0
ENSG00000063587,ZNF275,0.3452461780323366,0.0,0.0
ENSG00000063601,MTMR1,-0.3384860000171809,0.0,0.0
ENSG00000063660,GPC1,0.1499265485384632,0.6874374042749349,0.0
ENSG00000063854,HAGH,0.0156882940680652,0.548114419210915,0.0
ENSG00000063978,RNF4,0.0406990015604991,-0.6024650907149115,2.16884065830914
ENSG00000064042,LIMCH1,0.0586837035547994,-2.8335118979219636,7.44213997056615
ENSG00000064115,TM7SF3,0.3835761775781613,0.25648288459221147,0.0
ENSG00000064225,ST3GAL6,0.3579521731202613,-6.179700257730843,11.8999867256474
ENSG00000064313,TAF2,-0.1273919841699086,0.3073229993979609,0.0
ENSG00000064393,HIPK2,0.1204906921623681,-1.08091442254073,0.0
ENSG00000064601,CTSA,0.1858574523042739,-2.3536830107907476,0.0
ENSG00000064607,SUGP2,-0.0226401971334761,-0.4382485592064875,0.0
ENSG00000064651,SLC12A2,-0.3194748060117729,-3.789263563787399,16.0097995389855
ENSG00000064652,SNX24,-0.5146355352867584,0.0,0.0
ENSG00000064687,ABCA7,0.0862042937012702,-0.7682646877813295,1.96964271276696
ENSG00000064726,BTBD1,0.298039852373744,0.0,0.0
ENSG00000064787,BCAS1,0.1375160514553969,0.0,0.0
ENSG00000064933,PMS1,-0.3468938628442656,0.2885898162166483,0.0
ENSG00000064999,ANKS1A,-0.0107803501269601,-2.6845019519405313,6.07988544463487
ENSG00000065000,AP3D1,-0.2801227961308166,-1.4186271921350992,0.0
ENSG00000065135,GNAI3,0.220803942719313,-1.3978530995984475,4.13512421504828
ENSG00000065150,IPO5,0.1031012578827256,-1.0729499685327957,0.0
ENSG00000065154,OAT,0.0306628172698103,-2.2392093920668867,0.0
ENSG00000065183,WDR3,-0.1493767213802629,-2.0022428707060165,0.0
ENSG00000065457,ADAT1,-0.2260170708454398,0.0,0.0
ENSG00000065491,TBC1D22B,-0.0614492963856594,-0.990013342582455,2.27880875665375
ENSG00000065518,NDUFB4,0.3489059015919099,-2.49727625735924,0.0
ENSG00000065526,SPEN,0.4106349836929456,0.0,0.0
ENSG00000065534,MYLK,-0.0596300039217571,0.0,0.0
ENSG00000065548,ZC3H15,-0.2446268894692113,-2.6256154687524944,0.0
ENSG00000065559,MAP2K4,0.0405844132175253,-2.565869839826155,4.70192681231368
ENSG00000065609,SNAP91,-0.1221498519103882,-1.5968122111440515,6.5470408133324
ENSG00000065613,SLK,0.2019460969281115,-1.6595840823956813,0.0
ENSG00000065665,SEC61A2,0.238683489717373,-0.01748695900257502,0.0
ENSG00000065802,ASB1,0.0546995144235027,-1.6839768655540732,0.0
ENSG00000065809,FAM107B,0.1210266584821076,2.218143620006554,0.0
ENSG00000065833,ME1,0.077024746204482,-2.2833681964870607,11.0883750322558
ENSG00000065883,CDK13,0.5765048054358726,-0.09935188822718173,0.0
ENSG00000065911,MTHFD2,0.0753625372060275,-3.792496814020377,6.533133088820129
ENSG00000065989,PDE4A,-0.0136880012288103,0.0,0.0
ENSG00000066027,PPP2R5A,-0.4205641264845151,-1.7629777732504175,7.05191109300167
ENSG00000066032,CTNNA2,-0.1804044915896318,-2.331951781921057,8.7514738360519
ENSG00000066044,ELAVL1,-0.0136622323903052,0.0,0.0
ENSG00000066084,DIP2B,-0.1714244689054443,-0.566116093855375,0.0
ENSG00000066117,SMARCD1,-0.1487452701739931,-1.9539048709114248,0.0
ENSG00000066136,NFYC,0.0755421863846813,-0.58954579204486,0.0
ENSG00000066382,MPPED2,0.0683194460124148,-2.565421375436898,12.3925530232426
ENSG00000066422,ZBTB11,0.3641657389589935,0.0,0.0
ENSG00000066427,ATXN3,-0.4974273730398622,0.7871060656933312,0.0
ENSG00000066455,GOLGA5,-0.2282927381567836,-1.7843802544894825,0.0
ENSG00000066468,FGFR2,-0.0181373929497509,0.6142755599938167,0.0
ENSG00000066557,LRRC40,-0.7262477564530484,0.0,0.0
ENSG00000066583,ISOC1,-0.3112560440027226,1.3144254868431033,0.0
ENSG00000066651,TRMT11,-0.0405937786670166,0.0,0.0
ENSG00000066654,THUMPD1,0.1644637823341829,-1.250286739273509,0.0
ENSG00000066697,MSANTD3,-0.015532401536724,-2.559184811316675,0.0
ENSG00000066739,ATG2B,-0.2873471685287707,-0.7094702777728925,2.83788111109157
ENSG00000066777,ARFGEF1,-0.10333531063003,-1.3794916717379526,2.48090463533732
ENSG00000066926,FECH,-0.4452537620789961,0.12065069367581238,0.0
ENSG00000066933,MYO9A,0.010710735832344,0.17977067154166915,1.8869001332619697
ENSG00000067048,DDX3Y,0.3598363218674181,0.0,0.0
ENSG00000067057,PFKP,0.0667500527547435,-1.0822640827523808,0.0
ENSG00000067064,IDI1,-0.1401879445539508,-1.5042379912069415,0.0
ENSG00000067082,KLF6,0.2680492979181321,-2.5961596328108274,0.0
ENSG00000067141,NEO1,-0.0547292740036604,-0.608113402958764,2.37080997170398
ENSG00000067177,PHKA1,-0.0067246686486682,-2.013951195038581,7.839728397166579
ENSG00000067191,CACNB1,0.2827152845713172,-1.6992725668295217,0.0
ENSG00000067208,EVI5,-0.0412589503592436,-1.2601224499128674,5.9847001622999
ENSG00000067221,STOML1,-0.1469591701920911,-1.1007193483583917,0.0
ENSG00000067225,PKM,0.0020363853752002,-3.9229567067528484,6.92516106267959
ENSG00000067248,DHX29,0.0131176404207131,-2.32272178638158,0.0
ENSG00000067334,DNTTIP2,0.2051112015223995,-3.9383215300588272,0.0
ENSG00000067369,TP53BP1,-0.2517539826006277,0.7723023693080315,0.0
ENSG00000067445,TRO,0.1960380859715252,-0.28488778565502937,0.0
ENSG00000067533,RRP15,-0.0706832994330372,-0.4418717508632175,0.0
ENSG00000067560,RHOA,-0.1520203934037022,0.0,0.0
ENSG00000067606,PRKCZ,-0.2011442489329239,-0.5040231826446416,3.83384612714084
ENSG00000067704,IARS2,-0.0835260530085442,0.0,0.0
ENSG00000067715,SYT1,-0.1991958848733778,-1.5109311859883325,5.89820510008492
ENSG00000067798,NAV3,-0.0373003161705967,0.5016487926566962,0.0
ENSG00000067829,IDH3G,0.0771875690154674,-2.955035278044,0.0
ENSG00000067836,ROGDI,-0.1216704334309581,-3.1599409416979,0.0
ENSG00000067840,PDZD4,-0.0167857266917295,0.0,0.0
ENSG00000067842,ATP2B3,-0.0136538422528193,-2.216320496927403,0.0
ENSG00000067955,CBFB,-0.0605029640116061,2.6718675503586446,0.0
ENSG00000068024,HDAC4,0.0935339942736269,0.6731531669223841,0.0
ENSG00000068078,FGFR3,-0.0493110737274578,0.0,0.0
ENSG00000068323,TFE3,0.0010951525183099,0.0,0.0
ENSG00000068366,ACSL4,-0.2057714481124883,-1.9829745342918323,3.8608740767643495
ENSG00000068383,INPP5A,0.1238577129673099,-1.654941982180394,6.92255315572524
ENSG00000068400,GRIPAP1,0.0822764927951037,0.0,0.0
ENSG00000068438,FTSJ1,0.0935459582543363,0.0,0.0
ENSG00000068615,REEP1,0.014624152847015,-1.8937174318014107,10.8522143686078
ENSG00000068650,ATP11A,-0.1171817204440187,0.48811670237528165,0.0
ENSG00000068654,POLR1A,-0.4091105729261455,0.12427482282332247,0.0
ENSG00000068697,LAPTM4A,0.1069987834328867,-2.0415075829443974,0.0
ENSG00000068745,IP6K2,0.3172936472558172,-2.3878305314686954,2.16150982128108
ENSG00000068796,KIF2A,0.1096605165215408,0.159426043495284,0.0
ENSG00000068878,PSME4,0.2653865509288616,-1.44383594760176,5.77534379040704
ENSG00000068885,IFT80,0.0312225396329536,0.0,0.0
ENSG00000068903,SIRT2,-0.0369468104977721,0.0,0.0
ENSG00000068912,ERLEC1,-0.2493851543570047,-2.2907698009617015,0.0
ENSG00000068971,PPP2R5B,-0.3666205870479282,-1.885625976404354,0.0
ENSG00000069020,MAST4,0.3204501032283379,-0.563673883999379,0.0
ENSG00000069248,NUP133,0.1295266284139151,0.05237091179542462,0.0
ENSG00000069275,NUCKS1,0.0753431545974164,0.5168100094768217,0.0
ENSG00000069345,DNAJA2,-0.0500043141081006,-3.3922031908224817,0.0
ENSG00000069424,KCNAB2,0.2598227352615128,0.0,0.0
ENSG00000069509,FUNDC1,-0.2348435168795077,-1.7318523219400332,0.0
ENSG00000069535,MAOB,0.4211419392013197,2.48240492541845,0.0
ENSG00000069667,RORA,-0.3241120906361025,-2.467268333668236,7.4149659189193295
ENSG00000069849,ATP1B3,0.2809623644652864,-2.43850995778743,6.93499463915554
ENSG00000069956,MAPK6,0.1875276595862814,0.407379378300779,0.0
ENSG00000069966,GNB5,0.2272783853774759,0.5359669996316733,0.0
ENSG00000070010,UFD1,0.0344906139331832,0.0,0.0
ENSG00000070018,LRP6,-0.0601749655517182,-2.1846086022570392,6.29826810451352
ENSG00000070081,NUCB2,-0.0021828258056232,0.0,0.0
ENSG00000070087,PFN2,0.1156420525889522,-1.503762230716921,0.0
ENSG00000070182,SPTB,0.2565932741922723,0.9051144574967134,0.0
ENSG00000070214,SLC44A1,0.1888791366285284,-2.5254736460304317,7.15636051527172
ENSG00000070367,EXOC5,-0.3722232831176167,0.2888542378884977,0.0
ENSG00000070371,CLTCL1,-0.425032877031352,-4.666819276715116,18.471533649342305
ENSG00000070413,DGCR2,-0.1470568180872642,-0.42186865578936,0.0
ENSG00000070423,RNF126,0.0885257130288837,-2.0005454160586975,0.0
ENSG00000070444,MNT,-0.2992268352711015,-0.7723097661128625,3.08923906445145
ENSG00000070495,JMJD6,0.4687699734454509,0.0,0.0
ENSG00000070501,POLB,-0.0483971192531944,0.8842994439896334,0.0
ENSG00000070610,GBA2,-0.0227475232156288,0.65921706993768,0.0
ENSG00000070614,NDST1,-0.1891812242555075,0.003168668289863591,0.0
ENSG00000070718,AP3M2,0.1143117086675092,-1.3752344765934952,0.0
ENSG00000070756,PABPC1,0.5076688530456948,0.0,0.0
ENSG00000070761,CFAP20,0.1165452385777082,0.0,0.0
ENSG00000070770,CSNK2A2,0.5122221325465776,0.042984610992534984,0.0
ENSG00000070785,EIF2B3,-0.3854731482564021,-0.097958476136832,2.07578999915434
ENSG00000070814,TCOF1,-0.1771541314299422,-2.3539606453175863,0.0
ENSG00000070882,OSBPL3,0.028371656371549,-10.987519309864965,29.3256324863665
ENSG00000070961,ATP2B1,0.3514312336812066,0.03149455330186148,0.0
ENSG00000071051,NCK2,-0.1285455947824267,-8.567439419453974,19.9369643909912
ENSG00000071054,MAP4K4,-0.2069153270134987,0.16864124687456336,0.0
ENSG00000071082,RPL31,0.0760364770846044,0.8724796756425534,0.0
ENSG00000071127,WDR1,0.1518064656075935,0.5889019253124766,0.0
ENSG00000071189,SNX13,-0.2565305861205576,0.0,0.0
ENSG00000071537,SEL1L,0.101369297909657,-1.9756908067753258,0.0
ENSG00000071553,ATP6AP1,0.1670142315515643,-3.183472870807357,0.0
ENSG00000071575,TRIB2,-0.0880146385351847,-0.9599954952832,0.0
ENSG00000071626,DAZAP1,0.1361774754518389,-0.50321374101267,2.01285496405068
ENSG00000071655,MBD3,0.2161096776078887,0.0,0.0
ENSG00000071794,HLTF,-0.1984421861793514,0.14015476198567822,0.0
ENSG00000071859,FAM50A,-0.1685210333093625,-3.3043674488273145,0.0
ENSG00000071889,FAM3A,-0.1338335749511323,-1.9684089779870724,0.0
ENSG00000071994,PDCD2,0.1528711276079249,-1.4715176514351502,0.0
ENSG00000072041,SLC6A15,-0.1686377488163337,-3.243122913965597,7.733986208713169
ENSG00000072042,RDH11,0.0258517094911055,-2.68366588348019,0.0
ENSG00000072062,PRKACA,-0.0932603958739867,0.24470513738003666,0.0
ENSG00000072071,ADGRL1,0.028314804261903,0.0,0.0
ENSG00000072110,ACTN1,0.1416422874833261,-0.541662190756685,0.0
ENSG00000072134,EPN2,0.0429932952274918,0.46817245074529334,0.0
ENSG00000072135,PTPN18,0.0790392590375902,0.0,0.0
ENSG00000072195,SPEG,0.1323280527819312,0.21438451407716153,0.0
ENSG00000072210,ALDH3A2,0.1156583987286256,-2.9123407796503287,5.41792741146795
ENSG00000072274,TFRC,-0.3202224866599762,0.0,0.0
ENSG00000072364,AFF4,0.1172672889610587,-1.0422304802498061,2.48246516565033
ENSG00000072401,UBE2D1,-0.1451988225741262,-1.5642599989716124,0.0
ENSG00000072501,SMC1A,-0.1943512522753734,0.7684105853438133,0.0
ENSG00000072756,TRNT1,0.0090490841682664,-1.65617809384091,0.0
ENSG00000072778,ACADVL,-0.1023937978216217,-4.641110451269848,5.06631271354774
ENSG00000072803,FBXW11,-0.2898334260452287,-0.3824027810754725,0.0
ENSG00000072832,CRMP1,-0.0663845025370567,0.2803190000945999,0.0
ENSG00000072849,DERL2,0.0847804585652468,0.0,0.0
ENSG00000072858,SIDT1,-0.0984382099836616,0.34513506905339075,0.0
ENSG00000072954,TMEM38A,-0.0631312556720169,0.0,0.0
ENSG00000073008,PVR,-0.1158310241533039,-1.9259334510145665,0.0
ENSG00000073150,PANX2,-0.3708961561652543,-1.0980897472608757,0.0
ENSG00000073464,CLCN4,-0.1260160547232938,-1.0966582053063882,0.0
ENSG00000073614,KDM5A,0.415249896920789,0.0,0.0
ENSG00000073803,MAP3K13,-0.0761070513607651,-2.41017718135347,7.880298274198749
ENSG00000073910,FRY,0.056584651554245,-2.793134699496269,7.84635679473124
ENSG00000073921,PICALM,-0.2315127569560656,0.0,0.0
ENSG00000073969,NSF,-0.0117767271612653,-0.8432921991912641,4.70678185012879
ENSG00000074054,CLASP1,0.2250783620049191,0.1269690439546266,0.0
ENSG00000074071,MRPS34,0.0689766247119935,-3.87092843575002,0.0
ENSG00000074201,CLNS1A,0.1306020085706303,0.28293595268590166,0.0
ENSG00000074211,PPP2R2C,-0.4511193074219398,-1.8151774748261158,6.82088115879228
ENSG00000074319,TSG101,0.0960318606864516,0.22411494145964836,0.0
ENSG00000074370,ATP2A3,-0.4118063207840653,-11.34479379874507,33.4515781820226
ENSG00000074416,MGLL,-0.0572597865721968,-2.145484889149435,8.58193955659774
ENSG00000074527,NTN4,-0.1260015083478589,-4.231107653518155,15.080044210381
ENSG00000074582,BCS1L,-0.2992351898247859,-1.1192408794295974,0.0
ENSG00000074590,NUAK1,0.3993886288908415,0.22707170519377332,0.0
ENSG00000074603,DPP8,-0.1717950386926233,0.0,0.0
ENSG00000074695,LMAN1,0.2037100519066849,0.0,0.0
ENSG00000074696,HACD3,0.3640402135662728,0.0,0.0
ENSG00000074706,IPCEF1,0.1715232882536961,0.8046864049260817,0.0
ENSG00000074800,ENO1,0.0797264047513035,-2.773093909311955,0.0
ENSG00000074842,MYDGF,0.2644100559002907,0.0,0.0
ENSG00000074935,TUBE1,-0.0271026077874722,-1.0246194201631182,4.90648009820704
ENSG00000074964,ARHGEF10L,0.3163488618878904,0.0,0.0
ENSG00000075035,WSCD2,0.0339103898140197,4.124263866724174,0.0
ENSG00000075043,KCNQ2,-0.1216882043416869,-0.4549243965154992,0.0
ENSG00000075089,ACTR6,-0.2877670441877368,-0.9397436973985724,0.0
ENSG00000075142,SRI,-0.0978499323349463,-1.2377171605640243,0.0
ENSG00000075151,EIF4G3,-0.0963835421933166,0.270387724869135,0.0
ENSG00000075239,ACAT1,-0.2813084900678019,-1.4746664768219375,5.89866590728775
ENSG00000075240,GRAMD4,-0.14685441230237,-1.5089353492348545,6.05709228740588
ENSG00000075292,ZNF638,0.0288502267470584,0.0,0.0
ENSG00000075336,TIMM21,0.0563708984876038,0.0,0.0
ENSG00000075340,ADD2,0.2524457652808122,0.5232100823482083,0.0
ENSG00000075391,RASAL2,0.1274339567659937,-0.48435878308448,1.93743513233792
ENSG00000075399,VPS9D1,0.3558435494362374,0.0,0.0
ENSG00000075407,ZNF37A,0.4511060010386701,0.0,0.0
ENSG00000075413,MARK3,0.3471237359579778,-0.989711156579943,2.1511747895843
ENSG00000075415,SLC25A3,-0.0913985997083723,-3.1897056312297933,0.0
ENSG00000075539,FRYL,0.3226875301048721,-0.23830568754455494,0.0
ENSG00000075568,TMEM131,0.0470017227322699,0.17819444833832665,0.0
ENSG00000075618,FSCN1,0.1257065273696557,0.0,0.0
ENSG00000075624,ACTB,0.0797551920601853,-2.950889416831475,0.0
ENSG00000075711,DLG1,-0.0572928206101033,1.350167406315989,0.0
ENSG00000075785,RAB7A,0.178721117081105,0.0,0.0
ENSG00000075856,SART3,0.1256704098672902,-1.8269761995032368,0.0
ENSG00000075914,EXOSC7,0.1217309152827308,0.8841864687426254,0.0
ENSG00000075945,KIFAP3,-0.3654289603238961,-2.3362979086806663,6.64804710718146
ENSG00000075975,MKRN2,-0.1829765372821012,0.0,0.0
ENSG00000076043,REXO2,-0.0691617950601332,-2.409684949329,0.0
ENSG00000076108,BAZ2A,-0.2422222805157044,-4.00771991990997,12.0762484723837
ENSG00000076242,MLH1,-0.1636352520646319,0.0,0.0
ENSG00000076248,UNG,0.2786817841642366,0.40581982656938,0.0
ENSG00000076321,KLHL20,0.2361656175133512,-0.6210127799585625,0.0
ENSG00000076513,ANKRD13A,-0.2054772032825901,0.0,0.0
ENSG00000076554,TPD52,0.2866446115979966,1.6976232198094998,0.0
ENSG00000076641,PAG1,0.3694089515724016,1.6830872027371715,0.0
ENSG00000076716,GPC4,-0.3255355080083663,-2.5437284952659365,10.2284404663371
ENSG00000076864,RAP1GAP,0.1981719149495646,0.503163682553585,0.0
ENSG00000076984,MAP2K7,0.0091437102029406,0.35715462933706665,0.0
ENSG00000077044,DGKD,0.3806813955723223,0.0,0.0
ENSG00000077063,CTTNBP2,0.308260240869026,-0.5958613680892708,1.8659099826255
ENSG00000077097,TOP2B,-0.1843381029473742,0.0,0.0
ENSG00000077147,TM9SF3,0.038458035582313,0.0,0.0
ENSG00000077157,PPP1R12B,-0.1625001915749909,-0.63249565081493,4.56478231731219
ENSG00000077232,DNAJC10,-0.2692779531939389,0.0,0.0
ENSG00000077235,GTF3C1,-0.0785378270732301,0.6703076209701133,0.0
ENSG00000077254,USP33,0.1528258974186167,0.30620146244765756,2.12077011809733
ENSG00000077264,PAK3,0.2682339633783783,-1.496902241798514,8.63630786951573
ENSG00000077279,DCX,0.2127110368555104,-0.2560756708872408,0.0
ENSG00000077312,SNRPA,0.1633597845080972,-1.6693653179990375,0.0
ENSG00000077380,DYNC1I2,-0.0684925296482562,0.0,0.0
ENSG00000077549,CAPZB,-0.0815074918914037,0.0,0.0
ENSG00000077585,GPR137B,0.3440898707179306,-0.09922640459475329,0.0
ENSG00000077616,NAALAD2,0.0081344490193437,-5.584078628670719,16.9231031057922
ENSG00000077684,JADE1,0.3286519082353272,0.0,0.0
ENSG00000077721,UBE2A,-0.1349392427179976,-2.2881008904263127,0.0
ENSG00000077782,FGFR1,0.5478276831822244,0.5703311660807667,0.0
ENSG00000078018,MAP2,0.0430677073284859,-1.5470839725492946,8.84501148657816
ENSG00000078043,PIAS2,0.226852749101702,-0.342302329978595,0.0
ENSG00000078053,AMPH,-0.1579824288321934,-3.1491539886810087,10.0622868394962
ENSG00000078114,NEBL,0.0080229755165947,-1.5855578375735326,6.40434045378122
ENSG00000078124,ACER3,-0.2231902646445736,-1.0442773775647725,4.17710951025909
ENSG00000078140,UBE2K,-0.0554075687629469,-2.4054321710545343,7.74801315433604
ENSG00000078142,PIK3C3,-0.2214694594042023,0.03402572056725506,0.0
ENSG00000078295,ADCY2,-0.1116256498270825,-5.737465022639942,20.9494698330302
ENSG00000078304,PPP2R5C,-0.0379214728935664,-0.12043391230361916,0.0
ENSG00000078328,RBFOX1,0.5265809756145841,1.1867691988352225,0.0
ENSG00000078369,GNB1,0.0477143260757787,0.0,0.0
ENSG00000078549,ADCYAP1R1,-0.0836423734648582,0.0,0.0
ENSG00000078596,ITM2A,-0.3091732037960487,0.0,0.0
ENSG00000078668,VDAC3,-0.1210972498279766,-3.4939346459257434,5.22831288451886
ENSG00000078674,PCM1,0.3697253918084103,0.18077112103940998,0.0
ENSG00000078687,TNRC6C,0.2574072382903002,0.5565409120153818,0.0
ENSG00000078699,CBFA2T2,0.1150588908839788,0.0,0.0
ENSG00000078804,TP53INP2,0.2170743799438325,-3.9468092042703784,12.2441704427003
ENSG00000078967,UBE2D4,-0.0423842225823681,0.0,0.0
ENSG00000079102,RUNX1T1,0.4445817802793294,2.623622195622025,0.0
ENSG00000079156,OSBPL6,0.2024127230574847,-2.8494060634351968,6.8518049082231
ENSG00000079215,SLC1A3,0.0487195056409061,0.0,0.0
ENSG00000079246,XRCC5,0.1037464488165441,0.0,0.0
ENSG00000079277,MKNK1,0.2215195355910473,0.0,0.0
ENSG00000079308,TNS1,-0.0279630609768487,-5.6510121584964,22.6040486339856
ENSG00000079332,SAR1A,-0.0944216024403874,0.0,0.0
ENSG00000079459,FDFT1,-0.0149749919339006,-2.0797877675195933,2.61155249324962
ENSG00000079462,PAFAH1B3,-0.1390483943038775,-1.9538018944819233,0.0
ENSG00000079739,PGM1,-0.067968892534202,0.0,0.0
ENSG00000079785,DDX1,-0.2284328445029246,-2.340549105780988,0.0
ENSG00000079841,RIMS1,-0.124884543308448,-2.2118669462539535,11.0384807355215
ENSG00000079950,STX7,-0.3233795172516635,-0.5564468588677374,0.0
ENSG00000079999,KEAP1,-0.4680989647937289,-2.3064372073231274,0.0
ENSG00000080189,SLC35C2,-0.2048637583990004,0.0,0.0
ENSG00000080345,RIF1,-0.016337373113164,-0.556765146965045,0.0
ENSG00000080371,RAB21,0.1112336878664667,0.0,0.0
ENSG00000080493,SLC4A4,-0.0358114721230925,0.0,0.0
ENSG00000080503,SMARCA2,-0.0165336630286029,0.0,0.0
ENSG00000080546,SESN1,0.2841983195736666,0.0,0.0
ENSG00000080802,CNOT4,0.0855289890794725,0.16034657077863101,0.0
ENSG00000080815,PSEN1,0.0470512760727949,-1.337568003269945,3.58986540789552
ENSG00000080819,CPOX,0.1594229231102877,0.0,0.0
ENSG00000080822,CLDND1,0.3873340119792713,0.0,0.0
ENSG00000080824,HSP90AA1,0.3690938891775842,0.0,0.0
ENSG00000080845,DLGAP4,0.05033891330579,-2.771117645351116,10.3486037829376
ENSG00000081019,RSBN1,0.0992657235670744,0.5477144996865917,0.0
ENSG00000081026,MAGI3,-0.013938119906397,-3.0211673071885237,10.2475496118534
ENSG00000081087,OSTM1,-0.0291012195226769,0.3527021817014658,0.0
ENSG00000081154,PCNP,0.1795291793291828,0.0,0.0
ENSG00000081307,UBA5,0.1630932936230651,0.10872233814627334,0.0
ENSG00000081760,AACS,-0.0407323188685714,-1.1578030626003974,5.53241338907825
ENSG00000081803,CADPS2,0.3405414130685835,-5.848698564743434,18.6555662081077
ENSG00000082014,SMARCD3,-0.0934922820550676,0.0,0.0
ENSG00000082153,BZW1,-0.6315872729256911,-2.9042121137351034,0.0
ENSG00000082212,ME2,0.1422002794880773,-0.9227002197592149,0.0
ENSG00000082213,C5ORF22,0.0315160280872339,0.18376766138455333,0.0
ENSG00000082258,CCNT2,0.1223196062498245,-0.17484216469400274,0.0
ENSG00000082269,FAM135A,-0.0932653482149912,-2.0066049209833543,5.69978696963541
ENSG00000082397,EPB41L3,-0.0030636261210708,0.768789992105685,0.0
ENSG00000082458,DLG3,0.2032024304801865,1.0949132860924566,0.0
ENSG00000082497,SERTAD4,-0.1207538030928707,-0.23097559698903725,5.9064507271372895
ENSG00000082515,MRPL22,-0.0215230929562116,-1.4781220890425666,0.0
ENSG00000082516,GEMIN5,0.2209038976977148,-0.4807031569300925,0.0
ENSG00000082556,OPRK1,0.2023181517581415,3.2544930500026723,0.0
ENSG00000082641,NFE2L1,-0.0724074658301371,-2.28064723928121,0.0
ENSG00000082701,GSK3B,-0.1862972685855494,-1.6471683984224699,0.0
ENSG00000082805,ERC1,-0.2071702402722531,1.0893927098864948,0.0
ENSG00000082898,XPO1,0.1964287753250309,-0.7153720344816111,3.5227547263921695
ENSG00000082996,RNF13,-0.0465215413133269,-0.74634957698872,2.98539830795488
ENSG00000083099,LYRM2,0.2438016504721689,-1.9097260154964082,0.0
ENSG00000083123,BCKDHB,-0.3168093473746517,-2.9203407996357464,10.3673627510789
ENSG00000083168,KAT6A,0.1397453011954458,0.3904251769015867,0.0
ENSG00000083290,ULK2,-0.226906077115622,0.3194478065815676,0.0
ENSG00000083312,TNPO1,0.0597877622968351,0.3004821674546858,0.0
ENSG00000083444,PLOD1,0.2679904964918665,0.33743167018861,0.0
ENSG00000083454,P2RX5,0.4000497133586703,0.60450553161973,0.0
ENSG00000083457,ITGAE,-0.2637988353019576,0.0,0.0
ENSG00000083520,DIS3,-0.2587759665872409,-1.9627226772229551,0.0
ENSG00000083642,PDS5B,-0.2083460862206551,1.2635058371983272,0.0
ENSG00000083720,OXCT1,-0.0866677108078869,0.8336673947671698,0.0
ENSG00000083750,RRAGB,-0.0572740604091785,-2.51793526319897,5.21009789917537
ENSG00000083799,CYLD,-0.2133060219263433,-1.61759529595114,0.0
ENSG00000083845,RPS5,0.4023040551957854,-2.4750457371999235,0.0
ENSG00000083937,CHMP2B,-0.3559542030838795,-2.70126894183269,0.0
ENSG00000084070,SMAP2,0.0221735554142567,-0.5972068500393325,2.38882740015733
ENSG00000084073,ZMPSTE24,-0.0305159394116184,0.0,0.0
ENSG00000084090,STARD7,0.2165981067041593,0.0,0.0
ENSG00000084112,SSH1,0.0992666250707269,-1.7666075742559357,7.66756171806973
ENSG00000084207,GSTP1,0.0553910886383316,-2.98384365233644,0.0
ENSG00000084234,APLP2,0.1833431124481134,-1.1748910253940499,0.0
ENSG00000084463,WBP11,-0.2157045475594526,-2.0112423757371998,0.0
ENSG00000084623,EIF3I,-0.1297326027488121,-2.4322001344210253,0.0
ENSG00000084652,TXLNA,-0.1843909358825899,-2.839979669389957,0.0
ENSG00000084676,NCOA1,0.0328604731506214,-0.9212998647574775,0.0
ENSG00000084693,AGBL5,-0.1496337237804645,-1.1622775263503122,0.0
ENSG00000084731,KIF3C,-0.2194183103326876,-0.7288290428946371,7.413551937472991
ENSG00000084733,RAB10,-0.1598061190223682,0.04205297812483833,0.0
ENSG00000084754,HADHA,-0.0453717988869742,0.0,0.0
ENSG00000084764,MAPRE3,-0.0817934990296576,-2.469395476829219,0.0
ENSG00000085224,ATRX,0.0977630645466705,0.0,0.0
ENSG00000085231,AK6,0.2890307480891005,0.0,0.0
ENSG00000085274,MYNN,-0.4199797065923829,0.0,0.0
ENSG00000085365,SCAMP1,0.1116140774269494,0.0,0.0
ENSG00000085377,PREP,-0.0505557384671252,-1.2830528107416073,4.86637514477952
ENSG00000085382,HACE1,-0.1416273117590008,-0.406029306377655,0.0
ENSG00000085433,WDR47,0.1267516692833863,0.0,0.0
ENSG00000085449,WDFY1,0.1026890170642935,0.2069920400545966,2.51283205114912
ENSG00000085511,MAP3K4,0.1366375083817312,0.7318920784059016,0.0
ENSG00000085644,ZNF213,-0.0372053962552931,-1.314601440233767,0.0
ENSG00000085719,CPNE3,-0.5581699444139162,-8.94710442808607,19.9044490148078
ENSG00000085721,RRN3,-0.423597398931353,0.54445885515044,0.0
ENSG00000085733,CTTN,-0.1470341386114524,-0.7824497239477934,2.1737538319704
ENSG00000085788,DDHD2,-0.3628993885766771,0.0,0.0
ENSG00000085831,TTC39A,0.3587480701158514,0.0,0.0
ENSG00000085832,EPS15,-0.336456691329834,-2.9777202601387973,9.08829507129104
ENSG00000085871,MGST2,-0.0678027776919954,0.42748372934027,0.0
ENSG00000085872,CHERP,-0.0478255279315728,-1.5997553632820476,0.0
ENSG00000085978,ATG16L1,-0.187807301857977,0.0,0.0
ENSG00000085998,POMGNT1,-0.1348202800246097,0.0,0.0
ENSG00000086015,MAST2,-0.0856512386041599,-2.101680404495205,12.1659580148513
ENSG00000086061,DNAJA1,0.4573138677109841,-2.5941153699710897,0.0
ENSG00000086065,CHMP5,0.1591648000117613,0.52253891826156,0.0
ENSG00000086102,NFX1,-0.0665681551887987,-0.6978973407717225,1.73939941924472
ENSG00000086189,DIMT1,0.0015463875224598,0.0,0.0
ENSG00000086200,IPO11,-0.0240794153192966,0.0,0.0
ENSG00000086232,EIF2AK1,-0.0459454207666831,-2.2055583093767823,0.0
ENSG00000086289,EPDR1,0.0748024313593784,0.204013934817365,0.0
ENSG00000086300,SNX10,0.1184938099892296,-1.1168991197842484,0.0
ENSG00000086475,SEPHS1,0.1020818127766115,-2.074845770734823,0.0
ENSG00000086504,MRPL28,-0.1855364956111375,-2.4268158554932335,0.0
ENSG00000086589,RBM22,-0.2091679540034266,-1.7532413534149316,0.0
ENSG00000086598,TMED2,0.0364382899179733,-1.3959981003836393,0.0
ENSG00000086619,ERO1B,0.2522732170699918,0.0,0.0
ENSG00000086758,HUWE1,-0.2408213075777531,0.3023217104191517,0.0
ENSG00000087053,MTMR2,0.1260053030753308,0.0,0.0
ENSG00000087087,SRRT,0.1226698453501385,-2.7910188694749416,0.0
ENSG00000087095,NLK,-0.2758687029332851,-3.358374381226517,12.9287677332485
ENSG00000087152,ATXN7L3,-0.1548422607339617,-2.047159044128145,0.0
ENSG00000087191,PSMC5,-0.039000530184438,-3.7531328801991553,0.0
ENSG00000087258,GNAO1,0.3307153058282182,-1.0761085641146346,4.66187374710396
ENSG00000087263,OGFOD1,0.1389136844191788,-1.78085978044425,0.0
ENSG00000087274,ADD1,-0.0340787652387324,0.0,0.0
ENSG00000087302,RTRAF,-0.0425149675496579,0.0,0.0
ENSG00000087338,GMCL1,-0.2784838451179242,-0.3688733647119892,0.0
ENSG00000087365,SF3B2,-0.0268771967820311,-2.4784241120631902,0.0
ENSG00000087448,KLHL42,0.0801587062122332,0.42727273415363654,0.0
ENSG00000087460,GNAS,0.178313977406719,0.7365824437229286,0.0
ENSG00000087470,DNM1L,-0.3146823567882758,0.0,0.0
ENSG00000087495,PHACTR3,-0.0023899184425649,0.38375425503241395,0.0
ENSG00000087502,ERGIC2,0.0201561797146159,0.2781292317935167,0.0
ENSG00000088179,PTPN4,0.2050581922587687,0.0,0.0
ENSG00000088205,DDX18,-0.0157348003505311,-3.0883909257994184,0.0
ENSG00000088247,KHSRP,-0.0868258196559801,-0.4698380852179224,0.0
ENSG00000088256,GNA11,-0.2923767771143781,0.0,0.0
ENSG00000088356,PDRG1,0.0851515258792491,-2.07501268520807,0.0
ENSG00000088367,EPB41L1,0.0138363519756364,0.041488544008539296,2.70247554479745
ENSG00000088387,DOCK9,-0.2414330006626964,0.0,0.0
ENSG00000088448,ANKRD10,0.1251107343510838,0.0,0.0
ENSG00000088538,DOCK3,-0.2344976061233681,-0.8111916397122572,5.48285370021236
ENSG00000088543,C3ORF18,-0.1733755706852147,-1.4935651304150177,0.0
ENSG00000088808,PPP1R13B,-0.0496837135604158,-1.8833975011656396,7.12821331815243
ENSG00000088812,ATRN,-0.3435798249547917,-1.2452028739328367,2.88877118211435
ENSG00000088833,NSFL1C,-0.0289090210659455,-1.4207785856092507,0.0
ENSG00000088899,LZTS3,0.2894727078781385,0.0,0.0
ENSG00000088930,XRN2,0.2642711235256539,0.0,0.0
ENSG00000088986,DYNLL1,0.0132113445759304,-2.590735356532975,0.0
ENSG00000089006,SNX5,-0.0450814392969209,0.0,0.0
ENSG00000089048,ESF1,0.199359500595459,-1.9774077474953775,0.0
ENSG00000089053,ANAPC5,0.2471214035945701,0.0,0.0
ENSG00000089057,SLC23A2,-0.4019450342322554,-2.005690388973682,8.482860772996558
ENSG00000089154,GCN1,-0.0717967912444052,0.0,0.0
ENSG00000089169,RPH3A,0.2689023680835135,3.734764167170894,0.0
ENSG00000089195,TRMT6,-0.1690877995278015,-1.2919909307305668,0.0
ENSG00000089199,CHGB,0.4036134376250179,-0.7653381551260727,0.0
ENSG00000089220,PEBP1,-0.0207006458126898,-1.9066690544754126,0.0
ENSG00000089234,BRAP,-0.317211342705987,0.5933881770713701,0.0
ENSG00000089248,ERP29,0.0334661641199995,-3.4466473738682146,0.0
ENSG00000089280,FUS,0.8925165752231696,0.0,0.0
ENSG00000089289,IGBP1,0.0237216218400766,0.0,0.0
ENSG00000089335,ZNF302,0.2735997861243134,-1.91153167037815,0.0
ENSG00000089486,CDIP1,-0.0086376795635762,-3.1426468937641547,0.0
ENSG00000089693,MLF2,-0.0211170155267442,-2.3968128533778152,0.0
ENSG00000089737,DDX24,0.3821140789007934,-2.08744786535992,0.0
ENSG00000089818,NECAP1,0.0723400401728462,-1.66051603680293,0.0
ENSG00000089916,GPATCH2L,0.2525171971947754,-1.3425284477191568,6.77369230955178
ENSG00000090013,BLVRB,-0.0256096402746341,-2.99733607283835,0.0
ENSG00000090020,SLC9A1,-0.0293799177054893,0.0,0.0
ENSG00000090060,PAPOLA,-0.1878921929519756,0.2928857263747948,0.0
ENSG00000090097,PCBP4,0.1731334633003324,2.2954584695063733,0.0
ENSG00000090238,YPEL3,0.0382817812031395,-2.446397994423954,0.0
ENSG00000090263,MRPS33,0.0984958448484739,-2.4580163096521885,0.0
ENSG00000090266,NDUFB2,0.0459231119722658,-2.6872687885722737,0.0
ENSG00000090432,MUL1,0.2879099933930188,-2.413988530997517,0.0
ENSG00000090470,PDCD7,-0.3699020181109037,-1.0144250025053858,0.0
ENSG00000090487,SPG21,0.1849980276791817,0.0,0.0
ENSG00000090565,RAB11FIP3,0.122291963378861,-1.7246386186050655,4.41723783659147
ENSG00000090615,GOLGA3,0.0897053759367174,0.4069150469673333,0.0
ENSG00000090621,PABPC4,0.4626709334241258,-0.451048933012265,0.0
ENSG00000090686,USP48,0.1731899140692863,0.0,0.0
ENSG00000090863,GLG1,-0.2954310906282873,0.7259400880116873,0.0
ENSG00000090905,TNRC6A,-0.0360486661043096,-0.5332985852968676,1.99630380357919
ENSG00000090971,NAT14,-0.1883647753492063,-0.9094323729938617,0.0
ENSG00000090975,PITPNM2,-0.2117061382045894,-5.3554287630252215,17.2839219119998
ENSG00000090989,EXOC1,-0.2683139475010271,-1.88776224632984,0.0
ENSG00000091009,RBM27,-0.1799983599829432,0.0,0.0
ENSG00000091039,OSBPL8,-0.0401863895123095,0.05909020463564252,2.71393963213752
ENSG00000091129,NRCAM,0.3348535978393427,-2.2086115069755166,10.2513418013819
ENSG00000091140,DLD,-0.2148305907924713,-2.333285547441195,0.0
ENSG00000091157,WDR7,-0.0983055228361084,0.9932200621383899,0.0
ENSG00000091164,TXNL1,0.2408340542684449,-2.04629994098555,0.0
ENSG00000091428,RAPGEF4,0.0410255091725999,-2.4617483857277382,7.394372590953609
ENSG00000091482,SMPX,0.2103130384266752,-6.845082397526906,17.4508355092117
ENSG00000091513,TF,0.18145532766193,0.0,0.0
ENSG00000091527,CDV3,0.4700737029956521,-2.6675716386437367,0.0
ENSG00000091542,ALKBH5,0.145484770609534,0.0,0.0
ENSG00000091640,SPAG7,-0.1730209060845158,-3.11869261769905,0.0
ENSG00000091656,ZFHX4,0.069876742648063,-5.565458160457861,20.6675620981281
ENSG00000091732,ZC3HC1,0.3845485916100737,0.6656285999868249,0.0
ENSG00000091844,RGS17,0.4685587473425693,-1.6888190255356386,3.08692453453
ENSG00000091947,TMEM101,-0.3167851167231595,-1.5651869119408062,0.0
ENSG00000091972,CD200,0.4734259566984943,1.907508326276104,0.0
ENSG00000092010,PSME1,-0.2088559488178086,-3.53910247145635,0.0
ENSG00000092020,PPP2R3C,0.0309996133416943,0.0,0.0
ENSG00000092096,SLC22A17,0.6639499088722483,-0.8506151042493175,0.0
ENSG00000092108,SCFD1,-0.4843239639181961,-1.7867456235225023,4.4870609439809295
ENSG00000092140,G2E3,0.0865556701738165,0.0,0.0
ENSG00000092148,HECTD1,0.2612007063507249,0.0,0.0
ENSG00000092199,HNRNPC,-0.1661264016514725,0.24155272568818,0.0
ENSG00000092201,SUPT16H,-0.1055104044071175,-2.0865296269269,0.0
ENSG00000092203,TOX4,-0.2545906284797469,-2.4529528758803165,0.0
ENSG00000092330,TINF2,0.0166299696832734,0.0,0.0
ENSG00000092820,EZR,0.3204299006289277,0.0,0.0
ENSG00000092841,MYL6,0.1820069155579785,-3.228045364718568,0.0
ENSG00000092847,AGO1,0.134015455610905,-0.53412065659928,0.0
ENSG00000092931,MFSD11,-0.1326068274405094,-1.3944122645135109,3.42640971884083
ENSG00000092964,DPYSL2,0.0689840346720816,-0.21554184210652416,2.07413142685833
ENSG00000092978,GPATCH2,-0.1847463127453766,-2.757614508760388,10.4545577111835
ENSG00000093000,NUP50,-0.0802241118229824,-1.8683054680923552,0.0
ENSG00000093010,COMT,0.2807667121727457,-0.09218960742090332,0.0
ENSG00000093144,ECHDC1,0.235806382936563,0.07871278523304659,0.0
ENSG00000093167,LRRFIP2,0.2140442814950154,0.393708719383495,0.0
ENSG00000093183,SEC22C,-0.0554936144860645,0.17688621288875164,0.0
ENSG00000094631,HDAC6,0.2052565647015959,-1.7035086678059566,0.0
ENSG00000094841,UPRT,-0.1970694451214115,-0.4565038563355775,0.0
ENSG00000094880,CDC23,-0.1831887579218295,0.0,0.0
ENSG00000094916,CBX5,0.0500493048480505,1.8578345179271383,0.0
ENSG00000094975,SUCO,0.324405098336512,0.1266643790942808,0.0
ENSG00000095139,ARCN1,-0.3432089995260921,-1.5392971275703804,0.0
ENSG00000095261,PSMD5,0.3403483383454087,0.5454430594842917,0.0
ENSG00000095321,CRAT,-0.0273939606735534,-1.8634816802782277,0.0
ENSG00000095380,NANS,0.1918648593207754,-2.83076641870085,0.0
ENSG00000095564,BTAF1,-0.2646633370470637,0.42452922676702814,0.0
ENSG00000095574,IKZF5,0.0606807603397743,1.4789579339314685,0.0
ENSG00000095637,SORBS1,0.069970250689705,-2.7803695166833204,4.15832037403572
ENSG00000095787,WAC,-0.0648911907189511,0.0,0.0
ENSG00000095794,CREM,0.3981623678960977,0.5516147899054517,0.0
ENSG00000096063,SRPK1,0.1784822113798999,-0.8580203575333999,4.32311278587022
ENSG00000096092,TMEM14A,0.1399947020770383,-1.185510316998609,0.0
ENSG00000096384,HSP90AB1,0.1171148225068155,-1.6657905451831527,0.0
ENSG00000096401,CDC5L,0.4697340602966898,-2.409680201388248,0.0
ENSG00000096746,HNRNPH3,0.3568178196565456,0.0,0.0
ENSG00000097007,ABL1,-0.219859236281855,-1.4568812093318702,1.75621624568092
ENSG00000097021,ACOT7,0.1643932682649489,-2.896285917543499,6.00119396045978
ENSG00000097033,SH3GLB1,-0.0517112238387364,0.0,0.0
ENSG00000099194,SCD,-0.126858336271402,-1.652952513599815,0.0
ENSG00000099204,ABLIM1,0.2042102859787441,-0.5640127062955265,3.9937663549455698
ENSG00000099219,ERMP1,-0.1066993945799919,0.0,0.0
ENSG00000099246,RAB18,-0.0175520734733306,0.0,0.0
ENSG00000099308,MAST3,-0.2248496756859644,-1.5013956788080767,3.656832034776
ENSG00000099326,MZF1,0.0689191162759341,-0.3017916786213675,0.0
ENSG00000099341,PSMD8,-0.1153660941163404,-3.564783206320153,0.0
ENSG00000099622,CIRBP,-0.2193211334790731,0.60840620215553,0.0
ENSG00000099783,HNRNPM,0.0224111632955671,-2.052318754125875,0.0
ENSG00000099814,CEP170B,-0.0871529897471448,-2.4523688832131953,0.0
ENSG00000099817,POLR2E,-0.1172456666789196,-2.9481719872294487,0.0
ENSG00000099864,PALM,0.1045345233457294,1.0658900595531444,4.32493051724427
ENSG00000099875,MKNK2,0.402561302291835,0.24952748588049833,0.0
ENSG00000099889,ARVCF,0.3413365577589621,1.208282643464925,0.0
ENSG00000099901,RANBP1,-0.1795405063500667,-2.2410455237941687,0.0
ENSG00000099904,ZDHHC8,-0.0766895522001361,0.0,0.0
ENSG00000099910,KLHL22,0.0545915446335109,-2.044485207568036,7.13189981031855
ENSG00000099917,MED15,-0.0291186180203283,-1.0003334750311477,4.11862724733943
ENSG00000099940,SNAP29,0.1085830410637751,-0.579891896446975,0.0
ENSG00000099942,CRKL,0.016265295190935,0.0,0.0
ENSG00000099956,SMARCB1,-0.0300600600660642,0.0,0.0
ENSG00000099968,BCL2L13,-0.1400612852665893,-1.619891813266955,5.26034729633991
ENSG00000099991,CABIN1,0.0184509978463602,0.0,0.0
ENSG00000099995,SF3A1,-0.3022424324228149,-2.4175148280156766,0.0
ENSG00000100014,SPECC1L,0.1402306412065725,-2.2561155222575504,0.0
ENSG00000100029,PES1,-0.1398742832938139,-2.11534584723407,0.0
ENSG00000100030,MAPK1,0.2538030313487815,0.0,0.0
ENSG00000100034,PPM1F,0.3783105769001602,-0.27298572873417587,0.0
ENSG00000100083,GGA1,0.1023152471252463,0.0,0.0
ENSG00000100095,SEZ6L,-0.0497024787320996,-2.450308592982971,12.5684699877617
ENSG00000100097,LGALS1,0.3795549742831327,-4.14930486985035,0.0
ENSG00000100099,HPS4,0.1338441462704255,0.0,0.0
ENSG00000100100,PIK3IP1,0.0665698146007595,0.0,0.0
ENSG00000100116,GCAT,0.1324204624076515,-2.2888732987663247,0.0
ENSG00000100124,ANKRD54,-0.3949494519662171,-1.8168449751138116,0.0
ENSG00000100138,SNU13,0.0486599230806425,0.0,0.0
ENSG00000100142,POLR2F,0.2523340935860079,0.0,0.0
ENSG00000100151,PICK1,-0.3038696340689564,-2.147045915082782,0.0
ENSG00000100154,TTC28,-0.1711410394826222,-1.408161759364538,7.84500253197576
ENSG00000100201,DDX17,0.0620808229496949,0.0,0.0
ENSG00000100207,TCF20,-0.1719443424359852,-2.5325171104710344,7.667430800738549
ENSG00000100216,TOMM22,-0.1078057581549586,-2.29183348561685,0.0
ENSG00000100220,RTCB,0.0578408432114557,0.0,0.0
ENSG00000100221,JOSD1,0.1412769938023697,0.41413617722840335,0.0
ENSG00000100225,FBXO7,-0.082053150859559,0.0,0.0
ENSG00000100227,POLDIP3,-0.2099643661563354,0.0,0.0
ENSG00000100234,TIMP3,-0.3199213381994433,0.0,0.0
ENSG00000100239,PPP6R2,-0.1020260473788572,-1.2616027300623136,4.507741180259649
ENSG00000100241,SBF1,-0.0067722212372532,0.0,0.0
ENSG00000100243,CYB5R3,0.2165820643057304,-1.7916984868764174,0.0
ENSG00000100263,RHBDD3,0.2021638830003342,0.6590324371388766,0.0
ENSG00000100266,PACSIN2,0.035965494974613,-0.4956933302378,0.0
ENSG00000100280,AP1B1,-0.0492157110520065,-1.61931031751242,0.0
ENSG00000100281,HMGXB4,0.2169958530897953,0.0,0.0
ENSG00000100304,TTLL12,-0.289523296341539,0.0,0.0
ENSG00000100307,CBX7,0.0779586783408125,0.0,0.0
ENSG00000100320,RBFOX2,-0.0007879065281103,-1.362653398105087,5.51632919193374
ENSG00000100321,SYNGR1,-0.0893008837940426,0.7502717992982849,0.0
ENSG00000100324,TAB1,-0.2667144494295179,0.0,0.0
ENSG00000100330,MTMR3,0.1224815321400785,-0.6148307127085617,3.29470926411981
ENSG00000100347,SAMM50,0.0292163343120665,0.0,0.0
ENSG00000100348,TXN2,0.129466961688627,-2.0707308793113484,0.0
ENSG00000100350,FOXRED2,0.2639727470651122,0.0,0.0
ENSG00000100353,EIF3D,-0.265061819870706,-1.7112004936877043,0.0
ENSG00000100354,TNRC6B,0.4218303541901095,0.3357718137689459,0.0
ENSG00000100364,KIAA0930,0.2490909018718801,-2.627592678580428,9.387863956783379
ENSG00000100372,SLC25A17,-0.0601354902724307,-0.9596326623313114,7.492665489281179
ENSG00000100379,KCTD17,0.1234892158113097,-2.383371304780325,0.0
ENSG00000100380,ST13,0.1611939369569955,-2.5919697333673817,0.0
ENSG00000100387,RBX1,-0.311654196745894,-2.822257500637325,0.0
ENSG00000100395,L3MBTL2,-0.5225898169393335,0.0,0.0
ENSG00000100401,RANGAP1,0.205944504588472,-1.6724431372163338,0.0
ENSG00000100403,ZC3H7B,0.4188721909160262,0.0,0.0
ENSG00000100413,POLR3H,-0.1815886367879427,-2.6698007182917167,0.0
ENSG00000100417,PMM1,0.1216113770569191,-1.5023001555299538,0.0
ENSG00000100418,DESI1,-0.0070864408547006,0.0,0.0
ENSG00000100422,CERK,0.0827762379391586,0.040625577785322164,0.0
ENSG00000100425,BRD1,0.1358402872977812,0.0,0.0
ENSG00000100442,FKBP3,0.045619267494129,-1.9990525155729038,0.0
ENSG00000100461,RBM23,0.1670581190756075,0.0,0.0
ENSG00000100483,VCPKMT,-0.007884198289156,0.0,0.0
ENSG00000100485,SOS2,-0.0173048208864078,-1.4174795347714675,2.40599361694083
ENSG00000100503,NIN,0.3047339876434451,0.1459919440601376,0.0
ENSG00000100504,PYGL,-0.4724901171635564,-18.275518345161938,38.2479745355876
ENSG00000100505,TRIM9,-0.1208181039691563,-3.013023032368277,10.671629407094
ENSG00000100523,DDHD1,0.1499626765575754,0.26536677766612665,0.0
ENSG00000100528,CNIH1,0.0740097693477676,0.0,0.0
ENSG00000100554,ATP6V1D,0.2218437141740596,-2.592676082346556,0.0
ENSG00000100564,PIGH,0.3007601178991643,0.0,0.0
ENSG00000100567,PSMA3,-0.2232776725982792,-2.3815150905444775,0.0
ENSG00000100575,TIMM9,0.2558438929451901,0.0,0.0
ENSG00000100580,TMED8,0.0083779643606546,1.3497857673678968,0.0
ENSG00000100591,AHSA1,0.5808040030131159,-1.809723996297302,0.0
ENSG00000100592,DAAM1,0.040133155568796,-1.6570610630896219,5.68525876256262
ENSG00000100596,SPTLC2,0.5818748054564181,0.0,0.0
ENSG00000100600,LGMN,-0.4551895743131892,0.0,0.0
ENSG00000100603,SNW1,0.2382261862075045,-2.379453028024325,0.0
ENSG00000100604,CHGA,0.3793937694348134,-2.4017511778901497,0.0
ENSG00000100605,ITPK1,-0.1415318544885727,-1.115153243571529,5.98846786031411
ENSG00000100612,DHRS7,-0.0891668131059694,-2.5394189571111836,0.0
ENSG00000100614,PPM1A,0.0155191798094117,0.0,0.0
ENSG00000100626,GALNT16,0.2566179632109844,1.61066563974405,0.0
ENSG00000100632,ERH,0.2164040904163767,-1.564091196254458,0.0
ENSG00000100644,HIF1A,-0.2738976283198366,-1.1481201855865149,2.80510361361343
ENSG00000100647,SUSD6,0.0899090358490395,0.0,0.0
ENSG00000100650,SRSF5,-0.0681439822194112,-1.9987768202946752,0.0
ENSG00000100664,EIF5,0.3215139650929969,-2.4485000637518803,0.0
ENSG00000100678,SLC8A3,0.1450542999631986,-0.6924231391426072,2.43033563811434
ENSG00000100711,ZFYVE21,0.3005888723618556,0.636152687219525,0.0
ENSG00000100714,MTHFD1,-0.2494396826452638,0.0,0.0
ENSG00000100744,GSKIP,-0.0613432583257007,0.23543196570505834,0.0
ENSG00000100784,RPS6KA5,0.414589492021978,-0.022558771805119227,0.0
ENSG00000100796,PPP4R3A,0.20103443437965,0.0,0.0
ENSG00000100804,PSMB5,0.0948091345743051,-2.7714397245833533,0.0
ENSG00000100811,YY1,0.5923961073820314,0.0,0.0
ENSG00000100813,ACIN1,0.2212197566479884,0.0,0.0
ENSG00000100815,TRIP11,0.1112026729658195,0.0,0.0
ENSG00000100823,APEX1,0.1574057638102768,-3.8340547237244853,0.0
ENSG00000100852,ARHGAP5,0.0808978289030602,-3.2685672950752953,9.884969911229048
ENSG00000100865,CINP,0.2951797229986012,-2.0475340398187973,0.0
ENSG00000100883,SRP54,0.0739875441273575,-1.6232557808738,0.0
ENSG00000100888,CHD8,-0.1835307393957883,-1.6798421886907673,4.060263256130209
ENSG00000100897,DCAF11,-0.4402962354645887,0.0,0.0
ENSG00000100906,NFKBIA,0.206030112987841,0.0,0.0
ENSG00000100908,EMC9,-0.2045950865672682,-1.9749540035802164,0.0
ENSG00000100934,SEC23A,-0.0342260388211362,0.6004552109832952,0.0
ENSG00000100938,GMPR2,-0.3382073217650823,-2.394345270094502,0.0
ENSG00000100941,PNN,0.2873325579636619,-1.1936841083633798,0.0
ENSG00000100983,GSS,-0.3562944759812529,-3.304502035326192,0.0
ENSG00000100997,ABHD12,-0.2543319372881673,0.0,0.0
ENSG00000101019,UQCC1,-0.1927302864975023,0.24282318620598897,0.0
ENSG00000101040,ZMYND8,0.8919654780286039,-1.5802246266228808,3.3070169673295906
ENSG00000101079,NDRG3,0.1767376058007204,-0.6540665106528175,0.0
ENSG00000101109,STK4,-0.1862591530282282,0.0,0.0
ENSG00000101126,ADNP,0.0802128351891772,-0.5310802181203771,0.0
ENSG00000101132,PFDN4,0.0637792703270432,-1.028839514721593,0.0
ENSG00000101134,DOK5,0.2644531022743777,-1.1849377184401424,4.73975087376057
ENSG00000101146,RAE1,0.0799550036156489,0.0,0.0
ENSG00000101150,TPD52L2,-0.1097504974106928,0.0,0.0
ENSG00000101152,DNAJC5,-0.0503845146025679,-0.5890505491826074,0.0
ENSG00000101161,PRPF6,-0.3844908718099327,-2.214782819203661,0.0
ENSG00000101182,PSMA7,0.2779828231186705,-2.773633684456014,0.0
ENSG00000101187,SLCO4A1,0.1692240407424604,0.0,0.0
ENSG00000101189,MRGBP,-0.1265510444655269,0.0,0.0
ENSG00000101190,TCFL5,0.1058464423570713,0.227978163967775,0.0
ENSG00000101191,DIDO1,0.3828697991640166,-0.46026948997469,0.0
ENSG00000101193,GID8,0.1930006274835071,0.6283430193291449,0.0
ENSG00000101199,ARFGAP1,-0.292994061118911,0.0,0.0
ENSG00000101210,EEF1A2,0.0804591058634427,-2.340963311052275,0.0
ENSG00000101224,CDC25B,0.4199333122939696,-3.127696738943657,7.07980265661694
ENSG00000101236,RNF24,0.2189052460154153,0.0,0.0
ENSG00000101246,ARFRP1,-0.1799918067830711,0.0706343359428315,0.0
ENSG00000101247,NDUFAF5,0.0756727166432874,0.06700403211725245,0.0
ENSG00000101265,RASSF2,0.037410117097423,0.32475335500754665,0.0
ENSG00000101266,CSNK2A1,-0.4721455316687822,-1.4922964022693224,3.3853616944355
ENSG00000101290,CDS2,-0.1031941921098089,-0.5156495648400224,2.06259825936009
ENSG00000101298,SNPH,0.0518968140624762,0.0,0.0
ENSG00000101310,SEC23B,-0.2423852354323495,0.0,0.0
ENSG00000101333,PLCB4,0.411195606806302,-0.19003076120699047,5.770745676071569
ENSG00000101343,CRNKL1,0.3559109711721966,-2.5860539936075204,0.0
ENSG00000101347,SAMHD1,0.1196364805730357,0.0,0.0
ENSG00000101350,KIF3B,-0.1216653233447305,-0.37940957818674,0.0
ENSG00000101363,MANBAL,-0.0607543311588511,-2.0057210478425724,0.0
ENSG00000101365,IDH3B,-0.2225605486942538,-2.443082046856518,0.0
ENSG00000101367,MAPRE1,-0.2006061796586963,0.0,0.0
ENSG00000101391,CDK5RAP1,-0.1276828267322205,0.33254409157787335,0.0
ENSG00000101407,TTI1,0.4033785037505078,-0.460543839713415,0.0
ENSG00000101413,RPRD1B,-0.3156224113443866,0.0,0.0
ENSG00000101421,CHMP4B,-0.2365745315618179,0.0,0.0
ENSG00000101439,CST3,0.3421224075069423,-1.6104183141418318,0.0
ENSG00000101460,MAP1LC3A,0.0892778755618075,-4.168561053552678,3.62946533839692
ENSG00000101464,PIGU,-0.5431071996442347,0.0,0.0
ENSG00000101474,APMAP,0.0550019799593121,-1.5282220432970988,0.0
ENSG00000101489,CELF4,0.0098016079567064,-2.4225746755797783,12.1846296613331
ENSG00000101544,ADNP2,0.1724850684797941,-1.4334111508912,5.7336446035648
ENSG00000101557,USP14,0.1222896472962592,-1.9071125467702925,2.64088055788985
ENSG00000101558,VAPA,0.0791838142365827,0.0,0.0
ENSG00000101577,LPIN2,-0.0038840436187511,-0.8313871107835942,0.0
ENSG00000101596,SMCHD1,-0.0884346305935087,-0.124763034405288,0.0
ENSG00000101608,MYL12A,0.281969477613736,-1.7065639306487375,0.0
ENSG00000101654,RNMT,-0.25986582826114,-2.1133140965281574,0.0
ENSG00000101745,ANKRD12,0.0785452660242516,-2.429505122884874,3.9112463875354897
ENSG00000101746,NOL4,0.023168729958992,-3.673129044914928,10.2888627450795
ENSG00000101751,POLI,0.0558293987472805,-0.284088156419673,0.0
ENSG00000101752,MIB1,-0.111949593866222,0.0,0.0
ENSG00000101782,RIOK3,-0.2892560952375871,-1.731306656567405,0.0
ENSG00000101843,PSMD10,-0.2649984888514212,-1.9817013380201467,0.0
ENSG00000101846,STS,0.2592418018107866,1.1745105482120748,0.0
ENSG00000101856,PGRMC1,0.0892614975609839,-0.8849831180302301,0.0
ENSG00000101882,NKAP,-0.3680050849247807,-2.0393214676440494,0.0
ENSG00000101928,MOSPD1,-0.4982143568951445,0.0,0.0
ENSG00000101940,WDR13,0.0004653261187218,-1.113584687665845,0.0
ENSG00000101966,XIAP,0.1683309961824602,0.06727977616510739,0.0
ENSG00000101972,STAG2,-0.0796479259944471,0.0,0.0
ENSG00000101974,ATP11C,-0.1284076617537054,-0.040417849555443475,12.9165299984883
ENSG00000101977,MCF2,-0.3506329277579099,0.484604284555185,0.0
ENSG00000102003,SYP,0.0861619051704957,0.1865540606751559,0.0
ENSG00000102024,PLS3,0.5354079500941373,0.8530993144963901,5.13862262332972
ENSG00000102030,NAA10,0.1250354046117028,-3.3217983984407,0.0
ENSG00000102038,SMARCA1,-0.1181257933936561,-4.166276124664486,7.457454773558821
ENSG00000102054,RBBP7,-0.1625080820341528,-1.7935121651367976,0.0
ENSG00000102078,SLC25A14,0.1355013596504585,1.141303870430515,0.0
ENSG00000102081,FMR1,-0.2145507483935362,0.0,0.0
ENSG00000102100,SLC35A2,-0.1114521306619864,-1.78529501549402,0.0
ENSG00000102103,PQBP1,0.168320951247174,-2.8996049733491933,0.0
ENSG00000102109,PCSK1N,0.0350237079377396,-1.200858928561345,0.0
ENSG00000102119,EMD,-0.1256024297727333,-2.57975503109315,0.0
ENSG00000102144,PGK1,0.1553518003220464,-1.525456678415031,0.0
ENSG00000102178,UBL4A,0.2088016115131254,-2.3521899978261125,0.0
ENSG00000102181,CD99L2,0.064945512396056,0.0,0.0
ENSG00000102189,EEA1,-0.1381271568962881,0.0,0.0
ENSG00000102225,CDK16,-0.2292537856771246,0.0,0.0
ENSG00000102226,USP11,0.2185079746061647,-0.9792357888302237,0.0
ENSG00000102241,HTATSF1,-0.1004184865726741,-2.254596356903785,0.0
ENSG00000102309,PIN4,0.0044886470089407,0.268440025438335,0.0
ENSG00000102316,MAGED2,0.0228071911854644,-2.8541039903018834,0.0
ENSG00000102393,GLA,0.077076102193088,-4.3965581645482,2.15139254980192
ENSG00000102401,ARMCX3,-0.1772024036575846,-2.0519845218906885,0.0
ENSG00000102409,BEX4,-0.0469586272651284,-2.353001280686441,0.0
ENSG00000102452,NALCN,0.0464963349175967,0.3994459147194116,0.0
ENSG00000102466,FGF14,0.6680420044940438,1.0641171747748572,0.0
ENSG00000102468,HTR2A,0.1480948376254117,-0.3283783326471683,5.94217697975367
ENSG00000102471,NDFIP2,-0.1241387092864911,0.45512271306077157,0.0
ENSG00000102524,TNFSF13B,0.3607784742414759,-2.1881183478503825,4.93432998541755
ENSG00000102531,FNDC3A,-0.2540953752900112,1.9770036403990439,0.0
ENSG00000102547,CAB39L,-0.4591378689664384,-7.9985047933065685,20.3604846267733
ENSG00000102572,STK24,0.0662243508712226,0.0,0.0
ENSG00000102606,ARHGEF7,0.0437195849741142,-1.4324328161608288,3.19217910752038
ENSG00000102678,FGF9,0.186092922999305,0.0,0.0
ENSG00000102753,KPNA3,0.0494486955910274,-1.35751223528159,2.2145169184006894
ENSG00000102760,RGCC,0.0924541922054634,3.012122168543751,0.0
ENSG00000102763,VWA8,-0.3583264296873765,-0.9917503396234524,5.92749429530853
ENSG00000102781,KATNAL1,-0.5017658908528428,-1.5789477930874267,6.05990216067826
ENSG00000102804,TSC22D1,0.0149197875073109,-2.1565396147416727,6.36999148348103
ENSG00000102858,MGRN1,-0.4248659660361217,-0.5615777774090964,0.0
ENSG00000102882,MAPK3,-0.0224806091448616,-1.6491510723672318,0.0
ENSG00000102893,PHKB,0.2705863641335038,1.2810985324003303,0.0
ENSG00000102897,LYRM1,-0.1555346506894471,0.0,0.0
ENSG00000102898,NUTF2,0.0288495313397493,-2.239484940640035,0.0
ENSG00000102900,NUP93,-0.0504807944210478,-2.73385516097387,9.1186633742315
ENSG00000102908,NFAT5,-0.2186453057198459,-0.5796132899421134,1.99167584557354
ENSG00000102910,LONP2,0.0489762559889533,0.0,0.0
ENSG00000102921,N4BP1,-0.217312585313326,0.0,0.0
ENSG00000102924,CBLN1,-0.3686377720717361,-9.521213943221538,23.7049473585014
ENSG00000102931,ARL2BP,0.0397505963436931,0.0,0.0
ENSG00000102935,ZNF423,-0.3115554507181897,-0.937952415172038,8.85297439591998
ENSG00000102974,CTCF,-0.1616693936664537,0.0,0.0
ENSG00000102978,POLR2C,0.0564171751580225,-2.745971762310875,0.0
ENSG00000102981,PARD6A,0.144173623218026,-2.08419100472432,0.0
ENSG00000103005,USB1,-0.2109630210308239,0.0,0.0
ENSG00000103018,CYB5B,-0.152022009079391,0.0,0.0
ENSG00000103034,NDRG4,-0.0755999615590541,-1.9122931246344512,0.0
ENSG00000103035,PSMD7,-0.1840787856090811,-2.65078109484641,0.0
ENSG00000103042,SLC38A7,0.1093945645716516,-2.3490708456588076,4.24450991207653
ENSG00000103051,COG4,-0.0850714159842499,-0.3474217029257134,0.0
ENSG00000103064,SLC7A6,-0.0893454797626697,-2.672849871948945,6.3264679418582
ENSG00000103091,WDR59,0.1807575713306799,0.3045301092287533,0.0
ENSG00000103111,MON1B,0.1399843440578192,0.0,0.0
ENSG00000103121,CMC2,0.3755173950895447,0.0,0.0
ENSG00000103145,HCFC1R1,0.0343636898280548,-3.6133314135735386,0.0
ENSG00000103148,NPRL3,-0.5218606201369054,-1.8753583003012746,4.87796273461818
ENSG00000103150,MLYCD,0.1693256779516159,-2.2929918019339204,0.0
ENSG00000103160,HSDL1,0.2632330356825655,0.6459370252010367,0.0
ENSG00000103222,ABCC1,-0.3919032782074909,-2.12611014994501,3.96209436738721
ENSG00000103253,HAGHL,-0.1872450326423341,-3.4262510654784024,0.0
ENSG00000103257,SLC7A5,0.0752327131431292,-3.277405335121337,4.43404335745284
ENSG00000103264,FBXO31,-0.0942564636847237,-2.5947018903311245,5.67390554313253
ENSG00000103275,UBE2I,-0.4819714388079425,0.0,0.0
ENSG00000103342,GSPT1,0.1788731046802572,0.0,0.0
ENSG00000103351,CLUAP1,-0.0738210138477355,0.0,0.0
ENSG00000103353,UBFD1,-0.2216588439406056,-2.45595969997727,0.0
ENSG00000103365,GGA2,0.2713077561553945,0.19724320995687172,0.0
ENSG00000103381,CPPED1,0.0973963732071529,-3.3588156499002393,6.81672003004946
ENSG00000103404,USP31,0.38889688930257,0.0,0.0
ENSG00000103415,HMOX2,0.0264400023317015,-2.1175281254139224,0.0
ENSG00000103423,DNAJA3,-0.1991336198062089,-1.0771882552869425,0.0
ENSG00000103429,BFAR,0.0265301572526663,0.0,0.0
ENSG00000103460,TOX3,0.1495032628473374,-6.606434103122761,17.9855246541739
ENSG00000103485,QPRT,0.0576068338820507,-3.2071596039877157,2.12254749193265
ENSG00000103489,XYLT1,-0.511676882918822,-1.8232516094638016,9.47048865615216
ENSG00000103496,STX4,0.3260530815005312,0.0,0.0
ENSG00000103502,CDIPT,-0.0734668906027395,-2.3575882286457817,0.0
ENSG00000103528,SYT17,0.0202667285782512,-6.47823668101689,21.8538356458536
ENSG00000103540,CCP110,-0.1007440855656658,0.4268973962918767,0.0
ENSG00000103591,AAGAB,-0.3146180577950416,1.2184982627045025,0.0
ENSG00000103647,CORO2B,-0.0380397987873333,0.0,0.0
ENSG00000103653,CSK,-0.3148709068171976,0.0,0.0
ENSG00000103657,HERC1,-0.2831073687052556,-0.969435778481615,2.87173136345213
ENSG00000103723,AP3B2,0.1034063226374923,0.3534967758947583,0.0
ENSG00000103769,RAB11A,-0.1696427561579431,-1.77830578311075,0.0
ENSG00000103876,FAH,0.200823527631169,-0.08028013293156344,1.74605187294112
ENSG00000103978,TMEM87A,0.0309742987864887,0.0,0.0
ENSG00000103994,ZNF106,-0.0526606936052635,0.0,0.0
ENSG00000104067,TJP1,-0.1454678273399224,0.0,0.0
ENSG00000104093,DMXL2,-0.1873935059548181,-2.147707988374835,5.40307024005956
ENSG00000104112,SCG3,0.0393268840167679,-0.5346849518353469,0.0
ENSG00000104131,EIF3J,0.1726815635209837,-2.227266362925752,0.0
ENSG00000104133,SPG11,0.0396554363336391,0.0,0.0
ENSG00000104142,VPS18,-0.2764564120316564,-3.151572011098225,0.0
ENSG00000104164,BLOC1S6,-0.1427224852625158,0.9499100074473134,0.0
ENSG00000104177,MYEF2,0.2016764449151282,0.11614195940652748,0.0
ENSG00000104218,CSPP1,0.3302678166866549,-1.9549391638411788,6.80313609083337
ENSG00000104219,ZDHHC2,0.0123090437503325,2.694615034483532,0.0
ENSG00000104231,ZFAND1,-0.2449597948746657,0.0,0.0
ENSG00000104267,CA2,0.2215297342156142,-1.6076654771679175,0.0
ENSG00000104290,FZD3,0.0845394005997723,0.5019206765796567,0.0
ENSG00000104320,NBN,-0.1188099104230467,0.4644297538072617,0.0
ENSG00000104327,CALB1,0.5680324755760822,15.367524036537558,0.0
ENSG00000104332,SFRP1,0.3274228845724583,0.0,0.0
ENSG00000104341,LAPTM4B,-0.0081725901315837,0.0,0.0
ENSG00000104343,UBE2W,-0.655575775784545,0.0,0.0
ENSG00000104361,NIPAL2,0.121813033021953,1.0178410809700034,0.0
ENSG00000104381,GDAP1,-0.1055337594406493,-2.673330702816791,9.933488263721427
ENSG00000104388,RAB2A,0.0831327491688329,0.0,0.0
ENSG00000104408,EIF3E,0.427612922064805,-6.781144201334625,18.9437015428808
ENSG00000104412,EMC2,-0.1299612454914154,-0.10934076902923251,0.0
ENSG00000104427,ZC2HC1A,-0.0470724453026157,-0.2617287908376317,3.41585278138664
ENSG00000104435,STMN2,0.2059626177131915,-4.399869350046712,12.768645950488
ENSG00000104442,ARMC1,0.077986579190044,0.0,0.0
ENSG00000104447,TRPS1,0.0342549056940331,1.7845982449808837,0.0
ENSG00000104490,NCALD,0.5243640215804839,0.0,0.0
ENSG00000104517,UBR5,0.1467599213584263,0.0,0.0
ENSG00000104613,INTS10,-0.3882877484318289,-0.883216021173865,3.53286408469546
ENSG00000104635,SLC39A14,-0.0302023391478507,-0.4997310759129025,0.0
ENSG00000104643,MTMR9,0.1817339396207141,0.0,0.0
ENSG00000104660,LEPROTL1,0.051525208756555,0.0,0.0
ENSG00000104671,DCTN6,-0.0133942137399188,-1.322883717565385,0.0
ENSG00000104679,R3HCC1,0.0654371879036999,-1.8093318202718676,0.0
ENSG00000104687,GSR,-0.0847965202968255,0.0,0.0
ENSG00000104691,UBXN8,0.1566446772098458,-2.5406074661934626,0.0
ENSG00000104695,PPP2CB,-0.1283162284409553,-0.02513848969968413,0.0
ENSG00000104722,NEFM,0.1264880779550306,-2.6933394601314236,2.50773038495611
ENSG00000104723,TUSC3,0.2292207146300092,0.890487470997685,0.0
ENSG00000104738,MCM4,0.1501302932354159,-1.680558617641785,0.0
ENSG00000104756,KCTD9,-0.3154011813913535,0.0,0.0
ENSG00000104763,ASAH1,0.049762666021831,-2.774230018985058,4.51337331827295
ENSG00000104765,BNIP3L,-0.1273668029587239,-0.27095652900864836,0.0
ENSG00000104805,NUCB1,0.1209091189306048,-2.16845497112768,0.0
ENSG00000104823,ECH1,0.1780068288605368,-3.624038222904725,0.0
ENSG00000104833,TUBB4A,0.1084246464968127,-4.148170235935311,0.0
ENSG00000104852,SNRNP70,0.3953775966275041,0.4291971461085517,0.0
ENSG00000104853,CLPTM1,-0.4556984245951693,-1.9691385776298844,0.0
ENSG00000104863,LIN7B,-0.023809008098591,-2.575571101443127,0.0
ENSG00000104880,ARHGEF18,-0.3299647907370238,0.0,0.0
ENSG00000104884,ERCC2,0.1073701326851891,0.46605901606648353,0.0
ENSG00000104904,OAZ1,0.1892617815138846,-3.325476003421387,0.0
ENSG00000104915,STX10,0.1048203701942987,0.0,0.0
ENSG00000104967,NOVA2,0.1833617551156973,-0.36415130736465606,0.0
ENSG00000104969,SGTA,-0.2099312260789122,-2.1641549070252295,0.0
ENSG00000104979,C19ORF53,0.022142583934841,-4.11505966932898,0.0
ENSG00000104980,TIMM44,-0.2595746221003672,-1.7887592773947159,0.0
ENSG00000105058,FAM32A,0.0416348764608208,-3.7256735953573936,0.0
ENSG00000105088,OLFM2,0.1297472043049999,-0.3927770766767946,0.0
ENSG00000105171,POP4,-0.0870011539013877,-2.7017535207298615,0.0
ENSG00000105185,PDCD5,0.2954011706256585,-2.2154093274772886,0.0
ENSG00000105186,ANKRD27,-0.1611155196525788,-3.4127965795853696,7.582723687245909
ENSG00000105193,RPS16,0.2182551393829786,-1.9809468909633603,0.0
ENSG00000105202,FBL,0.3195545459692367,0.59048092095857,0.0
ENSG00000105204,DYRK1B,-0.0105258079751827,0.0,0.0
ENSG00000105220,GPI,-0.0559334441427419,-1.3707962607750965,6.90072918051229
ENSG00000105245,NUMBL,0.0862301134777072,-3.672632901684569,5.68604473553616
ENSG00000105254,TBCB,0.0090875952181457,-3.06530482242908,0.0
ENSG00000105255,FSD1,-0.0561034180661378,-2.3417127834394775,0.0
ENSG00000105258,POLR2I,-0.0775643338237137,-3.602431401607309,0.0
ENSG00000105270,CLIP3,-0.4372050418685914,-2.1775477088913178,0.0
ENSG00000105278,ZFR2,0.0670063404799013,0.6118696137379684,0.0
ENSG00000105290,APLP1,0.5868833447230575,-2.0357096790896287,0.0
ENSG00000105323,HNRNPUL1,-0.2509790709053302,-2.860877967102487,9.031634108065267
ENSG00000105325,FZR1,-0.0934479883726124,-2.236258494704872,0.0
ENSG00000105339,DENND3,-0.0445472898717131,-7.5109397659327115,23.8572172388376
ENSG00000105357,MYH14,0.142573048944348,-2.543961658139805,6.37348142040507
ENSG00000105364,MRPL4,0.0892561648437161,-2.1533440150104575,0.0
ENSG00000105372,RPS19,0.0836650407867293,-2.8561826627473352,0.0
ENSG00000105379,ETFB,-0.2372333970688438,-3.297158020531932,0.0
ENSG00000105426,PTPRS,0.2460158510651331,1.0915416074266868,0.0
ENSG00000105429,MEGF8,0.0204521642728194,0.0,0.0
ENSG00000105438,KDELR1,-0.0708266864091537,-2.3824280647597216,0.0
ENSG00000105447,GRWD1,0.0531097040137126,-1.8932601786380876,0.0
ENSG00000105499,PLA2G4C,0.1680050481400741,0.4252858145541867,0.0
ENSG00000105516,DBP,0.0403161391267985,-2.9526785658783,0.0
ENSG00000105518,TMEM205,0.3417568883051545,-2.5041844459857985,0.0
ENSG00000105568,PPP2R1A,-0.3209684283603545,-1.8262367993550377,0.0
ENSG00000105576,TNPO2,-0.0081551905831944,0.0,0.0
ENSG00000105618,PRPF31,0.052953284132296,-1.6073435757987475,0.0
ENSG00000105649,RAB3A,0.2187975799244855,-3.5399149482482493,0.0
ENSG00000105671,DDX49,-0.3610792722680647,-1.9939668214426436,0.0
ENSG00000105698,USF2,-0.1506830821610731,0.0,0.0
ENSG00000105700,KXD1,-0.014177633870168,-2.022429528988995,0.0
ENSG00000105701,FKBP8,0.0220707970635945,-2.4952536534583265,0.0
ENSG00000105705,SUGP1,0.1781068153513566,0.0,0.0
ENSG00000105723,GSK3A,-0.0146762234599504,-2.0015972991012316,0.0
ENSG00000105737,GRIK5,0.0597939186644431,-1.4471233672381327,2.02404168014256
ENSG00000105771,SMG9,-0.0989992196605444,0.0,0.0
ENSG00000105778,AVL9,-0.2796883784725886,0.0,0.0
ENSG00000105784,RUNDC3B,0.0824696091230421,-0.9319221640712179,4.30769753033061
ENSG00000105793,GTPBP10,0.1662338712698812,0.0,0.0
ENSG00000105819,PMPCB,-0.102551988083203,0.0,0.0
ENSG00000105835,NAMPT,0.0692716214161466,1.133607255353915,0.0
ENSG00000105854,PON2,0.0762651962182782,-8.96232666735293,22.3724528027954
ENSG00000105939,ZC3HAV1,0.627008565211915,5.36772117243054,0.0
ENSG00000105983,LMBR1,0.0733187311721469,0.0,0.0
ENSG00000105993,DNAJB6,0.2233887719310862,0.4600674760555017,0.0
ENSG00000106028,SSBP1,0.1205972527020388,0.0,0.0
ENSG00000106049,HIBADH,-0.0424605517994832,0.0,0.0
ENSG00000106052,TAX1BP1,0.0016422110223218,0.0,0.0
ENSG00000106070,GRB10,-0.0301878815052004,-1.1185033994501912,7.491227644607459
ENSG00000106077,ABHD11,-0.3495943855088734,0.0,0.0
ENSG00000106078,COBL,0.5413729975233221,-4.068963671986465,21.4994216534404
ENSG00000106086,PLEKHA8,0.0615593626804894,-0.6807561159997115,4.234236047847769
ENSG00000106123,EPHB6,-0.1233680638354339,3.4928004834162234,0.0
ENSG00000106144,CASP2,0.1303638159290163,2.5558116764031533,3.83704656119998
ENSG00000106244,PDAP1,0.3047836092187134,-2.813185226579325,0.0
ENSG00000106261,ZKSCAN1,0.0312899367024927,-1.4161988889420876,2.19507686644473
ENSG00000106263,EIF3B,-0.080513678869785,-2.405457351662017,0.0
ENSG00000106266,SNX8,0.1469190495876097,-0.2513583105361725,0.0
ENSG00000106278,PTPRZ1,-0.3672601250855794,-7.791120141047393,23.0951713769816
ENSG00000106299,WASL,0.0357877376075412,0.244679844901355,0.0
ENSG00000106344,RBM28,0.0876640025504658,0.0,0.0
ENSG00000106348,IMPDH1,0.1880388660742492,-2.141830082661772,0.0
ENSG00000106351,AGFG2,0.0821171475364605,0.6224726500908849,0.0
ENSG00000106355,LSM5,-0.3028181074354465,-1.2778301205765885,0.0
ENSG00000106392,C1GALT1,-0.0191911278970623,-0.4839115272494125,0.0
ENSG00000106399,RPA3,0.2061356953511554,0.6322326207661367,0.0
ENSG00000106400,ZNHIT1,0.0715970175442408,-4.076869644759261,0.0
ENSG00000106443,PHF14,-0.1799430433500687,-1.4402073994285274,3.9285001942736897
ENSG00000106460,TMEM106B,0.4097981874241591,0.0,0.0
ENSG00000106477,CEP41,0.4113295252161873,4.06143751876585,0.0
ENSG00000106484,MEST,0.5684709905676795,5.356267989782417,0.0
ENSG00000106524,ANKMY2,0.2255378470658925,0.0,0.0
ENSG00000106537,TSPAN13,0.293388812811259,1.3223941345407193,0.0
ENSG00000106591,MRPL32,-0.1647153999750465,-2.4812027219909116,0.0
ENSG00000106603,COA1,0.0856600418824712,0.0,0.0
ENSG00000106605,BLVRA,-0.1153439236016658,0.0,0.0
ENSG00000106608,URGCP,0.0825440595359631,0.0,0.0
ENSG00000106609,TMEM248,0.2999593391567848,0.7677138545177583,0.0
ENSG00000106615,RHEB,-0.069135154171859,-0.9577343677804802,4.08424362513549
ENSG00000106617,PRKAG2,-0.1866757820323764,0.0,0.0
ENSG00000106628,POLD2,0.1042277239287601,-1.9624676257468523,0.0
ENSG00000106635,BCL7B,0.1236237399419309,0.7167151504856499,0.0
ENSG00000106665,CLIP2,-0.0920218297063927,-1.1757227473041199,3.6304391307625505
ENSG00000106682,EIF4H,-0.0504110046504512,0.0,0.0
ENSG00000106683,LIMK1,0.0374253908447579,0.0,0.0
ENSG00000106688,SLC1A1,-0.1802987627104412,1.5286443217695933,0.0
ENSG00000106692,FKTN,-0.0814351983034481,0.3342211672304984,0.0
ENSG00000106701,FSD1L,-0.0593826876791305,-1.794336998639842,6.98295089138323
ENSG00000106723,SPIN1,0.1358395575301441,0.0,0.0
ENSG00000106733,NMRK1,-0.1360832682591026,0.0,0.0
ENSG00000106771,TMEM245,0.2241980123843334,0.012263591794927975,0.0
ENSG00000106772,PRUNE2,0.0196901650501401,-0.2876001341516139,4.17348218841458
ENSG00000106780,MEGF9,-0.1530319590142338,-3.3681837282105396,11.6751621494074
ENSG00000106789,CORO2A,-0.2115288296174777,-5.372870752319452,14.1378502257203
ENSG00000106799,TGFBR1,-0.0587127175048904,-3.0825485009686266,10.2140785377242
ENSG00000106803,SEC61B,0.2216875267339742,-1.4538053253397552,0.0
ENSG00000106829,TLE4,-0.0489172746293114,-2.6787005448195393,0.0
ENSG00000106976,DNM1,0.2533165436449095,-2.2846256382595986,10.3444488634812
ENSG00000106993,CDC37L1,-0.0840176580902851,-1.6761427992074824,0.0
ENSG00000107021,TBC1D13,-0.1185624907784231,0.30938911108156336,0.0
ENSG00000107077,KDM4C,0.0362119266624182,-1.0588614196905999,4.84603352241679
ENSG00000107104,KANK1,-0.0534541512883527,-4.029493365050776,12.6769831403643
ENSG00000107105,ELAVL2,-0.4502461500374702,-2.8228363302145163,13.4866011305467
ENSG00000107130,NCS1,0.1277563351520379,0.0,0.0
ENSG00000107164,FUBP3,-0.4520047728179595,0.1510770321756416,0.0
ENSG00000107185,RGP1,0.2206071882251448,0.07420468147771236,0.0
ENSG00000107186,MPDZ,-0.1889603589720371,-2.0672204807866557,3.708950940667
ENSG00000107223,EDF1,0.1435725185350268,-2.806778882488955,0.0
ENSG00000107242,PIP5K1B,-0.1917275848139847,-4.249556638754332,16.9398637361821
ENSG00000107262,BAG1,-0.0344075352894184,-2.43595810787758,0.0
ENSG00000107263,RAPGEF1,-0.2343378431750507,-1.556540083599305,6.22616033439722
ENSG00000107290,SETX,-0.4253085840178464,0.4028133034883516,0.0
ENSG00000107295,SH3GL2,-0.0729088215438623,0.0,0.0
ENSG00000107331,ABCA2,0.0024580733728351,0.0,0.0
ENSG00000107341,UBE2R2,0.2202425137361268,-1.3692799552393926,4.26831378003223
ENSG00000107362,ABHD17B,-0.0156495306120515,-1.973821452547405,5.01644354184831
ENSG00000107372,ZFAND5,-0.2413549547894317,-3.2070624406125,0.0
ENSG00000107404,DVL1,0.0434890527303251,-1.8599424168675875,0.0
ENSG00000107518,ATRNL1,0.2261534753412486,-0.6430142051795634,4.20995451524875
ENSG00000107537,PHYH,0.0860179250403005,-2.1447283616529176,0.0
ENSG00000107551,RASSF4,0.0611864954452018,-1.7782283561598125,0.0
ENSG00000107560,RAB11FIP2,0.0209758862418946,0.0,0.0
ENSG00000107581,EIF3A,0.092499062018935,-2.4101684896126354,0.0
ENSG00000107625,DDX50,-0.2118030642352675,0.36492871711358665,0.0
ENSG00000107643,MAPK8,-0.3328788316416129,-0.947045495343945,3.78818198137578
ENSG00000107651,SEC23IP,-0.6135125509411362,0.26649234191514165,0.0
ENSG00000107669,ATE1,0.2623160341133391,0.2663389167808297,0.0
ENSG00000107742,SPOCK2,0.2768332043274237,-1.362309954805668,0.0
ENSG00000107745,MICU1,0.0934642817151322,-0.9067841953948728,7.560162803948071
ENSG00000107758,PPP3CB,-0.0733166181422913,0.22938040162762666,0.0
ENSG00000107771,CCSER2,-0.5035305079123487,-1.1668546017834713,3.8582973115299697
ENSG00000107798,LIPA,0.0675456727472643,-1.941698190496805,7.99330201506369
ENSG00000107819,SFXN3,0.2436394269186101,-0.6176611705326125,2.47064468213045
ENSG00000107829,FBXW4,0.124662364260514,-0.062519133729503,0.0
ENSG00000107854,TNKS2,0.3242611399962713,-0.20835830339463474,0.0
ENSG00000107862,GBF1,0.2049591678055197,-2.612436504394456,10.7003166543473
ENSG00000107864,CPEB3,0.0558973210168238,-1.6220861197717122,6.89069884854493
ENSG00000107874,CUEDC2,0.0652589453459501,-2.114687736277125,0.0
ENSG00000107897,ACBD5,-0.2859481675515898,0.0,0.0
ENSG00000107902,LHPP,0.0082228377969806,0.0,0.0
ENSG00000107929,LARP4B,-0.6373224413656229,-0.64210320208609,3.48673897273724
ENSG00000107937,GTPBP4,0.1403800993597765,-2.2593169782587332,0.0
ENSG00000107949,BCCIP,-0.0293485597430863,0.0,0.0
ENSG00000107951,MTPAP,0.082165990078279,0.0,0.0
ENSG00000107954,NEURL1,-0.056767219205128,0.0,0.0
ENSG00000107957,SH3PXD2A,-0.1057315065412031,-3.874494350263379,11.7157206708947
ENSG00000107959,PITRM1,-0.0674711682598805,-0.69868554268161,0.0
ENSG00000108001,EBF3,-0.019438833378129,-8.239113987524211,34.0378835224579
ENSG00000108039,XPNPEP1,0.1978784468440028,0.0,0.0
ENSG00000108055,SMC3,0.2388311344481148,-1.8059222179683,0.0
ENSG00000108061,SHOC2,-0.1266597743206252,-2.0184665790040324,2.33166972849031
ENSG00000108091,CCDC6,0.001596443065012,-0.2818752956518422,5.78772788925235
ENSG00000108094,CUL2,-0.0664608835140072,-1.5527518716970954,0.0
ENSG00000108100,CCNY,-0.5327916166731326,0.22062553006931332,0.0
ENSG00000108107,RPL28,0.1922802014052969,-2.404191369414562,0.0
ENSG00000108175,ZMIZ1,-0.0095270768705171,0.0,0.0
ENSG00000108176,DNAJC12,-0.0154989096027258,-0.44680052834760353,0.0
ENSG00000108179,PPIF,0.038882876326622,-1.747331015795725,0.0
ENSG00000108231,LGI1,0.4508465449511998,0.44159412831454004,0.0
ENSG00000108256,NUFIP2,-0.0666027512629123,-1.6587865792838725,2.2338331041797894
ENSG00000108262,GIT1,0.1716064433023522,-2.4572049643305,2.70832160913862
ENSG00000108298,RPL19,0.1976698376117829,-3.0056110421240936,0.0
ENSG00000108306,FBXL20,-0.0067459289061969,-1.7795072469482118,4.70997956013572
ENSG00000108309,RUNDC3A,0.1531817632750471,-5.584394522457369,6.89749044345571
ENSG00000108312,UBTF,-0.0904131870687435,-3.206306812352725,0.0
ENSG00000108344,PSMD3,0.022889994148185,-2.6758991035008433,0.0
ENSG00000108349,CASC3,0.6348077533791818,0.0,0.0
ENSG00000108352,RAPGEFL1,0.0876331581310828,0.0,0.0
ENSG00000108379,WNT3,-0.5918218866751567,-3.612177420001525,14.4487096800061
ENSG00000108384,RAD51C,-0.044348454995675,0.0,0.0
ENSG00000108389,MTMR4,-0.3174965678233465,0.0,0.0
ENSG00000108395,TRIM37,0.1583278759392454,-0.0964828731340942,1.9894131802344497
ENSG00000108406,DHX40,0.034599481298424,0.7739891058185816,0.0
ENSG00000108424,KPNB1,0.1404376968883753,-1.8367694506119627,0.0
ENSG00000108433,GOSR2,-0.2028469056197492,-1.5252750115430507,0.0
ENSG00000108443,RPS6KB1,-0.1357359270745105,0.35309500730477833,0.0
ENSG00000108468,CBX1,0.0213093682159653,1.2082194812247133,0.0
ENSG00000108509,CAMTA2,0.0765419591490638,0.0,0.0
ENSG00000108510,MED13,-0.2727372772381358,-1.745188819342475,6.68935966320029
ENSG00000108528,SLC25A11,-0.0630563860459419,-3.2096782655441802,0.0
ENSG00000108551,RASD1,0.1105605552282696,-1.7531103418383034,0.0
ENSG00000108582,CPD,-0.1217376748199255,-0.5392115165309925,0.0
ENSG00000108587,GOSR1,-0.1221540262023877,0.0,0.0
ENSG00000108588,CCDC47,0.0330436895330312,-1.4103795176682485,0.0
ENSG00000108599,AKAP10,0.1156318517046072,0.6520022050358117,0.0
ENSG00000108654,DDX5,0.1866083413095859,-1.8375361672412134,0.0
ENSG00000108669,CYTH1,-0.2513956133097314,0.0,0.0
ENSG00000108671,PSMD11,0.1412158723661462,-2.234825422342549,4.69614575025147
ENSG00000108679,LGALS3BP,0.2861268176054145,-3.8555779270451,0.0
ENSG00000108684,ASIC2,-0.1651974933760688,1.2497212742633559,0.0
ENSG00000108773,KAT2A,0.1113012840353335,0.0,0.0
ENSG00000108788,MLX,0.0832940815199334,-1.8230143382732034,0.0
ENSG00000108797,CNTNAP1,0.1499222463132055,0.0,0.0
ENSG00000108799,EZH1,-0.1125733669022643,0.4908645347834933,0.0
ENSG00000108819,PPP1R9B,-0.2100674790704398,0.0,0.0
ENSG00000108826,MRPL27,-0.0016937539037588,-2.9880029347838932,0.0
ENSG00000108828,VAT1,-0.151060973848871,-6.907026747389872,7.61337643627144
ENSG00000108829,LRRC59,-0.430045963217077,-2.1015722157155494,0.0
ENSG00000108830,RND2,0.6491216572380539,1.350432669024298,0.0
ENSG00000108848,LUC7L3,0.1954652891667795,0.0,0.0
ENSG00000108852,MPP2,-0.1741682817952952,0.0,0.0
ENSG00000108861,DUSP3,-0.344661701967167,-2.1802208000093,0.0
ENSG00000108883,EFTUD2,-0.3170214452676869,0.0,0.0
ENSG00000108946,PRKAR1A,-0.1893223021389893,-1.7792356024144806,0.0
ENSG00000108953,YWHAE,0.1243410695549266,-1.2222882792542857,0.0
ENSG00000108960,MMD,-0.2895124447790707,-6.1706760009157255,15.5352219607481
ENSG00000109046,WSB1,0.0478736686894711,-2.2468922086184735,6.88431992788312
ENSG00000109065,NAT9,0.1606569248145306,-2.109677550588923,0.0
ENSG00000109099,PMP22,0.1364888031062716,0.5792361635853184,0.0
ENSG00000109103,UNC119,-0.1237430536194693,0.0,0.0
ENSG00000109107,ALDOC,0.355638459125266,-2.575777075383667,0.0
ENSG00000109111,SUPT6H,-0.2726764339122065,-1.2542901824742083,0.0
ENSG00000109118,PHF12,0.2917277127258885,0.292587779588105,0.0
ENSG00000109133,TMEM33,0.2401253404766434,-1.6628823188711424,0.0
ENSG00000109158,GABRA4,-0.2620170825629223,-11.777399113681778,28.8049195129126
ENSG00000109171,SLAIN2,0.2830706306625179,-2.8854419630135895,10.4617587825083
ENSG00000109180,OCIAD1,0.1214925883709901,-1.6671576140963769,0.0
ENSG00000109184,DCUN1D4,-0.1371366013419859,-1.3958110508029633,2.1477769256616295
ENSG00000109189,USP46,0.1148656502488161,1.2163976403466366,0.0
ENSG00000109270,LAMTOR3,-0.3931766853481761,-1.64988581209797,0.0
ENSG00000109332,UBE2D3,0.5091528126778087,0.0,0.0
ENSG00000109339,MAPK10,-0.2156811200022384,-1.737648172106073,6.47192800490026
ENSG00000109390,NDUFC1,0.22146895874917,-1.8267820947678084,0.0
ENSG00000109436,TBC1D9,-0.2564097864713967,-4.280353756728874,11.1570685688207
ENSG00000109445,ZNF330,0.0510826188092833,-2.02961963645676,0.0
ENSG00000109452,INPP4B,-0.2114856106888729,-3.325433215056704,11.4664371539006
ENSG00000109458,GAB1,0.3892766450580245,-0.7937901722805133,0.0
ENSG00000109466,KLHL2,0.3123936013313015,-0.8092331971447178,3.30590677233817
ENSG00000109472,CPE,-0.0687456081525656,-3.2678464045291813,7.242961228624061
ENSG00000109475,RPL34,0.0311457628797413,-1.8150131542245935,0.0
ENSG00000109501,WFS1,0.3395223834454053,-2.2755239533193357,0.0
ENSG00000109519,GRPEL1,0.2444343595697162,-2.739277592637857,0.0
ENSG00000109572,CLCN3,-0.1176464467436053,-0.21395613761994442,2.205938963029
ENSG00000109606,DHX15,0.0722017260301422,0.0,0.0
ENSG00000109654,TRIM2,0.216075934434052,-2.1616024684649178,4.39471346389571
ENSG00000109670,FBXW7,0.14600185774589,-0.19660961024877632,0.0
ENSG00000109680,TBC1D19,-0.0169752453667869,-0.6654262271113498,6.497285308907809
ENSG00000109689,STIM2,0.1258493110161571,0.3930998061716884,0.0
ENSG00000109738,GLRB,-0.1212733729728337,-0.0678587722340876,0.0
ENSG00000109756,RAPGEF2,0.1488977817349192,0.0,0.0
ENSG00000109762,SNX25,-0.3467812749285821,-3.1525209507212786,12.8148648818323
ENSG00000109790,KLHL5,0.1071118556107175,-2.91225817045155,11.6490326818062
ENSG00000109832,DDX25,-0.2231056448096617,-0.5130290242183557,0.0
ENSG00000109846,CRYAB,0.4648294018902271,0.0,0.0
ENSG00000109854,HTATIP2,0.2119135353120032,0.4337201877855867,0.0
ENSG00000109881,CCDC34,-0.3054879519996537,0.0,0.0
ENSG00000109917,ZPR1,0.218513386326496,0.0,0.0
ENSG00000109919,MTCH2,-0.2894579944769569,0.0,0.0
ENSG00000109920,FNBP4,-0.3783881514282982,0.17747047958412815,0.0
ENSG00000109929,SC5D,-0.1449154750993584,-2.4547702712960042,0.0
ENSG00000109956,B3GAT1,-0.2688176901680315,0.0,0.0
ENSG00000110002,VWA5A,0.5772313812735075,1.6354240279404966,0.0
ENSG00000110013,SIAE,-0.395959087196031,0.07720717146981415,0.0
ENSG00000110042,DTX4,0.2567782545307002,0.0,0.0
ENSG00000110046,ATG2A,-0.0958368802804807,0.0,0.0
ENSG00000110047,EHD1,0.3682201875627849,0.0,0.0
ENSG00000110048,OSBP,-0.3941379510925209,0.0,0.0
ENSG00000110074,FOXRED1,-0.1187007953729697,-1.8640398767233024,0.0
ENSG00000110075,PPP6R3,-0.0714472139004251,-2.207719162637943,6.13364982967683
ENSG00000110076,NRXN2,-0.1354293981186221,0.9824300792290931,0.0
ENSG00000110107,PRPF19,-0.2147139147891514,-2.4851077222808318,0.0
ENSG00000110172,CHORDC1,0.5785404451421386,-2.028174018616205,0.0
ENSG00000110237,ARHGEF17,-0.2702874485481223,0.0,0.0
ENSG00000110274,CEP164,-0.0879785251904912,-0.07565412615371225,0.0
ENSG00000110315,RNF141,-0.2500039865353845,0.23005828224929167,0.0
ENSG00000110318,CEP126,0.4309972161206997,0.0,0.0
ENSG00000110321,EIF4G2,-0.0118695027399309,-2.1573324181726186,0.0
ENSG00000110330,BIRC2,0.1714162082507902,0.14173765879002184,0.0
ENSG00000110344,UBE4A,-0.2376033759563981,0.0,0.0
ENSG00000110367,DDX6,-0.3881349176349994,0.0,0.0
ENSG00000110395,CBL,0.036699684805341,-0.11850548108957604,0.0
ENSG00000110422,HIPK3,-0.1507602090895924,0.0,0.0
ENSG00000110427,KIAA1549L,0.474471496585977,2.0685969422523023,0.0
ENSG00000110429,FBXO3,-0.3119341104144663,0.0,0.0
ENSG00000110435,PDHX,0.0021585477966704,0.34481551593585746,0.0
ENSG00000110436,SLC1A2,0.0578932264553559,3.4232744476713277,0.0
ENSG00000110442,COMMD9,0.2785647012579035,-1.2858387471648323,0.0
ENSG00000110497,AMBRA1,-0.1096832230217345,-0.3867505456185717,2.72976598483014
ENSG00000110514,MADD,-0.3502558144099241,0.0,0.0
ENSG00000110651,CD81,0.4619713948843045,-2.8633015302418365,0.0
ENSG00000110675,ELMOD1,0.1545712928359773,1.0381541585458918,0.0
ENSG00000110693,SOX6,-0.7692889853524748,-18.305267876046795,33.9233747272828
ENSG00000110696,C11ORF58,-0.4484620984130501,-1.9538856363821495,0.0
ENSG00000110697,PITPNM1,-0.2180409508526971,0.0,0.0
ENSG00000110713,NUP98,0.1599737648155647,-0.45989871024317663,0.0
ENSG00000110717,NDUFS8,0.1976236246458959,-2.9593224959930415,0.0
ENSG00000110768,GTF2H1,0.1649816407616484,0.0,0.0
ENSG00000110786,PTPN5,0.480145453400301,2.288054134069556,0.0
ENSG00000110841,PPFIBP1,0.1805256623925945,0.3618433938882728,5.62456520449135
ENSG00000110851,PRDM4,-0.0951283152281891,0.0,0.0
ENSG00000110880,CORO1C,0.1137672092885871,-1.6702163631616358,5.14773495612975
ENSG00000110881,ASIC1,-0.0157508822297086,0.0,0.0
ENSG00000110888,CAPRIN2,-0.1070976732937976,-2.702851566007684,4.1058609635326
ENSG00000110906,KCTD10,-0.1887642843789605,-1.2839969996343974,4.6333983400868
ENSG00000110911,SLC11A2,-0.0987805347368936,0.0,0.0
ENSG00000110917,MLEC,0.2498503207915821,-1.1697936191354632,0.0
ENSG00000110921,MVK,0.0302378277090003,0.0,0.0
ENSG00000110925,CSRNP2,0.1276509581875683,-1.569028810219467,6.8671882919047
ENSG00000110931,CAMKK2,0.2042396992631144,0.0,0.0
ENSG00000110958,PTGES3,0.4867743440594143,-1.6115501027284567,0.0
ENSG00000110987,BCL7A,0.3283562667121455,0.0,0.0
ENSG00000111011,RSRC2,-0.0364783596038061,-2.789523310915322,0.0
ENSG00000111052,LIN7A,-0.2397840202443305,-4.321613278734496,14.7194490013146
ENSG00000111077,TNS2,-0.350268884047246,0.0,0.0
ENSG00000111110,PPM1H,-0.0758402050443669,0.0,0.0
ENSG00000111142,METAP2,0.1299109945292892,-2.0656856871544584,0.0
ENSG00000111144,LTA4H,0.0067058284969374,-1.6911344510169468,0.0
ENSG00000111218,PRMT8,-0.2912904615317655,-7.350094123912658,21.223225737359
ENSG00000111237,VPS29,-0.09373594250079,-1.2397011579476507,0.0
ENSG00000111249,CUX2,-0.0434160321049437,-6.642761633193886,19.2183795448245
ENSG00000111261,MANSC1,-0.0908500557039396,1.3205781762433961,0.0
ENSG00000111269,CREBL2,0.2460592018001486,0.0,0.0
ENSG00000111275,ALDH2,-0.120909643502348,-2.61047069215125,0.0
ENSG00000111276,CDKN1B,-0.0557975416249915,-2.148352195576635,0.0
ENSG00000111300,NAA25,-0.2342427153922397,-2.4094219197445463,6.82531860512996
ENSG00000111358,GTF2H3,-0.0023200615364109,0.0,0.0
ENSG00000111361,EIF2B1,0.3017785018471533,-1.6672311937547475,0.0
ENSG00000111371,SLC38A1,0.0589401257900955,-1.5379713169415985,4.28710041304612
ENSG00000111481,COPZ1,-0.4705316020164056,-2.53207938549935,0.0
ENSG00000111530,CAND1,0.0940915536563151,-0.9571223846756134,0.0
ENSG00000111596,CNOT2,0.440701517430837,0.30394427338645535,0.0
ENSG00000111605,CPSF6,0.0002258798182789,0.14476676260121668,0.0
ENSG00000111639,MRPL51,0.0248841807061959,-2.5011554346956086,0.0
ENSG00000111640,GAPDH,0.1635237713630309,-1.928376291622394,0.0
ENSG00000111642,CHD4,-0.1114275521744047,-3.0011786760814636,0.0
ENSG00000111652,COPS7A,-0.3272465819994106,-1.9918233835635797,0.0
ENSG00000111653,ING4,0.3413447648331764,0.0,0.0
ENSG00000111666,CHPT1,0.2406296272311688,0.3036496077232917,0.0
ENSG00000111669,TPI1,0.1484851747450215,-3.5492714472558915,0.0
ENSG00000111670,GNPTAB,-0.0278606283750087,-3.0598817176474933,9.61651647119638
ENSG00000111674,ENO2,0.3137030978089501,-2.503458455974297,1.89940499470223
ENSG00000111676,ATN1,-0.2539078316912749,0.0,0.0
ENSG00000111696,NT5DC3,0.1979237285023105,0.5455149285477551,0.0
ENSG00000111707,SUDS3,-0.3066375489297331,-2.313537844082565,0.0
ENSG00000111711,GOLT1B,0.3769384304624475,-1.7100033051216332,0.0
ENSG00000111726,CMAS,-0.1694896460621284,-2.805595765697218,2.7027091268375294
ENSG00000111728,ST8SIA1,0.0303233725667482,-0.5399235065689059,6.02422613489866
ENSG00000111731,C2CD5,0.0957702573137495,-1.4284519962523583,3.14396651041824
ENSG00000111785,RIC8B,-0.4245859701279362,-0.4686006425994275,0.0
ENSG00000111786,SRSF9,-0.3480600217471547,-1.2039658126140624,0.0
ENSG00000111790,FGFR1OP2,-0.1539041460307333,0.0,0.0
ENSG00000111799,COL12A1,-0.5439088406817535,-14.13686510288105,42.5141482502566
ENSG00000111802,TDP2,-0.1149353350009782,0.26924033607347336,0.0
ENSG00000111832,RWDD1,-0.1247009393907187,-1.3072476285238208,0.0
ENSG00000111843,TMEM14C,0.0378112374654135,0.0,0.0
ENSG00000111845,PAK1IP1,0.2580110131343152,-1.5934488611914865,0.0
ENSG00000111860,CEP85L,-0.1545857238535432,-0.77115269924098,3.08461079696392
ENSG00000111875,ASF1A,0.0643493171265613,0.13952933052307576,0.0
ENSG00000111879,FAM184A,-0.3202230253700701,-1.2318629582397684,7.40788446250123
ENSG00000111880,RNGTT,0.0546349469117202,-0.14495480757485252,0.0
ENSG00000111897,SERINC1,0.0931777693813367,-0.9968122891699458,0.0
ENSG00000111906,HDDC2,0.033093560662426,-0.9660711448096383,0.0
ENSG00000111907,TPD52L1,0.0676359952771419,-3.929955816860117,0.0
ENSG00000111911,HINT3,-0.2536436501304185,0.0,0.0
ENSG00000111912,NCOA7,0.2765941897003156,-2.5596459459263428,2.7265675266792506
ENSG00000111961,SASH1,0.0853398629208765,-0.587564732634645,0.0
ENSG00000111962,UST,0.0879166602265172,-5.940133285968248,18.762312168285295
ENSG00000112062,MAPK14,-0.2486152904456372,-2.394370864323383,6.82078704695682
ENSG00000112078,KCTD20,0.038653221544333,0.0,0.0
ENSG00000112079,STK38,0.018960998491193,-5.675552909699746,17.0900565994219
ENSG00000112081,SRSF3,0.0991960142718217,-1.64786085929685,0.0
ENSG00000112110,MRPL18,0.3651102719343381,-1.22118692217036,0.0
ENSG00000112130,RNF8,-0.0118457643448622,0.7154782176283767,0.0
ENSG00000112146,FBXO9,-0.318935344175878,-1.897044077360143,0.0
ENSG00000112149,CD83,0.4533052470585935,0.0,0.0
ENSG00000112159,MDN1,0.2503162682508933,0.9773792632643943,0.0
ENSG00000112186,CAP2,0.1915608271979139,-0.55025263861711,0.0
ENSG00000112200,ZNF451,-0.1001512343048651,0.26324495442217,0.0
ENSG00000112234,FBXL4,-0.4529284153882655,-0.06453576963552082,0.0
ENSG00000112237,CCNC,-0.3375771268171655,0.0,0.0
ENSG00000112242,E2F3,0.0355392162115355,-4.77126132991331,12.7624862893935
ENSG00000112249,ASCC3,-0.0649134855402662,-0.6204111792310275,2.48164471692411
ENSG00000112282,MED23,-0.1182788302671406,0.9505427504349501,0.0
ENSG00000112290,WASF1,0.0999674273937294,0.44331972667422664,0.0
ENSG00000112294,ALDH5A1,0.123609095845902,0.5138372782695817,0.0
ENSG00000112304,ACOT13,-0.0018219266660164,-2.143351145908192,0.0
ENSG00000112305,SMAP1,-0.1811884320993194,0.41353708251777,0.0
ENSG00000112308,C6ORF62,-0.114860913817122,-1.2709168663333557,5.48576331747044
ENSG00000112312,GMNN,0.2801621107550155,-1.9877439543094295,0.0
ENSG00000112320,SOBP,0.1598993883475143,-0.9410646396777531,6.60001926513587
ENSG00000112335,SNX3,0.3636933729712067,0.0,0.0
ENSG00000112339,HBS1L,-0.1323091206577605,0.0,0.0
ENSG00000112367,FIG4,0.0234651588434743,0.281619324131595,0.0
ENSG00000112378,PERP,0.0326024795094242,-2.1124880585728967,2.24345166623772
ENSG00000112379,ARFGEF3,-0.188585632900871,0.0,0.0
ENSG00000112406,HECA,0.1483198143279865,1.9668293529776868,0.0
ENSG00000112419,PHACTR2,0.5020279779531807,-1.927194773845427,6.96674862593648
ENSG00000112425,EPM2A,-0.3239719141498219,0.0,0.0
ENSG00000112531,QKI,-0.2265600800846287,-6.820689555272944,13.9134688716801
ENSG00000112576,CCND3,0.0103004374774845,0.8230598093855067,0.0
ENSG00000112592,TBP,-0.192674773779395,-0.5554402925915175,0.0
ENSG00000112640,PPP2R5D,-0.0885484838089968,-2.216393664654715,0.0
ENSG00000112651,MRPL2,-0.2375674307769339,-2.8937601502701917,0.0
ENSG00000112658,SRF,-0.2039489996748401,0.0,0.0
ENSG00000112659,CUL9,0.2795847754761837,0.0,0.0
ENSG00000112667,DNPH1,-0.1921580831133614,-1.9698580136283952,0.0
ENSG00000112679,DUSP22,0.1503949993098979,0.7638303606511601,0.0
ENSG00000112685,EXOC2,0.1640026122869196,1.118363983194039,0.0
ENSG00000112695,COX7A2,0.0981878622891832,-3.254962944444757,0.0
ENSG00000112697,TMEM30A,-0.0974533774152579,-2.01243908923274,0.0
ENSG00000112699,GMDS,-0.1922947502529165,-2.28059456442237,6.9598261319512496
ENSG00000112701,SENP6,0.0200421524959156,-0.2298949118096887,0.0
ENSG00000112715,VEGFA,-0.165262865063109,-3.443920494640458,5.92066640776655
ENSG00000112763,BTN2A1,-0.4333131016236029,-1.8460958614768397,0.0
ENSG00000112796,ENPP5,-0.2266453103615966,-2.499332085620478,0.0
ENSG00000112855,HARS2,0.0816795180391035,-1.9102840287434175,0.0
ENSG00000112874,NUDT12,-0.0619298350598235,-1.96829523076623,0.0
ENSG00000112893,MAN2A1,-0.1386029507213895,-5.9706134878281345,20.4001419940832
ENSG00000112972,HMGCS1,0.065922947741424,-2.433100890723595,2.3839642590979695
ENSG00000112981,NME5,-0.2029235061233925,0.0,0.0
ENSG00000112983,BRD8,-0.1785411993851965,-1.7982681322601586,0.0
ENSG00000112992,NNT,0.2256505093448099,-0.538881672123025,2.1555266884921
ENSG00000112996,MRPS30,-0.152050907022296,-1.606323505503235,0.0
ENSG00000113013,HSPA9,-0.1010918358719134,-3.32199766591906,0.0
ENSG00000113048,MRPS27,-0.2597522624133856,0.0,0.0
ENSG00000113068,PFDN1,-0.1521412996649978,-2.1257349718460747,0.0
ENSG00000113140,SPARC,0.0478987292364376,0.0,0.0
ENSG00000113141,IK,-0.1382080017083712,-3.131244524600593,0.0
ENSG00000113161,HMGCR,-0.1337103525728666,-1.3447255569294565,0.0
ENSG00000113194,FAF2,-0.3819873787030045,-1.4109248524530016,3.06602171206056
ENSG00000113240,CLK4,0.2191243363115274,-0.5284144601077625,2.11365784043105
ENSG00000113269,RNF130,0.5694064646910552,1.1175533885418696,0.0
ENSG00000113282,CLINT1,0.2297667956302791,-0.021981073773039927,0.0
ENSG00000113312,TTC1,-0.044886965601704,-1.535420670403238,0.0
ENSG00000113327,GABRG2,0.0619787818042237,0.8012018667255467,0.0
ENSG00000113328,CCNG1,-0.1300999699882257,0.0,0.0
ENSG00000113360,DROSHA,-0.0013450785280386,0.21417104478189603,0.0
ENSG00000113361,CDH6,0.4095601094982421,3.86635861324075,0.0
ENSG00000113384,GOLPH3,-0.1984451657612105,0.22283669465390832,0.0
ENSG00000113387,SUB1,-0.0573510219514093,-1.551036488520485,0.0
ENSG00000113441,LNPEP,-0.087936019863971,-2.621826526337,10.487306105348
ENSG00000113448,PDE4D,-0.3903506939017198,-1.3963652062491447,3.92106864246286
ENSG00000113456,RAD1,0.1850106119415561,0.0,0.0
ENSG00000113504,SLC12A7,-0.1183549843975996,-4.122058128674828,8.39790965138365
ENSG00000113552,GNPDA1,0.0487378491869268,-2.3123560804417,0.0
ENSG00000113569,NUP155,-0.2215202533029624,-0.06776007339960875,0.0
ENSG00000113575,PPP2CA,-0.3022464899873247,-3.2693901874081983,0.0
ENSG00000113578,FGF1,0.1434258216605099,0.18617478303666,0.0
ENSG00000113580,NR3C1,0.1338176759308136,0.5462542858522301,0.0
ENSG00000113583,C5ORF15,-0.1561854769696369,0.0,0.0
ENSG00000113594,LIFR,0.0144875823051291,0.0,0.0
ENSG00000113595,TRIM23,0.3471034231082558,-1.515976301884429,0.0
ENSG00000113597,TRAPPC13,-0.2518881557222208,0.0,0.0
ENSG00000113615,SEC24A,-0.1543234299693821,-1.3494366603215115,3.51865999315033
ENSG00000113621,TXNDC15,-0.0837700250287125,0.2752894484958088,0.0
ENSG00000113657,DPYSL3,0.1663598984331116,3.3319654528427716,0.0
ENSG00000113658,SMAD5,-0.2446240461478436,-1.2087813872785524,3.60506073594478
ENSG00000113719,ERGIC1,0.2015678446937278,0.40111534696467666,0.0
ENSG00000113732,ATP6V0E1,0.2289145030250261,-1.1275600286789609,0.0
ENSG00000113734,BNIP1,0.1172791272045952,0.0,0.0
ENSG00000113742,CPEB4,-0.0889713971384647,-0.3898423144293216,4.55937524869462
ENSG00000113758,DBN1,0.0525880322849062,0.6784479139007517,0.0
ENSG00000113845,TIMMDC1,0.4758581916343781,0.0,0.0
ENSG00000113851,CRBN,-0.2501964981267003,0.0,0.0
ENSG00000113916,BCL6,0.0039844197515632,0.0,0.0
ENSG00000113966,ARL6,-0.1844433117326789,-2.72105044331206,11.8806141227595
ENSG00000114019,AMOTL2,0.1666513006336063,0.0,0.0
ENSG00000114021,NIT2,-0.2803909130292807,0.8847341110481449,0.0
ENSG00000114023,FAM162A,0.0532721893704468,0.0,0.0
ENSG00000114030,KPNA1,0.2984719067167026,-0.1917822370171825,1.79707720327661
ENSG00000114054,PCCB,-0.0551248102381468,0.0,0.0
ENSG00000114062,UBE3A,-0.2415737119380683,-1.8358757400568997,0.0
ENSG00000114098,ARMC8,0.1881523152593087,0.33029776176014664,0.0
ENSG00000114107,CEP70,0.1736067511420409,0.0,0.0
ENSG00000114120,SLC25A36,-0.1698346376220392,0.0,0.0
ENSG00000114125,RNF7,-0.6380493844434583,-2.770967452995698,0.0
ENSG00000114126,TFDP2,0.3718954196026813,-1.9628814315400418,5.22688020797231
ENSG00000114127,XRN1,-0.0536592071159455,0.22049803574167504,0.0
ENSG00000114166,KAT2B,0.3848953091650345,-0.44776695583790915,2.33460491837135
ENSG00000114209,PDCD10,0.2399860156673253,-1.79728412802878,0.0
ENSG00000114251,WNT5A,0.5588604771561666,6.888097955716311,0.0
ENSG00000114279,FGF12,-0.2204402076574109,-1.4989609747809567,7.1595665472549
ENSG00000114302,PRKAR2A,0.6889060107623163,-0.036380689071914274,0.0
ENSG00000114316,USP4,0.0835045755284244,-0.6404316975585425,0.0
ENSG00000114353,GNAI2,0.2428814955287443,0.43533700515487156,0.0
ENSG00000114354,TFG,0.0370553692510696,0.0,0.0
ENSG00000114388,NPRL2,0.3351842249977131,0.0,0.0
ENSG00000114416,FXR1,0.0987626280926277,-1.9349248848572425,0.0
ENSG00000114439,BBX,0.2437515478855565,0.8200617791904383,0.0
ENSG00000114446,IFT57,-0.3491250385797528,-5.122616899367962,13.0595929748812
ENSG00000114480,GBE1,-0.3642671400813914,-7.333357526055263,19.8654835647807
ENSG00000114503,NCBP2,0.0856159143411562,-2.2792558991049034,0.0
ENSG00000114520,SNX4,-0.2928154701571014,0.0,0.0
ENSG00000114541,FRMD4B,-0.225243228994636,-6.1207838505503505,19.0553685372168
ENSG00000114544,SLC41A3,0.0106078227977255,0.0,0.0
ENSG00000114554,PLXNA1,0.1408837152004932,-1.9972342627665907,4.93650536505138
ENSG00000114573,ATP6V1A,-0.0304953117121276,-0.9812586660747762,4.42276086779012
ENSG00000114646,CSPG5,0.1844914350444972,0.0,0.0
ENSG00000114648,KLHL18,0.1781968637595229,0.44130549983388834,0.0
ENSG00000114650,SCAP,0.109623451141575,0.0,0.0
ENSG00000114686,MRPL3,-0.1480057872894859,0.6465815097704585,0.0
ENSG00000114742,WDR48,0.2588077180038986,0.7160173358598033,0.0
ENSG00000114757,PEX5L,-0.5357305206402321,-3.901598949999457,14.1887521391185
ENSG00000114770,ABCC5,0.2686917380527445,-2.6282617555404375,8.34463699743295
ENSG00000114796,KLHL24,0.489621618905968,-0.8917387444455567,2.80443141871484
ENSG00000114805,PLCH1,-0.1518129071572194,-11.095327451017818,28.2873796721996
ENSG00000114850,SSR3,0.0125462419645324,-1.224178363754902,0.0
ENSG00000114853,ZBTB47,0.3496385139931823,0.0,0.0
ENSG00000114857,NKTR,0.1873209532076137,0.0,0.0
ENSG00000114867,EIF4G1,-0.1038526446927329,-3.2962635042713018,0.0
ENSG00000114902,SPCS1,-0.2818819408313743,-2.8552641787716615,0.0
ENSG00000114904,NEK4,-0.3367015332204408,0.18930699865318423,0.0
ENSG00000114923,SLC4A3,-0.1308611346575487,-2.5244444813828686,0.0
ENSG00000114948,ADAM23,0.0478807196997352,-3.655035859537836,12.2162859682453
ENSG00000114956,DGUOK,0.1322018098132917,0.6558590032609634,0.0
ENSG00000114978,MOB1A,-0.2240422620358853,0.0,0.0
ENSG00000114982,KANSL3,0.1731578884461315,-0.4994275406974889,2.32055840268604
ENSG00000114988,LMAN2L,0.3180320984265168,-0.33253309290068583,0.0
ENSG00000114993,RTKN,0.0552735166637718,0.0,0.0
ENSG00000114999,TTL,-0.179908724369853,-3.4156327406066898,8.36883377127337
ENSG00000115020,PIKFYVE,-0.2306283809169871,-0.08404556359020075,0.0
ENSG00000115073,ACTR1B,-0.0789325197969671,0.6158740876954849,0.0
ENSG00000115084,SLC35F5,-0.1916544186289922,0.2682859884466617,0.0
ENSG00000115091,ACTR3,-0.4163148006539304,0.06236981102000517,0.0
ENSG00000115109,EPB41L5,0.0973896108860335,2.6940150429953205,0.0
ENSG00000115128,SF3B6,0.0806467515385402,0.0,0.0
ENSG00000115137,DNAJC27,-0.1899705326738105,0.0,0.0
ENSG00000115145,STAM2,0.1009782365826253,-1.6976076394957602,4.21766677090002
ENSG00000115159,GPD2,-0.190122854119231,-1.8679194686391876,5.17942462598141
ENSG00000115170,ACVR1,-0.6159683885275112,-1.6166088470429645,6.22162003204707
ENSG00000115204,MPV17,-0.1479338125811462,0.0,0.0
ENSG00000115211,EIF2B4,-0.1054221464009456,-2.6054120061082084,0.0
ENSG00000115233,PSMD14,-0.2978689465378347,-0.8185254253681483,0.0
ENSG00000115239,ASB3,-0.1772329587179804,0.0,0.0
ENSG00000115252,PDE1A,-0.1879408290693154,-6.119531300285467,26.3938702343946
ENSG00000115266,APC2,0.0839979910239481,0.0,0.0
ENSG00000115271,GCA,-0.4201082048043107,0.0,0.0
ENSG00000115295,CLIP4,-0.1321542737999913,0.0,0.0
ENSG00000115306,SPTBN1,-0.1435448420317696,0.050274934637816515,2.81570681506262
ENSG00000115307,AUP1,0.1952847148687294,-2.5433356466135,0.0
ENSG00000115310,RTN4,-0.1453123289637662,-0.6550037431700613,4.44254021405183
ENSG00000115350,POLE4,-0.1067162732211042,-2.630513285653625,0.0
ENSG00000115355,CCDC88A,-0.0136033726631789,-0.2387816038524223,3.20137690094304
ENSG00000115364,MRPL19,-0.0957604970670398,0.6552137335070033,0.0
ENSG00000115365,LANCL1,0.0424851315124812,-0.48056272824095003,3.17071822991891
ENSG00000115368,WDR75,0.1636496315827235,0.0,0.0
ENSG00000115380,EFEMP1,0.0922541957780489,0.0,0.0
ENSG00000115415,STAT1,0.2188055680001215,-2.176279722253175,0.0
ENSG00000115419,GLS,-0.0711445759703844,-3.0984854284949717,8.39978310170746
ENSG00000115421,PAPOLG,0.1055379571383648,0.27209473595737665,0.0
ENSG00000115446,UNC50,0.2250677806902425,0.0,0.0
ENSG00000115464,USP34,-0.1126373393951795,0.30358530356155,0.0
ENSG00000115468,EFHD1,-0.0227792051857906,0.0,0.0
ENSG00000115484,CCT4,0.061179061808511,-2.2696969519528825,0.0
ENSG00000115504,EHBP1,0.2009351228160033,-1.8242340400792871,8.54670548103159
ENSG00000115514,TXNDC9,-0.0904749634118686,-2.0238761618579977,0.0
ENSG00000115520,COQ10B,0.2613577431699667,0.5930290529257051,0.0
ENSG00000115524,SF3B1,0.5223908152861233,-1.4267151626139083,0.0
ENSG00000115525,ST3GAL5,0.2449097296319423,0.0,0.0
ENSG00000115526,CHST10,0.0671670784300539,-2.256006955611495,0.0
ENSG00000115548,KDM3A,0.347768117830945,0.36888219332636835,0.0
ENSG00000115561,CHMP3,0.1842615865289741,-1.3643283584727293,0.0
ENSG00000115568,ZNF142,0.4236471198055728,0.25088972216884503,0.0
ENSG00000115649,CNPPD1,-0.0386382452951045,-2.048367996716055,0.0
ENSG00000115652,UXS1,0.4558650704137214,-5.463873813559662,13.9943507640745
ENSG00000115685,PPP1R7,-0.1909082558945404,-2.1752611661693995,0.0
ENSG00000115694,STK25,-0.3509240581694184,-2.2030747405564024,0.0
ENSG00000115756,HPCAL1,0.1546372288692453,0.7598379786229783,0.0
ENSG00000115758,ODC1,-0.3966680303849812,-2.279325489694947,0.0
ENSG00000115760,BIRC6,-0.3835793916994996,0.22794291186992666,0.0
ENSG00000115762,PLEKHB2,0.0105789403702228,-2.367954820992745,0.0
ENSG00000115806,GORASP2,0.0800977498263795,0.57317586148225,0.0
ENSG00000115808,STRN,-0.0917590801707602,0.0,0.0
ENSG00000115827,DCAF17,-0.0168101347421389,0.302565631869765,0.0
ENSG00000115828,QPCT,0.1141294002442811,3.4983274142001597,0.0
ENSG00000115839,RAB3GAP1,-0.2122091167103078,0.0,0.0
ENSG00000115840,SLC25A12,0.0268623551340651,-2.7394358045459093,7.814587574509569
ENSG00000115875,SRSF7,-0.1106326703901749,-2.1628011935189835,0.0
ENSG00000115884,SDC1,-0.1348337708068088,-10.494824859244998,18.1647870037451
ENSG00000115902,SLC1A4,0.2281921674371712,1.418045388913665,0.0
ENSG00000115904,SOS1,-0.2316462672747601,-1.330485254537185,2.07996402184866
ENSG00000115944,COX7A2L,-0.1223147808941393,1.5680835500404728,0.0
ENSG00000115947,ORC4,0.185919055340053,0.0,0.0
ENSG00000115966,ATF2,-0.1497440979848367,0.0,0.0
ENSG00000115977,AAK1,0.6049958285253917,-1.1818286737656325,4.09739020499175
ENSG00000115993,TRAK2,-0.0574510207101136,-0.17110090502280506,2.35703082853658
ENSG00000116001,TIA1,-0.1293585052885145,-0.0733029986667958,0.0
ENSG00000116005,PCYOX1,0.2046524087919669,-1.6635264747954717,0.0
ENSG00000116016,EPAS1,-0.4248373720202992,0.0,0.0
ENSG00000116044,NFE2L2,0.1891667761949608,0.2669112265915017,0.0
ENSG00000116095,PLEKHA3,0.1987367241369412,-1.375451064529385,0.0
ENSG00000116120,FARSB,-0.1283991589898795,-1.4265104905165142,0.0
ENSG00000116128,BCL9,-0.3768376358369655,0.021634701273372192,0.0
ENSG00000116133,DHCR24,0.2311715289891842,-2.98645188937155,0.0
ENSG00000116138,DNAJC16,0.0448423138104726,0.0,0.0
ENSG00000116141,MARK1,-0.1576602587182284,-1.8768760080113467,6.72659327030016
ENSG00000116147,TNR,-0.0445720173792028,0.0,0.0
ENSG00000116161,CACYBP,0.4525282543750148,-3.3100498802607055,0.0
ENSG00000116171,SCP2,-0.0385135534496177,0.43636266107473753,0.0
ENSG00000116199,FAM20B,-0.1625797174961564,0.0,0.0
ENSG00000116237,ICMT,-0.3091798823850497,-3.6338808677759533,1.9260408292409097
ENSG00000116251,RPL22,0.0969965480475277,-1.656717626871675,0.0
ENSG00000116254,CHD5,-0.0700237661943105,-3.0781073837061736,3.6815628727676706
ENSG00000116260,QSOX1,0.0370122364144647,0.6222117047275934,0.0
ENSG00000116266,STXBP3,0.4809633231821934,-0.4377111878342125,0.0
ENSG00000116285,ERRFI1,-0.1784625285929501,0.24775542677815998,0.0
ENSG00000116288,PARK7,-0.0522845722780833,-2.7754945378575098,0.0
ENSG00000116337,AMPD2,0.1377534299149489,-3.067379754440075,0.0
ENSG00000116350,SRSF4,-0.2013208794473568,0.0,0.0
ENSG00000116396,KCNC4,0.007645103628871,-0.1615579163009384,0.0
ENSG00000116406,EDEM3,-0.0091165427499877,-1.6886821504502363,0.0
ENSG00000116455,WDR77,0.1824370565215572,-1.94852328788665,0.0
ENSG00000116473,RAP1A,-0.1353265164396823,0.0,0.0
ENSG00000116489,CAPZA1,-0.1386478324993769,0.21152049391715833,0.0
ENSG00000116497,S100PBP,0.2085793157712435,0.956187360009104,0.0
ENSG00000116521,SCAMP3,0.0148623539417473,-2.14179777176408,0.0
ENSG00000116539,ASH1L,0.3788466057439001,0.5231338282344123,0.0
ENSG00000116544,DLGAP3,-0.2218251729332968,-2.4667775752302528,12.3650387325964
ENSG00000116560,SFPQ,0.0729790605748703,0.0,0.0
ENSG00000116604,MEF2D,-0.0078656479135039,-1.589181741940435,5.89944255147008
ENSG00000116641,DOCK7,0.2906850297751929,-0.8487348494711784,5.32803247660012
ENSG00000116649,SRM,-0.0686368328702612,-2.698134933268837,0.0
ENSG00000116661,FBXO2,0.2595827346957051,-4.2970471699634984,0.0
ENSG00000116667,C1ORF21,-0.2421820637044412,0.103157165125697,0.0
ENSG00000116675,DNAJC6,-0.1398765268665431,-1.7436557353704738,9.43905754124954
ENSG00000116678,LEPR,0.3564631091405317,-4.3127284420744925,15.3444927399913
ENSG00000116679,IVNS1ABP,-0.0491511528649492,0.0,0.0
ENSG00000116685,KIAA2013,-0.199928531979203,-1.6611767148965124,0.0
ENSG00000116688,MFN2,-0.0264235243286259,0.0,0.0
ENSG00000116698,SMG7,0.0724438172984902,0.0,0.0
ENSG00000116717,GADD45A,0.1903894249739011,-2.484816039070685,0.0
ENSG00000116731,PRDM2,0.1794342278646695,-0.4983584208786874,4.051582309089129
ENSG00000116741,RGS2,0.6841512826079501,-2.2376360499895784,0.0
ENSG00000116750,UCHL5,-0.0106515326462951,-2.257114094108622,0.0
ENSG00000116752,BCAS2,-0.0165660643932738,-1.9891400508223418,0.0
ENSG00000116754,SRSF11,-0.2990799816350428,0.0,0.0
ENSG00000116791,CRYZ,0.4453227341532197,1.2213244437523316,0.0
ENSG00000116793,PHTF1,0.0667141855356168,-0.18027508713543838,0.0
ENSG00000116809,ZBTB17,0.2058848269250834,0.0,0.0
ENSG00000116852,KIF21B,-0.3343445309844473,1.2169691607764137,0.0
ENSG00000116857,TMEM9,-0.0467857776113856,-0.30305563395292756,0.0
ENSG00000116871,MAP7D1,-0.2423462414493886,-2.95548439995765,0.0
ENSG00000116898,MRPS15,0.0564600108139531,-2.7807310079686167,0.0
ENSG00000116903,EXOC8,-0.3263113551349172,-1.8860916183248777,0.0
ENSG00000116906,GNPAT,0.0335035991669655,0.0,0.0
ENSG00000116918,TSNAX,-0.1235155108813245,-1.9891156552753848,0.0
ENSG00000116977,LGALS8,-0.0130848432510723,0.0,0.0
ENSG00000116983,HPCAL4,0.236038642558027,1.4895967355611925,0.0
ENSG00000116991,SIPA1L2,-0.3322124084297227,-1.647887764917953,11.1015078304236
ENSG00000117016,RIMS3,-0.3277220821933339,-1.470517999367915,0.0
ENSG00000117020,AKT3,-0.2381008957367376,0.0,0.0
ENSG00000117054,ACADM,-0.2487126504258936,-2.6617136977804257,0.0
ENSG00000117069,ST6GALNAC5,0.0139349411404122,-1.761105181317753,12.6468843714216
ENSG00000117114,ADGRL2,-0.1186500163361303,0.0,0.0
ENSG00000117115,PADI2,-0.0344008561839055,0.0,0.0
ENSG00000117118,SDHB,-0.0874171566760163,0.0,0.0
ENSG00000117133,RPF1,0.1590511232747315,-2.5033168690163,0.0
ENSG00000117139,KDM5B,-0.1201347028163532,-0.31123969929052,3.78636017525168
ENSG00000117143,UAP1,-0.169625558284639,0.0,0.0
ENSG00000117152,RGS4,-0.0607162306367607,-6.662092821721048,8.241490210058878
ENSG00000117153,KLHL12,-0.0473904051955873,-0.4514282908217824,0.0
ENSG00000117155,SSX2IP,-0.2687882322765121,0.0,0.0
ENSG00000117174,ZNHIT6,0.0022811655176293,-1.099995957351845,0.0
ENSG00000117222,RBBP5,-0.0894512177787867,0.18830138624183834,0.0
ENSG00000117280,RAB29,0.0669681077205512,0.0,0.0
ENSG00000117335,CD46,0.0161312082429009,0.0,0.0
ENSG00000117394,SLC2A1,0.1229903806608783,0.0,0.0
ENSG00000117395,EBNA1BP2,0.1139123421761034,-2.38968765656438,0.0
ENSG00000117408,IPO13,0.0218273414223231,-2.5919028392748498,7.41860945697809
ENSG00000117410,ATP6V0B,0.0962779265804907,-3.4687050577474317,0.0
ENSG00000117411,B4GALT2,-0.3242447771101835,-0.16723722462835022,0.0
ENSG00000117448,AKR1A1,-0.0144129322326577,-1.0805214198725932,0.0
ENSG00000117450,PRDX1,0.1782967791580781,-2.8553781493828003,0.0
ENSG00000117461,PIK3R3,-0.5256137520638146,0.0,0.0
ENSG00000117475,BLZF1,0.1210268854766477,0.0,0.0
ENSG00000117477,CCDC181,0.1022431440143458,-1.4098491579651198,0.0
ENSG00000117479,SLC19A2,-0.131121123178302,-3.15830577635005,12.6332231054002
ENSG00000117481,NSUN4,-0.0577277590802884,0.0,0.0
ENSG00000117500,TMED5,-0.1971247497794949,0.5944590875543366,0.0
ENSG00000117505,DR1,0.3890043019170466,0.0,0.0
ENSG00000117519,CNN3,0.2679652530233315,-1.3377559491283861,0.0
ENSG00000117523,PRRC2C,0.0893218881615514,-0.4120179403736462,0.0
ENSG00000117528,ABCD3,-0.2883399122000228,0.0,0.0
ENSG00000117533,VAMP4,-0.1737265293541565,0.0,0.0
ENSG00000117569,PTBP2,-0.3647044259381273,-3.7327965956475895,11.5769815102577
ENSG00000117592,PRDX6,-0.0560999042358804,-2.1329173677293967,0.0
ENSG00000117602,RCAN3,-0.0791072180049379,1.2039094247653432,0.0
ENSG00000117614,SYF2,-0.3220675129155233,-2.469851586870695,0.0
ENSG00000117616,RSRP1,0.3884738541888466,0.0,0.0
ENSG00000117625,RCOR3,-0.1946176468700855,0.0,0.0
ENSG00000117632,STMN1,-0.0489439762177595,-2.188973431916545,0.0
ENSG00000117640,MTFR1L,0.0548540438230462,-1.816668820675565,0.0
ENSG00000117643,MAN1C1,-0.0244395570987074,-8.756193156028095,23.4263045801735
ENSG00000117676,RPS6KA1,-0.2755933306464427,-2.997703629679802,7.666519060815729
ENSG00000117682,DHDDS,-0.3725178591717391,-4.848900065508589,9.856689446433059
ENSG00000117691,NENF,0.1398960398351313,-2.2032297181695517,0.0
ENSG00000117697,NSL1,0.2206878642267239,0.0,0.0
ENSG00000117713,ARID1A,-0.0871125503191094,-0.9546723452027281,0.0
ENSG00000117748,RPA2,-0.320890205028278,0.0,0.0
ENSG00000117751,PPP1R8,-0.1506261355958698,0.7914635809407516,0.0
ENSG00000117758,STX12,-0.1651636399071934,0.0,0.0
ENSG00000117859,OSBPL9,0.0983791891875925,-0.758548778944825,3.0341951157793
ENSG00000117868,ESYT2,0.3438478636015763,0.16981095338828667,0.0
ENSG00000117906,RCN2,0.1143114884345535,-0.677916939468209,0.0
ENSG00000117984,CTSD,-0.0303510451779901,-2.1286051700082766,0.0
ENSG00000118046,STK11,-0.2856098537339198,0.0,0.0
ENSG00000118058,KMT2A,-0.0434089186215052,0.0,0.0
ENSG00000118096,IFT46,-0.2487010790793927,0.0,0.0
ENSG00000118160,SLC8A2,-0.1251606124308139,2.255938179306815,0.0
ENSG00000118200,CAMSAP2,0.0536294636669305,-0.535946755623135,0.0
ENSG00000118217,ATF6,0.4594855295137369,0.82196588043651,0.0
ENSG00000118260,CREB1,-0.1826041820381936,0.23820518773304583,0.0
ENSG00000118263,KLF7,0.0838119101435682,-1.4811545015896626,4.49493604491367
ENSG00000118276,B4GALT6,-0.2683268772684256,-3.350611948401009,15.5651914036932
ENSG00000118369,USP35,-0.3748320287722224,-4.734610416130543,6.2743744380884
ENSG00000118402,ELOVL4,-0.1688872658483448,0.0,0.0
ENSG00000118418,HMGN3,0.0753849868425417,-1.6891807585282264,0.0
ENSG00000118454,ANKRD13C,-0.3116355116516642,0.03131331684936173,0.0
ENSG00000118473,SGIP1,-0.5421246975790024,-1.2506366184387143,6.38118225178271
ENSG00000118482,PHF3,0.2459239282157935,-2.134150986702887,5.03426565923405
ENSG00000118496,FBXO30,-0.1153505791523932,-1.3523114427659575,3.0746900535941495
ENSG00000118507,AKAP7,-0.1737988015284989,-0.7653412749744285,0.0
ENSG00000118515,SGK1,0.1731767402570411,-2.7692888973600764,13.6370494550265
ENSG00000118518,RNF146,0.0801612803331022,0.0,0.0
ENSG00000118564,FBXL5,0.0167030796986769,0.0,0.0
ENSG00000118579,MED28,-0.2710381801685118,0.298869142201735,0.0
ENSG00000118680,MYL12B,-0.1236805259988332,-3.1075281282992666,0.0
ENSG00000118705,RPN2,0.3371098870219673,-2.1637739909451774,0.0
ENSG00000118733,OLFM3,-0.0503450766240311,-4.615446497105997,14.1972779468355
ENSG00000118785,SPP1,0.2856682291372775,-3.818643886487655,0.0
ENSG00000118816,CCNI,0.0546671674933134,0.0,0.0
ENSG00000118855,MFSD1,-0.0369936056747184,-3.0989737066790743,6.29902455666133
ENSG00000118873,RAB3GAP2,0.3787010042371323,-0.7275849897083899,2.67666472059016
ENSG00000118946,PCDH17,-0.1759661071297993,-1.751833467085988,4.15238695140768
ENSG00000118965,WDR35,-0.0914287815880677,1.06987215070972,2.2125407478948
ENSG00000118985,ELL2,-0.1414232395974792,-1.359311140552325,0.0
ENSG00000119013,NDUFB3,-0.0667005374935524,-1.3984909765471918,0.0
ENSG00000119041,GTF3C3,-0.2366385000023756,-0.3175337068041337,0.0
ENSG00000119048,UBE2B,-0.2541355973326474,-0.33244133338784243,0.0
ENSG00000119138,KLF9,-0.1858046682371852,-4.25933388286915,9.8225228559074
ENSG00000119185,ITGB1BP1,-0.1112940588938191,0.0,0.0
ENSG00000119203,CPSF3,-0.1645064263470816,0.0,0.0
ENSG00000119227,PIGZ,0.0066241838540164,0.9727530470362837,0.0
ENSG00000119231,SENP5,0.2347732306720042,-0.22369455851281106,0.0
ENSG00000119242,CCDC92,-0.0473290797448068,0.03302703637702665,0.0
ENSG00000119280,C1ORF198,-0.1737649734502904,0.0,0.0
ENSG00000119314,PTBP3,0.3241343222727397,-2.1414441017035126,8.99387866295305
ENSG00000119318,RAD23B,-0.215944287667695,0.0,0.0
ENSG00000119335,SET,0.108190569035941,-2.844392007851193,0.0
ENSG00000119396,RAB14,0.0469986831809887,-2.263849469513425,0.0
ENSG00000119401,TRIM32,0.5026541248605345,0.0,0.0
ENSG00000119402,FBXW2,0.1146732652723593,0.0,0.0
ENSG00000119414,PPP6C,-0.1340668920406814,-0.6670507980575757,0.0
ENSG00000119421,NDUFA8,-0.024904959553979,-2.1843362139700786,0.0
ENSG00000119446,RBM18,-0.4327798130415707,-1.6489029620232325,0.0
ENSG00000119471,HSDL2,-0.0313577496511735,0.0,0.0
ENSG00000119487,MAPKAP1,-0.2070248663013634,-0.289929349007485,0.0
ENSG00000119522,DENND1A,-0.0044264305834639,0.15576257366528656,0.0
ENSG00000119523,ALG2,0.1828505895167417,-1.938335635598977,0.0
ENSG00000119537,KDSR,-0.0818657780015843,-0.1669501492594624,0.0
ENSG00000119541,VPS4B,-0.0804118819500055,-2.3279951182946594,0.0
ENSG00000119559,C19ORF25,-0.0395281180232378,-1.7192202725268533,0.0
ENSG00000119574,ZBTB45,-0.5389610629766358,0.0,0.0
ENSG00000119596,YLPM1,-0.1045897536459942,0.6264726828415064,0.0
ENSG00000119632,IFI27L2,0.4203200387535546,-3.25942754279067,0.0
ENSG00000119638,NEK9,0.0987082343656879,0.9842972954297483,0.0
ENSG00000119640,ACYP1,0.2316835875777541,0.6140018908630117,0.0
ENSG00000119650,IFT43,0.1823566387919061,0.3554792797305941,0.0
ENSG00000119661,DNAL1,-0.3184448555158271,0.2732323298957333,0.0
ENSG00000119669,IRF2BPL,0.0240495505040795,-1.9995770570797786,0.0
ENSG00000119682,AREL1,-0.4298195919139387,0.0,0.0
ENSG00000119698,PPP4R4,-0.3053929190640662,0.0,0.0
ENSG00000119705,SLIRP,0.0716786316021926,-2.107735626389972,0.0
ENSG00000119707,RBM25,0.2154660336978108,0.0,0.0
ENSG00000119711,ALDH6A1,-0.0586232752162156,0.0,0.0
ENSG00000119718,EIF2B2,0.2194577751861195,-2.210181978683065,0.0
ENSG00000119729,RHOQ,-0.505643817224661,-2.62942315574585,2.43833742963995
ENSG00000119760,SUPT7L,0.4172743278227985,-1.9723322632186067,0.0
ENSG00000119771,KLHL29,0.3207704047614393,-0.3606585691138524,9.14663645151991
ENSG00000119772,DNMT3A,0.3163390354286612,-0.758293685735441,2.48688929308295
ENSG00000119777,TMEM214,-0.169904513992634,-1.4790036128379076,0.0
ENSG00000119787,ATL2,0.0200747318159646,0.0,0.0
ENSG00000119801,YPEL5,0.0988629328246881,-2.60801591425235,0.0
ENSG00000119812,FAM98A,-0.0563577843381142,-3.065843437562825,0.0
ENSG00000119820,YIPF4,0.3522517787809207,0.0,0.0
ENSG00000119844,AFTPH,-0.0426209104813497,0.0,0.0
ENSG00000119862,LGALSL,-0.3368857681145347,0.0,0.0
ENSG00000119865,CNRIP1,-0.1209565537188574,0.10480193702046818,0.0
ENSG00000119866,BCL11A,0.7031794754162113,0.6682984775575544,0.0
ENSG00000119878,CRIPT,0.2251787482675387,0.5980131506445433,0.0
ENSG00000119899,SLC17A5,-0.2868841737598204,-1.76953079061531,7.07812316246124
ENSG00000119900,OGFRL1,-0.4107713401290913,-2.4399975485497354,0.0
ENSG00000119906,SLF2,0.2192918544157032,0.0,0.0
ENSG00000119938,PPP1R3C,0.2071736168795974,-2.0410499685601513,0.0
ENSG00000119946,CNNM1,0.4443243889136912,-0.0076543572837401985,1.69161056077863
ENSG00000119950,MXI1,0.1427106566394309,0.5305366795753667,0.0
ENSG00000119953,SMNDC1,-0.0852028787549919,-2.152181874433925,0.0
ENSG00000119965,C10ORF88,-0.256340567754249,-1.4939049449423276,0.0
ENSG00000119977,TCTN3,-0.3484698103236097,-0.5475341424307774,0.0
ENSG00000119986,AVPI1,0.0989462680077799,-1.8057423819882847,0.0
ENSG00000120008,WDR11,-0.2310759807791647,0.0,0.0
ENSG00000120053,GOT1,0.1578071966132747,-1.5766051146414584,0.0
ENSG00000120063,GNA13,-0.0599450725107247,-0.9361741427825553,4.03644424787814
ENSG00000120129,DUSP1,0.2756332684241955,0.0,0.0
ENSG00000120137,PANK3,-0.2649253178740659,-0.26271885346182833,2.21060046328838
ENSG00000120162,MOB3B,0.0674654785392448,0.13884572968507258,2.7561426887263094
ENSG00000120251,GRIA2,0.0154287669326764,-3.644671711746313,9.826364668968488
ENSG00000120265,PCMT1,0.0954670815155774,-2.1261310014437576,1.91706606843523
ENSG00000120306,CYSTM1,-0.0715446697918368,-2.99874011506237,3.49899899976152
ENSG00000120333,MRPS14,0.1644349327284645,-1.648951005628145,0.0
ENSG00000120438,TCP1,0.0842854427511696,-3.162263460488267,0.0
ENSG00000120451,SNX19,-0.5164432173056729,0.0,0.0
ENSG00000120509,PDZD11,0.0069299243344641,-1.9448016297818114,0.0
ENSG00000120533,ENY2,-0.2557065647832888,-2.5683873178915784,0.0
ENSG00000120594,PLXDC2,0.0656286049271277,-1.5519239413081691,12.9608097172633
ENSG00000120616,EPC1,0.577022657367601,0.0,0.0
ENSG00000120645,IQSEC3,-0.1683698423008091,0.3203671435502039,0.0
ENSG00000120658,ENOX1,0.0060216844467512,-3.0648646844451237,11.5784547760697
ENSG00000120675,DNAJC15,0.1628834923367394,0.0,0.0
ENSG00000120685,PROSER1,0.343565703886709,0.42956074102633823,0.0
ENSG00000120686,UFM1,-0.3762320629950083,0.0,0.0
ENSG00000120688,WBP4,-0.0237014301870679,-1.5668892784248234,0.0
ENSG00000120693,SMAD9,0.2962129014595041,1.5272886256535632,0.0
ENSG00000120694,HSPH1,0.6307190230606691,-1.8318592458985123,0.0
ENSG00000120696,KBTBD7,0.152643253183532,-1.6886803906080274,0.0
ENSG00000120697,ALG5,-0.1628579152125973,0.0,0.0
ENSG00000120705,ETF1,0.0771713152111532,-1.8917935546396643,0.0
ENSG00000120709,FAM53C,-0.1530928923237914,-0.4284511094879075,1.71380443795163
ENSG00000120727,PAIP2,-0.052598062464979,0.8700062859584666,0.0
ENSG00000120733,KDM3B,-0.0725419409847816,-0.9445112571221627,3.82289795632566
ENSG00000120742,SERP1,0.2467743541243146,0.0,0.0
ENSG00000120798,NR2C1,-0.3027438185801474,-0.50368829716413,0.0
ENSG00000120800,UTP20,0.0236809430493526,-3.504558286616278,2.69857372932518
ENSG00000120802,TMPO,-0.0022605904586862,0.0,0.0
ENSG00000120805,ARL1,0.033082751197418,-1.2402882966642768,0.0
ENSG00000120832,MTERF2,0.0269472572077374,0.0,0.0
ENSG00000120837,NFYB,-0.0664976862445315,0.0,0.0
ENSG00000120885,CLU,0.6704343743831099,-1.542102310648748,0.0
ENSG00000120913,PDLIM2,0.3449907791997088,-4.14723969290045,0.0
ENSG00000120925,RNF170,0.14559038417884,0.0,0.0
ENSG00000120948,TARDBP,0.3313734173340405,-1.9932775641934697,0.0
ENSG00000120992,LYPLA1,-0.2377007754567907,-0.557276643917265,0.0
ENSG00000121022,COPS5,-0.2382166310747694,-1.388332846248756,0.0
ENSG00000121057,AKAP1,-0.0931537264922125,0.0,0.0
ENSG00000121064,SCPEP1,0.0029686465882321,-1.9937713950452798,6.50873790956819
ENSG00000121067,SPOP,0.0031039822678532,0.0,0.0
ENSG00000121073,SLC35B1,0.1798313954999555,-1.5403932118268764,0.0
ENSG00000121310,ECHDC2,-0.1048046649242436,-0.9550180936407542,8.93054210752535
ENSG00000121390,PSPC1,-0.1236393905877383,0.333119409940905,0.0
ENSG00000121413,ZSCAN18,-0.2418221909229499,-0.3369011546308902,0.0
ENSG00000121486,TRMT1L,0.0328816034406056,0.0,0.0
ENSG00000121579,NAA50,0.1637383975021228,0.0,0.0
ENSG00000121671,CRY2,-0.1931904872808121,-0.7904834357281709,5.76219027994688
ENSG00000121680,PEX16,-0.2411201573357121,-2.7293709378979503,0.0
ENSG00000121741,ZMYM2,-0.1109968492604567,-1.0064204798931948,3.61022281667351
ENSG00000121749,TBC1D15,-0.1584853514020905,0.057278803653571464,0.0
ENSG00000121753,ADGRB2,-0.4003655156930514,0.0,0.0
ENSG00000121766,ZCCHC17,-0.0215136647908678,-1.327538540279534,0.0
ENSG00000121769,FABP3,-0.2588887989236509,-3.24937059590915,0.0
ENSG00000121774,KHDRBS1,0.0687737359954329,0.2192577962275154,0.0
ENSG00000121871,SLITRK3,-0.0712191279653477,0.0389491776318156,0.0
ENSG00000121879,PIK3CA,0.0360750810539979,-1.0894179352787754,4.25006746900536
ENSG00000121892,PDS5A,0.0664689340719543,-0.28143174276661675,0.0
ENSG00000121900,TMEM54,0.3524853258369552,-3.246593359537395,0.0
ENSG00000121904,CSMD2,0.1971576020394788,-2.490827645445325,13.6924470344117
ENSG00000121964,GTDC1,0.1901934743253121,0.0,0.0
ENSG00000121989,ACVR2A,0.0569772231483464,3.2268979570811793,0.0
ENSG00000122012,SV2C,-0.3662903864922717,-8.326398189871988,20.4854193694715
ENSG00000122034,GTF3A,0.5518336993156413,-1.8208134196751171,0.0
ENSG00000122042,UBL3,0.000570458663481,0.0,0.0
ENSG00000122068,FYTTD1,0.1825262787922331,-1.7332255306644564,0.0
ENSG00000122085,MTERF4,-0.0734901864719573,0.0,0.0
ENSG00000122126,OCRL,-0.2099091983705416,0.06481047940534168,0.0
ENSG00000122203,KIAA1191,0.027907300761081,0.5824938869699282,0.0
ENSG00000122218,COPA,-0.4808171790367671,0.0,0.0
ENSG00000122257,RBBP6,0.1562366015094768,-1.647842634746065,0.0
ENSG00000122299,ZC3H7A,-0.4242958490677878,-0.670178029482115,2.68071211792846
ENSG00000122335,SERAC1,-0.0606425104286944,0.0,0.0
ENSG00000122417,ODF2L,-0.0765970178069946,0.42125448479824157,0.0
ENSG00000122484,RPAP2,-0.0569583278956789,-0.5001734997426625,0.0
ENSG00000122515,ZMIZ2,-0.2417340999383001,-0.10781586995974246,0.0
ENSG00000122550,KLHL7,-0.1444605082004675,-1.86172083743639,5.56986665439145
ENSG00000122565,CBX3,0.098129907432813,-1.6251243955738681,0.0
ENSG00000122566,HNRNPA2B1,0.3003949552502157,0.61709616551544,0.0
ENSG00000122574,WIPF3,-0.0773671975183805,-7.964413859176034,22.708017240376705
ENSG00000122584,NXPH1,-0.2542702153206349,1.4904347811649814,0.0
ENSG00000122692,SMU1,0.2117317021786597,-1.0467255358589376,0.0
ENSG00000122705,CLTA,0.2447779243529787,-2.812941949703333,0.0
ENSG00000122729,ACO1,0.1285657889888055,0.0,0.0
ENSG00000122733,PHF24,-0.191318001006558,0.0,0.0
ENSG00000122741,DCAF10,0.2839264512841541,-1.4555327878464857,2.61682615634726
ENSG00000122778,KIAA1549,-0.0786335505591257,-0.7443147558550217,0.0
ENSG00000122779,TRIM24,-0.1795000994643035,1.2202778115533865,0.0
ENSG00000122786,CALD1,0.2162105037275318,-0.37321894957200985,0.0
ENSG00000122873,CISD1,0.2394951625855956,-1.4905628563107838,0.0
ENSG00000122882,ECD,0.1012073863835715,0.5096332934302417,0.0
ENSG00000122912,SLC25A16,-0.5011685145948677,-1.218552529492275,4.5927020594782
ENSG00000122958,VPS26A,-0.2332796846469989,-1.8822221069145324,0.0
ENSG00000122965,RBM19,0.0885531712176557,-0.65843180095426,0.0
ENSG00000123066,MED13L,0.227593623987865,0.0,0.0
ENSG00000123091,RNF11,-0.105363449078539,0.0,0.0
ENSG00000123095,BHLHE41,0.128870756284139,-3.421758254797625,0.0
ENSG00000123106,CCDC91,-0.1365143010118665,0.0,0.0
ENSG00000123124,WWP1,0.042508552332422,0.0,0.0
ENSG00000123159,GIPC1,-0.3050241908413417,-1.124931234940781,4.9826226652582
ENSG00000123178,SPRYD7,-0.2944963726565298,-1.3237581906063989,0.0
ENSG00000123200,ZC3H13,-0.39625197269921,-2.754425108098598,0.0
ENSG00000123213,NLN,0.2894957836821957,0.015464389457891747,0.0
ENSG00000123240,OPTN,0.1843328146945831,-4.021409685491243,6.79183873112991
ENSG00000123352,SPATS2,0.3130302571459684,-1.976635661870678,9.47197139096125
ENSG00000123384,LRP1,-0.0979280498045622,0.0,0.0
ENSG00000123472,ATPAF1,-0.0039880574365284,0.0,0.0
ENSG00000123505,AMD1,0.5137911303624599,0.0,0.0
ENSG00000123545,NDUFAF4,-0.157972408195344,-2.393756508176507,0.0
ENSG00000123560,PLP1,0.2107438287399345,0.0,0.0
ENSG00000123570,RAB9B,-0.2346527533279971,1.576123025394855,0.0
ENSG00000123575,FAM199X,-0.3746348754311354,0.0,0.0
ENSG00000123595,RAB9A,0.0178624700342827,0.0,0.0
ENSG00000123636,BAZ2B,0.2330862135229365,0.4204160967183217,0.0
ENSG00000123684,LPGAT1,-0.5763604368057562,-4.053324180098109,13.1959837435713
ENSG00000123728,RAP2C,-0.2027974279283136,0.0,0.0
ENSG00000123739,PLA2G12A,-0.0666278462952626,-1.6993013690845835,7.70006341006208
ENSG00000123836,PFKFB2,-0.4750081835920764,0.0,0.0
ENSG00000123983,ACSL3,0.0433205065368064,0.0,0.0
ENSG00000123989,CHPF,0.036360172097041,-2.3898557012489934,0.0
ENSG00000124006,OBSL1,0.1855006504469497,-0.5923093222978006,0.0
ENSG00000124098,FAM210B,0.4830022121935954,0.0,0.0
ENSG00000124104,SNX21,-0.1193667648879757,0.0,0.0
ENSG00000124120,TTPAL,-0.0056442346829185,-1.7049688149200075,0.0
ENSG00000124126,PREX1,0.0815976957765414,0.0,0.0
ENSG00000124140,SLC12A5,0.1713763588516525,0.9867612669537866,0.0
ENSG00000124145,SDC4,0.1522378181992185,0.0,0.0
ENSG00000124151,NCOA3,0.3333952786285136,-2.3951012507833225,3.8819639408962705
ENSG00000124155,PIGT,-0.0420960895368371,-3.44577215774135,0.0
ENSG00000124160,NCOA5,0.3406361451238583,-0.524119918302375,0.0
ENSG00000124164,VAPB,-0.2268806025536816,0.0,0.0
ENSG00000124177,CHD6,0.0349521787707055,0.09701278551380133,0.0
ENSG00000124181,PLCG1,-0.2177671284983726,0.0,0.0
ENSG00000124191,TOX2,-0.2357316207337468,-5.6984519862264245,17.9747227035675
ENSG00000124193,SRSF6,0.4235733243102398,0.0,0.0
ENSG00000124194,GDAP1L1,0.1681568995863138,0.0,0.0
ENSG00000124198,ARFGEF2,-0.2960842330625465,-2.5161512043931706,5.45723682685699
ENSG00000124207,CSE1L,-0.0304236247919177,-1.824215902451353,0.0
ENSG00000124209,RAB22A,-0.0291396586030258,0.0,0.0
ENSG00000124214,STAU1,-0.0722890088558189,0.0,0.0
ENSG00000124222,STX16,-0.2041240905065221,0.8263978045093984,0.0
ENSG00000124225,PMEPA1,0.3000701496031295,1.4134526384833686,0.0
ENSG00000124226,RNF114,0.3354118036554444,0.0,0.0
ENSG00000124228,DDX27,0.4624778575244613,-3.016400404751325,0.0
ENSG00000124243,BCAS4,0.7126619986758844,-1.011041286091682,0.0
ENSG00000124275,MTRR,-0.2825400609483827,0.0,0.0
ENSG00000124299,PEPD,-0.3212544325308197,-0.3765263042926966,3.55074438196816
ENSG00000124356,STAMBP,0.1034897464848039,0.0,0.0
ENSG00000124380,SNRNP27,-0.0354943384848344,-2.0937139016415847,0.0
ENSG00000124383,MPHOSPH10,-0.010813604303749,-2.77213067299051,0.0
ENSG00000124406,ATP8A1,-0.0151146019672647,-1.2908615092308242,4.8940400910935296
ENSG00000124422,USP22,-0.0061207847256123,-0.17180660826294497,0.0
ENSG00000124444,ZNF576,-0.573364219511764,-2.9515592271846,0.0
ENSG00000124486,USP9X,-0.1581900518409731,0.0,0.0
ENSG00000124507,PACSIN1,0.1087822427591178,0.09542882372720474,0.0
ENSG00000124523,SIRT5,-0.3914465245111484,0.0,0.0
ENSG00000124532,MRS2,-0.1534276782772849,0.0,0.0
ENSG00000124535,WRNIP1,0.0927381209652536,-2.628453330672927,3.3350627463812494
ENSG00000124541,RRP36,-0.1058657129903766,0.0,0.0
ENSG00000124570,SERPINB6,0.3503497145058536,-2.3314328693828523,0.0
ENSG00000124571,XPO5,0.0191048441637602,-0.15727808084202421,0.0
ENSG00000124588,NQO2,0.1779411091215824,0.0,0.0
ENSG00000124596,OARD1,-0.4009570632411674,0.0,0.0
ENSG00000124702,KLHDC3,-0.0081053852339074,0.0,0.0
ENSG00000124733,MEA1,0.2507389780498627,-2.2484442110482035,0.0
ENSG00000124766,SOX4,0.312699910798252,0.8781404042677433,0.0
ENSG00000124767,GLO1,0.2001971056387387,-1.3893151925381917,0.0
ENSG00000124783,SSR1,0.0155028983055557,-0.8085191206297091,0.0
ENSG00000124784,RIOK1,0.0221906981344598,-0.19648920719340168,0.0
ENSG00000124785,NRN1,-0.3137427592906711,-1.6110212284599807,0.0
ENSG00000124788,ATXN1,0.1737314599939645,-0.08076095318374163,0.0
ENSG00000124789,NUP153,-0.1016473651747695,0.0,0.0
ENSG00000124795,DEK,0.222285287916663,-3.5362208909235937,0.0
ENSG00000124802,EEF1E1,-0.0798441389393934,-2.1179726950095685,0.0
ENSG00000124831,LRRFIP1,0.3657296009984996,-2.563141371345807,8.26624754499512
ENSG00000125107,CNOT1,-0.1459704238467711,0.0,0.0
ENSG00000125124,BBS2,-0.1127739597480653,0.0,0.0
ENSG00000125144,MT1G,0.4568900205397229,0.0,0.0
ENSG00000125148,MT2A,0.0161462938554665,0.0,0.0
ENSG00000125166,GOT2,0.2690811312361212,-1.5897601065027303,0.0
ENSG00000125170,DOK4,-0.0489378934645193,0.0,0.0
ENSG00000125247,TMTC4,-0.1209325425290741,0.0,0.0
ENSG00000125249,RAP2A,-0.6677070290120616,-1.9495949928424452,7.798379971369781
ENSG00000125304,TM9SF2,-0.0745463316789782,-0.7680867157185634,0.0
ENSG00000125351,UPF3B,-0.1286286041304255,-2.1270363379226533,0.0
ENSG00000125354,SEPTIN6,0.2478602217552476,0.0,0.0
ENSG00000125355,TMEM255A,-0.2096543875490036,-9.633997491843164,30.772021143674
ENSG00000125356,NDUFA1,-0.0200513716157985,-2.9898491864153787,0.0
ENSG00000125447,GGA3,0.1294808021560308,-0.4491162605543375,0.0
ENSG00000125484,GTF3C4,-0.0121240407386801,0.0,0.0
ENSG00000125503,PPP1R12C,-0.4689266930365828,-0.970044151085224,4.79359273805813
ENSG00000125505,MBOAT7,0.0437506136462715,2.6327460359814534,0.0
ENSG00000125510,OPRL1,-0.0713478428214317,-2.050644721031045,0.0
ENSG00000125534,PPDPF,0.2039241770640276,-4.055718651093516,0.0
ENSG00000125629,INSIG2,-0.1381170012579556,0.0,0.0
ENSG00000125633,CCDC93,0.359009139301356,0.0,0.0
ENSG00000125648,SLC25A23,0.3735832821282854,1.2596817378785152,0.0
ENSG00000125656,CLPP,0.2516022902396394,-3.012228770643,0.0
ENSG00000125675,GRIA3,-0.4901555306458173,-3.3542841117950646,13.8353053294933
ENSG00000125676,THOC2,0.0350111350004127,-0.23179440562628975,0.0
ENSG00000125730,C3,0.370085298431874,0.0,0.0
ENSG00000125741,OPA3,0.2889357188251558,0.7307232383526033,0.0
ENSG00000125743,SNRPD2,-0.1666278213925529,-2.2186075900669366,0.0
ENSG00000125744,RTN2,-0.4370485965479502,-1.4650520024342375,3.40310898968251
ENSG00000125746,EML2,-0.0634689103575334,-3.1159873810340226,4.83295050315288
ENSG00000125772,GPCPD1,-0.5083443325412734,0.6825873122710368,0.0
ENSG00000125779,PANK2,0.2035222565373663,0.0,0.0
ENSG00000125798,FOXA2,0.09156879935717,1.0591693869866674,0.0
ENSG00000125812,GZF1,0.4513552182387328,-2.251451028900625,0.0
ENSG00000125814,NAPB,0.0268281132647488,-1.678845656057191,0.0
ENSG00000125818,PSMF1,-0.0689868061242511,0.0,0.0
ENSG00000125826,RBCK1,0.1750490399240832,0.15112143814917917,0.0
ENSG00000125827,TMX4,0.3768711078224716,0.37974756017832245,0.0
ENSG00000125834,STK35,0.1955925771800309,0.5754405438049933,0.0
ENSG00000125843,AP5S1,-0.4028772401471999,0.5279857285109016,0.0
ENSG00000125851,PCSK2,0.6068977970654609,3.6159210833079776,0.0
ENSG00000125863,MKKS,0.1097245356429267,0.0,0.0
ENSG00000125868,DSTN,0.1009999401628686,-1.9785990908548272,0.0
ENSG00000125870,SNRPB2,-0.0157850875311037,-2.2217263379633696,0.0
ENSG00000125875,TBC1D20,0.3704024950779698,0.28242438546514,0.0
ENSG00000125901,MRPS26,0.3661051617091042,-2.3260566824591447,0.0
ENSG00000125944,HNRNPR,0.2232587602437866,0.0,0.0
ENSG00000125952,MAX,0.025706120914948,0.0,0.0
ENSG00000125962,ARMCX5,-0.4241795558275462,-2.2171177909898026,0.0
ENSG00000125967,NECAB3,-0.1338839455785666,-1.953731547910035,0.0
ENSG00000125977,EIF2S2,-0.1478491935932585,-3.4253636048089087,0.0
ENSG00000125991,ERGIC3,0.1611117769741279,-1.611223751963455,0.0
ENSG00000125995,ROMO1,0.1635162491939459,-2.535337308607134,0.0
ENSG00000126012,KDM5C,-0.152288309534516,0.0,0.0
ENSG00000126067,PSMB2,0.1086773554308695,-2.36251792934715,0.0
ENSG00000126070,AGO3,0.5245022133562256,-1.435745547608405,2.29402785395488
ENSG00000126088,UROD,-0.0413044050247767,-3.3654655006942,0.0
ENSG00000126107,HECTD3,0.1927624368883803,0.0,0.0
ENSG00000126214,KLC1,0.1444651310952315,-3.4382001883216167,4.54026675428382
ENSG00000126216,TUBGCP3,-0.1029672606129172,0.0,0.0
ENSG00000126217,MCF2L,0.464613661477,-0.7747041083379875,4.09361981121499
ENSG00000126247,CAPNS1,-0.2862584162856911,-2.97681560426074,0.0
ENSG00000126254,RBM42,-0.3835376005064455,-3.620902279403975,0.0
ENSG00000126267,COX6B1,0.0820819556397722,-3.1359246368686833,0.0
ENSG00000126351,THRA,0.2290925111886463,-0.9553768209789234,0.0
ENSG00000126432,PRDX5,0.026525851394757,-3.9158587686173023,0.0
ENSG00000126653,NSRP1,0.1484735618310972,0.0,0.0
ENSG00000126698,DNAJC8,0.111208922786475,-2.576048305558235,0.0
ENSG00000126705,AHDC1,-0.2265286156034456,0.21045503692567835,0.0
ENSG00000126733,DACH2,-0.0392905020683435,0.5792043099491649,0.0
ENSG00000126749,EMG1,0.0109046655682992,-1.1730461856229835,0.0
ENSG00000126756,UXT,0.1687661456182357,0.0,0.0
ENSG00000126768,TIMM17B,-0.2117171869955137,-2.918947809979025,0.0
ENSG00000126777,KTN1,0.3503597334204504,0.44617689627550844,0.0
ENSG00000126803,HSPA2,0.3358279696985881,0.0,0.0
ENSG00000126804,ZBTB1,0.198485100039719,-0.2538503793690517,0.0
ENSG00000126821,SGPP1,-0.0693939015392213,0.2696361189071949,0.0
ENSG00000126858,RHOT1,0.0376226110231874,0.0,0.0
ENSG00000126861,OMG,0.0022453603862613,-2.3200201324428535,0.0
ENSG00000126883,NUP214,-0.2706772334889206,0.0,0.0
ENSG00000126934,MAP2K2,-0.1580757175259249,-1.9875650168987633,0.0
ENSG00000126945,HNRNPH2,-0.1880161660100018,-2.2780477399679584,0.0
ENSG00000126947,ARMCX1,-0.1161827852752217,-1.1213439905548235,0.0
ENSG00000126970,ZC4H2,-0.2066737903581896,0.26254338181776005,0.0
ENSG00000127022,CANX,-0.0292450434828052,-1.1727272521624048,0.0
ENSG00000127124,HIVEP3,0.1694471557432315,-0.7498569412052583,3.8412026777063906
ENSG00000127125,PPCS,0.0548563808964042,-1.9358514350319775,0.0
ENSG00000127184,COX7C,-0.0904531395586112,-2.9802950151043417,0.0
ENSG00000127328,RAB3IP,0.6509232308388387,0.0,0.0
ENSG00000127334,DYRK2,-0.096783398522754,-0.01472521438904506,2.64103897048246
ENSG00000127419,TMEM175,0.0727599234156543,0.0,0.0
ENSG00000127445,PIN1,-0.0907626077540393,-1.867106996897915,0.0
ENSG00000127463,EMC1,-0.2034941720306487,0.0,0.0
ENSG00000127483,HP1BP3,0.0434797465798699,0.0,0.0
ENSG00000127511,SIN3B,0.0700455399714504,-2.388682269411958,3.8477197903174094
ENSG00000127526,SLC35E1,0.5280006855042213,0.0,0.0
ENSG00000127527,EPS15L1,0.2925192803322762,-2.106520123133569,6.32351647607353
ENSG00000127540,UQCR11,-0.0371876863855834,0.0,0.0
ENSG00000127561,SYNGR3,-0.2428689188580343,-1.6738273348321817,0.0
ENSG00000127585,FBXL16,-0.1774961294095255,-0.028499161126836703,0.0
ENSG00000127603,MACF1,-0.0682281513494089,0.0,0.0
ENSG00000127616,SMARCA4,-0.1267782312146783,0.04907600153551048,0.0
ENSG00000127824,TUBA4A,0.1951761999361805,-3.1270381825036067,0.0
ENSG00000127837,AAMP,-0.0158244594132255,-2.3483199105914525,0.0
ENSG00000127838,PNKD,0.3257896142158203,0.0,0.0
ENSG00000127870,RNF6,-0.0110195567599359,-2.775842035201025,0.0
ENSG00000127884,ECHS1,0.2216189411510907,-2.5554067127036983,0.0
ENSG00000127914,AKAP9,0.2820878243582014,0.0,0.0
ENSG00000127922,SEM1,-0.377954835568532,0.0,0.0
ENSG00000127947,PTPN12,-0.1043568386650141,0.0,0.0
ENSG00000127952,STYXL1,0.2901399343706943,0.4117218594191806,2.48223164384645
ENSG00000127955,GNAI1,0.0809323875163482,0.8983576149470083,0.0
ENSG00000127980,PEX1,0.0109486458632358,0.0,0.0
ENSG00000127990,SGCE,0.084744590076034,0.9694705727238236,0.0
ENSG00000127995,CASD1,-0.2222598840747841,2.1428735480757615,0.0
ENSG00000128000,ZNF780B,-0.1959797041172814,-0.33192321152033366,0.0
ENSG00000128011,LRFN1,-0.2435064744660498,1.0298508636992882,0.0
ENSG00000128050,PAICS,0.0969283154661831,-1.372406449327145,0.0
ENSG00000128059,PPAT,-0.1462143411904227,-1.87727625368633,0.0
ENSG00000128203,ASPHD2,0.288584056386767,-1.8596282315125037,0.0
ENSG00000128245,YWHAH,0.1784436896982231,-2.11669532211944,0.0
ENSG00000128266,GNAZ,-0.1382059006971791,-4.61165797170559,5.85314502127899
ENSG00000128268,MGAT3,-0.0142771686165161,-0.8053075865282484,2.69147463674213
ENSG00000128335,APOL2,0.1057200298229455,-2.6326305742986817,0.0
ENSG00000128463,EMC4,-0.0302496795793998,-2.653890170816037,0.0
ENSG00000128482,RNF112,0.0788570179653188,-0.6649459288380315,0.0
ENSG00000128487,SPECC1,-0.1650288390448974,-1.6391265307991776,4.60116381578887
ENSG00000128512,DOCK4,-0.2702159939546221,-0.011868981257102007,4.56619959758648
ENSG00000128524,ATP6V1F,-0.1337448133687736,-3.893413521954653,0.0
ENSG00000128563,PRKRIP1,0.2271629233856796,-0.7439195475563538,4.5410064310486495
ENSG00000128567,PODXL,0.0087172642047584,3.3057688635162368,0.0
ENSG00000128573,FOXP2,0.0874807629821639,0.78893699628434,0.0
ENSG00000128578,STRIP2,-0.3284567633483826,-10.857991682477378,26.596600001771
ENSG00000128581,IFT22,-0.0186363673492271,0.0,0.0
ENSG00000128585,MKLN1,0.3922005992646388,0.0,0.0
ENSG00000128590,DNAJB9,-0.0700568193613297,-2.3053505206187923,0.0
ENSG00000128595,CALU,0.0250155277706764,-0.7943065902587245,0.0
ENSG00000128596,CCDC136,-0.2916458418446382,-2.6418539772049625,2.64869533774944
ENSG00000128607,KLHDC10,0.3319479911031311,-1.1421724719129722,6.39010169617699
ENSG00000128654,MTX2,0.0657647867530252,0.0,0.0
ENSG00000128655,PDE11A,-0.3517243652266342,-1.963859637022391,7.89292158839783
ENSG00000128656,CHN1,-0.2193798626887166,-2.2483014242259776,6.09675730912908
ENSG00000128699,ORMDL1,0.0430462876111811,-1.61112343811274,0.0
ENSG00000128731,HERC2,0.1778415284820897,0.4825584226762583,0.0
ENSG00000128789,PSMG2,0.2353490353486069,-0.5960636786723282,2.49353981283534
ENSG00000128791,TWSG1,0.2057640193895409,-1.89973208050151,6.37927029289314
ENSG00000128829,EIF2AK4,0.0763494153711332,0.0,0.0
ENSG00000128872,TMOD2,-0.2211721617419221,0.5942397505043833,0.0
ENSG00000128881,TTBK2,0.026804239826938,-0.7864960447713418,3.66724957704778
ENSG00000128928,IVD,0.0818247746681727,0.4730600438713224,0.0
ENSG00000128951,DUT,0.4132003240398711,0.892674328087005,0.0
ENSG00000128989,ARPP19,-0.2199731086746531,-1.6219057234713474,0.0
ENSG00000129003,VPS13C,0.2156704270662486,0.35703408768498696,0.0
ENSG00000129055,ANAPC13,0.2316929264082198,-1.3633543335158018,0.0
ENSG00000129071,MBD4,-0.1903584386135911,-2.0898930855128137,0.0
ENSG00000129083,COPB1,-0.0309145327214206,-2.1197588834774024,0.0
ENSG00000129103,SUMF2,-0.0086703978976525,0.0,0.0
ENSG00000129116,PALLD,-0.0836666360821165,-1.0210208702034675,4.08408348081387
ENSG00000129128,SPCS3,-0.4222257452053432,-6.874167780151813,14.3808768592698
ENSG00000129158,SERGEF,0.2049737918386049,-3.0349411427745148,9.942205618306899
ENSG00000129187,DCTD,-0.1600085804421848,0.0,0.0
ENSG00000129194,SOX15,0.1709291935648907,-0.8450265804444688,0.0
ENSG00000129235,TXNDC17,0.0272165718890415,-3.1635500509678334,0.0
ENSG00000129244,ATP1B2,-0.1349587350918007,0.39738411902098,0.0
ENSG00000129245,FXR2,-0.2421588542288702,-4.037994113950507,0.0
ENSG00000129250,KIF1C,-0.0582369353231578,0.0,0.0
ENSG00000129292,PHF20L1,0.6621127464901824,-0.7491137782341474,2.9964551129365895
ENSG00000129315,CCNT1,0.1935103917174454,0.0,0.0
ENSG00000129347,KRI1,0.1946276223596029,0.307844316091735,0.0
ENSG00000129351,ILF3,-0.104943318962204,-1.795238211570355,0.0
ENSG00000129353,SLC44A2,-0.0683327586642887,-0.09625922389724673,0.0
ENSG00000129422,MTUS1,-0.0295445529508899,0.6561668323796884,0.0
ENSG00000129460,NGDN,0.1792006506598751,0.0,0.0
ENSG00000129472,RAB2B,-0.0962819059216649,-0.2130848740496457,0.0
ENSG00000129480,DTD2,-0.1430225693640074,0.0,0.0
ENSG00000129484,PARP2,-0.1907285322850594,-2.003347840127773,0.0
ENSG00000129493,HEATR5A,-0.184451471814439,-0.42180073197190315,3.74535429932822
ENSG00000129515,SNX6,0.1850923810789136,0.0,0.0
ENSG00000129518,EAPP,0.1339364340255347,0.586196876864955,0.0
ENSG00000129559,NEDD8,-0.0670194468784227,-3.57761722013674,0.0
ENSG00000129562,DAD1,-0.0325135647728367,0.0,0.0
ENSG00000129596,CDO1,-0.2800520957017095,-1.8383775004862617,0.0
ENSG00000129625,REEP5,0.2882125928510216,-2.1762757262157697,0.0
ENSG00000129636,ITFG1,0.0895463945253644,0.9423054921025148,0.0
ENSG00000129657,SEC14L1,-0.0837499105009506,0.0,0.0
ENSG00000129675,ARHGEF6,0.0631511759381023,0.0,0.0
ENSG00000129682,FGF13,-0.1663157377657123,-6.699530182240697,25.8752378960545
ENSG00000129691,ASH2L,-0.0242869850631032,0.34627288996723,0.0
ENSG00000129757,CDKN1C,0.1588565246751346,0.0,0.0
ENSG00000129824,RPS4Y1,0.2232693825369417,0.0,0.0
ENSG00000129932,DOHH,-0.2075617891576615,-3.209953707001675,0.0
ENSG00000129933,MAU2,0.0370477980001184,-1.1514704912671423,0.0
ENSG00000129946,SHC2,-0.2226465491309642,0.5741284867611842,0.0
ENSG00000130024,PHF10,0.1599223382606676,1.556245318648791,0.0
ENSG00000130032,PRRG3,0.0462963917903148,0.6621808237931817,0.0
ENSG00000130066,SAT1,0.3312201601318778,0.0,0.0
ENSG00000130159,ECSIT,0.3897397813620897,0.0,0.0
ENSG00000130165,ELOF1,-0.0060285910477206,-2.3266708160285554,0.0
ENSG00000130175,PRKCSH,-0.2424657887161827,-1.9907213139847704,0.0
ENSG00000130177,CDC16,0.1090800841169899,0.0,0.0
ENSG00000130204,TOMM40,0.1030380714644454,-3.3929998760344464,0.0
ENSG00000130208,APOC1,-0.2761605415967411,0.0,0.0
ENSG00000130224,LRCH2,-0.2570250115459464,0.44463770052469576,2.08882405918389
ENSG00000130226,DPP6,-0.1910448154002957,-1.2977138773055588,6.33848763549328
ENSG00000130254,SAFB2,-0.0667498119758306,0.0,0.0
ENSG00000130255,RPL36,0.2534853144531355,-2.346745967599052,0.0
ENSG00000130287,NCAN,-0.6286412556352248,-0.2443183302955384,0.0
ENSG00000130294,KIF1A,-0.081798114280318,0.30981855583984363,4.47211803034117
ENSG00000130299,GTPBP3,0.4620052653504855,0.0,0.0
ENSG00000130311,DDA1,-0.1907916180015368,-3.4028635630543844,0.0
ENSG00000130313,PGLS,0.003516105568555,0.7541143541685482,0.0
ENSG00000130338,TULP4,-0.5104934620459819,-3.54704269390323,8.41219893286249
ENSG00000130340,SNX9,-0.0863700218875118,0.09479408795140948,0.0
ENSG00000130363,RSPH3,0.0234940033631729,0.0,0.0
ENSG00000130402,ACTN4,0.2186473025005307,-0.73078988078186,2.92315952312744
ENSG00000130414,NDUFA10,-0.3342002657706411,0.0,0.0
ENSG00000130449,ZSWIM6,-0.1375840255725335,-0.4069734338363995,4.46699367369735
ENSG00000130477,UNC13A,0.0603369820602535,0.8442247178337514,0.0
ENSG00000130517,PGPEP1,0.2215962629512275,-0.2635236642144456,0.0
ENSG00000130520,LSM4,0.0889513634202997,-3.4419499754587917,0.0
ENSG00000130522,JUND,0.436925509281753,1.2574816070605082,0.0
ENSG00000130540,SULT4A1,0.0201559978712217,-1.3516229184987039,0.0
ENSG00000130558,OLFM1,0.1045420221228734,-2.006584854951707,0.0
ENSG00000130559,CAMSAP1,-0.1181448691260925,0.0,0.0
ENSG00000130560,UBAC1,0.1355242685087856,0.0,0.0
ENSG00000130638,ATXN10,-0.1628481810121205,0.0,0.0
ENSG00000130643,CALY,0.3778909966860844,-1.5040813522170708,0.0
ENSG00000130703,OSBPL2,-0.0563214362561432,0.0,0.0
ENSG00000130707,ASS1,0.4177369699402857,1.4794562436495247,0.0
ENSG00000130714,POMT1,0.1253620340570583,0.2805998091089083,0.0
ENSG00000130717,UCK1,-0.4858415053368746,0.0,0.0
ENSG00000130724,CHMP2A,0.2362880001351893,-2.72042338851699,0.0
ENSG00000130733,YIPF2,-0.0247729959479843,0.0,0.0
ENSG00000130741,EIF2S3,-0.2171446070396133,0.0,0.0
ENSG00000130749,ZC3H4,0.1585237830532511,-0.7745103599438525,0.0
ENSG00000130764,LRRC47,-0.1751334371655762,-2.721532245168627,0.0
ENSG00000130766,SESN2,0.449212242087917,0.0,0.0
ENSG00000130779,CLIP1,-0.1145223880654618,-2.402638328592052,9.610553314368207
ENSG00000130816,DNMT1,0.0869523282634436,0.9377411601112717,0.0
ENSG00000130821,SLC6A8,0.0517798134614832,0.0,0.0
ENSG00000130826,DKC1,0.1361491277771185,-1.3363505988298532,0.0
ENSG00000130827,PLXNA3,-0.0374612894695968,-3.056639506731658,11.6182256782356
ENSG00000130830,MPP1,-0.03093782517285,0.0,0.0
ENSG00000130844,ZNF331,0.6390293182423965,1.4724594355489415,0.0
ENSG00000130939,UBE4B,0.1546057869805932,0.7503535436594083,0.0
ENSG00000130956,HABP4,0.237956280880751,0.5795296961494706,0.0
ENSG00000130985,UBA1,-0.0845665667781351,-2.285371713240163,0.0
ENSG00000131013,PPIL4,0.027789025030431,-2.6093196811299277,0.0
ENSG00000131016,AKAP12,-0.2216448271291848,-2.419878087647147,9.84399434499136
ENSG00000131018,SYNE1,0.2322265053298031,-0.6654266756398932,2.98939731973286
ENSG00000131051,RBM39,-0.0250612769798595,0.12621289231211416,0.0
ENSG00000131069,ACSS2,-0.0464659761657867,-0.5220534794407525,2.08821391776301
ENSG00000131089,ARHGEF9,0.2270519496277222,-0.22126392004425266,0.0
ENSG00000131095,GFAP,0.475965783213603,0.0,0.0
ENSG00000131100,ATP6V1E1,0.2362305367534885,-2.0647625756543975,0.0
ENSG00000131116,ZNF428,0.0202700783043319,-2.757507670540058,0.0
ENSG00000131143,COX4I1,0.0437791014583608,-2.6923832872470586,0.0
ENSG00000131148,EMC8,-0.1738763628175807,-0.4297071563306275,0.0
ENSG00000131149,GSE1,0.2462389460543364,1.2561870547166007,0.0
ENSG00000131165,CHMP1A,-0.1986711537352762,-1.966765514027475,0.0
ENSG00000131171,SH3BGRL,-0.1348283787171957,-0.0726099751203233,2.51901181236423
ENSG00000131174,COX7B,0.0442281368787797,-3.123450088391798,0.0
ENSG00000131236,CAP1,-0.0860288508275729,-3.8326043313428446,0.0
ENSG00000131238,PPT1,-0.0271115219688633,-1.8888354979412352,0.0
ENSG00000131242,RAB11FIP4,0.0778061871550088,-1.8085631762209207,7.11399783503126
ENSG00000131263,RLIM,-0.4821365787330945,-2.056111107454808,0.0
ENSG00000131323,TRAF3,0.5227060033297278,-0.053809814588510196,2.93371763796112
ENSG00000131368,MRPS25,0.1437261185181289,-2.3999961300964077,0.0
ENSG00000131374,TBC1D5,0.0747474711759835,0.0,0.0
ENSG00000131375,CAPN7,0.3559184878453893,0.18338826978851253,0.0
ENSG00000131378,RFTN1,0.2367659176127431,3.2451999668818274,3.29955323607104
ENSG00000131381,RBSN,0.2343431994461121,0.0,0.0
ENSG00000131437,KIF3A,-0.1359917198966176,-1.9400105387249145,0.0
ENSG00000131446,MGAT1,0.0276225089909146,0.0,0.0
ENSG00000131467,PSME3,0.0558787335122502,-2.1864199549326817,0.0
ENSG00000131469,RPL27,0.0581604739723466,-2.0946169700421717,0.0
ENSG00000131473,ACLY,0.0192014446866883,-1.7803137113895642,0.0
ENSG00000131495,NDUFA2,-0.0912564643380001,-3.3945865236557546,0.0
ENSG00000131504,DIAPH1,0.2347528180252509,-1.9946548375984166,8.33034215331375
ENSG00000131507,NDFIP1,-0.0663803286656817,0.2045581998949192,0.0
ENSG00000131508,UBE2D2,-0.1766097359716503,-1.0387009613324483,5.53527543006534
ENSG00000131558,EXOC4,0.3120626663520206,0.8932797118574566,0.0
ENSG00000131626,PPFIA1,0.1465675394855316,0.0,0.0
ENSG00000131711,MAP1B,0.1551139605979409,-1.0748831264087249,4.07752207437426
ENSG00000131725,WDR44,-0.0037535767844024,-2.2048456030850523,8.133890581473649
ENSG00000131732,ZCCHC9,0.0472841762865167,0.0,0.0
ENSG00000131773,KHDRBS3,0.1197323452392199,0.0,0.0
ENSG00000131779,PEX11B,0.2070323641967377,-1.1541025848713242,0.0
ENSG00000131791,PRKAB2,-0.1178150913837812,0.04820788441026081,0.0
ENSG00000131828,PDHA1,-0.0266695607715866,-2.02988877103715,0.0
ENSG00000131831,RAI2,0.1210764814472832,-2.5380438489195987,10.1129407325793
ENSG00000131943,C19ORF12,0.5172975156982079,0.941479099751235,3.35010044449505
ENSG00000131966,ACTR10,-0.2354519363073967,0.5968984826356925,0.0
ENSG00000131979,GCH1,0.1586738529840414,1.7094271779713708,7.11239227403448
ENSG00000132002,DNAJB1,0.6789664749387754,-2.960348980936168,0.0
ENSG00000132024,CC2D1A,0.1801896303165087,0.0,0.0
ENSG00000132031,MATN3,-0.4579110497822392,-13.998767752807721,31.675807852396495
ENSG00000132128,LRRC41,-0.1877844283776837,0.0,0.0
ENSG00000132153,DHX30,0.0269393031988715,-1.4121728209913869,0.0
ENSG00000132155,RAF1,-0.2151817879808467,-0.33349033104822,1.74979582032486
ENSG00000132164,SLC6A11,-0.2157424584524712,0.0,0.0
ENSG00000132182,NUP210,0.1564301511274979,0.07358994153862841,0.0
ENSG00000132275,RRP8,-0.0697910915565699,-2.7552678454307666,0.0
ENSG00000132294,EFR3A,0.2052504251105855,-1.4809323377071675,5.92372935082867
ENSG00000132300,PTCD3,-0.0275188927298733,0.0,0.0
ENSG00000132305,IMMT,-0.2712171969227597,-2.488742949782545,0.0
ENSG00000132313,MRPL35,0.0992999809122353,-1.8894578645939424,0.0
ENSG00000132321,IQCA1,-0.2548885831713223,0.19415773809844739,0.0
ENSG00000132329,RAMP1,0.3390541816935343,0.0,0.0
ENSG00000132334,PTPRE,0.4873657670808433,0.6600679546295983,0.0
ENSG00000132341,RAN,-0.0513952047582506,-3.3368472139275247,0.0
ENSG00000132356,PRKAA1,-0.2495194763362931,-1.4177879789729917,2.7493350043684
ENSG00000132359,RAP1GAP2,-0.2529380404804366,-1.4340501824498335,8.39254071516751
ENSG00000132361,CLUH,-0.1837474165391391,0.0,0.0
ENSG00000132383,RPA1,-0.1265797735332939,0.0,0.0
ENSG00000132388,UBE2G1,-0.4571510035428236,-1.63421256220789,6.53685024883156
ENSG00000132424,PNISR,0.1400524612734407,0.0,0.0
ENSG00000132429,POPDC3,-0.032645083058973,-4.28579307733058,8.933567985674339
ENSG00000132432,SEC61G,0.129442898379549,-1.775328004934335,0.0
ENSG00000132434,LANCL2,-0.1064224147642543,-0.47016507366865,0.0
ENSG00000132437,DDC,0.1957465995294699,-8.251850139173996,34.595040276418
ENSG00000132463,GRSF1,-0.2606281338671302,-1.8738918024752516,0.0
ENSG00000132466,ANKRD17,0.3144526980051497,-1.1945057876319967,2.2742562501465895
ENSG00000132467,UTP3,-0.0450858113334247,-2.7455111502069434,0.0
ENSG00000132471,WBP2,0.1662621941683071,-3.5080659212468706,0.0
ENSG00000132485,ZRANB2,-0.1902388724569258,0.0,0.0
ENSG00000132507,EIF5A,0.2040822320078598,-3.281177984314725,0.0
ENSG00000132535,DLG4,-0.4997135868001065,0.0,0.0
ENSG00000132561,MATN2,0.4303782507611571,-7.1862995110598735,16.7992331526193
ENSG00000132563,REEP2,-0.1195070789969268,-2.8571633802424516,2.05448239662012
ENSG00000132591,ERAL1,-0.0449682968283946,-1.6323743514578424,0.0
ENSG00000132604,TERF2,-0.4071475381022728,-1.9051927890219529,0.0
ENSG00000132612,VPS4A,-0.2264897958800638,-2.837746912685575,0.0
ENSG00000132639,SNAP25,0.2375039746376096,-2.0784406793163495,11.0381709962131
ENSG00000132640,BTBD3,-0.2842351493499185,0.0,0.0
ENSG00000132664,POLR3F,0.2074799562316222,0.0,0.0
ENSG00000132670,PTPRA,-0.0725534117060724,0.04072932335505003,0.0
ENSG00000132676,DAP3,0.3944736561001262,-1.3274924837580766,0.0
ENSG00000132718,SYT11,-0.0931704551356269,-1.1898070826208427,0.0
ENSG00000132740,IGHMBP2,-0.2011430363391269,0.0,0.0
ENSG00000132792,CTNNBL1,0.1141494678334529,0.0,0.0
ENSG00000132821,VSTM2L,-0.1796002740594268,0.16585158597726665,0.0
ENSG00000132823,OSER1,0.4283151049475865,-1.1717544887311742,0.0
ENSG00000132824,SERINC3,0.1203235824960133,-3.363504537143749,0.0
ENSG00000132842,AP3B1,-0.0416853340432469,0.0,0.0
ENSG00000132854,KANK4,-0.4091300407490359,-9.336470955239818,22.2071593937864
ENSG00000132872,SYT4,0.4112685090270134,0.7409762078867992,0.0
ENSG00000132879,FBXO44,0.3418506394428996,-2.2316331856629046,0.0
ENSG00000132912,DCTN4,-0.1036002212058063,-1.811403186581915,0.0
ENSG00000132932,ATP8A2,0.0982249238181431,-1.8234313231191543,9.74429386877351
ENSG00000132953,XPO4,0.0339680360962373,-0.0566802812258867,0.0
ENSG00000132963,POMP,-0.1318195662203655,-2.5933212431498953,0.0
ENSG00000132964,CDK8,-0.1628790928583524,-2.816809184694293,7.72043899621602
ENSG00000132970,WASF3,-0.4423754619581514,-1.6622404109389932,0.0
ENSG00000132975,GPR12,-0.228071414368552,0.4340085948894434,0.0
ENSG00000133026,MYH10,0.1680183492919074,-1.6149183085812442,3.5575434667293
ENSG00000133027,PEMT,-0.324338715261016,0.0,0.0
ENSG00000133030,MPRIP,0.3005080652237698,0.0,0.0
ENSG00000133048,CHI3L1,0.2334091973468937,0.0,0.0
ENSG00000133056,PIK3C2B,-0.3299163044139422,-1.72444915547625,3.8011363764737105
ENSG00000133059,DSTYK,0.0898733356917373,0.0,0.0
ENSG00000133065,SLC41A1,0.3176709587701168,0.0,0.0
ENSG00000133069,TMCC2,0.3027538153852366,-0.6595670198624025,2.63826807944961
ENSG00000133083,DCLK1,0.0705934969071664,-2.3214406940348677,11.4252809232765
ENSG00000133101,CCNA1,-0.0572910343089122,0.6700869623167907,0.0
ENSG00000133103,COG6,-0.2760678491123438,0.0,0.0
ENSG00000133104,SPART,0.0194698320143035,0.0,0.0
ENSG00000133112,TPT1,0.0889206336961936,-2.4496571221371486,0.0
ENSG00000133114,GPALPP1,-0.2336220651122025,0.5514596339506166,0.0
ENSG00000133134,BEX2,-0.0437602221761118,-2.530746735586562,0.0
ENSG00000133135,RNF128,0.0412304546886153,-0.7305789445100866,0.0
ENSG00000133142,TCEAL4,-0.0595981887572983,-3.4583962418605037,0.0
ENSG00000133169,BEX1,0.1484607493697,-2.817403684747453,0.0
ENSG00000133216,EPHB2,-0.3647632651777959,-4.9635705636146366,15.0841861678349
ENSG00000133226,SRRM1,0.0735109563847683,-1.8139808253141585,0.0
ENSG00000133243,BTBD2,-0.2211918409102514,-0.7157959964489342,0.0
ENSG00000133275,CSNK1G2,-0.0068336586942684,-0.06277331464453023,0.0
ENSG00000133313,CNDP2,-0.0753772374163924,0.0,0.0
ENSG00000133398,MED10,-0.1851767777440821,-2.3993434078668767,0.0
ENSG00000133401,PDZD2,0.0976123968900568,-2.6853100785564115,12.4088214338967
ENSG00000133424,LARGE1,0.0213616632078519,0.0,0.0
ENSG00000133460,SLC2A11,0.0375767465998196,0.0,0.0
ENSG00000133597,ADCK2,0.2899811484836334,0.0,0.0
ENSG00000133606,MKRN1,0.1531822753584081,0.0,0.0
ENSG00000133612,AGAP3,0.3602709894280118,0.0,0.0
ENSG00000133627,ACTR3B,0.0949322306542641,0.0,0.0
ENSG00000133657,ATP13A3,-0.2652641079805896,-0.23456117786684,0.0
ENSG00000133687,TMTC1,0.1472349498877745,-1.1306813113812058,4.41441406913035
ENSG00000133703,KRAS,-0.0675977804410122,0.0,0.0
ENSG00000133704,IPO8,-0.4053652635400737,1.1206981886387768,0.0
ENSG00000133731,IMPA1,-0.2061111193544025,-1.3148897312551118,0.0
ENSG00000133805,AMPD3,-0.5239585179033246,-3.5582123172926265,12.8859455057595
ENSG00000133812,SBF2,-0.0275146837463296,1.3114321764557917,0.0
ENSG00000133835,HSD17B4,0.3582204686395121,0.73462208085424,0.0
ENSG00000133858,ZFC3H1,0.3201708546398324,-0.4253029583827525,1.70121183353101
ENSG00000133872,SARAF,0.1254054920933653,0.0,0.0
ENSG00000133878,DUSP26,0.1951752686031157,-1.853564147575238,0.0
ENSG00000133884,DPF2,-0.098809947361263,0.0,0.0
ENSG00000133935,ERG28,0.0484576656885354,0.0,0.0
ENSG00000133961,NUMB,0.1475637021374351,-1.1330428509063826,10.4147636245239
ENSG00000133985,TTC9,-0.1033087483494675,0.5739338470912684,0.0
ENSG00000133997,MED6,0.0670628574468719,0.29759393007280166,0.0
ENSG00000134001,EIF2S1,0.1066488995860855,0.0,0.0
ENSG00000134014,ELP3,-0.2493247772099063,0.32512321252719334,0.0
ENSG00000134030,CTIF,-0.3211501391525196,-2.2690508496809216,6.43799866798413
ENSG00000134046,MBD2,-0.265980238420622,-0.7647240473563841,3.20923199928506
ENSG00000134049,IER3IP1,-0.3075578756516957,0.0,0.0
ENSG00000134107,BHLHE40,-0.5052920497086967,-1.6108502099909074,6.44340083996363
ENSG00000134108,ARL8B,0.1255408134195028,0.0,0.0
ENSG00000134115,CNTN6,-0.3117753937458264,-6.144651307589173,20.6742096202621
ENSG00000134121,CHL1,-0.0763664784236983,-2.4450643395534075,11.5033248527262
ENSG00000134152,KATNBL1,0.1552011356516901,0.0,0.0
ENSG00000134153,EMC7,-0.0588441971762882,-1.3123950066130083,0.0
ENSG00000134186,PRPF38B,0.1025502288623881,-2.1047127420085925,0.0
ENSG00000134202,GSTM3,0.3063752487671927,0.0,0.0
ENSG00000134215,VAV3,-0.2892721711041475,-6.894794130172995,24.6328343674945
ENSG00000134243,SORT1,-0.1724300925052356,0.44628046349872,0.0
ENSG00000134248,LAMTOR5,-0.1491541658612406,-3.5350448551383247,0.0
ENSG00000134262,AP4B1,-0.3102763935695694,-0.41993391616158,0.0
ENSG00000134265,NAPG,-0.1308354008250263,-2.288608398181157,0.0
ENSG00000134283,PPHLN1,-0.5332233893978808,-3.2539341255578984,9.2517281483181
ENSG00000134287,ARF3,0.099297432521315,-2.59056197776409,0.0
ENSG00000134291,TMEM106C,0.1753557806264995,1.3097704041156717,0.0
ENSG00000134294,SLC38A2,0.387914999757427,-3.66392484568644,0.0
ENSG00000134308,YWHAQ,0.2436415758045591,-1.1850013107304458,0.0
ENSG00000134313,KIDINS220,-0.0115808343549282,0.32308792380288837,0.0
ENSG00000134318,ROCK2,-0.0724521137718596,0.31295175370620265,3.13921162533021
ENSG00000134324,LPIN1,0.4375372564354141,0.0,0.0
ENSG00000134330,IAH1,0.5131491379833469,0.7892287510925633,0.0
ENSG00000134352,IL6ST,0.3844137418964675,0.0,0.0
ENSG00000134369,NAV1,-0.2889666150116422,-2.5480561295082556,9.044689826844658
ENSG00000134371,CDC73,-0.2341981087971225,0.2938247749785383,0.0
ENSG00000134375,TIMM17A,0.2604003303967794,-2.0141601144278316,0.0
ENSG00000134453,RBM17,0.4038328601793914,0.0,0.0
ENSG00000134480,CCNH,-0.2070368502443649,0.0,0.0
ENSG00000134504,KCTD1,0.1179239205961115,-1.9622913070306092,5.64329326716551
ENSG00000134533,RERG,-0.0334811380938575,-6.720254448521628,18.946334299619
ENSG00000134644,PUM1,-0.0635252092742308,0.34055439558992084,0.0
ENSG00000134684,YARS1,0.0387029766656144,0.0,0.0
ENSG00000134686,PHC2,-0.2170615289542643,-0.935803843416035,3.74321537366414
ENSG00000134709,HOOK1,0.2071840959547531,1.6451508203553533,0.0
ENSG00000134717,BTF3L4,0.1086439291543724,0.0,0.0
ENSG00000134748,PRPF38A,-0.211029097962864,0.0,0.0
ENSG00000134758,RNF138,-0.1418851399880885,-0.4629672164358675,0.0
ENSG00000134759,ELP2,-0.0047589420948555,0.38878293130240327,0.0
ENSG00000134769,DTNA,0.2407319647361797,0.9210155602109165,0.0
ENSG00000134779,TPGS2,-0.3008982927759527,-3.1453458810072874,1.73194992573175
ENSG00000134809,TIMM10,-0.1902297693080606,-2.376287894636855,0.0
ENSG00000134825,TMEM258,0.340970883476805,-1.4894765561968617,0.0
ENSG00000134851,TMEM165,-0.2841089845503947,-1.1575512092655076,4.63020483706203
ENSG00000134852,CLOCK,-0.2319749612611746,-1.5398679650698672,4.351879198289169
ENSG00000134874,DZIP1,0.0521097081860571,-1.1468548021454275,4.58741920858171
ENSG00000134884,ARGLU1,0.3162084366993175,-0.3067300089824475,0.0
ENSG00000134897,BIVM,-0.0238766805187222,-0.5191900035502274,2.0767600142009095
ENSG00000134900,TPP2,-0.1387322566203924,0.19895975938625166,0.0
ENSG00000134905,CARS2,0.245102660075831,-0.6138963387388792,0.0
ENSG00000134909,ARHGAP32,0.1366105100202149,-0.74469845556231,0.0
ENSG00000134970,TMED7,-0.2071165606605406,-1.67724349636458,0.0
ENSG00000134982,APC,-0.0810185093862048,0.0,0.0
ENSG00000134986,NREP,-0.3498585147020537,0.0,0.0
ENSG00000134987,WDR36,-0.4696793042990634,0.60314081444156,0.0
ENSG00000134996,OSTF1,-0.283551338255025,-6.12234781808652,9.286795804944049
ENSG00000135002,RFK,0.0260231090263865,-2.473577085031091,0.0
ENSG00000135018,UBQLN1,0.1850855732630353,0.0,0.0
ENSG00000135040,NAA35,-0.2315868739279601,0.0,0.0
ENSG00000135045,C9ORF40,-0.1701111614375732,-1.8008287396629994,0.0
ENSG00000135047,CTSL,-0.0593113349579004,-2.89731961453213,0.0
ENSG00000135049,AGTPBP1,-0.4595154785190904,-1.505985070775652,5.88147265894131
ENSG00000135052,GOLM1,0.2192823468172068,0.6459916898408067,0.0
ENSG00000135069,PSAT1,0.1222967190520284,0.0,0.0
ENSG00000135070,ISCA1,-0.1409442815127653,-1.90860647043582,0.0
ENSG00000135090,TAOK3,0.4685494937640058,-0.560488829522745,2.24195531809098
ENSG00000135108,FBXO21,0.3802477846677422,0.0,0.0
ENSG00000135119,RNFT2,0.2931887173412254,0.97446506929997,0.0
ENSG00000135144,DTX1,-0.0702439171252878,0.6369425272922532,0.0
ENSG00000135164,DMTF1,-0.0967888115874777,-0.87501638198736,2.22616216541512
ENSG00000135211,TMEM60,0.0748902742116376,-2.71284252393465,0.0
ENSG00000135241,PNPLA8,0.0092619189796448,0.0,0.0
ENSG00000135250,SRPK2,-0.0613804632601206,-1.2686200525484417,3.9537737623004894
ENSG00000135298,ADGRB3,-0.5180780806430797,0.0,0.0
ENSG00000135299,ANKRD6,0.2030905294623204,-0.6384059779672988,8.228842275962819
ENSG00000135333,EPHA7,-0.3488778867578693,-8.823390106047697,20.9247832577486
ENSG00000135334,AKIRIN2,0.6040749033028325,-1.5148741275244468,0.0
ENSG00000135336,ORC3,-0.3046173299191513,0.0,0.0
ENSG00000135341,MAP3K7,0.1988282645226342,0.0,0.0
ENSG00000135365,PHF21A,0.4137810751221454,-0.35119763339457244,0.0
ENSG00000135372,NAT10,-0.3003504457169823,-0.10315590164936173,2.2580298878012894
ENSG00000135387,CAPRIN1,0.3644689563654528,0.0,0.0
ENSG00000135404,CD63,-0.0711326309421662,-3.034895606739585,0.0
ENSG00000135414,GDF11,-0.1557074274290333,0.8043564383990217,0.0
ENSG00000135447,PPP1R1A,0.0273431873472118,-0.5238435457974591,0.0
ENSG00000135454,B4GALNT1,0.284893680151955,-2.2951988246623327,0.0
ENSG00000135457,TFCP2,-0.1912337280188244,-0.8484305094831217,5.12705415766216
ENSG00000135469,COQ10A,0.0314125202124079,-3.329838331527836,2.7344032725834695
ENSG00000135472,FAIM2,0.1022303064825739,-1.24747044611836,0.0
ENSG00000135486,HNRNPA1,0.1820285709608122,0.0,0.0
ENSG00000135503,ACVR1B,-0.1778924031842168,1.3398778238670115,0.0
ENSG00000135525,MAP7,-0.0629006280987225,-2.7589024717136823,6.70980243600548
ENSG00000135535,CD164,-0.0351054640566833,-1.9267582084799297,0.0
ENSG00000135541,AHI1,-0.0203746526193998,-2.281175184389304,6.70813733200739
ENSG00000135549,PKIB,0.1985525171680935,-3.571462390668401,9.83129312327699
ENSG00000135597,REPS1,-0.3104140847939247,-1.5884610531195533,3.7974065635791105
ENSG00000135617,PRADC1,0.0530693615727101,0.0,0.0
ENSG00000135624,CCT7,-0.0137878368560977,-3.283213751364113,0.0
ENSG00000135631,RAB11FIP5,-0.0062397700799772,0.0,0.0
ENSG00000135636,DYSF,0.0749481186920103,-4.08633346404145,15.5830698274147
ENSG00000135655,USP15,0.1574842844783104,0.0,0.0
ENSG00000135677,GNS,-0.1877699304843939,-0.1360594271954484,0.0
ENSG00000135679,MDM2,0.0203557386360144,0.0,0.0
ENSG00000135686,KLHL36,0.0682209076845722,-0.10866897704544776,0.0
ENSG00000135698,MPHOSPH6,-0.280230993546646,-0.20148773399436742,0.0
ENSG00000135709,KIAA0513,0.0087234559282876,-1.6544648354605824,6.61785934184233
ENSG00000135744,AGT,-0.0423393891911907,0.0,0.0
ENSG00000135778,NTPCR,0.0156991587511431,0.51333504438318,0.0
ENSG00000135821,GLUL,-0.3203975279734792,0.0,0.0
ENSG00000135823,STX6,-0.0434952603402163,-0.2548306021193225,0.0
ENSG00000135829,DHX9,-0.2601450957848921,0.0,0.0
ENSG00000135837,CEP350,0.1276599167807285,0.6461852918858982,0.0
ENSG00000135838,NPL,-0.4355526531191143,-5.662380303745685,15.5083769207273
ENSG00000135845,PIGC,0.0789953326144442,-1.9930244503544283,0.0
ENSG00000135862,LAMC1,-0.1286149725476296,-5.998827704017347,18.6728504041834
ENSG00000135870,RC3H1,0.051476950974891,-1.1733326808152507,3.17366751135268
ENSG00000135905,DOCK10,-0.008948024214013,-2.2752397203430497,8.406380849780819
ENSG00000135916,ITM2C,0.0939951777421034,-0.8481772972990518,0.0
ENSG00000135919,SERPINE2,0.2911458023309038,6.763393714156392,0.0
ENSG00000135924,DNAJB2,0.27913594403933,0.0,0.0
ENSG00000135926,TMBIM1,-0.347690421173685,0.0,0.0
ENSG00000135930,EIF4E2,0.0369393770321078,0.0,0.0
ENSG00000135932,CAB39,-0.1040814881155189,0.0,0.0
ENSG00000135940,COX5B,0.072389792050864,-3.1277197324467485,0.0
ENSG00000135956,TMEM127,-0.0518569121879482,-2.0478731285819225,0.0
ENSG00000135966,TGFBRAP1,0.0511945579762909,-0.8553966266924575,3.42158650676983
ENSG00000135968,GCC2,0.2035561970948846,-1.872670742597785,0.0
ENSG00000135972,MRPS9,-0.2704512661067361,0.6927182469079067,0.0
ENSG00000135974,C2ORF49,-0.2366420823687201,-2.235300074854951,0.0
ENSG00000136003,ISCU,0.0041284980876717,-2.0977717617039935,0.0
ENSG00000136021,SCYL2,-0.3772479520103606,-1.9446391749073015,3.8330333799670897
ENSG00000136026,CKAP4,-0.2340292591185857,-1.3534545569692544,0.0
ENSG00000136040,PLXNC1,1.2294639068927786,7.697105127385006,0.0
ENSG00000136045,PWP1,-0.2107241300477713,-2.0336985732658452,0.0
ENSG00000136068,FLNB,-0.1351573681598415,1.4773268368846855,2.93994849457951
ENSG00000136099,PCDH8,-0.2146656759938764,-6.90508211711917,14.2418624797277
ENSG00000136100,VPS36,-0.3455869211707758,0.18399543727709833,0.0
ENSG00000136111,TBC1D4,0.3843268312782082,-1.0795217092961924,4.31808683718477
ENSG00000136143,SUCLA2,0.0318665127822372,0.5173182112062633,0.0
ENSG00000136144,RCBTB1,-0.3853751747397115,-1.7692078979908876,4.5127003348006
ENSG00000136146,MED4,-0.4405160623143706,0.0,0.0
ENSG00000136156,ITM2B,0.1550679455022943,-2.0222088592415868,0.0
ENSG00000136159,NUDT15,-0.2140912271592282,-1.7346234529472833,0.0
ENSG00000136160,EDNRB,0.0150168447814447,0.8398608621776349,0.0
ENSG00000136193,SCRN1,-0.573843649916236,-4.999817075332491,11.5799109149399
ENSG00000136235,GPNMB,0.970446065379424,-0.4989439996602775,1.99577599864111
ENSG00000136237,RAPGEF5,0.0035134586034579,-2.370007771299095,9.075540696506819
ENSG00000136240,KDELR2,0.5019968862263886,-2.319271029341375,0.0
ENSG00000136261,BZW2,-0.2109694666251457,-0.15101786072056322,0.0
ENSG00000136271,DDX56,0.241617994415885,-1.628982386064755,0.0
ENSG00000136273,HUS1,-0.1514317546845417,0.0,0.0
ENSG00000136274,NACAD,-0.227050149433077,-3.9560956685270465,0.0
ENSG00000136280,CCM2,0.066176730619604,-0.16478196510808335,0.0
ENSG00000136295,TTYH3,-0.3844637542681978,-2.2794882460487185,11.1639915252927
ENSG00000136319,TTC5,-0.1065525326393206,1.0478758015407017,0.0
ENSG00000136367,ZFHX2,0.3276302852422107,-1.1092043647254501,2.21379038902737
ENSG00000136381,IREB2,-0.0154636485232892,0.0,0.0
ENSG00000136383,ALPK3,0.0946442312706558,-5.139874233317379,22.3787722122804
ENSG00000136436,CALCOCO2,0.1785877713417198,0.0,0.0
ENSG00000136444,RSAD1,0.3769952184486807,0.0,0.0
ENSG00000136448,NMT1,0.1351028448019344,-1.8074004913784159,0.0
ENSG00000136450,SRSF1,0.2524463172559973,-1.7880928835365024,0.0
ENSG00000136451,VEZF1,-0.0363294580926071,0.0837182175038695,0.0
ENSG00000136478,TEX2,-0.1660896319562967,0.257064845596345,0.0
ENSG00000136485,DCAF7,0.0087813994474062,-0.30033395841831734,0.0
ENSG00000136504,KAT7,0.0182565676605394,-2.000436590313038,0.0
ENSG00000136521,NDUFB5,-0.3773083923539714,0.0,0.0
ENSG00000136527,TRA2B,0.1374417269730223,0.0,0.0
ENSG00000136531,SCN2A,-0.0378588904730121,-1.7840267276860091,9.576677445214662
ENSG00000136541,ERMN,0.3475420257189035,0.0,0.0
ENSG00000136546,SCN7A,0.0905791107330082,0.40440954678940777,4.53528985326138
ENSG00000136560,TANK,-0.4044322920867626,-4.013124052811384,13.0884040738748
ENSG00000136631,VPS45,0.1384313127622441,-1.0578715406522363,1.96162171363788
ENSG00000136636,KCTD3,-0.1453861740760523,0.0,0.0
ENSG00000136643,RPS6KC1,-0.0092776835535937,0.41269616628083333,0.0
ENSG00000136709,WDR33,0.0624008791457428,0.13623398674456833,0.0
ENSG00000136717,BIN1,-0.1314291825558984,-2.825389212018771,8.7853478536624
ENSG00000136718,IMP4,-0.0118517498043465,-3.966896751909272,0.0
ENSG00000136720,HS6ST1,0.0639809061141684,0.0,0.0
ENSG00000136731,UGGT1,0.253126267547062,0.890116511025715,0.0
ENSG00000136738,STAM,-0.1462151065898194,-1.9733626898322023,0.0
ENSG00000136754,ABI1,0.0132682294074498,0.27825225020576,0.0
ENSG00000136758,YME1L1,-0.2451497952323997,0.0,0.0
ENSG00000136783,NIPSNAP3A,0.3486453764849724,-1.922059476124294,0.0
ENSG00000136802,LRRC8A,-0.1350834394865206,-1.7342674899740826,0.0
ENSG00000136807,CDK9,0.1571903373507949,0.6693821621499567,0.0
ENSG00000136810,TXN,0.0684584542758373,-1.7363458535186385,0.0
ENSG00000136816,TOR1B,-0.4335552945134844,0.57691742601186,0.0
ENSG00000136819,C9ORF78,0.3182821781571306,-1.2704203686915925,0.0
ENSG00000136824,SMC2,0.311951493619928,-1.7635910375622974,0.0
ENSG00000136827,TOR1A,-0.2305938861957567,0.0,0.0
ENSG00000136828,RALGPS1,-0.0843713578153,-0.8551159806535767,3.57179930904945
ENSG00000136848,DAB2IP,-0.2226926063326779,0.286531762539995,0.0
ENSG00000136854,STXBP1,0.0645042536478145,-2.0522613473154516,6.265980558169449
ENSG00000136856,SLC2A8,-0.1020886141269816,-5.627915736369473,7.86586438603898
ENSG00000136870,ZNF189,-0.1158604698357426,0.5373935407831749,0.0
ENSG00000136875,PRPF4,-0.1044799379637674,-2.04559575373506,0.0
ENSG00000136878,USP20,-0.3785401957399635,-0.5174164507542809,0.0
ENSG00000136888,ATP6V1G1,0.1530188541850873,-3.7334494103362643,0.0
ENSG00000136891,TEX10,0.1726759021950512,-0.8819247935801825,0.0
ENSG00000136895,GARNL3,-0.3856929585538445,-2.4697188377276045,8.5734352265115
ENSG00000136897,MRPL50,-0.0542670671569904,-1.4797412494372773,0.0
ENSG00000136928,GABBR2,0.0800844815943138,-2.2084091488210387,7.98124901090205
ENSG00000136930,PSMB7,0.0147263515430292,-1.7067135375687368,0.0
ENSG00000136933,RABEPK,-0.0151442090045115,-0.0917673849370785,0.0
ENSG00000136936,XPA,-0.5280073580880732,0.0,0.0
ENSG00000136937,NCBP1,0.0951913359717412,0.6431159767989366,0.0
ENSG00000136938,ANP32B,-0.0711250538524168,-2.289886923486275,0.0
ENSG00000136940,PDCL,0.0458507393770501,0.0,0.0
ENSG00000136942,RPL35,-0.061019128050828,-3.1360869367579065,0.0
ENSG00000136950,ARPC5L,0.0566137746411956,-3.318041544086593,0.0
ENSG00000136960,ENPP2,0.3630444572949483,0.458777108364405,0.0
ENSG00000136986,DERL1,-0.4647411337824166,0.0,0.0
ENSG00000137040,RANBP6,-0.2033678354882188,-3.0459956844575684,0.0
ENSG00000137055,PLAA,0.1644287362923609,-1.6574652664907084,5.41452043152626
ENSG00000137073,UBAP2,0.2541278960431023,-2.333158043953343,7.893981344122219
ENSG00000137074,APTX,0.0826541804317582,-0.709533227654715,2.71721725270765
ENSG00000137075,RNF38,-0.1317552581447134,0.4354969762761233,0.0
ENSG00000137100,DCTN3,-0.0125476216263981,-3.807852087958165,0.0
ENSG00000137103,TMEM8B,-0.2796432236382687,0.0,0.0
ENSG00000137106,GRHPR,0.3613635026343066,-2.728878578896575,0.0
ENSG00000137166,FOXP4,0.199103403055831,-1.9812923751899847,0.0
ENSG00000137168,PPIL1,-0.1228659715415447,0.0,0.0
ENSG00000137171,KLC4,-0.2427645682742778,-0.05735195791776926,0.0
ENSG00000137177,KIF13A,0.0390841635713696,-4.204570305354307,13.9589672778892
ENSG00000137193,PIM1,0.31592944359742,-1.8089276135495675,0.0
ENSG00000137198,GMPR,0.281116466523552,0.0,0.0
ENSG00000137200,CMTR1,-0.4593196073927197,0.42583549339131,0.0
ENSG00000137210,TMEM14B,0.1422208016997642,0.0,0.0
ENSG00000137216,TMEM63B,0.0828923288865472,-0.695247022174305,0.0
ENSG00000137218,FRS3,0.0504899639725805,0.0,0.0
ENSG00000137261,KIAA0319,-0.4199619415372003,-3.8001474084910076,13.9444628343068
ENSG00000137266,SLC22A23,0.125198102791892,-1.9109371789606058,6.13295583280256
ENSG00000137267,TUBB2A,0.0189489557322109,-3.0655281031086616,0.0
ENSG00000137285,TUBB2B,-0.2654381252883778,-4.546308010898299,0.0
ENSG00000137288,UQCC2,-0.1183188546275602,-1.3528375969233808,0.0
ENSG00000137309,HMGA1,0.2351868329739613,-1.79641783259708,0.0
ENSG00000137364,TPMT,-0.0383116072385976,-0.45429867378989,1.81719469515956
ENSG00000137393,RNF144B,-0.1353813981578132,-13.315093442059556,37.4855184075209
ENSG00000137409,MTCH1,0.3068248020874191,-2.433857045216982,0.0
ENSG00000137414,FAM8A1,-0.0461860958543767,-1.8303271736411697,0.0
ENSG00000137449,CPEB2,-0.135708478046647,-1.1638033286801175,4.65521331472047
ENSG00000137478,FCHSD2,-0.3568299613358134,-3.244393849935394,11.2703813191028
ENSG00000137486,ARRB1,-0.2860434651797955,-3.238966415445197,10.5415707690825
ENSG00000137500,CCDC90B,0.2139731107211637,1.4940525070844348,0.0
ENSG00000137501,SYTL2,-0.1670311431842805,-3.8320280516237837,12.996671165976
ENSG00000137502,RAB30,-0.3214448108284134,0.0,0.0
ENSG00000137504,CREBZF,0.1290336258078868,-2.03499382757534,3.00247585364797
ENSG00000137509,PRCP,0.0063168170235334,-3.4336178991815625,10.8317259196509
ENSG00000137513,NARS2,0.1500739122124797,0.17335315475786164,0.0
ENSG00000137547,MRPL15,-0.0983656554376197,-2.71186512615635,0.0
ENSG00000137563,GGH,-0.1214264938157471,-1.05588059041988,0.0
ENSG00000137575,SDCBP,0.1631138588107541,-1.73957135755907,0.0
ENSG00000137601,NEK1,0.4218396513901655,-0.585163664749419,4.368221067683289
ENSG00000137642,SORL1,0.4654623678710824,0.0,0.0
ENSG00000137692,DCUN1D5,-0.2104781766763953,0.0,0.0
ENSG00000137710,RDX,0.0269437414391513,0.0,0.0
ENSG00000137714,FDX1,-0.7269030682036834,0.23696368948089833,0.0
ENSG00000137726,FXYD6,0.4160602102871834,2.3131091753937945,0.0
ENSG00000137766,UNC13C,-0.5006170465261579,-4.360518644057988,15.451672598248
ENSG00000137776,SLTM,0.0952651825453195,0.0,0.0
ENSG00000137806,NDUFAF1,-0.1310030056315026,0.0,0.0
ENSG00000137815,RTF1,-0.4452325643368263,-2.306430042820816,0.0
ENSG00000137817,PARP6,-0.3685581334767259,0.0,0.0
ENSG00000137821,LRRC49,-0.0599514336033324,-0.5669958220085106,0.0
ENSG00000137822,TUBGCP4,0.0663759164090971,0.0,0.0
ENSG00000137824,RMDN3,-0.009507518021502,0.0,0.0
ENSG00000137845,ADAM10,0.0880675717839114,0.44970317747138,0.0
ENSG00000137871,ZNF280D,-0.086962572793096,0.0,0.0
ENSG00000137872,SEMA6D,-0.276545654919005,-1.828600151044819,13.1249263016628
ENSG00000137876,RSL24D1,-0.0722373014598594,-2.5953952223965353,0.0
ENSG00000137941,TTLL7,-0.0030570627295664,-2.1861175545130402,7.990510521344941
ENSG00000137942,FNBP1L,0.0500692952063474,-1.6718371418677531,11.400345341094
ENSG00000137947,GTF2B,-0.0100671436710575,-0.9182310237343994,4.6669437322625
ENSG00000137955,RABGGTB,-0.1804999997225961,-0.8318527199264383,4.35838855298638
ENSG00000137968,SLC44A5,-0.0704017419384659,-2.8288227920414006,13.3256510598657
ENSG00000137992,DBT,0.3612207490191221,0.0,0.0
ENSG00000137996,RTCA,0.1033483451661851,0.22214862087031165,0.0
ENSG00000138029,HADHB,-0.1503836435634264,0.0,0.0
ENSG00000138031,ADCY3,-0.5004318330279965,-3.0958858190262,12.3835432761048
ENSG00000138032,PPM1B,-0.0158469176801196,0.3403591424615417,0.0
ENSG00000138035,PNPT1,-0.1400078391516701,0.0,0.0
ENSG00000138036,DYNC2LI1,-0.205612809857669,0.0,0.0
ENSG00000138069,RAB1A,0.2782110088911114,0.3428117772579417,0.0
ENSG00000138071,ACTR2,-0.0329850106688327,0.0,0.0
ENSG00000138073,PREB,-0.2323256108312124,-1.727320863170422,0.0
ENSG00000138074,SLC5A6,-0.1318870899375678,0.0,0.0
ENSG00000138078,PREPL,0.0203323164941164,-3.460440066660337,3.7047158735511694
ENSG00000138085,ATRAID,0.1105500499437991,-1.7763931644808675,0.0
ENSG00000138095,LRPPRC,-0.0930343714287132,-1.854267145425901,0.0
ENSG00000138101,DTNB,-0.1599938483834382,-0.04389435664030594,2.91384837755011
ENSG00000138107,ACTR1A,-0.1483663845525268,-2.6495685611634867,0.0
ENSG00000138138,ATAD1,-0.2401485608606266,0.0,0.0
ENSG00000138162,TACC2,0.0540524129246298,-0.868227868104715,0.0
ENSG00000138175,ARL3,-0.3020603493509776,-1.3766651997521697,0.0
ENSG00000138190,EXOC6,-0.356113165029951,0.7949829890676661,0.0
ENSG00000138279,ANXA7,-0.2066862572392943,-0.15294145614026497,0.0
ENSG00000138303,ASCC1,0.3515483522026314,0.0,0.0
ENSG00000138311,ZNF365,-0.0678003279067594,0.49047285847190164,0.0
ENSG00000138326,RPS24,-0.1036522590923096,-2.2245958460063133,0.0
ENSG00000138363,ATIC,0.2014989110298462,-1.8414567898584076,0.0
ENSG00000138381,ASNSD1,-0.1675324385917605,-2.342765643189385,0.0
ENSG00000138385,SSB,0.1359222406025002,-3.0804105051996222,0.0
ENSG00000138386,NAB1,-0.0103218317505778,-4.70825197177782,14.6687145374129
ENSG00000138398,PPIG,0.3173277917247135,0.0,0.0
ENSG00000138399,FASTKD1,0.22613918943243,-3.7650065694436243,7.659667119583949
ENSG00000138411,HECW2,0.190986412130632,-2.1982756580928218,11.9285457515842
ENSG00000138413,IDH1,-0.0853088753069535,-2.3654299452198098,8.63125159399028
ENSG00000138430,OLA1,-0.0676840341636528,0.0,0.0
ENSG00000138433,CIR1,0.2914878215808535,-2.013341477134985,0.0
ENSG00000138439,FAM117B,0.1347781871292163,-0.31575605607186924,0.0
ENSG00000138442,WDR12,0.0208263836619492,0.0,0.0
ENSG00000138443,ABI2,0.2395087508677421,0.15155717024793894,0.0
ENSG00000138448,ITGAV,0.0421171456848004,-2.276926390762097,9.107705563048388
ENSG00000138449,SLC40A1,-0.1683545772940439,-9.106428926279847,20.5190671368441
ENSG00000138459,SLC35A5,2.076374090646605e-06,0.0,0.0
ENSG00000138468,SENP7,-0.0275755456611723,0.0,0.0
ENSG00000138592,USP8,-0.4057877447637065,0.0184594973982895,0.0
ENSG00000138593,SECISBP2L,-0.1893683945296057,0.0,0.0
ENSG00000138604,GLCE,-0.0008487393407188,1.433413633168027,0.0
ENSG00000138613,APH1B,0.2794846881587774,2.2272737025276514,0.0
ENSG00000138622,HCN4,-0.4223494008063644,0.7216434931158799,0.0
ENSG00000138639,ARHGAP24,-0.1316445188939988,-3.8139254224741346,15.3180886189297
ENSG00000138642,HERC6,-0.19416278650537,0.0,0.0
ENSG00000138650,PCDH10,-0.286371312435427,-3.3525875880000666,7.62420693674824
ENSG00000138663,COPS4,0.14090485551285,-0.9432811164477117,0.0
ENSG00000138668,HNRNPD,-0.0083378086813032,0.0,0.0
ENSG00000138674,SEC31A,-0.2409977775833257,0.6515183492098383,0.0
ENSG00000138686,BBS7,-0.2876509694368874,-0.24156753877360432,0.0
ENSG00000138698,RAP1GDS1,0.0183587413609367,-2.760360278177017,9.97896178472568
ENSG00000138709,LARP1B,0.1623605955112707,-1.104444882925128,6.58222137532388
ENSG00000138744,NAAA,0.4962563850344965,0.46505619229608497,0.0
ENSG00000138757,G3BP2,-0.0859785706862354,-1.190322137277923,0.0
ENSG00000138760,SCARB2,-0.114311112673979,0.0,0.0
ENSG00000138764,CCNG2,0.1053366292350388,0.55917382399119,0.0
ENSG00000138768,USO1,-0.1647415848534978,0.0,0.0
ENSG00000138777,PPA2,-0.0826814602148964,0.354187413157121,4.59700075134123
ENSG00000138785,INTS12,-0.0589218786927639,-4.813609297609869,17.568487810637
ENSG00000138796,HADH,0.2477774958542759,0.0,0.0
ENSG00000138801,PAPSS1,-0.2825693934342033,0.21372700002346834,0.0
ENSG00000138802,SEC24B,-0.0412326450268492,-0.9318681126547232,3.2064480243178295
ENSG00000138814,PPP3CA,0.2374323830378605,-0.19670060237109,4.08930312033501
ENSG00000138835,RGS3,0.2058732310757915,-0.47333238397078325,0.0
ENSG00000138942,RNF185,0.2006163684169344,0.8264349373204989,0.0
ENSG00000139112,GABARAPL1,-0.0998486792253511,-2.133097574833427,0.0
ENSG00000139116,KIF21A,-0.0552154277604767,-3.774033864100692,6.89858847802436
ENSG00000139132,FGD4,-0.1036111849390105,0.0,0.0
ENSG00000139163,ETNK1,-0.0423107982925466,0.0,0.0
ENSG00000139168,ZCRB1,0.2316866259073873,0.0,0.0
ENSG00000139174,PRICKLE1,0.3047597075412949,0.39215272760592934,5.64966962190138
ENSG00000139180,NDUFA9,-0.0441674863243753,-2.6062797718743,0.0
ENSG00000139182,CLSTN3,-0.3663480963364693,-2.761535712675387,4.24650671793355
ENSG00000139190,VAMP1,0.4883436753043005,0.0,0.0
ENSG00000139197,PEX5,-0.1047403299099741,0.6563613641596283,0.0
ENSG00000139211,AMIGO2,-0.0504206081452369,-3.7183392508039,0.0
ENSG00000139218,SCAF11,0.4788221252430857,0.0,0.0
ENSG00000139220,PPFIA2,-0.4118266386346519,-2.4817203676922106,10.13232596728
ENSG00000139291,TMEM19,0.1340523554852265,0.0,0.0
ENSG00000139324,TMTC3,-0.2151563817892173,-0.704774034759985,2.81909613903994
ENSG00000139343,SNRPF,-0.1434573083567576,0.0,0.0
ENSG00000139364,TMEM132B,0.0338505266183761,-2.0856889580536366,13.5587560561714
ENSG00000139405,RITA1,-0.3175653442409954,0.0,0.0
ENSG00000139436,GIT2,-0.2133606548103131,0.0,0.0
ENSG00000139438,FAM222A,0.0583219851848804,-2.5204717899868725,6.95639620355715
ENSG00000139514,SLC7A1,-0.3283707917920775,0.0,0.0
ENSG00000139531,SUOX,-0.0560916094113998,-2.061633635270195,0.0
ENSG00000139624,CERS5,0.1910948653669753,0.0,0.0
ENSG00000139641,ESYT1,0.3474731770819714,-2.1935956307002473,0.0
ENSG00000139644,TMBIM6,0.1557645825754931,-2.648504158879375,0.0
ENSG00000139645,ANKRD52,0.2062609080070564,0.0,0.0
ENSG00000139684,ESD,0.1034495164649563,-1.2199349289623176,0.0
ENSG00000139687,RB1,-0.0529963915909789,0.5134119122640449,0.0
ENSG00000139697,SBNO1,0.1022147874008118,0.0,0.0
ENSG00000139718,SETD1B,0.4462971637769746,0.011017529067743165,0.0
ENSG00000139719,VPS33A,-0.0475047951550021,-1.6866312660939824,0.0
ENSG00000139726,DENR,-0.4534435039670232,-5.498645391447719,10.8939068239578
ENSG00000139737,SLAIN1,-0.1617330095944757,-1.3244978755173522,6.2773633059656495
ENSG00000139746,RBM26,0.1953034720437845,0.08885461334357314,0.0
ENSG00000139767,SRRM4,0.1913574275390663,0.1665006912517007,0.0
ENSG00000139793,MBNL2,-0.0362215664196055,0.0,0.0
ENSG00000139842,CUL4A,0.382814133816404,-0.526787956677656,5.41097074837491
ENSG00000139874,SSTR1,-0.9346415553753676,-6.7926255021864,12.9592033244406
ENSG00000139910,NOVA1,0.4845937440875389,-0.539133413121795,0.0
ENSG00000139921,TMX1,0.2525168652662846,0.0,0.0
ENSG00000139970,RTN1,0.3026056123932701,-0.8598089577443542,6.9367350070573295
ENSG00000139977,NAA30,0.227051098458011,0.0,0.0
ENSG00000139990,DCAF5,-0.3100806480536638,-2.073874625166865,4.67188667600654
ENSG00000139998,RAB15,-0.0596057812908575,0.04712787792983586,0.0
ENSG00000140044,JDP2,0.0700775911632666,-3.8984325005022322,10.8234812925828
ENSG00000140259,MFAP1,-0.0683777529349447,-3.4826919436528785,0.0
ENSG00000140262,TCF12,0.077307014675005,1.1335008912917353,0.0
ENSG00000140280,LYSMD2,-0.3605820492581206,-1.8478092258035952,0.0
ENSG00000140299,BNIP2,-0.1672817261882772,0.34429839364579823,0.0
ENSG00000140307,GTF2A2,-0.1596834028979002,-1.4065225761146922,0.0
ENSG00000140319,SRP14,0.0049078000270568,-3.3463482480259525,0.0
ENSG00000140320,BAHD1,0.1287940313776469,-1.0271062098314858,7.22710653953907
ENSG00000140332,TLE3,0.1847969738054601,2.5582445381105,0.0
ENSG00000140350,ANP32A,0.1747646511086996,0.0,0.0
ENSG00000140365,COMMD4,-0.3049251136272422,0.0,0.0
ENSG00000140367,UBE2Q2,-0.1171909130838489,-2.879785256288444,10.2473518466446
ENSG00000140374,ETFA,-0.1405301551742796,0.0,0.0
ENSG00000140382,HMG20A,-0.4311757474863655,0.26075147739853,0.0
ENSG00000140391,TSPAN3,0.0439321118492415,1.3882171734197482,0.0
ENSG00000140396,NCOA2,-0.0011494767818314,-0.09183835992236711,3.1050814194937306
ENSG00000140403,DNAJA4,0.4280081401677435,-1.75402813172185,0.0
ENSG00000140416,TPM1,-0.6207246679021452,0.0,0.0
ENSG00000140443,IGF1R,0.5084492248303575,-0.944731027415036,4.34345294375579
ENSG00000140463,BBS4,-0.4338690514198909,0.4878958933761981,0.0
ENSG00000140474,ULK3,0.043654747529165,0.0,0.0
ENSG00000140526,ABHD2,-0.5142133618655252,-4.303542630347604,15.9682485213976
ENSG00000140538,NTRK3,0.3562879332182921,-2.250282032649126,7.93293210751204
ENSG00000140553,UNC45A,-0.3297276134320095,-7.605607798209123,18.691469185680095
ENSG00000140564,FURIN,0.0276387712530495,0.0,0.0
ENSG00000140575,IQGAP1,-0.2138059654967924,-0.6397018500938998,4.13080729482703
ENSG00000140577,CRTC3,-0.0320579045912562,-1.7933813307541755,3.8801881287983697
ENSG00000140600,SH3GL3,-0.6886622705013062,-4.049687891336498,13.5264765892975
ENSG00000140612,SEC11A,0.0273373575182098,0.35879823450346665,0.0
ENSG00000140691,ARMC5,0.2613011097955156,-2.0907223159861075,0.0
ENSG00000140694,PARN,-0.0219791081271664,0.0,0.0
ENSG00000140718,FTO,-0.2533325053553714,0.4565580587438283,0.0
ENSG00000140740,UQCRC2,-0.1522493875905884,0.0,0.0
ENSG00000140836,ZFHX3,0.3238424647062788,-3.2084427306067758,15.3479952434024
ENSG00000140854,KATNB1,0.2590278685025444,0.0,0.0
ENSG00000140937,CDH11,-0.5944073328066501,-3.7404444674602826,17.882103645438
ENSG00000140939,NOL3,-0.0875264894100505,-1.7394402377858225,0.0
ENSG00000140941,MAP1LC3B,-0.1533977779369089,-2.679180485458755,0.0
ENSG00000140943,MBTPS1,-0.2403822237596812,0.0,0.0
ENSG00000140983,RHOT2,0.0906328857745383,-0.6834521492483325,0.0
ENSG00000140990,NDUFB10,-0.0316155469766696,-4.498956677164605,0.0
ENSG00000140992,PDPK1,0.2121484060535687,0.0,0.0
ENSG00000140995,DEF8,0.102381593213696,-2.233066285851036,2.43867720654229
ENSG00000141002,TCF25,0.1285666894143352,-1.2053574359477,0.0
ENSG00000141026,MED9,-0.243597141095295,0.30368798577084827,0.0
ENSG00000141027,NCOR1,0.5114287011066304,0.0,0.0
ENSG00000141030,COPS3,0.0920885645691409,-2.91115528592055,0.0
ENSG00000141098,GFOD2,0.4577192316355001,0.7934497759350032,0.0
ENSG00000141127,PRPSAP2,0.005567739121915,-0.3744054182245184,0.0
ENSG00000141232,TOB1,-0.2599496659460157,-2.951541480905088,3.5849805200903
ENSG00000141252,VPS53,-0.103218100561288,-2.3022219544649043,4.5158785658782
ENSG00000141258,SGSM2,-0.361582709717069,1.1227749465527217,0.0
ENSG00000141279,NPEPPS,-0.0442056410571121,-2.306468790405229,7.92115302738538
ENSG00000141298,SSH2,-0.1336090320196148,-0.8701330532890483,5.70097405082125
ENSG00000141338,ABCA8,0.1445336160753765,0.0,0.0
ENSG00000141349,G6PC3,0.1210079777319441,-3.0265413735032483,0.0
ENSG00000141367,CLTC,0.0846523243961492,-1.1060312285861382,6.05907497149804
ENSG00000141378,PTRH2,0.0270147148390239,-2.059544151384217,0.0
ENSG00000141384,TAF4B,0.1976348578153585,-0.6007871891257066,2.3515862723454495
ENSG00000141385,AFG3L2,-0.1197330137793519,-1.1656736821762541,0.0
ENSG00000141404,GNAL,0.0618996297060921,0.5783270091158267,0.0
ENSG00000141424,SLC39A6,-0.0091091041839665,-0.48241159283243285,0.0
ENSG00000141425,RPRD1A,-0.0763995844141832,0.42809167042608837,0.0
ENSG00000141429,GALNT1,0.1532688641285664,-1.3666011296392926,0.0
ENSG00000141431,ASXL3,-0.2967437315344737,-4.968471408934332,11.6522045337225
ENSG00000141447,OSBPL1A,0.1494922148065569,-0.6484555447462104,0.0
ENSG00000141456,PELP1,0.0529859010562055,-1.5674557447275883,0.0
ENSG00000141458,NPC1,0.2653241124995956,0.0,0.0
ENSG00000141469,SLC14A1,-0.1793627031965667,0.0,0.0
ENSG00000141503,MINK1,-0.082861250404603,0.0,0.0
ENSG00000141522,ARHGDIA,0.1164228209305468,-3.2617200729406166,0.0
ENSG00000141542,RAB40B,0.0194813762679313,0.0,0.0
ENSG00000141543,EIF4A3,0.1369325584459888,-2.221652586315725,0.0
ENSG00000141551,CSNK1D,-0.3148099954093636,-1.9199403661200476,0.0
ENSG00000141556,TBCD,0.2039638649775461,0.0,0.0
ENSG00000141560,FN3KRP,-0.0061834047366763,0.0,0.0
ENSG00000141562,NARF,-0.0293858922301541,0.0,0.0
ENSG00000141568,FOXK2,-0.3751187286279815,0.11079611836640597,0.0
ENSG00000141576,RNF157,-0.2094763916883997,-1.6506282613921717,5.69714038306412
ENSG00000141580,WDR45B,-0.1619497377139532,0.18857683595945,0.0
ENSG00000141582,CBX4,-0.3609100062292982,-2.1411009706582775,0.0
ENSG00000141644,MBD1,-0.0853589479726842,0.0,0.0
ENSG00000141664,ZCCHC2,0.1679374775365733,0.6407841021758474,0.0
ENSG00000141668,CBLN2,-0.1034091012301906,-1.734111460467691,0.0
ENSG00000141741,MIEN1,-0.0515151540740168,-3.670113164653013,0.0
ENSG00000141759,TXNL4A,-0.2059072260071641,-2.187583963686885,0.0
ENSG00000141837,CACNA1A,0.4814977993139482,-2.7598202991252827,9.9975772021282
ENSG00000141867,BRD4,0.273677821130955,-2.3106563860373215,7.13840587170989
ENSG00000141905,NFIC,0.4606394194702808,0.0,0.0
ENSG00000141959,PFKL,-0.3010940906004481,0.5571384279982433,0.0
ENSG00000141985,SH3GL1,-0.2203045440833088,0.20607161910266325,0.0
ENSG00000142046,TMEM91,0.536271556470246,0.5911818893886784,0.0
ENSG00000142082,SIRT3,-0.1048037787833335,-1.333240347480106,0.0
ENSG00000142089,IFITM3,-0.2765000928947129,0.0,0.0
ENSG00000142166,IFNAR1,0.0962875008419356,-1.7651681857193775,0.0
ENSG00000142168,SOD1,0.1593528762230623,-2.6092912353276194,0.0
ENSG00000142186,SCYL1,-0.2081516936783783,-2.6301913485503,0.0
ENSG00000142188,TMEM50B,-0.0277038740194596,0.0,0.0
ENSG00000142192,APP,0.1847771733467537,-1.1880079318504397,2.40425448320998
ENSG00000142207,URB1,0.3846551290809125,0.28265913536108334,0.0
ENSG00000142230,SAE1,-0.130153557719807,0.0,0.0
ENSG00000142235,LMTK3,-0.0764422752740483,-3.3520031226317766,7.27281126526201
ENSG00000142252,GEMIN7,0.0141402838781305,0.0,0.0
ENSG00000142319,SLC6A3,-0.2927063565805863,-9.262742248610644,32.3684627633819
ENSG00000142408,CACNG8,0.0359012175842944,0.5056777727135433,0.0
ENSG00000142453,CARM1,-0.0903890366817063,0.44700443295578,0.0
ENSG00000142507,PSMB6,0.1521280181436539,-4.39506788934662,0.0
ENSG00000142534,RPS11,0.1351783670498985,-2.270213969479042,0.0
ENSG00000142546,NOSIP,0.0662849504470104,-2.525945308115725,0.0
ENSG00000142599,RERE,0.1564348187915691,0.47114286559703605,0.0
ENSG00000142623,PADI1,-0.2023179897823948,-3.4389608080237917,3.44142000980568
ENSG00000142634,EFHD2,-0.2255062816295858,0.0,0.0
ENSG00000142655,PEX14,-0.1663479183119775,-0.43499661355674424,0.0
ENSG00000142669,SH3BGRL3,0.0703186542757936,-4.283733674836502,0.0
ENSG00000142676,RPL11,0.0534878696613775,-2.9321919452494933,0.0
ENSG00000142687,KIAA0319L,0.0546829781541765,0.0,0.0
ENSG00000142784,WDTC1,0.0082413754049963,0.0,0.0
ENSG00000142864,SERBP1,0.0864846355147923,-1.9006346388751727,0.0
ENSG00000142875,PRKACB,-0.0400857198132515,0.28395795381558664,0.0
ENSG00000142892,PIGK,0.0736995182006353,0.0,0.0
ENSG00000142949,PTPRF,-0.5487671303230682,-2.3005870994050026,7.2684759368143395
ENSG00000143013,LMO4,0.7706525186681271,1.9860836137768247,0.0
ENSG00000143033,MTF2,0.2136151733760096,-1.4756921783949082,6.0307955542322
ENSG00000143061,IGSF3,0.0978251428467916,0.38796747454363995,0.0
ENSG00000143079,CTTNBP2NL,0.1810413621634618,-2.4641048806640065,8.3654356733652
ENSG00000143093,STRIP1,0.0616716832847252,0.0,0.0
ENSG00000143106,PSMA5,-0.0414760742288352,-1.6149838280834323,0.0
ENSG00000143126,CELSR2,-0.0464387900637245,-1.667315482481075,0.0
ENSG00000143147,GPR161,-0.0894843763441874,-11.097080621358966,27.2040045147337
ENSG00000143153,ATP1B1,-0.319626803478534,-3.94972722694478,7.73121003693489
ENSG00000143155,TIPRL,0.016010529727409,-2.36478099230217,0.0
ENSG00000143157,POGK,0.1800807594011533,0.0,0.0
ENSG00000143158,MPC2,-0.1649420983484969,-2.0777887290795283,0.0
ENSG00000143162,CREG1,0.2670396359108394,0.0,0.0
ENSG00000143164,DCAF6,-0.1026173533105633,-2.558833716363613,7.662712587878141
ENSG00000143179,UCK2,-0.063586702148506,-0.51521912784629,2.06087651138516
ENSG00000143183,TMCO1,0.118444632209655,-1.6256460971121849,0.0
ENSG00000143190,POU2F1,-0.0180449654438793,0.29039708844365836,0.0
ENSG00000143198,MGST3,0.1774804216872798,-1.8100948498274876,0.0
ENSG00000143222,UFC1,0.2179349852457033,-2.967810171268345,0.0
ENSG00000143224,PPOX,-0.4048362012995982,0.19251242364322166,0.0
ENSG00000143248,RGS5,-0.1731809290180436,0.0,0.0
ENSG00000143256,PFDN2,-0.1188539581107086,-1.9050438931061118,0.0
ENSG00000143294,PRCC,0.067854181132229,-1.5570404181725528,0.0
ENSG00000143314,MRPL24,-0.0730840779181105,-2.507595554472335,0.0
ENSG00000143315,PIGM,0.0612862349111988,0.0,0.0
ENSG00000143321,HDGF,0.6066045657493762,0.0,0.0
ENSG00000143322,ABL2,0.0657231685128927,-0.5044600952414333,2.19954912639234
ENSG00000143324,XPR1,-0.1761449481044705,1.4440097634524716,0.0
ENSG00000143333,RGS16,-0.2548634762745739,-12.381716664655261,18.2897208357206
ENSG00000143337,TOR1AIP1,-0.2247572232666478,0.0,0.0
ENSG00000143344,RGL1,0.0462927023873495,0.0,0.0
ENSG00000143353,LYPLAL1,-0.3152697461831343,0.0,0.0
ENSG00000143376,SNX27,-0.0501417276262718,0.0,0.0
ENSG00000143384,MCL1,0.1805604637162561,0.0,0.0
ENSG00000143393,PI4KB,-0.2285854981785943,0.0,0.0
ENSG00000143401,ANP32E,-0.3005221286751461,-1.872018355121217,0.0
ENSG00000143420,ENSA,0.2728811159682829,0.0,0.0
ENSG00000143437,ARNT,0.2189954794814055,0.0,0.0
ENSG00000143442,POGZ,0.123433084585203,0.7495982299333933,0.0
ENSG00000143457,GOLPH3L,0.13860063054993,-0.9599707773102992,0.0
ENSG00000143493,INTS7,-0.0173965023045668,-3.5530674539903324,11.1311933950174
ENSG00000143502,SUSD4,-0.0243856719783265,0.0,0.0
ENSG00000143515,ATP8B2,0.1715154774530546,0.0,0.0
ENSG00000143543,JTB,0.3353666967027658,-2.000363287546838,0.0
ENSG00000143549,TPM3,0.1602043142663462,0.0,0.0
ENSG00000143553,SNAPIN,0.4015174082332641,0.0,0.0
ENSG00000143569,UBAP2L,0.1360997678855469,0.0,0.0
ENSG00000143575,HAX1,0.4287802528722477,-3.1357293262328,0.0
ENSG00000143603,KCNN3,-0.4885969486708019,-6.833474506508636,20.9984585883135
ENSG00000143612,C1ORF43,0.0209194704511004,0.0,0.0
ENSG00000143621,ILF2,-0.1423860910024874,-2.132213173420303,0.0
ENSG00000143630,HCN3,0.0101991957138738,0.0,0.0
ENSG00000143641,GALNT2,-0.3492839630746775,-2.109756303117506,7.20473680849258
ENSG00000143653,SCCPDH,0.2507773778160038,0.6697241681459399,0.0
ENSG00000143669,LYST,0.4396148448668539,-0.6307457495193065,2.14107087379238
ENSG00000143702,CEP170,-0.0453817404027669,-0.5976328129318375,0.0
ENSG00000143727,ACP1,0.326769048029005,-1.621031602870655,0.0
ENSG00000143740,SNAP47,-0.4373843874337848,0.0,0.0
ENSG00000143751,SDE2,-0.495388794092123,-1.6498276078017868,0.0
ENSG00000143753,DEGS1,-0.1212393127108422,-2.546526076498675,0.0
ENSG00000143756,FBXO28,0.0656639845478374,-1.05161576586818,0.0
ENSG00000143761,ARF1,-0.2317591449807332,-2.0268746879577653,0.0
ENSG00000143771,CNIH4,0.0647859241439917,0.0,0.0
ENSG00000143772,ITPKB,0.0006076278481313,0.0,0.0
ENSG00000143774,GUK1,-0.0718994143709171,-3.524373464233112,0.0
ENSG00000143776,CDC42BPA,0.3560461384787319,0.0,0.0
ENSG00000143786,CNIH3,-0.2615820833834766,-5.7672969040963675,15.1438898219942
ENSG00000143793,C1ORF35,0.0915758826902258,-2.358029788715325,0.0
ENSG00000143797,MBOAT2,-0.0094362905384036,-2.5085112701482544,6.71631616814327
ENSG00000143799,PARP1,-0.1298974673375774,-2.6224808019181802,0.0
ENSG00000143811,PYCR2,-0.246226235057501,-1.7132693769917204,0.0
ENSG00000143847,PPFIA4,0.8241694594587151,0.9804841432914665,0.0
ENSG00000143850,PLEKHA6,-0.3673093685453254,-1.5420416504459276,6.16816660178371
ENSG00000143862,ARL8A,0.1191720809896512,-3.7929398884458427,0.0
ENSG00000143878,RHOB,0.0822823027093173,0.0,0.0
ENSG00000143889,HNRNPLL,-0.1284108167161438,0.0,0.0
ENSG00000143919,CAMKMT,-0.2245714575336162,-3.821275245808282,10.6724896542382
ENSG00000143924,EML4,0.3764703205129976,-0.6986470126022566,5.79167844130599
ENSG00000143933,CALM2,0.0828092768143276,-1.809988536326178,0.0
ENSG00000143970,ASXL2,0.4009392163495289,0.26277753023242834,0.0
ENSG00000144021,CIAO1,0.0045070607387476,-1.2814028271137388,0.0
ENSG00000144028,SNRNP200,0.2823552576426712,0.0,0.0
ENSG00000144029,MRPS5,0.3394103870107006,0.59575602693672,0.0
ENSG00000144036,EXOC6B,-0.4252926635531679,-1.392786093987214,4.074670314569169
ENSG00000144040,SFXN5,-0.2700861109678475,-2.908632322496935,8.9849693848793
ENSG00000144136,SLC20A1,-0.1569298788789595,0.0,0.0
ENSG00000144161,ZC3H8,-0.0440512249367635,-1.0933445308702525,3.6862369987661494
ENSG00000144218,AFF3,-0.5883610786375266,-1.2487819038272363,8.091444859853953
ENSG00000144224,UBXN4,-0.0585996933994227,0.6849392556965984,0.0
ENSG00000144228,SPOPL,0.1592425893262264,2.417767978074144,0.0
ENSG00000144283,PKP4,-0.0452989374735267,-2.0034892570454392,6.15999281312869
ENSG00000144306,SCRN3,-0.1316755957339837,-1.601284461909986,0.0
ENSG00000144339,TMEFF2,0.4962103576220541,-1.650924306343291,8.008742993287859
ENSG00000144357,UBR3,-0.0350632408039748,-0.7762679238843908,0.0
ENSG00000144369,FAM171B,0.047137658242141,0.0,0.0
ENSG00000144401,METTL21A,-0.1362649543939993,0.3499595094949718,0.0
ENSG00000144406,UNC80,-0.1902632047688411,-2.028792119427011,11.4061112437293
ENSG00000144445,KANSL1L,0.1978773384989113,-2.8058323867390005,10.0125701651935
ENSG00000144451,SPAG16,-0.2243237954828943,-3.7580965138819753,10.9372489557899
ENSG00000144524,COPS7B,-0.0209175400875714,0.0,0.0
ENSG00000144566,RAB5A,-0.4006898866081936,0.0,0.0
ENSG00000144580,CNOT9,-0.082597486549341,0.0,0.0
ENSG00000144597,EAF1,-0.0341497810665276,-2.26325099703369,0.0
ENSG00000144619,CNTN4,-0.627145046649201,-3.1436760383582754,12.4733454787059
ENSG00000144635,DYNC1LI1,-0.0676210883743332,-2.356361176507532,0.0
ENSG00000144642,RBMS3,-0.2622028209770012,-2.847350930767061,10.9810294532554
ENSG00000144645,OSBPL10,-0.0793607965003516,-3.0453593655993885,16.0718885963774
ENSG00000144647,POMGNT2,0.1262281434173395,-1.3681611601202919,0.0
ENSG00000144659,SLC25A38,-0.0510523313114288,0.6358977937505667,0.0
ENSG00000144674,GOLGA4,-0.1279329364055665,0.26848176197171497,0.0
ENSG00000144677,CTDSPL,0.2403748421071544,-3.062755169994329,11.39908699098
ENSG00000144711,IQSEC1,-0.1746741760556014,0.06959840265745616,0.0
ENSG00000144724,PTPRG,0.4509089689538292,-1.2060906522892823,6.15523672033283
ENSG00000144741,SLC25A26,-0.3776270637429627,-0.26092941803637393,2.17164738413528
ENSG00000144744,UBA3,0.1437889415075632,0.0,0.0
ENSG00000144746,ARL6IP5,0.132162579477763,-2.994835757244045,0.0
ENSG00000144747,TMF1,-0.2589752063300697,0.0,0.0
ENSG00000144815,NXPE3,-0.0007832805413656,-1.2452303469169324,4.980921387667729
ENSG00000144827,ABHD10,-0.1017691356732443,0.0,0.0
ENSG00000144834,TAGLN3,-0.0960334714655317,-2.3933387484569737,0.0
ENSG00000144840,RABL3,-0.1336787481139029,0.5370429260586017,0.0
ENSG00000144848,ATG3,0.1194892724067752,-1.87508438389228,0.0
ENSG00000144867,SRPRB,-0.0426653292601974,-1.9374571114183177,0.0
ENSG00000144868,TMEM108,-0.2068750339385837,-3.5413842958344066,11.2317300217263
ENSG00000144891,AGTR1,-0.4393452253664909,-14.579391716297003,45.769692017898
ENSG00000144895,EIF2A,-0.2231488357924879,0.0,0.0
ENSG00000144935,TRPC1,0.0906043689889897,0.2911383492845024,0.0
ENSG00000144959,NCEH1,-0.2941456221142249,-0.2866494969459575,0.0
ENSG00000145012,LPP,0.3835429935002254,0.043312611115450705,0.0
ENSG00000145022,TCTA,0.0605477603172756,-1.8915512323983872,0.0
ENSG00000145050,MANF,0.5501630036073192,-1.01269039561239,0.0
ENSG00000145087,STXBP5L,-0.1574618336642607,-0.39355750580162585,5.7089363910604
ENSG00000145147,SLIT2,0.2477252669808783,-2.6853930806941717,16.3362303043556
ENSG00000145191,EIF2B5,0.2106699266796876,-1.0037180220572415,0.0
ENSG00000145242,EPHA5,0.1455641770568071,-1.595931610575064,15.0166310541628
ENSG00000145246,ATP10D,0.0865911891809849,-3.7906507803601692,16.0555804708981
ENSG00000145248,SLC10A4,0.05459599230616,-8.353555452166823,17.5297079497766
ENSG00000145284,SCD5,-0.1810269404768535,-2.00416332363577,9.6577949326733
ENSG00000145293,ENOPH1,-0.1806303556316076,0.0,0.0
ENSG00000145332,KLHL8,0.0039044274971445,0.0,0.0
ENSG00000145335,SNCA,-0.0376704044681987,-6.367773778053457,20.878629920490695
ENSG00000145348,TBCK,0.2790738865668402,-0.40433593918634836,2.19520564914414
ENSG00000145349,CAMK2D,-0.3521829938037903,-3.5351518218886167,9.151156405562928
ENSG00000145362,ANK2,0.0314786689228925,-1.6260755383979986,5.37247814852663
ENSG00000145388,METTL14,-0.3069899668277973,0.0,0.0
ENSG00000145390,USP53,-0.4031030616874707,-9.089748059676078,18.7785651445554
ENSG00000145391,SETD7,-0.290548955403642,1.8062894694512135,0.0
ENSG00000145428,RNF175,0.2170999907135985,0.29402152121171,0.0
ENSG00000145439,CBR4,-0.0349994839942005,-0.3253295889607869,3.50482805092201
ENSG00000145476,CYP4V2,-0.0485083507597979,0.6885309019993382,0.0
ENSG00000145494,NDUFS6,0.2081471867406268,-2.1866373751087034,0.0
ENSG00000145545,SRD5A1,-0.0838921011192092,0.0,0.0
ENSG00000145555,MYO10,-0.0423158983682654,4.144570791069857,0.0
ENSG00000145592,RPL37,-0.0156871232639348,0.5746556198961733,0.0
ENSG00000145675,PIK3R1,0.0736427787017598,-0.2802359543105392,0.0
ENSG00000145687,SSBP2,-0.2470920493941224,0.0,0.0
ENSG00000145725,PPIP5K2,-0.2648745463184151,-2.1496079306102795,5.33399325230102
ENSG00000145730,PAM,0.7494634695675808,0.3021938119950711,3.1649025435045695
ENSG00000145734,BDP1,0.1362580093054015,0.0,0.0
ENSG00000145740,SLC30A5,0.2572250385610869,-0.298053997174315,0.0
ENSG00000145741,BTF3,0.0695420581790864,-3.2509591372746915,0.0
ENSG00000145781,COMMD10,0.042194563379635,0.0,0.0
ENSG00000145782,ATG12,0.3893390683413398,0.0,0.0
ENSG00000145817,YIPF5,0.1919647724748333,-1.8026715203237567,0.0
ENSG00000145819,ARHGAP26,0.2298127430950958,-0.3013230895244332,3.1082025579380694
ENSG00000145824,CXCL14,0.1444925847750478,1.8724226920323852,0.0
ENSG00000145833,DDX46,0.7359411935926143,0.226767440722515,0.0
ENSG00000145860,RNF145,0.1361357978475533,-0.6558919468940625,0.0
ENSG00000145864,GABRB2,-0.012254374044644,-0.4727404563137475,0.0
ENSG00000145868,FBXO38,-0.3213607490838903,-0.60076352384592,0.0
ENSG00000145882,PCYOX1L,-0.311952521120689,-2.192901355227345,0.0
ENSG00000145901,TNIP1,-0.416311857390196,0.0,0.0
ENSG00000145907,G3BP1,0.1807934037133339,0.0,0.0
ENSG00000145916,RMND5B,-0.1461565309332986,-0.9594181437052225,2.61324819814187
ENSG00000145919,BOD1,-0.1240801317006619,-1.8108108254762052,0.0
ENSG00000145920,CPLX2,-0.0969181681438287,-3.865432719718069,7.461924455838629
ENSG00000145934,TENM2,0.2860885088641915,0.4856839194489908,1.91761811685551
ENSG00000145979,TBC1D7,-0.4286515790261778,0.6161712082803317,0.0
ENSG00000145990,GFOD1,0.5509694922581331,-1.2654040074160915,6.0453513082226
ENSG00000146005,PSD2,0.111772498539175,0.49992754010505824,0.0
ENSG00000146006,LRRTM2,0.0735245410586191,-0.24212637644068957,0.0
ENSG00000146007,ZMAT2,-0.4405565204465532,-1.5553098206117901,0.0
ENSG00000146021,KLHL3,0.1595126097640171,-4.072633100849672,10.0030931773022
ENSG00000146067,FAM193B,0.1519736791702366,-2.1203156619702597,4.99096133432907
ENSG00000146072,TNFRSF21,-0.4163459900681279,-4.399734389823339,9.14365787891327
ENSG00000146083,RNF44,0.1220410538083532,0.0,0.0
ENSG00000146085,MMUT,-0.0715006083524454,0.0,0.0
ENSG00000146151,HMGCLL1,0.2710514756862696,1.1760854320238368,0.0
ENSG00000146223,RPL7L1,0.4725710453174095,0.0,0.0
ENSG00000146242,TPBG,-0.4824088108707932,-13.219628222411764,30.0059313622704
ENSG00000146247,PHIP,0.2348099914856231,0.38679271980129165,0.0
ENSG00000146267,FAXC,-0.0714873864036172,0.0,0.0
ENSG00000146281,PM20D2,-0.0867455873862136,-0.8255525164515543,0.0
ENSG00000146416,AIG1,0.1729625479993645,0.12796428816964045,0.0
ENSG00000146425,DYNLT1,0.2204275303004797,-2.1209425060546625,0.0
ENSG00000146433,TMEM181,-0.2908020617832673,0.0,0.0
ENSG00000146457,WTAP,0.1158245492473236,0.0,0.0
ENSG00000146463,ZMYM4,0.1428236519643654,0.3278455630544499,0.0
ENSG00000146476,ARMT1,-0.2779536373518908,0.0,0.0
ENSG00000146535,GNA12,0.0558399279211979,-2.449053342501484,4.6585791885004
ENSG00000146540,C7ORF50,0.0452105349396987,0.0,0.0
ENSG00000146587,RBAK,-0.246269100368354,0.4617095108547517,0.0
ENSG00000146676,PURB,0.1420204804972413,0.0,0.0
ENSG00000146701,MDH2,0.1625099149767603,-3.0328367858927967,0.0
ENSG00000146731,CCT6A,0.2183304731769058,-3.1515867066488914,0.0
ENSG00000146842,TMEM209,0.2279598633799308,1.5069230420730182,0.0
ENSG00000146938,NLGN4X,-0.0620550622341102,-0.11910903002067075,0.0
ENSG00000146966,DENND2A,-0.6178459396140698,-8.19933904270704,26.9787759014429
ENSG00000147010,SH3KBP1,0.0814050856759288,-1.7704925927553097,5.51839225979489
ENSG00000147027,TMEM47,0.465674822886161,4.6841552643834765,0.0
ENSG00000147044,CASK,0.3104758666158764,0.9703492085571749,0.0
ENSG00000147099,HDAC8,-0.1423657401075516,-0.23028976495538367,0.0
ENSG00000147123,NDUFB11,0.3197406049017994,-3.976152072090718,0.0
ENSG00000147130,ZMYM3,0.0237499598154051,0.0,0.0
ENSG00000147133,TAF1,0.1998786137720141,0.6259589466186845,0.0
ENSG00000147155,EBP,0.0828365455940147,-2.10030991618303,0.0
ENSG00000147162,OGT,-0.0159370022047883,0.3589784625176949,0.0
ENSG00000147164,SNX12,0.009745194894532,0.0,0.0
ENSG00000147224,PRPS1,-0.1411480482226018,-3.4556751452139354,0.0
ENSG00000147251,DOCK11,0.0623758942367107,-2.1180944322868003,15.432571453632
ENSG00000147274,RBMX,-0.19209604333184,0.6164248252662883,0.0
ENSG00000147324,MFHAS1,0.3593623858341611,-1.4109974718312523,1.70491081304711
ENSG00000147400,CETN2,-0.0386209908378884,-1.5883548741424034,0.0
ENSG00000147408,CSGALNACT1,-0.5376064143188781,-11.653828734012674,29.3751747181742
ENSG00000147416,ATP6V1B2,0.1164457132789805,-2.204028024876966,1.94845434516999
ENSG00000147419,CCDC25,0.1017196467115938,-1.562840542488901,0.0
ENSG00000147421,HMBOX1,-0.0078843996959907,0.3032624839135101,1.70076990478498
ENSG00000147432,CHRNB3,0.2378397294155523,-8.234899584089098,27.0949209825056
ENSG00000147454,SLC25A37,0.1479369699869528,0.0,0.0
ENSG00000147457,CHMP7,0.2884342465311788,0.52231446465647,0.0
ENSG00000147475,ERLIN2,0.0916224399501219,0.0,0.0
ENSG00000147481,SNTG1,0.6257843072572083,-3.1247988469575443,11.4660906751232
ENSG00000147526,TACC1,0.1916877715581149,-0.68527872368889,2.74111489475556
ENSG00000147533,GOLGA7,0.2114563510976904,0.0,0.0
ENSG00000147588,PMP2,0.0447040501768378,0.0,0.0
ENSG00000147642,SYBU,0.0628888774594021,-0.7858076077233658,4.32931641158525
ENSG00000147649,MTDH,-0.0043932695271855,0.0,0.0
ENSG00000147650,LRP12,-0.095898395491345,1.8025833108509517,0.0
ENSG00000147654,EBAG9,0.3933718357730943,0.507941623452425,0.0
ENSG00000147669,POLR2K,0.0627371122449779,-2.170288289175562,0.0
ENSG00000147677,EIF3H,0.362530716511133,0.0,0.0
ENSG00000147684,NDUFB9,0.026043942880699,-3.5723045217546034,0.0
ENSG00000147853,AK3,-0.2261501640347046,0.0,0.0
ENSG00000147854,UHRF2,0.536309228681966,0.48861847372339334,0.0
ENSG00000147862,NFIB,0.3576241205925074,0.0,0.0
ENSG00000147894,C9ORF72,-0.2621723865302097,0.39556776909757835,0.0
ENSG00000147955,SIGMAR1,-0.082805574117695,-2.812080744346975,0.0
ENSG00000148019,CEP78,0.165353381361012,0.0,0.0
ENSG00000148053,NTRK2,-0.0676473528017781,-1.6093973538388409,7.78122002690204
ENSG00000148090,AUH,0.1764700300800591,0.7590179501227899,0.0
ENSG00000148143,ZNF462,0.3643430652505682,0.23203600964630322,0.0
ENSG00000148153,INIP,0.3506311425067865,0.0,0.0
ENSG00000148154,UGCG,-0.1525144196429319,0.38019758002881,0.0
ENSG00000148158,SNX30,-0.4211210136022372,-4.070493990611266,12.0926839592676
ENSG00000148175,STOM,-0.0542588918789583,-1.2204123830966842,4.85023802600572
ENSG00000148180,GSN,-0.1377944783895888,-0.8941107481598025,6.89048698575823
ENSG00000148218,ALAD,0.2136976856231537,0.0,0.0
ENSG00000148219,ASTN2,-0.6210091563990139,-2.72092440881039,8.41268881165246
ENSG00000148229,POLE3,-0.1509829391255674,0.8191575839191216,0.0
ENSG00000148248,SURF4,0.4217094060091553,-3.4779527858069925,0.0
ENSG00000148290,SURF1,0.2565232916203889,-2.1244304356331676,0.0
ENSG00000148296,SURF6,0.1825458481002715,-3.5914640102043602,0.0
ENSG00000148300,REXO4,0.3981845809738489,-2.2777544763068533,0.0
ENSG00000148308,GTF3C5,0.0971456383050613,0.29204988451858327,0.0
ENSG00000148334,PTGES2,0.0101286605801652,-1.4369251661412537,0.0
ENSG00000148335,NTMT1,0.1038958384988137,-2.599875749455755,0.0
ENSG00000148337,CIZ1,0.1724547116303476,0.0,0.0
ENSG00000148341,SH3GLB2,0.1184188837144139,-2.075566712366305,0.0
ENSG00000148358,GPR107,-0.1005351507936258,0.007660727302619602,0.0
ENSG00000148384,INPP5E,0.1810213473581135,0.0,0.0
ENSG00000148396,SEC16A,-0.1954874825468632,0.21494728068477,0.0
ENSG00000148408,CACNA1B,-0.0977786883847703,-1.8931815172642983,10.2461371135553
ENSG00000148411,NACC2,-0.263611016948279,0.0,0.0
ENSG00000148444,COMMD3,-0.0689744706912047,-1.746360678258475,0.0
ENSG00000148450,MSRB2,-0.0213821435528592,-2.4774688078534832,0.0
ENSG00000148468,FAM171A1,0.2600355445223826,0.17381455160934833,0.0
ENSG00000148484,RSU1,0.0753752198370354,-2.3444269604570644,7.34735392485352
ENSG00000148498,PARD3,0.0558728993900901,-1.953669182711001,10.3662174479682
ENSG00000148516,ZEB1,0.0301354032924154,-2.6324725206397352,11.2834022567395
ENSG00000148541,FAM13C,0.0644139984424563,-3.5988015658508608,12.2113743268529
ENSG00000148572,NRBF2,-0.2073306635440458,-3.3375484981449,0.0
ENSG00000148606,POLR3A,0.0652438196835955,-1.6669070355356,0.0
ENSG00000148634,HERC4,0.0947251585084098,-1.7901927135370068,4.49559661247341
ENSG00000148660,CAMK2G,-0.0133501169219833,-1.237984922724824,5.89821159175626
ENSG00000148672,GLUD1,-0.3541251073074515,0.0,0.0
ENSG00000148688,RPP30,-0.3196205754134718,0.0,0.0
ENSG00000148690,FRA10AC1,0.0373873795604029,0.0,0.0
ENSG00000148700,ADD3,0.2237825822726493,0.32358069921498334,0.0
ENSG00000148719,DNAJB12,0.3607073800676083,0.0,0.0
ENSG00000148730,EIF4EBP2,-0.2501650811073217,0.0,0.0
ENSG00000148798,INA,0.1467618178792789,-2.2745053654318266,0.0
ENSG00000148834,GSTO1,0.0560787648515494,-1.7574577972856615,0.0
ENSG00000148840,PPRC1,-0.0884544391512439,-0.9917795456956675,2.13935876461764
ENSG00000148842,CNNM2,-0.0160442655324018,-0.6933981636470092,3.51523583040187
ENSG00000148843,PDCD11,0.2588258153911146,-2.617441708272325,0.0
ENSG00000148925,BTBD10,-0.212079700296753,0.0,0.0
ENSG00000148926,ADM,-0.0511665350390148,-5.58040561325452,0.0
ENSG00000148943,LIN7C,-0.2931506377266088,0.0,0.0
ENSG00000148948,LRRC4C,-0.0459674388098734,-2.825349287720181,8.78945991470672
ENSG00000149084,HSD17B12,-0.2958774361607499,-2.6326833329984884,10.1984896811679
ENSG00000149100,EIF3M,0.1745904689085825,-1.1459819891278498,0.0
ENSG00000149136,SSRP1,-0.2897137984175773,-2.4741488396560647,0.0
ENSG00000149182,ARFGAP2,-0.3700156279886603,-3.007052918539225,0.0
ENSG00000149187,CELF1,0.2561415086889176,-1.5426177320736107,6.92871750899974
ENSG00000149212,SESN3,-0.1801247404956219,1.2918634339995179,0.0
ENSG00000149218,ENDOD1,-0.0083114343585474,-2.097613021738338,0.0
ENSG00000149231,CCDC82,-0.0663913792527925,0.0,0.0
ENSG00000149256,TENM4,-0.0042582080211587,-3.859307540450883,8.27379293369387
ENSG00000149269,PAK1,-0.3303721436321556,0.5536293747602705,0.0
ENSG00000149273,RPS3,0.2025925414713952,-1.3215453486528455,0.0
ENSG00000149294,NCAM1,0.0450654105901634,-1.1608596309187416,7.234539350225139
ENSG00000149295,DRD2,-0.2636940218220887,-8.63512898091371,31.8657751707667
ENSG00000149308,NPAT,-0.1848911126366421,0.5788721620994667,0.0
ENSG00000149311,ATM,0.0448708524058689,0.0,0.0
ENSG00000149313,AASDHPPT,0.1187461614370818,-2.4458960714853015,0.0
ENSG00000149357,LAMTOR1,-0.6101962620948768,-3.5421881968391618,0.0
ENSG00000149428,HYOU1,-0.3792786917992657,-1.9952026744159783,0.0
ENSG00000149485,FADS1,0.22196026172044,1.5003916879403534,0.0
ENSG00000149532,CPSF7,-0.5743387478850304,0.0,0.0
ENSG00000149541,B3GAT3,0.1661981955685865,-2.69982450327335,0.0
ENSG00000149547,EI24,0.1595180910811937,-2.0090306837012437,0.0
ENSG00000149557,FEZ1,0.3394688897424592,-1.52581998490645,0.0
ENSG00000149571,KIRREL3,0.0717368198162371,-1.4744658373482031,10.4496044543544
ENSG00000149575,SCN2B,-0.1100017861395718,-2.37934764553274,0.0
ENSG00000149577,SIDT2,0.1486368634680569,0.0,0.0
ENSG00000149600,COMMD7,0.0675981523379604,0.0,0.0
ENSG00000149657,LSM14B,-0.0754246508987387,-2.096942871381993,0.0
ENSG00000149658,YTHDF1,-0.0675869985359139,-2.273136966930847,0.0
ENSG00000149743,TRPT1,-0.6585319126556364,0.0,0.0
ENSG00000149792,MRPL49,-0.2622575921409382,0.0,0.0
ENSG00000149970,CNKSR2,-0.3097696436573282,-1.4143335068484806,10.8698388260311
ENSG00000150316,CWC15,0.0459859024546313,-3.038977605496485,0.0
ENSG00000150347,ARID5B,-0.1096702462467868,1.2956046262620815,0.0
ENSG00000150361,KLHL1,-0.0356994664476905,-1.7656833926253666,10.7448561574176
ENSG00000150394,CDH8,-0.5088829431405963,-4.218070091850402,14.5141588436059
ENSG00000150401,DCUN1D2,-0.1022354532326804,0.5070717838620249,0.0
ENSG00000150403,TMCO3,0.1731344927225163,1.00835371854554,0.0
ENSG00000150459,SAP18,-0.0645133853164842,-3.2690345068179365,0.0
ENSG00000150471,ADGRL3,0.0743371871201296,0.0,0.0
ENSG00000150510,FAM124A,0.2101457965027562,-1.7023463906758183,11.0268509313838
ENSG00000150540,HNMT,-0.2953947377823261,-3.882007438025499,12.2854801915115
ENSG00000150593,PDCD4,0.3978705804478287,2.5938532851007996,0.0
ENSG00000150625,GPM6A,0.3347144036569605,-1.9090866785320504,10.7770647115352
ENSG00000150627,WDR17,-0.3617010028557241,-3.291286655487575,9.46898509382203
ENSG00000150656,CNDP1,0.3979973267423572,0.0,0.0
ENSG00000150712,MTMR12,-0.2421801645992056,0.0,0.0
ENSG00000150753,CCT5,0.2620671534789739,-3.6497595415525597,0.0
ENSG00000150768,DLAT,-0.0366075942057575,0.0,0.0
ENSG00000150787,PTS,-0.0777494392154833,-2.1936621837016324,3.6331968459262094
ENSG00000150867,PIP4K2A,0.1473163912961865,0.44060698071178334,0.0
ENSG00000150938,CRIM1,-0.2089738768231261,0.548574628892079,0.0
ENSG00000150967,ABCB9,-0.5376182821970514,-1.268570249690935,5.07428099876374
ENSG00000150991,UBC,0.2562080821624586,-2.519590396869158,0.0
ENSG00000150995,ITPR1,-0.545623804629744,-11.1690131123312,26.3040253748743
ENSG00000151012,SLC7A11,0.2098255260026141,0.0,0.0
ENSG00000151025,GPR158,0.0296683262546143,-0.7415993449634191,3.01049782705589
ENSG00000151090,THRB,0.0640691425745705,0.026162346773678458,0.0
ENSG00000151092,NGLY1,0.3190478685979525,-2.0281075075457884,3.11839951372074
ENSG00000151116,UEVLD,-0.378492597548797,0.26198892379711425,0.0
ENSG00000151135,TMEM263,0.2090757006925721,0.0,0.0
ENSG00000151148,UBE3B,-0.2162184202208491,0.27185073360643336,0.0
ENSG00000151150,ANK3,-0.0112297351091286,-1.8552899433522057,8.71232642753405
ENSG00000151176,PLBD2,-0.3974435452978909,-0.9047094722917876,3.61883788916715
ENSG00000151229,SLC2A13,-0.3710123526796329,-2.9436848931712163,13.2294519363583
ENSG00000151240,DIP2C,-0.0323237700455344,-0.24495074602917366,2.51311511974972
ENSG00000151247,EIF4E,-0.3112203142942247,0.2595112841549883,0.0
ENSG00000151276,MAGI1,0.1506017955876031,-1.522373521332763,6.4089102301192495
ENSG00000151292,CSNK1G3,-0.0498708485912549,0.0,0.0
ENSG00000151320,AKAP6,0.0042293738259945,-1.351160199949329,6.04420680434544
ENSG00000151327,FAM177A1,-0.2178892666890957,-0.6854745456343105,0.0
ENSG00000151332,MBIP,-0.1969169158450011,0.0,0.0
ENSG00000151348,EXT2,-0.0660833859594419,-1.3561814494138913,3.0655235877177
ENSG00000151353,TMEM18,0.0413564803214774,-1.5726392944718366,0.0
ENSG00000151366,NDUFC2,0.3483268024241425,-2.658777705313402,0.0
ENSG00000151376,ME3,0.0237626548059026,-0.07096390432708255,0.0
ENSG00000151414,NEK7,-0.249669424197581,-1.4378720571936523,5.751488228774609
ENSG00000151445,VIPAS39,0.6356090029943665,0.0,0.0
ENSG00000151458,ANKRD50,-0.3831892643590472,-8.587020913565045,22.9051629217226
ENSG00000151461,UPF2,0.3359739750637518,0.0,0.0
ENSG00000151474,FRMD4A,0.1406361638742304,-1.8187105693077958,6.212927883024769
ENSG00000151490,PTPRO,0.0983064326865757,-2.7077444139569757,13.0911551088734
ENSG00000151491,EPS8,-0.0854294758655587,-10.404704057821291,23.8527813154188
ENSG00000151498,ACAD8,0.3304427960235426,0.0,0.0
ENSG00000151500,THYN1,0.3617249743782393,0.5857548208730966,0.0
ENSG00000151502,VPS26B,-0.271468950089727,-1.070304171457369,0.0
ENSG00000151552,QDPR,0.0544824943964007,-6.313804784635314,12.0783210501402
ENSG00000151612,ZNF827,-0.0068398628925415,-2.0915182504621175,5.57015274534954
ENSG00000151640,DPYSL4,-0.0543627719546184,-1.7659742550244524,0.0
ENSG00000151689,INPP1,0.2028028642357911,-0.7095217781640311,0.0
ENSG00000151690,MFSD6,-0.2306068519182336,-5.21117133137898,12.93167625626
ENSG00000151692,RNF144A,0.2317449587823312,0.1740178980811974,0.0
ENSG00000151693,ASAP2,-0.2080488503115217,-1.377301033665375,6.59777445477864
ENSG00000151726,ACSL1,0.4702256184318487,0.0,0.0
ENSG00000151729,SLC25A4,-0.1295005660027073,-3.2395089128374783,0.0
ENSG00000151746,BICD1,0.0930738526169699,-2.4751799658062996,8.083856562345732
ENSG00000151748,SAV1,0.08232107319187,0.0,0.0
ENSG00000151778,SERP2,0.0960802144582243,-1.8074674263172872,0.0
ENSG00000151779,NBAS,0.4056797431829176,0.0,0.0
ENSG00000151789,ZNF385D,-0.0008477664543532,-2.3735827901778785,14.5523141285149
ENSG00000151806,GUF1,-0.3125016329398665,0.0,0.0
ENSG00000151835,SACS,0.0413676301222611,-1.60618183214928,6.42472732859712
ENSG00000151849,CENPJ,0.2589867924200537,-0.41092669000507787,4.524411137975649
ENSG00000151883,PARP8,-0.244190275912225,-1.4983517737007008,8.343871143079289
ENSG00000151892,GFRA1,0.0930145498641993,0.645120044601466,22.6167355334872
ENSG00000151893,CACUL1,0.0030524555390466,0.14572591744145158,3.59865805623197
ENSG00000151914,DST,-0.4012544414064554,0.0,0.0
ENSG00000151917,BEND6,0.2876815916054914,-0.386224749474575,0.0
ENSG00000151923,TIAL1,0.0364731576431718,0.0,0.0
ENSG00000151929,BAG3,0.614776105383425,0.43776526116986836,0.0
ENSG00000152061,RABGAP1L,-0.3110621449691235,-0.18027227127750844,5.56333359740056
ENSG00000152092,ASTN1,-0.2867873068129059,1.4536278462966896,0.0
ENSG00000152102,FAM168B,0.0464755188043346,0.0,0.0
ENSG00000152127,MGAT5,-0.1477264475956687,0.0,0.0
ENSG00000152133,GPATCH11,-0.1915491430408954,-2.33285954274315,0.0
ENSG00000152137,HSPB8,0.1158237417268868,-1.6160170973339785,0.0
ENSG00000152154,TMEM178A,0.0231965999103639,-2.7242282286171666,12.2593197024188
ENSG00000152223,EPG5,-0.0921041727165129,-3.7894015199126065,14.4180164886279
ENSG00000152291,TGOLN2,0.2875494348735795,-1.853007672105678,0.0
ENSG00000152332,UHMK1,-0.1861559517576898,-1.8386200433096425,0.0
ENSG00000152377,SPOCK1,0.2176722393735197,2.3732758914789613,0.0
ENSG00000152404,CWF19L2,0.4800889896052798,0.0,0.0
ENSG00000152409,JMY,-0.180746030973051,0.0,0.0
ENSG00000152413,HOMER1,0.0253865487433255,0.1000336063305299,0.0
ENSG00000152465,NMT2,-0.1119624729479962,0.0,0.0
ENSG00000152484,USP12,-1.0614387240672607,-4.852786355172452,12.7178284236506
ENSG00000152492,CCDC50,0.1675796810129877,0.0,0.0
ENSG00000152503,TRIM36,-0.3807486985114997,-6.030228856872208,10.099502299551
ENSG00000152518,ZFP36L2,0.1169987457438453,0.0,0.0
ENSG00000152556,PFKM,0.0098719211806842,-1.8832279220703048,0.0
ENSG00000152578,GRIA4,0.0021633958825369,-0.2228592008145534,0.0
ENSG00000152583,SPARCL1,0.0464504852555485,0.0,0.0
ENSG00000152601,MBNL1,0.2931173379546004,0.046674065131259664,0.0
ENSG00000152620,NADK2,-0.003773063495916,-0.905418126005815,0.0
ENSG00000152642,GPD1L,-0.2477276735639315,-0.46178533463547433,2.0807360582382306
ENSG00000152661,GJA1,0.1333137201240251,0.0,0.0
ENSG00000152684,PELO,-0.1776492154807443,-3.1843659250539416,0.0
ENSG00000152700,SAR1B,-0.2306138286584314,0.0,0.0
ENSG00000152749,GPR180,0.3331752194564569,0.12050491369218419,0.0
ENSG00000152767,FARP1,0.1290032311748524,-0.4205275085413702,1.93537317895648
ENSG00000152778,IFIT5,0.0849970668779818,-1.485686951486076,0.0
ENSG00000152795,HNRNPDL,0.1934134227932277,-1.2341264272346972,0.0
ENSG00000152818,UTRN,0.1504448294279275,-2.833041588033997,20.377067557883
ENSG00000152822,GRM1,0.0295884338472705,-3.1929324352122577,4.43697450533579
ENSG00000152904,GGPS1,0.1412669207429462,0.0,0.0
ENSG00000152926,ZNF117,-0.0615732322041351,0.439441148934495,0.0
ENSG00000152932,RAB3C,-0.1652072883463226,-2.0177855401568303,12.4825796446849
ENSG00000152944,MED21,0.1579469930301077,0.7118140335272467,0.0
ENSG00000152954,NRSN1,-0.2695416449762873,0.0,0.0
ENSG00000153130,SCOC,-0.0789089043179455,-2.689532742850938,0.0
ENSG00000153132,CLGN,-0.1069909241052208,-1.2897659945897981,0.0
ENSG00000153140,CETN3,-0.0575919431669538,-2.332710634359725,0.0
ENSG00000153187,HNRNPU,0.408819166972775,-2.1927429294066734,0.0
ENSG00000153201,RANBP2,0.1235395609548412,0.0,0.0
ENSG00000153214,TMEM87B,-0.4805304466287877,-0.015678116476225412,0.0
ENSG00000153234,NR4A2,-0.0540149468395983,-9.925571530567055,32.0266964488681
ENSG00000153253,SCN3A,-0.0719812835704414,-2.5594568098755,10.3823159249372
ENSG00000153291,SLC25A27,0.2811942630522577,-1.1220142897521617,5.52148517768636
ENSG00000153317,ASAP1,0.1819774404189207,0.0,0.0
ENSG00000153339,TRAPPC8,0.3359119818600887,-0.4668722383522774,0.0
ENSG00000153395,LPCAT1,0.1436541142717564,-0.5938047890586291,0.0
ENSG00000153406,NMRAL1,0.1262340111162865,0.0,0.0
ENSG00000153558,FBXL2,-0.3850509605705232,-1.8726458309044873,9.642903704495183
ENSG00000153560,UBP1,0.1000507492816336,-0.631456487334795,2.52582594933918
ENSG00000153561,RMND5A,0.1135969417412649,-0.6201136154029044,4.31912326012898
ENSG00000153707,PTPRD,0.6254509651582307,-0.4179017998389176,4.971810674486609
ENSG00000153774,CFDP1,-0.0950675574879909,0.0,0.0
ENSG00000153786,ZDHHC7,0.189371991763681,-1.8315802726206298,5.5046409407556
ENSG00000153814,JAZF1,0.0575532633544479,-1.6385500044991341,6.863104775316
ENSG00000153815,CMIP,0.1395761496024606,-0.4478868350599039,5.66170217353914
ENSG00000153822,KCNJ16,-0.2080518847288832,0.0,0.0
ENSG00000153823,PID1,-0.2314384251923447,-2.4725415722350355,12.9582553167471
ENSG00000153827,TRIP12,-0.0514574746845054,0.0,0.0
ENSG00000153879,CEBPG,0.1106040696264008,-2.2007520286141573,0.0
ENSG00000153904,DDAH1,-0.0948412248331674,-3.7859817155937385,6.18977227686483
ENSG00000153914,SREK1,0.0122329766699184,0.0,0.0
ENSG00000153933,DGKE,0.1517850393422966,-0.4387217692275992,2.38844251581309
ENSG00000153936,HS2ST1,-0.1834610608901131,-0.2593570560789784,0.0
ENSG00000153944,MSI2,0.0575215467049817,-2.0567597045724595,7.897722022105261
ENSG00000153956,CACNA2D1,-0.1209491032597689,-3.1026765523128903,13.7901749297401
ENSG00000153982,GDPD1,0.3355399922982366,0.0,0.0
ENSG00000153989,NUS1,-0.4421975376398186,0.7516537297184217,0.0
ENSG00000154001,PPP2R5E,0.3832855904352805,0.41237212494606984,0.0
ENSG00000154027,AK5,-0.4142401751652591,-5.192131676259463,15.7050152042961
ENSG00000154059,IMPACT,0.1183517009657539,0.5688732608031933,0.0
ENSG00000154065,ANKRD29,-0.0891290421485306,-4.854534001017019,14.3852883615438
ENSG00000154096,THY1,0.3032951349730309,-2.435708504514336,0.0
ENSG00000154122,ANKH,-0.1581344242083325,-3.7268267031858677,8.11567761622604
ENSG00000154127,UBASH3B,-0.0594122849248782,-1.9210912741666375,12.6645904257586
ENSG00000154144,TBRG1,0.1276960174358075,0.0,0.0
ENSG00000154217,PITPNC1,-0.2739418305096384,-1.0318814572202275,0.0
ENSG00000154222,CC2D1B,0.1135906623816801,0.0,0.0
ENSG00000154229,PRKCA,-0.012531060715445,-2.5824317993962524,12.5883641907002
ENSG00000154265,ABCA5,-0.6665571128394676,-3.2554993918685398,10.432264817572
ENSG00000154277,UCHL1,0.1639564131022577,-2.911178885779665,8.90596335310171
ENSG00000154305,MIA3,0.2408534192992807,-2.4973490281708677,0.0
ENSG00000154359,LONRF1,-0.0808885335503609,0.0,0.0
ENSG00000154370,TRIM11,-0.2873000495172007,0.0,0.0
ENSG00000154380,ENAH,0.2562600773961303,-1.3029615251974573,2.9698261885053294
ENSG00000154429,CCSAP,0.2290696615012309,-2.6698523412752,0.0
ENSG00000154473,BUB3,0.5047180608494901,-1.7526746265335054,0.0
ENSG00000154478,GPR26,-0.171904739774433,-4.785967336076653,15.4266469066044
ENSG00000154556,SORBS2,0.4520005799368172,-2.9940841494234287,11.0297335287701
ENSG00000154639,CXADR,0.0968732652101256,0.9194617242056569,0.0
ENSG00000154723,ATP5PF,0.0267188080174212,0.0,0.0
ENSG00000154803,FLCN,-0.0034620582298334,-2.577840758382248,9.449671143620048
ENSG00000154813,DPH3,-0.0747621845485864,-1.8634788873218129,0.0
ENSG00000154822,PLCL2,0.4569635078009103,1.490402535435107,0.0
ENSG00000154845,PPP4R1,0.327081026733047,-1.0053263987666576,0.0
ENSG00000154917,RAB6B,-0.0333786260989644,-1.989583383919734,0.0
ENSG00000154945,ANKRD40,-0.2022219981922807,0.0,0.0
ENSG00000154978,VOPP1,-0.1866749329171038,-2.553933085235705,4.74565888381206
ENSG00000155016,CYP2U1,0.0838979927360558,-2.8088782869770346,9.243762204754889
ENSG00000155085,AK9,0.1617457671895883,0.0,0.0
ENSG00000155093,PTPRN2,-0.1352307084398805,-2.0187232966369293,10.4033064906215
ENSG00000155096,AZIN1,-0.3029738133959723,0.0,0.0
ENSG00000155097,ATP6V1C1,0.0445161359868406,-1.8253288554104323,0.0
ENSG00000155100,OTUD6B,0.0375775845472917,0.0,0.0
ENSG00000155158,TTC39B,-0.0107681786911196,-1.3334752296092274,7.13448457456145
ENSG00000155189,AGPAT5,-0.0512027061285187,1.2756175552245637,0.0
ENSG00000155229,MMS19,-0.0789412140265309,0.0,0.0
ENSG00000155252,PI4K2A,-0.1255725215266474,0.0,0.0
ENSG00000155287,SLC25A28,-0.0310300871477011,-2.640694297843525,0.0
ENSG00000155304,HSPA13,0.1920158447344304,-1.1815708000379965,0.0
ENSG00000155313,USP25,0.2460976926284849,-0.3275700331360825,0.0
ENSG00000155329,ZCCHC10,0.0403573460558326,0.0,0.0
ENSG00000155368,DBI,0.275192796444521,0.0,0.0
ENSG00000155380,SLC16A1,-0.4120247402307504,-2.6527212333914227,1.80222368714095
ENSG00000155463,OXA1L,-0.1250397932800533,-2.384937415973202,0.0
ENSG00000155506,LARP1,0.033147594128906,-1.7893217786055733,6.3683334036308095
ENSG00000155511,GRIA1,-0.167515803401796,-2.6922737456234485,14.8896947063837
ENSG00000155657,TTN,0.4698061260537425,-1.7662557323138324,0.0
ENSG00000155660,PDIA4,0.5352199134789759,-2.503238978698597,0.0
ENSG00000155755,TMEM237,-0.1148241308925439,0.5777810477820834,0.0
ENSG00000155792,DEPTOR,0.3091719679035796,2.7565259587142013,1.8957785718433
ENSG00000155816,FMN2,-0.0927267599623537,-0.7443416935477158,5.9307970750748895
ENSG00000155827,RNF20,-0.270641711320314,-2.4031608696969515,0.0
ENSG00000155846,PPARGC1B,0.0752160067492686,0.38816317848211,0.0
ENSG00000155849,ELMO1,-0.1775349138632154,-1.9852633268812152,0.0
ENSG00000155858,LSM11,-0.4394537069385296,0.0,0.0
ENSG00000155868,MED7,0.0619733535241415,-2.587640761189775,0.0
ENSG00000155876,RRAGA,0.2641233432736277,-3.0960864105056816,0.0
ENSG00000155886,SLC24A2,0.3840712888619806,-0.08800826770996723,0.0
ENSG00000155903,RASA2,0.0744217754892257,0.8522395252530699,0.0
ENSG00000155957,TMBIM4,-0.1046469710551017,0.0,0.0
ENSG00000155959,VBP1,-0.2044199763612949,-3.0776834715979664,0.0
ENSG00000155961,RAB39B,-0.5134214507128997,-2.657896053289275,0.0
ENSG00000155966,AFF2,-0.0754310878344116,-1.587215420541869,3.59618905493961
ENSG00000155970,MICU3,-0.0399029547921336,0.33548329408202,0.0
ENSG00000155975,VPS37A,-0.2102687240575896,0.0,0.0
ENSG00000155980,KIF5A,-0.4226384483185423,-0.7332900291901782,0.0
ENSG00000156011,PSD3,-0.2240971365341463,-2.269521031304641,10.4569230552514
ENSG00000156050,FAM161B,-0.0356790184671982,-2.609594128811575,0.0
ENSG00000156052,GNAQ,0.1083483251775454,0.21696803327064407,0.0
ENSG00000156103,MMP16,-0.3997109781139935,-2.3474300296818003,10.608629398599
ENSG00000156110,ADK,0.0834512497248998,-1.0491268360311272,6.27604698189403
ENSG00000156113,KCNMA1,0.4293944900492666,-1.2707966000610287,8.15918506450191
ENSG00000156136,DCK,-0.2923077683445232,0.0,0.0
ENSG00000156162,DPY19L4,-0.4497621259914673,0.0,0.0
ENSG00000156170,NDUFAF6,-0.1495079588281003,-0.02156639430750329,0.0
ENSG00000156239,N6AMT1,0.2021157556929023,-1.9747975597023848,0.0
ENSG00000156253,RWDD2B,-0.3949159111216693,0.0,0.0
ENSG00000156256,USP16,-0.0346817823960074,-1.637530868353335,0.0
ENSG00000156261,CCT8,0.1091920518656827,-2.8910289431486,0.0
ENSG00000156298,TSPAN7,0.3005176898309275,-0.9072647208142264,0.0
ENSG00000156304,SCAF4,-0.0728396283029064,-0.8167861328886725,0.0
ENSG00000156345,CDK20,-0.3696556542528526,0.0,0.0
ENSG00000156467,UQCRB,-0.1125532971317101,-3.456326004867843,0.0
ENSG00000156471,PTDSS1,-0.07018572224327,-1.6149741250407617,0.0
ENSG00000156475,PPP2R2B,-0.3553119064465323,-1.4486290050512975,4.86558476840686
ENSG00000156482,RPL30,0.0580135057521751,-1.7505268702588774,0.0
ENSG00000156515,HK1,0.1380016758830399,-1.1152186363369025,6.17312590585035
ENSG00000156531,PHF6,-0.2012106788425641,-2.21191819066964,0.0
ENSG00000156587,UBE2L6,0.3203428091021474,0.7042439518989817,0.0
ENSG00000156599,ZDHHC5,-0.1003957229898665,0.0,0.0
ENSG00000156603,MED19,0.0783831631242839,-2.7921030473587667,0.0
ENSG00000156639,ZFAND3,-0.473314167315698,-0.6645954972552144,3.72842955214908
ENSG00000156642,NPTN,0.0211663423260987,-2.3324649970282225,9.32985998811289
ENSG00000156650,KAT6B,0.4557396676929204,0.3143775282504633,3.38964961534678
ENSG00000156709,AIFM1,0.2435277557687495,-2.1340824013978694,0.0
ENSG00000156735,BAG4,0.0108353519326962,0.0,0.0
ENSG00000156873,PHKG2,-0.2235582022804972,-2.024040711152902,0.0
ENSG00000156928,MALSU1,0.0852431969917721,0.0,0.0
ENSG00000156931,VPS8,-0.3638608970813788,-0.86366685933449,3.45466743733796
ENSG00000156990,RPUSD3,0.1555994765810126,-1.6000398647919067,0.0
ENSG00000157014,TATDN2,0.2260587109488803,0.0,0.0
ENSG00000157020,SEC13,-0.0212470132708693,0.0,0.0
ENSG00000157036,EXOG,0.3027229593597464,-0.5366358863696274,0.0
ENSG00000157045,NTAN1,0.1985703075703806,0.0,0.0
ENSG00000157064,NMNAT2,-0.0986272025986607,-2.010898895446802,9.04845618337891
ENSG00000157087,ATP2B2,-0.1656657243671369,-3.114132900496686,9.63032447128495
ENSG00000157103,SLC6A1,-0.3885155865905373,0.1416874422768653,0.0
ENSG00000157106,SMG1,0.378315446457822,-1.4258290640857125,3.19956498173173
ENSG00000157152,SYN2,0.5254286820712388,1.5465837321858376,0.0
ENSG00000157193,LRP8,0.0991673936300025,-0.10160643398535596,1.81068673964241
ENSG00000157224,CLDN12,0.2444836281350997,0.0,0.0
ENSG00000157259,GATAD1,0.052889464523672,0.0,0.0
ENSG00000157445,CACNA2D3,0.8134336108902818,0.605071565128759,0.0
ENSG00000157450,RNF111,0.0323113141540927,0.09277848542298898,0.0
ENSG00000157500,APPL1,-0.0869697146510002,0.0,0.0
ENSG00000157514,TSC22D3,0.1888604476060879,-1.8779412218510625,0.0
ENSG00000157540,DYRK1A,-0.0260056897430234,-0.51035727246342,0.0
ENSG00000157542,KCNJ6,0.0029022386603645,-1.1779980819150215,10.6939674741004
ENSG00000157557,ETS2,0.1975634435137964,-1.364806019289909,0.0
ENSG00000157600,TMEM164,-0.3316285338928942,-2.95662805142205,14.2558086288437
ENSG00000157601,MX1,0.2100238105567761,-2.054795585969428,0.0
ENSG00000157613,CREB3L1,-0.1412252458402877,-8.552131113340229,16.4808287983698
ENSG00000157617,C2CD2,-0.2980009204492407,0.0,0.0
ENSG00000157625,TAB3,-0.1453736374466027,-1.8285766355972952,12.4882486230615
ENSG00000157637,SLC38A10,-0.072463414482732,-0.7757497056624325,0.0
ENSG00000157657,ZNF618,-0.0693653502519665,-2.4409763825111814,7.252461084659471
ENSG00000157741,UBN2,-0.3334315952085332,-0.40864049640632305,0.0
ENSG00000157764,BRAF,-0.1904455088676773,-0.16488403604220325,0.0
ENSG00000157778,PSMG3,-0.0498589429954887,-2.2614136986777975,0.0
ENSG00000157796,WDR19,0.4668383777257572,0.2771540899967317,0.0
ENSG00000157800,SLC37A3,-0.298627569504877,0.5089480358615344,0.0
ENSG00000157827,FMNL2,0.0603278778978132,-0.2185467741713707,0.0
ENSG00000157837,SPPL3,-0.1010664925585456,-0.47465442115294476,0.0
ENSG00000157851,DPYSL5,-0.1255271415716618,-3.4171552951673463,9.88581877797311
ENSG00000157869,RAB28,0.1534121849059907,-0.6272676007638218,0.0
ENSG00000157895,C12ORF43,-0.1239462424267475,-3.091684430574633,0.0
ENSG00000157916,RER1,-0.1399366700194914,-3.010801616264525,0.0
ENSG00000157954,WIPI2,0.0517253885874255,-1.60503827957353,0.0
ENSG00000157985,AGAP1,0.0155874622708853,-0.4347595632968335,3.58105649971432
ENSG00000158062,UBXN11,0.3046944779302111,0.0,0.0
ENSG00000158092,NCK1,-0.0256287216558823,0.18166757316875556,0.0
ENSG00000158109,TPRG1L,0.0347252729256645,-3.717648019045018,0.0
ENSG00000158161,EYA3,0.4089204865109391,-1.5033097051956255,5.73338125873176
ENSG00000158186,MRAS,-0.0305334656254162,0.9651302659950783,0.0
ENSG00000158195,WASF2,0.037914324984905,0.0,0.0
ENSG00000158201,ABHD3,0.2542567113408565,-3.046272704220282,10.7251069415648
ENSG00000158258,CLSTN2,-0.0878012703800617,-1.9884067257369429,13.1201904555649
ENSG00000158290,CUL4B,-0.1939591962060096,0.0,0.0
ENSG00000158321,AUTS2,-0.0495968166825559,-1.750904337950596,5.6916358890997
ENSG00000158417,EIF5B,0.2288500819971604,-2.0360699461467533,0.0
ENSG00000158435,CNOT11,-0.2543791416606161,0.03598462048224415,0.0
ENSG00000158445,KCNB1,-0.1906505802975248,-2.8435499770402446,7.834293198799398
ENSG00000158457,TSPAN33,0.1464876302524351,1.9888523810460734,0.0
ENSG00000158467,AHCYL2,-0.2892052703414897,-4.220974703658395,12.3651142539204
ENSG00000158470,B4GALT5,-0.1118008614805038,-2.6473837987205178,8.09005966003585
ENSG00000158480,SPATA2,0.4341523621831681,0.0,0.0
ENSG00000158526,TSR2,0.0064297131539044,-2.388054974432595,0.0
ENSG00000158528,PPP1R9A,0.2558133474741077,1.4554673610567725,0.0
ENSG00000158555,GDPD5,-0.6168365377820009,0.4490815347630015,11.5978263213805
ENSG00000158560,DYNC1I1,-0.420184212550335,-2.118250355315952,8.95475093092203
ENSG00000158604,TMED4,0.1958997623428053,0.57354166254951,0.0
ENSG00000158615,PPP1R15B,-0.1243411537940256,0.0,0.0
ENSG00000158623,COPG2,0.2141110680299774,0.7234644561426,0.0
ENSG00000158716,DUSP23,-0.048946362251384,-2.6724746970480218,0.0
ENSG00000158793,NIT1,-0.0831404123066366,-1.2472929739792562,0.0
ENSG00000158796,DEDD,-0.1830797739565634,0.0,0.0
ENSG00000158828,PINK1,-0.5683313488795717,-3.0525743529631963,0.0
ENSG00000158850,B4GALT3,-0.0480855396483843,0.0,0.0
ENSG00000158856,DMTN,-0.0596404343659124,-1.4071390008754383,0.0
ENSG00000158864,NDUFS2,0.0946523797853763,-2.840876376258875,0.0
ENSG00000158882,TOMM40L,-0.0432131736301095,0.0,0.0
ENSG00000158941,CCAR2,-0.055974198433722,0.0,0.0
ENSG00000158985,CDC42SE2,-0.1847440365661742,-1.7031287698121094,2.5448608740717
ENSG00000158987,RAPGEF6,0.1412278403743512,0.0,0.0
ENSG00000159063,ALG8,0.0741926463067325,0.11526741404686185,0.0
ENSG00000159082,SYNJ1,-0.0387241768566842,-1.576020065709418,4.947194850565889
ENSG00000159086,PAXBP1,0.3733104820445453,0.0,0.0
ENSG00000159111,MRPL10,0.1079293970963036,0.5687481336442567,0.0
ENSG00000159128,IFNGR2,0.33024100523526,0.64368500167819,0.0
ENSG00000159140,SON,0.295037215200134,-1.990073625728531,0.0
ENSG00000159164,SV2A,0.1665775776833365,-0.8951503827147389,0.0
ENSG00000159167,STC1,0.7936931641089053,12.96370572417019,0.0
ENSG00000159176,CSRP1,0.3761762980354164,-1.9321601346173047,0.0
ENSG00000159199,ATP5MC1,0.2545556845151348,0.0,0.0
ENSG00000159200,RCAN1,0.1931621258614876,-4.772690092305795,9.317034516578
ENSG00000159202,UBE2Z,0.3349115146869298,0.11076183205709467,0.0
ENSG00000159210,SNF8,0.2473483849576393,0.0,0.0
ENSG00000159228,CBR1,0.3170149167307974,-2.879480381716245,0.0
ENSG00000159256,MORC3,0.1151895582587356,0.2600771366497183,0.0
ENSG00000159307,SCUBE1,0.2865281087990938,-0.562419274688855,12.1366841402569
ENSG00000159322,ADPGK,-0.0912349477013109,-0.3926636220298493,3.1478727542542706
ENSG00000159335,PTMS,0.0421115074092281,-1.0875822461471458,0.0
ENSG00000159348,CYB5R1,-0.2289100717301515,-3.4514677534652343,0.0
ENSG00000159352,PSMD4,-0.1656245808589404,-1.4105028196722822,0.0
ENSG00000159363,ATP13A2,0.1032108017621984,-1.6024355764446074,0.0
ENSG00000159377,PSMB4,0.2627012560118043,-2.4377413834142887,0.0
ENSG00000159409,CELF3,-0.1907827139607552,2.530031656519627,0.0
ENSG00000159423,ALDH4A1,0.1116814799884628,-4.5946249258044745,5.450027316766
ENSG00000159445,THEM4,0.2315301925752755,0.12960651410963347,0.0
ENSG00000159459,UBR1,-0.0843823997262565,-1.4635860254043411,4.24448305081284
ENSG00000159461,AMFR,-0.4850866705938531,0.20905670810729501,0.0
ENSG00000159479,MED8,-0.1663654567676254,-2.25599506945331,0.0
ENSG00000159579,RSPRY1,0.3497263535908909,-0.35033087602217494,0.0
ENSG00000159592,GPBP1L1,-0.0014075373472195,-1.0534724107498326,3.03959130144896
ENSG00000159593,NAE1,-0.2663428880104119,1.0126119971241034,0.0
ENSG00000159658,EFCAB14,-0.2138315907096795,0.0,0.0
ENSG00000159685,CHCHD6,0.056461456129792,0.05584007965787746,0.0
ENSG00000159692,CTBP1,0.2083506090494665,-0.17870312786025666,0.0
ENSG00000159720,ATP6V0D1,-0.0226544129173601,-2.6350817603535517,0.0
ENSG00000159784,FAM131B,-0.2312567918450452,0.5429598037611584,0.0
ENSG00000159788,RGS12,-0.277739153289926,-0.6006150086501425,2.40246003460057
ENSG00000159840,ZYX,-0.1322832418855157,-1.0001495083489282,0.0
ENSG00000159842,ABR,0.0946620557554131,1.7016012422043785,0.0
ENSG00000159921,GNE,-0.0145251471348243,0.0,0.0
ENSG00000160007,ARHGAP35,-0.3443112589135421,-0.618685002122725,3.79393862844974
ENSG00000160014,CALM3,0.1445216711631715,-2.2238652417392997,0.0
ENSG00000160049,DFFA,0.3184726059493705,0.324491854923265,0.0
ENSG00000160058,BSDC1,0.3869576866445988,0.0,0.0
ENSG00000160075,SSU72,0.1286669252756488,-2.6066135254254683,0.0
ENSG00000160087,UBE2J2,-0.0819997212339632,0.0,0.0
ENSG00000160113,NR2F6,0.1160881065725378,-2.1840389983927366,0.0
ENSG00000160131,VMA21,-0.512114191204919,0.35366345796599163,0.0
ENSG00000160145,KALRN,-0.0630170634868904,-0.8046908000546893,6.62217860800383
ENSG00000160179,ABCG1,-0.6413601112952411,-7.931002026894527,21.0364670573394
ENSG00000160191,PDE9A,-0.0862668703068692,-9.147571697541611,27.8199566009125
ENSG00000160194,NDUFV3,0.1101943968781058,0.5852288906862817,0.0
ENSG00000160209,PDXK,-0.015547086887185,-0.6814074822646875,2.72562992905875
ENSG00000160213,CSTB,0.2602385041630479,-2.753646689095368,0.0
ENSG00000160214,RRP1,0.1097900277790444,-2.1430220651220315,0.0
ENSG00000160216,AGPAT3,-0.1615734889871941,-0.3090046733388925,0.0
ENSG00000160285,LSS,-0.0288165087625489,-0.1281637947224476,1.95714511181725
ENSG00000160294,MCM3AP,-0.144813930482392,0.0,0.0
ENSG00000160299,PCNT,0.5852205733111636,0.0,0.0
ENSG00000160305,DIP2A,0.5941652805038338,1.1381266531808267,0.0
ENSG00000160307,S100B,0.0708224782089712,2.3526822316005402,0.0
ENSG00000160310,PRMT2,0.477946692432786,2.2468110562630215,0.0
ENSG00000160321,ZNF208,-0.1541333385160353,0.0564389238366394,0.0
ENSG00000160326,SLC2A6,0.0232472844301704,-5.607758015624519,9.06395925139703
ENSG00000160439,RDH13,0.2607386756459327,0.0,0.0
ENSG00000160445,ZER1,0.0113495960616932,0.9952183132524837,0.0
ENSG00000160460,SPTBN4,0.3375910251172228,-2.094084801290887,8.30871727732683
ENSG00000160469,BRSK1,-0.0805138033318664,0.0,0.0
ENSG00000160551,TAOK1,-0.0569912443123878,-1.2333373519264073,3.88971332314256
ENSG00000160570,DEDD2,-0.0300031670609336,-3.3322496140230853,0.0
ENSG00000160584,SIK3,-0.1959002901536062,-0.9054359244759725,1.92279049399799
ENSG00000160613,PCSK7,0.2400318421185584,-1.6901419943705018,5.07382934618347
ENSG00000160633,SAFB,0.3225750877199674,0.0,0.0
ENSG00000160679,CHTOP,-0.0711772960395968,-2.1451142726695176,0.0
ENSG00000160688,FLAD1,-0.0918754149381766,-1.7544434151855932,0.0
ENSG00000160695,VPS11,-0.0228574791621695,-1.6027403122801724,0.0
ENSG00000160710,ADAR,0.0842382550940172,0.0,0.0
ENSG00000160714,UBE2Q1,0.0553979800422294,-2.3625998541333186,0.0
ENSG00000160716,CHRNB2,-0.0377876095201567,-1.720678453552667,0.0
ENSG00000160746,ANO10,-0.1839493604332112,-2.2831159340705955,6.61450317536826
ENSG00000160753,RUSC1,0.2644443704424591,-2.3382798298507583,0.0
ENSG00000160785,SLC25A44,-0.0118444167171737,0.0,0.0
ENSG00000160789,LMNA,0.1247705228120405,0.0,0.0
ENSG00000160799,CCDC12,-0.0229631613133519,-1.61518809455956,0.0
ENSG00000160818,GPATCH4,-0.0417082714142412,-2.9892928714922773,0.0
ENSG00000160917,CPSF4,-0.2981408045888709,0.0,0.0
ENSG00000160948,VPS28,-0.3118640796356977,-3.386574557803995,0.0
ENSG00000160959,LRRC14,-0.1861655905947802,-1.64870393902394,0.0
ENSG00000160961,ZNF333,-0.0004615191807538,0.0,0.0
ENSG00000160991,ORAI2,0.2109401578290727,-1.8093997905575172,0.0
ENSG00000161011,SQSTM1,0.2685560814760176,-2.7515071243463076,0.0
ENSG00000161021,MAML1,-0.1439115549733628,0.6282197620083084,0.0
ENSG00000161048,NAPEPLD,-0.2002928424521741,0.0,0.0
ENSG00000161057,PSMC2,-0.0745945386597105,0.0,0.0
ENSG00000161082,CELF5,0.0861646460304935,-1.6368251171351238,9.91413192671064
ENSG00000161202,DVL3,0.1057639743525121,0.5572123345997817,0.0
ENSG00000161203,AP2M1,-0.1707633560980418,-3.147586551235815,0.0
ENSG00000161204,ABCF3,-0.2883098004373725,-3.3555142169350987,0.0
ENSG00000161217,PCYT1A,-0.1209767665925708,-0.3767805015254568,0.0
ENSG00000161267,BDH1,0.0238717017013756,-1.5636919280462505,3.58185523635296
ENSG00000161526,SAP30BP,-0.1934975643582331,-2.935853202986241,2.10448230268312
ENSG00000161533,ACOX1,-0.0046462012261578,0.31216940803669396,0.0
ENSG00000161542,PRPSAP1,0.0075767265848951,0.0,0.0
ENSG00000161642,ZNF385A,-0.0537229083606296,-2.7532905305011,0.0
ENSG00000161813,LARP4,0.1627990544784358,-0.7699751258293944,3.55310846171159
ENSG00000161980,POLR3K,0.2386693974422502,0.0,0.0
ENSG00000161981,SNRNP25,0.0560068562740408,-1.9149582617841068,0.0
ENSG00000162065,TBC1D24,0.1263187385979411,0.02274119172730077,0.0
ENSG00000162076,FLYWCH2,0.2502527266780427,-1.978384108547365,3.36204298572078
ENSG00000162104,ADCY9,-0.0518822363390481,-1.6425347275188127,5.54797352518306
ENSG00000162105,SHANK2,0.0497275945101327,-1.6011638135279362,9.894025029295568
ENSG00000162174,ASRGL1,-0.0849508883514364,-2.3355439126802837,3.7914375493169
ENSG00000162188,GNG3,0.0736823176338257,-3.3544947700932095,0.0
ENSG00000162191,UBXN1,0.2561455292060979,-3.4543471556569187,0.0
ENSG00000162222,TTC9C,0.3832755994765617,0.0,0.0
ENSG00000162298,SYVN1,-0.240280165694041,-1.98743945756441,0.0
ENSG00000162368,CMPK1,0.3266077201381577,0.0,0.0
ENSG00000162374,ELAVL4,0.4087323111639163,-3.513812248226177,11.6392338621391
ENSG00000162378,ZYG11B,-0.0699519255498544,0.0,0.0
ENSG00000162402,USP24,-0.4417887885899652,-0.9696544723547635,3.69871053034362
ENSG00000162408,NOL9,0.2690153585018554,0.583798330870745,0.0
ENSG00000162409,PRKAA2,0.1635766737748324,-0.627880068646905,0.0
ENSG00000162413,KLHL21,0.2382269920984982,-2.5066859291598,0.0
ENSG00000162433,AK4,-0.0344714387117789,0.5958617861121298,0.0
ENSG00000162434,JAK1,0.4470604625535123,0.5928473227405416,0.0
ENSG00000162437,RAVER2,-0.1882127137384839,-0.7709521496840455,8.194612488096169
ENSG00000162511,LAPTM5,0.312619731669814,0.0,0.0
ENSG00000162512,SDC3,0.0794005567231152,0.19216420165359516,0.0
ENSG00000162517,PEF1,0.0394328219380025,-2.86395996105795,0.0
ENSG00000162521,RBBP4,0.18408812802215,0.0,0.0
ENSG00000162545,CAMK2N1,-0.0247949617708568,0.8027388606618491,0.0
ENSG00000162585,FAAP20,0.0841150782466921,0.0,0.0
ENSG00000162599,NFIA,0.4828992037915801,2.3167141333335035,0.0
ENSG00000162601,MYSM1,-0.062233113878827,0.0,0.0
ENSG00000162604,TM2D1,-0.2199041803912045,0.0,0.0
ENSG00000162607,USP1,-0.3294137855095622,-1.9358750698219547,0.0
ENSG00000162613,FUBP1,0.1761208146339921,0.0,0.0
ENSG00000162616,DNAJB4,0.3278494665059661,-2.8496505928013,0.0
ENSG00000162623,TYW3,0.2411447780522487,0.7360793995680166,0.0
ENSG00000162630,B3GALT2,0.4421895234374831,-2.0145003166122595,0.0
ENSG00000162642,C1ORF52,-0.2962574000899483,-2.6260287732532004,0.0
ENSG00000162664,ZNF326,0.1265864810233779,0.2918716207700427,0.0
ENSG00000162688,AGL,-0.5006569550584422,0.0,0.0
ENSG00000162694,EXTL2,-0.3518461190338188,-4.599850719777731,5.58877598253111
ENSG00000162695,SLC30A7,0.0888391617996024,-2.4528756919302306,7.29621179837669
ENSG00000162702,ZNF281,-0.2476332874679581,-3.4860420050896006,0.0
ENSG00000162704,ARPC5,0.378835996363207,-1.77083322737283,0.0
ENSG00000162706,CADM3,-0.298169860035221,-2.2578184453640153,0.0
ENSG00000162728,KCNJ9,-0.3559639597902089,-2.42417327246978,0.0
ENSG00000162729,IGSF8,-0.0142608649519194,-1.8654030568364248,0.0
ENSG00000162734,PEA15,-0.0987325819288049,-2.5374244741055936,0.0
ENSG00000162735,PEX19,-0.3276011354412594,-1.60428513525728,0.0
ENSG00000162736,NCSTN,-0.0773690946460399,0.0,0.0
ENSG00000162769,FLVCR1,0.2260828327186675,0.07154855660338784,0.0
ENSG00000162819,BROX,0.1874229950016004,0.0,0.0
ENSG00000162849,KIF26B,-0.2976695186609658,-2.6666022520493162,12.1746659100766
ENSG00000162851,TFB2M,-0.0065912746422162,0.0,0.0
ENSG00000162852,CNST,0.0462582862500337,0.7298245254439895,0.0
ENSG00000162869,PPP1R21,-0.2989320841432522,-3.727811501150917,12.8900862083815
ENSG00000162873,KLHDC8A,0.4286662046657538,1.2802179527006317,0.0
ENSG00000162889,MAPKAPK2,-0.0916510110155739,-1.0646161003226275,4.25846440129051
ENSG00000162909,CAPN2,0.0559577815559737,0.0,0.0
ENSG00000162910,MRPL55,0.1809934619615447,-3.3140336203263017,0.0
ENSG00000162923,WDR26,-0.2828426150399566,-2.2037455616104316,5.66082402964759
ENSG00000162961,DPY30,0.0721117378317655,0.0,0.0
ENSG00000162980,ARL5A,-0.2428686696858097,-2.1288576587729002,9.17377275877148
ENSG00000162989,KCNJ3,0.018880426594607,1.4341793557927083,0.0
ENSG00000163013,FBXO41,0.087995198564242,0.272120034152995,0.0
ENSG00000163029,SMC6,-0.2941817319662092,-1.7770643467108118,7.665876595995661
ENSG00000163032,VSNL1,0.1184801066453678,-4.0334124162861,8.21068969612417
ENSG00000163053,SLC16A14,0.0096924107598497,0.0,0.0
ENSG00000163064,EN1,-0.2837065750668702,-6.002612004992308,11.0679906330021
ENSG00000163069,SGCB,0.0640005919789479,1.0173806805304166,0.0
ENSG00000163104,SMARCAD1,-0.2253723612693969,-0.19162117889031166,0.0
ENSG00000163110,PDLIM5,0.0520740056794604,3.239821687293257,0.0
ENSG00000163125,RPRD2,-0.0572166289934087,-0.28133893862671494,0.0
ENSG00000163156,SCNM1,-0.0191704926696067,-2.1370235865011784,0.0
ENSG00000163159,VPS72,0.2149168074447651,0.0,0.0
ENSG00000163166,IWS1,0.5243612240891176,0.0,0.0
ENSG00000163170,BOLA3,0.1925931949702634,-1.754560836149055,0.0
ENSG00000163214,DHX57,-0.1824666387268552,0.0,0.0
ENSG00000163257,DCAF16,-0.2069259872930025,-0.5498712189817766,0.0
ENSG00000163288,GABRB1,-0.0144752593726851,-2.7014632793980877,12.9210453926574
ENSG00000163291,PAQR3,-0.1871077559067054,-0.6848117748010767,1.99460749535179
ENSG00000163320,CGGBP1,0.5997066669880505,-2.0372857156779833,0.0
ENSG00000163328,GPR155,0.0033386472130667,0.26740771408027336,0.0
ENSG00000163344,PMVK,0.1939638860036118,-1.5814703030809452,0.0
ENSG00000163346,PBXIP1,0.1638836410958725,-1.233785208103304,0.0
ENSG00000163349,HIPK1,-0.1076094179684263,0.5068213291495033,0.0
ENSG00000163374,YY1AP1,-0.0932809826742976,0.0,0.0
ENSG00000163380,LMOD3,0.1382212599729646,-12.00731133692452,19.1900777115632
ENSG00000163389,POGLUT1,0.664630552704591,0.42177562296929627,0.0
ENSG00000163393,SLC22A15,-0.1422237779993316,-0.5399284380719716,6.15950322471035
ENSG00000163399,ATP1A1,-0.0056701527516854,-4.1830720297272235,8.664097049542198
ENSG00000163412,EIF4E3,0.000555960856196,0.5086253481273367,0.0
ENSG00000163444,TMEM183A,-0.0547569955578608,-1.2047808335541106,0.0
ENSG00000163453,IGFBP7,-0.083466930377404,0.5231944401866834,0.0
ENSG00000163466,ARPC2,0.386154677789841,0.523084047934385,0.0
ENSG00000163468,CCT3,0.0075916299568964,-2.49169580175306,0.0
ENSG00000163479,SSR2,0.2309089486324811,-1.9929666448539216,0.0
ENSG00000163513,TGFBR2,-0.6262934593129252,-16.764229646173018,43.604272265795295
ENSG00000163517,HDAC11,-0.038594464514374,-0.5351340774193624,0.0
ENSG00000163528,CHCHD4,0.0662708108671125,-1.464790633510479,0.0
ENSG00000163531,NFASC,-0.2499691541881213,-2.9211462975881917,9.89880785707089
ENSG00000163536,SERPINI1,-0.0846284404364411,-3.6963782130085865,10.4422832607
ENSG00000163539,CLASP2,-0.0620065978797942,-0.64801581249588,2.59206324998352
ENSG00000163541,SUCLG1,-0.0501082623116294,-1.8835428933845952,0.0
ENSG00000163558,PRKCI,-0.3182978850640311,0.06355782968994006,0.0
ENSG00000163577,EIF5A2,0.2868378374892943,0.0,0.0
ENSG00000163590,PPM1L,-0.281806124199105,-1.1191807998564645,6.75877620073644
ENSG00000163596,ICA1L,-0.0487493173271435,0.7662321038501064,0.0
ENSG00000163602,RYBP,0.6937237998522345,1.4342002804891718,0.0
ENSG00000163618,CADPS,-0.0076426606687801,-1.7616342806895764,7.384798379637519
ENSG00000163624,CDS1,0.294437586575759,0.0,0.0
ENSG00000163625,WDFY3,-0.0727894926241789,0.25750102458544166,0.0
ENSG00000163629,PTPN13,-0.5094381513880335,-13.043682871048095,31.42703068799
ENSG00000163630,SYNPR,-0.6882388211343644,-3.1225371180246,12.4901484720984
ENSG00000163634,THOC7,-0.1054867881614153,-1.4853941475304349,0.0
ENSG00000163635,ATXN7,0.1196653033006307,-1.9143036132758002,7.26660519006535
ENSG00000163636,PSMD6,0.0145515922699452,-3.492970185961505,0.0
ENSG00000163637,PRICKLE2,0.3036897392916086,-2.7967508616517596,13.0540956404056
ENSG00000163644,PPM1K,0.1730724324524041,-0.08609343628046329,0.0
ENSG00000163655,GMPS,0.1147277551268642,0.0,0.0
ENSG00000163660,CCNL1,-0.0614476375732745,0.0,0.0
ENSG00000163681,SLMAP,-0.3910283594873665,-1.8835480499716901,4.35512065277168
ENSG00000163683,SMIM14,0.0407158587265224,0.0,0.0
ENSG00000163697,APBB2,0.001629068811995,-1.7349677343317897,8.483639942923299
ENSG00000163704,PRRT3,0.0894176463960021,-2.3041953789144847,0.0
ENSG00000163714,U2SURP,0.3646814900562174,0.0,0.0
ENSG00000163719,MTMR14,-0.0517001883081613,0.7116358155133883,0.0
ENSG00000163728,TTC14,-0.3187227727216288,0.0,0.0
ENSG00000163743,RCHY1,-0.3063248839556758,0.0,0.0
ENSG00000163754,GYG1,-0.0428002513015387,-3.0006240360751724,0.0
ENSG00000163781,TOPBP1,-0.566157998611211,0.0,0.0
ENSG00000163788,SNRK,-0.3101697324350064,-2.023795761088252,8.14190891758659
ENSG00000163807,KIAA1143,-0.2590408950663612,-1.853314168398825,0.0
ENSG00000163811,WDR43,-0.0497248451828508,0.0,0.0
ENSG00000163812,ZDHHC3,0.1970748487089211,0.3614822025916183,0.0
ENSG00000163818,LZTFL1,-0.2300881394198975,0.0,0.0
ENSG00000163832,ELP6,-0.0983916402037499,0.0,0.0
ENSG00000163848,ZNF148,-0.0398868888310011,0.0,0.0
ENSG00000163866,SMIM12,0.0721542834973164,-0.56276029479554,2.25104117918216
ENSG00000163867,ZMYM6,0.1895729374370001,0.0,0.0
ENSG00000163872,YEATS2,0.1601709522976184,-2.1311728106180468,7.344839653861821
ENSG00000163873,GRIK3,0.0420700715905155,-2.322221655586774,15.5385644214436
ENSG00000163875,MEAF6,-0.0530725863201946,-1.1242112117629157,0.0
ENSG00000163882,POLR2H,-0.4260047688544537,0.0,0.0
ENSG00000163900,TMEM41A,-0.2354555799131999,-2.86593713577445,0.0
ENSG00000163902,RPN1,-0.0538949194916603,-1.0982223263861361,0.0
ENSG00000163904,SENP2,-0.1287212761983,-0.461550654133845,0.0
ENSG00000163931,TKT,0.2029940376757088,-3.18060642823753,0.0
ENSG00000163939,PBRM1,0.0740866812949508,0.5525179940393874,0.0
ENSG00000163947,ARHGEF3,0.1701194214500118,2.1151024620567416,0.0
ENSG00000163956,LRPAP1,-0.0577630223485576,-2.5109794607364915,0.0
ENSG00000163960,UBXN7,0.0469488772003019,0.40311572638376836,0.0
ENSG00000163961,RNF168,-0.0162660349066632,0.28461671732150334,0.0
ENSG00000163964,PIGX,-0.2589720715385748,0.0,0.0
ENSG00000163995,ABLIM2,-0.1087709809710941,-0.5666284622776641,3.1505317236858295
ENSG00000164022,AIMP1,-0.1137378882757348,-6.291933667725125,11.0418942134409
ENSG00000164031,DNAJB14,-0.1044748192485038,0.0,0.0
ENSG00000164038,SLC9B2,0.1502255222762338,0.40951471612927,0.0
ENSG00000164040,PGRMC2,0.0613234521208072,1.784958890954915,0.0
ENSG00000164050,PLXNB1,-0.207685103962328,0.0,0.0
ENSG00000164051,CCDC51,0.282880042222333,-1.266875838397139,0.0
ENSG00000164054,SHISA5,-0.1330608391225156,-1.1298206174412808,0.0
ENSG00000164061,BSN,-0.2020738766648254,-0.82706449883059,0.0
ENSG00000164062,APEH,0.2056150333605655,-3.362036195779479,0.0
ENSG00000164066,INTU,-0.1504648585947071,0.0,0.0
ENSG00000164070,HSPA4L,0.1674442795090196,0.7846332458517793,1.7554944197547
ENSG00000164076,CAMKV,0.3027612766780889,1.2963213776286762,0.0
ENSG00000164080,RAD54L2,-0.2244538073180052,0.2052949673301926,0.0
ENSG00000164089,ETNPPL,-0.1709252546963143,2.5091353594345165,0.0
ENSG00000164091,WDR82,0.0493182425137875,0.0,0.0
ENSG00000164096,C4ORF3,0.6489738480582748,0.0,0.0
ENSG00000164104,HMGB2,0.0777151519396716,-1.2561444119167855,0.0
ENSG00000164106,SCRG1,0.0629012352897231,-0.9899607662952433,0.0
ENSG00000164111,ANXA5,0.1718030932146391,0.0,0.0
ENSG00000164114,MAP9,-0.1455255750628476,-1.5118779743660724,0.0
ENSG00000164117,FBXO8,-0.2136459581663282,-0.7047849585037916,0.0
ENSG00000164124,TMEM144,-0.2606858398373218,0.0,0.0
ENSG00000164134,NAA15,-0.3000010462094855,-0.255288134361375,0.0
ENSG00000164151,ICE1,0.7281949214079321,0.0,0.0
ENSG00000164163,ABCE1,-0.2515798469947277,0.7371768955375049,0.0
ENSG00000164164,OTUD4,0.0380829462714135,0.16310161394363268,0.0
ENSG00000164167,LSM6,-0.0476955467574171,0.0,0.0
ENSG00000164172,MOCS2,0.2481249513352154,-1.5074592366648818,0.0
ENSG00000164176,EDIL3,-0.0892703362069214,0.08189938298118382,5.47866440735188
ENSG00000164181,ELOVL7,-0.6831983523517949,-3.0569322013288476,9.56613032923843
ENSG00000164187,LMBRD2,-0.0019209486233504,0.0020466450834976113,0.0
ENSG00000164190,NIPBL,0.4768951864957833,0.0,0.0
ENSG00000164197,RNF180,0.1984737731587879,0.0,0.0
ENSG00000164199,ADGRV1,0.3058786240655134,0.0,0.0
ENSG00000164209,SLC25A46,-0.5701764493156299,0.0,0.0
ENSG00000164211,STARD4,-0.0292620183818311,-3.0817282598186013,6.90822506702487
ENSG00000164252,AGGF1,-0.2951669718414091,-2.19887089232799,0.0
ENSG00000164253,WDR41,-0.2871774741171367,0.40188794633634,0.0
ENSG00000164258,NDUFS4,-0.0596192272009975,0.0,0.0
ENSG00000164284,GRPEL2,0.0347984496436375,0.0,0.0
ENSG00000164292,RHOBTB3,0.0726428728043099,0.0,0.0
ENSG00000164323,CFAP97,0.0519646940651174,0.0,0.0
ENSG00000164327,RICTOR,0.0887703624405931,0.0,0.0
ENSG00000164330,EBF1,-0.2227335329019335,-11.021514071392154,28.5954206701242
ENSG00000164331,ANKRA2,-0.4627255811578481,-1.687380085747629,0.0
ENSG00000164332,UBLCP1,0.0386869662856971,-1.213961111197535,0.0
ENSG00000164346,NSA2,0.1090325883212907,-1.8702967173428982,0.0
ENSG00000164366,CCDC127,0.385990469071868,-2.9552821417882837,0.0
ENSG00000164398,ACSL6,-0.2383285491184662,0.0,0.0
ENSG00000164405,UQCRQ,-0.0864790395610552,-3.672596866093266,0.0
ENSG00000164418,GRIK2,-0.0767246775547739,-2.171446640006461,9.91558065735234
ENSG00000164434,FABP7,-0.3830821075501475,-3.662567022317055,3.26442826069702
ENSG00000164463,CREBRF,0.1663002188388913,0.4165059453118056,0.0
ENSG00000164466,SFXN1,-0.1243428579607451,0.0,0.0
ENSG00000164506,STXBP5,-0.2145214135292578,-0.7210245261755104,7.1918228602759
ENSG00000164548,TRA2A,-0.1769473760218503,-0.5321978804054818,2.0998482104074294
ENSG00000164574,GALNT10,-0.2154409778975808,-5.237527890113198,24.1678499129658
ENSG00000164576,SAP30L,0.0465130911072217,0.0,0.0
ENSG00000164587,RPS14,0.1294867942242018,-2.7941195959073433,0.0
ENSG00000164588,HCN1,-0.0731178751481695,-3.8048788627993186,10.5324804886062
ENSG00000164604,GPR85,-0.1199876705400569,-2.3874687868248605,4.06087299188978
ENSG00000164609,SLU7,-0.1404345321947665,-2.110561796789805,0.0
ENSG00000164615,CAMLG,-0.1149043508823135,-2.898090210491275,0.0
ENSG00000164631,ZNF12,0.1136270074973351,-1.6148368226505776,0.0
ENSG00000164638,SLC29A4,0.4143099562808159,0.5722961806600799,0.0
ENSG00000164654,MIOS,-0.5101089457509328,-0.4952374212131214,0.0
ENSG00000164683,HEY1,-0.0157218612081451,0.0,0.0
ENSG00000164733,CTSB,0.3093786354493638,-1.8618281703678767,0.0
ENSG00000164741,DLC1,0.3106056589843774,-0.6736866833486124,2.6947467333944495
ENSG00000164742,ADCY1,-0.1450388371138395,1.6287340299158366,0.0
ENSG00000164751,PEX2,-0.3062753794185835,0.9583666804129352,0.0
ENSG00000164754,RAD21,-0.0003920928330372,-1.930878530185092,0.0
ENSG00000164778,EN2,-0.0012833389480795,3.4529265696317655,0.0
ENSG00000164796,CSMD3,0.0332913480125094,-2.4426857575645378,10.3433372778778
ENSG00000164808,SPIDR,0.3321449399327355,0.4634630748994,0.0
ENSG00000164815,ORC5,-0.1574853835078173,0.359359741084425,0.0
ENSG00000164823,OSGIN2,0.2486135196702745,0.0,0.0
ENSG00000164828,SUN1,0.0083242590349198,-0.8252732511824887,3.29940771313447
ENSG00000164830,OXR1,-0.0346169406906946,0.5482758573789451,0.0
ENSG00000164896,FASTK,0.0285004273727037,0.0,0.0
ENSG00000164897,TMUB1,-0.3865977674112754,0.7733749450839067,0.0
ENSG00000164902,PHAX,0.6129146011779809,-2.0237433228716024,0.0
ENSG00000164904,ALDH7A1,0.0487191487050851,0.6684172445922899,0.0
ENSG00000164916,FOXK1,0.1760822299558283,-0.6846040744258204,2.2970273477979295
ENSG00000164919,COX6C,0.0046552055395036,-1.8991731471161653,0.0
ENSG00000164924,YWHAZ,-0.1879621797256867,-2.2969258667117725,6.79786810935965
ENSG00000164929,BAALC,0.0096130765893223,0.06111898410030617,0.0
ENSG00000164934,DCAF13,-0.178144089474432,0.20662070313310832,0.0
ENSG00000164951,PDP1,0.0615057452643185,1.3136520451354368,0.0
ENSG00000164970,FAM219A,0.200546238826123,-1.4596289204374262,4.58929247247876
ENSG00000164975,SNAPC3,-0.2312839865364471,0.35917342015865,0.0
ENSG00000164978,NUDT2,-0.1886135341692544,-1.4093270638376874,0.0
ENSG00000164985,PSIP1,-0.0754812325652215,-1.2348669484235955,0.0
ENSG00000165006,UBAP1,-0.2265440628106639,0.0,0.0
ENSG00000165023,DIRAS2,-0.1596202640398098,-4.258534003827507,4.96327836879962
ENSG00000165028,NIPSNAP3B,-0.1763424726281481,0.3523000353783292,0.0
ENSG00000165029,ABCA1,0.4083276864728895,-2.8322776334470277,9.10062247576703
ENSG00000165092,ALDH1A1,-0.4343448617962131,-13.586254559826218,37.1709733507559
ENSG00000165102,HGSNAT,-0.4202698939781233,0.8707999214616049,0.0
ENSG00000165113,GKAP1,0.3377228659960616,-0.5277425599426225,0.0
ENSG00000165138,ANKS6,0.344928778413313,-1.9851765229344847,10.674994522652
ENSG00000165156,ZHX1,0.3491692171993672,-3.395970913925282,5.2554321696021695
ENSG00000165169,DYNLT3,0.5423264430782977,-2.0362595014998934,0.0
ENSG00000165175,MID1IP1,-0.0742751688884052,-2.0475747023485575,0.0
ENSG00000165185,KIAA1958,-0.1847261476991211,-3.006313509293598,11.0305482910729
ENSG00000165186,PTCHD1,0.5982037748178773,3.27727038066422,0.0
ENSG00000165209,STRBP,0.3163983139194834,-1.0308752526029965,3.69657146021435
ENSG00000165219,GAPVD1,-0.0610099225962292,0.0,0.0
ENSG00000165238,WNK2,0.0675835797067178,-3.368764562814519,9.07849028565899
ENSG00000165240,ATP7A,-0.2774905243812385,-6.474951956837889,13.7880087566553
ENSG00000165264,NDUFB6,-0.0540405078596916,0.0,0.0
ENSG00000165271,NOL6,-0.6403903727210254,0.0,0.0
ENSG00000165280,VCP,-0.1885623726679109,-1.6853153644277967,0.0
ENSG00000165300,SLITRK5,-0.4898307232995113,-6.269163070585717,17.6493344169856
ENSG00000165322,ARHGAP12,0.2032201962875096,0.40281696200451167,0.0
ENSG00000165323,FAT3,-0.1663957170200354,-3.5820467590647023,12.4827291889758
ENSG00000165338,HECTD2,-0.1404603189255394,-0.44291515902126344,3.26704937508232
ENSG00000165355,FBXO33,0.1832119369941375,0.2936960998363525,0.0
ENSG00000165379,LRFN5,-0.1736305575610907,-2.189705046834319,9.253628263309409
ENSG00000165410,CFL2,-0.1711272435520147,-2.997603510868985,0.0
ENSG00000165416,SUGT1,0.042238289087116,-1.1140000152977292,0.0
ENSG00000165417,GTF2A1,-0.3342964272565399,0.0,0.0
ENSG00000165434,PGM2L1,0.1643632934477838,-3.4593041622319025,11.1872435296647
ENSG00000165443,PHYHIPL,-0.2271646366958114,-4.1928652275216844,9.056418217365728
ENSG00000165475,CRYL1,0.2391689080314205,0.38346002002907165,0.0
ENSG00000165476,REEP3,-0.0033606554463428,-2.305018433067555,6.008092984141
ENSG00000165487,MICU2,-0.0318073727305119,0.15580311838980568,0.0
ENSG00000165495,PKNOX2,-0.1628297536115057,-1.8608800715820162,11.7154958550356
ENSG00000165516,KLHDC2,-0.2093146111266149,-1.6764618297770864,0.0
ENSG00000165525,NEMF,0.1301425429752307,0.0,0.0
ENSG00000165566,AMER2,0.0490829977839769,-0.7757143931156358,0.0
ENSG00000165572,KBTBD6,-0.0783346670387819,-1.538244802361838,0.0
ENSG00000165609,NUDT5,0.136585327033524,0.0,0.0
ENSG00000165632,TAF3,0.3522095505934018,-0.9003435738139725,0.0
ENSG00000165644,COMTD1,-0.1344183163947762,-4.055914359539469,0.0
ENSG00000165646,SLC18A2,-0.2169821687855474,-6.596546967748761,24.480117443308
ENSG00000165650,PDZD8,-0.2817131199477277,-1.176032946661036,4.98206674942297
ENSG00000165655,ZNF503,-0.6331084487265568,-10.207346229402564,25.4440430696698
ENSG00000165669,FAM204A,-0.3330916534855143,0.0,0.0
ENSG00000165671,NSD1,0.316775727018464,-0.2403388913971174,3.2665678955784
ENSG00000165672,PRDX3,0.0801770253747853,-1.8604005357525375,0.0
ENSG00000165678,GHITM,-0.0677684125290955,-2.880923868849827,0.0
ENSG00000165699,TSC1,0.0369985264193855,-0.23996241475066582,0.0
ENSG00000165704,HPRT1,-0.1423644126283844,1.298032746097145,0.0
ENSG00000165724,ZMYND19,-0.2316454162401143,-2.336734143600375,0.0
ENSG00000165731,RET,0.199385003745204,-7.784712074272948,24.2966926564305
ENSG00000165732,DDX21,-0.1414402108143899,-2.5800703132168,0.0
ENSG00000165733,BMS1,0.3234688349251511,-1.5498389004270565,0.0
ENSG00000165775,FUNDC2,0.3590876457134732,0.5539427889700749,0.0
ENSG00000165795,NDRG2,0.0419508652447463,0.0,0.0
ENSG00000165801,ARHGEF40,-0.2681461953407799,0.0,0.0
ENSG00000165802,NSMF,-0.2632828241786384,-5.311667700297539,9.073174688915747
ENSG00000165813,CCDC186,-0.2023524580069537,0.0,0.0
ENSG00000165821,SALL2,0.0525171064099478,-2.7124812289467655,0.0
ENSG00000165832,TRUB1,-0.1103152548267562,0.0,0.0
ENSG00000165861,ZFYVE1,-0.1125441226488494,-1.1965320188076047,2.1587527576330694
ENSG00000165868,HSPA12A,-0.1679641500654696,-2.849065860562302,9.065535378334708
ENSG00000165898,ISCA2,0.2406646446955623,-1.5771497445519482,0.0
ENSG00000165914,TTC7B,-0.3920531418143999,0.40484038407629663,0.0
ENSG00000165915,SLC39A13,0.0836152366816651,0.0,0.0
ENSG00000165916,PSMC3,-0.1449232662457938,-3.9222368536525236,0.0
ENSG00000165934,CPSF2,0.5903447052517563,0.0,0.0
ENSG00000165943,MOAP1,0.2303040907795611,-3.0683910637295426,0.0
ENSG00000165995,CACNB2,-0.0037303351910813,-0.4054705698602785,2.1417714738153895
ENSG00000165997,ARL5B,0.0457507296487169,0.28706534056408,0.0
ENSG00000166002,SMCO4,-0.3117762636016398,-5.55524603599555,22.2209841439822
ENSG00000166012,TAF1D,-0.0166727672885801,0.0,0.0
ENSG00000166033,HTRA1,-0.0651444191154601,0.0,0.0
ENSG00000166037,CEP57,-0.1178685355144969,0.588846674518625,0.0
ENSG00000166073,GPR176,-0.3517167869050336,-1.102712913037969,5.36668214971027
ENSG00000166111,SVOP,-0.1257282204414233,1.007522520189918,0.0
ENSG00000166128,RAB8B,-0.0301698497224898,-1.813774597753675,5.5500975509826
ENSG00000166135,HIF1AN,0.3272075966582237,0.0,0.0
ENSG00000166166,TRMT61A,0.2251494515998299,-2.048621343405605,0.0
ENSG00000166167,BTRC,-0.0689579474777157,0.0,0.0
ENSG00000166170,BAG5,0.0703253115788171,0.0,0.0
ENSG00000166173,LARP6,0.3332298877091987,0.0,0.0
ENSG00000166181,API5,0.1544284754734766,0.0,0.0
ENSG00000166200,COPS2,0.000749852771695,-2.2158462815946227,0.0
ENSG00000166206,GABRB3,-0.2080232699962949,-2.2041670093547476,11.4324323157816
ENSG00000166224,SGPL1,0.0672073931393218,0.8366870397950316,0.0
ENSG00000166226,CCT2,0.1348151156226292,-3.46864343966685,0.0
ENSG00000166228,PCBD1,0.2532641460763036,-2.0773753078486985,0.0
ENSG00000166233,ARIH1,0.3144928510823739,-0.04083682737258243,0.0
ENSG00000166257,SCN3B,-0.0976530346052181,-1.7098986786015509,5.56777274772588
ENSG00000166260,COX11,-0.3017832497765556,0.0,0.0
ENSG00000166266,CUL5,0.2320744408986049,0.0,0.0
ENSG00000166272,WBP1L,0.0823708674450019,0.07011239960002902,0.0
ENSG00000166295,ANAPC16,0.4241742178382789,0.0,0.0
ENSG00000166311,SMPD1,0.3491907434881446,-3.1698250400591217,0.0
ENSG00000166326,TRIM44,-0.1095883869027763,0.0,0.0
ENSG00000166337,TAF10,-0.0820610836281993,-3.6731915307079053,0.0
ENSG00000166340,TPP1,-0.0309127608648785,-2.71439884330557,0.0
ENSG00000166347,CYB5A,0.0059118204812303,0.6783113189858816,0.0
ENSG00000166348,USP54,0.0680390941275628,0.0,0.0
ENSG00000166402,TUB,-0.6357008711777072,-10.071210409888167,20.7910340566277
ENSG00000166405,RIC3,-0.0348308464012373,0.5977079958043999,0.0
ENSG00000166432,ZMAT1,0.2462209190087106,-0.6146101101427875,0.0
ENSG00000166446,CDYL2,0.0219524789171827,-0.7540529361385225,0.0
ENSG00000166448,TMEM130,-0.15088888196446,0.6700498340693117,0.0
ENSG00000166452,AKIP1,-0.3342907373177831,-1.588829664819305,0.0
ENSG00000166454,ATMIN,-0.1801889845179161,-2.780652941749628,0.0
ENSG00000166471,TMEM41B,0.0043491898015397,0.28283362283358,0.0
ENSG00000166479,TMX3,-0.1827724518556352,-3.358577364730835,0.0
ENSG00000166501,PRKCB,0.6566813335516213,0.7196474149111391,7.705881918835309
ENSG00000166532,RIMKLB,0.3033252757719653,-0.657452325294775,0.0
ENSG00000166548,TK2,-0.0851885643586609,0.0,0.0
ENSG00000166557,TMED3,-0.1001965409556275,-2.55226441818861,3.47184064593038
ENSG00000166562,SEC11C,0.040660151864088,-0.8889440504644885,0.0
ENSG00000166579,NDEL1,-0.173879889988489,0.0,0.0
ENSG00000166598,HSP90B1,0.3649792972682892,-2.548749425408862,0.0
ENSG00000166619,BLCAP,0.0401868754285533,0.0,0.0
ENSG00000166676,TVP23A,0.0399792942451707,-0.45938477215324314,2.97707649651994
ENSG00000166710,B2M,0.0310267807388023,0.6644242137944015,0.0
ENSG00000166747,AP1G1,-0.0580229789009637,-1.9928815112773701,3.99860341068689
ENSG00000166770,ZNF667-AS1,0.0443719528098996,-2.38379738578477,0.0
ENSG00000166822,TMEM170A,-0.2279654666721455,0.07952613709436783,0.0
ENSG00000166839,ANKDD1A,0.0852409351321655,1.0869443298220163,7.06384633088102
ENSG00000166847,DCTN5,-0.4492556708361646,-0.5820279726962874,0.0
ENSG00000166848,TERF2IP,-0.1667358805511042,-1.5692512721825198,0.0
ENSG00000166855,CLPX,-0.1494253427977393,0.0,0.0
ENSG00000166887,VPS39,-0.1937364867020384,0.0,0.0
ENSG00000166900,STX3,0.143542241353721,0.45225239690011076,3.52759462067355
ENSG00000166902,MRPL16,-0.1036785715551622,-1.4025455743555306,0.0
ENSG00000166908,PIP4K2C,0.4960023591506456,0.0,0.0
ENSG00000166913,YWHAB,0.2812762211035035,-2.1674958229206887,0.0
ENSG00000166925,TSC22D4,0.0381885164015298,0.0,0.0
ENSG00000166946,CCNDBP1,0.0930743766068194,-1.6368249820402074,0.0
ENSG00000166963,MAP1A,0.0171085114995077,-2.893846025384641,0.0
ENSG00000166971,AKTIP,-0.2976213874193164,0.0,0.0
ENSG00000166974,MAPRE2,-0.3134683283685246,-2.3377422541160278,7.471689292856259
ENSG00000167004,PDIA3,-0.1165108693084149,-1.5037130078189,0.0
ENSG00000167037,SGSM1,0.3409946435319484,0.8079072580387234,0.0
ENSG00000167074,TEF,-0.1233658043222008,0.0,0.0
ENSG00000167081,PBX3,0.5948425764338013,-4.114910234504485,15.1165347727241
ENSG00000167088,SNRPD1,-0.152411804035444,-1.5733758592370413,0.0
ENSG00000167110,GOLGA2,0.0370843497153374,-1.6959740326325665,0.0
ENSG00000167112,TRUB2,0.0313022338169571,-2.3314182714098783,0.0
ENSG00000167113,COQ4,0.1699937310138338,0.8534061995965858,0.0
ENSG00000167118,URM1,-0.4087599429183951,0.0,0.0
ENSG00000167191,GPRC5B,0.1300624520995876,0.0,0.0
ENSG00000167193,CRK,0.1168633674343589,0.3999752881817982,0.0
ENSG00000167196,FBXO22,0.0354970490983302,-0.56957475697244,0.0
ENSG00000167232,ZNF91,0.5633693199834588,-1.3862291392003292,7.05754615449471
ENSG00000167258,CDK12,0.3595828838042987,0.8090171792885599,0.0
ENSG00000167280,ENGASE,0.0338460621734786,0.0,0.0
ENSG00000167291,TBC1D16,-0.1080355853859888,0.0,0.0
ENSG00000167323,STIM1,0.1018019141727662,-0.9997739306572012,3.8082119863378705
ENSG00000167325,RRM1,-0.0773643282014202,0.0,0.0
ENSG00000167371,PRRT2,-0.2353027773816485,0.4716447904260867,0.0
ENSG00000167378,IRGQ,-0.0517800267159224,0.616576559534285,0.0
ENSG00000167380,ZNF226,0.1733287398449544,-2.6175795449276045,0.0
ENSG00000167460,TPM4,0.271677611677687,1.2436849985511798,0.0
ENSG00000167468,GPX4,-0.0081125993250927,-3.01128565031189,0.0
ENSG00000167470,MIDN,-0.0724369929685085,-5.199656335149731,7.246577070253478
ENSG00000167491,GATAD2A,0.373150852538371,0.5275638345771769,0.0
ENSG00000167515,TRAPPC2L,-0.1275979211041532,-2.813828364567022,0.0
ENSG00000167522,ANKRD11,0.3463326009948742,-0.58148369097036,0.0
ENSG00000167526,RPL13,0.0327211018640418,-3.342527129048417,0.0
ENSG00000167535,CACNB3,-0.1183797756399486,-5.290586014115786,10.3989919650473
ENSG00000167548,KMT2D,0.0825139361216814,-0.7007713344603373,0.0
ENSG00000167549,CORO6,0.108445322556332,0.5489952938644617,0.0
ENSG00000167552,TUBA1A,-0.1047592894002252,-3.6717086851218026,1.91673473064217
ENSG00000167555,ZNF528,-0.0575415789917629,-0.22899936603215404,0.0
ENSG00000167601,AXL,0.0846500218853924,0.0,0.0
ENSG00000167614,TTYH1,0.2934149080436754,0.0,0.0
ENSG00000167632,TRAPPC9,-0.1168572702259868,0.1465063077448,0.0
ENSG00000167635,ZNF146,0.048907841687254,0.0,0.0
ENSG00000167642,SPINT2,0.1070777588718542,-1.3512974825667756,0.0
ENSG00000167645,YIF1B,0.1355296077337966,-1.6623229154206012,0.0
ENSG00000167654,ATCAY,0.2341775362364169,0.0,0.0
ENSG00000167657,DAPK3,-0.12434718164755,-2.23902883141107,0.0
ENSG00000167658,EEF2,-0.3071054190758421,-4.26550744161845,0.0
ENSG00000167671,UBXN6,-0.1194338718666214,-4.267759472604163,0.0
ENSG00000167680,SEMA6B,-0.0969948630874227,-1.7094176985551723,0.0
ENSG00000167685,ZNF444,-0.0254969913142577,0.0,0.0
ENSG00000167699,GLOD4,-0.264908661406346,-2.405189670814755,0.0
ENSG00000167700,MFSD3,0.2673804323527363,-2.1851770080767117,0.0
ENSG00000167733,HSD11B1L,0.1112772884153442,1.6422629282247065,0.0
ENSG00000167770,OTUB1,-0.0920887674110056,-3.28241561698215,0.0
ENSG00000167778,SPRYD3,-0.097565201173931,-2.9061531167168084,0.0
ENSG00000167779,IGFBP6,0.0279943933022711,0.0,0.0
ENSG00000167792,NDUFV1,0.1113459799924934,-2.5840391147766018,0.0
ENSG00000167815,PRDX2,0.2816355272783041,-2.9380042709480865,0.0
ENSG00000167861,HID1,-0.1009379072018411,-1.2654198945127142,0.0
ENSG00000167881,SRP68,-0.1110925957332928,-1.548079752999666,0.0
ENSG00000167964,RAB26,0.177730322540894,-1.7210206622026525,0.0
ENSG00000167971,CASKIN1,-0.1798437726239528,0.0,0.0
ENSG00000167972,ABCA3,-0.112464746560611,0.3579407701439184,0.0
ENSG00000167978,SRRM2,0.0860941095498059,-1.9612045947879275,0.0
ENSG00000167986,DDB1,-0.2846171439919643,1.0975587018515067,0.0
ENSG00000168002,POLR2G,-0.1798159691919432,0.0,0.0
ENSG00000168003,SLC3A2,-0.0108409622117962,-2.3806222400768338,0.0
ENSG00000168036,CTNNB1,-0.155100383156907,0.0,0.0
ENSG00000168066,SF1,-0.0449190880422777,-1.2586244360657572,0.0
ENSG00000168090,COPS6,0.1516450764955141,-2.9948833036681717,0.0
ENSG00000168092,PAFAH1B2,-0.1273626127667236,0.5381840250284082,0.0
ENSG00000168118,RAB4A,-0.042811969834812,-1.051355880079032,0.0
ENSG00000168137,SETD5,0.233413279042382,-0.696144391853695,0.0
ENSG00000168159,RNF187,-0.0219373765692281,-2.4732470005022584,0.0
ENSG00000168172,HOOK3,-0.1486293810505135,-1.6906506228795275,4.617197312104169
ENSG00000168175,MAPK1IP1L,0.107307392234951,-0.09574657222051741,0.0
ENSG00000168214,RBPJ,0.3787892087475772,0.07586434798027075,0.0
ENSG00000168216,LMBRD1,-0.1165621156140988,0.9085784913244533,0.0
ENSG00000168234,TTC39C,-0.3059939906913184,-2.795959591843335,9.78422193472456
ENSG00000168243,GNG4,0.2050492254074114,6.675179843573237,0.0
ENSG00000168264,IRF2BP2,0.0741213288936468,0.0,0.0
ENSG00000168275,COA6,0.3317960821600171,-1.2360672328937257,0.0
ENSG00000168280,KIF5C,0.3959161114267862,-1.1823833585681458,4.85162325010898
ENSG00000168286,THAP11,0.1230572019462288,-2.170167885828147,0.0
ENSG00000168288,MMADHC,0.0658250318247039,-2.43306084374844,0.0
ENSG00000168291,PDHB,-0.1452922158436159,-2.5561046813133714,0.0
ENSG00000168297,PXK,-0.0163467038460985,-1.9478306525741749,7.0038814914981
ENSG00000168301,KCTD6,-0.2257672421284843,-6.775312153044991,19.7379660618342
ENSG00000168303,MPLKIP,0.2216000067899902,0.0,0.0
ENSG00000168309,FAM107A,0.0326667967604829,-3.612651429945365,5.41214490725332
ENSG00000168314,MOBP,-0.4110141635403763,0.16756378354453122,0.0
ENSG00000168374,ARF4,0.0607442043480536,0.14467158295539417,0.0
ENSG00000168395,ING5,-0.1953469570427982,0.0,0.0
ENSG00000168397,ATG4B,0.141481401890624,0.2611050444873217,0.0
ENSG00000168434,COG7,0.0851708515638946,0.0,0.0
ENSG00000168453,HR,-0.2048357357723603,-6.954885553667875,16.5780537142494
ENSG00000168461,RAB31,0.0454355443309011,0.0,0.0
ENSG00000168481,LGI3,0.157793730049518,-2.0143818469322876,0.0
ENSG00000168495,POLR3D,-0.1192951877791242,-2.830517332281625,0.0
ENSG00000168502,MTCL1,-0.1254442935187794,0.0,0.0
ENSG00000168522,FNTA,-0.1009925300163297,-2.1121243158658873,0.0
ENSG00000168566,SNRNP48,0.1759306383668637,-0.5854435370756726,0.0
ENSG00000168591,TMUB2,-0.5386543790430341,0.0,0.0
ENSG00000168610,STAT3,0.0837051708891615,-0.5282358004734835,5.77665744493427
ENSG00000168615,ADAM9,0.1043795274256535,-2.164240153684065,8.585999749175878
ENSG00000168653,NDUFS5,0.1854957852257302,-3.6634861657279325,0.0
ENSG00000168675,LDLRAD4,-0.6264899320663435,-1.8669812661783423,6.86823382850434
ENSG00000168701,TMEM208,-0.3347240608115509,-3.7874152673567583,0.0
ENSG00000168702,LRP1B,-0.2999556882805421,-1.3197923962980123,3.79109995684746
ENSG00000168710,AHCYL1,-0.0333715771234728,0.0,0.0
ENSG00000168724,DNAJC21,0.1926377569357564,0.0,0.0
ENSG00000168734,PKIG,0.0376903763145275,-0.6099387691972527,0.0
ENSG00000168743,NPNT,-0.0876445797300728,-5.094212879729465,34.0570157980836
ENSG00000168772,CXXC4,-0.0852818214607444,-3.6551633847394176,11.4030937924836
ENSG00000168781,PPIP5K1,0.2044315143500027,-0.5209333734780266,0.0
ENSG00000168785,TSPAN5,0.4763996832969871,0.0,0.0
ENSG00000168818,STX18,-0.2596313323291186,-1.9655655651946122,4.15063564509797
ENSG00000168824,NSG1,0.6961430008150622,-0.8417602409445886,0.0
ENSG00000168827,GFM1,0.0609472488571609,0.0,0.0
ENSG00000168843,FSTL5,0.688729134907044,2.1339392846981298,0.0
ENSG00000168883,USP39,-0.2198556559869849,0.0,0.0
ENSG00000168904,LRRC28,0.196711208334717,0.19580335663167833,0.0
ENSG00000168906,MAT2A,0.2551117896920061,-6.240657397932974,5.72596403419816
ENSG00000168913,ENHO,-0.4598405029382396,-3.995532028316525,0.0
ENSG00000168917,SLC35G2,0.0340043696398321,-0.6912891652292352,2.91051748561807
ENSG00000168924,LETM1,-0.1750009296871682,0.0,0.0
ENSG00000168936,TMEM129,-0.3721875933119781,0.614652214114215,0.0
ENSG00000168958,MFF,0.0567967483548849,0.0,0.0
ENSG00000168993,CPLX1,0.0595486815661586,0.0,0.0
ENSG00000169006,NTSR2,-0.1437975186513724,-0.8152629526650925,0.0
ENSG00000169018,FEM1B,0.1144699606781081,0.0,0.0
ENSG00000169019,COMMD8,0.0188730675102395,-2.8955218522186215,0.0
ENSG00000169032,MAP2K1,-0.3932451811382225,0.6941951052173501,0.0
ENSG00000169045,HNRNPH1,0.2197866623789831,0.20533505616115932,0.0
ENSG00000169047,IRS1,0.1204954195095598,-0.3164186222564841,1.74566023705239
ENSG00000169057,MECP2,0.0552548302822135,0.0,0.0
ENSG00000169083,AR,0.28337454981589,-1.1323979379696458,4.2384717243722
ENSG00000169116,PARM1,0.3930151984921495,0.0,0.0
ENSG00000169122,FAM110B,-0.0154728963937436,1.3399480276660298,0.0
ENSG00000169139,UBE2V2,-0.1181557640969938,-1.6224650121557809,0.0
ENSG00000169155,ZBTB43,0.3534894360389617,-0.6199051937716074,0.0
ENSG00000169169,CPT1C,0.0921308441441251,-0.2571939765997391,0.0
ENSG00000169180,XPO6,-0.2743474786885418,-0.7532621038940898,3.58239851893823
ENSG00000169184,MN1,-0.3196391473339286,-1.945083992688835,6.03929270000676
ENSG00000169189,NSMCE1,-0.0974048306824282,0.0,0.0
ENSG00000169193,CCDC126,0.218577395284807,-0.6485190946164375,2.59407637846575
ENSG00000169213,RAB3B,0.020750240444273,5.349244587859672,0.0
ENSG00000169217,CD2BP2,-0.3039254751760807,-2.717459381780875,0.0
ENSG00000169223,LMAN2,0.0540409674537869,-2.007625380568568,0.0
ENSG00000169251,NMD3,-0.0941431480411025,-0.2302455886531392,0.0
ENSG00000169255,B3GALNT1,0.1540963300060922,-1.1296263702478069,0.0
ENSG00000169288,MRPL1,-0.1663773593397067,-1.7901044379808524,0.0
ENSG00000169302,STK32A,0.0443554690386442,3.0294608163417536,0.0
ENSG00000169359,SLC33A1,-0.3747858477121831,0.0,0.0
ENSG00000169375,SIN3A,-0.3374938727452716,0.460352665100191,0.0
ENSG00000169398,PTK2,-0.1972426094409808,0.32632818752750037,0.0
ENSG00000169410,PTPN9,-0.3887157138170545,0.19549760388157078,0.0
ENSG00000169432,SCN9A,0.0160516949823045,-0.9675299201401639,12.1498283813378
ENSG00000169439,SDC2,-0.045388765333054,-7.29594291457371,23.4961010845089
ENSG00000169446,MMGT1,-0.158139824273798,0.6257201631124849,0.0
ENSG00000169490,TM2D2,-0.0989318805304529,-3.2319682792303865,0.0
ENSG00000169504,CLIC4,0.1543303039874471,1.4228948269081583,0.0
ENSG00000169554,ZEB2,0.152439524389684,0.0,0.0
ENSG00000169564,PCBP1,0.2684538113675194,-3.575324311153825,0.0
ENSG00000169567,HINT1,0.1958279939273501,-3.5570377006932903,0.0
ENSG00000169641,LUZP1,0.2397676434203781,0.0,0.0
ENSG00000169710,FASN,-0.4385623728399974,0.0,0.0
ENSG00000169714,CNBP,0.0727505471930447,-1.726880512894775,0.0
ENSG00000169740,ZNF32,0.261564747116368,-2.0152455096179027,0.0
ENSG00000169744,LDB2,-0.315916962054046,-2.6407055834496473,16.078998167604
ENSG00000169760,NLGN1,-0.2418854716567235,-1.8768624407488645,8.768928106296038
ENSG00000169762,TAPT1,0.2632175553484934,0.0,0.0
ENSG00000169764,UGP2,-0.2783970654713173,0.0,0.0
ENSG00000169783,LINGO1,-0.338736953393212,-0.6918357609783475,2.76734304391339
ENSG00000169826,CSGALNACT2,-0.1127588303746754,-1.2364442510159739,7.38136099683936
ENSG00000169851,PCDH7,0.2005021212929887,-2.414373396592372,8.714357608556979
ENSG00000169855,ROBO1,-0.1664221414480319,-1.8371348434021109,7.3505415381636094
ENSG00000169862,CTNND2,-0.1915547722382783,-2.045644605622129,8.86280031430729
ENSG00000169891,REPS2,-0.2831513976689335,-0.7604099102041901,4.62615181240538
ENSG00000169902,TPST1,-0.0101569169231057,-0.07676291350840048,4.57072980886813
ENSG00000169905,TOR1AIP2,-0.3786354611489503,0.21198483830138998,0.0
ENSG00000169926,KLF13,0.2344704992151421,-1.74300969154954,0.0
ENSG00000169933,FRMPD4,0.117421617154097,-3.221254646781152,11.3094275332647
ENSG00000169967,MAP3K2,-0.2689685664898004,0.0,0.0
ENSG00000169976,SF3B5,0.1665227418570452,-2.65187554995194,0.0
ENSG00000169992,NLGN2,-0.0253440029078654,0.0,0.0
ENSG00000170011,MYRIP,-0.091724133922995,-2.469602940687947,11.7423990346265
ENSG00000170017,ALCAM,-0.3406759437798727,-3.0838329748628537,8.20510993830379
ENSG00000170027,YWHAG,0.0998825308621266,-3.868795415417301,6.94402124473706
ENSG00000170075,GPR37L1,0.2592561563885057,0.0,0.0
ENSG00000170088,TMEM192,-0.2639595498352069,-0.467741402357845,0.0
ENSG00000170113,NIPA1,-0.1380799779560674,-3.0570111251806686,7.65927476695228
ENSG00000170142,UBE2E1,-0.2211133220329267,0.0,0.0
ENSG00000170144,HNRNPA3,0.3105872077648584,0.0,0.0
ENSG00000170145,SIK2,0.140901662220448,-0.042179113219858455,0.0
ENSG00000170153,RNF150,0.2985709473844738,-1.7492048654084238,10.9766127915211
ENSG00000170231,FABP6,-0.1760546646717566,-1.571947299226418,0.0
ENSG00000170234,PWWP2A,0.0262467258403273,0.0,0.0
ENSG00000170242,USP47,0.3881626601623485,-0.8735964108981875,3.49438564359275
ENSG00000170248,PDCD6IP,-0.1442485213210055,0.0,0.0
ENSG00000170266,GLB1,0.1078060036712433,0.0,0.0
ENSG00000170275,CRTAP,0.0535580372634712,0.0,0.0
ENSG00000170310,STX8,0.2321692943829592,0.32929754159856295,0.0
ENSG00000170315,UBB,0.1401266958867889,-2.081003055467412,0.0
ENSG00000170340,B3GNT2,-0.1109767319811127,-5.579063221578367,10.4513447842543
ENSG00000170348,TMED10,-0.1816669967275199,0.0,0.0
ENSG00000170385,SLC30A1,0.0249568974511317,0.0,0.0
ENSG00000170419,VSTM2A,-0.1472542493403325,1.0422641699889417,0.0
ENSG00000170448,NFXL1,-0.0976846214796789,-0.705631235392824,4.5894275771108
ENSG00000170456,DENND5B,0.1790627105831414,-2.117536652748486,6.62316251761852
ENSG00000170464,DNAJC18,-0.6079915731834785,0.0,0.0
ENSG00000170471,RALGAPB,-0.1466906091333005,0.0,0.0
ENSG00000170500,LONRF2,0.3420913260954796,1.82033301018548,0.0
ENSG00000170502,NUDT9,0.0831784742001014,0.0,0.0
ENSG00000170515,PA2G4,0.3950609234588303,-3.396061725939692,0.0
ENSG00000170522,ELOVL6,-0.2133923065302711,-1.284011325805294,5.96738710781211
ENSG00000170525,PFKFB3,0.0521179728929855,1.48194186119239,0.0
ENSG00000170540,ARL6IP1,0.1547266626169547,-1.6627467101279434,0.0
ENSG00000170542,SERPINB9,-0.2419835587538236,-5.362055700224343,11.9782095824156
ENSG00000170558,CDH2,0.6270174627343985,0.4160877218308676,0.0
ENSG00000170571,EMB,-0.4370465321484432,-2.2151128137586027,14.9847425684647
ENSG00000170581,STAT2,0.3147922337187914,0.0,0.0
ENSG00000170606,HSPA4,0.4127077646854989,-2.312357082835857,0.0
ENSG00000170619,COMMD5,-0.2579810944595003,-1.85926881191611,0.0
ENSG00000170624,SGCD,-0.1641003877681285,-3.4537414118438736,10.6708321892317
ENSG00000170633,RNF34,0.1079018852948607,0.0,0.0
ENSG00000170743,SYT9,0.0589473724393637,-2.187038277975041,0.0
ENSG00000170745,KCNS3,-0.0037357709615226,-14.849501684943899,31.011337492022
ENSG00000170759,KIF5B,-0.0589130118973685,-1.6395627079732775,0.0
ENSG00000170776,AKAP13,0.4114582974995985,-1.2355750512964359,8.77036123192414
ENSG00000170832,USP32,0.1199528173627783,-1.8578764060405832,7.282708150603619
ENSG00000170852,KBTBD2,0.2501410945432273,0.0,0.0
ENSG00000170860,LSM3,0.0061942164734615,0.0,0.0
ENSG00000170871,KIAA0232,-0.2649056647698439,0.0,0.0
ENSG00000170873,MTSS1,-0.0137841155388653,0.3752592630155598,0.0
ENSG00000170876,TMEM43,0.3923859739420903,0.0,0.0
ENSG00000170881,RNF139,-0.0842744146427659,-0.41219234063977,0.0
ENSG00000170889,RPS9,0.1660073130996876,-2.4918266507591116,0.0
ENSG00000170899,GSTA4,-0.4841265836033157,0.0,0.0
ENSG00000170903,MSANTD4,0.2593473033078816,-2.4678896612760166,0.0
ENSG00000170906,NDUFA3,0.1825647611563227,-2.684997392795073,0.0
ENSG00000170915,PAQR8,0.1065927499558459,-0.2635112846855383,0.0
ENSG00000170921,TANC2,-0.02490175479405,-0.40696992417283256,2.8440063261433095
ENSG00000170954,ZNF415,0.1449245463990665,0.0,0.0
ENSG00000170989,S1PR1,-0.0196473063779,0.0,0.0
ENSG00000171004,HS6ST2,-0.1062820388499455,-1.1020978261470553,2.39248311322746
ENSG00000171033,PKIA,0.1135942579721775,-0.0989461706931225,0.0
ENSG00000171055,FEZ2,0.309681198761245,0.5841436658725182,0.0
ENSG00000171067,C11ORF24,-0.3205917309046355,-2.5523615940079676,1.8714557087207695
ENSG00000171105,INSR,0.3599020043891963,-1.0314270241619874,0.0
ENSG00000171109,MFN1,-0.2325132731249339,-0.8610595404190575,5.69120239032306
ENSG00000171130,ATP6V0E2,0.0920188142654884,-3.0332745626396385,0.0
ENSG00000171135,JAGN1,0.0022105107658268,-1.558430744504485,0.0
ENSG00000171150,SOCS5,-0.0017885118729889,-1.61418019517166,6.45672078068664
ENSG00000171155,C1GALT1C1,-0.1397805693999571,-1.2543917281076218,0.0
ENSG00000171163,ZNF692,0.1045612154312616,0.0,0.0
ENSG00000171202,TMEM126A,0.2821177293174201,-1.5296942767166934,0.0
ENSG00000171204,TMEM126B,-0.2690061330079215,-2.615816723708435,0.0
ENSG00000171206,TRIM8,0.3441777371836976,0.0,0.0
ENSG00000171208,NETO2,0.098740303435259,3.6801847774619336,3.0030321046119495
ENSG00000171222,SCAND1,-0.2209598898255403,-3.350653898872562,0.0
ENSG00000171223,JUNB,0.1782625031898731,1.0296956301278632,0.0
ENSG00000171262,FAM98B,0.1036705016633957,0.3638413382409116,0.0
ENSG00000171298,GAA,-0.0817726080312421,-1.8813134400805875,0.0
ENSG00000171302,CANT1,-0.0038041837062309,-1.7452456989142,0.0
ENSG00000171307,ZDHHC16,-0.3428137409918524,0.0,0.0
ENSG00000171310,CHST11,0.0607017602569256,-1.4994744931564974,5.99789797262599
ENSG00000171311,EXOSC1,0.4443620539431327,0.0,0.0
ENSG00000171365,CLCN5,-0.2035524872152284,-3.379936656171062,2.01321256883529
ENSG00000171368,TPPP,0.0018858974510067,0.40410271572446826,0.0
ENSG00000171385,KCND3,0.202203985246298,-4.537901886938713,15.0888738555542
ENSG00000171435,KSR2,0.1437625135713682,-0.36145177348043056,4.82223424891407
ENSG00000171444,MCC,-0.5611900065758036,-7.953720578319838,20.6819512134724
ENSG00000171450,CDK5R2,-0.0774596830446273,-3.094738995666565,0.0
ENSG00000171451,DSEL,0.11216395861687,-10.018707943901285,13.5694217487107
ENSG00000171456,ASXL1,0.3054712933918191,0.0,0.0
ENSG00000171467,ZNF318,0.0311478668698921,0.7403648304763834,0.0
ENSG00000171475,WIPF2,0.3627072930619444,-0.12063697140724661,0.0
ENSG00000171490,RSL1D1,-0.2359791821123121,-2.399629066983293,0.0
ENSG00000171492,LRRC8D,0.4714880858002748,-1.158756940048652,0.0
ENSG00000171503,ETFDH,-0.2437412487563586,-0.839620375934585,0.0
ENSG00000171533,MAP6,-0.0337748975853728,0.5671263722224866,0.0
ENSG00000171552,BCL2L1,0.1199965075164336,-0.691447186724295,2.76578874689718
ENSG00000171566,PLRG1,0.0017130181194324,-2.2356923095850125,0.0
ENSG00000171587,DSCAM,0.267179466248285,-2.3381726125979743,8.13394272347151
ENSG00000171603,CLSTN1,0.1456794808640902,-0.12862290342519972,0.0
ENSG00000171604,CXXC5,0.0918796626257486,0.4568086073733733,0.0
ENSG00000171608,PIK3CD,0.4641650985263297,1.7102301499916797,0.0
ENSG00000171617,ENC1,0.5204159319851278,-1.1053391058247384,0.0
ENSG00000171634,BPTF,0.5200206759436435,-1.011801915533654,3.47931802517273
ENSG00000171681,ATF7IP,0.3106156739063599,-1.274895240922965,5.09958096369186
ENSG00000171703,TCEA2,-0.1123618143406353,-2.3292730544497333,0.0
ENSG00000171720,HDAC3,0.1715255990033377,0.0,0.0
ENSG00000171723,GPHN,-0.3537572719038893,-0.11925195273634426,2.38097008028446
ENSG00000171724,VAT1L,0.693763338240362,4.609111801008289,0.0
ENSG00000171735,CAMTA1,0.4080460404542033,0.7023813403520242,1.88569160268657
ENSG00000171766,GATM,0.1017046533231842,0.0,0.0
ENSG00000171793,CTPS1,-0.2482452789269517,0.20295655667976,0.0
ENSG00000171824,EXOSC10,-0.0108339629629913,0.53806902549229,0.0
ENSG00000171843,MLLT3,0.1784368178621984,-3.209653688994801,8.64410290937971
ENSG00000171858,RPS21,-0.0780705376481287,-2.15043533762118,0.0
ENSG00000171862,PTEN,-0.1115978434733458,0.2332211556146997,4.26636715305754
ENSG00000171867,PRNP,0.1979926122532999,-1.8650731075197324,0.0
ENSG00000171885,AQP4,-0.0091935542999042,0.0,0.0
ENSG00000171914,TLN2,0.0621779815448015,1.494728635751766,0.0
ENSG00000171951,SCG2,0.1648238314170673,-1.0486275487420889,3.61042799989797
ENSG00000171953,ATPAF2,-0.1093443491344093,0.3168955840922017,0.0
ENSG00000171988,JMJD1C,0.0158396907575682,0.0,0.0
ENSG00000172007,RAB33B,-0.0589959393018209,0.07902219702985502,0.0
ENSG00000172020,GAP43,0.3132130362313534,-3.140060482983892,9.108893940263128
ENSG00000172046,USP19,0.3957484186016439,-2.3214902855630752,0.0
ENSG00000172057,ORMDL3,-0.0497279380089729,-1.7414324927732625,0.0
ENSG00000172137,CALB2,1.0371110702903217,3.684849617114178,0.0
ENSG00000172201,ID4,-0.088999193437794,1.1216881756355634,0.0
ENSG00000172260,NEGR1,0.3742951951313627,-0.40390477285059534,5.34071717929148
ENSG00000172262,ZNF131,0.2793032385784402,0.9115823370283133,0.0
ENSG00000172264,MACROD2,-0.2465421765854159,-1.7308288183100302,7.91106223845848
ENSG00000172269,DPAGT1,0.2834739383254596,0.0,0.0
ENSG00000172292,CERS6,-0.5225253375355612,-3.5555913411848805,12.8834181466019
ENSG00000172301,COPRS,0.056262631504542,-2.7908025462431203,0.0
ENSG00000172331,BPGM,0.1238657453015428,0.48073125707335,0.0
ENSG00000172336,POP7,-0.0003319704337595,-3.07148805273164,0.0
ENSG00000172339,ALG14,-0.1527168477618986,-0.2508756013794109,0.0
ENSG00000172346,CSDC2,-0.2609252052640227,-1.9263973762414095,7.705589504965638
ENSG00000172348,RCAN2,0.2598470499042641,-2.4431969360403207,8.890832564061169
ENSG00000172350,ABCG4,0.2552799829939136,0.0,0.0
ENSG00000172379,ARNT2,-0.502037773255169,-1.6076539968772874,4.70201956058743
ENSG00000172403,SYNPO2,0.268715800933939,-0.494642470499955,2.2886695211831
ENSG00000172461,FUT9,-0.2053584254569308,-3.6024384147118695,14.8025541780539
ENSG00000172466,ZNF24,0.347902909432666,0.0,0.0
ENSG00000172493,AFF1,0.1197135999600704,0.0,0.0
ENSG00000172500,FIBP,0.1374134215524045,-2.9515132834405766,0.0
ENSG00000172508,CARNS1,-0.0268537673898788,0.0,0.0
ENSG00000172534,HCFC1,0.1489077662847258,0.0,0.0
ENSG00000172586,CHCHD1,-0.0605801521875417,-1.154781999256357,0.0
ENSG00000172667,ZMAT3,-0.0218079246550493,0.46550579954656995,0.0
ENSG00000172731,LRRC20,-0.5420448056839408,0.0,0.0
ENSG00000172757,CFL1,0.4305992608105015,-3.3589398842185263,0.0
ENSG00000172765,TMCC1,-0.0705661120843266,-1.7022378074478608,5.7002560724672
ENSG00000172794,RAB37,-0.0018494683628171,-0.129929493069906,0.0
ENSG00000172795,DCP2,0.045546014952077,1.2115775837118201,0.0
ENSG00000172809,RPL38,-0.1045598015382084,-2.6595892940303516,0.0
ENSG00000172831,CES2,-0.2221252957867705,0.0,0.0
ENSG00000172845,SP3,0.2740776903292735,0.0,0.0
ENSG00000172869,DMXL1,-0.202818016945816,-0.6333845878818025,0.0
ENSG00000172889,EGFL7,0.1287813832955029,-3.3733757426533,0.0
ENSG00000172893,DHCR7,-0.0492437949690543,-1.6265814721930933,0.0
ENSG00000172915,NBEA,0.0450209841020966,-1.0410809410062845,5.78919943549932
ENSG00000172922,RNASEH2C,0.1616356768147972,-1.4809681856749108,0.0
ENSG00000172932,ANKRD13D,0.2898600854018334,0.0,0.0
ENSG00000172939,OXSR1,0.0602163256850286,-0.4050904636263586,0.0
ENSG00000172992,DCAKD,-0.0046610866223585,-0.3416117964318741,0.0
ENSG00000173011,TADA2B,-0.0023266530139622,-1.7090101705319576,0.0
ENSG00000173020,GRK2,0.0649255671005695,0.0,0.0
ENSG00000173039,RELA,0.2961600585227626,0.0,0.0
ENSG00000173064,HECTD4,-0.2004402695484148,-0.1938411425401516,2.28856168270539
ENSG00000173065,FAM222B,0.1433924599376115,-2.321974422382754,8.80336517313583
ENSG00000173068,BNC2,-0.0633046015210328,-10.417886694565691,32.1943107937449
ENSG00000173114,LRRN3,-0.5369211248497773,-6.5957839824983315,17.8197184308666
ENSG00000173120,KDM2A,0.129545011175325,0.6506231929942783,0.0
ENSG00000173141,MRPL57,0.6500601583555181,0.0,0.0
ENSG00000173210,ABLIM3,-0.0679933517340644,0.055765072399502125,0.0
ENSG00000173221,GLRX,-0.282320857903106,0.0,0.0
ENSG00000173230,GOLGB1,-0.0777385217282809,0.0,0.0
ENSG00000173267,SNCG,0.0139354476826234,-2.656382948978269,0.0
ENSG00000173272,MZT2A,-0.0509132555841245,-1.153948644155054,0.0
ENSG00000173273,TNKS,0.3458816295056731,0.0,0.0
ENSG00000173276,ZBTB21,0.2540151606742175,0.0,0.0
ENSG00000173320,STOX2,0.2010867285381607,-1.310664779843465,5.24265911937386
ENSG00000173402,DAG1,0.0718304490202102,-0.5493564656319692,0.0
ENSG00000173404,INSM1,0.0222221584384635,0.9633896669490456,2.0891646575832894
ENSG00000173406,DAB1,-0.1094549951241933,-2.306556156376769,7.739505776949189
ENSG00000173409,ARV1,0.1701606665904795,0.0,0.0
ENSG00000173418,NAA20,-0.1959813869152288,0.0,0.0
ENSG00000173482,PTPRM,0.1640776207163682,-0.4306680954867645,1.74915909647854
ENSG00000173517,PEAK1,-0.2627455683188519,0.9056054306441084,0.0
ENSG00000173545,ZNF622,0.103977782267511,-4.003293842075748,0.0
ENSG00000173575,CHD2,0.1294321556650978,0.0,0.0
ENSG00000173611,SCAI,-0.6614467818506521,-0.17545711870464498,0.0
ENSG00000173674,EIF1AX,-0.2279323037088141,-1.7614618364602723,0.0
ENSG00000173692,PSMD1,0.1146047140666089,0.0,0.0
ENSG00000173726,TOMM20,-0.2121696926356454,-0.7401145027312728,0.0
ENSG00000173744,AGFG1,-0.2002084099725728,-0.524841343956845,2.09936537582738
ENSG00000173757,STAT5B,0.2327983971800704,0.7130791145082052,0.0
ENSG00000173786,CNP,-0.0659871078007682,-2.544166424892275,0.0
ENSG00000173812,EIF1,0.0248470192553498,-2.96400768769383,0.0
ENSG00000173821,RNF213,0.7727859376214034,0.0,0.0
ENSG00000173852,DPY19L1,0.1092017699219282,0.0,0.0
ENSG00000173875,ZNF791,0.0024123539482534,0.0,0.0
ENSG00000173889,PHC3,-0.3227933683557315,-0.21878165240618597,0.0
ENSG00000173898,SPTBN2,-0.0031538126028934,0.0,0.0
ENSG00000173905,GOLIM4,-0.529904098816343,-10.816134460616812,24.0451938038439
ENSG00000173914,RBM4B,1.0319787823540092,-1.8245803708765886,0.0
ENSG00000173992,CCS,0.0411380930900459,-1.9379394228037015,0.0
ENSG00000174013,FBXO45,0.0244966940761213,0.0,0.0
ENSG00000174080,CTSF,-0.5607881209882946,-2.79976204617703,0.0
ENSG00000174106,LEMD3,-0.113979555082399,-0.25712920851729915,1.97853678394699
ENSG00000174132,FAM174A,-0.141360478191497,0.0,0.0
ENSG00000174136,RGMB,-0.0019454468402285,0.0,0.0
ENSG00000174165,ZDHHC24,-0.0812406314645949,-1.3884222156784167,0.0
ENSG00000174173,TRMT10C,-0.1710168146645451,-3.6048129194943677,0.0
ENSG00000174197,MGA,0.4745000633550886,1.0446902318673215,0.0
ENSG00000174238,PITPNA,-0.1805533355976621,0.011308313235576966,0.0
ENSG00000174282,ZBTB4,0.0560148062204816,0.5979659765766,2.53211984397932
ENSG00000174306,ZHX3,-0.008628221722917,0.0,0.0
ENSG00000174405,LIG4,0.1114971278297983,-2.175937491856677,0.0
ENSG00000174437,ATP2A2,-0.1585888772377953,0.0,0.0
ENSG00000174446,SNAPC5,0.4120022933100307,-1.8429873294936368,0.0
ENSG00000174456,C12ORF76,0.0039083741573892,0.0,0.0
ENSG00000174460,ZCCHC12,-0.1292997623214827,2.663371238345419,0.0
ENSG00000174469,CNTNAP2,-0.4295325597463305,-0.36884860206828607,3.96862611075242
ENSG00000174516,PELI3,0.0178003782848198,-2.7426776086386,0.0
ENSG00000174521,TTC9B,0.2981482258265107,-3.3657149487832427,0.0
ENSG00000174574,AKIRIN1,-0.2590501369633242,0.0,0.0
ENSG00000174579,MSL2,0.0897881040756633,-0.5242956223420924,2.0971824893683695
ENSG00000174606,ANGEL2,0.3831801721703334,0.0,0.0
ENSG00000174607,UGT8,0.6858017538316065,0.0,0.0
ENSG00000174628,IQCK,-0.0502213039773593,0.0,0.0
ENSG00000174684,B4GAT1,0.2346629882670092,0.0,0.0
ENSG00000174695,TMEM167A,0.0437042915981605,-2.089473908041555,0.0
ENSG00000174720,LARP7,-0.2722666008731472,-2.5290834185417,0.0
ENSG00000174738,NR1D2,0.033311163058193,0.0,0.0
ENSG00000174748,RPL15,-0.149011018404628,-2.9024321575367082,0.0
ENSG00000174775,HRAS,-0.2269374298256716,-3.114818413801384,0.0
ENSG00000174780,SRP72,0.3431769541405473,-2.3479527741301984,0.0
ENSG00000174840,PDE12,0.4754753734263828,0.0,0.0
ENSG00000174886,NDUFA11,-0.137940815953104,-3.5852405689457783,0.0
ENSG00000174891,RSRC1,0.3605642071280672,0.0,0.0
ENSG00000174915,PTDSS2,-0.0538941302683912,-0.023095385661131673,0.0
ENSG00000174938,SEZ6L2,0.4029929719014857,-1.9184917218137167,0.0
ENSG00000174939,ASPHD1,-0.1867690430126351,0.0,0.0
ENSG00000174943,KCTD13,0.3609220075384278,-0.10443981188472748,0.0
ENSG00000174953,DHX36,-0.0850428956220307,0.7660169963847926,0.0
ENSG00000175029,CTBP2,0.3591343750023962,-3.9233503075839486,10.3328675713077
ENSG00000175048,ZDHHC14,0.499404500593298,0.33736900248789,0.0
ENSG00000175054,ATR,0.0587623690889973,-0.8919088358331659,0.0
ENSG00000175073,VCPIP1,-0.5584403724118374,-1.971077224589,0.0
ENSG00000175105,ZNF654,0.2219708330316835,-0.6485240210583075,2.59409608423323
ENSG00000175110,MRPS22,-0.0469224898488618,-1.927713102953975,0.0
ENSG00000175115,PACS1,0.0281973090295649,-1.3500526295344895,7.3680249291626
ENSG00000175130,MARCKSL1,0.1563608920289116,0.0,0.0
ENSG00000175161,CADM2,-0.4071860104342665,-2.055785053468618,4.00488253002692
ENSG00000175166,PSMD2,-0.3506080997281815,-3.4915631831913565,0.0
ENSG00000175198,PCCA,0.2213447971823301,-0.6985975575646624,0.0
ENSG00000175203,DCTN2,-0.1171849206179651,-2.4191332825068232,0.0
ENSG00000175215,CTDSP2,0.4754995055096366,0.0,0.0
ENSG00000175216,CKAP5,0.1023553367344809,-1.6760574166251274,0.0
ENSG00000175220,ARHGAP1,-0.1806336794798095,-0.6740170216618242,0.0
ENSG00000175221,MED16,0.0247487515403817,0.0,0.0
ENSG00000175224,ATG13,-0.1561016575981107,0.15686534314129383,0.0
ENSG00000175264,CHST1,-0.0530760541671383,-1.010839721797693,3.6553582471903
ENSG00000175265,GOLGA8A,-0.2094905390393523,0.45157774718961335,0.0
ENSG00000175283,DOLK,-0.0649169540481984,-3.197355344318337,0.0
ENSG00000175334,BANF1,0.0777710215433476,0.0,0.0
ENSG00000175348,TMEM9B,-0.2084864480193771,-1.3917178269401496,0.0
ENSG00000175352,NRIP3,0.0156162561518882,-1.4547914249949156,0.0
ENSG00000175376,EIF1AD,0.4309541943493098,0.0,0.0
ENSG00000175387,SMAD2,-0.0557650498201794,-0.9305687122337256,4.775514090354809
ENSG00000175395,ZNF25,-0.0516577590497544,0.28575089376531165,0.0
ENSG00000175416,CLTB,0.0094321621253707,-2.722341683683751,0.0
ENSG00000175426,PCSK1,-0.2733750908054063,-9.086118756138333,21.3066250080223
ENSG00000175470,PPP2R2D,-0.1464367102759776,0.0,0.0
ENSG00000175497,DPP10,-0.5118510495027068,-4.437865675195122,12.5426883553679
ENSG00000175573,C11ORF68,0.0724232134511545,-2.5729724324185,0.0
ENSG00000175575,PAAF1,-0.1890562312016642,0.0,0.0
ENSG00000175581,MRPL48,0.0749366242082047,0.0,0.0
ENSG00000175602,CCDC85B,-0.3330952084325471,-4.0326979645388,3.33459289097695
ENSG00000175606,TMEM70,0.1866297432637865,-2.4407950114252075,0.0
ENSG00000175662,TOM1L2,-0.2158025910508289,-2.2651920254291724,7.77313282514143
ENSG00000175727,MLXIP,0.0811760903233513,-5.062140776376269,12.498382682104
ENSG00000175756,AURKAIP1,0.1981207550907218,-4.020933607808102,0.0
ENSG00000175782,SLC35E3,-0.1355332160742217,0.0,0.0
ENSG00000175785,PRIMA1,0.2785645103669859,2.889983017094921,0.0
ENSG00000175806,MSRA,-0.3290279084161309,-3.5926255028594354,7.82987914544399
ENSG00000175826,CTDNEP1,-0.4144901879367214,0.0,0.0
ENSG00000175866,BAIAP2,0.0876537232495426,0.0,0.0
ENSG00000175874,CREG2,0.087231329654396,0.0,0.0
ENSG00000175893,ZDHHC21,0.0658917471809698,0.0,0.0
ENSG00000175931,UBE2O,0.1251884629010448,-1.33027363177177,3.06837725140369
ENSG00000176022,B3GALT6,-0.2915857094983048,-1.20734315711436,0.0
ENSG00000176049,JAKMIP2,0.1653558693884046,-2.138595145398918,7.72078817137097
ENSG00000176055,MBLAC2,-0.7300763765631632,0.6195941908587667,0.0
ENSG00000176101,SSNA1,0.3806348293485999,-3.472424572960203,0.0
ENSG00000176102,CSTF3,-0.1516950145470874,-0.7341743355290324,4.4424456645172095
ENSG00000176148,TCP11L1,-0.2618114156164072,0.0,0.0
ENSG00000176171,BNIP3,0.0323542419916239,-2.7900792951944684,0.0
ENSG00000176222,ZNF404,0.1201122864208991,-0.49026233361075916,3.42890008671927
ENSG00000176340,COX8A,0.1107091503977814,-2.9075945139731214,0.0
ENSG00000176390,CRLF3,-0.005642800128754,-0.38144364799932545,0.0
ENSG00000176396,EID2,-0.4115044675785416,-2.369896200428943,0.0
ENSG00000176401,EID2B,-0.0291076766821459,-1.2162307514514472,0.0
ENSG00000176406,RIMS2,0.1790923891719897,-3.120747167587192,9.778304827485128
ENSG00000176407,KCMF1,-0.1292490162596444,-0.130633329991014,2.1823835504609295
ENSG00000176410,DNAJC30,0.1058302293237422,-2.399816756521892,0.0
ENSG00000176454,LPCAT4,0.289200382222389,0.0,0.0
ENSG00000176463,SLCO3A1,0.2224386301835142,0.46262135599861753,0.0
ENSG00000176533,GNG7,0.0832830301388981,0.0,0.0
ENSG00000176595,KBTBD11,0.1347921912946104,0.0,0.0
ENSG00000176623,RMDN1,-0.3408547899303092,0.36095613334568005,0.0
ENSG00000176624,MEX3C,-0.1765639742690923,-1.1328320344010616,0.0
ENSG00000176697,BDNF,0.1726421047053346,2.0288400951572925,0.0
ENSG00000176720,BOK,0.573643498758122,0.0,0.0
ENSG00000176749,CDK5R1,-0.2043890015037462,0.5078998352171433,0.0
ENSG00000176783,RUFY1,0.034813769311292,-0.21383349021131337,0.0
ENSG00000176788,BASP1,0.2062931406691684,-3.91448027900196,10.3995061558542
ENSG00000176871,WSB2,-0.3694470054882898,0.0,0.0
ENSG00000176884,GRIN1,0.0014705992320255,-0.19870894996964372,7.381568771768029
ENSG00000176887,SOX11,-0.0746084826503801,2.791568340472284,0.0
ENSG00000176946,THAP4,-0.0480669056005428,0.0,0.0
ENSG00000176953,NFATC2IP,-0.1551021181455356,-0.39183467931804,0.0
ENSG00000176956,LY6H,-0.0322434811586135,2.63856815612154,0.0
ENSG00000176978,DPP7,-0.0432910266286817,-1.7025293560412813,0.0
ENSG00000176986,SEC24C,0.1933438190926308,0.28218606242032834,0.0
ENSG00000177000,MTHFR,0.0971616535164105,0.0,0.0
ENSG00000177054,ZDHHC13,-0.0174715841681637,0.09106184311946651,0.0
ENSG00000177082,WDR73,0.2445939511672133,0.0,0.0
ENSG00000177098,SCN4B,0.1202500151237704,0.0,0.0
ENSG00000177108,ZDHHC22,0.4584057359440617,0.0,0.0
ENSG00000177150,FAM210A,0.0530195351915063,0.0,0.0
ENSG00000177156,TALDO1,0.0777181380993931,-3.6260435078795954,2.0243744887247894
ENSG00000177181,RIMKLA,-0.3360141125816163,-0.06046036919362473,0.0
ENSG00000177189,RPS6KA3,-0.0392938742325603,-3.234248156868875,12.9018103352513
ENSG00000177200,CHD9,0.1851546941552483,0.5948722480599516,0.0
ENSG00000177239,MAN1B1,-0.180662023240196,-1.6941882256990992,0.0
ENSG00000177301,KCNA2,0.0303685775142676,0.0,0.0
ENSG00000177311,ZBTB38,-0.0496368845827195,0.0,0.0
ENSG00000177370,TIMM22,-0.2916495378216437,-3.122190327536325,0.0
ENSG00000177383,MAGEF1,0.4014939905230312,-2.8838921328883784,0.0
ENSG00000177410,ZFAS1,-0.1857218193035155,-1.960524306200817,0.0
ENSG00000177432,NAP1L5,0.0719991763081427,-1.501840185423378,0.0
ENSG00000177479,ARIH2,0.0441587978254972,0.0,0.0
ENSG00000177542,SLC25A22,-0.0970126596006075,-1.4157674047798703,0.0
ENSG00000177551,NHLH2,0.3683335142416033,-0.13215170316132596,2.86613039995404
ENSG00000177556,ATOX1,0.1720442517098527,-2.6689006372608985,0.0
ENSG00000177565,TBL1XR1,-0.0281478968544703,-0.7862038146077427,3.64716658442932
ENSG00000177600,RPLP2,0.1105290460859402,-2.71532304522472,0.0
ENSG00000177606,JUN,0.445340053449262,0.0,0.0
ENSG00000177613,CSTF2T,0.0428667877277149,-1.6240392838701374,0.0
ENSG00000177614,PGBD5,0.3947316921969765,-3.150069740589159,15.4335054062034
ENSG00000177646,ACAD9,-0.1912295760932058,-0.17989697727747678,0.0
ENSG00000177683,THAP5,-0.2409934595620568,-1.790202504008517,0.0
ENSG00000177697,CD151,-0.0348659777429522,-5.039001059237149,9.388186224893
ENSG00000177700,POLR2L,0.3143492831834943,-3.371875923324735,0.0
ENSG00000177706,FAM20C,-0.1687848934287183,-6.291104866168795,12.5497744194091
ENSG00000177731,FLII,0.2659988239774244,-3.369376406741075,0.0
ENSG00000177733,HNRNPA0,-0.1757532717362155,-1.9107710435060477,0.0
ENSG00000177830,CHID1,0.1153445840973601,-1.057004205199755,0.0
ENSG00000177875,CCDC184,-0.1521906935623635,0.0,0.0
ENSG00000177885,GRB2,0.1452439811364956,0.0,0.0
ENSG00000177888,ZBTB41,-0.2081263054429933,0.0,0.0
ENSG00000177889,UBE2N,0.1860356384649949,0.0,0.0
ENSG00000177951,BET1L,-0.2132053676201863,0.0,0.0
ENSG00000177963,RIC8A,-0.1439054790796886,-1.485224658265008,0.0
ENSG00000177971,IMP3,0.1094969696789939,-2.526905145927057,0.0
ENSG00000177981,ASB8,0.0908073946668805,-2.39478911046175,0.0
ENSG00000178053,MLF1,0.0433218755450678,0.0,0.0
ENSG00000178057,NDUFAF3,-0.0061667715694783,-3.140186561028848,0.0
ENSG00000178074,C2ORF69,-0.2147903272686858,0.0,0.0
ENSG00000178104,PDE4DIP,-0.0035028445542929,-1.486061144676295,5.94424457870518
ENSG00000178163,ZNF518B,0.1078323117109715,0.5997688480594233,0.0
ENSG00000178171,AMER3,0.001406917405286,0.5043252479353283,0.0
ENSG00000178234,GALNT11,0.0769346332786707,-2.5206362676192255,6.046829118318289
ENSG00000178235,SLITRK1,-0.2323935822125558,-1.13440609937368,0.0
ENSG00000178301,AQP11,0.0067538778096699,0.0,0.0
ENSG00000178307,TMEM11,0.0778525713691827,0.0,0.0
ENSG00000178381,ZFAND2A,0.6330954819774799,-3.127848543090025,0.0
ENSG00000178425,NT5DC1,-0.2798239188575541,0.0,0.0
ENSG00000178449,COX14,0.3753895804069569,-3.2150059313961528,0.0
ENSG00000178498,DTX3,-0.2108966839385295,0.0,0.0
ENSG00000178538,CA8,0.7058562147727885,4.220257489021387,0.0
ENSG00000178567,EPM2AIP1,0.5605748104569458,0.5626945056664617,0.0
ENSG00000178568,ERBB4,0.0601768708781447,-1.8713984476373207,9.148276067678548
ENSG00000178662,CSRNP3,0.4336016792500419,-1.5889648225691277,7.871751141368429
ENSG00000178691,SUZ12,0.1429823431457332,0.0,0.0
ENSG00000178695,KCTD12,0.0827300643746754,0.6842138933113934,0.0
ENSG00000178718,RPP25,0.31218039849041,-2.832730223014325,0.0
ENSG00000178741,COX5A,0.0598697946100776,-3.3811495912260536,0.0
ENSG00000178761,FAM219B,-0.1777669222279492,-2.227486480816215,0.0
ENSG00000178913,TAF7,-0.1838763542810904,-2.8933710280259404,0.0
ENSG00000178947,SMIM10L2A,-0.4807305268861483,0.0,0.0
ENSG00000178950,GAK,-0.3317048872888595,-0.27665531539431004,2.62189058201962
ENSG00000178951,ZBTB7A,-0.1386684376710858,0.0,0.0
ENSG00000178952,TUFM,-0.082593116076361,-3.489010399327373,0.0
ENSG00000178965,ERICH3,0.1395224446174518,0.0,0.0
ENSG00000178974,FBXO34,0.2188028664690341,0.453359169685375,0.0
ENSG00000178982,EIF3K,-0.0907931349269217,-1.962215552284455,0.0
ENSG00000178988,MRFAP1L1,0.0976027005210204,-2.684192654457725,0.0
ENSG00000179010,MRFAP1,-0.2527327758162285,-3.056394836567687,0.0
ENSG00000179021,C3ORF38,-0.224726021880719,0.0,0.0
ENSG00000179083,FAM133A,0.4498869731420706,0.5939459902934382,0.0
ENSG00000179085,DPM3,0.3359831346144997,-1.8830747769265632,0.0
ENSG00000179091,CYC1,-0.1795832462009067,-3.3613756407323914,0.0
ENSG00000179115,FARSA,0.0265931519782141,-2.299817376748085,0.0
ENSG00000179134,SAMD4B,0.0933703405956139,-0.4401629339070875,0.0
ENSG00000179195,ZNF664,-0.2496431066288387,0.0,0.0
ENSG00000179218,CALR,0.4525775077332054,-3.151023336882403,0.0
ENSG00000179222,MAGED1,-0.0705004678021205,0.3414303496608467,0.0
ENSG00000179242,CDH4,0.5023850134807211,4.69953641044785,0.0
ENSG00000179262,RAD23A,-0.0738816868854517,-2.7583146427045584,0.0
ENSG00000179295,PTPN11,-0.3018985641356715,0.0,0.0
ENSG00000179314,WSCD1,-0.2843095941890204,0.0,0.0
ENSG00000179364,PACS2,0.1142655015522464,0.0,0.0
ENSG00000179387,ELMOD2,0.0545258846415603,-0.465678913271605,0.0
ENSG00000179431,FJX1,-0.2513221849080008,-5.657400878585452,3.45536801874054
ENSG00000179454,KLHL28,0.2025312929751304,0.0,0.0
ENSG00000179456,ZBTB18,0.0741046437074884,0.0,0.0
ENSG00000179526,SHARPIN,-0.3179783268123275,-1.6478621856956281,0.0
ENSG00000179542,SLITRK4,-0.1393865362371243,-8.394916013968409,17.1809736409777
ENSG00000179598,PLD6,0.2586430367096552,-1.9998150690193777,0.0
ENSG00000179796,LRRC3B,0.0842401739201653,-6.1620277338951945,19.844084015919496
ENSG00000179820,MYADM,0.0301974398561687,-1.2431585596999482,0.0
ENSG00000179889,PDXDC1,0.309267424982565,0.0,0.0
ENSG00000179912,R3HDM2,-0.069734374703778,-0.65089965122944,2.60359860491776
ENSG00000179915,NRXN1,-0.1474700976019849,-2.5790035746778215,6.83363900773795
ENSG00000179918,SEPHS2,-0.454165597776879,-3.06073894796385,0.0
ENSG00000179933,C14ORF119,0.1390709318365829,-2.753842454018025,0.0
ENSG00000179950,PUF60,-0.0864292131189178,-3.7809006378064,0.0
ENSG00000179958,DCTPP1,-0.1744546072201521,-2.425356615139637,0.0
ENSG00000179981,TSHZ1,0.1016693210893458,-3.705755156204238,5.09790753608916
ENSG00000180008,SOCS4,-0.0657824527332698,0.0,0.0
ENSG00000180104,EXOC3,0.4263929818991165,-2.56988223678925,0.0
ENSG00000180155,LYNX1,0.0739654285562894,-3.5007244166102818,0.0
ENSG00000180176,TH,0.2972297605384142,-8.414190002937653,29.1278738167118
ENSG00000180182,MED14,0.307487302572663,-0.9645713006621599,0.0
ENSG00000180185,FAHD1,0.1425195879929217,-2.06237031131281,0.0
ENSG00000180190,TDRP,0.0025073457540014,0.0,0.0
ENSG00000180228,PRKRA,-0.2125950184065519,0.0,0.0
ENSG00000180304,OAZ2,0.0896485750731186,-2.89375021433585,0.0
ENSG00000180354,MTURN,0.1962321291436649,0.0,0.0
ENSG00000180370,PAK2,0.2036204130613267,-0.40395734291944096,0.0
ENSG00000180398,MCFD2,-0.1091474996625591,-1.1510359929027387,0.0
ENSG00000180543,TSPYL5,-0.0127210176481152,-1.8117038955672649,0.0
ENSG00000180694,TMEM64,-0.1530713834722999,3.2409423536091775,0.0
ENSG00000180817,PPA1,-0.0085575473896196,-2.3857836070943614,0.0
ENSG00000180822,PSMG4,0.2977770088262651,0.5018950629026183,0.0
ENSG00000180879,SSR4,0.1556489793923695,-3.080518090525178,0.0
ENSG00000180881,CAPS2,0.223252860353313,-3.4102462517517944,10.2721648571457
ENSG00000180901,KCTD2,-0.1897234317825874,-1.8609878374569666,0.0
ENSG00000180902,D2HGDH,-0.0162635322958098,0.29984681331502666,0.0
ENSG00000180964,TCEAL8,-0.0655246769381216,-2.83592199595903,0.0
ENSG00000181019,NQO1,0.0869583766549671,0.60364046381499,0.0
ENSG00000181035,SLC25A42,-0.2816175847539949,0.0,0.0
ENSG00000181045,SLC26A11,0.2707410513319043,2.9212814288333826,0.0
ENSG00000181061,HIGD1A,-0.1782982076557031,-1.2769276781238807,0.0
ENSG00000181090,EHMT1,0.1660408217107442,-0.4644094123869624,1.8576376495478495
ENSG00000181163,NPM1,0.023260032461255,-2.16769661749851,0.0
ENSG00000181191,PJA1,0.4555360806805382,-0.32459750691441913,0.0
ENSG00000181192,DHTKD1,-0.1888468188764157,-1.4342617535723794,3.30467573682883
ENSG00000181222,POLR2A,0.0588435517728919,-0.991535938570245,2.19711003665657
ENSG00000181234,TMEM132C,0.574936966389853,-0.7857394193165901,0.0
ENSG00000181409,AATK,0.0155229810970176,-0.43921749982923,0.0
ENSG00000181449,SOX2,-0.1986562630415201,0.0,0.0
ENSG00000181523,SGSH,-0.2828669923769667,1.8850334823370918,0.0
ENSG00000181555,SETD2,-0.0017122944246155,-0.8858167846379157,2.18042360485509
ENSG00000181610,MRPS23,-0.0851528116839349,-1.890017850768635,0.0
ENSG00000181638,ZFP41,0.3096415344135211,0.0,0.0
ENSG00000181704,YIPF6,-0.1496166961077397,-0.03594872275903094,0.0
ENSG00000181754,AMIGO1,-0.305973499568094,-1.9894769067801723,0.0
ENSG00000181789,COPG1,-0.1142800155097344,0.0,0.0
ENSG00000181790,ADGRB1,0.0016791673476958,0.0,0.0
ENSG00000181827,RFX7,0.0049157387564512,0.22020402139700546,0.0
ENSG00000181830,SLC35C1,0.165576253425579,-2.224015560506135,0.0
ENSG00000181852,RNF41,-0.3294930197071674,-1.9346485368993953,0.0
ENSG00000181904,C5ORF24,0.3008225783157442,0.0,0.0
ENSG00000181924,COA4,0.0546178179691893,0.9363015658882,0.0
ENSG00000181991,MRPS11,-0.0662993978319649,-2.530143780676325,0.0
ENSG00000182054,IDH2,-0.0371939006244364,0.0,0.0
ENSG00000182087,TMEM259,-0.3470593570475289,-3.0050492575247,0.0
ENSG00000182117,NOP10,0.2350139492338832,-2.095365834773125,0.0
ENSG00000182134,TDRKH,-0.0748881049810333,0.0,0.0
ENSG00000182149,IST1,0.0584264030595019,0.21656411887383334,0.0
ENSG00000182154,MRPL41,-0.1234048978418249,-2.8212647568338363,5.17012637316409
ENSG00000182168,UNC5C,-0.368657803037607,-2.2915167870692037,11.4562006226805
ENSG00000182195,LDOC1,-0.0071032696318633,-3.2713882595161765,0.0
ENSG00000182199,SHMT2,0.101069544973085,0.0,0.0
ENSG00000182208,MOB2,0.2681833514289394,0.0,0.0
ENSG00000182220,ATP6AP2,0.0323507575819128,-1.8095131449352149,0.0
ENSG00000182247,UBE2E2,0.1241204723727828,-0.15144781486827275,0.0
ENSG00000182253,SYNM,-0.0222388380901473,0.0,0.0
ENSG00000182287,AP1S2,0.6561408236282612,0.48165383341336665,0.0
ENSG00000182307,C8ORF33,-0.2529731779684598,-3.4654406985942603,0.0
ENSG00000182372,CLN8,0.3164847696589528,0.0,0.0
ENSG00000182400,TRAPPC6B,-0.3113859380380047,-0.09219401099094238,0.0
ENSG00000182446,NPLOC4,-0.0953943385534605,-2.338209771134644,6.9861460599792
ENSG00000182504,CEP97,0.1882396050823312,0.0,0.0
ENSG00000182512,GLRX5,-0.2626160969241634,-3.16895244710243,0.0
ENSG00000182534,MXRA7,0.0265200381655982,-0.759893808179015,3.03957523271606
ENSG00000182541,LIMK2,-0.0537504891333807,-1.1332714589345314,6.76484751400972
ENSG00000182551,ADI1,0.0518371096293594,0.0,0.0
ENSG00000182568,SATB1,0.0825876908202124,-11.559876108182616,21.7296440612
ENSG00000182606,TRAK1,-0.4365876437611911,-3.8710153461447554,13.7223331313487
ENSG00000182621,PLCB1,0.0484718475595031,-1.8646098960578144,10.4301559580772
ENSG00000182628,SKA2,0.1125543929756134,0.0,0.0
ENSG00000182636,NDN,0.245405987297681,-2.4074065075161513,0.0
ENSG00000182667,NTM,-0.4149098736961504,-2.305057239681002,9.220228958724007
ENSG00000182670,TTC3,-0.1979030007605116,-0.6914981465926224,5.19024591777123
ENSG00000182718,ANXA2,0.7640848547462836,0.7323133443149761,0.0
ENSG00000182732,RGS6,-0.4757567701307039,-2.1759549908449864,10.1888825975495
ENSG00000182747,SLC35D3,-0.4101499635945171,-4.809285054940999,4.27608531436678
ENSG00000182752,PAPPA,0.3392667029299013,-4.247687917900093,16.3935287483218
ENSG00000182771,GRID1,-0.3589512437298764,-2.42443623794209,8.56077652268615
ENSG00000182827,ACBD3,0.009990881568438,-0.08363785752005765,0.0
ENSG00000182836,PLCXD3,0.002191652923821,0.7856488544823303,0.0
ENSG00000182870,GALNT9,0.0875371424675007,0.0,0.0
ENSG00000182872,RBM10,0.2431668444255915,0.0,0.0
ENSG00000182899,RPL35A,0.216100379056305,-2.744734759256872,0.0
ENSG00000182901,RGS7,-0.542682326353827,-2.1326077867611284,8.7477092704731
ENSG00000182902,SLC25A18,0.006760383566043,0.0,0.0
ENSG00000182903,ZNF721,0.1726781610939957,-0.6431326868632168,3.1419125638445
ENSG00000182916,TCEAL7,0.1923042037146016,-1.0032675828037831,0.0
ENSG00000182919,C11ORF54,-0.7096280883341349,-0.668130964500495,0.0
ENSG00000182923,CEP63,0.0767751220795498,0.0,0.0
ENSG00000182944,EWSR1,-0.4918722482313692,0.0,0.0
ENSG00000182985,CADM1,0.8540718297682041,1.1300825827836092,0.0
ENSG00000183011,NAA38,0.0416680018944209,0.0,0.0
ENSG00000183020,AP2A2,0.088225512220614,-0.713109920447365,2.85243968178946
ENSG00000183023,SLC8A1,-0.0892162545475999,-2.1483814342388543,10.3852141802464
ENSG00000183036,PCP4,0.3488649334240402,0.0,0.0
ENSG00000183044,ABAT,-0.1921790088022919,0.40912144033178577,0.0
ENSG00000183049,CAMK1D,-0.5319228578444436,-5.336016162024104,14.3800083584391
ENSG00000183087,GAS6,0.0232669458394427,0.0,0.0
ENSG00000183091,NEB,-0.2362781829840189,-12.726741107843626,34.8001777033371
ENSG00000183092,BEGAIN,0.1197708351851049,1.562006779281286,0.0
ENSG00000183111,ARHGEF37,0.0785012369553489,-5.07902498884133,5.30453367303877
ENSG00000183114,FAM43B,0.0420011161880174,-3.863272910402503,0.0
ENSG00000183117,CSMD1,-0.3983342169475783,-0.8778549702243466,6.148674430738089
ENSG00000183155,RABIF,0.4026663247248156,0.656673611266545,0.0
ENSG00000183166,CALN1,-0.7064865451704941,-5.046310475685655,12.5818441803279
ENSG00000183172,SMDT1,0.0070038717582364,-3.442742107969422,0.0
ENSG00000183207,RUVBL2,0.4945866823477419,-2.3311314257412015,0.0
ENSG00000183255,PTTG1IP,-0.1419995800674884,0.0,0.0
ENSG00000183258,DDX41,-0.297343545661385,-1.5974659028025164,0.0
ENSG00000183283,DAZAP2,0.1117229389959787,-2.3553985800330426,0.0
ENSG00000183317,EPHA10,0.1576893359362425,-0.07498188273555173,0.0
ENSG00000183431,SF3A3,0.0672540235572328,-2.251026747083982,0.0
ENSG00000183454,GRIN2A,0.4453531604353087,2.151487071735655,0.0
ENSG00000183495,EP400,0.7318878779746076,-0.4484816318695959,0.0
ENSG00000183513,COA5,0.0148048462013428,0.0,0.0
ENSG00000183530,PRR14L,-0.0982465840012622,-1.0917612531363492,0.0
ENSG00000183570,PCBP3,-0.0027636840443857,1.4995938514673701,0.0
ENSG00000183576,SETD3,0.0652614190804815,0.0,0.0
ENSG00000183597,TANGO2,-0.1221049162933482,-2.0279630365643317,8.48915404642819
ENSG00000183624,HMCES,-0.1135844475427181,0.0,0.0
ENSG00000183648,NDUFB1,-0.1624215748670618,-0.8634526838243384,0.0
ENSG00000183723,CMTM4,-0.2109039309385213,0.37994502979718825,0.0
ENSG00000183726,TMEM50A,-0.1912196318291507,-1.737976560581125,0.0
ENSG00000183735,TBK1,-0.2784069243766592,0.0,0.0
ENSG00000183741,CBX6,-0.138483933864567,-3.4521442038076526,0.0
ENSG00000183751,TBL3,0.0449361763407989,-2.1809028543932176,0.0
ENSG00000183779,ZNF703,0.1928215411738668,-3.686914586870264,5.34913673490931
ENSG00000183826,BTBD9,0.2784363137316016,-0.9412355057481734,3.33692876826792
ENSG00000183864,TOB2,-0.0358975325424743,-1.59515659293044,6.38062637172176
ENSG00000183978,COA3,-0.0361558339655333,-5.1503180465306,0.0
ENSG00000184007,PTP4A2,0.1748739268599861,0.0,0.0
ENSG00000184009,ACTG1,-0.1642113133408403,-2.6595204921923816,0.0
ENSG00000184014,DENND5A,0.119304401490797,0.0,0.0
ENSG00000184076,UQCR10,0.193894895630157,-3.6854218107756305,0.0
ENSG00000184117,NIPSNAP1,-0.1611492593868391,0.4283170108365275,0.0
ENSG00000184144,CNTN2,-0.0073626559333266,-3.0222159739520125,3.1753480318038
ENSG00000184156,KCNQ3,-0.0412018939704853,-2.0746338050340145,10.5097203234784
ENSG00000184164,CRELD2,0.4690885101909081,-1.0773583050126356,0.0
ENSG00000184178,SCFD2,0.0774948637216498,-1.5250656640934481,6.59139505182118
ENSG00000184182,UBE2F,-0.0956385531236919,-1.1917861955559075,0.0
ENSG00000184194,GPR173,-0.2203513973000402,-4.858576381742929,12.3897527594688
ENSG00000184203,PPP1R2,-0.1116247297493902,-2.0398402352897915,0.0
ENSG00000184205,TSPYL2,-0.3002759149694024,0.2593780878578835,0.0
ENSG00000184209,SNRNP35,0.1804224072521442,0.0,0.0
ENSG00000184216,IRAK1,-0.3345614567407068,-1.6908676315299125,0.0
ENSG00000184220,CMSS1,0.0187561276755018,0.10069858862811887,0.0
ENSG00000184221,OLIG1,-0.0221091053383489,0.0,0.0
ENSG00000184226,PCDH9,-0.0151675600503222,-1.7413520630105361,2.7360844515348095
ENSG00000184271,POU6F1,-0.0339113504363253,-1.8455965423573923,3.6037627662577494
ENSG00000184277,TM2D3,-0.1482510339265045,-1.6107177446062884,0.0
ENSG00000184349,EFNA5,0.1160125327582856,-0.2870686911238134,8.53313689819769
ENSG00000184368,MAP7D2,0.0394809215167722,-0.4675296441099477,0.0
ENSG00000184388,PABPC1L2B,0.1476602990130303,0.0,0.0
ENSG00000184402,SS18L1,-0.3667560361970947,-0.2697210063741725,0.0
ENSG00000184408,KCND2,0.033407131718096,-3.885583922285984,10.1986951071451
ENSG00000184432,COPB2,-0.0522906466476266,-2.1270000944835634,0.0
ENSG00000184436,THAP7,0.2501644777731623,-2.288874777987328,0.0
ENSG00000184486,POU3F2,-0.2775762643899043,-13.060424867293271,29.6860041042082
ENSG00000184515,BEX5,-0.2117819343972677,-2.93255941583932,0.0
ENSG00000184517,ZFP1,0.2975338923716145,0.0,0.0
ENSG00000184524,CEND1,0.0591637938789822,-2.410309041341125,0.0
ENSG00000184545,DUSP8,0.0056971612327817,0.6164693598223917,0.0
ENSG00000184575,XPOT,0.1194508411571783,0.0,0.0
ENSG00000184588,PDE4B,-0.166938796646458,-1.2235158342338224,6.459534066955889
ENSG00000184602,SNN,0.0973698323146079,-2.296460630975337,0.0
ENSG00000184613,NELL2,-0.1948825703864004,-5.735141398626563,13.8257480381226
ENSG00000184640,SEPTIN9,-0.1683880134462194,0.0,0.0
ENSG00000184672,RALYL,-0.260840131566824,-1.4882576903170506,10.2013414561045
ENSG00000184677,ZBTB40,0.1681598776777868,0.0,0.0
ENSG00000184708,EIF4ENIF1,-0.3843644082010074,0.0,0.0
ENSG00000184752,NDUFA12,0.1466500583485316,-2.5380244557073173,0.0
ENSG00000184792,OSBP2,0.018610248931586,-1.7486592191739407,6.24257054347253
ENSG00000184831,APOO,-0.0858141839924768,0.0,0.0
ENSG00000184840,TMED9,-0.2941382096623496,-4.15735275045837,0.0
ENSG00000184863,RBM33,0.2424005284073891,-0.16150026177042476,0.0
ENSG00000184867,ARMCX2,-0.0374371122453324,-3.2947518984478426,0.0
ENSG00000184887,BTBD6,-0.1749188849877891,-3.1095316407863867,0.0
ENSG00000184900,SUMO3,-0.2413322101304149,-1.5567298975535118,0.0
ENSG00000184905,TCEAL2,-0.0744539149219303,-2.7559049627546415,0.0
ENSG00000184916,JAG2,-0.1661724677574175,-2.4791796680689187,0.0
ENSG00000184939,ZFP90,0.1345544908917667,0.5402485659880185,0.0
ENSG00000184983,NDUFA6,0.1249976678474434,-3.107077426080845,0.0
ENSG00000184992,BRI3BP,0.3819632255054692,0.5129558272503116,0.0
ENSG00000185008,ROBO2,-0.3712879915630686,-1.171731342022293,5.55515493268534
ENSG00000185009,AP3M1,-0.0792653174528285,-0.6536892303166475,0.0
ENSG00000185010,F8,-0.1911664708450102,0.50847517888447,0.0
ENSG00000185024,BRF1,-0.275841823571644,0.41597593371764835,0.0
ENSG00000185043,CIB1,-0.7358597107739971,-1.792064185870435,0.0
ENSG00000185046,ANKS1B,0.3990396198532267,-1.2078988472529137,6.84495457278679
ENSG00000185049,NELFA,-0.0599913820473784,-0.1482009074675874,2.15076438778294
ENSG00000185052,SLC24A3,0.0875568079997874,-2.1627305442579523,0.0
ENSG00000185070,FLRT2,0.2079601650188364,3.143651110392162,0.0
ENSG00000185088,RPS27L,-0.4317261738274079,-1.7898856912162033,0.0
ENSG00000185090,MANEAL,0.1837890876096452,0.5305675629559382,0.0
ENSG00000185104,FAF1,-0.159301549753669,0.59491533753507,0.0
ENSG00000185127,C6ORF120,-0.3938150420932057,-2.8296188070384383,0.0
ENSG00000185129,PURA,0.2920359115821388,-2.1425906524905063,0.0
ENSG00000185187,SIGIRR,-0.0264047960684556,-2.2192846890522584,0.0
ENSG00000185219,ZNF445,0.3223005256264147,-2.03547558687863,8.02187591840818
ENSG00000185246,PRPF39,-0.1489701404531838,0.0,0.0
ENSG00000185262,UBALD2,-0.2023567730098323,0.0,0.0
ENSG00000185324,CDK10,0.2722514024351765,0.6549966419785617,0.0
ENSG00000185340,GAS2L1,-0.1397536719678932,-2.0075902360595577,0.0
ENSG00000185359,HGS,-0.3739012641454637,-1.8822110817293125,0.0
ENSG00000185420,SMYD3,0.0739884063203529,-1.3541599843521936,4.74106463428641
ENSG00000185442,FAM174B,0.0118597531604955,0.0,0.0
ENSG00000185477,GPRIN3,-0.0450247121764889,-6.45106364465314,17.0248541890579
ENSG00000185513,L3MBTL1,0.4432309232925013,0.018402059210336774,0.0
ENSG00000185518,SV2B,-0.2744563779735132,-5.472984362635567,20.8812097310221
ENSG00000185559,DLK1,-0.0129637251437258,-7.679504320705566,0.0
ENSG00000185565,LSAMP,0.2765861951486817,-0.6190278343055393,3.85888481867756
ENSG00000185567,AHNAK2,-0.1045146860370673,-4.68357633674332,2.0916881690132
ENSG00000185608,MRPL40,0.1365222230174914,-2.2455008880224954,0.0
ENSG00000185619,PCGF3,-0.2323818697699204,0.0,0.0
ENSG00000185624,P4HB,-0.113109869361476,-1.6341447545910632,0.0
ENSG00000185627,PSMD13,-0.1796254600376792,-2.245478327506625,0.0
ENSG00000185630,PBX1,-0.0432308985282055,-1.7437197687080057,8.365660535281249
ENSG00000185650,ZFP36L1,0.1959268345506955,0.0,0.0
ENSG00000185651,UBE2L3,0.0849356837653797,0.0,0.0
ENSG00000185658,BRWD1,0.102494416832496,0.0,0.0
ENSG00000185722,ANKFY1,-0.2913098534780983,-1.035068449677285,4.14027379870914
ENSG00000185728,YTHDF3,-0.1397755474035965,-0.7493211631274423,2.9972846525097694
ENSG00000185742,C11ORF87,0.0112288381577383,2.0176504112918834,0.0
ENSG00000185745,IFIT1,0.2354138170949853,-1.9285348228442476,0.0
ENSG00000185774,KCNIP4,0.4003767699915901,-2.2588299842289103,7.06518964752934
ENSG00000185787,MORF4L1,0.2002519801628554,-1.7823157797100502,0.0
ENSG00000185800,DMWD,-0.0920881074657554,0.3291361139644067,0.0
ENSG00000185803,SLC52A2,-0.0808240467923945,-2.6950589543923753,0.0
ENSG00000185808,PIGP,0.1637085316350359,0.0,0.0
ENSG00000185813,PCYT2,0.0237925490838684,-2.422678312567695,0.0
ENSG00000185818,NAT8L,-0.0555995442344502,-3.02725812942165,0.0
ENSG00000185825,BCAP31,0.0474703644164443,-3.4277408028637653,0.0
ENSG00000185880,TRIM69,0.1704844623687323,-2.74977758016294,8.72272285037138
ENSG00000185896,LAMP1,0.0988622156948183,-1.8235205999058124,0.0
ENSG00000185904,LINC00839,0.1028449822790178,0.0,0.0
ENSG00000185909,KLHDC8B,-0.0730148662417314,-1.6992208100454143,0.0
ENSG00000185917,SETD4,-0.160214051258334,0.0,0.0
ENSG00000185920,PTCH1,-0.1643005620410702,1.73661845587497,0.0
ENSG00000185946,RNPC3,-0.1916363558161261,-4.248252837112743,12.7639967064055
ENSG00000185950,IRS2,0.1066293811258102,-0.16235323960495895,0.0
ENSG00000185963,BICD2,-0.026056317237063,-1.7315263270752175,3.67709470978736
ENSG00000186001,LRCH3,-0.1054607602543002,-1.414989591698969,4.82786619615077
ENSG00000186020,ZNF529,-0.0653041431085643,-0.2112874366914997,0.0
ENSG00000186106,ANKRD46,-0.1691748348978075,0.0,0.0
ENSG00000186111,PIP5K1C,0.1944428416787622,-0.75076712355732,3.00306849422928
ENSG00000186184,POLR1D,0.0710072003496809,1.0463683223558995,0.0
ENSG00000186187,ZNRF1,-0.1819083534804012,-2.7654080071649676,6.7878653591832
ENSG00000186298,PPP1CC,0.1101647453087526,-2.096979448456642,0.0
ENSG00000186310,NAP1L3,0.1549831221853886,-1.4432737959770885,0.0
ENSG00000186318,BACE1,0.2418652828078343,0.0,0.0
ENSG00000186340,THBS2,0.4925341489791545,0.0,0.0
ENSG00000186350,RXRA,0.2994420053367256,0.0,0.0
ENSG00000186377,CYP4X1,-0.1455829134382606,0.976383824672131,0.0
ENSG00000186395,KRT10,-0.3624444361801874,-2.6493857565434764,0.0
ENSG00000186416,NKRF,0.4350048259863479,-2.3994650211119333,0.0
ENSG00000186432,KPNA4,-0.1296869937609133,0.0,0.0
ENSG00000186462,NAP1L2,0.1258892802498785,-2.40551189481427,0.0
ENSG00000186468,RPS23,0.0080485805018049,-1.1484783149002142,0.0
ENSG00000186469,GNG2,0.1200395380380356,4.0328498752353505,0.0
ENSG00000186472,PCLO,0.0226729551940737,-2.1165531476720854,9.42018548265244
ENSG00000186480,INSIG1,0.2382902291548393,-0.5915661084134534,0.0
ENSG00000186487,MYT1L,0.3096746998296836,-0.9227659130751444,8.61406464395085
ENSG00000186501,TMEM222,-0.2677830544552139,-1.2951328192730975,0.0
ENSG00000186566,GPATCH8,-0.1330276557103451,-1.011508935160034,4.356415089316849
ENSG00000186575,NF2,-0.3525655668350025,-0.32061799302080424,2.98120616520909
ENSG00000186591,UBE2H,0.0789646702104822,0.0,0.0
ENSG00000186642,PDE2A,0.3256629165660291,0.6270199101048816,2.50656817377044
ENSG00000186660,ZFP91,-0.0958313668489154,0.0,0.0
ENSG00000186665,C17ORF58,-0.0933162457493844,-3.494755640029998,2.92671376307052
ENSG00000186687,LYRM7,0.0510220825188397,0.0,0.0
ENSG00000186732,MPPED1,-0.1688444340070745,-1.037183638282365,4.14873455312946
ENSG00000186806,VSIG10L,0.082535268251251,-1.6294182612398922,0.0
ENSG00000186815,TPCN1,-0.2453122543110482,0.0,0.0
ENSG00000186834,HEXIM1,0.1489384878923816,-1.677537080946585,0.0
ENSG00000186866,POFUT2,-0.0184753338471396,0.9664690771983515,0.0
ENSG00000186868,MAPT,0.1628006279909951,-1.7677790656795256,6.6726745865092
ENSG00000186908,ZDHHC17,-0.1062408828208132,0.0,0.0
ENSG00000187068,C3ORF70,-0.5314316488661881,-1.6123512221065575,8.92487860665122
ENSG00000187094,CCK,-0.0789769011584095,4.186249756867738,0.0
ENSG00000187098,MITF,0.5223219600068416,-7.083877002888936,24.8839677457552
ENSG00000187109,NAP1L1,0.2124194312574491,-0.1300692160053114,0.0
ENSG00000187147,RNF220,-0.0633268912504403,0.0,0.0
ENSG00000187164,SHTN1,0.0651589002439262,0.0,0.0
ENSG00000187189,TSPYL4,0.1550362240550537,-0.16036806137196935,0.0
ENSG00000187193,MT1X,0.1653960556550025,0.0,0.0
ENSG00000187231,SESTD1,0.176377988527398,0.4971886154442318,0.0
ENSG00000187239,FNBP1,0.1734484600674635,0.0,0.0
ENSG00000187240,DYNC2H1,-0.2238686411037899,0.0,0.0
ENSG00000187257,RSBN1L,0.6653821665274837,0.8410450126424251,0.0
ENSG00000187391,MAGI2,0.0433361551583315,-1.208772033184803,5.1421882572389
ENSG00000187398,LUZP2,-0.3317754428060446,-3.5018037551786287,9.830480845635687
ENSG00000187446,CHP1,0.122362112671959,1.0070925573674026,0.0
ENSG00000187522,HSPA14,-0.2675005106245662,-1.5735670657262077,0.0
ENSG00000187555,USP7,-0.0134580904033959,-2.226434255363115,0.0
ENSG00000187601,MAGEH1,0.1510902643679584,-2.0042421843867833,0.0
ENSG00000187672,ERC2,-0.2576361695575934,-2.4038393409215097,9.72415031312072
ENSG00000187713,TMEM203,-0.3034316429245442,-2.1775314604565015,0.0
ENSG00000187735,TCEA1,-0.2983066915426997,0.0,0.0
ENSG00000187742,SECISBP2,0.179717573485548,0.0,0.0
ENSG00000187764,SEMA4D,0.4417796695606641,1.6041308345097551,0.0
ENSG00000187957,DNER,-0.2640682186776314,-1.4732145909529724,9.779576997415742
ENSG00000188021,UBQLN2,0.0560384279077839,-1.4994271586983283,0.0
ENSG00000188042,ARL4C,0.4405752200118821,1.5763368528029684,0.0
ENSG00000188130,MAPK12,0.0544354658579051,0.08136420628179764,0.0
ENSG00000188186,LAMTOR4,0.3931092313839259,-2.4775075419918036,0.0
ENSG00000188191,PRKAR1B,0.121799458270996,-1.9285538727405718,0.0
ENSG00000188227,ZNF793,0.3761438195482054,0.14668872616506612,0.0
ENSG00000188229,TUBB4B,0.1275064562415107,-3.0128891979988204,0.0
ENSG00000188243,COMMD6,-0.1896050331606986,0.0,0.0
ENSG00000188342,GTF2F2,-0.1072598020716204,-0.34830126897699,0.0
ENSG00000188385,JAKMIP3,0.5894455909478773,-0.15638045459244737,0.0
ENSG00000188419,CHM,-0.5641362193930427,0.0,0.0
ENSG00000188554,NBR1,0.0481183000631472,1.1532069782378567,0.0
ENSG00000188559,RALGAPA2,0.521149458175637,-2.5938741133827823,6.46993254590532
ENSG00000188580,NKAIN2,0.3153250176614151,-1.5563236777643525,6.75040236370205
ENSG00000188612,SUMO2,0.0347302920804208,-1.079622196998006,0.0
ENSG00000188647,PTAR1,-0.0367446587705915,-2.550642192184523,2.80624405654251
ENSG00000188674,C2ORF80,-0.1334982517518116,-0.835109962692957,0.0
ENSG00000188677,PARVB,0.1084747951474368,2.014763415174957,4.38874862151639
ENSG00000188690,UROS,-0.4696366068789894,-1.9979150926306284,0.0
ENSG00000188706,ZDHHC9,-0.1040001361338635,0.0,0.0
ENSG00000188725,SMIM15,0.2673555420872129,0.7514431384826766,0.0
ENSG00000188803,SHISA6,0.5581599098502491,4.721374153001688,0.0
ENSG00000188811,NHLRC3,-0.5478906226159339,0.0,0.0
ENSG00000188846,RPL14,0.2209291146959469,-3.1902230853767244,0.0
ENSG00000188848,BEND4,0.0937292932199171,-3.850778239777352,12.6994692259099
ENSG00000188895,MSL1,0.1149067700755994,0.0,0.0
ENSG00000188938,FAM120AOS,0.1363258290583526,-1.381930419719399,0.0
ENSG00000188986,NELFB,-0.2563555127508906,0.0,0.0
ENSG00000188994,ZNF292,0.3079487088447333,0.0,0.0
ENSG00000188997,KCTD21,-0.1741500030586789,0.0,0.0
ENSG00000189058,APOD,0.3565687063343831,0.0,0.0
ENSG00000189067,LITAF,0.1036871217314585,0.0,0.0
ENSG00000189079,ARID2,0.3452027259912152,-0.38837441163858,0.0
ENSG00000189091,SF3B3,0.1913344864484645,0.2281707834637584,0.0
ENSG00000189171,S100A13,-0.0763945002560391,0.0,0.0
ENSG00000189180,ZNF33A,-0.1472673225058375,-0.27804935575650086,0.0
ENSG00000189184,PCDH18,-0.6117793817651538,-9.333397648671976,19.105314821732
ENSG00000189221,MAOA,0.0293631442945622,-0.7415813836971012,0.0
ENSG00000189227,C15ORF61,0.1626676414198578,-2.1474824380053694,0.0
ENSG00000189241,TSPYL1,0.0455340097488977,-1.230649732082218,0.0
ENSG00000189337,KAZN,0.1008942059821739,-2.094420817453769,7.1516147152877
ENSG00000189369,GSPT2,0.1088230132934637,-3.3244288793311574,0.0
ENSG00000196072,BLOC1S2,-0.0586408426345854,-1.8179874144076518,0.0
ENSG00000196091,MYBPC1,0.3235352366395604,0.0,0.0
ENSG00000196104,SPOCK3,-0.1550570723512403,-3.8719653119443587,11.9659571424234
ENSG00000196116,TDRD7,-0.1101889772199001,-0.534542255031665,0.0
ENSG00000196132,MYT1,-0.1172756811513981,1.5893065278592016,0.0
ENSG00000196141,SPATS2L,0.2279049322584817,-0.8360371791772425,3.54615120822124
ENSG00000196177,ACADSB,-0.2352873219393629,0.0,0.0
ENSG00000196199,MPHOSPH8,-0.2456203226679894,0.16540424417024516,0.0
ENSG00000196220,SRGAP3,-0.10432478677552,-1.565254092235149,4.50282903034323
ENSG00000196227,FAM217B,-0.2554465560027643,-2.121915540385944,0.0
ENSG00000196233,LCOR,0.3915122849641689,-0.6273178708485083,3.14099490061529
ENSG00000196235,SUPT5H,-0.3107970838482214,-2.3563212014877553,0.0
ENSG00000196262,PPIA,-0.4075394427923217,-3.2143106336149,0.0
ENSG00000196290,NIF3L1,0.0029540919247739,-2.0014876485770174,0.0
ENSG00000196323,ZBTB44,0.0686244245601613,-0.528541039857925,0.0
ENSG00000196338,NLGN3,-0.254218923200566,-0.2121463804885208,0.0
ENSG00000196352,CD55,-0.1642019364557588,-1.8506845625043535,0.0
ENSG00000196361,ELAVL3,0.0963428780187383,-1.61879189885736,6.47516759542944
ENSG00000196363,WDR5,-0.1661485156308522,-1.616827239974008,0.0
ENSG00000196367,TRRAP,0.8322070656777519,0.55594488691528,0.0
ENSG00000196368,NUDT11,0.373728739682878,0.145119830726552,0.0
ENSG00000196372,ASB13,-0.4834866861385119,0.0,0.0
ENSG00000196376,SLC35F1,-0.198258956268231,-2.5528533876200354,12.1753227759748
ENSG00000196405,EVL,-0.0492304838988899,-2.061666236035956,7.523702843555829
ENSG00000196422,PPP1R26,-0.2923864213324844,1.1625371584610316,0.0
ENSG00000196428,TSC22D2,0.1031673186999449,-1.630784820218516,3.52790877632835
ENSG00000196440,ARMCX4,-0.3230729095001565,-0.4109851393812575,0.0
ENSG00000196449,YRDC,-0.4498342772175939,0.5352240944063733,0.0
ENSG00000196458,ZNF605,0.2487015854446503,0.040083559186133315,0.0
ENSG00000196459,TRAPPC2,-0.1494712166658049,-1.8716994063368553,0.0
ENSG00000196465,MYL6B,0.27488604745264,-1.6242575018722325,0.0
ENSG00000196470,SIAH1,0.3818866712114028,-1.1852838172513376,4.74113526900535
ENSG00000196482,ESRRG,-0.002126786724186,-0.327373532338618,1.90180815551705
ENSG00000196498,NCOR2,0.0969720140099713,0.0,0.0
ENSG00000196504,PRPF40A,-0.3098270831490181,0.0,0.0
ENSG00000196507,TCEAL3,-0.44718078192515,-2.1063549928462852,0.0
ENSG00000196510,ANAPC7,0.194342946357241,0.49267661990905837,0.0
ENSG00000196531,NACA,0.1074289279887789,-2.3672500282011915,0.0
ENSG00000196547,MAN2A2,-0.3898395057998641,-9.41802718226966,19.3017269846618
ENSG00000196562,SULF2,-0.0368675406435142,-0.5183892021837759,6.6148387783545
ENSG00000196581,AJAP1,0.0817722944066381,-6.628084457020786,18.9666159339552
ENSG00000196586,MYO6,-0.2269722611198802,-1.2987863938030113,5.189451919543609
ENSG00000196591,HDAC2,-0.0277871502986126,-0.9288347226990199,0.0
ENSG00000196628,TCF4,0.3766317054266137,2.6244457186231753,0.0
ENSG00000196632,WNK3,-0.2912670193046011,1.2568843275195967,0.0
ENSG00000196642,RABL6,-0.1644478907488918,0.0,0.0
ENSG00000196655,TRAPPC4,-0.1058655241044,-1.2625743743970745,0.0
ENSG00000196663,TECPR2,-0.1789788340964967,0.0,0.0
ENSG00000196683,TOMM7,0.3485798117805643,-1.7339013632380902,0.0
ENSG00000196704,AMZ2,0.0145269583295528,-2.1147349424105646,0.0
ENSG00000196712,NF1,-0.158866276543729,0.29601684621742336,0.0
ENSG00000196715,VKORC1L1,-0.1067990224625034,-3.1872669257177333,7.20951720000271
ENSG00000196730,DAPK1,0.1719974738468522,2.969411046393248,7.522644291487169
ENSG00000196776,CD47,-0.598960417957429,-2.0311575977839174,8.12463039113567
ENSG00000196781,TLE1,0.2219861762292867,0.7490761007502975,0.0
ENSG00000196792,STRN3,0.0860325089087547,-0.6246793192730073,2.4987172770920294
ENSG00000196814,MVB12B,0.1587255064337128,0.9938839876743968,0.0
ENSG00000196850,PPTC7,-0.3479439523336003,-1.1359470943528374,1.78244902012408
ENSG00000196876,SCN8A,0.1457160232343614,-0.05819118867854578,5.96674207327899
ENSG00000196911,KPNA5,-0.2119184745462986,0.0,0.0
ENSG00000196914,ARHGEF12,0.0522680998754557,-1.8205432205347634,6.30027653579455
ENSG00000196923,PDLIM7,-0.0537381467166659,0.0,0.0
ENSG00000196937,FAM3C,-0.5145170246376043,0.0,0.0
ENSG00000196950,SLC39A10,-0.0861284891398321,-1.8273826010823848,0.0
ENSG00000196961,AP2A1,-0.4791245127271172,-2.684902340541425,0.0
ENSG00000196967,ZNF585A,0.366475274618773,-0.7651766537519307,0.0
ENSG00000196968,FUT11,0.0675755312253617,0.0,0.0
ENSG00000196998,WDR45,0.0010853743828889,0.0,0.0
ENSG00000197006,METTL9,0.1003779871466051,-3.7368713979080628,9.547524599476722
ENSG00000197043,ANXA6,0.2300259131751007,-4.596871610154686,6.47737751699499
ENSG00000197045,GMFB,0.1998962076645564,-1.5024437939326813,0.0
ENSG00000197063,MAFG,0.3026449618981945,-2.137932920362491,0.0
ENSG00000197077,KIAA1671,-0.2007459959243369,-0.6300458525323852,1.98395142425381
ENSG00000197102,DYNC1H1,-0.1706469185921488,-1.4950990667741986,3.92225886412952
ENSG00000197111,PCBP2,-0.0718753429659069,-0.43533414114099,1.74133656456396
ENSG00000197121,PGAP1,0.0340196701151168,1.160907092085334,2.04590144014167
ENSG00000197147,LRRC8B,-0.0361892739943476,0.0,0.0
ENSG00000197150,ABCB8,-0.0897696777156991,-1.8111823478938187,0.0
ENSG00000197157,SND1,-0.278436383832653,-1.03617692006172,2.42114346730397
ENSG00000197170,PSMD12,-0.1000610195816461,-2.7353572157381767,0.0
ENSG00000197177,ADGRA1,0.5123525853313933,0.0,0.0
ENSG00000197183,NOL4L,0.4461445886685389,0.0,0.0
ENSG00000197217,ENTPD4,-0.1641447310973603,0.0,0.0
ENSG00000197226,TBC1D9B,-0.0601905348211908,0.0,0.0
ENSG00000197265,GTF2E2,0.0343270941923471,-0.423598065673055,0.0
ENSG00000197296,FITM2,-0.396326668212187,-1.7765205689640224,0.0
ENSG00000197323,TRIM33,-0.0550853605673205,-1.0870187655431933,2.50394716025475
ENSG00000197345,MRPL21,0.2200723366204479,-2.9698779490811513,0.0
ENSG00000197380,DACT3,-0.0097765260699108,0.34156952867077167,0.0
ENSG00000197381,ADARB1,-0.1904603098135067,-1.4364172999310576,5.74566919972423
ENSG00000197442,MAP3K5,-0.2297013317660599,-8.148605557169354,23.1842433144924
ENSG00000197444,OGDHL,-0.1766413825576515,-0.14108097337273226,0.0
ENSG00000197448,GSTK1,0.617329510174259,0.46397547063817157,0.0
ENSG00000197457,STMN3,0.036915907249261,-2.2163189146166165,0.0
ENSG00000197461,PDGFA,0.4753413678494208,-2.77255535970105,0.0
ENSG00000197498,RPF2,0.0213285046090556,0.0,0.0
ENSG00000197535,MYO5A,-0.3073624564893861,-1.6564393802652102,6.94310014682088
ENSG00000197548,ATG7,0.1002903261881257,-1.9801029408244175,6.96023920391515
ENSG00000197555,SIPA1L1,-0.3018395575302655,-2.0111515656192847,7.5060045319653295
ENSG00000197580,BCO2,-0.0311968293313953,-4.08789337751036,12.9922414104605
ENSG00000197586,ENTPD6,-0.2329852500877612,0.7133987053961778,0.0
ENSG00000197594,ENPP1,-0.3572756287555271,-12.61418101988725,38.175678416992895
ENSG00000197601,FAR1,-0.206034097856727,0.0,0.0
ENSG00000197622,CDC42SE1,-0.0567277410389606,-0.5640725177095175,0.0
ENSG00000197694,SPTAN1,0.259141699422526,-2.3616985488340374,9.26846932280265
ENSG00000197702,PARVA,-0.0091774834397884,4.95317488050188,0.0
ENSG00000197746,PSAP,0.2331099108776599,-1.7490298555459551,0.0
ENSG00000197756,RPL37A,0.2132380792362715,0.0,0.0
ENSG00000197771,MCMBP,-0.2083597911083662,0.0,0.0
ENSG00000197780,TAF13,-0.1723792245741938,0.0,0.0
ENSG00000197858,GPAA1,0.0122862563783189,-2.3908244502180684,0.0
ENSG00000197860,SGTB,-0.0623582747822275,0.0,0.0
ENSG00000197885,NKIRAS1,0.1854651917518151,-1.2009003698899212,0.0
ENSG00000197894,ADH5,-0.178266826705387,-2.41857703614092,0.0
ENSG00000197912,SPG7,-0.2150447187909204,0.0,0.0
ENSG00000197930,ERO1A,0.1310462596675833,0.0,0.0
ENSG00000197956,S100A6,0.0338664092328293,-2.759141785257389,0.0
ENSG00000197959,DNM3,0.1099613828179354,-1.4002237566113291,7.34182773372096
ENSG00000197961,ZNF121,0.2107992022876747,-0.06772534768631178,0.0
ENSG00000197965,MPZL1,0.0939754567603357,-1.3304177582845935,5.980514292157
ENSG00000197969,VPS13A,0.2343787199331592,-1.8457985761616202,6.02820294860135
ENSG00000197971,MBP,0.2670047642796001,-2.6210329197799447,3.5068940902279695
ENSG00000198000,NOL8,0.2182435753191249,-2.5114959014799,0.0
ENSG00000198015,MRPL42,0.0882468949915902,0.0,0.0
ENSG00000198034,RPS4X,0.1892137298350501,-2.562803791576911,0.0
ENSG00000198042,MAK16,-0.2463143234066991,-1.7198809318976325,0.0
ENSG00000198046,ZNF667,-0.1116025314248566,0.6318446441968051,0.0
ENSG00000198053,SIRPA,0.4753057399953913,0.0,0.0
ENSG00000198055,GRK6,-0.2397385975843824,-1.3050227845792723,0.0
ENSG00000198105,ZNF248,0.231042763420774,-3.030654371851665,13.5786008262378
ENSG00000198121,LPAR1,0.1871736191436489,-4.583074493785613,18.9201254143268
ENSG00000198130,HIBCH,0.160782631786559,-2.8479803545869515,9.71487161900216
ENSG00000198142,SOWAHC,-0.2394492978480391,-1.6333780550379335,0.0
ENSG00000198160,MIER1,0.2536069511951638,0.14453308790808847,0.0
ENSG00000198162,MAN1A2,-0.0797421969739409,-2.2734923749496634,9.14887613174211
ENSG00000198168,SVIP,0.1058711569527354,-1.8113640434476985,0.0
ENSG00000198171,DDRGK1,-0.0087379336751607,-2.754593909083525,0.0
ENSG00000198198,SZT2,-0.0213463573565768,-0.29925990105864,0.0
ENSG00000198216,CACNA1E,-0.2634800148818336,-2.5038823320576955,12.9162702656896
ENSG00000198231,DDX42,-0.2654542435721819,-1.6881587048596525,0.0
ENSG00000198258,UBL5,-0.1104489216387608,-3.622280004799923,0.0
ENSG00000198265,HELZ,0.0252113853881269,0.0,0.0
ENSG00000198300,PEG3,0.59191280210093,2.7692754952743677,0.0
ENSG00000198301,SDAD1,0.1631015588611934,-1.8297708947809623,0.0
ENSG00000198315,ZKSCAN8,-0.0886814316656464,0.0,0.0
ENSG00000198363,ASPH,-0.2154297958743623,-2.70569800025742,7.694981979186929
ENSG00000198373,WWP2,-0.0339973338280814,0.0,0.0
ENSG00000198380,GFPT1,0.18525690102709,-1.7511928543681994,5.67108796616728
ENSG00000198382,UVRAG,-0.0782054566504173,0.28403340612325,0.0
ENSG00000198399,ITSN2,0.2985259812990691,0.2695934873215876,0.0
ENSG00000198417,MT1F,0.3656019025486097,0.0,0.0
ENSG00000198420,TCAF1,-0.3213502467662235,0.0,0.0
ENSG00000198431,TXNRD1,0.3412556428373753,0.4835433290733861,0.0
ENSG00000198478,SH3BGRL2,-0.0995652268396963,-1.8133962205204717,7.15705019006862
ENSG00000198483,ANKRD35,-0.1886702731328972,-5.27788036492518,5.72254483707287
ENSG00000198513,ATL1,0.1049802824253321,-1.9530001240837027,3.25361034987205
ENSG00000198522,GPN1,0.5303253600024747,0.0,0.0
ENSG00000198585,NUDT16,0.1261537342337691,-3.015521112870825,0.0
ENSG00000198586,TLK1,0.3075081557864849,-0.23012467151471616,4.1065733463717695
ENSG00000198612,COPS8,0.0965729225918135,-1.6171334092661815,0.0
ENSG00000198624,CCDC69,-0.299039321774373,-0.4907784143565174,1.9631136574260697
ENSG00000198625,MDM4,0.1398497693689563,-0.21320125703194084,0.0
ENSG00000198642,KLHL9,0.0221764477213177,-2.003500733551449,0.0
ENSG00000198646,NCOA6,0.0145194291649371,-1.0351254102161698,4.4759226994145695
ENSG00000198648,STK39,-0.2643056126572183,-1.578435634791184,5.80244660815145
ENSG00000198663,C6ORF89,0.073697079317689,0.0,0.0
ENSG00000198689,SLC9A6,-0.0501358196213116,0.530657165503765,0.0
ENSG00000198700,IPO9,-0.0712933164362869,0.0,0.0
ENSG00000198721,ECI2,-0.2069073831127415,0.5063444598444183,0.0
ENSG00000198722,UNC13B,-0.1675289395145026,-4.150748464920595,10.6359868113193
ENSG00000198730,CTR9,0.0465242221598745,-2.8633323222231017,0.0
ENSG00000198740,ZNF652,0.1363081981013187,-0.3368531485890317,0.0
ENSG00000198742,SMURF1,-0.1888122130732041,-1.4757418415563617,9.41879274567436
ENSG00000198780,FAM169A,0.0349982483753929,0.0,0.0
ENSG00000198785,GRIN3A,0.0188318716794383,-3.3303917461915877,11.8502756697421
ENSG00000198791,CNOT7,0.3561735309426668,-1.68028898885035,0.0
ENSG00000198792,TMEM184B,0.0323129116940445,0.6368811686722067,0.0
ENSG00000198794,SCAMP5,-0.229269421001662,-0.561338754491958,4.71323202593207
ENSG00000198799,LRIG2,0.0581504809866816,-0.20426462909732312,0.0
ENSG00000198815,FOXJ3,0.1278727177821763,0.0,0.0
ENSG00000198818,SFT2D1,0.0208892726063056,0.0,0.0
ENSG00000198825,INPP5F,0.3820538411652434,1.2365337985257916,0.0
ENSG00000198833,UBE2J1,-0.1761663053196993,-5.438843083635194,9.053856143569668
ENSG00000198836,OPA1,-0.1449374149504305,-0.51477349623332,0.0
ENSG00000198837,DENND4B,0.2676600823305097,0.0,0.0
ENSG00000198838,RYR3,-0.5861469011751592,-8.916392437641361,22.100280333137295
ENSG00000198853,RUSC2,-0.1189236927963089,-2.123912204721044,6.92048195129582
ENSG00000198856,OSTC,0.1719542721814174,-1.0742813589364384,0.0
ENSG00000198860,TSEN15,-0.0266380213642702,0.0,0.0
ENSG00000198862,LTN1,0.1122015985160374,-1.786880665828935,0.0
ENSG00000198863,RUNDC1,-0.2495674917860623,-1.8766924722210676,0.0
ENSG00000198876,DCAF12,-0.0257491540936245,0.04913219450033163,0.0
ENSG00000198894,CIPC,-0.3490820097148492,0.0,0.0
ENSG00000198898,CAPZA2,-0.094297667518396,-1.8785817830821372,0.0
ENSG00000198900,TOP1,0.1387337340881446,0.0,0.0
ENSG00000198910,L1CAM,0.051774536621585,-0.8116181816275758,0.0
ENSG00000198911,SREBF2,0.1859573805969332,0.0331875717626684,5.61230059818008
ENSG00000198912,C1ORF174,-0.4089030849748951,0.0,0.0
ENSG00000198915,RASGEF1A,-0.101264668418883,-0.7685346974979024,0.0
ENSG00000198919,DZIP3,0.2395818386547916,0.6926004480851983,0.0
ENSG00000198929,NOS1AP,-0.0090463704434615,-6.177187602000253,17.9437066173028
ENSG00000198931,APRT,0.0534577318725284,-3.293529705552075,0.0
ENSG00000198932,GPRASP1,0.2210616792507241,1.70088164675644,0.0
ENSG00000198934,MAGEE1,-0.1133239523537583,-3.42575056013585,0.0
ENSG00000198937,CCDC167,0.2095567024364203,-2.238700774195415,0.0
ENSG00000198947,DMD,-0.1232427909038332,-2.0729613754286187,9.40946366823178
ENSG00000198948,MFAP3L,0.0573698522692303,-2.9262796554169372,6.6063942759512
ENSG00000198961,PJA2,-0.2655749256704175,-2.1713773219165873,1.8163248813557
ENSG00000198964,SGMS1,-0.2115705191097241,-1.423407563287261,3.15522589874476
ENSG00000203485,INF2,-0.2678555006135822,-0.8177649293217526,0.0
ENSG00000203705,TATDN3,0.140241278844602,-0.6165840756288,0.0
ENSG00000203778,FAM229B,0.1953992939078943,-2.906665130143175,0.0
ENSG00000203875,SNHG5,0.5822038051102388,0.6111176907753706,0.0
ENSG00000203877,RIPPLY2,0.0614518092609439,0.0,0.0
ENSG00000203879,GDI1,0.054727676059236,-1.8480146375258613,0.0
ENSG00000203880,PCMTD2,0.2027163185992491,0.709170612498085,0.0
ENSG00000203930,LINC00632,0.1051717183905264,-1.8594587290195461,9.28889252359688
ENSG00000204070,SYS1,0.1514495501909247,0.0,0.0
ENSG00000204104,TRAF3IP1,-0.2247757167616932,0.0,0.0
ENSG00000204120,GIGYF2,-0.3313836035732631,-0.5032874322169824,2.0131497288679294
ENSG00000204128,C2ORF72,-0.1364431845675263,0.65432233407309,0.0
ENSG00000204130,RUFY2,0.1511545512036968,0.7186394230678599,0.0
ENSG00000204175,GPRIN2,0.5950339520887886,0.9807353076583358,0.0
ENSG00000204186,ZDBF2,-0.0184694913935834,0.059611826006378266,0.0
ENSG00000204217,BMPR2,-0.0556616475557275,0.5855357705591626,3.20184234160041
ENSG00000204237,OXLD1,-0.123974102715423,-3.4421393237519498,0.0
ENSG00000204370,SDHD,0.0128980922810483,0.0,0.0
ENSG00000204406,MBD5,0.2506053960351925,-1.590710525302224,4.65909271059124
ENSG00000204842,ATXN2,0.3444659343988374,-0.8165391702282976,0.0
ENSG00000204843,DCTN1,-0.0389231789413171,-2.475343062188412,0.0
ENSG00000204856,FAM216A,0.2118834715862401,0.531649720951155,0.0
ENSG00000204899,MZT1,0.0149169653889874,0.0,0.0
ENSG00000204922,UQCC3,0.1229707550525906,0.0,0.0
ENSG00000204977,TRIM13,-0.1149127238025185,0.0,0.0
ENSG00000204991,SPIRE2,0.2125849767318237,0.0,0.0
ENSG00000205060,SLC35B4,0.3664451594241849,0.0,0.0
ENSG00000205138,SDHAF1,0.0291100709624808,-2.2006135213248053,0.0
ENSG00000205250,E2F4,0.0876252284977124,0.0,0.0
ENSG00000205269,TMEM170B,-0.3943384288880926,0.0,0.0
ENSG00000205279,CTXN3,-0.0509616988945685,-1.2436966296512169,0.0
ENSG00000205302,SNX2,0.2630562795569375,0.525177327321742,0.0
ENSG00000205336,ADGRG1,-0.2554838988379647,0.0,0.0
ENSG00000205339,IPO7,-0.1507416764760027,0.0,0.0
ENSG00000205356,TECPR1,-0.2405279546754853,-0.3773074402366925,0.0
ENSG00000205364,MT1M,0.0077746882025218,0.0,0.0
ENSG00000205423,CNEP1R1,-0.0401257856046614,0.0,0.0
ENSG00000205531,NAP1L4,-0.2329743238851512,-1.1691876008095108,0.0
ENSG00000205629,LCMT1,0.1617851159714479,-0.23200149965382252,0.0
ENSG00000205659,LIN52,-0.21962953084028,-0.3636021682038609,0.0
ENSG00000205726,ITSN1,-0.1471022279020877,0.09928777690923496,3.92823991160478
ENSG00000205758,CRYZL1,-0.2283366412044118,0.5055500767301749,0.0
ENSG00000205937,RNPS1,0.0948296586157853,-1.8505930377129025,0.0
ENSG00000205981,DNAJC19,0.0458721250225959,-1.9187360929435653,0.0
ENSG00000206052,DOK6,-0.2571236516791596,-2.7008480811255184,11.9929385802053
ENSG00000206418,RAB12,-0.1026757976020776,0.0,0.0
ENSG00000206432,TMEM200C,-0.2689083184737163,-7.549945837797585,17.0716929097656
ENSG00000206538,VGLL3,-0.4388048705403994,-6.082746902983306,14.861184294637
ENSG00000206560,ANKRD28,0.2584833446296267,0.387407255101426,0.0
ENSG00000206573,THUMPD3-AS1,0.3042413217527847,0.0,0.0
ENSG00000211445,GPX3,-0.3219950210919772,-5.293790896361478,5.91524250263645
ENSG00000211455,STK38L,0.3147915797283881,-0.07204754984392303,3.04532539313128
ENSG00000211456,SACM1L,-0.0363629485862375,0.0,0.0
ENSG00000211460,TSN,0.0340438111953666,-1.5319620124071607,0.0
ENSG00000211584,SLC48A1,0.2021298748959734,-2.09812381744266,0.0
ENSG00000213015,ZNF580,0.0528038696201094,0.9066717675176116,0.0
ENSG00000213024,NUP62,0.3316547019579722,-1.7337166984936316,0.0
ENSG00000213047,DENND1B,0.1280911182900837,-0.25411288463707415,2.72864172652437
ENSG00000213064,SFT2D2,-0.3480501518821755,-6.436206672954592,17.5114026794086
ENSG00000213079,SCAF8,-0.1240216566577812,0.023746405917567503,0.0
ENSG00000213190,MLLT11,0.110406389712766,-2.513670004024032,0.0
ENSG00000213281,NRAS,-0.3743880157451557,0.0,0.0
ENSG00000213341,CHUK,-0.3025371668854483,0.42178748610536393,0.0
ENSG00000213465,ARL2,0.032333273172178,-2.935647609898675,0.0
ENSG00000213585,VDAC1,0.1493146580122288,-2.3088396919746375,0.0
ENSG00000213593,TMX2,0.0205546874807054,-2.2513755727353777,0.0
ENSG00000213614,HEXA,0.4270332803620073,-2.6989323093533772,0.0
ENSG00000213619,NDUFS3,0.1665024951695457,-2.8767674354935715,0.0
ENSG00000213625,LEPROT,-0.1017008071806613,-1.5255442467932048,5.59453089839783
ENSG00000213639,PPP1CB,-0.1946485145795162,0.7152770749299783,0.0
ENSG00000213672,NCKIPSD,0.1031140058145242,0.0,0.0
ENSG00000213699,SLC35F6,-0.1744343017509483,-4.759564345338192,3.66087695856536
ENSG00000214022,REPIN1,0.0979401867373125,0.0,0.0
ENSG00000214026,MRPL23,-0.6412916321708958,-3.1051017115319604,0.0
ENSG00000214078,CPNE1,0.1484254894500181,0.556570514346569,2.6476425976050506
ENSG00000214113,LYRM4,0.0038312644141878,-1.180691690636775,0.0
ENSG00000214413,BBIP1,0.0296332613583091,0.0,0.0
ENSG00000214517,PPME1,0.0798673281889823,-1.639939265579565,0.0
ENSG00000214548,MEG3,0.1211526157349873,-0.4150966169052368,0.0
ENSG00000214753,HNRNPUL2,-0.2578867285907095,-2.2290202956559173,0.0
ENSG00000214941,ZSWIM7,0.3225122510610759,1.14823027161178,0.0
ENSG00000214944,ARHGEF28,-0.1097699003494633,-7.789669973620243,20.678366436081905
ENSG00000215021,PHB2,-0.1608119301957231,-2.7145656352258647,0.0
ENSG00000215114,UBXN2B,0.0453214133664329,0.0,0.0
ENSG00000215193,PEX26,-0.1697306880345182,0.6809444755522933,0.0
ENSG00000215218,UBE2QL1,0.3048128990852702,0.8268953937782549,0.0
ENSG00000215301,DDX3X,0.0079655414854372,-1.8223591722929013,0.0
ENSG00000215305,VPS16,0.0864921021046519,0.0,0.0
ENSG00000215475,SIAH3,-0.1312529626170406,-10.30284885922947,27.590932278809
ENSG00000215712,TMEM242,-0.4351571916596601,0.0,0.0
ENSG00000215717,TMEM167B,-0.5215543553530463,0.0,0.0
ENSG00000217128,FNIP1,-0.3899274294884449,-3.50265987918772,3.03059443861688
ENSG00000218739,CEBPZOS,0.1684550796119747,0.0,0.0
ENSG00000218891,ZNF579,0.4356793593042328,-2.75748713042288,0.0
ENSG00000219481,NBPF1,0.2760192990228577,0.3647947868167283,0.0
ENSG00000219545,UMAD1,0.3792414261559315,0.0,0.0
ENSG00000219626,FAM228B,0.2147907531908204,-0.2455596650220484,0.0
ENSG00000220205,VAMP2,-0.0864579998588895,-2.461772828257965,7.8937847175246
ENSG00000221823,PPP3R1,-0.2269325734637976,0.0,0.0
ENSG00000221866,PLXNA4,0.2227835879235986,0.6818353924198493,1.9287147930547095
ENSG00000221914,PPP2R2A,-0.2155718119518076,0.0,0.0
ENSG00000221978,CCNL2,-0.1730063306210166,0.0,0.0
ENSG00000221983,UBA52,0.3129211807435809,-3.2144625343481756,0.0
ENSG00000223802,CERS1,0.3948824997310966,-1.2537678469873117,0.0
ENSG00000224032,EPB41L4A-AS1,-0.0312331785075702,0.5855909777521267,0.0
ENSG00000224051,CPTP,-0.1556351679089964,0.0,0.0
ENSG00000224470,ATXN1L,-0.1935141477542916,0.0,0.0
ENSG00000224531,SMIM13,-0.210207290715378,0.0,0.0
ENSG00000225465,RFPL1S,0.0502205605682097,0.7602386954297801,0.0
ENSG00000225733,FGD5-AS1,0.1321322824859701,0.0,0.0
ENSG00000225783,MIAT,0.4361328124343266,-4.001098750820315,12.9900414534624
ENSG00000225968,ELFN1,0.2606120489690289,3.051278806120038,0.0
ENSG00000227051,C14ORF132,-0.2538147041619825,-2.184935407855018,6.82335165668939
ENSG00000227345,PARG,-0.0347095057710025,-0.9459232917398426,0.0
ENSG00000228474,OST4,-0.3112178332783521,-2.76817792341667,0.0
ENSG00000230989,HSBP1,0.3357679361193021,-1.5801937143297415,0.0
ENSG00000231721,LINC-PINT,0.1666617450331658,0.0,0.0
ENSG00000232119,MCTS1,0.1563719050632465,0.7044601959880233,0.0
ENSG00000232859,LYRM9,-0.1225117438036599,-1.3764380337163593,0.0
ENSG00000232956,SNHG15,-0.155753389310304,0.0,0.0
ENSG00000233016,SNHG7,-0.2335653772972408,-1.915905165006191,0.0
ENSG00000234456,MAGI2-AS3,-0.1223180854244883,0.442473995407815,0.0
ENSG00000234616,JRK,-0.2672249092823621,0.0,0.0
ENSG00000234741,GAS5,-0.0096485111498485,0.0,0.0
ENSG00000235194,PPP1R3E,-0.0076353301667838,0.0,0.0
ENSG00000235711,ANKRD34C,-0.0608069249725299,-2.084943756647423,0.0
ENSG00000236279,CLEC2L,0.2537303110609481,0.0,0.0
ENSG00000236287,ZBED5,0.0984994238344737,0.0,0.0
ENSG00000237190,CDKN2AIPNL,0.084945808979091,0.0,0.0
ENSG00000237515,SHISA9,-0.0894861671604441,-5.576220406949507,15.5131994743594
ENSG00000237765,FAM200B,-0.1479635629867239,-1.279457963570843,0.0
ENSG00000239305,RNF103,-0.2534251486911068,-2.44506069716618,0.0
ENSG00000239306,RBM14,0.3303980040675813,0.45060828868412167,0.0
ENSG00000240230,COX19,0.287785561573489,0.0,0.0
ENSG00000240344,PPIL3,0.0082072706168783,0.0,0.0
ENSG00000240583,AQP1,-0.0248068235983692,0.0,0.0
ENSG00000240682,ISY1,-0.2269238763101853,0.0,0.0
ENSG00000240694,PNMA2,-0.0850502452693976,0.02552642647171366,0.0
ENSG00000241258,CRCP,0.1998319749735239,-1.915246915589925,0.0
ENSG00000241553,ARPC4,-0.2006239327938443,-2.2248139172488073,0.0
ENSG00000241878,PISD,0.4663062756949793,1.1865990945492926,0.0
ENSG00000242247,ARFGAP3,-0.0107269081667398,0.9146151465880167,0.0
ENSG00000242259,C22ORF39,-0.2967861196782467,0.0,0.0
ENSG00000242265,PEG10,0.0560188374209537,-2.9420029378946477,6.33986857283169
ENSG00000242485,MRPL20,0.0137752115345756,-2.0991264896803465,0.0
ENSG00000242802,AP5Z1,-0.2353320512440067,-1.9110008022269347,4.98880744955327
ENSG00000242808,SOX2-OT,-0.0045987698314804,1.6362772105648313,0.0
ENSG00000243147,MRPL33,0.2721118742864753,0.85233516355218,0.0
ENSG00000243156,MICAL3,0.0320682971865617,-0.6148067482827266,2.83293414966085
ENSG00000243943,ZNF512,-0.0329815793861789,-1.9665977510154649,0.0
ENSG00000244005,NFS1,0.2432551009804802,0.0,0.0
ENSG00000244187,TMEM141,-0.1757050021602152,-4.749137952902793,0.0
ENSG00000244405,ETV5,0.4217363383296332,-3.258079119020607,7.676811053654949
ENSG00000244462,RBM12,-0.1609374121951119,0.0,0.0
ENSG00000244754,N4BP2L2,0.0290309105294595,0.24991752149986002,0.0
ENSG00000245532,NEAT1,0.5238007238229527,-1.7920611896588765,4.99660518627329
ENSG00000245910,SNHG6,0.2358451232719022,-1.363166811409902,0.0
ENSG00000247077,PGAM5,0.0184357565671399,-1.8198638190494747,0.0
ENSG00000247556,OIP5-AS1,-0.0115177492430071,0.0,0.0
ENSG00000247596,TWF2,0.2150058193980212,-2.324597809549528,0.0
ENSG00000248092,NNT-AS1,0.0575604463188343,0.0,0.0
ENSG00000249242,TMEM150C,0.3249260396103272,1.6042946101985958,0.0
ENSG00000250317,SMIM20,-0.3853047038388065,0.0,0.0
ENSG00000251022,THAP9-AS1,-0.200432395094185,0.0,0.0
ENSG00000251562,MALAT1,0.4243481260172027,0.0,0.0
ENSG00000253352,TUG1,-0.1338592908753536,0.0,0.0
ENSG00000253719,ATXN7L3B,-0.3126795281266168,-3.2820572667813788,0.0
ENSG00000253729,PRKDC,-0.0707510864573199,-0.35145333839006,0.0
ENSG00000253738,OTUD6B-AS1,-0.1689778575679128,0.0,0.0
ENSG00000254004,ZNF260,0.2555626616384645,0.0,0.0
ENSG00000254377,MIR124-2HG,-0.1807943474862815,0.0,0.0
ENSG00000254858,MPV17L2,-0.1068020227407027,-1.6867839463613667,0.0
ENSG00000254999,BRK1,0.4357635525418748,-2.3594129764191116,0.0
ENSG00000255248,MIR100HG,0.1223029098317139,0.0,0.0
ENSG00000255302,EID1,0.2264594546975861,-2.6598098743635648,0.0
ENSG00000255529,POLR2M,0.3581904771026148,0.0,0.0
ENSG00000257218,GATC,0.00804510590742,0.0,0.0
ENSG00000257727,CNPY2,0.2692500576969002,-1.0157985416050133,0.0
ENSG00000257923,CUX1,-0.1103207617183504,-2.43214276625582,6.63262177726955
ENSG00000259974,LINC00261,0.1812820684240499,0.4992243913138559,2.22494841275582
ENSG00000260230,FRRS1L,-0.4945795079024841,-1.7676238049719335,5.99278500468345
ENSG00000260916,CCPG1,-0.1702537293205027,1.0054476369197682,0.0
ENSG00000261115,TMEM178B,-0.1303677142486995,-2.0423067733217013,9.28355332356589
ENSG00000261824,LINC00662,0.0973747127347147,0.0,0.0
ENSG00000263753,LINC00667,-0.3781779229298483,0.0,0.0
ENSG00000264364,DYNLL2,-0.0656192283688217,-1.9238246288215533,0.0
ENSG00000272047,GTF2H5,0.1794769744077214,0.0,0.0
ENSG00000273079,GRIN2B,-0.0723861797296855,-1.5614357583421534,9.57044486056926
