gene,symbol
ENSG00000000003,TSPAN6
ENSG00000000419,DPM1
ENSG00000001036,FUCA2
ENSG00000001084,GCLC
ENSG00000001460,STPG1
ENSG00000001461,NIPAL3
ENSG00000001497,LAS1L
ENSG00000001561,ENPP4
ENSG00000001629,ANKIB1
ENSG00000002549,LAP3
ENSG00000002746,HECW1
ENSG00000002834,LASP1
ENSG00000002919,SNX11
ENSG00000003096,KLHL13
ENSG00000003147,ICA1
ENSG00000003393,ALS2
ENSG00000003402,CFLAR
ENSG00000003509,NDUFAF7
ENSG00000003756,RBM5
ENSG00000004142,POLDIP2
ENSG00000004455,AK2
ENSG00000004534,RBM6
ENSG00000004660,CAMKK1
ENSG00000004766,VPS50
ENSG00000004779,NDUFAB1
ENSG00000004799,PDK4
ENSG00000004864,SLC25A13
ENSG00000004897,CDC27
ENSG00000004961,HCCS
ENSG00000005007,UPF1
ENSG00000005020,SKAP2
ENSG00000005022,SLC25A5
ENSG00000005100,DHX33
ENSG00000005108,THSD7A
ENSG00000005175,RPAP3
ENSG00000005194,CIAPIN1
ENSG00000005249,PRKAR2B
ENSG00000005302,MSL3
ENSG00000005339,CREBBP
ENSG00000005448,WDR54
ENSG00000005483,KMT2E
ENSG00000005486,RHBDD2
ENSG00000005700,IBTK
ENSG00000005801,ZNF195
ENSG00000005810,MYCBP2
ENSG00000005812,FBXL3
ENSG00000005893,LAMP2
ENSG00000005981,ASB4
ENSG00000006007,GDE1
ENSG00000006116,CACNG3
ENSG00000006118,TMEM132A
ENSG00000006125,AP2B1
ENSG00000006128,TAC1
ENSG00000006210,CX3CL1
ENSG00000006282,SPATA20
ENSG00000006283,CACNA1G
ENSG00000006451,RALA
ENSG00000006530,AGK
ENSG00000006625,GGCT
ENSG00000006704,GTF2IRD1
ENSG00000006712,PAF1
ENSG00000006715,VPS41
ENSG00000006740,ARHGAP44
ENSG00000006744,ELAC2
ENSG00000006831,ADIPOR2
ENSG00000007047,MARK4
ENSG00000007168,PAFAH1B1
ENSG00000007392,LUC7L
ENSG00000007402,CACNA2D2
ENSG00000007944,MYLIP
ENSG00000008018,PSMB1
ENSG00000008056,SYN1
ENSG00000008083,JARID2
ENSG00000008256,CYTH3
ENSG00000008277,ADAM22
ENSG00000008282,SYPL1
ENSG00000008283,CYB561
ENSG00000008294,SPAG9
ENSG00000008300,CELSR3
ENSG00000008324,SS18L2
ENSG00000008394,MGST1
ENSG00000008513,ST3GAL1
ENSG00000008735,MAPK8IP2
ENSG00000008869,HEATR5B
ENSG00000008952,SEC62
ENSG00000009307,CSDE1
ENSG00000009335,UBE3C
ENSG00000009413,REV3L
ENSG00000009694,TENM1
ENSG00000009844,VTA1
ENSG00000009954,BAZ1B
ENSG00000010017,RANBP9
ENSG00000010244,ZNF207
ENSG00000010270,STARD3NL
ENSG00000010295,IFFO1
ENSG00000010322,NISCH
ENSG00000010810,FYN
ENSG00000010818,HIVEP2
ENSG00000011009,LYPLA2
ENSG00000011021,CLCN6
ENSG00000011114,BTBD7
ENSG00000011275,RNF216
ENSG00000011295,TTC19
ENSG00000011376,LARS2
ENSG00000011405,PIK3C2A
ENSG00000011426,ANLN
ENSG00000011451,WIZ
ENSG00000011485,PPP5C
ENSG00000011523,CEP68
ENSG00000011566,MAP4K3
ENSG00000012061,ERCC1
ENSG00000012174,MBTPS2
ENSG00000012232,EXTL3
ENSG00000012660,ELOVL5
ENSG00000012822,CALCOCO1
ENSG00000012963,UBR7
ENSG00000012983,MAP4K5
ENSG00000013016,EHD3
ENSG00000013275,PSMC4
ENSG00000013288,MAN2B2
ENSG00000013293,SLC7A14
ENSG00000013374,NUB1
ENSG00000013375,PGM3
ENSG00000013392,RWDD2A
ENSG00000013441,CLK1
ENSG00000013523,ANGEL1
ENSG00000013561,RNF14
ENSG00000013588,GPRC5A
ENSG00000014123,UFL1
ENSG00000014216,CAPN1
ENSG00000014641,MDH1
ENSG00000014824,SLC30A9
ENSG00000014919,COX15
ENSG00000015153,YAF2
ENSG00000015171,ZMYND11
ENSG00000015532,XYLT2
ENSG00000015592,STMN4
ENSG00000015676,NUDCD3
ENSG00000016864,GLT8D1
ENSG00000017260,ATP2C1
ENSG00000017427,IGF1
ENSG00000017797,RALBP1
ENSG00000018189,RUFY3
ENSG00000018236,CNTN1
ENSG00000018510,AGPS
ENSG00000018625,ATP1A2
ENSG00000019505,SYT13
ENSG00000019582,CD74
ENSG00000019995,ZRANB1
ENSG00000020129,NCDN
ENSG00000020426,MNAT1
ENSG00000020577,SAMD4A
ENSG00000021300,PLEKHB1
ENSG00000021355,SERPINB1
ENSG00000021574,SPAST
ENSG00000021645,NRXN3
ENSG00000021762,OSBPL5
ENSG00000021776,AQR
ENSG00000022267,FHL1
ENSG00000022355,GABRA1
ENSG00000022567,SLC45A4
ENSG00000022840,RNF10
ENSG00000023041,ZDHHC6
ENSG00000023171,GRAMD1B
ENSG00000023191,RNH1
ENSG00000023228,NDUFS1
ENSG00000023287,RB1CC1
ENSG00000023318,ERP44
ENSG00000023516,AKAP11
ENSG00000023572,GLRX2
ENSG00000023734,STRAP
ENSG00000023909,GCLM
ENSG00000024048,UBR2
ENSG00000024862,CCDC28A
ENSG00000025039,RRAGD
ENSG00000025156,HSF2
ENSG00000025293,PHF20
ENSG00000025770,NCAPH2
ENSG00000025772,TOMM34
ENSG00000025796,SEC63
ENSG00000025800,KPNA6
ENSG00000026652,AGPAT4
ENSG00000027697,IFNGR1
ENSG00000027847,B4GALT7
ENSG00000028203,VEZT
ENSG00000028310,BRD9
ENSG00000028528,SNX1
ENSG00000028839,TBPL1
ENSG00000029363,BCLAF1
ENSG00000029364,SLC39A9
ENSG00000029534,ANK1
ENSG00000029725,RABEP1
ENSG00000030582,GRN
ENSG00000031003,FAM13B
ENSG00000031823,RANBP3
ENSG00000032219,ARID4A
ENSG00000032444,PNPLA6
ENSG00000033122,LRRC7
ENSG00000033170,FUT8
ENSG00000033178,UBA6
ENSG00000033327,GAB2
ENSG00000033627,ATP6V0A1
ENSG00000033867,SLC4A7
ENSG00000034053,APBA2
ENSG00000034152,MAP2K3
ENSG00000034510,TMSB10
ENSG00000034677,RNF19A
ENSG00000034713,GABARAPL2
ENSG00000035115,SH3YL1
ENSG00000035403,VCL
ENSG00000035681,NSMAF
ENSG00000035687,ADSS2
ENSG00000035862,TIMP2
ENSG00000035928,RFC1
ENSG00000036054,TBC1D23
ENSG00000036257,CUL3
ENSG00000036530,CYP46A1
ENSG00000036549,ZZZ3
ENSG00000036565,SLC18A1
ENSG00000037042,TUBG2
ENSG00000037474,NSUN2
ENSG00000037637,FBXO42
ENSG00000038219,BOD1L1
ENSG00000038274,MAT2B
ENSG00000038382,TRIO
ENSG00000039319,ZFYVE16
ENSG00000040199,PHLPP2
ENSG00000040341,STAU2
ENSG00000040731,CDH10
ENSG00000040933,INPP4A
ENSG00000041353,RAB27B
ENSG00000041357,PSMA4
ENSG00000041802,LSG1
ENSG00000042317,SPATA7
ENSG00000042753,AP2S1
ENSG00000043093,DCUN1D1
ENSG00000043143,JADE2
ENSG00000044115,CTNNA1
ENSG00000044574,HSPA5
ENSG00000046653,GPM6B
ENSG00000047056,WDR37
ENSG00000047188,YTHDC2
ENSG00000047249,ATP6V1H
ENSG00000047315,POLR2B
ENSG00000047410,TPR
ENSG00000047579,DTNBP1
ENSG00000047597,XK
ENSG00000047648,ARHGAP6
ENSG00000047849,MAP4
ENSG00000047932,GOPC
ENSG00000048052,HDAC9
ENSG00000048392,RRM2B
ENSG00000048471,SNX29
ENSG00000048540,LMO3
ENSG00000048544,MRPS10
ENSG00000048649,RSF1
ENSG00000048707,VPS13D
ENSG00000048740,CELF2
ENSG00000048828,FAM120A
ENSG00000048991,R3HDM1
ENSG00000049245,VAMP3
ENSG00000049618,ARID1B
ENSG00000049656,CLPTM1L
ENSG00000049759,NEDD4L
ENSG00000049769,PPP1R3F
ENSG00000049860,HEXB
ENSG00000050130,JKAMP
ENSG00000050165,DKK3
ENSG00000050393,MCUR1
ENSG00000050426,LETMD1
ENSG00000050438,SLC4A8
ENSG00000050748,MAPK9
ENSG00000050820,BCAR1
ENSG00000051108,HERPUD1
ENSG00000051620,HEBP2
ENSG00000051825,MPHOSPH9
ENSG00000052126,PLEKHA5
ENSG00000052723,SIKE1
ENSG00000052749,RRP12
ENSG00000052795,FNIP2
ENSG00000052802,MSMO1
ENSG00000052841,TTC17
ENSG00000053254,FOXN3
ENSG00000053372,MRTO4
ENSG00000053501,USE1
ENSG00000053524,MCF2L2
ENSG00000053747,LAMA3
ENSG00000053770,AP5M1
ENSG00000053900,ANAPC4
ENSG00000054116,TRAPPC3
ENSG00000054118,THRAP3
ENSG00000054267,ARID4B
ENSG00000054282,SDCCAG8
ENSG00000054356,PTPRN
ENSG00000054523,KIF1B
ENSG00000054611,TBC1D22A
ENSG00000054690,PLEKHH1
ENSG00000054793,ATP9A
ENSG00000054965,FAM168A
ENSG00000054983,GALC
ENSG00000055044,NOP58
ENSG00000055118,KCNH2
ENSG00000055130,CUL1
ENSG00000055147,FAM114A2
ENSG00000055163,CYFIP2
ENSG00000055208,TAB2
ENSG00000055211,GINM1
ENSG00000055332,EIF2AK2
ENSG00000055483,USP36
ENSG00000055609,KMT2C
ENSG00000055917,PUM2
ENSG00000055950,MRPL43
ENSG00000056097,ZFR
ENSG00000056586,RC3H2
ENSG00000056998,GYG2
ENSG00000057019,DCBLD2
ENSG00000057252,SOAT1
ENSG00000057608,GDI2
ENSG00000057663,ATG5
ENSG00000057704,TMCC3
ENSG00000057757,PITHD1
ENSG00000057935,MTA3
ENSG00000058091,CDK14
ENSG00000058272,PPP1R12A
ENSG00000058335,RASGRF1
ENSG00000058404,CAMK2B
ENSG00000058600,POLR3E
ENSG00000058729,RIOK2
ENSG00000058799,YIPF1
ENSG00000059122,FLYWCH1
ENSG00000059145,UNKL
ENSG00000059573,ALDH18A1
ENSG00000059691,GATB
ENSG00000059728,MXD1
ENSG00000059804,SLC2A3
ENSG00000059915,PSD
ENSG00000060237,WNK1
ENSG00000060339,CCAR1
ENSG00000060491,OGFR
ENSG00000060656,PTPRU
ENSG00000060709,RIMBP2
ENSG00000060718,COL11A1
ENSG00000060762,MPC1
ENSG00000060982,BCAT1
ENSG00000061676,NCKAP1
ENSG00000061794,MRPS35
ENSG00000061936,SFSWAP
ENSG00000061938,TNK2
ENSG00000061987,MON2
ENSG00000062194,GPBP1
ENSG00000062598,ELMO2
ENSG00000062650,WAPL
ENSG00000062716,VMP1
ENSG00000062725,APPBP2
ENSG00000063046,EIF4B
ENSG00000063176,SPHK2
ENSG00000063177,RPL18
ENSG00000063244,U2AF2
ENSG00000063245,EPN1
ENSG00000063322,MED29
ENSG00000063587,ZNF275
ENSG00000063601,MTMR1
ENSG00000063660,GPC1
ENSG00000063854,HAGH
ENSG00000063978,RNF4
ENSG00000064042,LIMCH1
ENSG00000064115,TM7SF3
ENSG00000064225,ST3GAL6
ENSG00000064313,TAF2
ENSG00000064393,HIPK2
ENSG00000064601,CTSA
ENSG00000064607,SUGP2
ENSG00000064651,SLC12A2
ENSG00000064652,SNX24
ENSG00000064687,ABCA7
ENSG00000064726,BTBD1
ENSG00000064787,BCAS1
ENSG00000064933,PMS1
ENSG00000064999,ANKS1A
ENSG00000065000,AP3D1
ENSG00000065135,GNAI3
ENSG00000065150,IPO5
ENSG00000065154,OAT
ENSG00000065183,WDR3
ENSG00000065457,ADAT1
ENSG00000065491,TBC1D22B
ENSG00000065518,NDUFB4
ENSG00000065526,SPEN
ENSG00000065534,MYLK
ENSG00000065548,ZC3H15
ENSG00000065559,MAP2K4
ENSG00000065609,SNAP91
ENSG00000065613,SLK
ENSG00000065665,SEC61A2
ENSG00000065802,ASB1
ENSG00000065809,FAM107B
ENSG00000065833,ME1
ENSG00000065883,CDK13
ENSG00000065911,MTHFD2
ENSG00000065989,PDE4A
ENSG00000066027,PPP2R5A
ENSG00000066032,CTNNA2
ENSG00000066044,ELAVL1
ENSG00000066084,DIP2B
ENSG00000066117,SMARCD1
ENSG00000066136,NFYC
ENSG00000066382,MPPED2
ENSG00000066422,ZBTB11
ENSG00000066427,ATXN3
ENSG00000066455,GOLGA5
ENSG00000066468,FGFR2
ENSG00000066557,LRRC40
ENSG00000066583,ISOC1
ENSG00000066651,TRMT11
ENSG00000066654,THUMPD1
ENSG00000066697,MSANTD3
ENSG00000066739,ATG2B
ENSG00000066777,ARFGEF1
ENSG00000066926,FECH
ENSG00000066933,MYO9A
ENSG00000067048,DDX3Y
ENSG00000067057,PFKP
ENSG00000067064,IDI1
ENSG00000067082,KLF6
ENSG00000067141,NEO1
ENSG00000067177,PHKA1
ENSG00000067191,CACNB1
ENSG00000067208,EVI5
ENSG00000067221,STOML1
ENSG00000067225,PKM
ENSG00000067248,DHX29
ENSG00000067334,DNTTIP2
ENSG00000067369,TP53BP1
ENSG00000067445,TRO
ENSG00000067533,RRP15
ENSG00000067560,RHOA
ENSG00000067606,PRKCZ
ENSG00000067704,IARS2
ENSG00000067715,SYT1
ENSG00000067798,NAV3
ENSG00000067829,IDH3G
ENSG00000067836,ROGDI
ENSG00000067840,PDZD4
ENSG00000067842,ATP2B3
ENSG00000067955,CBFB
ENSG00000068024,HDAC4
ENSG00000068078,FGFR3
ENSG00000068323,TFE3
ENSG00000068366,ACSL4
ENSG00000068383,INPP5A
ENSG00000068400,GRIPAP1
ENSG00000068438,FTSJ1
ENSG00000068615,REEP1
ENSG00000068650,ATP11A
ENSG00000068654,POLR1A
ENSG00000068697,LAPTM4A
ENSG00000068745,IP6K2
ENSG00000068796,KIF2A
ENSG00000068878,PSME4
ENSG00000068885,IFT80
ENSG00000068903,SIRT2
ENSG00000068912,ERLEC1
ENSG00000068971,PPP2R5B
ENSG00000069020,MAST4
ENSG00000069248,NUP133
ENSG00000069275,NUCKS1
ENSG00000069345,DNAJA2
ENSG00000069424,KCNAB2
ENSG00000069509,FUNDC1
ENSG00000069535,MAOB
ENSG00000069667,RORA
ENSG00000069849,ATP1B3
ENSG00000069956,MAPK6
ENSG00000069966,GNB5
ENSG00000070010,UFD1
ENSG00000070018,LRP6
ENSG00000070081,NUCB2
ENSG00000070087,PFN2
ENSG00000070182,SPTB
ENSG00000070214,SLC44A1
ENSG00000070367,EXOC5
ENSG00000070371,CLTCL1
ENSG00000070413,DGCR2
ENSG00000070423,RNF126
ENSG00000070444,MNT
ENSG00000070495,JMJD6
ENSG00000070501,POLB
ENSG00000070610,GBA2
ENSG00000070614,NDST1
ENSG00000070718,AP3M2
ENSG00000070756,PABPC1
ENSG00000070761,CFAP20
ENSG00000070770,CSNK2A2
ENSG00000070785,EIF2B3
ENSG00000070814,TCOF1
ENSG00000070882,OSBPL3
ENSG00000070961,ATP2B1
ENSG00000071051,NCK2
ENSG00000071054,MAP4K4
ENSG00000071082,RPL31
ENSG00000071127,WDR1
ENSG00000071189,SNX13
ENSG00000071537,SEL1L
ENSG00000071553,ATP6AP1
ENSG00000071575,TRIB2
ENSG00000071626,DAZAP1
ENSG00000071655,MBD3
ENSG00000071794,HLTF
ENSG00000071859,FAM50A
ENSG00000071889,FAM3A
ENSG00000071994,PDCD2
ENSG00000072041,SLC6A15
ENSG00000072042,RDH11
ENSG00000072062,PRKACA
ENSG00000072071,ADGRL1
ENSG00000072110,ACTN1
ENSG00000072134,EPN2
ENSG00000072135,PTPN18
ENSG00000072195,SPEG
ENSG00000072210,ALDH3A2
ENSG00000072274,TFRC
ENSG00000072364,AFF4
ENSG00000072401,UBE2D1
ENSG00000072501,SMC1A
ENSG00000072756,TRNT1
ENSG00000072778,ACADVL
ENSG00000072803,FBXW11
ENSG00000072832,CRMP1
ENSG00000072849,DERL2
ENSG00000072858,SIDT1
ENSG00000072954,TMEM38A
ENSG00000073008,PVR
ENSG00000073150,PANX2
ENSG00000073464,CLCN4
ENSG00000073614,KDM5A
ENSG00000073803,MAP3K13
ENSG00000073910,FRY
ENSG00000073921,PICALM
ENSG00000073969,NSF
ENSG00000074054,CLASP1
ENSG00000074071,MRPS34
ENSG00000074201,CLNS1A
ENSG00000074211,PPP2R2C
ENSG00000074319,TSG101
ENSG00000074370,ATP2A3
ENSG00000074416,MGLL
ENSG00000074527,NTN4
ENSG00000074582,BCS1L
ENSG00000074590,NUAK1
ENSG00000074603,DPP8
ENSG00000074695,LMAN1
ENSG00000074696,HACD3
ENSG00000074706,IPCEF1
ENSG00000074800,ENO1
ENSG00000074842,MYDGF
ENSG00000074935,TUBE1
ENSG00000074964,ARHGEF10L
ENSG00000075035,WSCD2
ENSG00000075043,KCNQ2
ENSG00000075089,ACTR6
ENSG00000075142,SRI
ENSG00000075151,EIF4G3
ENSG00000075239,ACAT1
ENSG00000075240,GRAMD4
ENSG00000075292,ZNF638
ENSG00000075336,TIMM21
ENSG00000075340,ADD2
ENSG00000075391,RASAL2
ENSG00000075399,VPS9D1
ENSG00000075407,ZNF37A
ENSG00000075413,MARK3
ENSG00000075415,SLC25A3
ENSG00000075539,FRYL
ENSG00000075568,TMEM131
ENSG00000075618,FSCN1
ENSG00000075624,ACTB
ENSG00000075711,DLG1
ENSG00000075785,RAB7A
ENSG00000075856,SART3
ENSG00000075914,EXOSC7
ENSG00000075945,KIFAP3
ENSG00000075975,MKRN2
ENSG00000076043,REXO2
ENSG00000076108,BAZ2A
ENSG00000076242,MLH1
ENSG00000076248,UNG
ENSG00000076321,KLHL20
ENSG00000076513,ANKRD13A
ENSG00000076554,TPD52
ENSG00000076641,PAG1
ENSG00000076716,GPC4
ENSG00000076864,RAP1GAP
ENSG00000076984,MAP2K7
ENSG00000077044,DGKD
ENSG00000077063,CTTNBP2
ENSG00000077097,TOP2B
ENSG00000077147,TM9SF3
ENSG00000077157,PPP1R12B
ENSG00000077232,DNAJC10
ENSG00000077235,GTF3C1
ENSG00000077254,USP33
ENSG00000077264,PAK3
ENSG00000077279,DCX
ENSG00000077312,SNRPA
ENSG00000077380,DYNC1I2
ENSG00000077549,CAPZB
ENSG00000077585,GPR137B
ENSG00000077616,NAALAD2
ENSG00000077684,JADE1
ENSG00000077721,UBE2A
ENSG00000077782,FGFR1
ENSG00000078018,MAP2
ENSG00000078043,PIAS2
ENSG00000078053,AMPH
ENSG00000078114,NEBL
ENSG00000078124,ACER3
ENSG00000078140,UBE2K
ENSG00000078142,PIK3C3
ENSG00000078295,ADCY2
ENSG00000078304,PPP2R5C
ENSG00000078328,RBFOX1
ENSG00000078369,GNB1
ENSG00000078549,ADCYAP1R1
ENSG00000078596,ITM2A
ENSG00000078668,VDAC3
ENSG00000078674,PCM1
ENSG00000078687,TNRC6C
ENSG00000078699,CBFA2T2
ENSG00000078804,TP53INP2
ENSG00000078967,UBE2D4
ENSG00000079102,RUNX1T1
ENSG00000079156,OSBPL6
ENSG00000079215,SLC1A3
ENSG00000079246,XRCC5
ENSG00000079277,MKNK1
ENSG00000079308,TNS1
ENSG00000079332,SAR1A
ENSG00000079459,FDFT1
ENSG00000079462,PAFAH1B3
ENSG00000079739,PGM1
ENSG00000079785,DDX1
ENSG00000079841,RIMS1
ENSG00000079950,STX7
ENSG00000079999,KEAP1
ENSG00000080189,SLC35C2
ENSG00000080345,RIF1
ENSG00000080371,RAB21
ENSG00000080493,SLC4A4
ENSG00000080503,SMARCA2
ENSG00000080546,SESN1
ENSG00000080802,CNOT4
ENSG00000080815,PSEN1
ENSG00000080819,CPOX
ENSG00000080822,CLDND1
ENSG00000080824,HSP90AA1
ENSG00000080845,DLGAP4
ENSG00000081019,RSBN1
ENSG00000081026,MAGI3
ENSG00000081087,OSTM1
ENSG00000081154,PCNP
ENSG00000081307,UBA5
ENSG00000081760,AACS
ENSG00000081803,CADPS2
ENSG00000082014,SMARCD3
ENSG00000082153,BZW1
ENSG00000082212,ME2
ENSG00000082213,C5orf22
ENSG00000082258,CCNT2
ENSG00000082269,FAM135A
ENSG00000082397,EPB41L3
ENSG00000082458,DLG3
ENSG00000082497,SERTAD4
ENSG00000082515,MRPL22
ENSG00000082516,GEMIN5
ENSG00000082556,OPRK1
ENSG00000082641,NFE2L1
ENSG00000082701,GSK3B
ENSG00000082805,ERC1
ENSG00000082898,XPO1
ENSG00000082996,RNF13
ENSG00000083099,LYRM2
ENSG00000083123,BCKDHB
ENSG00000083168,KAT6A
ENSG00000083290,ULK2
ENSG00000083312,TNPO1
ENSG00000083444,PLOD1
ENSG00000083454,P2RX5
ENSG00000083457,ITGAE
ENSG00000083520,DIS3
ENSG00000083642,PDS5B
ENSG00000083720,OXCT1
ENSG00000083750,RRAGB
ENSG00000083799,CYLD
ENSG00000083845,RPS5
ENSG00000083937,CHMP2B
ENSG00000084070,SMAP2
ENSG00000084073,ZMPSTE24
ENSG00000084090,STARD7
ENSG00000084112,SSH1
ENSG00000084207,GSTP1
ENSG00000084234,APLP2
ENSG00000084463,WBP11
ENSG00000084623,EIF3I
ENSG00000084652,TXLNA
ENSG00000084676,NCOA1
ENSG00000084693,AGBL5
ENSG00000084731,KIF3C
ENSG00000084733,RAB10
ENSG00000084754,HADHA
ENSG00000084764,MAPRE3
ENSG00000085224,ATRX
ENSG00000085231,AK6
ENSG00000085274,MYNN
ENSG00000085365,SCAMP1
ENSG00000085377,PREP
ENSG00000085382,HACE1
ENSG00000085433,WDR47
ENSG00000085449,WDFY1
ENSG00000085511,MAP3K4
ENSG00000085644,ZNF213
ENSG00000085719,CPNE3
ENSG00000085721,RRN3
ENSG00000085733,CTTN
ENSG00000085788,DDHD2
ENSG00000085831,TTC39A
ENSG00000085832,EPS15
ENSG00000085871,MGST2
ENSG00000085872,CHERP
ENSG00000085978,ATG16L1
ENSG00000085998,POMGNT1
ENSG00000086015,MAST2
ENSG00000086061,DNAJA1
ENSG00000086065,CHMP5
ENSG00000086102,NFX1
ENSG00000086189,DIMT1
ENSG00000086200,IPO11
ENSG00000086232,EIF2AK1
ENSG00000086289,EPDR1
ENSG00000086300,SNX10
ENSG00000086475,SEPHS1
ENSG00000086504,MRPL28
ENSG00000086589,RBM22
ENSG00000086598,TMED2
ENSG00000086619,ERO1B
ENSG00000086758,HUWE1
ENSG00000087053,MTMR2
ENSG00000087087,SRRT
ENSG00000087095,NLK
ENSG00000087152,ATXN7L3
ENSG00000087191,PSMC5
ENSG00000087258,GNAO1
ENSG00000087263,OGFOD1
ENSG00000087274,ADD1
ENSG00000087302,RTRAF
ENSG00000087338,GMCL1
ENSG00000087365,SF3B2
ENSG00000087448,KLHL42
ENSG00000087460,GNAS
ENSG00000087470,DNM1L
ENSG00000087495,PHACTR3
ENSG00000087502,ERGIC2
ENSG00000088179,PTPN4
ENSG00000088205,DDX18
ENSG00000088247,KHSRP
ENSG00000088256,GNA11
ENSG00000088356,PDRG1
ENSG00000088367,EPB41L1
ENSG00000088387,DOCK9
ENSG00000088448,ANKRD10
ENSG00000088538,DOCK3
ENSG00000088543,C3orf18
ENSG00000088808,PPP1R13B
ENSG00000088812,ATRN
ENSG00000088833,NSFL1C
ENSG00000088899,LZTS3
ENSG00000088930,XRN2
ENSG00000088986,DYNLL1
ENSG00000089006,SNX5
ENSG00000089048,ESF1
ENSG00000089053,ANAPC5
ENSG00000089057,SLC23A2
ENSG00000089154,GCN1
ENSG00000089169,RPH3A
ENSG00000089195,TRMT6
ENSG00000089199,CHGB
ENSG00000089220,PEBP1
ENSG00000089234,BRAP
ENSG00000089248,ERP29
ENSG00000089280,FUS
ENSG00000089289,IGBP1
ENSG00000089335,ZNF302
ENSG00000089486,CDIP1
ENSG00000089693,MLF2
ENSG00000089737,DDX24
ENSG00000089818,NECAP1
ENSG00000089916,GPATCH2L
ENSG00000090013,BLVRB
ENSG00000090020,SLC9A1
ENSG00000090060,PAPOLA
ENSG00000090097,PCBP4
ENSG00000090238,YPEL3
ENSG00000090263,MRPS33
ENSG00000090266,NDUFB2
ENSG00000090432,MUL1
ENSG00000090470,PDCD7
ENSG00000090487,SPG21
ENSG00000090565,RAB11FIP3
ENSG00000090615,GOLGA3
ENSG00000090621,PABPC4
ENSG00000090686,USP48
ENSG00000090863,GLG1
ENSG00000090905,TNRC6A
ENSG00000090971,NAT14
ENSG00000090975,PITPNM2
ENSG00000090989,EXOC1
ENSG00000091009,RBM27
ENSG00000091039,OSBPL8
ENSG00000091129,NRCAM
ENSG00000091140,DLD
ENSG00000091157,WDR7
ENSG00000091164,TXNL1
ENSG00000091428,RAPGEF4
ENSG00000091482,SMPX
ENSG00000091513,TF
ENSG00000091527,CDV3
ENSG00000091542,ALKBH5
ENSG00000091640,SPAG7
ENSG00000091656,ZFHX4
ENSG00000091732,ZC3HC1
ENSG00000091844,RGS17
ENSG00000091947,TMEM101
ENSG00000091972,CD200
ENSG00000092010,PSME1
ENSG00000092020,PPP2R3C
ENSG00000092096,SLC22A17
ENSG00000092108,SCFD1
ENSG00000092140,G2E3
ENSG00000092148,HECTD1
ENSG00000092199,HNRNPC
ENSG00000092201,SUPT16H
ENSG00000092203,TOX4
ENSG00000092330,TINF2
ENSG00000092820,EZR
ENSG00000092841,MYL6
ENSG00000092847,AGO1
ENSG00000092931,MFSD11
ENSG00000092964,DPYSL2
ENSG00000092978,GPATCH2
ENSG00000093000,NUP50
ENSG00000093010,COMT
ENSG00000093144,ECHDC1
ENSG00000093167,LRRFIP2
ENSG00000093183,SEC22C
ENSG00000094631,HDAC6
ENSG00000094841,UPRT
ENSG00000094880,CDC23
ENSG00000094916,CBX5
ENSG00000094975,SUCO
ENSG00000095139,ARCN1
ENSG00000095261,PSMD5
ENSG00000095321,CRAT
ENSG00000095380,NANS
ENSG00000095564,BTAF1
ENSG00000095574,IKZF5
ENSG00000095637,SORBS1
ENSG00000095787,WAC
ENSG00000095794,CREM
ENSG00000096063,SRPK1
ENSG00000096092,TMEM14A
ENSG00000096384,HSP90AB1
ENSG00000096401,CDC5L
ENSG00000096746,HNRNPH3
ENSG00000097007,ABL1
ENSG00000097021,ACOT7
ENSG00000097033,SH3GLB1
ENSG00000099194,SCD
ENSG00000099204,ABLIM1
ENSG00000099219,ERMP1
ENSG00000099246,RAB18
ENSG00000099308,MAST3
ENSG00000099326,MZF1
ENSG00000099341,PSMD8
ENSG00000099622,CIRBP
ENSG00000099783,HNRNPM
ENSG00000099814,CEP170B
ENSG00000099817,POLR2E
ENSG00000099864,PALM
ENSG00000099875,MKNK2
ENSG00000099889,ARVCF
ENSG00000099901,RANBP1
ENSG00000099904,ZDHHC8
ENSG00000099910,KLHL22
ENSG00000099917,MED15
ENSG00000099940,SNAP29
ENSG00000099942,CRKL
ENSG00000099956,SMARCB1
ENSG00000099968,BCL2L13
ENSG00000099991,CABIN1
ENSG00000099995,SF3A1
ENSG00000100014,SPECC1L
ENSG00000100029,PES1
ENSG00000100030,MAPK1
ENSG00000100034,PPM1F
ENSG00000100083,GGA1
ENSG00000100095,SEZ6L
ENSG00000100097,LGALS1
ENSG00000100099,HPS4
ENSG00000100100,PIK3IP1
ENSG00000100116,GCAT
ENSG00000100124,ANKRD54
ENSG00000100138,SNU13
ENSG00000100142,POLR2F
ENSG00000100151,PICK1
ENSG00000100154,TTC28
ENSG00000100201,DDX17
ENSG00000100207,TCF20
ENSG00000100216,TOMM22
ENSG00000100220,RTCB
ENSG00000100221,JOSD1
ENSG00000100225,FBXO7
ENSG00000100227,POLDIP3
ENSG00000100234,TIMP3
ENSG00000100239,PPP6R2
ENSG00000100241,SBF1
ENSG00000100243,CYB5R3
ENSG00000100263,RHBDD3
ENSG00000100266,PACSIN2
ENSG00000100280,AP1B1
ENSG00000100281,HMGXB4
ENSG00000100304,TTLL12
ENSG00000100307,CBX7
ENSG00000100320,RBFOX2
ENSG00000100321,SYNGR1
ENSG00000100324,TAB1
ENSG00000100330,MTMR3
ENSG00000100347,SAMM50
ENSG00000100348,TXN2
ENSG00000100350,FOXRED2
ENSG00000100353,EIF3D
ENSG00000100354,TNRC6B
ENSG00000100364,KIAA0930
ENSG00000100372,SLC25A17
ENSG00000100379,KCTD17
ENSG00000100380,ST13
ENSG00000100387,RBX1
ENSG00000100395,L3MBTL2
ENSG00000100401,RANGAP1
ENSG00000100403,ZC3H7B
ENSG00000100413,POLR3H
ENSG00000100417,PMM1
ENSG00000100418,DESI1
ENSG00000100422,CERK
ENSG00000100425,BRD1
ENSG00000100442,FKBP3
ENSG00000100461,RBM23
ENSG00000100483,VCPKMT
ENSG00000100485,SOS2
ENSG00000100503,NIN
ENSG00000100504,PYGL
ENSG00000100505,TRIM9
ENSG00000100523,DDHD1
ENSG00000100528,CNIH1
ENSG00000100554,ATP6V1D
ENSG00000100564,PIGH
ENSG00000100567,PSMA3
ENSG00000100575,TIMM9
ENSG00000100580,TMED8
ENSG00000100591,AHSA1
ENSG00000100592,DAAM1
ENSG00000100596,SPTLC2
ENSG00000100600,LGMN
ENSG00000100603,SNW1
ENSG00000100604,CHGA
ENSG00000100605,ITPK1
ENSG00000100612,DHRS7
ENSG00000100614,PPM1A
ENSG00000100626,GALNT16
ENSG00000100632,ERH
ENSG00000100644,HIF1A
ENSG00000100647,SUSD6
ENSG00000100650,SRSF5
ENSG00000100664,EIF5
ENSG00000100678,SLC8A3
ENSG00000100711,ZFYVE21
ENSG00000100714,MTHFD1
ENSG00000100744,GSKIP
ENSG00000100784,RPS6KA5
ENSG00000100796,PPP4R3A
ENSG00000100804,PSMB5
ENSG00000100811,YY1
ENSG00000100813,ACIN1
ENSG00000100815,TRIP11
ENSG00000100823,APEX1
ENSG00000100852,ARHGAP5
ENSG00000100865,CINP
ENSG00000100883,SRP54
ENSG00000100888,CHD8
ENSG00000100897,DCAF11
ENSG00000100906,NFKBIA
ENSG00000100908,EMC9
ENSG00000100934,SEC23A
ENSG00000100938,GMPR2
ENSG00000100941,PNN
ENSG00000100983,GSS
ENSG00000100997,ABHD12
ENSG00000101019,UQCC1
ENSG00000101040,ZMYND8
ENSG00000101079,NDRG3
ENSG00000101109,STK4
ENSG00000101126,ADNP
ENSG00000101132,PFDN4
ENSG00000101134,DOK5
ENSG00000101146,RAE1
ENSG00000101150,TPD52L2
ENSG00000101152,DNAJC5
ENSG00000101161,PRPF6
ENSG00000101182,PSMA7
ENSG00000101187,SLCO4A1
ENSG00000101189,MRGBP
ENSG00000101190,TCFL5
ENSG00000101191,DIDO1
ENSG00000101193,GID8
ENSG00000101199,ARFGAP1
ENSG00000101210,EEF1A2
ENSG00000101224,CDC25B
ENSG00000101236,RNF24
ENSG00000101246,ARFRP1
ENSG00000101247,NDUFAF5
ENSG00000101265,RASSF2
ENSG00000101266,CSNK2A1
ENSG00000101290,CDS2
ENSG00000101298,SNPH
ENSG00000101310,SEC23B
ENSG00000101333,PLCB4
ENSG00000101343,CRNKL1
ENSG00000101347,SAMHD1
ENSG00000101350,KIF3B
ENSG00000101363,MANBAL
ENSG00000101365,IDH3B
ENSG00000101367,MAPRE1
ENSG00000101391,CDK5RAP1
ENSG00000101407,TTI1
ENSG00000101413,RPRD1B
ENSG00000101421,CHMP4B
ENSG00000101439,CST3
ENSG00000101460,MAP1LC3A
ENSG00000101464,PIGU
ENSG00000101474,APMAP
ENSG00000101489,CELF4
ENSG00000101544,ADNP2
ENSG00000101557,USP14
ENSG00000101558,VAPA
ENSG00000101577,LPIN2
ENSG00000101596,SMCHD1
ENSG00000101608,MYL12A
ENSG00000101654,RNMT
ENSG00000101745,ANKRD12
ENSG00000101746,NOL4
ENSG00000101751,POLI
ENSG00000101752,MIB1
ENSG00000101782,RIOK3
ENSG00000101843,PSMD10
ENSG00000101846,STS
ENSG00000101856,PGRMC1
ENSG00000101882,NKAP
ENSG00000101928,MOSPD1
ENSG00000101940,WDR13
ENSG00000101966,XIAP
ENSG00000101972,STAG2
ENSG00000101974,ATP11C
ENSG00000101977,MCF2
ENSG00000102003,SYP
ENSG00000102024,PLS3
ENSG00000102030,NAA10
ENSG00000102038,SMARCA1
ENSG00000102054,RBBP7
ENSG00000102078,SLC25A14
ENSG00000102081,FMR1
ENSG00000102100,SLC35A2
ENSG00000102103,PQBP1
ENSG00000102109,PCSK1N
ENSG00000102119,EMD
ENSG00000102144,PGK1
ENSG00000102178,UBL4A
ENSG00000102181,CD99L2
ENSG00000102189,EEA1
ENSG00000102225,CDK16
ENSG00000102226,USP11
ENSG00000102241,HTATSF1
ENSG00000102309,PIN4
ENSG00000102316,MAGED2
ENSG00000102393,GLA
ENSG00000102401,ARMCX3
ENSG00000102409,BEX4
ENSG00000102452,NALCN
ENSG00000102466,FGF14
ENSG00000102468,HTR2A
ENSG00000102471,NDFIP2
ENSG00000102524,TNFSF13B
ENSG00000102531,FNDC3A
ENSG00000102547,CAB39L
ENSG00000102572,STK24
ENSG00000102606,ARHGEF7
ENSG00000102678,FGF9
ENSG00000102753,KPNA3
ENSG00000102760,RGCC
ENSG00000102763,VWA8
ENSG00000102781,KATNAL1
ENSG00000102804,TSC22D1
ENSG00000102858,MGRN1
ENSG00000102882,MAPK3
ENSG00000102893,PHKB
ENSG00000102897,LYRM1
ENSG00000102898,NUTF2
ENSG00000102900,NUP93
ENSG00000102908,NFAT5
ENSG00000102910,LONP2
ENSG00000102921,N4BP1
ENSG00000102924,CBLN1
ENSG00000102931,ARL2BP
ENSG00000102935,ZNF423
ENSG00000102974,CTCF
ENSG00000102978,POLR2C
ENSG00000102981,PARD6A
ENSG00000103005,USB1
ENSG00000103018,CYB5B
ENSG00000103034,NDRG4
ENSG00000103035,PSMD7
ENSG00000103042,SLC38A7
ENSG00000103051,COG4
ENSG00000103064,SLC7A6
ENSG00000103091,WDR59
ENSG00000103111,MON1B
ENSG00000103121,CMC2
ENSG00000103145,HCFC1R1
ENSG00000103148,NPRL3
ENSG00000103150,MLYCD
ENSG00000103160,HSDL1
ENSG00000103222,ABCC1
ENSG00000103253,HAGHL
ENSG00000103257,SLC7A5
ENSG00000103264,FBXO31
ENSG00000103275,UBE2I
ENSG00000103342,GSPT1
ENSG00000103351,CLUAP1
ENSG00000103353,UBFD1
ENSG00000103365,GGA2
ENSG00000103381,CPPED1
ENSG00000103404,USP31
ENSG00000103415,HMOX2
ENSG00000103423,DNAJA3
ENSG00000103429,BFAR
ENSG00000103460,TOX3
ENSG00000103485,QPRT
ENSG00000103489,XYLT1
ENSG00000103496,STX4
ENSG00000103502,CDIPT
ENSG00000103528,SYT17
ENSG00000103540,CCP110
ENSG00000103591,AAGAB
ENSG00000103647,CORO2B
ENSG00000103653,CSK
ENSG00000103657,HERC1
ENSG00000103723,AP3B2
ENSG00000103769,RAB11A
ENSG00000103876,FAH
ENSG00000103978,TMEM87A
ENSG00000103994,ZNF106
ENSG00000104067,TJP1
ENSG00000104093,DMXL2
ENSG00000104112,SCG3
ENSG00000104131,EIF3J
ENSG00000104133,SPG11
ENSG00000104142,VPS18
ENSG00000104164,BLOC1S6
ENSG00000104177,MYEF2
ENSG00000104218,CSPP1
ENSG00000104219,ZDHHC2
ENSG00000104231,ZFAND1
ENSG00000104267,CA2
ENSG00000104290,FZD3
ENSG00000104320,NBN
ENSG00000104327,CALB1
ENSG00000104332,SFRP1
ENSG00000104341,LAPTM4B
ENSG00000104343,UBE2W
ENSG00000104361,NIPAL2
ENSG00000104381,GDAP1
ENSG00000104388,RAB2A
ENSG00000104408,EIF3E
ENSG00000104412,EMC2
ENSG00000104427,ZC2HC1A
ENSG00000104435,STMN2
ENSG00000104442,ARMC1
ENSG00000104447,TRPS1
ENSG00000104490,NCALD
ENSG00000104517,UBR5
ENSG00000104613,INTS10
ENSG00000104635,SLC39A14
ENSG00000104643,MTMR9
ENSG00000104660,LEPROTL1
ENSG00000104671,DCTN6
ENSG00000104679,R3HCC1
ENSG00000104687,GSR
ENSG00000104691,UBXN8
ENSG00000104695,PPP2CB
ENSG00000104722,NEFM
ENSG00000104723,TUSC3
ENSG00000104738,MCM4
ENSG00000104756,KCTD9
ENSG00000104763,ASAH1
ENSG00000104765,BNIP3L
ENSG00000104805,NUCB1
ENSG00000104823,ECH1
ENSG00000104833,TUBB4A
ENSG00000104852,SNRNP70
ENSG00000104853,CLPTM1
ENSG00000104863,LIN7B
ENSG00000104880,ARHGEF18
ENSG00000104884,ERCC2
ENSG00000104904,OAZ1
ENSG00000104915,STX10
ENSG00000104967,NOVA2
ENSG00000104969,SGTA
ENSG00000104979,C19orf53
ENSG00000104980,TIMM44
ENSG00000105058,FAM32A
ENSG00000105088,OLFM2
ENSG00000105171,POP4
ENSG00000105185,PDCD5
ENSG00000105186,ANKRD27
ENSG00000105193,RPS16
ENSG00000105202,FBL
ENSG00000105204,DYRK1B
ENSG00000105220,GPI
ENSG00000105245,NUMBL
ENSG00000105254,TBCB
ENSG00000105255,FSD1
ENSG00000105258,POLR2I
ENSG00000105270,CLIP3
ENSG00000105278,ZFR2
ENSG00000105290,APLP1
ENSG00000105323,HNRNPUL1
ENSG00000105325,FZR1
ENSG00000105339,DENND3
ENSG00000105357,MYH14
ENSG00000105364,MRPL4
ENSG00000105372,RPS19
ENSG00000105379,ETFB
ENSG00000105426,PTPRS
ENSG00000105429,MEGF8
ENSG00000105438,KDELR1
ENSG00000105447,GRWD1
ENSG00000105499,PLA2G4C
ENSG00000105516,DBP
ENSG00000105518,TMEM205
ENSG00000105568,PPP2R1A
ENSG00000105576,TNPO2
ENSG00000105618,PRPF31
ENSG00000105649,RAB3A
ENSG00000105671,DDX49
ENSG00000105698,USF2
ENSG00000105700,KXD1
ENSG00000105701,FKBP8
ENSG00000105705,SUGP1
ENSG00000105723,GSK3A
ENSG00000105737,GRIK5
ENSG00000105771,SMG9
ENSG00000105778,AVL9
ENSG00000105784,RUNDC3B
ENSG00000105793,GTPBP10
ENSG00000105819,PMPCB
ENSG00000105835,NAMPT
ENSG00000105854,PON2
ENSG00000105939,ZC3HAV1
ENSG00000105983,LMBR1
ENSG00000105993,DNAJB6
ENSG00000106028,SSBP1
ENSG00000106049,HIBADH
ENSG00000106052,TAX1BP1
ENSG00000106070,GRB10
ENSG00000106077,ABHD11
ENSG00000106078,COBL
ENSG00000106086,PLEKHA8
ENSG00000106123,EPHB6
ENSG00000106144,CASP2
ENSG00000106244,PDAP1
ENSG00000106261,ZKSCAN1
ENSG00000106263,EIF3B
ENSG00000106266,SNX8
ENSG00000106278,PTPRZ1
ENSG00000106299,WASL
ENSG00000106344,RBM28
ENSG00000106348,IMPDH1
ENSG00000106351,AGFG2
ENSG00000106355,LSM5
ENSG00000106392,C1GALT1
ENSG00000106399,RPA3
ENSG00000106400,ZNHIT1
ENSG00000106443,PHF14
ENSG00000106460,TMEM106B
ENSG00000106477,CEP41
ENSG00000106484,MEST
ENSG00000106524,ANKMY2
ENSG00000106537,TSPAN13
ENSG00000106591,MRPL32
ENSG00000106603,COA1
ENSG00000106605,BLVRA
ENSG00000106608,URGCP
ENSG00000106609,TMEM248
ENSG00000106615,RHEB
ENSG00000106617,PRKAG2
ENSG00000106628,POLD2
ENSG00000106635,BCL7B
ENSG00000106665,CLIP2
ENSG00000106682,EIF4H
ENSG00000106683,LIMK1
ENSG00000106688,SLC1A1
ENSG00000106692,FKTN
ENSG00000106701,FSD1L
ENSG00000106723,SPIN1
ENSG00000106733,NMRK1
ENSG00000106771,TMEM245
ENSG00000106772,PRUNE2
ENSG00000106780,MEGF9
ENSG00000106789,CORO2A
ENSG00000106799,TGFBR1
ENSG00000106803,SEC61B
ENSG00000106829,TLE4
ENSG00000106976,DNM1
ENSG00000106993,CDC37L1
ENSG00000107021,TBC1D13
ENSG00000107077,KDM4C
ENSG00000107104,KANK1
ENSG00000107105,ELAVL2
ENSG00000107130,NCS1
ENSG00000107164,FUBP3
ENSG00000107185,RGP1
ENSG00000107186,MPDZ
ENSG00000107223,EDF1
ENSG00000107242,PIP5K1B
ENSG00000107262,BAG1
ENSG00000107263,RAPGEF1
ENSG00000107290,SETX
ENSG00000107295,SH3GL2
ENSG00000107331,ABCA2
ENSG00000107341,UBE2R2
ENSG00000107362,ABHD17B
ENSG00000107372,ZFAND5
ENSG00000107404,DVL1
ENSG00000107518,ATRNL1
ENSG00000107537,PHYH
ENSG00000107551,RASSF4
ENSG00000107560,RAB11FIP2
ENSG00000107581,EIF3A
ENSG00000107625,DDX50
ENSG00000107643,MAPK8
ENSG00000107651,SEC23IP
ENSG00000107669,ATE1
ENSG00000107742,SPOCK2
ENSG00000107745,MICU1
ENSG00000107758,PPP3CB
ENSG00000107771,CCSER2
ENSG00000107798,LIPA
ENSG00000107819,SFXN3
ENSG00000107829,FBXW4
ENSG00000107854,TNKS2
ENSG00000107862,GBF1
ENSG00000107864,CPEB3
ENSG00000107874,CUEDC2
ENSG00000107897,ACBD5
ENSG00000107902,LHPP
ENSG00000107929,LARP4B
ENSG00000107937,GTPBP4
ENSG00000107949,BCCIP
ENSG00000107951,MTPAP
ENSG00000107954,NEURL1
ENSG00000107957,SH3PXD2A
ENSG00000107959,PITRM1
ENSG00000108001,EBF3
ENSG00000108039,XPNPEP1
ENSG00000108055,SMC3
ENSG00000108061,SHOC2
ENSG00000108091,CCDC6
ENSG00000108094,CUL2
ENSG00000108100,CCNY
ENSG00000108107,RPL28
ENSG00000108175,ZMIZ1
ENSG00000108176,DNAJC12
ENSG00000108179,PPIF
ENSG00000108231,LGI1
ENSG00000108256,NUFIP2
ENSG00000108262,GIT1
ENSG00000108298,RPL19
ENSG00000108306,FBXL20
ENSG00000108309,RUNDC3A
ENSG00000108312,UBTF
ENSG00000108344,PSMD3
ENSG00000108349,CASC3
ENSG00000108352,RAPGEFL1
ENSG00000108379,WNT3
ENSG00000108384,RAD51C
ENSG00000108389,MTMR4
ENSG00000108395,TRIM37
ENSG00000108406,DHX40
ENSG00000108424,KPNB1
ENSG00000108433,GOSR2
ENSG00000108443,RPS6KB1
ENSG00000108468,CBX1
ENSG00000108509,CAMTA2
ENSG00000108510,MED13
ENSG00000108528,SLC25A11
ENSG00000108551,RASD1
ENSG00000108582,CPD
ENSG00000108587,GOSR1
ENSG00000108588,CCDC47
ENSG00000108599,AKAP10
ENSG00000108654,DDX5
ENSG00000108669,CYTH1
ENSG00000108671,PSMD11
ENSG00000108679,LGALS3BP
ENSG00000108684,ASIC2
ENSG00000108773,KAT2A
ENSG00000108788,MLX
ENSG00000108797,CNTNAP1
ENSG00000108799,EZH1
ENSG00000108819,PPP1R9B
ENSG00000108826,MRPL27
ENSG00000108828,VAT1
ENSG00000108829,LRRC59
ENSG00000108830,RND2
ENSG00000108848,LUC7L3
ENSG00000108852,MPP2
ENSG00000108861,DUSP3
ENSG00000108883,EFTUD2
ENSG00000108946,PRKAR1A
ENSG00000108953,YWHAE
ENSG00000108960,MMD
ENSG00000109046,WSB1
ENSG00000109065,NAT9
ENSG00000109099,PMP22
ENSG00000109103,UNC119
ENSG00000109107,ALDOC
ENSG00000109111,SUPT6H
ENSG00000109118,PHF12
ENSG00000109133,TMEM33
ENSG00000109158,GABRA4
ENSG00000109171,SLAIN2
ENSG00000109180,OCIAD1
ENSG00000109184,DCUN1D4
ENSG00000109189,USP46
ENSG00000109270,LAMTOR3
ENSG00000109332,UBE2D3
ENSG00000109339,MAPK10
ENSG00000109390,NDUFC1
ENSG00000109436,TBC1D9
ENSG00000109445,ZNF330
ENSG00000109452,INPP4B
ENSG00000109458,GAB1
ENSG00000109466,KLHL2
ENSG00000109472,CPE
ENSG00000109475,RPL34
ENSG00000109501,WFS1
ENSG00000109519,GRPEL1
ENSG00000109572,CLCN3
ENSG00000109606,DHX15
ENSG00000109654,TRIM2
ENSG00000109670,FBXW7
ENSG00000109680,TBC1D19
ENSG00000109689,STIM2
ENSG00000109738,GLRB
ENSG00000109756,RAPGEF2
ENSG00000109762,SNX25
ENSG00000109790,KLHL5
ENSG00000109832,DDX25
ENSG00000109846,CRYAB
ENSG00000109854,HTATIP2
ENSG00000109881,CCDC34
ENSG00000109917,ZPR1
ENSG00000109919,MTCH2
ENSG00000109920,FNBP4
ENSG00000109929,SC5D
ENSG00000109956,B3GAT1
ENSG00000110002,VWA5A
ENSG00000110013,SIAE
ENSG00000110042,DTX4
ENSG00000110046,ATG2A
ENSG00000110047,EHD1
ENSG00000110048,OSBP
ENSG00000110074,FOXRED1
ENSG00000110075,PPP6R3
ENSG00000110076,NRXN2
ENSG00000110107,PRPF19
ENSG00000110172,CHORDC1
ENSG00000110237,ARHGEF17
ENSG00000110274,CEP164
ENSG00000110315,RNF141
ENSG00000110318,CEP126
ENSG00000110321,EIF4G2
ENSG00000110330,BIRC2
ENSG00000110344,UBE4A
ENSG00000110367,DDX6
ENSG00000110395,CBL
ENSG00000110422,HIPK3
ENSG00000110427,KIAA1549L
ENSG00000110429,FBXO3
ENSG00000110435,PDHX
ENSG00000110436,SLC1A2
ENSG00000110442,COMMD9
ENSG00000110497,AMBRA1
ENSG00000110514,MADD
ENSG00000110651,CD81
ENSG00000110675,ELMOD1
ENSG00000110693,SOX6
ENSG00000110696,C11orf58
ENSG00000110697,PITPNM1
ENSG00000110713,NUP98
ENSG00000110717,NDUFS8
ENSG00000110768,GTF2H1
ENSG00000110786,PTPN5
ENSG00000110841,PPFIBP1
ENSG00000110851,PRDM4
ENSG00000110880,CORO1C
ENSG00000110881,ASIC1
ENSG00000110888,CAPRIN2
ENSG00000110906,KCTD10
ENSG00000110911,SLC11A2
ENSG00000110917,MLEC
ENSG00000110921,MVK
ENSG00000110925,CSRNP2
ENSG00000110931,CAMKK2
ENSG00000110958,PTGES3
ENSG00000110987,BCL7A
ENSG00000111011,RSRC2
ENSG00000111052,LIN7A
ENSG00000111077,TNS2
ENSG00000111110,PPM1H
ENSG00000111142,METAP2
ENSG00000111144,LTA4H
ENSG00000111218,PRMT8
ENSG00000111237,VPS29
ENSG00000111249,CUX2
ENSG00000111261,MANSC1
ENSG00000111269,CREBL2
ENSG00000111275,ALDH2
ENSG00000111276,CDKN1B
ENSG00000111300,NAA25
ENSG00000111358,GTF2H3
ENSG00000111361,EIF2B1
ENSG00000111371,SLC38A1
ENSG00000111481,COPZ1
ENSG00000111530,CAND1
ENSG00000111596,CNOT2
ENSG00000111605,CPSF6
ENSG00000111639,MRPL51
ENSG00000111640,GAPDH
ENSG00000111642,CHD4
ENSG00000111652,COPS7A
ENSG00000111653,ING4
ENSG00000111666,CHPT1
ENSG00000111669,TPI1
ENSG00000111670,GNPTAB
ENSG00000111674,ENO2
ENSG00000111676,ATN1
ENSG00000111696,NT5DC3
ENSG00000111707,SUDS3
ENSG00000111711,GOLT1B
ENSG00000111726,CMAS
ENSG00000111728,ST8SIA1
ENSG00000111731,C2CD5
ENSG00000111785,RIC8B
ENSG00000111786,SRSF9
ENSG00000111790,FGFR1OP2
ENSG00000111799,COL12A1
ENSG00000111802,TDP2
ENSG00000111832,RWDD1
ENSG00000111843,TMEM14C
ENSG00000111845,PAK1IP1
ENSG00000111860,CEP85L
ENSG00000111875,ASF1A
ENSG00000111879,FAM184A
ENSG00000111880,RNGTT
ENSG00000111897,SERINC1
ENSG00000111906,HDDC2
ENSG00000111907,TPD52L1
ENSG00000111911,HINT3
ENSG00000111912,NCOA7
ENSG00000111961,SASH1
ENSG00000111962,UST
ENSG00000112062,MAPK14
ENSG00000112078,KCTD20
ENSG00000112079,STK38
ENSG00000112081,SRSF3
ENSG00000112110,MRPL18
ENSG00000112130,RNF8
ENSG00000112146,FBXO9
ENSG00000112149,CD83
ENSG00000112159,MDN1
ENSG00000112186,CAP2
ENSG00000112200,ZNF451
ENSG00000112234,FBXL4
ENSG00000112237,CCNC
ENSG00000112242,E2F3
ENSG00000112249,ASCC3
ENSG00000112282,MED23
ENSG00000112290,WASF1
ENSG00000112294,ALDH5A1
ENSG00000112304,ACOT13
ENSG00000112305,SMAP1
ENSG00000112308,C6orf62
ENSG00000112312,GMNN
ENSG00000112320,SOBP
ENSG00000112335,SNX3
ENSG00000112339,HBS1L
ENSG00000112367,FIG4
ENSG00000112378,PERP
ENSG00000112379,ARFGEF3
ENSG00000112406,HECA
ENSG00000112419,PHACTR2
ENSG00000112425,EPM2A
ENSG00000112531,QKI
ENSG00000112576,CCND3
ENSG00000112592,TBP
ENSG00000112640,PPP2R5D
ENSG00000112651,MRPL2
ENSG00000112658,SRF
ENSG00000112659,CUL9
ENSG00000112667,DNPH1
ENSG00000112679,DUSP22
ENSG00000112685,EXOC2
ENSG00000112695,COX7A2
ENSG00000112697,TMEM30A
ENSG00000112699,GMDS
ENSG00000112701,SENP6
ENSG00000112715,VEGFA
ENSG00000112763,BTN2A1
ENSG00000112796,ENPP5
ENSG00000112855,HARS2
ENSG00000112874,NUDT12
ENSG00000112893,MAN2A1
ENSG00000112972,HMGCS1
ENSG00000112981,NME5
ENSG00000112983,BRD8
ENSG00000112992,NNT
ENSG00000112996,MRPS30
ENSG00000113013,HSPA9
ENSG00000113048,MRPS27
ENSG00000113068,PFDN1
ENSG00000113140,SPARC
ENSG00000113141,IK
ENSG00000113161,HMGCR
ENSG00000113194,FAF2
ENSG00000113240,CLK4
ENSG00000113269,RNF130
ENSG00000113282,CLINT1
ENSG00000113312,TTC1
ENSG00000113327,GABRG2
ENSG00000113328,CCNG1
ENSG00000113360,DROSHA
ENSG00000113361,CDH6
ENSG00000113384,GOLPH3
ENSG00000113387,SUB1
ENSG00000113441,LNPEP
ENSG00000113448,PDE4D
ENSG00000113456,RAD1
ENSG00000113504,SLC12A7
ENSG00000113552,GNPDA1
ENSG00000113569,NUP155
ENSG00000113575,PPP2CA
ENSG00000113578,FGF1
ENSG00000113580,NR3C1
ENSG00000113583,C5orf15
ENSG00000113594,LIFR
ENSG00000113595,TRIM23
ENSG00000113597,TRAPPC13
ENSG00000113615,SEC24A
ENSG00000113621,TXNDC15
ENSG00000113657,DPYSL3
ENSG00000113658,SMAD5
ENSG00000113719,ERGIC1
ENSG00000113732,ATP6V0E1
ENSG00000113734,BNIP1
ENSG00000113742,CPEB4
ENSG00000113758,DBN1
ENSG00000113845,TIMMDC1
ENSG00000113851,CRBN
ENSG00000113916,BCL6
ENSG00000113966,ARL6
ENSG00000114019,AMOTL2
ENSG00000114021,NIT2
ENSG00000114023,FAM162A
ENSG00000114030,KPNA1
ENSG00000114054,PCCB
ENSG00000114062,UBE3A
ENSG00000114098,ARMC8
ENSG00000114107,CEP70
ENSG00000114120,SLC25A36
ENSG00000114125,RNF7
ENSG00000114126,TFDP2
ENSG00000114127,XRN1
ENSG00000114166,KAT2B
ENSG00000114209,PDCD10
ENSG00000114251,WNT5A
ENSG00000114279,FGF12
ENSG00000114302,PRKAR2A
ENSG00000114316,USP4
ENSG00000114353,GNAI2
ENSG00000114354,TFG
ENSG00000114388,NPRL2
ENSG00000114416,FXR1
ENSG00000114439,BBX
ENSG00000114446,IFT57
ENSG00000114480,GBE1
ENSG00000114503,NCBP2
ENSG00000114520,SNX4
ENSG00000114541,FRMD4B
ENSG00000114544,SLC41A3
ENSG00000114554,PLXNA1
ENSG00000114573,ATP6V1A
ENSG00000114646,CSPG5
ENSG00000114648,KLHL18
ENSG00000114650,SCAP
ENSG00000114686,MRPL3
ENSG00000114742,WDR48
ENSG00000114757,PEX5L
ENSG00000114770,ABCC5
ENSG00000114796,KLHL24
ENSG00000114805,PLCH1
ENSG00000114850,SSR3
ENSG00000114853,ZBTB47
ENSG00000114857,NKTR
ENSG00000114867,EIF4G1
ENSG00000114902,SPCS1
ENSG00000114904,NEK4
ENSG00000114923,SLC4A3
ENSG00000114948,ADAM23
ENSG00000114956,DGUOK
ENSG00000114978,MOB1A
ENSG00000114982,KANSL3
ENSG00000114988,LMAN2L
ENSG00000114993,RTKN
ENSG00000114999,TTL
ENSG00000115020,PIKFYVE
ENSG00000115073,ACTR1B
ENSG00000115084,SLC35F5
ENSG00000115091,ACTR3
ENSG00000115109,EPB41L5
ENSG00000115128,SF3B6
ENSG00000115137,DNAJC27
ENSG00000115145,STAM2
ENSG00000115159,GPD2
ENSG00000115170,ACVR1
ENSG00000115204,MPV17
ENSG00000115211,EIF2B4
ENSG00000115233,PSMD14
ENSG00000115239,ASB3
ENSG00000115252,PDE1A
ENSG00000115266,APC2
ENSG00000115271,GCA
ENSG00000115295,CLIP4
ENSG00000115306,SPTBN1
ENSG00000115307,AUP1
ENSG00000115310,RTN4
ENSG00000115350,POLE4
ENSG00000115355,CCDC88A
ENSG00000115364,MRPL19
ENSG00000115365,LANCL1
ENSG00000115368,WDR75
ENSG00000115380,EFEMP1
ENSG00000115415,STAT1
ENSG00000115419,GLS
ENSG00000115421,PAPOLG
ENSG00000115446,UNC50
ENSG00000115464,USP34
ENSG00000115468,EFHD1
ENSG00000115484,CCT4
ENSG00000115504,EHBP1
ENSG00000115514,TXNDC9
ENSG00000115520,COQ10B
ENSG00000115524,SF3B1
ENSG00000115525,ST3GAL5
ENSG00000115526,CHST10
ENSG00000115548,KDM3A
ENSG00000115561,CHMP3
ENSG00000115568,ZNF142
ENSG00000115649,CNPPD1
ENSG00000115652,UXS1
ENSG00000115685,PPP1R7
ENSG00000115694,STK25
ENSG00000115756,HPCAL1
ENSG00000115758,ODC1
ENSG00000115760,BIRC6
ENSG00000115762,PLEKHB2
ENSG00000115806,GORASP2
ENSG00000115808,STRN
ENSG00000115827,DCAF17
ENSG00000115828,QPCT
ENSG00000115839,RAB3GAP1
ENSG00000115840,SLC25A12
ENSG00000115875,SRSF7
ENSG00000115884,SDC1
ENSG00000115902,SLC1A4
ENSG00000115904,SOS1
ENSG00000115944,COX7A2L
ENSG00000115947,ORC4
ENSG00000115966,ATF2
ENSG00000115977,AAK1
ENSG00000115993,TRAK2
ENSG00000116001,TIA1
ENSG00000116005,PCYOX1
ENSG00000116016,EPAS1
ENSG00000116044,NFE2L2
ENSG00000116095,PLEKHA3
ENSG00000116120,FARSB
ENSG00000116128,BCL9
ENSG00000116133,DHCR24
ENSG00000116138,DNAJC16
ENSG00000116141,MARK1
ENSG00000116147,TNR
ENSG00000116161,CACYBP
ENSG00000116171,SCP2
ENSG00000116199,FAM20B
ENSG00000116237,ICMT
ENSG00000116251,RPL22
ENSG00000116254,CHD5
ENSG00000116260,QSOX1
ENSG00000116266,STXBP3
ENSG00000116285,ERRFI1
ENSG00000116288,PARK7
ENSG00000116337,AMPD2
ENSG00000116350,SRSF4
ENSG00000116396,KCNC4
ENSG00000116406,EDEM3
ENSG00000116455,WDR77
ENSG00000116473,RAP1A
ENSG00000116489,CAPZA1
ENSG00000116497,S100PBP
ENSG00000116521,SCAMP3
ENSG00000116539,ASH1L
ENSG00000116544,DLGAP3
ENSG00000116560,SFPQ
ENSG00000116604,MEF2D
ENSG00000116641,DOCK7
ENSG00000116649,SRM
ENSG00000116661,FBXO2
ENSG00000116667,C1orf21
ENSG00000116675,DNAJC6
ENSG00000116678,LEPR
ENSG00000116679,IVNS1ABP
ENSG00000116685,KIAA2013
ENSG00000116688,MFN2
ENSG00000116698,SMG7
ENSG00000116717,GADD45A
ENSG00000116731,PRDM2
ENSG00000116741,RGS2
ENSG00000116750,UCHL5
ENSG00000116752,BCAS2
ENSG00000116754,SRSF11
ENSG00000116791,CRYZ
ENSG00000116793,PHTF1
ENSG00000116809,ZBTB17
ENSG00000116852,KIF21B
ENSG00000116857,TMEM9
ENSG00000116871,MAP7D1
ENSG00000116898,MRPS15
ENSG00000116903,EXOC8
ENSG00000116906,GNPAT
ENSG00000116918,TSNAX
ENSG00000116977,LGALS8
ENSG00000116983,HPCAL4
ENSG00000116991,SIPA1L2
ENSG00000117016,RIMS3
ENSG00000117020,AKT3
ENSG00000117054,ACADM
ENSG00000117069,ST6GALNAC5
ENSG00000117114,ADGRL2
ENSG00000117115,PADI2
ENSG00000117118,SDHB
ENSG00000117133,RPF1
ENSG00000117139,KDM5B
ENSG00000117143,UAP1
ENSG00000117152,RGS4
ENSG00000117153,KLHL12
ENSG00000117155,SSX2IP
ENSG00000117174,ZNHIT6
ENSG00000117222,RBBP5
ENSG00000117280,RAB29
ENSG00000117335,CD46
ENSG00000117394,SLC2A1
ENSG00000117395,EBNA1BP2
ENSG00000117408,IPO13
ENSG00000117410,ATP6V0B
ENSG00000117411,B4GALT2
ENSG00000117448,AKR1A1
ENSG00000117450,PRDX1
ENSG00000117461,PIK3R3
ENSG00000117475,BLZF1
ENSG00000117477,CCDC181
ENSG00000117479,SLC19A2
ENSG00000117481,NSUN4
ENSG00000117500,TMED5
ENSG00000117505,DR1
ENSG00000117519,CNN3
ENSG00000117523,PRRC2C
ENSG00000117528,ABCD3
ENSG00000117533,VAMP4
ENSG00000117569,PTBP2
ENSG00000117592,PRDX6
ENSG00000117602,RCAN3
ENSG00000117614,SYF2
ENSG00000117616,RSRP1
ENSG00000117625,RCOR3
ENSG00000117632,STMN1
ENSG00000117640,MTFR1L
ENSG00000117643,MAN1C1
ENSG00000117676,RPS6KA1
ENSG00000117682,DHDDS
ENSG00000117691,NENF
ENSG00000117697,NSL1
ENSG00000117713,ARID1A
ENSG00000117748,RPA2
ENSG00000117751,PPP1R8
ENSG00000117758,STX12
ENSG00000117859,OSBPL9
ENSG00000117868,ESYT2
ENSG00000117906,RCN2
ENSG00000117984,CTSD
ENSG00000118046,STK11
ENSG00000118058,KMT2A
ENSG00000118096,IFT46
ENSG00000118160,SLC8A2
ENSG00000118200,CAMSAP2
ENSG00000118217,ATF6
ENSG00000118260,CREB1
ENSG00000118263,KLF7
ENSG00000118276,B4GALT6
ENSG00000118369,USP35
ENSG00000118402,ELOVL4
ENSG00000118418,HMGN3
ENSG00000118454,ANKRD13C
ENSG00000118473,SGIP1
ENSG00000118482,PHF3
ENSG00000118496,FBXO30
ENSG00000118507,AKAP7
ENSG00000118515,SGK1
ENSG00000118518,RNF146
ENSG00000118564,FBXL5
ENSG00000118579,MED28
ENSG00000118680,MYL12B
ENSG00000118705,RPN2
ENSG00000118733,OLFM3
ENSG00000118785,SPP1
ENSG00000118816,CCNI
ENSG00000118855,MFSD1
ENSG00000118873,RAB3GAP2
ENSG00000118946,PCDH17
ENSG00000118965,WDR35
ENSG00000118985,ELL2
ENSG00000119013,NDUFB3
ENSG00000119041,GTF3C3
ENSG00000119048,UBE2B
ENSG00000119138,KLF9
ENSG00000119185,ITGB1BP1
ENSG00000119203,CPSF3
ENSG00000119227,PIGZ
ENSG00000119231,SENP5
ENSG00000119242,CCDC92
ENSG00000119280,C1orf198
ENSG00000119314,PTBP3
ENSG00000119318,RAD23B
ENSG00000119335,SET
ENSG00000119396,RAB14
ENSG00000119401,TRIM32
ENSG00000119402,FBXW2
ENSG00000119414,PPP6C
ENSG00000119421,NDUFA8
ENSG00000119446,RBM18
ENSG00000119471,HSDL2
ENSG00000119487,MAPKAP1
ENSG00000119522,DENND1A
ENSG00000119523,ALG2
ENSG00000119537,KDSR
ENSG00000119541,VPS4B
ENSG00000119559,C19orf25
ENSG00000119574,ZBTB45
ENSG00000119596,YLPM1
ENSG00000119632,IFI27L2
ENSG00000119638,NEK9
ENSG00000119640,ACYP1
ENSG00000119650,IFT43
ENSG00000119661,DNAL1
ENSG00000119669,IRF2BPL
ENSG00000119682,AREL1
ENSG00000119698,PPP4R4
ENSG00000119705,SLIRP
ENSG00000119707,RBM25
ENSG00000119711,ALDH6A1
ENSG00000119718,EIF2B2
ENSG00000119729,RHOQ
ENSG00000119760,SUPT7L
ENSG00000119771,KLHL29
ENSG00000119772,DNMT3A
ENSG00000119777,TMEM214
ENSG00000119787,ATL2
ENSG00000119801,YPEL5
ENSG00000119812,FAM98A
ENSG00000119820,YIPF4
ENSG00000119844,AFTPH
ENSG00000119862,LGALSL
ENSG00000119865,CNRIP1
ENSG00000119866,BCL11A
ENSG00000119878,CRIPT
ENSG00000119899,SLC17A5
ENSG00000119900,OGFRL1
ENSG00000119906,SLF2
ENSG00000119938,PPP1R3C
ENSG00000119946,CNNM1
ENSG00000119950,MXI1
ENSG00000119953,SMNDC1
ENSG00000119965,C10orf88
ENSG00000119977,TCTN3
ENSG00000119986,AVPI1
ENSG00000120008,WDR11
ENSG00000120053,GOT1
ENSG00000120063,GNA13
ENSG00000120129,DUSP1
ENSG00000120137,PANK3
ENSG00000120162,MOB3B
ENSG00000120251,GRIA2
ENSG00000120265,PCMT1
ENSG00000120306,CYSTM1
ENSG00000120333,MRPS14
ENSG00000120438,TCP1
ENSG00000120451,SNX19
ENSG00000120509,PDZD11
ENSG00000120533,ENY2
ENSG00000120594,PLXDC2
ENSG00000120616,EPC1
ENSG00000120645,IQSEC3
ENSG00000120658,ENOX1
ENSG00000120675,DNAJC15
ENSG00000120685,PROSER1
ENSG00000120686,UFM1
ENSG00000120688,WBP4
ENSG00000120693,SMAD9
ENSG00000120694,HSPH1
ENSG00000120696,KBTBD7
ENSG00000120697,ALG5
ENSG00000120705,ETF1
ENSG00000120709,FAM53C
ENSG00000120727,PAIP2
ENSG00000120733,KDM3B
ENSG00000120742,SERP1
ENSG00000120798,NR2C1
ENSG00000120800,UTP20
ENSG00000120802,TMPO
ENSG00000120805,ARL1
ENSG00000120832,MTERF2
ENSG00000120837,NFYB
ENSG00000120885,CLU
ENSG00000120913,PDLIM2
ENSG00000120925,RNF170
ENSG00000120948,TARDBP
ENSG00000120992,LYPLA1
ENSG00000121022,COPS5
ENSG00000121057,AKAP1
ENSG00000121064,SCPEP1
ENSG00000121067,SPOP
ENSG00000121073,SLC35B1
ENSG00000121310,ECHDC2
ENSG00000121390,PSPC1
ENSG00000121413,ZSCAN18
ENSG00000121486,TRMT1L
ENSG00000121579,NAA50
ENSG00000121671,CRY2
ENSG00000121680,PEX16
ENSG00000121741,ZMYM2
ENSG00000121749,TBC1D15
ENSG00000121753,ADGRB2
ENSG00000121766,ZCCHC17
ENSG00000121769,FABP3
ENSG00000121774,KHDRBS1
ENSG00000121871,SLITRK3
ENSG00000121879,PIK3CA
ENSG00000121892,PDS5A
ENSG00000121900,TMEM54
ENSG00000121904,CSMD2
ENSG00000121964,GTDC1
ENSG00000121989,ACVR2A
ENSG00000122012,SV2C
ENSG00000122034,GTF3A
ENSG00000122042,UBL3
ENSG00000122068,FYTTD1
ENSG00000122085,MTERF4
ENSG00000122126,OCRL
ENSG00000122203,KIAA1191
ENSG00000122218,COPA
ENSG00000122257,RBBP6
ENSG00000122299,ZC3H7A
ENSG00000122335,SERAC1
ENSG00000122417,ODF2L
ENSG00000122484,RPAP2
ENSG00000122515,ZMIZ2
ENSG00000122550,KLHL7
ENSG00000122565,CBX3
ENSG00000122566,HNRNPA2B1
ENSG00000122574,WIPF3
ENSG00000122584,NXPH1
ENSG00000122692,SMU1
ENSG00000122705,CLTA
ENSG00000122729,ACO1
ENSG00000122733,PHF24
ENSG00000122741,DCAF10
ENSG00000122778,KIAA1549
ENSG00000122779,TRIM24
ENSG00000122786,CALD1
ENSG00000122873,CISD1
ENSG00000122882,ECD
ENSG00000122912,SLC25A16
ENSG00000122958,VPS26A
ENSG00000122965,RBM19
ENSG00000123066,MED13L
ENSG00000123091,RNF11
ENSG00000123095,BHLHE41
ENSG00000123106,CCDC91
ENSG00000123124,WWP1
ENSG00000123159,GIPC1
ENSG00000123178,SPRYD7
ENSG00000123200,ZC3H13
ENSG00000123213,NLN
ENSG00000123240,OPTN
ENSG00000123352,SPATS2
ENSG00000123384,LRP1
ENSG00000123472,ATPAF1
ENSG00000123505,AMD1
ENSG00000123545,NDUFAF4
ENSG00000123560,PLP1
ENSG00000123570,RAB9B
ENSG00000123575,FAM199X
ENSG00000123595,RAB9A
ENSG00000123636,BAZ2B
ENSG00000123684,LPGAT1
ENSG00000123728,RAP2C
ENSG00000123739,PLA2G12A
ENSG00000123836,PFKFB2
ENSG00000123983,ACSL3
ENSG00000123989,CHPF
ENSG00000124006,OBSL1
ENSG00000124098,FAM210B
ENSG00000124104,SNX21
ENSG00000124120,TTPAL
ENSG00000124126,PREX1
ENSG00000124140,SLC12A5
ENSG00000124145,SDC4
ENSG00000124151,NCOA3
ENSG00000124155,PIGT
ENSG00000124160,NCOA5
ENSG00000124164,VAPB
ENSG00000124177,CHD6
ENSG00000124181,PLCG1
ENSG00000124191,TOX2
ENSG00000124193,SRSF6
ENSG00000124194,GDAP1L1
ENSG00000124198,ARFGEF2
ENSG00000124207,CSE1L
ENSG00000124209,RAB22A
ENSG00000124214,STAU1
ENSG00000124222,STX16
ENSG00000124225,PMEPA1
ENSG00000124226,RNF114
ENSG00000124228,DDX27
ENSG00000124243,BCAS4
ENSG00000124275,MTRR
ENSG00000124299,PEPD
ENSG00000124356,STAMBP
ENSG00000124380,SNRNP27
ENSG00000124383,MPHOSPH10
ENSG00000124406,ATP8A1
ENSG00000124422,USP22
ENSG00000124444,ZNF576
ENSG00000124486,USP9X
ENSG00000124507,PACSIN1
ENSG00000124523,SIRT5
ENSG00000124532,MRS2
ENSG00000124535,WRNIP1
ENSG00000124541,RRP36
ENSG00000124570,SERPINB6
ENSG00000124571,XPO5
ENSG00000124588,NQO2
ENSG00000124596,OARD1
ENSG00000124702,KLHDC3
ENSG00000124733,MEA1
ENSG00000124766,SOX4
ENSG00000124767,GLO1
ENSG00000124783,SSR1
ENSG00000124784,RIOK1
ENSG00000124785,NRN1
ENSG00000124788,ATXN1
ENSG00000124789,NUP153
ENSG00000124795,DEK
ENSG00000124802,EEF1E1
ENSG00000124831,LRRFIP1
ENSG00000125107,CNOT1
ENSG00000125124,BBS2
ENSG00000125144,MT1G
ENSG00000125148,MT2A
ENSG00000125166,GOT2
ENSG00000125170,DOK4
ENSG00000125247,TMTC4
ENSG00000125249,RAP2A
ENSG00000125304,TM9SF2
ENSG00000125351,UPF3B
ENSG00000125354,SEPTIN6
ENSG00000125355,TMEM255A
ENSG00000125356,NDUFA1
ENSG00000125447,GGA3
ENSG00000125484,GTF3C4
ENSG00000125503,PPP1R12C
ENSG00000125505,MBOAT7
ENSG00000125510,OPRL1
ENSG00000125534,PPDPF
ENSG00000125629,INSIG2
ENSG00000125633,CCDC93
ENSG00000125648,SLC25A23
ENSG00000125656,CLPP
ENSG00000125675,GRIA3
ENSG00000125676,THOC2
ENSG00000125730,C3
ENSG00000125741,OPA3
ENSG00000125743,SNRPD2
ENSG00000125744,RTN2
ENSG00000125746,EML2
ENSG00000125772,GPCPD1
ENSG00000125779,PANK2
ENSG00000125798,FOXA2
ENSG00000125812,GZF1
ENSG00000125814,NAPB
ENSG00000125818,PSMF1
ENSG00000125826,RBCK1
ENSG00000125827,TMX4
ENSG00000125834,STK35
ENSG00000125843,AP5S1
ENSG00000125851,PCSK2
ENSG00000125863,MKKS
ENSG00000125868,DSTN
ENSG00000125870,SNRPB2
ENSG00000125875,TBC1D20
ENSG00000125901,MRPS26
ENSG00000125944,HNRNPR
ENSG00000125952,MAX
ENSG00000125962,ARMCX5
ENSG00000125967,NECAB3
ENSG00000125977,EIF2S2
ENSG00000125991,ERGIC3
ENSG00000125995,ROMO1
ENSG00000126012,KDM5C
ENSG00000126067,PSMB2
ENSG00000126070,AGO3
ENSG00000126088,UROD
ENSG00000126107,HECTD3
ENSG00000126214,KLC1
ENSG00000126216,TUBGCP3
ENSG00000126217,MCF2L
ENSG00000126247,CAPNS1
ENSG00000126254,RBM42
ENSG00000126267,COX6B1
ENSG00000126351,THRA
ENSG00000126432,PRDX5
ENSG00000126653,NSRP1
ENSG00000126698,DNAJC8
ENSG00000126705,AHDC1
ENSG00000126733,DACH2
ENSG00000126749,EMG1
ENSG00000126756,UXT
ENSG00000126768,TIMM17B
ENSG00000126777,KTN1
ENSG00000126803,HSPA2
ENSG00000126804,ZBTB1
ENSG00000126821,SGPP1
ENSG00000126858,RHOT1
ENSG00000126861,OMG
ENSG00000126883,NUP214
ENSG00000126934,MAP2K2
ENSG00000126945,HNRNPH2
ENSG00000126947,ARMCX1
ENSG00000126970,ZC4H2
ENSG00000127022,CANX
ENSG00000127124,HIVEP3
ENSG00000127125,PPCS
ENSG00000127184,COX7C
ENSG00000127328,RAB3IP
ENSG00000127334,DYRK2
ENSG00000127419,TMEM175
ENSG00000127445,PIN1
ENSG00000127463,EMC1
ENSG00000127483,HP1BP3
ENSG00000127511,SIN3B
ENSG00000127526,SLC35E1
ENSG00000127527,EPS15L1
ENSG00000127540,UQCR11
ENSG00000127561,SYNGR3
ENSG00000127585,FBXL16
ENSG00000127603,MACF1
ENSG00000127616,SMARCA4
ENSG00000127824,TUBA4A
ENSG00000127837,AAMP
ENSG00000127838,PNKD
ENSG00000127870,RNF6
ENSG00000127884,ECHS1
ENSG00000127914,AKAP9
ENSG00000127922,SEM1
ENSG00000127947,PTPN12
ENSG00000127952,STYXL1
ENSG00000127955,GNAI1
ENSG00000127980,PEX1
ENSG00000127990,SGCE
ENSG00000127995,CASD1
ENSG00000128000,ZNF780B
ENSG00000128011,LRFN1
ENSG00000128050,PAICS
ENSG00000128059,PPAT
ENSG00000128203,ASPHD2
ENSG00000128245,YWHAH
ENSG00000128266,GNAZ
ENSG00000128268,MGAT3
ENSG00000128335,APOL2
ENSG00000128463,EMC4
ENSG00000128482,RNF112
ENSG00000128487,SPECC1
ENSG00000128512,DOCK4
ENSG00000128524,ATP6V1F
ENSG00000128563,PRKRIP1
ENSG00000128567,PODXL
ENSG00000128573,FOXP2
ENSG00000128578,STRIP2
ENSG00000128581,IFT22
ENSG00000128585,MKLN1
ENSG00000128590,DNAJB9
ENSG00000128595,CALU
ENSG00000128596,CCDC136
ENSG00000128607,KLHDC10
ENSG00000128654,MTX2
ENSG00000128655,PDE11A
ENSG00000128656,CHN1
ENSG00000128699,ORMDL1
ENSG00000128731,HERC2
ENSG00000128789,PSMG2
ENSG00000128791,TWSG1
ENSG00000128829,EIF2AK4
ENSG00000128872,TMOD2
ENSG00000128881,TTBK2
ENSG00000128928,IVD
ENSG00000128951,DUT
ENSG00000128989,ARPP19
ENSG00000129003,VPS13C
ENSG00000129055,ANAPC13
ENSG00000129071,MBD4
ENSG00000129083,COPB1
ENSG00000129103,SUMF2
ENSG00000129116,PALLD
ENSG00000129128,SPCS3
ENSG00000129158,SERGEF
ENSG00000129187,DCTD
ENSG00000129194,SOX15
ENSG00000129235,TXNDC17
ENSG00000129244,ATP1B2
ENSG00000129245,FXR2
ENSG00000129250,KIF1C
ENSG00000129292,PHF20L1
ENSG00000129315,CCNT1
ENSG00000129347,KRI1
ENSG00000129351,ILF3
ENSG00000129353,SLC44A2
ENSG00000129422,MTUS1
ENSG00000129460,NGDN
ENSG00000129472,RAB2B
ENSG00000129480,DTD2
ENSG00000129484,PARP2
ENSG00000129493,HEATR5A
ENSG00000129515,SNX6
ENSG00000129518,EAPP
ENSG00000129559,NEDD8
ENSG00000129562,DAD1
ENSG00000129596,CDO1
ENSG00000129625,REEP5
ENSG00000129636,ITFG1
ENSG00000129657,SEC14L1
ENSG00000129675,ARHGEF6
ENSG00000129682,FGF13
ENSG00000129691,ASH2L
ENSG00000129757,CDKN1C
ENSG00000129824,RPS4Y1
ENSG00000129932,DOHH
ENSG00000129933,MAU2
ENSG00000129946,SHC2
ENSG00000130024,PHF10
ENSG00000130032,PRRG3
ENSG00000130066,SAT1
ENSG00000130159,ECSIT
ENSG00000130165,ELOF1
ENSG00000130175,PRKCSH
ENSG00000130177,CDC16
ENSG00000130204,TOMM40
ENSG00000130208,APOC1
ENSG00000130224,LRCH2
ENSG00000130226,DPP6
ENSG00000130254,SAFB2
ENSG00000130255,RPL36
ENSG00000130287,NCAN
ENSG00000130294,KIF1A
ENSG00000130299,GTPBP3
ENSG00000130311,DDA1
ENSG00000130313,PGLS
ENSG00000130338,TULP4
ENSG00000130340,SNX9
ENSG00000130363,RSPH3
ENSG00000130402,ACTN4
ENSG00000130414,NDUFA10
ENSG00000130449,ZSWIM6
ENSG00000130477,UNC13A
ENSG00000130517,PGPEP1
ENSG00000130520,LSM4
ENSG00000130522,JUND
ENSG00000130540,SULT4A1
ENSG00000130558,OLFM1
ENSG00000130559,CAMSAP1
ENSG00000130560,UBAC1
ENSG00000130638,ATXN10
ENSG00000130643,CALY
ENSG00000130703,OSBPL2
ENSG00000130707,ASS1
ENSG00000130714,POMT1
ENSG00000130717,UCK1
ENSG00000130724,CHMP2A
ENSG00000130733,YIPF2
ENSG00000130741,EIF2S3
ENSG00000130749,ZC3H4
ENSG00000130764,LRRC47
ENSG00000130766,SESN2
ENSG00000130779,CLIP1
ENSG00000130816,DNMT1
ENSG00000130821,SLC6A8
ENSG00000130826,DKC1
ENSG00000130827,PLXNA3
ENSG00000130830,MPP1
ENSG00000130844,ZNF331
ENSG00000130939,UBE4B
ENSG00000130956,HABP4
ENSG00000130985,UBA1
ENSG00000131013,PPIL4
ENSG00000131016,AKAP12
ENSG00000131018,SYNE1
ENSG00000131051,RBM39
ENSG00000131069,ACSS2
ENSG00000131089,ARHGEF9
ENSG00000131095,GFAP
ENSG00000131100,ATP6V1E1
ENSG00000131116,ZNF428
ENSG00000131143,COX4I1
ENSG00000131148,EMC8
ENSG00000131149,GSE1
ENSG00000131165,CHMP1A
ENSG00000131171,SH3BGRL
ENSG00000131174,COX7B
ENSG00000131236,CAP1
ENSG00000131238,PPT1
ENSG00000131242,RAB11FIP4
ENSG00000131263,RLIM
ENSG00000131323,TRAF3
ENSG00000131368,MRPS25
ENSG00000131374,TBC1D5
ENSG00000131375,CAPN7
ENSG00000131378,RFTN1
ENSG00000131381,RBSN
ENSG00000131437,KIF3A
ENSG00000131446,MGAT1
ENSG00000131467,PSME3
ENSG00000131469,RPL27
ENSG00000131473,ACLY
ENSG00000131495,NDUFA2
ENSG00000131504,DIAPH1
ENSG00000131507,NDFIP1
ENSG00000131508,UBE2D2
ENSG00000131558,EXOC4
ENSG00000131626,PPFIA1
ENSG00000131711,MAP1B
ENSG00000131725,WDR44
ENSG00000131732,ZCCHC9
ENSG00000131773,KHDRBS3
ENSG00000131779,PEX11B
ENSG00000131791,PRKAB2
ENSG00000131828,PDHA1
ENSG00000131831,RAI2
ENSG00000131943,C19orf12
ENSG00000131966,ACTR10
ENSG00000131979,GCH1
ENSG00000132002,DNAJB1
ENSG00000132024,CC2D1A
ENSG00000132031,MATN3
ENSG00000132128,LRRC41
ENSG00000132153,DHX30
ENSG00000132155,RAF1
ENSG00000132164,SLC6A11
ENSG00000132182,NUP210
ENSG00000132275,RRP8
ENSG00000132294,EFR3A
ENSG00000132300,PTCD3
ENSG00000132305,IMMT
ENSG00000132313,MRPL35
ENSG00000132321,IQCA1
ENSG00000132329,RAMP1
ENSG00000132334,PTPRE
ENSG00000132341,RAN
ENSG00000132356,PRKAA1
ENSG00000132359,RAP1GAP2
ENSG00000132361,CLUH
ENSG00000132383,RPA1
ENSG00000132388,UBE2G1
ENSG00000132424,PNISR
ENSG00000132429,POPDC3
ENSG00000132432,SEC61G
ENSG00000132434,LANCL2
ENSG00000132437,DDC
ENSG00000132463,GRSF1
ENSG00000132466,ANKRD17
ENSG00000132467,UTP3
ENSG00000132471,WBP2
ENSG00000132485,ZRANB2
ENSG00000132507,EIF5A
ENSG00000132535,DLG4
ENSG00000132561,MATN2
ENSG00000132563,REEP2
ENSG00000132591,ERAL1
ENSG00000132604,TERF2
ENSG00000132612,VPS4A
ENSG00000132639,SNAP25
ENSG00000132640,BTBD3
ENSG00000132664,POLR3F
ENSG00000132670,PTPRA
ENSG00000132676,DAP3
ENSG00000132718,SYT11
ENSG00000132740,IGHMBP2
ENSG00000132792,CTNNBL1
ENSG00000132821,VSTM2L
ENSG00000132823,OSER1
ENSG00000132824,SERINC3
ENSG00000132842,AP3B1
ENSG00000132854,KANK4
ENSG00000132872,SYT4
ENSG00000132879,FBXO44
ENSG00000132912,DCTN4
ENSG00000132932,ATP8A2
ENSG00000132953,XPO4
ENSG00000132963,POMP
ENSG00000132964,CDK8
ENSG00000132970,WASF3
ENSG00000132975,GPR12
ENSG00000133026,MYH10
ENSG00000133027,PEMT
ENSG00000133030,MPRIP
ENSG00000133048,CHI3L1
ENSG00000133056,PIK3C2B
ENSG00000133059,DSTYK
ENSG00000133065,SLC41A1
ENSG00000133069,TMCC2
ENSG00000133083,DCLK1
ENSG00000133101,CCNA1
ENSG00000133103,COG6
ENSG00000133104,SPART
ENSG00000133112,TPT1
ENSG00000133114,GPALPP1
ENSG00000133134,BEX2
ENSG00000133135,RNF128
ENSG00000133142,TCEAL4
ENSG00000133169,BEX1
ENSG00000133216,EPHB2
ENSG00000133226,SRRM1
ENSG00000133243,BTBD2
ENSG00000133275,CSNK1G2
ENSG00000133313,CNDP2
ENSG00000133398,MED10
ENSG00000133401,PDZD2
ENSG00000133424,LARGE1
ENSG00000133460,SLC2A11
ENSG00000133597,ADCK2
ENSG00000133606,MKRN1
ENSG00000133612,AGAP3
ENSG00000133627,ACTR3B
ENSG00000133657,ATP13A3
ENSG00000133687,TMTC1
ENSG00000133703,KRAS
ENSG00000133704,IPO8
ENSG00000133731,IMPA1
ENSG00000133805,AMPD3
ENSG00000133812,SBF2
ENSG00000133835,HSD17B4
ENSG00000133858,ZFC3H1
ENSG00000133872,SARAF
ENSG00000133878,DUSP26
ENSG00000133884,DPF2
ENSG00000133935,ERG28
ENSG00000133961,NUMB
ENSG00000133985,TTC9
ENSG00000133997,MED6
ENSG00000134001,EIF2S1
ENSG00000134014,ELP3
ENSG00000134030,CTIF
ENSG00000134046,MBD2
ENSG00000134049,IER3IP1
ENSG00000134107,BHLHE40
ENSG00000134108,ARL8B
ENSG00000134115,CNTN6
ENSG00000134121,CHL1
ENSG00000134152,KATNBL1
ENSG00000134153,EMC7
ENSG00000134186,PRPF38B
ENSG00000134202,GSTM3
ENSG00000134215,VAV3
ENSG00000134243,SORT1
ENSG00000134248,LAMTOR5
ENSG00000134262,AP4B1
ENSG00000134265,NAPG
ENSG00000134283,PPHLN1
ENSG00000134287,ARF3
ENSG00000134291,TMEM106C
ENSG00000134294,SLC38A2
ENSG00000134308,YWHAQ
ENSG00000134313,KIDINS220
ENSG00000134318,ROCK2
ENSG00000134324,LPIN1
ENSG00000134330,IAH1
ENSG00000134352,IL6ST
ENSG00000134369,NAV1
ENSG00000134371,CDC73
ENSG00000134375,TIMM17A
ENSG00000134453,RBM17
ENSG00000134480,CCNH
ENSG00000134504,KCTD1
ENSG00000134533,RERG
ENSG00000134644,PUM1
ENSG00000134684,YARS1
ENSG00000134686,PHC2
ENSG00000134709,HOOK1
ENSG00000134717,BTF3L4
ENSG00000134748,PRPF38A
ENSG00000134758,RNF138
ENSG00000134759,ELP2
ENSG00000134769,DTNA
ENSG00000134779,TPGS2
ENSG00000134809,TIMM10
ENSG00000134825,TMEM258
ENSG00000134851,TMEM165
ENSG00000134852,CLOCK
ENSG00000134874,DZIP1
ENSG00000134884,ARGLU1
ENSG00000134897,BIVM
ENSG00000134900,TPP2
ENSG00000134905,CARS2
ENSG00000134909,ARHGAP32
ENSG00000134970,TMED7
ENSG00000134982,APC
ENSG00000134986,NREP
ENSG00000134987,WDR36
ENSG00000134996,OSTF1
ENSG00000135002,RFK
ENSG00000135018,UBQLN1
ENSG00000135040,NAA35
ENSG00000135045,C9orf40
ENSG00000135047,CTSL
ENSG00000135049,AGTPBP1
ENSG00000135052,GOLM1
ENSG00000135069,PSAT1
ENSG00000135070,ISCA1
ENSG00000135090,TAOK3
ENSG00000135108,FBXO21
ENSG00000135119,RNFT2
ENSG00000135144,DTX1
ENSG00000135164,DMTF1
ENSG00000135211,TMEM60
ENSG00000135241,PNPLA8
ENSG00000135250,SRPK2
ENSG00000135298,ADGRB3
ENSG00000135299,ANKRD6
ENSG00000135333,EPHA7
ENSG00000135334,AKIRIN2
ENSG00000135336,ORC3
ENSG00000135341,MAP3K7
ENSG00000135365,PHF21A
ENSG00000135372,NAT10
ENSG00000135387,CAPRIN1
ENSG00000135404,CD63
ENSG00000135414,GDF11
ENSG00000135447,PPP1R1A
ENSG00000135454,B4GALNT1
ENSG00000135457,TFCP2
ENSG00000135469,COQ10A
ENSG00000135472,FAIM2
ENSG00000135486,HNRNPA1
ENSG00000135503,ACVR1B
ENSG00000135525,MAP7
ENSG00000135535,CD164
ENSG00000135541,AHI1
ENSG00000135549,PKIB
ENSG00000135597,REPS1
ENSG00000135617,PRADC1
ENSG00000135624,CCT7
ENSG00000135631,RAB11FIP5
ENSG00000135636,DYSF
ENSG00000135655,USP15
ENSG00000135677,GNS
ENSG00000135679,MDM2
ENSG00000135686,KLHL36
ENSG00000135698,MPHOSPH6
ENSG00000135709,KIAA0513
ENSG00000135744,AGT
ENSG00000135778,NTPCR
ENSG00000135821,GLUL
ENSG00000135823,STX6
ENSG00000135829,DHX9
ENSG00000135837,CEP350
ENSG00000135838,NPL
ENSG00000135845,PIGC
ENSG00000135862,LAMC1
ENSG00000135870,RC3H1
ENSG00000135905,DOCK10
ENSG00000135916,ITM2C
ENSG00000135919,SERPINE2
ENSG00000135924,DNAJB2
ENSG00000135926,TMBIM1
ENSG00000135930,EIF4E2
ENSG00000135932,CAB39
ENSG00000135940,COX5B
ENSG00000135956,TMEM127
ENSG00000135966,TGFBRAP1
ENSG00000135968,GCC2
ENSG00000135972,MRPS9
ENSG00000135974,C2orf49
ENSG00000136003,ISCU
ENSG00000136021,SCYL2
ENSG00000136026,CKAP4
ENSG00000136040,PLXNC1
ENSG00000136045,PWP1
ENSG00000136068,FLNB
ENSG00000136099,PCDH8
ENSG00000136100,VPS36
ENSG00000136111,TBC1D4
ENSG00000136143,SUCLA2
ENSG00000136144,RCBTB1
ENSG00000136146,MED4
ENSG00000136156,ITM2B
ENSG00000136159,NUDT15
ENSG00000136160,EDNRB
ENSG00000136193,SCRN1
ENSG00000136235,GPNMB
ENSG00000136237,RAPGEF5
ENSG00000136240,KDELR2
ENSG00000136261,BZW2
ENSG00000136271,DDX56
ENSG00000136273,HUS1
ENSG00000136274,NACAD
ENSG00000136280,CCM2
ENSG00000136295,TTYH3
ENSG00000136319,TTC5
ENSG00000136367,ZFHX2
ENSG00000136381,IREB2
ENSG00000136383,ALPK3
ENSG00000136436,CALCOCO2
ENSG00000136444,RSAD1
ENSG00000136448,NMT1
ENSG00000136450,SRSF1
ENSG00000136451,VEZF1
ENSG00000136478,TEX2
ENSG00000136485,DCAF7
ENSG00000136504,KAT7
ENSG00000136521,NDUFB5
ENSG00000136527,TRA2B
ENSG00000136531,SCN2A
ENSG00000136541,ERMN
ENSG00000136546,SCN7A
ENSG00000136560,TANK
ENSG00000136631,VPS45
ENSG00000136636,KCTD3
ENSG00000136643,RPS6KC1
ENSG00000136709,WDR33
ENSG00000136717,BIN1
ENSG00000136718,IMP4
ENSG00000136720,HS6ST1
ENSG00000136731,UGGT1
ENSG00000136738,STAM
ENSG00000136754,ABI1
ENSG00000136758,YME1L1
ENSG00000136783,NIPSNAP3A
ENSG00000136802,LRRC8A
ENSG00000136807,CDK9
ENSG00000136810,TXN
ENSG00000136816,TOR1B
ENSG00000136819,C9orf78
ENSG00000136824,SMC2
ENSG00000136827,TOR1A
ENSG00000136828,RALGPS1
ENSG00000136848,DAB2IP
ENSG00000136854,STXBP1
ENSG00000136856,SLC2A8
ENSG00000136870,ZNF189
ENSG00000136875,PRPF4
ENSG00000136878,USP20
ENSG00000136888,ATP6V1G1
ENSG00000136891,TEX10
ENSG00000136895,GARNL3
ENSG00000136897,MRPL50
ENSG00000136928,GABBR2
ENSG00000136930,PSMB7
ENSG00000136933,RABEPK
ENSG00000136936,XPA
ENSG00000136937,NCBP1
ENSG00000136938,ANP32B
ENSG00000136940,PDCL
ENSG00000136942,RPL35
ENSG00000136950,ARPC5L
ENSG00000136960,ENPP2
ENSG00000136986,DERL1
ENSG00000137040,RANBP6
ENSG00000137055,PLAA
ENSG00000137073,UBAP2
ENSG00000137074,APTX
ENSG00000137075,RNF38
ENSG00000137100,DCTN3
ENSG00000137103,TMEM8B
ENSG00000137106,GRHPR
ENSG00000137166,FOXP4
ENSG00000137168,PPIL1
ENSG00000137171,KLC4
ENSG00000137177,KIF13A
ENSG00000137193,PIM1
ENSG00000137198,GMPR
ENSG00000137200,CMTR1
ENSG00000137210,TMEM14B
ENSG00000137216,TMEM63B
ENSG00000137218,FRS3
ENSG00000137261,KIAA0319
ENSG00000137266,SLC22A23
ENSG00000137267,TUBB2A
ENSG00000137285,TUBB2B
ENSG00000137288,UQCC2
ENSG00000137309,HMGA1
ENSG00000137364,TPMT
ENSG00000137393,RNF144B
ENSG00000137409,MTCH1
ENSG00000137414,FAM8A1
ENSG00000137449,CPEB2
ENSG00000137478,FCHSD2
ENSG00000137486,ARRB1
ENSG00000137500,CCDC90B
ENSG00000137501,SYTL2
ENSG00000137502,RAB30
ENSG00000137504,CREBZF
ENSG00000137509,PRCP
ENSG00000137513,NARS2
ENSG00000137547,MRPL15
ENSG00000137563,GGH
ENSG00000137575,SDCBP
ENSG00000137601,NEK1
ENSG00000137642,SORL1
ENSG00000137692,DCUN1D5
ENSG00000137710,RDX
ENSG00000137714,FDX1
ENSG00000137726,FXYD6
ENSG00000137766,UNC13C
ENSG00000137776,SLTM
ENSG00000137806,NDUFAF1
ENSG00000137815,RTF1
ENSG00000137817,PARP6
ENSG00000137821,LRRC49
ENSG00000137822,TUBGCP4
ENSG00000137824,RMDN3
ENSG00000137845,ADAM10
ENSG00000137871,ZNF280D
ENSG00000137872,SEMA6D
ENSG00000137876,RSL24D1
ENSG00000137941,TTLL7
ENSG00000137942,FNBP1L
ENSG00000137947,GTF2B
ENSG00000137955,RABGGTB
ENSG00000137968,SLC44A5
ENSG00000137992,DBT
ENSG00000137996,RTCA
ENSG00000138029,HADHB
ENSG00000138031,ADCY3
ENSG00000138032,PPM1B
ENSG00000138035,PNPT1
ENSG00000138036,DYNC2LI1
ENSG00000138069,RAB1A
ENSG00000138071,ACTR2
ENSG00000138073,PREB
ENSG00000138074,SLC5A6
ENSG00000138078,PREPL
ENSG00000138085,ATRAID
ENSG00000138095,LRPPRC
ENSG00000138101,DTNB
ENSG00000138107,ACTR1A
ENSG00000138138,ATAD1
ENSG00000138162,TACC2
ENSG00000138175,ARL3
ENSG00000138190,EXOC6
ENSG00000138279,ANXA7
ENSG00000138303,ASCC1
ENSG00000138311,ZNF365
ENSG00000138326,RPS24
ENSG00000138363,ATIC
ENSG00000138381,ASNSD1
ENSG00000138385,SSB
ENSG00000138386,NAB1
ENSG00000138398,PPIG
ENSG00000138399,FASTKD1
ENSG00000138411,HECW2
ENSG00000138413,IDH1
ENSG00000138430,OLA1
ENSG00000138433,CIR1
ENSG00000138439,FAM117B
ENSG00000138442,WDR12
ENSG00000138443,ABI2
ENSG00000138448,ITGAV
ENSG00000138449,SLC40A1
ENSG00000138459,SLC35A5
ENSG00000138468,SENP7
ENSG00000138592,USP8
ENSG00000138593,SECISBP2L
ENSG00000138604,GLCE
ENSG00000138613,APH1B
ENSG00000138622,HCN4
ENSG00000138639,ARHGAP24
ENSG00000138642,HERC6
ENSG00000138650,PCDH10
ENSG00000138663,COPS4
ENSG00000138668,HNRNPD
ENSG00000138674,SEC31A
ENSG00000138686,BBS7
ENSG00000138698,RAP1GDS1
ENSG00000138709,LARP1B
ENSG00000138744,NAAA
ENSG00000138757,G3BP2
ENSG00000138760,SCARB2
ENSG00000138764,CCNG2
ENSG00000138768,USO1
ENSG00000138777,PPA2
ENSG00000138785,INTS12
ENSG00000138796,HADH
ENSG00000138801,PAPSS1
ENSG00000138802,SEC24B
ENSG00000138814,PPP3CA
ENSG00000138835,RGS3
ENSG00000138942,RNF185
ENSG00000139112,GABARAPL1
ENSG00000139116,KIF21A
ENSG00000139132,FGD4
ENSG00000139163,ETNK1
ENSG00000139168,ZCRB1
ENSG00000139174,PRICKLE1
ENSG00000139180,NDUFA9
ENSG00000139182,CLSTN3
ENSG00000139190,VAMP1
ENSG00000139197,PEX5
ENSG00000139211,AMIGO2
ENSG00000139218,SCAF11
ENSG00000139220,PPFIA2
ENSG00000139291,TMEM19
ENSG00000139324,TMTC3
ENSG00000139343,SNRPF
ENSG00000139364,TMEM132B
ENSG00000139405,RITA1
ENSG00000139436,GIT2
ENSG00000139438,FAM222A
ENSG00000139514,SLC7A1
ENSG00000139531,SUOX
ENSG00000139624,CERS5
ENSG00000139641,ESYT1
ENSG00000139644,TMBIM6
ENSG00000139645,ANKRD52
ENSG00000139684,ESD
ENSG00000139687,RB1
ENSG00000139697,SBNO1
ENSG00000139718,SETD1B
ENSG00000139719,VPS33A
ENSG00000139726,DENR
ENSG00000139737,SLAIN1
ENSG00000139746,RBM26
ENSG00000139767,SRRM4
ENSG00000139793,MBNL2
ENSG00000139842,CUL4A
ENSG00000139874,SSTR1
ENSG00000139910,NOVA1
ENSG00000139921,TMX1
ENSG00000139970,RTN1
ENSG00000139977,NAA30
ENSG00000139990,DCAF5
ENSG00000139998,RAB15
ENSG00000140044,JDP2
ENSG00000140259,MFAP1
ENSG00000140262,TCF12
ENSG00000140280,LYSMD2
ENSG00000140299,BNIP2
ENSG00000140307,GTF2A2
ENSG00000140319,SRP14
ENSG00000140320,BAHD1
ENSG00000140332,TLE3
ENSG00000140350,ANP32A
ENSG00000140365,COMMD4
ENSG00000140367,UBE2Q2
ENSG00000140374,ETFA
ENSG00000140382,HMG20A
ENSG00000140391,TSPAN3
ENSG00000140396,NCOA2
ENSG00000140403,DNAJA4
ENSG00000140416,TPM1
ENSG00000140443,IGF1R
ENSG00000140463,BBS4
ENSG00000140474,ULK3
ENSG00000140526,ABHD2
ENSG00000140538,NTRK3
ENSG00000140553,UNC45A
ENSG00000140564,FURIN
ENSG00000140575,IQGAP1
ENSG00000140577,CRTC3
ENSG00000140600,SH3GL3
ENSG00000140612,SEC11A
ENSG00000140691,ARMC5
ENSG00000140694,PARN
ENSG00000140718,FTO
ENSG00000140740,UQCRC2
ENSG00000140836,ZFHX3
ENSG00000140854,KATNB1
ENSG00000140937,CDH11
ENSG00000140939,NOL3
ENSG00000140941,MAP1LC3B
ENSG00000140943,MBTPS1
ENSG00000140983,RHOT2
ENSG00000140990,NDUFB10
ENSG00000140992,PDPK1
ENSG00000140995,DEF8
ENSG00000141002,TCF25
ENSG00000141026,MED9
ENSG00000141027,NCOR1
ENSG00000141030,COPS3
ENSG00000141098,GFOD2
ENSG00000141127,PRPSAP2
ENSG00000141232,TOB1
ENSG00000141252,VPS53
ENSG00000141258,SGSM2
ENSG00000141279,NPEPPS
ENSG00000141298,SSH2
ENSG00000141338,ABCA8
ENSG00000141349,G6PC3
ENSG00000141367,CLTC
ENSG00000141378,PTRH2
ENSG00000141384,TAF4B
ENSG00000141385,AFG3L2
ENSG00000141404,GNAL
ENSG00000141424,SLC39A6
ENSG00000141425,RPRD1A
ENSG00000141429,GALNT1
ENSG00000141431,ASXL3
ENSG00000141447,OSBPL1A
ENSG00000141456,PELP1
ENSG00000141458,NPC1
ENSG00000141469,SLC14A1
ENSG00000141503,MINK1
ENSG00000141522,ARHGDIA
ENSG00000141542,RAB40B
ENSG00000141543,EIF4A3
ENSG00000141551,CSNK1D
ENSG00000141556,TBCD
ENSG00000141560,FN3KRP
ENSG00000141562,NARF
ENSG00000141568,FOXK2
ENSG00000141576,RNF157
ENSG00000141580,WDR45B
ENSG00000141582,CBX4
ENSG00000141644,MBD1
ENSG00000141664,ZCCHC2
ENSG00000141668,CBLN2
ENSG00000141741,MIEN1
ENSG00000141759,TXNL4A
ENSG00000141837,CACNA1A
ENSG00000141867,BRD4
ENSG00000141905,NFIC
ENSG00000141959,PFKL
ENSG00000141985,SH3GL1
ENSG00000142046,TMEM91
ENSG00000142082,SIRT3
ENSG00000142089,IFITM3
ENSG00000142166,IFNAR1
ENSG00000142168,SOD1
ENSG00000142186,SCYL1
ENSG00000142188,TMEM50B
ENSG00000142192,APP
ENSG00000142207,URB1
ENSG00000142230,SAE1
ENSG00000142235,LMTK3
ENSG00000142252,GEMIN7
ENSG00000142319,SLC6A3
ENSG00000142408,CACNG8
ENSG00000142453,CARM1
ENSG00000142507,PSMB6
ENSG00000142534,RPS11
ENSG00000142546,NOSIP
ENSG00000142599,RERE
ENSG00000142623,PADI1
ENSG00000142634,EFHD2
ENSG00000142655,PEX14
ENSG00000142669,SH3BGRL3
ENSG00000142676,RPL11
ENSG00000142687,KIAA0319L
ENSG00000142784,WDTC1
ENSG00000142864,SERBP1
ENSG00000142875,PRKACB
ENSG00000142892,PIGK
ENSG00000142949,PTPRF
ENSG00000143013,LMO4
ENSG00000143033,MTF2
ENSG00000143061,IGSF3
ENSG00000143079,CTTNBP2NL
ENSG00000143093,STRIP1
ENSG00000143106,PSMA5
ENSG00000143126,CELSR2
ENSG00000143147,GPR161
ENSG00000143153,ATP1B1
ENSG00000143155,TIPRL
ENSG00000143157,POGK
ENSG00000143158,MPC2
ENSG00000143162,CREG1
ENSG00000143164,DCAF6
ENSG00000143179,UCK2
ENSG00000143183,TMCO1
ENSG00000143190,POU2F1
ENSG00000143198,MGST3
ENSG00000143222,UFC1
ENSG00000143224,PPOX
ENSG00000143248,RGS5
ENSG00000143256,PFDN2
ENSG00000143294,PRCC
ENSG00000143314,MRPL24
ENSG00000143315,PIGM
ENSG00000143321,HDGF
ENSG00000143322,ABL2
ENSG00000143324,XPR1
ENSG00000143333,RGS16
ENSG00000143337,TOR1AIP1
ENSG00000143344,RGL1
ENSG00000143353,LYPLAL1
ENSG00000143376,SNX27
ENSG00000143384,MCL1
ENSG00000143393,PI4KB
ENSG00000143401,ANP32E
ENSG00000143420,ENSA
ENSG00000143437,ARNT
ENSG00000143442,POGZ
ENSG00000143457,GOLPH3L
ENSG00000143493,INTS7
ENSG00000143502,SUSD4
ENSG00000143515,ATP8B2
ENSG00000143543,JTB
ENSG00000143549,TPM3
ENSG00000143553,SNAPIN
ENSG00000143569,UBAP2L
ENSG00000143575,HAX1
ENSG00000143603,KCNN3
ENSG00000143612,C1orf43
ENSG00000143621,ILF2
ENSG00000143630,HCN3
ENSG00000143641,GALNT2
ENSG00000143653,SCCPDH
ENSG00000143669,LYST
ENSG00000143702,CEP170
ENSG00000143727,ACP1
ENSG00000143740,SNAP47
ENSG00000143751,SDE2
ENSG00000143753,DEGS1
ENSG00000143756,FBXO28
ENSG00000143761,ARF1
ENSG00000143771,CNIH4
ENSG00000143772,ITPKB
ENSG00000143774,GUK1
ENSG00000143776,CDC42BPA
ENSG00000143786,CNIH3
ENSG00000143793,C1orf35
ENSG00000143797,MBOAT2
ENSG00000143799,PARP1
ENSG00000143811,PYCR2
ENSG00000143847,PPFIA4
ENSG00000143850,PLEKHA6
ENSG00000143862,ARL8A
ENSG00000143878,RHOB
ENSG00000143889,HNRNPLL
ENSG00000143919,CAMKMT
ENSG00000143924,EML4
ENSG00000143933,CALM2
ENSG00000143970,ASXL2
ENSG00000144021,CIAO1
ENSG00000144028,SNRNP200
ENSG00000144029,MRPS5
ENSG00000144036,EXOC6B
ENSG00000144040,SFXN5
ENSG00000144136,SLC20A1
ENSG00000144161,ZC3H8
ENSG00000144218,AFF3
ENSG00000144224,UBXN4
ENSG00000144228,SPOPL
ENSG00000144283,PKP4
ENSG00000144306,SCRN3
ENSG00000144339,TMEFF2
ENSG00000144357,UBR3
ENSG00000144369,FAM171B
ENSG00000144401,METTL21A
ENSG00000144406,UNC80
ENSG00000144445,KANSL1L
ENSG00000144451,SPAG16
ENSG00000144524,COPS7B
ENSG00000144566,RAB5A
ENSG00000144580,CNOT9
ENSG00000144597,EAF1
ENSG00000144619,CNTN4
ENSG00000144635,DYNC1LI1
ENSG00000144642,RBMS3
ENSG00000144645,OSBPL10
ENSG00000144647,POMGNT2
ENSG00000144659,SLC25A38
ENSG00000144674,GOLGA4
ENSG00000144677,CTDSPL
ENSG00000144711,IQSEC1
ENSG00000144724,PTPRG
ENSG00000144741,SLC25A26
ENSG00000144744,UBA3
ENSG00000144746,ARL6IP5
ENSG00000144747,TMF1
ENSG00000144815,NXPE3
ENSG00000144827,ABHD10
ENSG00000144834,TAGLN3
ENSG00000144840,RABL3
ENSG00000144848,ATG3
ENSG00000144867,SRPRB
ENSG00000144868,TMEM108
ENSG00000144891,AGTR1
ENSG00000144895,EIF2A
ENSG00000144935,TRPC1
ENSG00000144959,NCEH1
ENSG00000145012,LPP
ENSG00000145022,TCTA
ENSG00000145050,MANF
ENSG00000145087,STXBP5L
ENSG00000145147,SLIT2
ENSG00000145191,EIF2B5
ENSG00000145242,EPHA5
ENSG00000145246,ATP10D
ENSG00000145248,SLC10A4
ENSG00000145284,SCD5
ENSG00000145293,ENOPH1
ENSG00000145332,KLHL8
ENSG00000145335,SNCA
ENSG00000145348,TBCK
ENSG00000145349,CAMK2D
ENSG00000145362,ANK2
ENSG00000145388,METTL14
ENSG00000145390,USP53
ENSG00000145391,SETD7
ENSG00000145428,RNF175
ENSG00000145439,CBR4
ENSG00000145476,CYP4V2
ENSG00000145494,NDUFS6
ENSG00000145545,SRD5A1
ENSG00000145555,MYO10
ENSG00000145592,RPL37
ENSG00000145675,PIK3R1
ENSG00000145687,SSBP2
ENSG00000145725,PPIP5K2
ENSG00000145730,PAM
ENSG00000145734,BDP1
ENSG00000145740,SLC30A5
ENSG00000145741,BTF3
ENSG00000145781,COMMD10
ENSG00000145782,ATG12
ENSG00000145817,YIPF5
ENSG00000145819,ARHGAP26
ENSG00000145824,CXCL14
ENSG00000145833,DDX46
ENSG00000145860,RNF145
ENSG00000145864,GABRB2
ENSG00000145868,FBXO38
ENSG00000145882,PCYOX1L
ENSG00000145901,TNIP1
ENSG00000145907,G3BP1
ENSG00000145916,RMND5B
ENSG00000145919,BOD1
ENSG00000145920,CPLX2
ENSG00000145934,TENM2
ENSG00000145979,TBC1D7
ENSG00000145990,GFOD1
ENSG00000146005,PSD2
ENSG00000146006,LRRTM2
ENSG00000146007,ZMAT2
ENSG00000146021,KLHL3
ENSG00000146067,FAM193B
ENSG00000146072,TNFRSF21
ENSG00000146083,RNF44
ENSG00000146085,MMUT
ENSG00000146151,HMGCLL1
ENSG00000146223,RPL7L1
ENSG00000146242,TPBG
ENSG00000146247,PHIP
ENSG00000146267,FAXC
ENSG00000146281,PM20D2
ENSG00000146416,AIG1
ENSG00000146425,DYNLT1
ENSG00000146433,TMEM181
ENSG00000146457,WTAP
ENSG00000146463,ZMYM4
ENSG00000146476,ARMT1
ENSG00000146535,GNA12
ENSG00000146540,C7orf50
ENSG00000146587,RBAK
ENSG00000146676,PURB
ENSG00000146701,MDH2
ENSG00000146731,CCT6A
ENSG00000146842,TMEM209
ENSG00000146938,NLGN4X
ENSG00000146966,DENND2A
ENSG00000147010,SH3KBP1
ENSG00000147027,TMEM47
ENSG00000147044,CASK
ENSG00000147099,HDAC8
ENSG00000147123,NDUFB11
ENSG00000147130,ZMYM3
ENSG00000147133,TAF1
ENSG00000147155,EBP
ENSG00000147162,OGT
ENSG00000147164,SNX12
ENSG00000147224,PRPS1
ENSG00000147251,DOCK11
ENSG00000147274,RBMX
ENSG00000147324,MFHAS1
ENSG00000147400,CETN2
ENSG00000147408,CSGALNACT1
ENSG00000147416,ATP6V1B2
ENSG00000147419,CCDC25
ENSG00000147421,HMBOX1
ENSG00000147432,CHRNB3
ENSG00000147454,SLC25A37
ENSG00000147457,CHMP7
ENSG00000147475,ERLIN2
ENSG00000147481,SNTG1
ENSG00000147526,TACC1
ENSG00000147533,GOLGA7
ENSG00000147588,PMP2
ENSG00000147642,SYBU
ENSG00000147649,MTDH
ENSG00000147650,LRP12
ENSG00000147654,EBAG9
ENSG00000147669,POLR2K
ENSG00000147677,EIF3H
ENSG00000147684,NDUFB9
ENSG00000147853,AK3
ENSG00000147854,UHRF2
ENSG00000147862,NFIB
ENSG00000147894,C9orf72
ENSG00000147955,SIGMAR1
ENSG00000148019,CEP78
ENSG00000148053,NTRK2
ENSG00000148090,AUH
ENSG00000148143,ZNF462
ENSG00000148153,INIP
ENSG00000148154,UGCG
ENSG00000148158,SNX30
ENSG00000148175,STOM
ENSG00000148180,GSN
ENSG00000148218,ALAD
ENSG00000148219,ASTN2
ENSG00000148229,POLE3
ENSG00000148248,SURF4
ENSG00000148290,SURF1
ENSG00000148296,SURF6
ENSG00000148300,REXO4
ENSG00000148308,GTF3C5
ENSG00000148334,PTGES2
ENSG00000148335,NTMT1
ENSG00000148337,CIZ1
ENSG00000148341,SH3GLB2
ENSG00000148358,GPR107
ENSG00000148384,INPP5E
ENSG00000148396,SEC16A
ENSG00000148408,CACNA1B
ENSG00000148411,NACC2
ENSG00000148444,COMMD3
ENSG00000148450,MSRB2
ENSG00000148468,FAM171A1
ENSG00000148484,RSU1
ENSG00000148498,PARD3
ENSG00000148516,ZEB1
ENSG00000148541,FAM13C
ENSG00000148572,NRBF2
ENSG00000148606,POLR3A
ENSG00000148634,HERC4
ENSG00000148660,CAMK2G
ENSG00000148672,GLUD1
ENSG00000148688,RPP30
ENSG00000148690,FRA10AC1
ENSG00000148700,ADD3
ENSG00000148719,DNAJB12
ENSG00000148730,EIF4EBP2
ENSG00000148798,INA
ENSG00000148834,GSTO1
ENSG00000148840,PPRC1
ENSG00000148842,CNNM2
ENSG00000148843,PDCD11
ENSG00000148925,BTBD10
ENSG00000148926,ADM
ENSG00000148943,LIN7C
ENSG00000148948,LRRC4C
ENSG00000149084,HSD17B12
ENSG00000149100,EIF3M
ENSG00000149136,SSRP1
ENSG00000149182,ARFGAP2
ENSG00000149187,CELF1
ENSG00000149212,SESN3
ENSG00000149218,ENDOD1
ENSG00000149231,CCDC82
ENSG00000149256,TENM4
ENSG00000149269,PAK1
ENSG00000149273,RPS3
ENSG00000149294,NCAM1
ENSG00000149295,DRD2
ENSG00000149308,NPAT
ENSG00000149311,ATM
ENSG00000149313,AASDHPPT
ENSG00000149357,LAMTOR1
ENSG00000149428,HYOU1
ENSG00000149485,FADS1
ENSG00000149532,CPSF7
ENSG00000149541,B3GAT3
ENSG00000149547,EI24
ENSG00000149557,FEZ1
ENSG00000149571,KIRREL3
ENSG00000149575,SCN2B
ENSG00000149577,SIDT2
ENSG00000149600,COMMD7
ENSG00000149657,LSM14B
ENSG00000149658,YTHDF1
ENSG00000149743,TRPT1
ENSG00000149792,MRPL49
ENSG00000149970,CNKSR2
ENSG00000150316,CWC15
ENSG00000150347,ARID5B
ENSG00000150361,KLHL1
ENSG00000150394,CDH8
ENSG00000150401,DCUN1D2
ENSG00000150403,TMCO3
ENSG00000150459,SAP18
ENSG00000150471,ADGRL3
ENSG00000150510,FAM124A
ENSG00000150540,HNMT
ENSG00000150593,PDCD4
ENSG00000150625,GPM6A
ENSG00000150627,WDR17
ENSG00000150656,CNDP1
ENSG00000150712,MTMR12
ENSG00000150753,CCT5
ENSG00000150768,DLAT
ENSG00000150787,PTS
ENSG00000150867,PIP4K2A
ENSG00000150938,CRIM1
ENSG00000150967,ABCB9
ENSG00000150991,UBC
ENSG00000150995,ITPR1
ENSG00000151012,SLC7A11
ENSG00000151025,GPR158
ENSG00000151090,THRB
ENSG00000151092,NGLY1
ENSG00000151116,UEVLD
ENSG00000151135,TMEM263
ENSG00000151148,UBE3B
ENSG00000151150,ANK3
ENSG00000151176,PLBD2
ENSG00000151229,SLC2A13
ENSG00000151240,DIP2C
ENSG00000151247,EIF4E
ENSG00000151276,MAGI1
ENSG00000151292,CSNK1G3
ENSG00000151320,AKAP6
ENSG00000151327,FAM177A1
ENSG00000151332,MBIP
ENSG00000151348,EXT2
ENSG00000151353,TMEM18
ENSG00000151366,NDUFC2
ENSG00000151376,ME3
ENSG00000151414,NEK7
ENSG00000151445,VIPAS39
ENSG00000151458,ANKRD50
ENSG00000151461,UPF2
ENSG00000151474,FRMD4A
ENSG00000151490,PTPRO
ENSG00000151491,EPS8
ENSG00000151498,ACAD8
ENSG00000151500,THYN1
ENSG00000151502,VPS26B
ENSG00000151552,QDPR
ENSG00000151612,ZNF827
ENSG00000151640,DPYSL4
ENSG00000151689,INPP1
ENSG00000151690,MFSD6
ENSG00000151692,RNF144A
ENSG00000151693,ASAP2
ENSG00000151726,ACSL1
ENSG00000151729,SLC25A4
ENSG00000151746,BICD1
ENSG00000151748,SAV1
ENSG00000151778,SERP2
ENSG00000151779,NBAS
ENSG00000151789,ZNF385D
ENSG00000151806,GUF1
ENSG00000151835,SACS
ENSG00000151849,CENPJ
ENSG00000151883,PARP8
ENSG00000151892,GFRA1
ENSG00000151893,CACUL1
ENSG00000151914,DST
ENSG00000151917,BEND6
ENSG00000151923,TIAL1
ENSG00000151929,BAG3
ENSG00000152061,RABGAP1L
ENSG00000152092,ASTN1
ENSG00000152102,FAM168B
ENSG00000152127,MGAT5
ENSG00000152133,GPATCH11
ENSG00000152137,HSPB8
ENSG00000152154,TMEM178A
ENSG00000152223,EPG5
ENSG00000152291,TGOLN2
ENSG00000152332,UHMK1
ENSG00000152377,SPOCK1
ENSG00000152404,CWF19L2
ENSG00000152409,JMY
ENSG00000152413,HOMER1
ENSG00000152465,NMT2
ENSG00000152484,USP12
ENSG00000152492,CCDC50
ENSG00000152503,TRIM36
ENSG00000152518,ZFP36L2
ENSG00000152556,PFKM
ENSG00000152578,GRIA4
ENSG00000152583,SPARCL1
ENSG00000152601,MBNL1
ENSG00000152620,NADK2
ENSG00000152642,GPD1L
ENSG00000152661,GJA1
ENSG00000152684,PELO
ENSG00000152700,SAR1B
ENSG00000152749,GPR180
ENSG00000152767,FARP1
ENSG00000152778,IFIT5
ENSG00000152795,HNRNPDL
ENSG00000152818,UTRN
ENSG00000152822,GRM1
ENSG00000152904,GGPS1
ENSG00000152926,ZNF117
ENSG00000152932,RAB3C
ENSG00000152944,MED21
ENSG00000152954,NRSN1
ENSG00000153130,SCOC
ENSG00000153132,CLGN
ENSG00000153140,CETN3
ENSG00000153187,HNRNPU
ENSG00000153201,RANBP2
ENSG00000153214,TMEM87B
ENSG00000153234,NR4A2
ENSG00000153253,SCN3A
ENSG00000153291,SLC25A27
ENSG00000153317,ASAP1
ENSG00000153339,TRAPPC8
ENSG00000153395,LPCAT1
ENSG00000153406,NMRAL1
ENSG00000153558,FBXL2
ENSG00000153560,UBP1
ENSG00000153561,RMND5A
ENSG00000153707,PTPRD
ENSG00000153774,CFDP1
ENSG00000153786,ZDHHC7
ENSG00000153814,JAZF1
ENSG00000153815,CMIP
ENSG00000153822,KCNJ16
ENSG00000153823,PID1
ENSG00000153827,TRIP12
ENSG00000153879,CEBPG
ENSG00000153904,DDAH1
ENSG00000153914,SREK1
ENSG00000153933,DGKE
ENSG00000153936,HS2ST1
ENSG00000153944,MSI2
ENSG00000153956,CACNA2D1
ENSG00000153982,GDPD1
ENSG00000153989,NUS1
ENSG00000154001,PPP2R5E
ENSG00000154027,AK5
ENSG00000154059,IMPACT
ENSG00000154065,ANKRD29
ENSG00000154096,THY1
ENSG00000154122,ANKH
ENSG00000154127,UBASH3B
ENSG00000154144,TBRG1
ENSG00000154217,PITPNC1
ENSG00000154222,CC2D1B
ENSG00000154229,PRKCA
ENSG00000154265,ABCA5
ENSG00000154277,UCHL1
ENSG00000154305,MIA3
ENSG00000154359,LONRF1
ENSG00000154370,TRIM11
ENSG00000154380,ENAH
ENSG00000154429,CCSAP
ENSG00000154473,BUB3
ENSG00000154478,GPR26
ENSG00000154556,SORBS2
ENSG00000154639,CXADR
ENSG00000154723,ATP5PF
ENSG00000154803,FLCN
ENSG00000154813,DPH3
ENSG00000154822,PLCL2
ENSG00000154845,PPP4R1
ENSG00000154917,RAB6B
ENSG00000154945,ANKRD40
ENSG00000154978,VOPP1
ENSG00000155016,CYP2U1
ENSG00000155085,AK9
ENSG00000155093,PTPRN2
ENSG00000155096,AZIN1
ENSG00000155097,ATP6V1C1
ENSG00000155100,OTUD6B
ENSG00000155158,TTC39B
ENSG00000155189,AGPAT5
ENSG00000155229,MMS19
ENSG00000155252,PI4K2A
ENSG00000155287,SLC25A28
ENSG00000155304,HSPA13
ENSG00000155313,USP25
ENSG00000155329,ZCCHC10
ENSG00000155368,DBI
ENSG00000155380,SLC16A1
ENSG00000155463,OXA1L
ENSG00000155506,LARP1
ENSG00000155511,GRIA1
ENSG00000155657,TTN
ENSG00000155660,PDIA4
ENSG00000155755,TMEM237
ENSG00000155792,DEPTOR
ENSG00000155816,FMN2
ENSG00000155827,RNF20
ENSG00000155846,PPARGC1B
ENSG00000155849,ELMO1
ENSG00000155858,LSM11
ENSG00000155868,MED7
ENSG00000155876,RRAGA
ENSG00000155886,SLC24A2
ENSG00000155903,RASA2
ENSG00000155957,TMBIM4
ENSG00000155959,VBP1
ENSG00000155961,RAB39B
ENSG00000155966,AFF2
ENSG00000155970,MICU3
ENSG00000155975,VPS37A
ENSG00000155980,KIF5A
ENSG00000156011,PSD3
ENSG00000156050,FAM161B
ENSG00000156052,GNAQ
ENSG00000156103,MMP16
ENSG00000156110,ADK
ENSG00000156113,KCNMA1
ENSG00000156136,DCK
ENSG00000156162,DPY19L4
ENSG00000156170,NDUFAF6
ENSG00000156239,N6AMT1
ENSG00000156253,RWDD2B
ENSG00000156256,USP16
ENSG00000156261,CCT8
ENSG00000156298,TSPAN7
ENSG00000156304,SCAF4
ENSG00000156345,CDK20
ENSG00000156467,UQCRB
ENSG00000156471,PTDSS1
ENSG00000156475,PPP2R2B
ENSG00000156482,RPL30
ENSG00000156515,HK1
ENSG00000156531,PHF6
ENSG00000156587,UBE2L6
ENSG00000156599,ZDHHC5
ENSG00000156603,MED19
ENSG00000156639,ZFAND3
ENSG00000156642,NPTN
ENSG00000156650,KAT6B
ENSG00000156709,AIFM1
ENSG00000156735,BAG4
ENSG00000156873,PHKG2
ENSG00000156928,MALSU1
ENSG00000156931,VPS8
ENSG00000156990,RPUSD3
ENSG00000157014,TATDN2
ENSG00000157020,SEC13
ENSG00000157036,EXOG
ENSG00000157045,NTAN1
ENSG00000157064,NMNAT2
ENSG00000157087,ATP2B2
ENSG00000157103,SLC6A1
ENSG00000157106,SMG1
ENSG00000157152,SYN2
ENSG00000157193,LRP8
ENSG00000157224,CLDN12
ENSG00000157259,GATAD1
ENSG00000157445,CACNA2D3
ENSG00000157450,RNF111
ENSG00000157500,APPL1
ENSG00000157514,TSC22D3
ENSG00000157540,DYRK1A
ENSG00000157542,KCNJ6
ENSG00000157557,ETS2
ENSG00000157600,TMEM164
ENSG00000157601,MX1
ENSG00000157613,CREB3L1
ENSG00000157617,C2CD2
ENSG00000157625,TAB3
ENSG00000157637,SLC38A10
ENSG00000157657,ZNF618
ENSG00000157741,UBN2
ENSG00000157764,BRAF
ENSG00000157778,PSMG3
ENSG00000157796,WDR19
ENSG00000157800,SLC37A3
ENSG00000157827,FMNL2
ENSG00000157837,SPPL3
ENSG00000157851,DPYSL5
ENSG00000157869,RAB28
ENSG00000157895,C12orf43
ENSG00000157916,RER1
ENSG00000157954,WIPI2
ENSG00000157985,AGAP1
ENSG00000158062,UBXN11
ENSG00000158092,NCK1
ENSG00000158109,TPRG1L
ENSG00000158161,EYA3
ENSG00000158186,MRAS
ENSG00000158195,WASF2
ENSG00000158201,ABHD3
ENSG00000158258,CLSTN2
ENSG00000158290,CUL4B
ENSG00000158321,AUTS2
ENSG00000158417,EIF5B
ENSG00000158435,CNOT11
ENSG00000158445,KCNB1
ENSG00000158457,TSPAN33
ENSG00000158467,AHCYL2
ENSG00000158470,B4GALT5
ENSG00000158480,SPATA2
ENSG00000158526,TSR2
ENSG00000158528,PPP1R9A
ENSG00000158555,GDPD5
ENSG00000158560,DYNC1I1
ENSG00000158604,TMED4
ENSG00000158615,PPP1R15B
ENSG00000158623,COPG2
ENSG00000158716,DUSP23
ENSG00000158793,NIT1
ENSG00000158796,DEDD
ENSG00000158828,PINK1
ENSG00000158850,B4GALT3
ENSG00000158856,DMTN
ENSG00000158864,NDUFS2
ENSG00000158882,TOMM40L
ENSG00000158941,CCAR2
ENSG00000158985,CDC42SE2
ENSG00000158987,RAPGEF6
ENSG00000159063,ALG8
ENSG00000159082,SYNJ1
ENSG00000159086,PAXBP1
ENSG00000159111,MRPL10
ENSG00000159128,IFNGR2
ENSG00000159140,SON
ENSG00000159164,SV2A
ENSG00000159167,STC1
ENSG00000159176,CSRP1
ENSG00000159199,ATP5MC1
ENSG00000159200,RCAN1
ENSG00000159202,UBE2Z
ENSG00000159210,SNF8
ENSG00000159228,CBR1
ENSG00000159256,MORC3
ENSG00000159307,SCUBE1
ENSG00000159322,ADPGK
ENSG00000159335,PTMS
ENSG00000159348,CYB5R1
ENSG00000159352,PSMD4
ENSG00000159363,ATP13A2
ENSG00000159377,PSMB4
ENSG00000159409,CELF3
ENSG00000159423,ALDH4A1
ENSG00000159445,THEM4
ENSG00000159459,UBR1
ENSG00000159461,AMFR
ENSG00000159479,MED8
ENSG00000159579,RSPRY1
ENSG00000159592,GPBP1L1
ENSG00000159593,NAE1
ENSG00000159658,EFCAB14
ENSG00000159685,CHCHD6
ENSG00000159692,CTBP1
ENSG00000159720,ATP6V0D1
ENSG00000159784,FAM131B
ENSG00000159788,RGS12
ENSG00000159840,ZYX
ENSG00000159842,ABR
ENSG00000159921,GNE
ENSG00000160007,ARHGAP35
ENSG00000160014,CALM3
ENSG00000160049,DFFA
ENSG00000160058,BSDC1
ENSG00000160075,SSU72
ENSG00000160087,UBE2J2
ENSG00000160113,NR2F6
ENSG00000160131,VMA21
ENSG00000160145,KALRN
ENSG00000160179,ABCG1
ENSG00000160191,PDE9A
ENSG00000160194,NDUFV3
ENSG00000160209,PDXK
ENSG00000160213,CSTB
ENSG00000160214,RRP1
ENSG00000160216,AGPAT3
ENSG00000160285,LSS
ENSG00000160294,MCM3AP
ENSG00000160299,PCNT
ENSG00000160305,DIP2A
ENSG00000160307,S100B
ENSG00000160310,PRMT2
ENSG00000160321,ZNF208
ENSG00000160326,SLC2A6
ENSG00000160439,RDH13
ENSG00000160445,ZER1
ENSG00000160460,SPTBN4
ENSG00000160469,BRSK1
ENSG00000160551,TAOK1
ENSG00000160570,DEDD2
ENSG00000160584,SIK3
ENSG00000160613,PCSK7
ENSG00000160633,SAFB
ENSG00000160679,CHTOP
ENSG00000160688,FLAD1
ENSG00000160695,VPS11
ENSG00000160710,ADAR
ENSG00000160714,UBE2Q1
ENSG00000160716,CHRNB2
ENSG00000160746,ANO10
ENSG00000160753,RUSC1
ENSG00000160785,SLC25A44
ENSG00000160789,LMNA
ENSG00000160799,CCDC12
ENSG00000160818,GPATCH4
ENSG00000160917,CPSF4
ENSG00000160948,VPS28
ENSG00000160959,LRRC14
ENSG00000160961,ZNF333
ENSG00000160991,ORAI2
ENSG00000161011,SQSTM1
ENSG00000161021,MAML1
ENSG00000161048,NAPEPLD
ENSG00000161057,PSMC2
ENSG00000161082,CELF5
ENSG00000161202,DVL3
ENSG00000161203,AP2M1
ENSG00000161204,ABCF3
ENSG00000161217,PCYT1A
ENSG00000161267,BDH1
ENSG00000161526,SAP30BP
ENSG00000161533,ACOX1
ENSG00000161542,PRPSAP1
ENSG00000161642,ZNF385A
ENSG00000161813,LARP4
ENSG00000161980,POLR3K
ENSG00000161981,SNRNP25
ENSG00000162065,TBC1D24
ENSG00000162076,FLYWCH2
ENSG00000162104,ADCY9
ENSG00000162105,SHANK2
ENSG00000162174,ASRGL1
ENSG00000162188,GNG3
ENSG00000162191,UBXN1
ENSG00000162222,TTC9C
ENSG00000162298,SYVN1
ENSG00000162368,CMPK1
ENSG00000162374,ELAVL4
ENSG00000162378,ZYG11B
ENSG00000162402,USP24
ENSG00000162408,NOL9
ENSG00000162409,PRKAA2
ENSG00000162413,KLHL21
ENSG00000162433,AK4
ENSG00000162434,JAK1
ENSG00000162437,RAVER2
ENSG00000162511,LAPTM5
ENSG00000162512,SDC3
ENSG00000162517,PEF1
ENSG00000162521,RBBP4
ENSG00000162545,CAMK2N1
ENSG00000162585,FAAP20
ENSG00000162599,NFIA
ENSG00000162601,MYSM1
ENSG00000162604,TM2D1
ENSG00000162607,USP1
ENSG00000162613,FUBP1
ENSG00000162616,DNAJB4
ENSG00000162623,TYW3
ENSG00000162630,B3GALT2
ENSG00000162642,C1orf52
ENSG00000162664,ZNF326
ENSG00000162688,AGL
ENSG00000162694,EXTL2
ENSG00000162695,SLC30A7
ENSG00000162702,ZNF281
ENSG00000162704,ARPC5
ENSG00000162706,CADM3
ENSG00000162728,KCNJ9
ENSG00000162729,IGSF8
ENSG00000162734,PEA15
ENSG00000162735,PEX19
ENSG00000162736,NCSTN
ENSG00000162769,FLVCR1
ENSG00000162819,BROX
ENSG00000162849,KIF26B
ENSG00000162851,TFB2M
ENSG00000162852,CNST
ENSG00000162869,PPP1R21
ENSG00000162873,KLHDC8A
ENSG00000162889,MAPKAPK2
ENSG00000162909,CAPN2
ENSG00000162910,MRPL55
ENSG00000162923,WDR26
ENSG00000162961,DPY30
ENSG00000162980,ARL5A
ENSG00000162989,KCNJ3
ENSG00000163013,FBXO41
ENSG00000163029,SMC6
ENSG00000163032,VSNL1
ENSG00000163053,SLC16A14
ENSG00000163064,EN1
ENSG00000163069,SGCB
ENSG00000163104,SMARCAD1
ENSG00000163110,PDLIM5
ENSG00000163125,RPRD2
ENSG00000163156,SCNM1
ENSG00000163159,VPS72
ENSG00000163166,IWS1
ENSG00000163170,BOLA3
ENSG00000163214,DHX57
ENSG00000163257,DCAF16
ENSG00000163288,GABRB1
ENSG00000163291,PAQR3
ENSG00000163320,CGGBP1
ENSG00000163328,GPR155
ENSG00000163344,PMVK
ENSG00000163346,PBXIP1
ENSG00000163349,HIPK1
ENSG00000163374,YY1AP1
ENSG00000163380,LMOD3
ENSG00000163389,POGLUT1
ENSG00000163393,SLC22A15
ENSG00000163399,ATP1A1
ENSG00000163412,EIF4E3
ENSG00000163444,TMEM183A
ENSG00000163453,IGFBP7
ENSG00000163466,ARPC2
ENSG00000163468,CCT3
ENSG00000163479,SSR2
ENSG00000163513,TGFBR2
ENSG00000163517,HDAC11
ENSG00000163528,CHCHD4
ENSG00000163531,NFASC
ENSG00000163536,SERPINI1
ENSG00000163539,CLASP2
ENSG00000163541,SUCLG1
ENSG00000163558,PRKCI
ENSG00000163577,EIF5A2
ENSG00000163590,PPM1L
ENSG00000163596,ICA1L
ENSG00000163602,RYBP
ENSG00000163618,CADPS
ENSG00000163624,CDS1
ENSG00000163625,WDFY3
ENSG00000163629,PTPN13
ENSG00000163630,SYNPR
ENSG00000163634,THOC7
ENSG00000163635,ATXN7
ENSG00000163636,PSMD6
ENSG00000163637,PRICKLE2
ENSG00000163644,PPM1K
ENSG00000163655,GMPS
ENSG00000163660,CCNL1
ENSG00000163681,SLMAP
ENSG00000163683,SMIM14
ENSG00000163697,APBB2
ENSG00000163704,PRRT3
ENSG00000163714,U2SURP
ENSG00000163719,MTMR14
ENSG00000163728,TTC14
ENSG00000163743,RCHY1
ENSG00000163754,GYG1
ENSG00000163781,TOPBP1
ENSG00000163788,SNRK
ENSG00000163807,KIAA1143
ENSG00000163811,WDR43
ENSG00000163812,ZDHHC3
ENSG00000163818,LZTFL1
ENSG00000163832,ELP6
ENSG00000163848,ZNF148
ENSG00000163866,SMIM12
ENSG00000163867,ZMYM6
ENSG00000163872,YEATS2
ENSG00000163873,GRIK3
ENSG00000163875,MEAF6
ENSG00000163882,POLR2H
ENSG00000163900,TMEM41A
ENSG00000163902,RPN1
ENSG00000163904,SENP2
ENSG00000163931,TKT
ENSG00000163939,PBRM1
ENSG00000163947,ARHGEF3
ENSG00000163956,LRPAP1
ENSG00000163960,UBXN7
ENSG00000163961,RNF168
ENSG00000163964,PIGX
ENSG00000163995,ABLIM2
ENSG00000164022,AIMP1
ENSG00000164031,DNAJB14
ENSG00000164038,SLC9B2
ENSG00000164040,PGRMC2
ENSG00000164050,PLXNB1
ENSG00000164051,CCDC51
ENSG00000164054,SHISA5
ENSG00000164061,BSN
ENSG00000164062,APEH
ENSG00000164066,INTU
ENSG00000164070,HSPA4L
ENSG00000164076,CAMKV
ENSG00000164080,RAD54L2
ENSG00000164089,ETNPPL
ENSG00000164091,WDR82
ENSG00000164096,C4orf3
ENSG00000164104,HMGB2
ENSG00000164106,SCRG1
ENSG00000164111,ANXA5
ENSG00000164114,MAP9
ENSG00000164117,FBXO8
ENSG00000164124,TMEM144
ENSG00000164134,NAA15
ENSG00000164151,ICE1
ENSG00000164163,ABCE1
ENSG00000164164,OTUD4
ENSG00000164167,LSM6
ENSG00000164172,MOCS2
ENSG00000164176,EDIL3
ENSG00000164181,ELOVL7
ENSG00000164187,LMBRD2
ENSG00000164190,NIPBL
ENSG00000164197,RNF180
ENSG00000164199,ADGRV1
ENSG00000164209,SLC25A46
ENSG00000164211,STARD4
ENSG00000164252,AGGF1
ENSG00000164253,WDR41
ENSG00000164258,NDUFS4
ENSG00000164284,GRPEL2
ENSG00000164292,RHOBTB3
ENSG00000164323,CFAP97
ENSG00000164327,RICTOR
ENSG00000164330,EBF1
ENSG00000164331,ANKRA2
ENSG00000164332,UBLCP1
ENSG00000164346,NSA2
ENSG00000164366,CCDC127
ENSG00000164398,ACSL6
ENSG00000164405,UQCRQ
ENSG00000164418,GRIK2
ENSG00000164434,FABP7
ENSG00000164463,CREBRF
ENSG00000164466,SFXN1
ENSG00000164506,STXBP5
ENSG00000164548,TRA2A
ENSG00000164574,GALNT10
ENSG00000164576,SAP30L
ENSG00000164587,RPS14
ENSG00000164588,HCN1
ENSG00000164604,GPR85
ENSG00000164609,SLU7
ENSG00000164615,CAMLG
ENSG00000164631,ZNF12
ENSG00000164638,SLC29A4
ENSG00000164654,MIOS
ENSG00000164683,HEY1
ENSG00000164733,CTSB
ENSG00000164741,DLC1
ENSG00000164742,ADCY1
ENSG00000164751,PEX2
ENSG00000164754,RAD21
ENSG00000164778,EN2
ENSG00000164796,CSMD3
ENSG00000164808,SPIDR
ENSG00000164815,ORC5
ENSG00000164823,OSGIN2
ENSG00000164828,SUN1
ENSG00000164830,OXR1
ENSG00000164896,FASTK
ENSG00000164897,TMUB1
ENSG00000164902,PHAX
ENSG00000164904,ALDH7A1
ENSG00000164916,FOXK1
ENSG00000164919,COX6C
ENSG00000164924,YWHAZ
ENSG00000164929,BAALC
ENSG00000164934,DCAF13
ENSG00000164951,PDP1
ENSG00000164970,FAM219A
ENSG00000164975,SNAPC3
ENSG00000164978,NUDT2
ENSG00000164985,PSIP1
ENSG00000165006,UBAP1
ENSG00000165023,DIRAS2
ENSG00000165028,NIPSNAP3B
ENSG00000165029,ABCA1
ENSG00000165092,ALDH1A1
ENSG00000165102,HGSNAT
ENSG00000165113,GKAP1
ENSG00000165138,ANKS6
ENSG00000165156,ZHX1
ENSG00000165169,DYNLT3
ENSG00000165175,MID1IP1
ENSG00000165185,KIAA1958
ENSG00000165186,PTCHD1
ENSG00000165209,STRBP
ENSG00000165219,GAPVD1
ENSG00000165238,WNK2
ENSG00000165240,ATP7A
ENSG00000165264,NDUFB6
ENSG00000165271,NOL6
ENSG00000165280,VCP
ENSG00000165300,SLITRK5
ENSG00000165322,ARHGAP12
ENSG00000165323,FAT3
ENSG00000165338,HECTD2
ENSG00000165355,FBXO33
ENSG00000165379,LRFN5
ENSG00000165410,CFL2
ENSG00000165416,SUGT1
ENSG00000165417,GTF2A1
ENSG00000165434,PGM2L1
ENSG00000165443,PHYHIPL
ENSG00000165475,CRYL1
ENSG00000165476,REEP3
ENSG00000165487,MICU2
ENSG00000165495,PKNOX2
ENSG00000165516,KLHDC2
ENSG00000165525,NEMF
ENSG00000165566,AMER2
ENSG00000165572,KBTBD6
ENSG00000165609,NUDT5
ENSG00000165632,TAF3
ENSG00000165644,COMTD1
ENSG00000165646,SLC18A2
ENSG00000165650,PDZD8
ENSG00000165655,ZNF503
ENSG00000165669,FAM204A
ENSG00000165671,NSD1
ENSG00000165672,PRDX3
ENSG00000165678,GHITM
ENSG00000165699,TSC1
ENSG00000165704,HPRT1
ENSG00000165724,ZMYND19
ENSG00000165731,RET
ENSG00000165732,DDX21
ENSG00000165733,BMS1
ENSG00000165775,FUNDC2
ENSG00000165795,NDRG2
ENSG00000165801,ARHGEF40
ENSG00000165802,NSMF
ENSG00000165813,CCDC186
ENSG00000165821,SALL2
ENSG00000165832,TRUB1
ENSG00000165861,ZFYVE1
ENSG00000165868,HSPA12A
ENSG00000165898,ISCA2
ENSG00000165914,TTC7B
ENSG00000165915,SLC39A13
ENSG00000165916,PSMC3
ENSG00000165934,CPSF2
ENSG00000165943,MOAP1
ENSG00000165995,CACNB2
ENSG00000165997,ARL5B
ENSG00000166002,SMCO4
ENSG00000166012,TAF1D
ENSG00000166033,HTRA1
ENSG00000166037,CEP57
ENSG00000166073,GPR176
ENSG00000166111,SVOP
ENSG00000166128,RAB8B
ENSG00000166135,HIF1AN
ENSG00000166166,TRMT61A
ENSG00000166167,BTRC
ENSG00000166170,BAG5
ENSG00000166173,LARP6
ENSG00000166181,API5
ENSG00000166200,COPS2
ENSG00000166206,GABRB3
ENSG00000166224,SGPL1
ENSG00000166226,CCT2
ENSG00000166228,PCBD1
ENSG00000166233,ARIH1
ENSG00000166257,SCN3B
ENSG00000166260,COX11
ENSG00000166266,CUL5
ENSG00000166272,WBP1L
ENSG00000166295,ANAPC16
ENSG00000166311,SMPD1
ENSG00000166326,TRIM44
ENSG00000166337,TAF10
ENSG00000166340,TPP1
ENSG00000166347,CYB5A
ENSG00000166348,USP54
ENSG00000166402,TUB
ENSG00000166405,RIC3
ENSG00000166432,ZMAT1
ENSG00000166446,CDYL2
ENSG00000166448,TMEM130
ENSG00000166452,AKIP1
ENSG00000166454,ATMIN
ENSG00000166471,TMEM41B
ENSG00000166479,TMX3
ENSG00000166501,PRKCB
ENSG00000166532,RIMKLB
ENSG00000166548,TK2
ENSG00000166557,TMED3
ENSG00000166562,SEC11C
ENSG00000166579,NDEL1
ENSG00000166598,HSP90B1
ENSG00000166619,BLCAP
ENSG00000166676,TVP23A
ENSG00000166710,B2M
ENSG00000166747,AP1G1
ENSG00000166770,ZNF667-AS1
ENSG00000166822,TMEM170A
ENSG00000166839,ANKDD1A
ENSG00000166847,DCTN5
ENSG00000166848,TERF2IP
ENSG00000166855,CLPX
ENSG00000166887,VPS39
ENSG00000166900,STX3
ENSG00000166902,MRPL16
ENSG00000166908,PIP4K2C
ENSG00000166913,YWHAB
ENSG00000166925,TSC22D4
ENSG00000166946,CCNDBP1
ENSG00000166963,MAP1A
ENSG00000166971,AKTIP
ENSG00000166974,MAPRE2
ENSG00000167004,PDIA3
ENSG00000167037,SGSM1
ENSG00000167074,TEF
ENSG00000167081,PBX3
ENSG00000167088,SNRPD1
ENSG00000167110,GOLGA2
ENSG00000167112,TRUB2
ENSG00000167113,COQ4
ENSG00000167118,URM1
ENSG00000167191,GPRC5B
ENSG00000167193,CRK
ENSG00000167196,FBXO22
ENSG00000167232,ZNF91
ENSG00000167258,CDK12
ENSG00000167280,ENGASE
ENSG00000167291,TBC1D16
ENSG00000167323,STIM1
ENSG00000167325,RRM1
ENSG00000167371,PRRT2
ENSG00000167378,IRGQ
ENSG00000167380,ZNF226
ENSG00000167460,TPM4
ENSG00000167468,GPX4
ENSG00000167470,MIDN
ENSG00000167491,GATAD2A
ENSG00000167515,TRAPPC2L
ENSG00000167522,ANKRD11
ENSG00000167526,RPL13
ENSG00000167535,CACNB3
ENSG00000167548,KMT2D
ENSG00000167549,CORO6
ENSG00000167552,TUBA1A
ENSG00000167555,ZNF528
ENSG00000167601,AXL
ENSG00000167614,TTYH1
ENSG00000167632,TRAPPC9
ENSG00000167635,ZNF146
ENSG00000167642,SPINT2
ENSG00000167645,YIF1B
ENSG00000167654,ATCAY
ENSG00000167657,DAPK3
ENSG00000167658,EEF2
ENSG00000167671,UBXN6
ENSG00000167680,SEMA6B
ENSG00000167685,ZNF444
ENSG00000167699,GLOD4
ENSG00000167700,MFSD3
ENSG00000167733,HSD11B1L
ENSG00000167770,OTUB1
ENSG00000167778,SPRYD3
ENSG00000167779,IGFBP6
ENSG00000167792,NDUFV1
ENSG00000167815,PRDX2
ENSG00000167861,HID1
ENSG00000167881,SRP68
ENSG00000167964,RAB26
ENSG00000167971,CASKIN1
ENSG00000167972,ABCA3
ENSG00000167978,SRRM2
ENSG00000167986,DDB1
ENSG00000168002,POLR2G
ENSG00000168003,SLC3A2
ENSG00000168036,CTNNB1
ENSG00000168066,SF1
ENSG00000168090,COPS6
ENSG00000168092,PAFAH1B2
ENSG00000168118,RAB4A
ENSG00000168137,SETD5
ENSG00000168159,RNF187
ENSG00000168172,HOOK3
ENSG00000168175,MAPK1IP1L
ENSG00000168214,RBPJ
ENSG00000168216,LMBRD1
ENSG00000168234,TTC39C
ENSG00000168243,GNG4
ENSG00000168264,IRF2BP2
ENSG00000168275,COA6
ENSG00000168280,KIF5C
ENSG00000168286,THAP11
ENSG00000168288,MMADHC
ENSG00000168291,PDHB
ENSG00000168297,PXK
ENSG00000168301,KCTD6
ENSG00000168303,MPLKIP
ENSG00000168309,FAM107A
ENSG00000168314,MOBP
ENSG00000168374,ARF4
ENSG00000168395,ING5
ENSG00000168397,ATG4B
ENSG00000168434,COG7
ENSG00000168453,HR
ENSG00000168461,RAB31
ENSG00000168481,LGI3
ENSG00000168495,POLR3D
ENSG00000168502,MTCL1
ENSG00000168522,FNTA
ENSG00000168566,SNRNP48
ENSG00000168591,TMUB2
ENSG00000168610,STAT3
ENSG00000168615,ADAM9
ENSG00000168653,NDUFS5
ENSG00000168675,LDLRAD4
ENSG00000168701,TMEM208
ENSG00000168702,LRP1B
ENSG00000168710,AHCYL1
ENSG00000168724,DNAJC21
ENSG00000168734,PKIG
ENSG00000168743,NPNT
ENSG00000168772,CXXC4
ENSG00000168781,PPIP5K1
ENSG00000168785,TSPAN5
ENSG00000168818,STX18
ENSG00000168824,NSG1
ENSG00000168827,GFM1
ENSG00000168843,FSTL5
ENSG00000168883,USP39
ENSG00000168904,LRRC28
ENSG00000168906,MAT2A
ENSG00000168913,ENHO
ENSG00000168917,SLC35G2
ENSG00000168924,LETM1
ENSG00000168936,TMEM129
ENSG00000168958,MFF
ENSG00000168993,CPLX1
ENSG00000169006,NTSR2
ENSG00000169018,FEM1B
ENSG00000169019,COMMD8
ENSG00000169032,MAP2K1
ENSG00000169045,HNRNPH1
ENSG00000169047,IRS1
ENSG00000169057,MECP2
ENSG00000169083,AR
ENSG00000169116,PARM1
ENSG00000169122,FAM110B
ENSG00000169139,UBE2V2
ENSG00000169155,ZBTB43
ENSG00000169169,CPT1C
ENSG00000169180,XPO6
ENSG00000169184,MN1
ENSG00000169189,NSMCE1
ENSG00000169193,CCDC126
ENSG00000169213,RAB3B
ENSG00000169217,CD2BP2
ENSG00000169223,LMAN2
ENSG00000169251,NMD3
ENSG00000169255,B3GALNT1
ENSG00000169288,MRPL1
ENSG00000169302,STK32A
ENSG00000169359,SLC33A1
ENSG00000169375,SIN3A
ENSG00000169398,PTK2
ENSG00000169410,PTPN9
ENSG00000169432,SCN9A
ENSG00000169439,SDC2
ENSG00000169446,MMGT1
ENSG00000169490,TM2D2
ENSG00000169504,CLIC4
ENSG00000169554,ZEB2
ENSG00000169564,PCBP1
ENSG00000169567,HINT1
ENSG00000169641,LUZP1
ENSG00000169710,FASN
ENSG00000169714,CNBP
ENSG00000169740,ZNF32
ENSG00000169744,LDB2
ENSG00000169760,NLGN1
ENSG00000169762,TAPT1
ENSG00000169764,UGP2
ENSG00000169783,LINGO1
ENSG00000169826,CSGALNACT2
ENSG00000169851,PCDH7
ENSG00000169855,ROBO1
ENSG00000169862,CTNND2
ENSG00000169891,REPS2
ENSG00000169902,TPST1
ENSG00000169905,TOR1AIP2
ENSG00000169926,KLF13
ENSG00000169933,FRMPD4
ENSG00000169967,MAP3K2
ENSG00000169976,SF3B5
ENSG00000169992,NLGN2
ENSG00000170011,MYRIP
ENSG00000170017,ALCAM
ENSG00000170027,YWHAG
ENSG00000170075,GPR37L1
ENSG00000170088,TMEM192
ENSG00000170113,NIPA1
ENSG00000170142,UBE2E1
ENSG00000170144,HNRNPA3
ENSG00000170145,SIK2
ENSG00000170153,RNF150
ENSG00000170231,FABP6
ENSG00000170234,PWWP2A
ENSG00000170242,USP47
ENSG00000170248,PDCD6IP
ENSG00000170266,GLB1
ENSG00000170275,CRTAP
ENSG00000170310,STX8
ENSG00000170315,UBB
ENSG00000170340,B3GNT2
ENSG00000170348,TMED10
ENSG00000170385,SLC30A1
ENSG00000170419,VSTM2A
ENSG00000170448,NFXL1
ENSG00000170456,DENND5B
ENSG00000170464,DNAJC18
ENSG00000170471,RALGAPB
ENSG00000170500,LONRF2
ENSG00000170502,NUDT9
ENSG00000170515,PA2G4
ENSG00000170522,ELOVL6
ENSG00000170525,PFKFB3
ENSG00000170540,ARL6IP1
ENSG00000170542,SERPINB9
ENSG00000170558,CDH2
ENSG00000170571,EMB
ENSG00000170581,STAT2
ENSG00000170606,HSPA4
ENSG00000170619,COMMD5
ENSG00000170624,SGCD
ENSG00000170633,RNF34
ENSG00000170743,SYT9
ENSG00000170745,KCNS3
ENSG00000170759,KIF5B
ENSG00000170776,AKAP13
ENSG00000170832,USP32
ENSG00000170852,KBTBD2
ENSG00000170860,LSM3
ENSG00000170871,KIAA0232
ENSG00000170873,MTSS1
ENSG00000170876,TMEM43
ENSG00000170881,RNF139
ENSG00000170889,RPS9
ENSG00000170899,GSTA4
ENSG00000170903,MSANTD4
ENSG00000170906,NDUFA3
ENSG00000170915,PAQR8
ENSG00000170921,TANC2
ENSG00000170954,ZNF415
ENSG00000170989,S1PR1
ENSG00000171004,HS6ST2
ENSG00000171033,PKIA
ENSG00000171055,FEZ2
ENSG00000171067,C11orf24
ENSG00000171105,INSR
ENSG00000171109,MFN1
ENSG00000171130,ATP6V0E2
ENSG00000171135,JAGN1
ENSG00000171150,SOCS5
ENSG00000171155,C1GALT1C1
ENSG00000171163,ZNF692
ENSG00000171202,TMEM126A
ENSG00000171204,TMEM126B
ENSG00000171206,TRIM8
ENSG00000171208,NETO2
ENSG00000171222,SCAND1
ENSG00000171223,JUNB
ENSG00000171262,FAM98B
ENSG00000171298,GAA
ENSG00000171302,CANT1
ENSG00000171307,ZDHHC16
ENSG00000171310,CHST11
ENSG00000171311,EXOSC1
ENSG00000171365,CLCN5
ENSG00000171368,TPPP
ENSG00000171385,KCND3
ENSG00000171435,KSR2
ENSG00000171444,MCC
ENSG00000171450,CDK5R2
ENSG00000171451,DSEL
ENSG00000171456,ASXL1
ENSG00000171467,ZNF318
ENSG00000171475,WIPF2
ENSG00000171490,RSL1D1
ENSG00000171492,LRRC8D
ENSG00000171503,ETFDH
ENSG00000171533,MAP6
ENSG00000171552,BCL2L1
ENSG00000171566,PLRG1
ENSG00000171587,DSCAM
ENSG00000171603,CLSTN1
ENSG00000171604,CXXC5
ENSG00000171608,PIK3CD
ENSG00000171617,ENC1
ENSG00000171634,BPTF
ENSG00000171681,ATF7IP
ENSG00000171703,TCEA2
ENSG00000171720,HDAC3
ENSG00000171723,GPHN
ENSG00000171724,VAT1L
ENSG00000171735,CAMTA1
ENSG00000171766,GATM
ENSG00000171793,CTPS1
ENSG00000171824,EXOSC10
ENSG00000171843,MLLT3
ENSG00000171858,RPS21
ENSG00000171862,PTEN
ENSG00000171867,PRNP
ENSG00000171885,AQP4
ENSG00000171914,TLN2
ENSG00000171951,SCG2
ENSG00000171953,ATPAF2
ENSG00000171988,JMJD1C
ENSG00000172007,RAB33B
ENSG00000172020,GAP43
ENSG00000172046,USP19
ENSG00000172057,ORMDL3
ENSG00000172137,CALB2
ENSG00000172201,ID4
ENSG00000172260,NEGR1
ENSG00000172262,ZNF131
ENSG00000172264,MACROD2
ENSG00000172269,DPAGT1
ENSG00000172292,CERS6
ENSG00000172301,COPRS
ENSG00000172331,BPGM
ENSG00000172336,POP7
ENSG00000172339,ALG14
ENSG00000172346,CSDC2
ENSG00000172348,RCAN2
ENSG00000172350,ABCG4
ENSG00000172379,ARNT2
ENSG00000172403,SYNPO2
ENSG00000172461,FUT9
ENSG00000172466,ZNF24
ENSG00000172493,AFF1
ENSG00000172500,FIBP
ENSG00000172508,CARNS1
ENSG00000172534,HCFC1
ENSG00000172586,CHCHD1
ENSG00000172667,ZMAT3
ENSG00000172731,LRRC20
ENSG00000172757,CFL1
ENSG00000172765,TMCC1
ENSG00000172794,RAB37
ENSG00000172795,DCP2
ENSG00000172809,RPL38
ENSG00000172831,CES2
ENSG00000172845,SP3
ENSG00000172869,DMXL1
ENSG00000172889,EGFL7
ENSG00000172893,DHCR7
ENSG00000172915,NBEA
ENSG00000172922,RNASEH2C
ENSG00000172932,ANKRD13D
ENSG00000172939,OXSR1
ENSG00000172992,DCAKD
ENSG00000173011,TADA2B
ENSG00000173020,GRK2
ENSG00000173039,RELA
ENSG00000173064,HECTD4
ENSG00000173065,FAM222B
ENSG00000173068,BNC2
ENSG00000173114,LRRN3
ENSG00000173120,KDM2A
ENSG00000173141,MRPL57
ENSG00000173210,ABLIM3
ENSG00000173221,GLRX
ENSG00000173230,GOLGB1
ENSG00000173267,SNCG
ENSG00000173272,MZT2A
ENSG00000173273,TNKS
ENSG00000173276,ZBTB21
ENSG00000173320,STOX2
ENSG00000173402,DAG1
ENSG00000173404,INSM1
ENSG00000173406,DAB1
ENSG00000173409,ARV1
ENSG00000173418,NAA20
ENSG00000173482,PTPRM
ENSG00000173517,PEAK1
ENSG00000173545,ZNF622
ENSG00000173575,CHD2
ENSG00000173611,SCAI
ENSG00000173674,EIF1AX
ENSG00000173692,PSMD1
ENSG00000173726,TOMM20
ENSG00000173744,AGFG1
ENSG00000173757,STAT5B
ENSG00000173786,CNP
ENSG00000173812,EIF1
ENSG00000173821,RNF213
ENSG00000173852,DPY19L1
ENSG00000173875,ZNF791
ENSG00000173889,PHC3
ENSG00000173898,SPTBN2
ENSG00000173905,GOLIM4
ENSG00000173914,RBM4B
ENSG00000173992,CCS
ENSG00000174013,FBXO45
ENSG00000174080,CTSF
ENSG00000174106,LEMD3
ENSG00000174132,FAM174A
ENSG00000174136,RGMB
ENSG00000174165,ZDHHC24
ENSG00000174173,TRMT10C
ENSG00000174197,MGA
ENSG00000174238,PITPNA
ENSG00000174282,ZBTB4
ENSG00000174306,ZHX3
ENSG00000174405,LIG4
ENSG00000174437,ATP2A2
ENSG00000174446,SNAPC5
ENSG00000174456,C12orf76
ENSG00000174460,ZCCHC12
ENSG00000174469,CNTNAP2
ENSG00000174516,PELI3
ENSG00000174521,TTC9B
ENSG00000174574,AKIRIN1
ENSG00000174579,MSL2
ENSG00000174606,ANGEL2
ENSG00000174607,UGT8
ENSG00000174628,IQCK
ENSG00000174684,B4GAT1
ENSG00000174695,TMEM167A
ENSG00000174720,LARP7
ENSG00000174738,NR1D2
ENSG00000174748,RPL15
ENSG00000174775,HRAS
ENSG00000174780,SRP72
ENSG00000174840,PDE12
ENSG00000174886,NDUFA11
ENSG00000174891,RSRC1
ENSG00000174915,PTDSS2
ENSG00000174938,SEZ6L2
ENSG00000174939,ASPHD1
ENSG00000174943,KCTD13
ENSG00000174953,DHX36
ENSG00000175029,CTBP2
ENSG00000175048,ZDHHC14
ENSG00000175054,ATR
ENSG00000175073,VCPIP1
ENSG00000175105,ZNF654
ENSG00000175110,MRPS22
ENSG00000175115,PACS1
ENSG00000175130,MARCKSL1
ENSG00000175161,CADM2
ENSG00000175166,PSMD2
ENSG00000175198,PCCA
ENSG00000175203,DCTN2
ENSG00000175215,CTDSP2
ENSG00000175216,CKAP5
ENSG00000175220,ARHGAP1
ENSG00000175221,MED16
ENSG00000175224,ATG13
ENSG00000175264,CHST1
ENSG00000175265,GOLGA8A
ENSG00000175283,DOLK
ENSG00000175334,BANF1
ENSG00000175348,TMEM9B
ENSG00000175352,NRIP3
ENSG00000175376,EIF1AD
ENSG00000175387,SMAD2
ENSG00000175395,ZNF25
ENSG00000175416,CLTB
ENSG00000175426,PCSK1
ENSG00000175470,PPP2R2D
ENSG00000175497,DPP10
ENSG00000175573,C11orf68
ENSG00000175575,PAAF1
ENSG00000175581,MRPL48
ENSG00000175602,CCDC85B
ENSG00000175606,TMEM70
ENSG00000175662,TOM1L2
ENSG00000175727,MLXIP
ENSG00000175756,AURKAIP1
ENSG00000175782,SLC35E3
ENSG00000175785,PRIMA1
ENSG00000175806,MSRA
ENSG00000175826,CTDNEP1
ENSG00000175866,BAIAP2
ENSG00000175874,CREG2
ENSG00000175893,ZDHHC21
ENSG00000175931,UBE2O
ENSG00000176022,B3GALT6
ENSG00000176049,JAKMIP2
ENSG00000176055,MBLAC2
ENSG00000176101,SSNA1
ENSG00000176102,CSTF3
ENSG00000176148,TCP11L1
ENSG00000176171,BNIP3
ENSG00000176222,ZNF404
ENSG00000176340,COX8A
ENSG00000176390,CRLF3
ENSG00000176396,EID2
ENSG00000176401,EID2B
ENSG00000176406,RIMS2
ENSG00000176407,KCMF1
ENSG00000176410,DNAJC30
ENSG00000176454,LPCAT4
ENSG00000176463,SLCO3A1
ENSG00000176533,GNG7
ENSG00000176595,KBTBD11
ENSG00000176623,RMDN1
ENSG00000176624,MEX3C
ENSG00000176697,BDNF
ENSG00000176720,BOK
ENSG00000176749,CDK5R1
ENSG00000176783,RUFY1
ENSG00000176788,BASP1
ENSG00000176871,WSB2
ENSG00000176884,GRIN1
ENSG00000176887,SOX11
ENSG00000176946,THAP4
ENSG00000176953,NFATC2IP
ENSG00000176956,LY6H
ENSG00000176978,DPP7
ENSG00000176986,SEC24C
ENSG00000177000,MTHFR
ENSG00000177054,ZDHHC13
ENSG00000177082,WDR73
ENSG00000177098,SCN4B
ENSG00000177108,ZDHHC22
ENSG00000177150,FAM210A
ENSG00000177156,TALDO1
ENSG00000177181,RIMKLA
ENSG00000177189,RPS6KA3
ENSG00000177200,CHD9
ENSG00000177239,MAN1B1
ENSG00000177301,KCNA2
ENSG00000177311,ZBTB38
ENSG00000177370,TIMM22
ENSG00000177383,MAGEF1
ENSG00000177410,ZFAS1
ENSG00000177432,NAP1L5
ENSG00000177479,ARIH2
ENSG00000177542,SLC25A22
ENSG00000177551,NHLH2
ENSG00000177556,ATOX1
ENSG00000177565,TBL1XR1
ENSG00000177600,RPLP2
ENSG00000177606,JUN
ENSG00000177613,CSTF2T
ENSG00000177614,PGBD5
ENSG00000177646,ACAD9
ENSG00000177683,THAP5
ENSG00000177697,CD151
ENSG00000177700,POLR2L
ENSG00000177706,FAM20C
ENSG00000177731,FLII
ENSG00000177733,HNRNPA0
ENSG00000177830,CHID1
ENSG00000177875,CCDC184
ENSG00000177885,GRB2
ENSG00000177888,ZBTB41
ENSG00000177889,UBE2N
ENSG00000177951,BET1L
ENSG00000177963,RIC8A
ENSG00000177971,IMP3
ENSG00000177981,ASB8
ENSG00000178053,MLF1
ENSG00000178057,NDUFAF3
ENSG00000178074,C2orf69
ENSG00000178104,PDE4DIP
ENSG00000178163,ZNF518B
ENSG00000178171,AMER3
ENSG00000178234,GALNT11
ENSG00000178235,SLITRK1
ENSG00000178301,AQP11
ENSG00000178307,TMEM11
ENSG00000178381,ZFAND2A
ENSG00000178425,NT5DC1
ENSG00000178449,COX14
ENSG00000178498,DTX3
ENSG00000178538,CA8
ENSG00000178567,EPM2AIP1
ENSG00000178568,ERBB4
ENSG00000178662,CSRNP3
ENSG00000178691,SUZ12
ENSG00000178695,KCTD12
ENSG00000178718,RPP25
ENSG00000178741,COX5A
ENSG00000178761,FAM219B
ENSG00000178913,TAF7
ENSG00000178947,SMIM10L2A
ENSG00000178950,GAK
ENSG00000178951,ZBTB7A
ENSG00000178952,TUFM
ENSG00000178965,ERICH3
ENSG00000178974,FBXO34
ENSG00000178982,EIF3K
ENSG00000178988,MRFAP1L1
ENSG00000179010,MRFAP1
ENSG00000179021,C3orf38
ENSG00000179083,FAM133A
ENSG00000179085,DPM3
ENSG00000179091,CYC1
ENSG00000179115,FARSA
ENSG00000179134,SAMD4B
ENSG00000179195,ZNF664
ENSG00000179218,CALR
ENSG00000179222,MAGED1
ENSG00000179242,CDH4
ENSG00000179262,RAD23A
ENSG00000179295,PTPN11
ENSG00000179314,WSCD1
ENSG00000179364,PACS2
ENSG00000179387,ELMOD2
ENSG00000179431,FJX1
ENSG00000179454,KLHL28
ENSG00000179456,ZBTB18
ENSG00000179526,SHARPIN
ENSG00000179542,SLITRK4
ENSG00000179598,PLD6
ENSG00000179796,LRRC3B
ENSG00000179820,MYADM
ENSG00000179889,PDXDC1
ENSG00000179912,R3HDM2
ENSG00000179915,NRXN1
ENSG00000179918,SEPHS2
ENSG00000179933,C14orf119
ENSG00000179950,PUF60
ENSG00000179958,DCTPP1
ENSG00000179981,TSHZ1
ENSG00000180008,SOCS4
ENSG00000180104,EXOC3
ENSG00000180155,LYNX1
ENSG00000180176,TH
ENSG00000180182,MED14
ENSG00000180185,FAHD1
ENSG00000180190,TDRP
ENSG00000180228,PRKRA
ENSG00000180304,OAZ2
ENSG00000180354,MTURN
ENSG00000180370,PAK2
ENSG00000180398,MCFD2
ENSG00000180543,TSPYL5
ENSG00000180694,TMEM64
ENSG00000180817,PPA1
ENSG00000180822,PSMG4
ENSG00000180879,SSR4
ENSG00000180881,CAPS2
ENSG00000180901,KCTD2
ENSG00000180902,D2HGDH
ENSG00000180964,TCEAL8
ENSG00000181019,NQO1
ENSG00000181035,SLC25A42
ENSG00000181045,SLC26A11
ENSG00000181061,HIGD1A
ENSG00000181090,EHMT1
ENSG00000181163,NPM1
ENSG00000181191,PJA1
ENSG00000181192,DHTKD1
ENSG00000181222,POLR2A
ENSG00000181234,TMEM132C
ENSG00000181409,AATK
ENSG00000181449,SOX2
ENSG00000181523,SGSH
ENSG00000181555,SETD2
ENSG00000181610,MRPS23
ENSG00000181638,ZFP41
ENSG00000181704,YIPF6
ENSG00000181754,AMIGO1
ENSG00000181789,COPG1
ENSG00000181790,ADGRB1
ENSG00000181827,RFX7
ENSG00000181830,SLC35C1
ENSG00000181852,RNF41
ENSG00000181904,C5orf24
ENSG00000181924,COA4
ENSG00000181991,MRPS11
ENSG00000182054,IDH2
ENSG00000182087,TMEM259
ENSG00000182117,NOP10
ENSG00000182134,TDRKH
ENSG00000182149,IST1
ENSG00000182154,MRPL41
ENSG00000182168,UNC5C
ENSG00000182195,LDOC1
ENSG00000182199,SHMT2
ENSG00000182208,MOB2
ENSG00000182220,ATP6AP2
ENSG00000182247,UBE2E2
ENSG00000182253,SYNM
ENSG00000182287,AP1S2
ENSG00000182307,C8orf33
ENSG00000182372,CLN8
ENSG00000182400,TRAPPC6B
ENSG00000182446,NPLOC4
ENSG00000182504,CEP97
ENSG00000182512,GLRX5
ENSG00000182534,MXRA7
ENSG00000182541,LIMK2
ENSG00000182551,ADI1
ENSG00000182568,SATB1
ENSG00000182606,TRAK1
ENSG00000182621,PLCB1
ENSG00000182628,SKA2
ENSG00000182636,NDN
ENSG00000182667,NTM
ENSG00000182670,TTC3
ENSG00000182718,ANXA2
ENSG00000182732,RGS6
ENSG00000182747,SLC35D3
ENSG00000182752,PAPPA
ENSG00000182771,GRID1
ENSG00000182827,ACBD3
ENSG00000182836,PLCXD3
ENSG00000182870,GALNT9
ENSG00000182872,RBM10
ENSG00000182899,RPL35A
ENSG00000182901,RGS7
ENSG00000182902,SLC25A18
ENSG00000182903,ZNF721
ENSG00000182916,TCEAL7
ENSG00000182919,C11orf54
ENSG00000182923,CEP63
ENSG00000182944,EWSR1
ENSG00000182985,CADM1
ENSG00000183011,NAA38
ENSG00000183020,AP2A2
ENSG00000183023,SLC8A1
ENSG00000183036,PCP4
ENSG00000183044,ABAT
ENSG00000183049,CAMK1D
ENSG00000183087,GAS6
ENSG00000183091,NEB
ENSG00000183092,BEGAIN
ENSG00000183111,ARHGEF37
ENSG00000183114,FAM43B
ENSG00000183117,CSMD1
ENSG00000183155,RABIF
ENSG00000183166,CALN1
ENSG00000183172,SMDT1
ENSG00000183207,RUVBL2
ENSG00000183255,PTTG1IP
ENSG00000183258,DDX41
ENSG00000183283,DAZAP2
ENSG00000183317,EPHA10
ENSG00000183431,SF3A3
ENSG00000183454,GRIN2A
ENSG00000183495,EP400
ENSG00000183513,COA5
ENSG00000183530,PRR14L
ENSG00000183570,PCBP3
ENSG00000183576,SETD3
ENSG00000183597,TANGO2
ENSG00000183624,HMCES
ENSG00000183648,NDUFB1
ENSG00000183723,CMTM4
ENSG00000183726,TMEM50A
ENSG00000183735,TBK1
ENSG00000183741,CBX6
ENSG00000183751,TBL3
ENSG00000183779,ZNF703
ENSG00000183826,BTBD9
ENSG00000183864,TOB2
ENSG00000183978,COA3
ENSG00000184007,PTP4A2
ENSG00000184009,ACTG1
ENSG00000184014,DENND5A
ENSG00000184076,UQCR10
ENSG00000184117,NIPSNAP1
ENSG00000184144,CNTN2
ENSG00000184156,KCNQ3
ENSG00000184164,CRELD2
ENSG00000184178,SCFD2
ENSG00000184182,UBE2F
ENSG00000184194,GPR173
ENSG00000184203,PPP1R2
ENSG00000184205,TSPYL2
ENSG00000184209,SNRNP35
ENSG00000184216,IRAK1
ENSG00000184220,CMSS1
ENSG00000184221,OLIG1
ENSG00000184226,PCDH9
ENSG00000184271,POU6F1
ENSG00000184277,TM2D3
ENSG00000184349,EFNA5
ENSG00000184368,MAP7D2
ENSG00000184388,PABPC1L2B
ENSG00000184402,SS18L1
ENSG00000184408,KCND2
ENSG00000184432,COPB2
ENSG00000184436,THAP7
ENSG00000184486,POU3F2
ENSG00000184515,BEX5
ENSG00000184517,ZFP1
ENSG00000184524,CEND1
ENSG00000184545,DUSP8
ENSG00000184575,XPOT
ENSG00000184588,PDE4B
ENSG00000184602,SNN
ENSG00000184613,NELL2
ENSG00000184640,SEPTIN9
ENSG00000184672,RALYL
ENSG00000184677,ZBTB40
ENSG00000184708,EIF4ENIF1
ENSG00000184752,NDUFA12
ENSG00000184792,OSBP2
ENSG00000184831,APOO
ENSG00000184840,TMED9
ENSG00000184863,RBM33
ENSG00000184867,ARMCX2
ENSG00000184887,BTBD6
ENSG00000184900,SUMO3
ENSG00000184905,TCEAL2
ENSG00000184916,JAG2
ENSG00000184939,ZFP90
ENSG00000184983,NDUFA6
ENSG00000184992,BRI3BP
ENSG00000185008,ROBO2
ENSG00000185009,AP3M1
ENSG00000185010,F8
ENSG00000185024,BRF1
ENSG00000185043,CIB1
ENSG00000185046,ANKS1B
ENSG00000185049,NELFA
ENSG00000185052,SLC24A3
ENSG00000185070,FLRT2
ENSG00000185088,RPS27L
ENSG00000185090,MANEAL
ENSG00000185104,FAF1
ENSG00000185127,C6orf120
ENSG00000185129,PURA
ENSG00000185187,SIGIRR
ENSG00000185219,ZNF445
ENSG00000185246,PRPF39
ENSG00000185262,UBALD2
ENSG00000185324,CDK10
ENSG00000185340,GAS2L1
ENSG00000185359,HGS
ENSG00000185420,SMYD3
ENSG00000185442,FAM174B
ENSG00000185477,GPRIN3
ENSG00000185513,L3MBTL1
ENSG00000185518,SV2B
ENSG00000185559,DLK1
ENSG00000185565,LSAMP
ENSG00000185567,AHNAK2
ENSG00000185608,MRPL40
ENSG00000185619,PCGF3
ENSG00000185624,P4HB
ENSG00000185627,PSMD13
ENSG00000185630,PBX1
ENSG00000185650,ZFP36L1
ENSG00000185651,UBE2L3
ENSG00000185658,BRWD1
ENSG00000185722,ANKFY1
ENSG00000185728,YTHDF3
ENSG00000185742,C11orf87
ENSG00000185745,IFIT1
ENSG00000185774,KCNIP4
ENSG00000185787,MORF4L1
ENSG00000185800,DMWD
ENSG00000185803,SLC52A2
ENSG00000185808,PIGP
ENSG00000185813,PCYT2
ENSG00000185818,NAT8L
ENSG00000185825,BCAP31
ENSG00000185880,TRIM69
ENSG00000185896,LAMP1
ENSG00000185904,LINC00839
ENSG00000185909,KLHDC8B
ENSG00000185917,SETD4
ENSG00000185920,PTCH1
ENSG00000185946,RNPC3
ENSG00000185950,IRS2
ENSG00000185963,BICD2
ENSG00000186001,LRCH3
ENSG00000186020,ZNF529
ENSG00000186106,ANKRD46
ENSG00000186111,PIP5K1C
ENSG00000186184,POLR1D
ENSG00000186187,ZNRF1
ENSG00000186298,PPP1CC
ENSG00000186310,NAP1L3
ENSG00000186318,BACE1
ENSG00000186340,THBS2
ENSG00000186350,RXRA
ENSG00000186377,CYP4X1
ENSG00000186395,KRT10
ENSG00000186416,NKRF
ENSG00000186432,KPNA4
ENSG00000186462,NAP1L2
ENSG00000186468,RPS23
ENSG00000186469,GNG2
ENSG00000186472,PCLO
ENSG00000186480,INSIG1
ENSG00000186487,MYT1L
ENSG00000186501,TMEM222
ENSG00000186566,GPATCH8
ENSG00000186575,NF2
ENSG00000186591,UBE2H
ENSG00000186642,PDE2A
ENSG00000186660,ZFP91
ENSG00000186665,C17orf58
ENSG00000186687,LYRM7
ENSG00000186732,MPPED1
ENSG00000186806,VSIG10L
ENSG00000186815,TPCN1
ENSG00000186834,HEXIM1
ENSG00000186866,POFUT2
ENSG00000186868,MAPT
ENSG00000186908,ZDHHC17
ENSG00000187068,C3orf70
ENSG00000187094,CCK
ENSG00000187098,MITF
ENSG00000187109,NAP1L1
ENSG00000187147,RNF220
ENSG00000187164,SHTN1
ENSG00000187189,TSPYL4
ENSG00000187193,MT1X
ENSG00000187231,SESTD1
ENSG00000187239,FNBP1
ENSG00000187240,DYNC2H1
ENSG00000187257,RSBN1L
ENSG00000187391,MAGI2
ENSG00000187398,LUZP2
ENSG00000187446,CHP1
ENSG00000187522,HSPA14
ENSG00000187555,USP7
ENSG00000187601,MAGEH1
ENSG00000187672,ERC2
ENSG00000187713,TMEM203
ENSG00000187735,TCEA1
ENSG00000187742,SECISBP2
ENSG00000187764,SEMA4D
ENSG00000187957,DNER
ENSG00000188021,UBQLN2
ENSG00000188042,ARL4C
ENSG00000188130,MAPK12
ENSG00000188186,LAMTOR4
ENSG00000188191,PRKAR1B
ENSG00000188227,ZNF793
ENSG00000188229,TUBB4B
ENSG00000188243,COMMD6
ENSG00000188342,GTF2F2
ENSG00000188385,JAKMIP3
ENSG00000188419,CHM
ENSG00000188554,NBR1
ENSG00000188559,RALGAPA2
ENSG00000188580,NKAIN2
ENSG00000188612,SUMO2
ENSG00000188647,PTAR1
ENSG00000188674,C2orf80
ENSG00000188677,PARVB
ENSG00000188690,UROS
ENSG00000188706,ZDHHC9
ENSG00000188725,SMIM15
ENSG00000188803,SHISA6
ENSG00000188811,NHLRC3
ENSG00000188846,RPL14
ENSG00000188848,BEND4
ENSG00000188895,MSL1
ENSG00000188938,FAM120AOS
ENSG00000188986,NELFB
ENSG00000188994,ZNF292
ENSG00000188997,KCTD21
ENSG00000189058,APOD
ENSG00000189067,LITAF
ENSG00000189079,ARID2
ENSG00000189091,SF3B3
ENSG00000189171,S100A13
ENSG00000189180,ZNF33A
ENSG00000189184,PCDH18
ENSG00000189221,MAOA
ENSG00000189227,C15orf61
ENSG00000189241,TSPYL1
ENSG00000189337,KAZN
ENSG00000189369,GSPT2
ENSG00000196072,BLOC1S2
ENSG00000196091,MYBPC1
ENSG00000196104,SPOCK3
ENSG00000196116,TDRD7
ENSG00000196132,MYT1
ENSG00000196141,SPATS2L
ENSG00000196177,ACADSB
ENSG00000196199,MPHOSPH8
ENSG00000196220,SRGAP3
ENSG00000196227,FAM217B
ENSG00000196233,LCOR
ENSG00000196235,SUPT5H
ENSG00000196262,PPIA
ENSG00000196290,NIF3L1
ENSG00000196323,ZBTB44
ENSG00000196338,NLGN3
ENSG00000196352,CD55
ENSG00000196361,ELAVL3
ENSG00000196363,WDR5
ENSG00000196367,TRRAP
ENSG00000196368,NUDT11
ENSG00000196372,ASB13
ENSG00000196376,SLC35F1
ENSG00000196405,EVL
ENSG00000196422,PPP1R26
ENSG00000196428,TSC22D2
ENSG00000196440,ARMCX4
ENSG00000196449,YRDC
ENSG00000196458,ZNF605
ENSG00000196459,TRAPPC2
ENSG00000196465,MYL6B
ENSG00000196470,SIAH1
ENSG00000196482,ESRRG
ENSG00000196498,NCOR2
ENSG00000196504,PRPF40A
ENSG00000196507,TCEAL3
ENSG00000196510,ANAPC7
ENSG00000196531,NACA
ENSG00000196547,MAN2A2
ENSG00000196562,SULF2
ENSG00000196581,AJAP1
ENSG00000196586,MYO6
ENSG00000196591,HDAC2
ENSG00000196628,TCF4
ENSG00000196632,WNK3
ENSG00000196642,RABL6
ENSG00000196655,TRAPPC4
ENSG00000196663,TECPR2
ENSG00000196683,TOMM7
ENSG00000196704,AMZ2
ENSG00000196712,NF1
ENSG00000196715,VKORC1L1
ENSG00000196730,DAPK1
ENSG00000196776,CD47
ENSG00000196781,TLE1
ENSG00000196792,STRN3
ENSG00000196814,MVB12B
ENSG00000196850,PPTC7
ENSG00000196876,SCN8A
ENSG00000196911,KPNA5
ENSG00000196914,ARHGEF12
ENSG00000196923,PDLIM7
ENSG00000196937,FAM3C
ENSG00000196950,SLC39A10
ENSG00000196961,AP2A1
ENSG00000196967,ZNF585A
ENSG00000196968,FUT11
ENSG00000196998,WDR45
ENSG00000197006,METTL9
ENSG00000197043,ANXA6
ENSG00000197045,GMFB
ENSG00000197063,MAFG
ENSG00000197077,KIAA1671
ENSG00000197102,DYNC1H1
ENSG00000197111,PCBP2
ENSG00000197121,PGAP1
ENSG00000197147,LRRC8B
ENSG00000197150,ABCB8
ENSG00000197157,SND1
ENSG00000197170,PSMD12
ENSG00000197177,ADGRA1
ENSG00000197183,NOL4L
ENSG00000197217,ENTPD4
ENSG00000197226,TBC1D9B
ENSG00000197265,GTF2E2
ENSG00000197296,FITM2
ENSG00000197323,TRIM33
ENSG00000197345,MRPL21
ENSG00000197380,DACT3
ENSG00000197381,ADARB1
ENSG00000197442,MAP3K5
ENSG00000197444,OGDHL
ENSG00000197448,GSTK1
ENSG00000197457,STMN3
ENSG00000197461,PDGFA
ENSG00000197498,RPF2
ENSG00000197535,MYO5A
ENSG00000197548,ATG7
ENSG00000197555,SIPA1L1
ENSG00000197580,BCO2
ENSG00000197586,ENTPD6
ENSG00000197594,ENPP1
ENSG00000197601,FAR1
ENSG00000197622,CDC42SE1
ENSG00000197694,SPTAN1
ENSG00000197702,PARVA
ENSG00000197746,PSAP
ENSG00000197756,RPL37A
ENSG00000197771,MCMBP
ENSG00000197780,TAF13
ENSG00000197858,GPAA1
ENSG00000197860,SGTB
ENSG00000197885,NKIRAS1
ENSG00000197894,ADH5
ENSG00000197912,SPG7
ENSG00000197930,ERO1A
ENSG00000197956,S100A6
ENSG00000197959,DNM3
ENSG00000197961,ZNF121
ENSG00000197965,MPZL1
ENSG00000197969,VPS13A
ENSG00000197971,MBP
ENSG00000198000,NOL8
ENSG00000198015,MRPL42
ENSG00000198034,RPS4X
ENSG00000198042,MAK16
ENSG00000198046,ZNF667
ENSG00000198053,SIRPA
ENSG00000198055,GRK6
ENSG00000198105,ZNF248
ENSG00000198121,LPAR1
ENSG00000198130,HIBCH
ENSG00000198142,SOWAHC
ENSG00000198160,MIER1
ENSG00000198162,MAN1A2
ENSG00000198168,SVIP
ENSG00000198171,DDRGK1
ENSG00000198198,SZT2
ENSG00000198216,CACNA1E
ENSG00000198231,DDX42
ENSG00000198258,UBL5
ENSG00000198265,HELZ
ENSG00000198300,PEG3
ENSG00000198301,SDAD1
ENSG00000198315,ZKSCAN8
ENSG00000198363,ASPH
ENSG00000198373,WWP2
ENSG00000198380,GFPT1
ENSG00000198382,UVRAG
ENSG00000198399,ITSN2
ENSG00000198417,MT1F
ENSG00000198420,TCAF1
ENSG00000198431,TXNRD1
ENSG00000198478,SH3BGRL2
ENSG00000198483,ANKRD35
ENSG00000198513,ATL1
ENSG00000198522,GPN1
ENSG00000198585,NUDT16
ENSG00000198586,TLK1
ENSG00000198612,COPS8
ENSG00000198624,CCDC69
ENSG00000198625,MDM4
ENSG00000198642,KLHL9
ENSG00000198646,NCOA6
ENSG00000198648,STK39
ENSG00000198663,C6orf89
ENSG00000198689,SLC9A6
ENSG00000198700,IPO9
ENSG00000198721,ECI2
ENSG00000198722,UNC13B
ENSG00000198730,CTR9
ENSG00000198740,ZNF652
ENSG00000198742,SMURF1
ENSG00000198780,FAM169A
ENSG00000198785,GRIN3A
ENSG00000198791,CNOT7
ENSG00000198792,TMEM184B
ENSG00000198794,SCAMP5
ENSG00000198799,LRIG2
ENSG00000198815,FOXJ3
ENSG00000198818,SFT2D1
ENSG00000198825,INPP5F
ENSG00000198833,UBE2J1
ENSG00000198836,OPA1
ENSG00000198837,DENND4B
ENSG00000198838,RYR3
ENSG00000198853,RUSC2
ENSG00000198856,OSTC
ENSG00000198860,TSEN15
ENSG00000198862,LTN1
ENSG00000198863,RUNDC1
ENSG00000198876,DCAF12
ENSG00000198894,CIPC
ENSG00000198898,CAPZA2
ENSG00000198900,TOP1
ENSG00000198910,L1CAM
ENSG00000198911,SREBF2
ENSG00000198912,C1orf174
ENSG00000198915,RASGEF1A
ENSG00000198919,DZIP3
ENSG00000198929,NOS1AP
ENSG00000198931,APRT
ENSG00000198932,GPRASP1
ENSG00000198934,MAGEE1
ENSG00000198937,CCDC167
ENSG00000198947,DMD
ENSG00000198948,MFAP3L
ENSG00000198961,PJA2
ENSG00000198964,SGMS1
ENSG00000203485,INF2
ENSG00000203705,TATDN3
ENSG00000203778,FAM229B
ENSG00000203875,SNHG5
ENSG00000203877,RIPPLY2
ENSG00000203879,GDI1
ENSG00000203880,PCMTD2
ENSG00000203930,LINC00632
ENSG00000204070,SYS1
ENSG00000204104,TRAF3IP1
ENSG00000204120,GIGYF2
ENSG00000204128,C2orf72
ENSG00000204130,RUFY2
ENSG00000204175,GPRIN2
ENSG00000204186,ZDBF2
ENSG00000204217,BMPR2
ENSG00000204237,OXLD1
ENSG00000204370,SDHD
ENSG00000204406,MBD5
ENSG00000204842,ATXN2
ENSG00000204843,DCTN1
ENSG00000204856,FAM216A
ENSG00000204899,MZT1
ENSG00000204922,UQCC3
ENSG00000204977,TRIM13
ENSG00000204991,SPIRE2
ENSG00000205060,SLC35B4
ENSG00000205138,SDHAF1
ENSG00000205250,E2F4
ENSG00000205269,TMEM170B
ENSG00000205279,CTXN3
ENSG00000205302,SNX2
ENSG00000205336,ADGRG1
ENSG00000205339,IPO7
ENSG00000205356,TECPR1
ENSG00000205364,MT1M
ENSG00000205423,CNEP1R1
ENSG00000205531,NAP1L4
ENSG00000205629,LCMT1
ENSG00000205659,LIN52
ENSG00000205726,ITSN1
ENSG00000205758,CRYZL1
ENSG00000205937,RNPS1
ENSG00000205981,DNAJC19
ENSG00000206052,DOK6
ENSG00000206418,RAB12
ENSG00000206432,TMEM200C
ENSG00000206538,VGLL3
ENSG00000206560,ANKRD28
ENSG00000206573,THUMPD3-AS1
ENSG00000211445,GPX3
ENSG00000211455,STK38L
ENSG00000211456,SACM1L
ENSG00000211460,TSN
ENSG00000211584,SLC48A1
ENSG00000213015,ZNF580
ENSG00000213024,NUP62
ENSG00000213047,DENND1B
ENSG00000213064,SFT2D2
ENSG00000213079,SCAF8
ENSG00000213190,MLLT11
ENSG00000213281,NRAS
ENSG00000213341,CHUK
ENSG00000213465,ARL2
ENSG00000213585,VDAC1
ENSG00000213593,TMX2
ENSG00000213614,HEXA
ENSG00000213619,NDUFS3
ENSG00000213625,LEPROT
ENSG00000213639,PPP1CB
ENSG00000213672,NCKIPSD
ENSG00000213699,SLC35F6
ENSG00000214022,REPIN1
ENSG00000214026,MRPL23
ENSG00000214078,CPNE1
ENSG00000214113,LYRM4
ENSG00000214413,BBIP1
ENSG00000214517,PPME1
ENSG00000214548,MEG3
ENSG00000214753,HNRNPUL2
ENSG00000214941,ZSWIM7
ENSG00000214944,ARHGEF28
ENSG00000215021,PHB2
ENSG00000215114,UBXN2B
ENSG00000215193,PEX26
ENSG00000215218,UBE2QL1
ENSG00000215301,DDX3X
ENSG00000215305,VPS16
ENSG00000215475,SIAH3
ENSG00000215712,TMEM242
ENSG00000215717,TMEM167B
ENSG00000217128,FNIP1
ENSG00000218739,CEBPZOS
ENSG00000218891,ZNF579
ENSG00000219481,NBPF1
ENSG00000219545,UMAD1
ENSG00000219626,FAM228B
ENSG00000220205,VAMP2
ENSG00000221823,PPP3R1
ENSG00000221866,PLXNA4
ENSG00000221914,PPP2R2A
ENSG00000221978,CCNL2
ENSG00000221983,UBA52
ENSG00000223802,CERS1
ENSG00000224032,EPB41L4A-AS1
ENSG00000224051,CPTP
ENSG00000224470,ATXN1L
ENSG00000224531,SMIM13
ENSG00000225465,RFPL1S
ENSG00000225733,FGD5-AS1
ENSG00000225783,MIAT
ENSG00000225968,ELFN1
ENSG00000227051,C14orf132
ENSG00000227345,PARG
ENSG00000228474,OST4
ENSG00000230989,HSBP1
ENSG00000231721,LINC-PINT
ENSG00000232119,MCTS1
ENSG00000232859,LYRM9
ENSG00000232956,SNHG15
ENSG00000233016,SNHG7
ENSG00000234456,MAGI2-AS3
ENSG00000234616,JRK
ENSG00000234741,GAS5
ENSG00000235194,PPP1R3E
ENSG00000235711,ANKRD34C
ENSG00000236279,CLEC2L
ENSG00000236287,ZBED5
ENSG00000237190,CDKN2AIPNL
ENSG00000237515,SHISA9
ENSG00000237765,FAM200B
ENSG00000239305,RNF103
ENSG00000239306,RBM14
ENSG00000240230,COX19
ENSG00000240344,PPIL3
ENSG00000240583,AQP1
ENSG00000240682,ISY1
ENSG00000240694,PNMA2
ENSG00000241258,CRCP
ENSG00000241553,ARPC4
ENSG00000241878,PISD
ENSG00000242247,ARFGAP3
ENSG00000242259,C22orf39
ENSG00000242265,PEG10
ENSG00000242485,MRPL20
ENSG00000242802,AP5Z1
ENSG00000242808,SOX2-OT
ENSG00000243147,MRPL33
ENSG00000243156,MICAL3
ENSG00000243943,ZNF512
ENSG00000244005,NFS1
ENSG00000244187,TMEM141
ENSG00000244405,ETV5
ENSG00000244462,RBM12
ENSG00000244754,N4BP2L2
ENSG00000245532,NEAT1
ENSG00000245910,SNHG6
ENSG00000247077,PGAM5
ENSG00000247556,OIP5-AS1
ENSG00000247596,TWF2
ENSG00000248092,NNT-AS1
ENSG00000249242,TMEM150C
ENSG00000250317,SMIM20
ENSG00000251022,THAP9-AS1
ENSG00000251562,MALAT1
ENSG00000253352,TUG1
ENSG00000253719,ATXN7L3B
ENSG00000253729,PRKDC
ENSG00000253738,OTUD6B-AS1
ENSG00000254004,ZNF260
ENSG00000254377,MIR124-2HG
ENSG00000254858,MPV17L2
ENSG00000254999,BRK1
ENSG00000255248,MIR100HG
ENSG00000255302,EID1
ENSG00000255529,POLR2M
ENSG00000257218,GATC
ENSG00000257727,CNPY2
ENSG00000257923,CUX1
ENSG00000259974,LINC00261
ENSG00000260230,FRRS1L
ENSG00000260916,CCPG1
ENSG00000261115,TMEM178B
ENSG00000261824,LINC00662
ENSG00000263753,LINC00667
ENSG00000264364,DYNLL2
ENSG00000272047,GTF2H5
ENSG00000273079,GRIN2B
