curve,curve_type,fpr,tpr,auc,ci_lo,ci_hi
ENSG00000003402,single_gene,0.0,0.0,0.702020202020202,0.558808242631772,0.8326780913978493
ENSG00000003402,single_gene,0.0,0.030303030303030304,0.702020202020202,0.558808242631772,0.8326780913978493
ENSG00000003402,single_gene,0.0,0.09090909090909091,0.702020202020202,0.558808242631772,0.8326780913978493
ENSG00000003402,single_gene,0.03333333333333333,0.09090909090909091,0.702020202020202,0.558808242631772,0.8326780913978493
ENSG00000003402,single_gene,0.03333333333333333,0.15151515151515152,0.702020202020202,0.558808242631772,0.8326780913978493
ENSG00000003402,single_gene,0.1,0.15151515151515152,0.702020202020202,0.558808242631772,0.8326780913978493
ENSG00000003402,single_gene,0.1,0.18181818181818182,0.702020202020202,0.558808242631772,0.8326780913978493
ENSG00000003402,single_gene,0.13333333333333333,0.18181818181818182,0.702020202020202,0.558808242631772,0.8326780913978493
ENSG00000003402,single_gene,0.13333333333333333,0.21212121212121213,0.702020202020202,0.558808242631772,0.8326780913978493
ENSG00000003402,single_gene,0.16666666666666666,0.21212121212121213,0.702020202020202,0.558808242631772,0.8326780913978493
ENSG00000003402,single_gene,0.16666666666666666,0.3333333333333333,0.702020202020202,0.558808242631772,0.8326780913978493
ENSG00000003402,single_gene,0.2,0.3333333333333333,0.702020202020202,0.558808242631772,0.8326780913978493
ENSG00000003402,single_gene,0.2,0.5151515151515151,0.702020202020202,0.558808242631772,0.8326780913978493
ENSG00000003402,single_gene,0.3,0.5151515151515151,0.702020202020202,0.558808242631772,0.8326780913978493
ENSG00000003402,single_gene,0.3,0.696969696969697,0.702020202020202,0.558808242631772,0.8326780913978493
ENSG00000003402,single_gene,0.3333333333333333,0.696969696969697,0.702020202020202,0.558808242631772,0.8326780913978493
ENSG00000003402,single_gene,0.3333333333333333,0.8484848484848485,0.702020202020202,0.558808242631772,0.8326780913978493
ENSG00000003402,single_gene,0.6,0.8484848484848485,0.702020202020202,0.558808242631772,0.8326780913978493
ENSG00000003402,single_gene,0.6,0.8787878787878788,0.702020202020202,0.558808242631772,0.8326780913978493
ENSG00000003402,single_gene,0.8333333333333334,0.8787878787878788,0.702020202020202,0.558808242631772,0.8326780913978493
ENSG00000003402,single_gene,0.8333333333333334,0.9393939393939394,0.702020202020202,0.558808242631772,0.8326780913978493
ENSG00000003402,single_gene,0.9333333333333333,0.9393939393939394,0.702020202020202,0.558808242631772,0.8326780913978493
ENSG00000003402,single_gene,0.9333333333333333,0.9696969696969697,0.702020202020202,0.558808242631772,0.8326780913978493
ENSG00000003402,single_gene,1.0,0.9696969696969697,0.702020202020202,0.558808242631772,0.8326780913978493
ENSG00000003402,single_gene,1.0,1.0,0.702020202020202,0.558808242631772,0.8326780913978493
ENSG00000005700,single_gene,0.0,0.0,0.7434343434343434,0.6152964532587227,0.8515167464114832
ENSG00000005700,single_gene,0.0,0.030303030303030304,0.7434343434343434,0.6152964532587227,0.8515167464114832
ENSG00000005700,single_gene,0.0,0.21212121212121213,0.7434343434343434,0.6152964532587227,0.8515167464114832
ENSG00000005700,single_gene,0.03333333333333333,0.21212121212121213,0.7434343434343434,0.6152964532587227,0.8515167464114832
ENSG00000005700,single_gene,0.03333333333333333,0.2727272727272727,0.7434343434343434,0.6152964532587227,0.8515167464114832
ENSG00000005700,single_gene,0.1,0.2727272727272727,0.7434343434343434,0.6152964532587227,0.8515167464114832
ENSG00000005700,single_gene,0.1,0.3333333333333333,0.7434343434343434,0.6152964532587227,0.8515167464114832
ENSG00000005700,single_gene,0.13333333333333333,0.3333333333333333,0.7434343434343434,0.6152964532587227,0.8515167464114832
ENSG00000005700,single_gene,0.13333333333333333,0.42424242424242425,0.7434343434343434,0.6152964532587227,0.8515167464114832
ENSG00000005700,single_gene,0.16666666666666666,0.42424242424242425,0.7434343434343434,0.6152964532587227,0.8515167464114832
ENSG00000005700,single_gene,0.16666666666666666,0.45454545454545453,0.7434343434343434,0.6152964532587227,0.8515167464114832
ENSG00000005700,single_gene,0.2,0.45454545454545453,0.7434343434343434,0.6152964532587227,0.8515167464114832
ENSG00000005700,single_gene,0.2,0.5757575757575758,0.7434343434343434,0.6152964532587227,0.8515167464114832
ENSG00000005700,single_gene,0.36666666666666664,0.5757575757575758,0.7434343434343434,0.6152964532587227,0.8515167464114832
ENSG00000005700,single_gene,0.36666666666666664,0.6363636363636364,0.7434343434343434,0.6152964532587227,0.8515167464114832
ENSG00000005700,single_gene,0.4,0.6363636363636364,0.7434343434343434,0.6152964532587227,0.8515167464114832
ENSG00000005700,single_gene,0.4,0.6666666666666666,0.7434343434343434,0.6152964532587227,0.8515167464114832
ENSG00000005700,single_gene,0.43333333333333335,0.6666666666666666,0.7434343434343434,0.6152964532587227,0.8515167464114832
ENSG00000005700,single_gene,0.43333333333333335,0.8484848484848485,0.7434343434343434,0.6152964532587227,0.8515167464114832
ENSG00000005700,single_gene,0.5333333333333333,0.8484848484848485,0.7434343434343434,0.6152964532587227,0.8515167464114832
ENSG00000005700,single_gene,0.5333333333333333,0.8787878787878788,0.7434343434343434,0.6152964532587227,0.8515167464114832
ENSG00000005700,single_gene,0.6,0.8787878787878788,0.7434343434343434,0.6152964532587227,0.8515167464114832
ENSG00000005700,single_gene,0.6,0.9090909090909091,0.7434343434343434,0.6152964532587227,0.8515167464114832
ENSG00000005700,single_gene,0.6333333333333333,0.9090909090909091,0.7434343434343434,0.6152964532587227,0.8515167464114832
ENSG00000005700,single_gene,0.6333333333333333,0.9696969696969697,0.7434343434343434,0.6152964532587227,0.8515167464114832
ENSG00000005700,single_gene,0.7,0.9696969696969697,0.7434343434343434,0.6152964532587227,0.8515167464114832
ENSG00000005700,single_gene,0.7,1.0,0.7434343434343434,0.6152964532587227,0.8515167464114832
ENSG00000005700,single_gene,0.8333333333333334,1.0,0.7434343434343434,0.6152964532587227,0.8515167464114832
ENSG00000005700,single_gene,0.9,1.0,0.7434343434343434,0.6152964532587227,0.8515167464114832
ENSG00000005700,single_gene,1.0,1.0,0.7434343434343434,0.6152964532587227,0.8515167464114832
ENSG00000085719,single_gene,0.0,0.0,0.6626262626262627,0.5170889938984492,0.7931558962808962
ENSG00000085719,single_gene,0.0,0.030303030303030304,0.6626262626262627,0.5170889938984492,0.7931558962808962
ENSG00000085719,single_gene,0.0,0.15151515151515152,0.6626262626262627,0.5170889938984492,0.7931558962808962
ENSG00000085719,single_gene,0.03333333333333333,0.15151515151515152,0.6626262626262627,0.5170889938984492,0.7931558962808962
ENSG00000085719,single_gene,0.03333333333333333,0.42424242424242425,0.6626262626262627,0.5170889938984492,0.7931558962808962
ENSG00000085719,single_gene,0.06666666666666667,0.42424242424242425,0.6626262626262627,0.5170889938984492,0.7931558962808962
ENSG00000085719,single_gene,0.06666666666666667,0.48484848484848486,0.6626262626262627,0.5170889938984492,0.7931558962808962
ENSG00000085719,single_gene,0.23333333333333334,0.48484848484848486,0.6626262626262627,0.5170889938984492,0.7931558962808962
ENSG00000085719,single_gene,0.23333333333333334,0.5151515151515151,0.6626262626262627,0.5170889938984492,0.7931558962808962
ENSG00000085719,single_gene,0.3333333333333333,0.5151515151515151,0.6626262626262627,0.5170889938984492,0.7931558962808962
ENSG00000085719,single_gene,0.3333333333333333,0.5454545454545454,0.6626262626262627,0.5170889938984492,0.7931558962808962
ENSG00000085719,single_gene,0.36666666666666664,0.5454545454545454,0.6626262626262627,0.5170889938984492,0.7931558962808962
ENSG00000085719,single_gene,0.36666666666666664,0.6363636363636364,0.6626262626262627,0.5170889938984492,0.7931558962808962
ENSG00000085719,single_gene,0.43333333333333335,0.6363636363636364,0.6626262626262627,0.5170889938984492,0.7931558962808962
ENSG00000085719,single_gene,0.43333333333333335,0.6666666666666666,0.6626262626262627,0.5170889938984492,0.7931558962808962
ENSG00000085719,single_gene,0.4666666666666667,0.6666666666666666,0.6626262626262627,0.5170889938984492,0.7931558962808962
ENSG00000085719,single_gene,0.4666666666666667,0.696969696969697,0.6626262626262627,0.5170889938984492,0.7931558962808962
ENSG00000085719,single_gene,0.5,0.696969696969697,0.6626262626262627,0.5170889938984492,0.7931558962808962
ENSG00000085719,single_gene,0.5,0.7272727272727273,0.6626262626262627,0.5170889938984492,0.7931558962808962
ENSG00000085719,single_gene,0.6666666666666666,0.7272727272727273,0.6626262626262627,0.5170889938984492,0.7931558962808962
ENSG00000085719,single_gene,0.6666666666666666,0.7575757575757576,0.6626262626262627,0.5170889938984492,0.7931558962808962
ENSG00000085719,single_gene,0.7666666666666667,0.7575757575757576,0.6626262626262627,0.5170889938984492,0.7931558962808962
ENSG00000085719,single_gene,0.7666666666666667,0.8181818181818182,0.6626262626262627,0.5170889938984492,0.7931558962808962
ENSG00000085719,single_gene,0.8333333333333334,0.8181818181818182,0.6626262626262627,0.5170889938984492,0.7931558962808962
ENSG00000085719,single_gene,0.8333333333333334,0.8787878787878788,0.6626262626262627,0.5170889938984492,0.7931558962808962
ENSG00000085719,single_gene,0.8666666666666667,0.8787878787878788,0.6626262626262627,0.5170889938984492,0.7931558962808962
ENSG00000085719,single_gene,0.8666666666666667,0.9090909090909091,0.6626262626262627,0.5170889938984492,0.7931558962808962
ENSG00000085719,single_gene,0.9333333333333333,0.9090909090909091,0.6626262626262627,0.5170889938984492,0.7931558962808962
ENSG00000085719,single_gene,0.9333333333333333,0.9393939393939394,0.6626262626262627,0.5170889938984492,0.7931558962808962
ENSG00000085719,single_gene,0.9666666666666667,0.9393939393939394,0.6626262626262627,0.5170889938984492,0.7931558962808962
ENSG00000085719,single_gene,0.9666666666666667,0.9696969696969697,0.6626262626262627,0.5170889938984492,0.7931558962808962
ENSG00000085719,single_gene,1.0,0.9696969696969697,0.6626262626262627,0.5170889938984492,0.7931558962808962
ENSG00000085719,single_gene,1.0,1.0,0.6626262626262627,0.5170889938984492,0.7931558962808962
ENSG00000089280,single_gene,0.0,0.0,0.7191919191919192,0.5822923681257014,0.8477822580645161
ENSG00000089280,single_gene,0.0,0.030303030303030304,0.7191919191919192,0.5822923681257014,0.8477822580645161
ENSG00000089280,single_gene,0.0,0.09090909090909091,0.7191919191919192,0.5822923681257014,0.8477822580645161
ENSG00000089280,single_gene,0.03333333333333333,0.09090909090909091,0.7191919191919192,0.5822923681257014,0.8477822580645161
ENSG00000089280,single_gene,0.03333333333333333,0.12121212121212122,0.7191919191919192,0.5822923681257014,0.8477822580645161
ENSG00000089280,single_gene,0.06666666666666667,0.12121212121212122,0.7191919191919192,0.5822923681257014,0.8477822580645161
ENSG00000089280,single_gene,0.06666666666666667,0.21212121212121213,0.7191919191919192,0.5822923681257014,0.8477822580645161
ENSG00000089280,single_gene,0.16666666666666666,0.21212121212121213,0.7191919191919192,0.5822923681257014,0.8477822580645161
ENSG00000089280,single_gene,0.16666666666666666,0.5151515151515151,0.7191919191919192,0.5822923681257014,0.8477822580645161
ENSG00000089280,single_gene,0.2,0.5151515151515151,0.7191919191919192,0.5822923681257014,0.8477822580645161
ENSG00000089280,single_gene,0.2,0.5454545454545454,0.7191919191919192,0.5822923681257014,0.8477822580645161
ENSG00000089280,single_gene,0.26666666666666666,0.5454545454545454,0.7191919191919192,0.5822923681257014,0.8477822580645161
ENSG00000089280,single_gene,0.26666666666666666,0.6060606060606061,0.7191919191919192,0.5822923681257014,0.8477822580645161
ENSG00000089280,single_gene,0.3333333333333333,0.6060606060606061,0.7191919191919192,0.5822923681257014,0.8477822580645161
ENSG00000089280,single_gene,0.3333333333333333,0.6666666666666666,0.7191919191919192,0.5822923681257014,0.8477822580645161
ENSG00000089280,single_gene,0.36666666666666664,0.6666666666666666,0.7191919191919192,0.5822923681257014,0.8477822580645161
ENSG00000089280,single_gene,0.36666666666666664,0.7272727272727273,0.7191919191919192,0.5822923681257014,0.8477822580645161
ENSG00000089280,single_gene,0.4,0.7272727272727273,0.7191919191919192,0.5822923681257014,0.8477822580645161
ENSG00000089280,single_gene,0.4,0.7878787878787878,0.7191919191919192,0.5822923681257014,0.8477822580645161
ENSG00000089280,single_gene,0.43333333333333335,0.7878787878787878,0.7191919191919192,0.5822923681257014,0.8477822580645161
ENSG00000089280,single_gene,0.43333333333333335,0.8484848484848485,0.7191919191919192,0.5822923681257014,0.8477822580645161
ENSG00000089280,single_gene,0.4666666666666667,0.8484848484848485,0.7191919191919192,0.5822923681257014,0.8477822580645161
ENSG00000089280,single_gene,0.4666666666666667,0.8787878787878788,0.7191919191919192,0.5822923681257014,0.8477822580645161
ENSG00000089280,single_gene,0.7333333333333333,0.8787878787878788,0.7191919191919192,0.5822923681257014,0.8477822580645161
ENSG00000089280,single_gene,0.7333333333333333,0.9393939393939394,0.7191919191919192,0.5822923681257014,0.8477822580645161
ENSG00000089280,single_gene,0.7666666666666667,0.9393939393939394,0.7191919191919192,0.5822923681257014,0.8477822580645161
ENSG00000089280,single_gene,0.7666666666666667,0.9696969696969697,0.7191919191919192,0.5822923681257014,0.8477822580645161
ENSG00000089280,single_gene,0.8666666666666667,0.9696969696969697,0.7191919191919192,0.5822923681257014,0.8477822580645161
ENSG00000089280,single_gene,0.8666666666666667,1.0,0.7191919191919192,0.5822923681257014,0.8477822580645161
ENSG00000089280,single_gene,1.0,1.0,0.7191919191919192,0.5822923681257014,0.8477822580645161
ENSG00000100600,single_gene,0.0,0.0,0.6606060606060606,0.5101199196153557,0.8025181179163032
ENSG00000100600,single_gene,0.0,0.030303030303030304,0.6606060606060606,0.5101199196153557,0.8025181179163032
ENSG00000100600,single_gene,0.1,0.030303030303030304,0.6606060606060606,0.5101199196153557,0.8025181179163032
ENSG00000100600,single_gene,0.1,0.06060606060606061,0.6606060606060606,0.5101199196153557,0.8025181179163032
ENSG00000100600,single_gene,0.16666666666666666,0.06060606060606061,0.6606060606060606,0.5101199196153557,0.8025181179163032
ENSG00000100600,single_gene,0.16666666666666666,0.12121212121212122,0.6606060606060606,0.5101199196153557,0.8025181179163032
ENSG00000100600,single_gene,0.2,0.12121212121212122,0.6606060606060606,0.5101199196153557,0.8025181179163032
ENSG00000100600,single_gene,0.2,0.15151515151515152,0.6606060606060606,0.5101199196153557,0.8025181179163032
ENSG00000100600,single_gene,0.23333333333333334,0.15151515151515152,0.6606060606060606,0.5101199196153557,0.8025181179163032
ENSG00000100600,single_gene,0.23333333333333334,0.21212121212121213,0.6606060606060606,0.5101199196153557,0.8025181179163032
ENSG00000100600,single_gene,0.26666666666666666,0.21212121212121213,0.6606060606060606,0.5101199196153557,0.8025181179163032
ENSG00000100600,single_gene,0.26666666666666666,0.6060606060606061,0.6606060606060606,0.5101199196153557,0.8025181179163032
ENSG00000100600,single_gene,0.3,0.6060606060606061,0.6606060606060606,0.5101199196153557,0.8025181179163032
ENSG00000100600,single_gene,0.3,0.696969696969697,0.6606060606060606,0.5101199196153557,0.8025181179163032
ENSG00000100600,single_gene,0.3333333333333333,0.696969696969697,0.6606060606060606,0.5101199196153557,0.8025181179163032
ENSG00000100600,single_gene,0.3333333333333333,0.7575757575757576,0.6606060606060606,0.5101199196153557,0.8025181179163032
ENSG00000100600,single_gene,0.36666666666666664,0.7575757575757576,0.6606060606060606,0.5101199196153557,0.8025181179163032
ENSG00000100600,single_gene,0.36666666666666664,0.8181818181818182,0.6606060606060606,0.5101199196153557,0.8025181179163032
ENSG00000100600,single_gene,0.6,0.8181818181818182,0.6606060606060606,0.5101199196153557,0.8025181179163032
ENSG00000100600,single_gene,0.6,0.9090909090909091,0.6606060606060606,0.5101199196153557,0.8025181179163032
ENSG00000100600,single_gene,0.7333333333333333,0.9090909090909091,0.6606060606060606,0.5101199196153557,0.8025181179163032
ENSG00000100600,single_gene,0.7333333333333333,0.9393939393939394,0.6606060606060606,0.5101199196153557,0.8025181179163032
ENSG00000100600,single_gene,0.8333333333333334,0.9393939393939394,0.6606060606060606,0.5101199196153557,0.8025181179163032
ENSG00000100600,single_gene,0.8333333333333334,0.9696969696969697,0.6606060606060606,0.5101199196153557,0.8025181179163032
ENSG00000100600,single_gene,0.9666666666666667,0.9696969696969697,0.6606060606060606,0.5101199196153557,0.8025181179163032
ENSG00000100600,single_gene,0.9666666666666667,1.0,0.6606060606060606,0.5101199196153557,0.8025181179163032
ENSG00000100600,single_gene,1.0,1.0,0.6606060606060606,0.5101199196153557,0.8025181179163032
ENSG00000101040,single_gene,0.0,0.0,0.7434343434343434,0.6132760032760033,0.8530761572921851
ENSG00000101040,single_gene,0.0,0.030303030303030304,0.7434343434343434,0.6132760032760033,0.8530761572921851
ENSG00000101040,single_gene,0.0,0.3939393939393939,0.7434343434343434,0.6132760032760033,0.8530761572921851
ENSG00000101040,single_gene,0.03333333333333333,0.3939393939393939,0.7434343434343434,0.6132760032760033,0.8530761572921851
ENSG00000101040,single_gene,0.03333333333333333,0.42424242424242425,0.7434343434343434,0.6132760032760033,0.8530761572921851
ENSG00000101040,single_gene,0.06666666666666667,0.42424242424242425,0.7434343434343434,0.6132760032760033,0.8530761572921851
ENSG00000101040,single_gene,0.06666666666666667,0.5454545454545454,0.7434343434343434,0.6132760032760033,0.8530761572921851
ENSG00000101040,single_gene,0.16666666666666666,0.5454545454545454,0.7434343434343434,0.6132760032760033,0.8530761572921851
ENSG00000101040,single_gene,0.16666666666666666,0.5757575757575758,0.7434343434343434,0.6132760032760033,0.8530761572921851
ENSG00000101040,single_gene,0.26666666666666666,0.5757575757575758,0.7434343434343434,0.6132760032760033,0.8530761572921851
ENSG00000101040,single_gene,0.26666666666666666,0.6060606060606061,0.7434343434343434,0.6132760032760033,0.8530761572921851
ENSG00000101040,single_gene,0.3333333333333333,0.6060606060606061,0.7434343434343434,0.6132760032760033,0.8530761572921851
ENSG00000101040,single_gene,0.3333333333333333,0.6363636363636364,0.7434343434343434,0.6132760032760033,0.8530761572921851
ENSG00000101040,single_gene,0.4666666666666667,0.6363636363636364,0.7434343434343434,0.6132760032760033,0.8530761572921851
ENSG00000101040,single_gene,0.4666666666666667,0.7272727272727273,0.7434343434343434,0.6132760032760033,0.8530761572921851
ENSG00000101040,single_gene,0.5,0.7272727272727273,0.7434343434343434,0.6132760032760033,0.8530761572921851
ENSG00000101040,single_gene,0.5,0.7575757575757576,0.7434343434343434,0.6132760032760033,0.8530761572921851
ENSG00000101040,single_gene,0.6,0.7575757575757576,0.7434343434343434,0.6132760032760033,0.8530761572921851
ENSG00000101040,single_gene,0.6,0.8484848484848485,0.7434343434343434,0.6132760032760033,0.8530761572921851
ENSG00000101040,single_gene,0.7,0.8484848484848485,0.7434343434343434,0.6132760032760033,0.8530761572921851
ENSG00000101040,single_gene,0.7,0.9393939393939394,0.7434343434343434,0.6132760032760033,0.8530761572921851
ENSG00000101040,single_gene,0.7666666666666667,0.9393939393939394,0.7434343434343434,0.6132760032760033,0.8530761572921851
ENSG00000101040,single_gene,0.7666666666666667,0.9696969696969697,0.7434343434343434,0.6132760032760033,0.8530761572921851
ENSG00000101040,single_gene,0.8333333333333334,0.9696969696969697,0.7434343434343434,0.6132760032760033,0.8530761572921851
ENSG00000101040,single_gene,0.8333333333333334,1.0,0.7434343434343434,0.6132760032760033,0.8530761572921851
ENSG00000101040,single_gene,1.0,1.0,0.7434343434343434,0.6132760032760033,0.8530761572921851
ENSG00000104327,single_gene,0.0,0.0,0.709090909090909,0.5740700483091787,0.8395134164777021
ENSG00000104327,single_gene,0.03333333333333333,0.0,0.709090909090909,0.5740700483091787,0.8395134164777021
ENSG00000104327,single_gene,0.03333333333333333,0.24242424242424243,0.709090909090909,0.5740700483091787,0.8395134164777021
ENSG00000104327,single_gene,0.1,0.24242424242424243,0.709090909090909,0.5740700483091787,0.8395134164777021
ENSG00000104327,single_gene,0.1,0.3333333333333333,0.709090909090909,0.5740700483091787,0.8395134164777021
ENSG00000104327,single_gene,0.13333333333333333,0.3333333333333333,0.709090909090909,0.5740700483091787,0.8395134164777021
ENSG00000104327,single_gene,0.13333333333333333,0.45454545454545453,0.709090909090909,0.5740700483091787,0.8395134164777021
ENSG00000104327,single_gene,0.16666666666666666,0.45454545454545453,0.709090909090909,0.5740700483091787,0.8395134164777021
ENSG00000104327,single_gene,0.16666666666666666,0.5454545454545454,0.709090909090909,0.5740700483091787,0.8395134164777021
ENSG00000104327,single_gene,0.2,0.5454545454545454,0.709090909090909,0.5740700483091787,0.8395134164777021
ENSG00000104327,single_gene,0.2,0.5757575757575758,0.709090909090909,0.5740700483091787,0.8395134164777021
ENSG00000104327,single_gene,0.23333333333333334,0.5757575757575758,0.709090909090909,0.5740700483091787,0.8395134164777021
ENSG00000104327,single_gene,0.23333333333333334,0.6666666666666666,0.709090909090909,0.5740700483091787,0.8395134164777021
ENSG00000104327,single_gene,0.26666666666666666,0.6666666666666666,0.709090909090909,0.5740700483091787,0.8395134164777021
ENSG00000104327,single_gene,0.26666666666666666,0.7272727272727273,0.709090909090909,0.5740700483091787,0.8395134164777021
ENSG00000104327,single_gene,0.3333333333333333,0.7272727272727273,0.709090909090909,0.5740700483091787,0.8395134164777021
ENSG00000104327,single_gene,0.3333333333333333,0.7878787878787878,0.709090909090909,0.5740700483091787,0.8395134164777021
ENSG00000104327,single_gene,0.5333333333333333,0.7878787878787878,0.709090909090909,0.5740700483091787,0.8395134164777021
ENSG00000104327,single_gene,0.5333333333333333,0.8181818181818182,0.709090909090909,0.5740700483091787,0.8395134164777021
ENSG00000104327,single_gene,0.7333333333333333,0.8181818181818182,0.709090909090909,0.5740700483091787,0.8395134164777021
ENSG00000104327,single_gene,0.7333333333333333,0.8484848484848485,0.709090909090909,0.5740700483091787,0.8395134164777021
ENSG00000104327,single_gene,0.8,0.8484848484848485,0.709090909090909,0.5740700483091787,0.8395134164777021
ENSG00000104327,single_gene,0.8,0.8787878787878788,0.709090909090909,0.5740700483091787,0.8395134164777021
ENSG00000104327,single_gene,0.9,0.8787878787878788,0.709090909090909,0.5740700483091787,0.8395134164777021
ENSG00000104327,single_gene,0.9,0.9090909090909091,0.709090909090909,0.5740700483091787,0.8395134164777021
ENSG00000104327,single_gene,0.9333333333333333,0.9090909090909091,0.709090909090909,0.5740700483091787,0.8395134164777021
ENSG00000104327,single_gene,0.9333333333333333,0.9393939393939394,0.709090909090909,0.5740700483091787,0.8395134164777021
ENSG00000104327,single_gene,1.0,0.9393939393939394,0.709090909090909,0.5740700483091787,0.8395134164777021
ENSG00000104327,single_gene,1.0,1.0,0.709090909090909,0.5740700483091787,0.8395134164777021
ENSG00000110693,single_gene,0.0,0.0,0.7343434343434344,0.607049786628734,0.8551133786848072
ENSG00000110693,single_gene,0.0,0.030303030303030304,0.7343434343434344,0.607049786628734,0.8551133786848072
ENSG00000110693,single_gene,0.0,0.18181818181818182,0.7343434343434344,0.607049786628734,0.8551133786848072
ENSG00000110693,single_gene,0.03333333333333333,0.18181818181818182,0.7343434343434344,0.607049786628734,0.8551133786848072
ENSG00000110693,single_gene,0.03333333333333333,0.2727272727272727,0.7343434343434344,0.607049786628734,0.8551133786848072
ENSG00000110693,single_gene,0.13333333333333333,0.2727272727272727,0.7343434343434344,0.607049786628734,0.8551133786848072
ENSG00000110693,single_gene,0.13333333333333333,0.36363636363636365,0.7343434343434344,0.607049786628734,0.8551133786848072
ENSG00000110693,single_gene,0.16666666666666666,0.36363636363636365,0.7343434343434344,0.607049786628734,0.8551133786848072
ENSG00000110693,single_gene,0.16666666666666666,0.5454545454545454,0.7343434343434344,0.607049786628734,0.8551133786848072
ENSG00000110693,single_gene,0.2,0.5454545454545454,0.7343434343434344,0.607049786628734,0.8551133786848072
ENSG00000110693,single_gene,0.2,0.6060606060606061,0.7343434343434344,0.607049786628734,0.8551133786848072
ENSG00000110693,single_gene,0.26666666666666666,0.6060606060606061,0.7343434343434344,0.607049786628734,0.8551133786848072
ENSG00000110693,single_gene,0.26666666666666666,0.6363636363636364,0.7343434343434344,0.607049786628734,0.8551133786848072
ENSG00000110693,single_gene,0.3,0.6363636363636364,0.7343434343434344,0.607049786628734,0.8551133786848072
ENSG00000110693,single_gene,0.3,0.696969696969697,0.7343434343434344,0.607049786628734,0.8551133786848072
ENSG00000110693,single_gene,0.3333333333333333,0.696969696969697,0.7343434343434344,0.607049786628734,0.8551133786848072
ENSG00000110693,single_gene,0.3333333333333333,0.7575757575757576,0.7343434343434344,0.607049786628734,0.8551133786848072
ENSG00000110693,single_gene,0.43333333333333335,0.7575757575757576,0.7343434343434344,0.607049786628734,0.8551133786848072
ENSG00000110693,single_gene,0.43333333333333335,0.8181818181818182,0.7343434343434344,0.607049786628734,0.8551133786848072
ENSG00000110693,single_gene,0.4666666666666667,0.8181818181818182,0.7343434343434344,0.607049786628734,0.8551133786848072
ENSG00000110693,single_gene,0.4666666666666667,0.8484848484848485,0.7343434343434344,0.607049786628734,0.8551133786848072
ENSG00000110693,single_gene,0.6666666666666666,0.8484848484848485,0.7343434343434344,0.607049786628734,0.8551133786848072
ENSG00000110693,single_gene,0.6666666666666666,0.9090909090909091,0.7343434343434344,0.607049786628734,0.8551133786848072
ENSG00000110693,single_gene,0.7333333333333333,0.9090909090909091,0.7343434343434344,0.607049786628734,0.8551133786848072
ENSG00000110693,single_gene,0.7333333333333333,0.9393939393939394,0.7343434343434344,0.607049786628734,0.8551133786848072
ENSG00000110693,single_gene,0.9666666666666667,0.9393939393939394,0.7343434343434344,0.607049786628734,0.8551133786848072
ENSG00000110693,single_gene,0.9666666666666667,1.0,0.7343434343434344,0.607049786628734,0.8551133786848072
ENSG00000110693,single_gene,1.0,1.0,0.7343434343434344,0.607049786628734,0.8551133786848072
ENSG00000114302,single_gene,0.0,0.0,0.6742424242424243,0.5277511760752688,0.8073038859827053
ENSG00000114302,single_gene,0.0,0.030303030303030304,0.6742424242424243,0.5277511760752688,0.8073038859827053
ENSG00000114302,single_gene,0.03333333333333333,0.030303030303030304,0.6742424242424243,0.5277511760752688,0.8073038859827053
ENSG00000114302,single_gene,0.03333333333333333,0.06060606060606061,0.6742424242424243,0.5277511760752688,0.8073038859827053
ENSG00000114302,single_gene,0.06666666666666667,0.06060606060606061,0.6742424242424243,0.5277511760752688,0.8073038859827053
ENSG00000114302,single_gene,0.06666666666666667,0.12121212121212122,0.6742424242424243,0.5277511760752688,0.8073038859827053
ENSG00000114302,single_gene,0.1,0.15151515151515152,0.6742424242424243,0.5277511760752688,0.8073038859827053
ENSG00000114302,single_gene,0.1,0.21212121212121213,0.6742424242424243,0.5277511760752688,0.8073038859827053
ENSG00000114302,single_gene,0.13333333333333333,0.21212121212121213,0.6742424242424243,0.5277511760752688,0.8073038859827053
ENSG00000114302,single_gene,0.13333333333333333,0.24242424242424243,0.6742424242424243,0.5277511760752688,0.8073038859827053
ENSG00000114302,single_gene,0.23333333333333334,0.24242424242424243,0.6742424242424243,0.5277511760752688,0.8073038859827053
ENSG00000114302,single_gene,0.23333333333333334,0.2727272727272727,0.6742424242424243,0.5277511760752688,0.8073038859827053
ENSG00000114302,single_gene,0.26666666666666666,0.2727272727272727,0.6742424242424243,0.5277511760752688,0.8073038859827053
ENSG00000114302,single_gene,0.26666666666666666,0.36363636363636365,0.6742424242424243,0.5277511760752688,0.8073038859827053
ENSG00000114302,single_gene,0.36666666666666664,0.36363636363636365,0.6742424242424243,0.5277511760752688,0.8073038859827053
ENSG00000114302,single_gene,0.36666666666666664,0.6666666666666666,0.6742424242424243,0.5277511760752688,0.8073038859827053
ENSG00000114302,single_gene,0.4,0.6666666666666666,0.6742424242424243,0.5277511760752688,0.8073038859827053
ENSG00000114302,single_gene,0.4,0.7272727272727273,0.6742424242424243,0.5277511760752688,0.8073038859827053
ENSG00000114302,single_gene,0.43333333333333335,0.7272727272727273,0.6742424242424243,0.5277511760752688,0.8073038859827053
ENSG00000114302,single_gene,0.43333333333333335,0.7878787878787878,0.6742424242424243,0.5277511760752688,0.8073038859827053
ENSG00000114302,single_gene,0.4666666666666667,0.7878787878787878,0.6742424242424243,0.5277511760752688,0.8073038859827053
ENSG00000114302,single_gene,0.4666666666666667,0.8181818181818182,0.6742424242424243,0.5277511760752688,0.8073038859827053
ENSG00000114302,single_gene,0.5,0.8181818181818182,0.6742424242424243,0.5277511760752688,0.8073038859827053
ENSG00000114302,single_gene,0.5,0.8787878787878788,0.6742424242424243,0.5277511760752688,0.8073038859827053
ENSG00000114302,single_gene,0.5666666666666667,0.8787878787878788,0.6742424242424243,0.5277511760752688,0.8073038859827053
ENSG00000114302,single_gene,0.5666666666666667,0.9393939393939394,0.6742424242424243,0.5277511760752688,0.8073038859827053
ENSG00000114302,single_gene,0.6,0.9393939393939394,0.6742424242424243,0.5277511760752688,0.8073038859827053
ENSG00000114302,single_gene,0.6,1.0,0.6742424242424243,0.5277511760752688,0.8073038859827053
ENSG00000114302,single_gene,1.0,1.0,0.6742424242424243,0.5277511760752688,0.8073038859827053
ENSG00000119866,single_gene,0.0,0.0,0.7414141414141414,0.61288676761027,0.8592050958314359
ENSG00000119866,single_gene,0.03333333333333333,0.0,0.7414141414141414,0.61288676761027,0.8592050958314359
ENSG00000119866,single_gene,0.03333333333333333,0.09090909090909091,0.7414141414141414,0.61288676761027,0.8592050958314359
ENSG00000119866,single_gene,0.06666666666666667,0.09090909090909091,0.7414141414141414,0.61288676761027,0.8592050958314359
ENSG00000119866,single_gene,0.06666666666666667,0.3939393939393939,0.7414141414141414,0.61288676761027,0.8592050958314359
ENSG00000119866,single_gene,0.1,0.3939393939393939,0.7414141414141414,0.61288676761027,0.8592050958314359
ENSG00000119866,single_gene,0.1,0.42424242424242425,0.7414141414141414,0.61288676761027,0.8592050958314359
ENSG00000119866,single_gene,0.13333333333333333,0.42424242424242425,0.7414141414141414,0.61288676761027,0.8592050958314359
ENSG00000119866,single_gene,0.13333333333333333,0.48484848484848486,0.7414141414141414,0.61288676761027,0.8592050958314359
ENSG00000119866,single_gene,0.16666666666666666,0.48484848484848486,0.7414141414141414,0.61288676761027,0.8592050958314359
ENSG00000119866,single_gene,0.16666666666666666,0.5151515151515151,0.7414141414141414,0.61288676761027,0.8592050958314359
ENSG00000119866,single_gene,0.2,0.5151515151515151,0.7414141414141414,0.61288676761027,0.8592050958314359
ENSG00000119866,single_gene,0.2,0.6060606060606061,0.7414141414141414,0.61288676761027,0.8592050958314359
ENSG00000119866,single_gene,0.23333333333333334,0.6060606060606061,0.7414141414141414,0.61288676761027,0.8592050958314359
ENSG00000119866,single_gene,0.23333333333333334,0.6363636363636364,0.7414141414141414,0.61288676761027,0.8592050958314359
ENSG00000119866,single_gene,0.26666666666666666,0.6363636363636364,0.7414141414141414,0.61288676761027,0.8592050958314359
ENSG00000119866,single_gene,0.26666666666666666,0.6666666666666666,0.7414141414141414,0.61288676761027,0.8592050958314359
ENSG00000119866,single_gene,0.3,0.6666666666666666,0.7414141414141414,0.61288676761027,0.8592050958314359
ENSG00000119866,single_gene,0.3,0.7272727272727273,0.7414141414141414,0.61288676761027,0.8592050958314359
ENSG00000119866,single_gene,0.3333333333333333,0.7272727272727273,0.7414141414141414,0.61288676761027,0.8592050958314359
ENSG00000119866,single_gene,0.3333333333333333,0.7575757575757576,0.7414141414141414,0.61288676761027,0.8592050958314359
ENSG00000119866,single_gene,0.5,0.7575757575757576,0.7414141414141414,0.61288676761027,0.8592050958314359
ENSG00000119866,single_gene,0.5,0.7878787878787878,0.7414141414141414,0.61288676761027,0.8592050958314359
ENSG00000119866,single_gene,0.5666666666666667,0.7878787878787878,0.7414141414141414,0.61288676761027,0.8592050958314359
ENSG00000119866,single_gene,0.5666666666666667,0.8787878787878788,0.7414141414141414,0.61288676761027,0.8592050958314359
ENSG00000119866,single_gene,0.6,0.8787878787878788,0.7414141414141414,0.61288676761027,0.8592050958314359
ENSG00000119866,single_gene,0.6,0.9393939393939394,0.7414141414141414,0.61288676761027,0.8592050958314359
ENSG00000119866,single_gene,0.8333333333333334,0.9393939393939394,0.7414141414141414,0.61288676761027,0.8592050958314359
ENSG00000119866,single_gene,0.8333333333333334,0.9696969696969697,0.7414141414141414,0.61288676761027,0.8592050958314359
ENSG00000119866,single_gene,0.9666666666666667,0.9696969696969697,0.7414141414141414,0.61288676761027,0.8592050958314359
ENSG00000119866,single_gene,0.9666666666666667,1.0,0.7414141414141414,0.61288676761027,0.8592050958314359
ENSG00000119866,single_gene,1.0,1.0,0.7414141414141414,0.61288676761027,0.8592050958314359
ENSG00000132002,single_gene,0.0,0.0,0.696969696969697,0.5537461706692042,0.8246471774193546
ENSG00000132002,single_gene,0.0,0.030303030303030304,0.696969696969697,0.5537461706692042,0.8246471774193546
ENSG00000132002,single_gene,0.0,0.36363636363636365,0.696969696969697,0.5537461706692042,0.8246471774193546
ENSG00000132002,single_gene,0.03333333333333333,0.36363636363636365,0.696969696969697,0.5537461706692042,0.8246471774193546
ENSG00000132002,single_gene,0.03333333333333333,0.45454545454545453,0.696969696969697,0.5537461706692042,0.8246471774193546
ENSG00000132002,single_gene,0.06666666666666667,0.45454545454545453,0.696969696969697,0.5537461706692042,0.8246471774193546
ENSG00000132002,single_gene,0.06666666666666667,0.48484848484848486,0.696969696969697,0.5537461706692042,0.8246471774193546
ENSG00000132002,single_gene,0.2,0.48484848484848486,0.696969696969697,0.5537461706692042,0.8246471774193546
ENSG00000132002,single_gene,0.2,0.5151515151515151,0.696969696969697,0.5537461706692042,0.8246471774193546
ENSG00000132002,single_gene,0.23333333333333334,0.5151515151515151,0.696969696969697,0.5537461706692042,0.8246471774193546
ENSG00000132002,single_gene,0.23333333333333334,0.5757575757575758,0.696969696969697,0.5537461706692042,0.8246471774193546
ENSG00000132002,single_gene,0.26666666666666666,0.5757575757575758,0.696969696969697,0.5537461706692042,0.8246471774193546
ENSG00000132002,single_gene,0.26666666666666666,0.6060606060606061,0.696969696969697,0.5537461706692042,0.8246471774193546
ENSG00000132002,single_gene,0.36666666666666664,0.6060606060606061,0.696969696969697,0.5537461706692042,0.8246471774193546
ENSG00000132002,single_gene,0.36666666666666664,0.6363636363636364,0.696969696969697,0.5537461706692042,0.8246471774193546
ENSG00000132002,single_gene,0.4,0.6363636363636364,0.696969696969697,0.5537461706692042,0.8246471774193546
ENSG00000132002,single_gene,0.4,0.6666666666666666,0.696969696969697,0.5537461706692042,0.8246471774193546
ENSG00000132002,single_gene,0.5,0.6666666666666666,0.696969696969697,0.5537461706692042,0.8246471774193546
ENSG00000132002,single_gene,0.5,0.7272727272727273,0.696969696969697,0.5537461706692042,0.8246471774193546
ENSG00000132002,single_gene,0.5333333333333333,0.7272727272727273,0.696969696969697,0.5537461706692042,0.8246471774193546
ENSG00000132002,single_gene,0.5333333333333333,0.7575757575757576,0.696969696969697,0.5537461706692042,0.8246471774193546
ENSG00000132002,single_gene,0.5666666666666667,0.7575757575757576,0.696969696969697,0.5537461706692042,0.8246471774193546
ENSG00000132002,single_gene,0.5666666666666667,0.7878787878787878,0.696969696969697,0.5537461706692042,0.8246471774193546
ENSG00000132002,single_gene,0.7,0.7878787878787878,0.696969696969697,0.5537461706692042,0.8246471774193546
ENSG00000132002,single_gene,0.7,0.8181818181818182,0.696969696969697,0.5537461706692042,0.8246471774193546
ENSG00000132002,single_gene,0.8333333333333334,0.8181818181818182,0.696969696969697,0.5537461706692042,0.8246471774193546
ENSG00000132002,single_gene,0.8333333333333334,0.8787878787878788,0.696969696969697,0.5537461706692042,0.8246471774193546
ENSG00000132002,single_gene,0.8666666666666667,0.8787878787878788,0.696969696969697,0.5537461706692042,0.8246471774193546
ENSG00000132002,single_gene,0.8666666666666667,0.9393939393939394,0.696969696969697,0.5537461706692042,0.8246471774193546
ENSG00000132002,single_gene,0.9333333333333333,0.9393939393939394,0.696969696969697,0.5537461706692042,0.8246471774193546
ENSG00000132002,single_gene,0.9333333333333333,0.9696969696969697,0.696969696969697,0.5537461706692042,0.8246471774193546
ENSG00000132002,single_gene,1.0,0.9696969696969697,0.696969696969697,0.5537461706692042,0.8246471774193546
ENSG00000132002,single_gene,1.0,1.0,0.696969696969697,0.5537461706692042,0.8246471774193546
ENSG00000135298,single_gene,0.0,0.0,0.693939393939394,0.5519687791239515,0.8296151667702676
ENSG00000135298,single_gene,0.03333333333333333,0.0,0.693939393939394,0.5519687791239515,0.8296151667702676
ENSG00000135298,single_gene,0.03333333333333333,0.030303030303030304,0.693939393939394,0.5519687791239515,0.8296151667702676
ENSG00000135298,single_gene,0.1,0.030303030303030304,0.693939393939394,0.5519687791239515,0.8296151667702676
ENSG00000135298,single_gene,0.1,0.18181818181818182,0.693939393939394,0.5519687791239515,0.8296151667702676
ENSG00000135298,single_gene,0.16666666666666666,0.18181818181818182,0.693939393939394,0.5519687791239515,0.8296151667702676
ENSG00000135298,single_gene,0.16666666666666666,0.30303030303030304,0.693939393939394,0.5519687791239515,0.8296151667702676
ENSG00000135298,single_gene,0.2,0.30303030303030304,0.693939393939394,0.5519687791239515,0.8296151667702676
ENSG00000135298,single_gene,0.2,0.42424242424242425,0.693939393939394,0.5519687791239515,0.8296151667702676
ENSG00000135298,single_gene,0.23333333333333334,0.42424242424242425,0.693939393939394,0.5519687791239515,0.8296151667702676
ENSG00000135298,single_gene,0.23333333333333334,0.5151515151515151,0.693939393939394,0.5519687791239515,0.8296151667702676
ENSG00000135298,single_gene,0.26666666666666666,0.5151515151515151,0.693939393939394,0.5519687791239515,0.8296151667702676
ENSG00000135298,single_gene,0.26666666666666666,0.5757575757575758,0.693939393939394,0.5519687791239515,0.8296151667702676
ENSG00000135298,single_gene,0.3,0.5757575757575758,0.693939393939394,0.5519687791239515,0.8296151667702676
ENSG00000135298,single_gene,0.3,0.6060606060606061,0.693939393939394,0.5519687791239515,0.8296151667702676
ENSG00000135298,single_gene,0.36666666666666664,0.6060606060606061,0.693939393939394,0.5519687791239515,0.8296151667702676
ENSG00000135298,single_gene,0.36666666666666664,0.7272727272727273,0.693939393939394,0.5519687791239515,0.8296151667702676
ENSG00000135298,single_gene,0.43333333333333335,0.7272727272727273,0.693939393939394,0.5519687791239515,0.8296151667702676
ENSG00000135298,single_gene,0.43333333333333335,0.8484848484848485,0.693939393939394,0.5519687791239515,0.8296151667702676
ENSG00000135298,single_gene,0.4666666666666667,0.8484848484848485,0.693939393939394,0.5519687791239515,0.8296151667702676
ENSG00000135298,single_gene,0.4666666666666667,0.9090909090909091,0.693939393939394,0.5519687791239515,0.8296151667702676
ENSG00000135298,single_gene,0.6666666666666666,0.9090909090909091,0.693939393939394,0.5519687791239515,0.8296151667702676
ENSG00000135298,single_gene,0.6666666666666666,0.9393939393939394,0.693939393939394,0.5519687791239515,0.8296151667702676
ENSG00000135298,single_gene,0.8666666666666667,0.9393939393939394,0.693939393939394,0.5519687791239515,0.8296151667702676
ENSG00000135298,single_gene,0.8666666666666667,0.9696969696969697,0.693939393939394,0.5519687791239515,0.8296151667702676
ENSG00000135298,single_gene,0.9,0.9696969696969697,0.693939393939394,0.5519687791239515,0.8296151667702676
ENSG00000135298,single_gene,0.9,1.0,0.693939393939394,0.5519687791239515,0.8296151667702676
ENSG00000135298,single_gene,1.0,1.0,0.693939393939394,0.5519687791239515,0.8296151667702676
ENSG00000136040,single_gene,0.0,0.0,0.7797979797979798,0.6543188097371565,0.8930274971941637
ENSG00000136040,single_gene,0.03333333333333333,0.0,0.7797979797979798,0.6543188097371565,0.8930274971941637
ENSG00000136040,single_gene,0.06666666666666667,0.0,0.7797979797979798,0.6543188097371565,0.8930274971941637
ENSG00000136040,single_gene,0.06666666666666667,0.45454545454545453,0.7797979797979798,0.6543188097371565,0.8930274971941637
ENSG00000136040,single_gene,0.1,0.45454545454545453,0.7797979797979798,0.6543188097371565,0.8930274971941637
ENSG00000136040,single_gene,0.1,0.5454545454545454,0.7797979797979798,0.6543188097371565,0.8930274971941637
ENSG00000136040,single_gene,0.13333333333333333,0.5454545454545454,0.7797979797979798,0.6543188097371565,0.8930274971941637
ENSG00000136040,single_gene,0.13333333333333333,0.6060606060606061,0.7797979797979798,0.6543188097371565,0.8930274971941637
ENSG00000136040,single_gene,0.2,0.6060606060606061,0.7797979797979798,0.6543188097371565,0.8930274971941637
ENSG00000136040,single_gene,0.2,0.6363636363636364,0.7797979797979798,0.6543188097371565,0.8930274971941637
ENSG00000136040,single_gene,0.23333333333333334,0.6363636363636364,0.7797979797979798,0.6543188097371565,0.8930274971941637
ENSG00000136040,single_gene,0.23333333333333334,0.696969696969697,0.7797979797979798,0.6543188097371565,0.8930274971941637
ENSG00000136040,single_gene,0.26666666666666666,0.696969696969697,0.7797979797979798,0.6543188097371565,0.8930274971941637
ENSG00000136040,single_gene,0.26666666666666666,0.7575757575757576,0.7797979797979798,0.6543188097371565,0.8930274971941637
ENSG00000136040,single_gene,0.3,0.7575757575757576,0.7797979797979798,0.6543188097371565,0.8930274971941637
ENSG00000136040,single_gene,0.3,0.8484848484848485,0.7797979797979798,0.6543188097371565,0.8930274971941637
ENSG00000136040,single_gene,0.36666666666666664,0.8484848484848485,0.7797979797979798,0.6543188097371565,0.8930274971941637
ENSG00000136040,single_gene,0.36666666666666664,0.8787878787878788,0.7797979797979798,0.6543188097371565,0.8930274971941637
ENSG00000136040,single_gene,0.6333333333333333,0.8787878787878788,0.7797979797979798,0.6543188097371565,0.8930274971941637
ENSG00000136040,single_gene,0.6333333333333333,0.9090909090909091,0.7797979797979798,0.6543188097371565,0.8930274971941637
ENSG00000136040,single_gene,0.8333333333333334,0.9090909090909091,0.7797979797979798,0.6543188097371565,0.8930274971941637
ENSG00000136040,single_gene,0.8333333333333334,0.9393939393939394,0.7797979797979798,0.6543188097371565,0.8930274971941637
ENSG00000136040,single_gene,0.8666666666666667,0.9393939393939394,0.7797979797979798,0.6543188097371565,0.8930274971941637
ENSG00000136040,single_gene,0.8666666666666667,0.9696969696969697,0.7797979797979798,0.6543188097371565,0.8930274971941637
ENSG00000136040,single_gene,0.9,0.9696969696969697,0.7797979797979798,0.6543188097371565,0.8930274971941637
ENSG00000136040,single_gene,0.9,1.0,0.7797979797979798,0.6543188097371565,0.8930274971941637
ENSG00000136040,single_gene,1.0,1.0,0.7797979797979798,0.6543188097371565,0.8930274971941637
ENSG00000136235,single_gene,0.0,0.0,0.7676767676767677,0.6383805833805832,0.8768421052631579
ENSG00000136235,single_gene,0.0,0.030303030303030304,0.7676767676767677,0.6383805833805832,0.8768421052631579
ENSG00000136235,single_gene,0.0,0.36363636363636365,0.7676767676767677,0.6383805833805832,0.8768421052631579
ENSG00000136235,single_gene,0.03333333333333333,0.36363636363636365,0.7676767676767677,0.6383805833805832,0.8768421052631579
ENSG00000136235,single_gene,0.03333333333333333,0.42424242424242425,0.7676767676767677,0.6383805833805832,0.8768421052631579
ENSG00000136235,single_gene,0.06666666666666667,0.42424242424242425,0.7676767676767677,0.6383805833805832,0.8768421052631579
ENSG00000136235,single_gene,0.06666666666666667,0.48484848484848486,0.7676767676767677,0.6383805833805832,0.8768421052631579
ENSG00000136235,single_gene,0.1,0.48484848484848486,0.7676767676767677,0.6383805833805832,0.8768421052631579
ENSG00000136235,single_gene,0.1,0.5757575757575758,0.7676767676767677,0.6383805833805832,0.8768421052631579
ENSG00000136235,single_gene,0.13333333333333333,0.5757575757575758,0.7676767676767677,0.6383805833805832,0.8768421052631579
ENSG00000136235,single_gene,0.13333333333333333,0.6060606060606061,0.7676767676767677,0.6383805833805832,0.8768421052631579
ENSG00000136235,single_gene,0.16666666666666666,0.6060606060606061,0.7676767676767677,0.6383805833805832,0.8768421052631579
ENSG00000136235,single_gene,0.16666666666666666,0.6363636363636364,0.7676767676767677,0.6383805833805832,0.8768421052631579
ENSG00000136235,single_gene,0.2,0.6363636363636364,0.7676767676767677,0.6383805833805832,0.8768421052631579
ENSG00000136235,single_gene,0.2,0.6666666666666666,0.7676767676767677,0.6383805833805832,0.8768421052631579
ENSG00000136235,single_gene,0.26666666666666666,0.6666666666666666,0.7676767676767677,0.6383805833805832,0.8768421052631579
ENSG00000136235,single_gene,0.26666666666666666,0.696969696969697,0.7676767676767677,0.6383805833805832,0.8768421052631579
ENSG00000136235,single_gene,0.4,0.696969696969697,0.7676767676767677,0.6383805833805832,0.8768421052631579
ENSG00000136235,single_gene,0.4,0.7272727272727273,0.7676767676767677,0.6383805833805832,0.8768421052631579
ENSG00000136235,single_gene,0.4666666666666667,0.7272727272727273,0.7676767676767677,0.6383805833805832,0.8768421052631579
ENSG00000136235,single_gene,0.4666666666666667,0.7575757575757576,0.7676767676767677,0.6383805833805832,0.8768421052631579
ENSG00000136235,single_gene,0.5,0.7575757575757576,0.7676767676767677,0.6383805833805832,0.8768421052631579
ENSG00000136235,single_gene,0.5,0.7878787878787878,0.7676767676767677,0.6383805833805832,0.8768421052631579
ENSG00000136235,single_gene,0.5666666666666667,0.7878787878787878,0.7676767676767677,0.6383805833805832,0.8768421052631579
ENSG00000136235,single_gene,0.5666666666666667,0.8484848484848485,0.7676767676767677,0.6383805833805832,0.8768421052631579
ENSG00000136235,single_gene,0.6333333333333333,0.8484848484848485,0.7676767676767677,0.6383805833805832,0.8768421052631579
ENSG00000136235,single_gene,0.6333333333333333,0.9090909090909091,0.7676767676767677,0.6383805833805832,0.8768421052631579
ENSG00000136235,single_gene,0.7,0.9090909090909091,0.7676767676767677,0.6383805833805832,0.8768421052631579
ENSG00000136235,single_gene,0.7,0.9393939393939394,0.7676767676767677,0.6383805833805832,0.8768421052631579
ENSG00000136235,single_gene,0.9666666666666667,0.9393939393939394,0.7676767676767677,0.6383805833805832,0.8768421052631579
ENSG00000136235,single_gene,0.9666666666666667,1.0,0.7676767676767677,0.6383805833805832,0.8768421052631579
ENSG00000136235,single_gene,1.0,1.0,0.7676767676767677,0.6383805833805832,0.8768421052631579
ENSG00000139874,single_gene,0.0,0.0,0.7535353535353535,0.6315928447992101,0.8651319583033434
ENSG00000139874,single_gene,0.0,0.030303030303030304,0.7535353535353535,0.6315928447992101,0.8651319583033434
ENSG00000139874,single_gene,0.0,0.21212121212121213,0.7535353535353535,0.6315928447992101,0.8651319583033434
ENSG00000139874,single_gene,0.06666666666666667,0.21212121212121213,0.7535353535353535,0.6315928447992101,0.8651319583033434
ENSG00000139874,single_gene,0.06666666666666667,0.24242424242424243,0.7535353535353535,0.6315928447992101,0.8651319583033434
ENSG00000139874,single_gene,0.1,0.24242424242424243,0.7535353535353535,0.6315928447992101,0.8651319583033434
ENSG00000139874,single_gene,0.1,0.2727272727272727,0.7535353535353535,0.6315928447992101,0.8651319583033434
ENSG00000139874,single_gene,0.13333333333333333,0.2727272727272727,0.7535353535353535,0.6315928447992101,0.8651319583033434
ENSG00000139874,single_gene,0.13333333333333333,0.42424242424242425,0.7535353535353535,0.6315928447992101,0.8651319583033434
ENSG00000139874,single_gene,0.16666666666666666,0.42424242424242425,0.7535353535353535,0.6315928447992101,0.8651319583033434
ENSG00000139874,single_gene,0.16666666666666666,0.5151515151515151,0.7535353535353535,0.6315928447992101,0.8651319583033434
ENSG00000139874,single_gene,0.2,0.5151515151515151,0.7535353535353535,0.6315928447992101,0.8651319583033434
ENSG00000139874,single_gene,0.2,0.5757575757575758,0.7535353535353535,0.6315928447992101,0.8651319583033434
ENSG00000139874,single_gene,0.26666666666666666,0.5757575757575758,0.7535353535353535,0.6315928447992101,0.8651319583033434
ENSG00000139874,single_gene,0.26666666666666666,0.696969696969697,0.7535353535353535,0.6315928447992101,0.8651319583033434
ENSG00000139874,single_gene,0.3,0.696969696969697,0.7535353535353535,0.6315928447992101,0.8651319583033434
ENSG00000139874,single_gene,0.3,0.7575757575757576,0.7535353535353535,0.6315928447992101,0.8651319583033434
ENSG00000139874,single_gene,0.4666666666666667,0.7575757575757576,0.7535353535353535,0.6315928447992101,0.8651319583033434
ENSG00000139874,single_gene,0.4666666666666667,0.7878787878787878,0.7535353535353535,0.6315928447992101,0.8651319583033434
ENSG00000139874,single_gene,0.5,0.7878787878787878,0.7535353535353535,0.6315928447992101,0.8651319583033434
ENSG00000139874,single_gene,0.5,0.8484848484848485,0.7535353535353535,0.6315928447992101,0.8651319583033434
ENSG00000139874,single_gene,0.5666666666666667,0.8484848484848485,0.7535353535353535,0.6315928447992101,0.8651319583033434
ENSG00000139874,single_gene,0.5666666666666667,0.9090909090909091,0.7535353535353535,0.6315928447992101,0.8651319583033434
ENSG00000139874,single_gene,0.6333333333333333,0.9090909090909091,0.7535353535353535,0.6315928447992101,0.8651319583033434
ENSG00000139874,single_gene,0.6333333333333333,0.9696969696969697,0.7535353535353535,0.6315928447992101,0.8651319583033434
ENSG00000139874,single_gene,0.8666666666666667,0.9696969696969697,0.7535353535353535,0.6315928447992101,0.8651319583033434
ENSG00000139874,single_gene,0.8666666666666667,1.0,0.7535353535353535,0.6315928447992101,0.8651319583033434
ENSG00000139874,single_gene,1.0,1.0,0.7535353535353535,0.6315928447992101,0.8651319583033434
ENSG00000140600,single_gene,0.0,0.0,0.6868686868686869,0.5434321542033235,0.819772227007369
ENSG00000140600,single_gene,0.03333333333333333,0.0,0.6868686868686869,0.5434321542033235,0.819772227007369
ENSG00000140600,single_gene,0.03333333333333333,0.030303030303030304,0.6868686868686869,0.5434321542033235,0.819772227007369
ENSG00000140600,single_gene,0.06666666666666667,0.030303030303030304,0.6868686868686869,0.5434321542033235,0.819772227007369
ENSG00000140600,single_gene,0.06666666666666667,0.06060606060606061,0.6868686868686869,0.5434321542033235,0.819772227007369
ENSG00000140600,single_gene,0.1,0.06060606060606061,0.6868686868686869,0.5434321542033235,0.819772227007369
ENSG00000140600,single_gene,0.1,0.09090909090909091,0.6868686868686869,0.5434321542033235,0.819772227007369
ENSG00000140600,single_gene,0.13333333333333333,0.09090909090909091,0.6868686868686869,0.5434321542033235,0.819772227007369
ENSG00000140600,single_gene,0.13333333333333333,0.21212121212121213,0.6868686868686869,0.5434321542033235,0.819772227007369
ENSG00000140600,single_gene,0.16666666666666666,0.21212121212121213,0.6868686868686869,0.5434321542033235,0.819772227007369
ENSG00000140600,single_gene,0.16666666666666666,0.2727272727272727,0.6868686868686869,0.5434321542033235,0.819772227007369
ENSG00000140600,single_gene,0.23333333333333334,0.2727272727272727,0.6868686868686869,0.5434321542033235,0.819772227007369
ENSG00000140600,single_gene,0.23333333333333334,0.5454545454545454,0.6868686868686869,0.5434321542033235,0.819772227007369
ENSG00000140600,single_gene,0.3,0.5454545454545454,0.6868686868686869,0.5434321542033235,0.819772227007369
ENSG00000140600,single_gene,0.3,0.5757575757575758,0.6868686868686869,0.5434321542033235,0.819772227007369
ENSG00000140600,single_gene,0.36666666666666664,0.5757575757575758,0.6868686868686869,0.5434321542033235,0.819772227007369
ENSG00000140600,single_gene,0.36666666666666664,0.7575757575757576,0.6868686868686869,0.5434321542033235,0.819772227007369
ENSG00000140600,single_gene,0.43333333333333335,0.7575757575757576,0.6868686868686869,0.5434321542033235,0.819772227007369
ENSG00000140600,single_gene,0.43333333333333335,0.7878787878787878,0.6868686868686869,0.5434321542033235,0.819772227007369
ENSG00000140600,single_gene,0.5333333333333333,0.7878787878787878,0.6868686868686869,0.5434321542033235,0.819772227007369
ENSG00000140600,single_gene,0.5333333333333333,0.9090909090909091,0.6868686868686869,0.5434321542033235,0.819772227007369
ENSG00000140600,single_gene,0.5666666666666667,0.9090909090909091,0.6868686868686869,0.5434321542033235,0.819772227007369
ENSG00000140600,single_gene,0.5666666666666667,0.9393939393939394,0.6868686868686869,0.5434321542033235,0.819772227007369
ENSG00000140600,single_gene,0.6,0.9393939393939394,0.6868686868686869,0.5434321542033235,0.819772227007369
ENSG00000140600,single_gene,0.6,0.9696969696969697,0.6868686868686869,0.5434321542033235,0.819772227007369
ENSG00000140600,single_gene,0.9333333333333333,0.9696969696969697,0.6868686868686869,0.5434321542033235,0.819772227007369
ENSG00000140600,single_gene,0.9333333333333333,1.0,0.6868686868686869,0.5434321542033235,0.819772227007369
ENSG00000140600,single_gene,1.0,1.0,0.6868686868686869,0.5434321542033235,0.819772227007369
ENSG00000141837,single_gene,0.0,0.0,0.6353535353535353,0.4808061343659722,0.7820564516129033
ENSG00000141837,single_gene,0.03333333333333333,0.0,0.6353535353535353,0.4808061343659722,0.7820564516129033
ENSG00000141837,single_gene,0.03333333333333333,0.030303030303030304,0.6353535353535353,0.4808061343659722,0.7820564516129033
ENSG00000141837,single_gene,0.13333333333333333,0.030303030303030304,0.6353535353535353,0.4808061343659722,0.7820564516129033
ENSG00000141837,single_gene,0.13333333333333333,0.12121212121212122,0.6353535353535353,0.4808061343659722,0.7820564516129033
ENSG00000141837,single_gene,0.16666666666666666,0.12121212121212122,0.6353535353535353,0.4808061343659722,0.7820564516129033
ENSG00000141837,single_gene,0.16666666666666666,0.21212121212121213,0.6353535353535353,0.4808061343659722,0.7820564516129033
ENSG00000141837,single_gene,0.2,0.21212121212121213,0.6353535353535353,0.4808061343659722,0.7820564516129033
ENSG00000141837,single_gene,0.2,0.2727272727272727,0.6353535353535353,0.4808061343659722,0.7820564516129033
ENSG00000141837,single_gene,0.26666666666666666,0.2727272727272727,0.6353535353535353,0.4808061343659722,0.7820564516129033
ENSG00000141837,single_gene,0.26666666666666666,0.3333333333333333,0.6353535353535353,0.4808061343659722,0.7820564516129033
ENSG00000141837,single_gene,0.3,0.3333333333333333,0.6353535353535353,0.4808061343659722,0.7820564516129033
ENSG00000141837,single_gene,0.3,0.3939393939393939,0.6353535353535353,0.4808061343659722,0.7820564516129033
ENSG00000141837,single_gene,0.36666666666666664,0.3939393939393939,0.6353535353535353,0.4808061343659722,0.7820564516129033
ENSG00000141837,single_gene,0.36666666666666664,0.45454545454545453,0.6353535353535353,0.4808061343659722,0.7820564516129033
ENSG00000141837,single_gene,0.4,0.45454545454545453,0.6353535353535353,0.4808061343659722,0.7820564516129033
ENSG00000141837,single_gene,0.4,0.6060606060606061,0.6353535353535353,0.4808061343659722,0.7820564516129033
ENSG00000141837,single_gene,0.4666666666666667,0.6060606060606061,0.6353535353535353,0.4808061343659722,0.7820564516129033
ENSG00000141837,single_gene,0.4666666666666667,0.8787878787878788,0.6353535353535353,0.4808061343659722,0.7820564516129033
ENSG00000141837,single_gene,0.5,0.8787878787878788,0.6353535353535353,0.4808061343659722,0.7820564516129033
ENSG00000141837,single_gene,0.5,0.9090909090909091,0.6353535353535353,0.4808061343659722,0.7820564516129033
ENSG00000141837,single_gene,0.5333333333333333,0.9090909090909091,0.6353535353535353,0.4808061343659722,0.7820564516129033
ENSG00000141837,single_gene,0.5333333333333333,0.9393939393939394,0.6353535353535353,0.4808061343659722,0.7820564516129033
ENSG00000141837,single_gene,0.7333333333333333,0.9393939393939394,0.6353535353535353,0.4808061343659722,0.7820564516129033
ENSG00000141837,single_gene,0.7333333333333333,0.9696969696969697,0.6353535353535353,0.4808061343659722,0.7820564516129033
ENSG00000141837,single_gene,0.8666666666666667,0.9696969696969697,0.6353535353535353,0.4808061343659722,0.7820564516129033
ENSG00000141837,single_gene,0.8666666666666667,1.0,0.6353535353535353,0.4808061343659722,0.7820564516129033
ENSG00000141837,single_gene,1.0,1.0,0.6353535353535353,0.4808061343659722,0.7820564516129033
ENSG00000143847,single_gene,0.0,0.0,0.7434343434343434,0.6095334685598377,0.860711366608544
ENSG00000143847,single_gene,0.0,0.030303030303030304,0.7434343434343434,0.6095334685598377,0.860711366608544
ENSG00000143847,single_gene,0.03333333333333333,0.030303030303030304,0.7434343434343434,0.6095334685598377,0.860711366608544
ENSG00000143847,single_gene,0.03333333333333333,0.09090909090909091,0.7434343434343434,0.6095334685598377,0.860711366608544
ENSG00000143847,single_gene,0.06666666666666667,0.09090909090909091,0.7434343434343434,0.6095334685598377,0.860711366608544
ENSG00000143847,single_gene,0.06666666666666667,0.30303030303030304,0.7434343434343434,0.6095334685598377,0.860711366608544
ENSG00000143847,single_gene,0.13333333333333333,0.30303030303030304,0.7434343434343434,0.6095334685598377,0.860711366608544
ENSG00000143847,single_gene,0.13333333333333333,0.45454545454545453,0.7434343434343434,0.6095334685598377,0.860711366608544
ENSG00000143847,single_gene,0.23333333333333334,0.45454545454545453,0.7434343434343434,0.6095334685598377,0.860711366608544
ENSG00000143847,single_gene,0.23333333333333334,0.5151515151515151,0.7434343434343434,0.6095334685598377,0.860711366608544
ENSG00000143847,single_gene,0.26666666666666666,0.5151515151515151,0.7434343434343434,0.6095334685598377,0.860711366608544
ENSG00000143847,single_gene,0.26666666666666666,0.5454545454545454,0.7434343434343434,0.6095334685598377,0.860711366608544
ENSG00000143847,single_gene,0.3,0.5454545454545454,0.7434343434343434,0.6095334685598377,0.860711366608544
ENSG00000143847,single_gene,0.3,0.6363636363636364,0.7434343434343434,0.6095334685598377,0.860711366608544
ENSG00000143847,single_gene,0.3333333333333333,0.6363636363636364,0.7434343434343434,0.6095334685598377,0.860711366608544
ENSG00000143847,single_gene,0.3333333333333333,0.6666666666666666,0.7434343434343434,0.6095334685598377,0.860711366608544
ENSG00000143847,single_gene,0.36666666666666664,0.6666666666666666,0.7434343434343434,0.6095334685598377,0.860711366608544
ENSG00000143847,single_gene,0.36666666666666664,0.7272727272727273,0.7434343434343434,0.6095334685598377,0.860711366608544
ENSG00000143847,single_gene,0.4,0.7272727272727273,0.7434343434343434,0.6095334685598377,0.860711366608544
ENSG00000143847,single_gene,0.4,0.8787878787878788,0.7434343434343434,0.6095334685598377,0.860711366608544
ENSG00000143847,single_gene,0.4666666666666667,0.8787878787878788,0.7434343434343434,0.6095334685598377,0.860711366608544
ENSG00000143847,single_gene,0.4666666666666667,0.9090909090909091,0.7434343434343434,0.6095334685598377,0.860711366608544
ENSG00000143847,single_gene,0.5,0.9090909090909091,0.7434343434343434,0.6095334685598377,0.860711366608544
ENSG00000143847,single_gene,0.5,0.9393939393939394,0.7434343434343434,0.6095334685598377,0.860711366608544
ENSG00000143847,single_gene,0.6333333333333333,0.9393939393939394,0.7434343434343434,0.6095334685598377,0.860711366608544
ENSG00000143847,single_gene,0.6333333333333333,0.9696969696969697,0.7434343434343434,0.6095334685598377,0.860711366608544
ENSG00000143847,single_gene,0.9666666666666667,0.9696969696969697,0.7434343434343434,0.6095334685598377,0.860711366608544
ENSG00000143847,single_gene,0.9666666666666667,1.0,0.7434343434343434,0.6095334685598377,0.860711366608544
ENSG00000143847,single_gene,1.0,1.0,0.7434343434343434,0.6095334685598377,0.860711366608544
ENSG00000144619,single_gene,0.0,0.0,0.7191919191919192,0.5846934660961158,0.8444746376811593
ENSG00000144619,single_gene,0.0,0.030303030303030304,0.7191919191919192,0.5846934660961158,0.8444746376811593
ENSG00000144619,single_gene,0.03333333333333333,0.030303030303030304,0.7191919191919192,0.5846934660961158,0.8444746376811593
ENSG00000144619,single_gene,0.03333333333333333,0.09090909090909091,0.7191919191919192,0.5846934660961158,0.8444746376811593
ENSG00000144619,single_gene,0.06666666666666667,0.09090909090909091,0.7191919191919192,0.5846934660961158,0.8444746376811593
ENSG00000144619,single_gene,0.06666666666666667,0.36363636363636365,0.7191919191919192,0.5846934660961158,0.8444746376811593
ENSG00000144619,single_gene,0.13333333333333333,0.36363636363636365,0.7191919191919192,0.5846934660961158,0.8444746376811593
ENSG00000144619,single_gene,0.13333333333333333,0.42424242424242425,0.7191919191919192,0.5846934660961158,0.8444746376811593
ENSG00000144619,single_gene,0.16666666666666666,0.42424242424242425,0.7191919191919192,0.5846934660961158,0.8444746376811593
ENSG00000144619,single_gene,0.16666666666666666,0.48484848484848486,0.7191919191919192,0.5846934660961158,0.8444746376811593
ENSG00000144619,single_gene,0.2,0.48484848484848486,0.7191919191919192,0.5846934660961158,0.8444746376811593
ENSG00000144619,single_gene,0.2,0.5151515151515151,0.7191919191919192,0.5846934660961158,0.8444746376811593
ENSG00000144619,single_gene,0.26666666666666666,0.5151515151515151,0.7191919191919192,0.5846934660961158,0.8444746376811593
ENSG00000144619,single_gene,0.26666666666666666,0.5454545454545454,0.7191919191919192,0.5846934660961158,0.8444746376811593
ENSG00000144619,single_gene,0.4666666666666667,0.5454545454545454,0.7191919191919192,0.5846934660961158,0.8444746376811593
ENSG00000144619,single_gene,0.4666666666666667,0.6666666666666666,0.7191919191919192,0.5846934660961158,0.8444746376811593
ENSG00000144619,single_gene,0.5,0.6666666666666666,0.7191919191919192,0.5846934660961158,0.8444746376811593
ENSG00000144619,single_gene,0.5,0.8787878787878788,0.7191919191919192,0.5846934660961158,0.8444746376811593
ENSG00000144619,single_gene,0.5333333333333333,0.8787878787878788,0.7191919191919192,0.5846934660961158,0.8444746376811593
ENSG00000144619,single_gene,0.5333333333333333,0.9696969696969697,0.7191919191919192,0.5846934660961158,0.8444746376811593
ENSG00000144619,single_gene,0.5666666666666667,0.9696969696969697,0.7191919191919192,0.5846934660961158,0.8444746376811593
ENSG00000144619,single_gene,0.5666666666666667,1.0,0.7191919191919192,0.5846934660961158,0.8444746376811593
ENSG00000144619,single_gene,1.0,1.0,0.7191919191919192,0.5846934660961158,0.8444746376811593
ENSG00000145050,single_gene,0.0,0.0,0.6757575757575758,0.5332392969421119,0.8125
ENSG00000145050,single_gene,0.03333333333333333,0.0,0.6757575757575758,0.5332392969421119,0.8125
ENSG00000145050,single_gene,0.03333333333333333,0.09090909090909091,0.6757575757575758,0.5332392969421119,0.8125
ENSG00000145050,single_gene,0.06666666666666667,0.09090909090909091,0.6757575757575758,0.5332392969421119,0.8125
ENSG00000145050,single_gene,0.06666666666666667,0.18181818181818182,0.6757575757575758,0.5332392969421119,0.8125
ENSG00000145050,single_gene,0.16666666666666666,0.18181818181818182,0.6757575757575758,0.5332392969421119,0.8125
ENSG00000145050,single_gene,0.16666666666666666,0.30303030303030304,0.6757575757575758,0.5332392969421119,0.8125
ENSG00000145050,single_gene,0.23333333333333334,0.30303030303030304,0.6757575757575758,0.5332392969421119,0.8125
ENSG00000145050,single_gene,0.23333333333333334,0.3939393939393939,0.6757575757575758,0.5332392969421119,0.8125
ENSG00000145050,single_gene,0.26666666666666666,0.3939393939393939,0.6757575757575758,0.5332392969421119,0.8125
ENSG00000145050,single_gene,0.26666666666666666,0.5151515151515151,0.6757575757575758,0.5332392969421119,0.8125
ENSG00000145050,single_gene,0.3,0.5151515151515151,0.6757575757575758,0.5332392969421119,0.8125
ENSG00000145050,single_gene,0.3,0.5454545454545454,0.6757575757575758,0.5332392969421119,0.8125
ENSG00000145050,single_gene,0.3333333333333333,0.5454545454545454,0.6757575757575758,0.5332392969421119,0.8125
ENSG00000145050,single_gene,0.3333333333333333,0.7272727272727273,0.6757575757575758,0.5332392969421119,0.8125
ENSG00000145050,single_gene,0.36666666666666664,0.7272727272727273,0.6757575757575758,0.5332392969421119,0.8125
ENSG00000145050,single_gene,0.36666666666666664,0.7878787878787878,0.6757575757575758,0.5332392969421119,0.8125
ENSG00000145050,single_gene,0.5,0.7878787878787878,0.6757575757575758,0.5332392969421119,0.8125
ENSG00000145050,single_gene,0.5,0.8181818181818182,0.6757575757575758,0.5332392969421119,0.8125
ENSG00000145050,single_gene,0.5333333333333333,0.8181818181818182,0.6757575757575758,0.5332392969421119,0.8125
ENSG00000145050,single_gene,0.5333333333333333,0.8484848484848485,0.6757575757575758,0.5332392969421119,0.8125
ENSG00000145050,single_gene,0.7,0.8484848484848485,0.6757575757575758,0.5332392969421119,0.8125
ENSG00000145050,single_gene,0.7,0.8787878787878788,0.6757575757575758,0.5332392969421119,0.8125
ENSG00000145050,single_gene,0.7666666666666667,0.8787878787878788,0.6757575757575758,0.5332392969421119,0.8125
ENSG00000145050,single_gene,0.7666666666666667,0.9090909090909091,0.6757575757575758,0.5332392969421119,0.8125
ENSG00000145050,single_gene,0.8,0.9090909090909091,0.6757575757575758,0.5332392969421119,0.8125
ENSG00000145050,single_gene,0.8,0.9696969696969697,0.6757575757575758,0.5332392969421119,0.8125
ENSG00000145050,single_gene,0.8333333333333334,0.9696969696969697,0.6757575757575758,0.5332392969421119,0.8125
ENSG00000145050,single_gene,0.8333333333333334,1.0,0.6757575757575758,0.5332392969421119,0.8125
ENSG00000145050,single_gene,1.0,1.0,0.6757575757575758,0.5332392969421119,0.8125
ENSG00000152484,single_gene,0.0,0.0,0.7464646464646464,0.6132458847736626,0.8629122778143515
ENSG00000152484,single_gene,0.0,0.030303030303030304,0.7464646464646464,0.6132458847736626,0.8629122778143515
ENSG00000152484,single_gene,0.0,0.09090909090909091,0.7464646464646464,0.6132458847736626,0.8629122778143515
ENSG00000152484,single_gene,0.03333333333333333,0.09090909090909091,0.7464646464646464,0.6132458847736626,0.8629122778143515
ENSG00000152484,single_gene,0.03333333333333333,0.21212121212121213,0.7464646464646464,0.6132458847736626,0.8629122778143515
ENSG00000152484,single_gene,0.06666666666666667,0.21212121212121213,0.7464646464646464,0.6132458847736626,0.8629122778143515
ENSG00000152484,single_gene,0.06666666666666667,0.3939393939393939,0.7464646464646464,0.6132458847736626,0.8629122778143515
ENSG00000152484,single_gene,0.1,0.3939393939393939,0.7464646464646464,0.6132458847736626,0.8629122778143515
ENSG00000152484,single_gene,0.1,0.45454545454545453,0.7464646464646464,0.6132458847736626,0.8629122778143515
ENSG00000152484,single_gene,0.13333333333333333,0.45454545454545453,0.7464646464646464,0.6132458847736626,0.8629122778143515
ENSG00000152484,single_gene,0.13333333333333333,0.48484848484848486,0.7464646464646464,0.6132458847736626,0.8629122778143515
ENSG00000152484,single_gene,0.16666666666666666,0.48484848484848486,0.7464646464646464,0.6132458847736626,0.8629122778143515
ENSG00000152484,single_gene,0.16666666666666666,0.5151515151515151,0.7464646464646464,0.6132458847736626,0.8629122778143515
ENSG00000152484,single_gene,0.2,0.5151515151515151,0.7464646464646464,0.6132458847736626,0.8629122778143515
ENSG00000152484,single_gene,0.2,0.5757575757575758,0.7464646464646464,0.6132458847736626,0.8629122778143515
ENSG00000152484,single_gene,0.23333333333333334,0.5757575757575758,0.7464646464646464,0.6132458847736626,0.8629122778143515
ENSG00000152484,single_gene,0.23333333333333334,0.6060606060606061,0.7464646464646464,0.6132458847736626,0.8629122778143515
ENSG00000152484,single_gene,0.26666666666666666,0.6060606060606061,0.7464646464646464,0.6132458847736626,0.8629122778143515
ENSG00000152484,single_gene,0.26666666666666666,0.6666666666666666,0.7464646464646464,0.6132458847736626,0.8629122778143515
ENSG00000152484,single_gene,0.3,0.6666666666666666,0.7464646464646464,0.6132458847736626,0.8629122778143515
ENSG00000152484,single_gene,0.3,0.7272727272727273,0.7464646464646464,0.6132458847736626,0.8629122778143515
ENSG00000152484,single_gene,0.3333333333333333,0.7272727272727273,0.7464646464646464,0.6132458847736626,0.8629122778143515
ENSG00000152484,single_gene,0.3333333333333333,0.7575757575757576,0.7464646464646464,0.6132458847736626,0.8629122778143515
ENSG00000152484,single_gene,0.43333333333333335,0.7575757575757576,0.7464646464646464,0.6132458847736626,0.8629122778143515
ENSG00000152484,single_gene,0.43333333333333335,0.8181818181818182,0.7464646464646464,0.6132458847736626,0.8629122778143515
ENSG00000152484,single_gene,0.4666666666666667,0.8181818181818182,0.7464646464646464,0.6132458847736626,0.8629122778143515
ENSG00000152484,single_gene,0.4666666666666667,0.8484848484848485,0.7464646464646464,0.6132458847736626,0.8629122778143515
ENSG00000152484,single_gene,0.5333333333333333,0.8484848484848485,0.7464646464646464,0.6132458847736626,0.8629122778143515
ENSG00000152484,single_gene,0.5333333333333333,0.8787878787878788,0.7464646464646464,0.6132458847736626,0.8629122778143515
ENSG00000152484,single_gene,0.6666666666666666,0.8787878787878788,0.7464646464646464,0.6132458847736626,0.8629122778143515
ENSG00000152484,single_gene,0.6666666666666666,0.9090909090909091,0.7464646464646464,0.6132458847736626,0.8629122778143515
ENSG00000152484,single_gene,0.8,0.9090909090909091,0.7464646464646464,0.6132458847736626,0.8629122778143515
ENSG00000152484,single_gene,0.8,0.9393939393939394,0.7464646464646464,0.6132458847736626,0.8629122778143515
ENSG00000152484,single_gene,0.9333333333333333,0.9393939393939394,0.7464646464646464,0.6132458847736626,0.8629122778143515
ENSG00000152484,single_gene,0.9333333333333333,0.9696969696969697,0.7464646464646464,0.6132458847736626,0.8629122778143515
ENSG00000152484,single_gene,0.9666666666666667,0.9696969696969697,0.7464646464646464,0.6132458847736626,0.8629122778143515
ENSG00000152484,single_gene,0.9666666666666667,1.0,0.7464646464646464,0.6132458847736626,0.8629122778143515
ENSG00000152484,single_gene,1.0,1.0,0.7464646464646464,0.6132458847736626,0.8629122778143515
ENSG00000164151,single_gene,0.0,0.0,0.6818181818181819,0.5315501227714317,0.8125157828282826
ENSG00000164151,single_gene,0.03333333333333333,0.0,0.6818181818181819,0.5315501227714317,0.8125157828282826
ENSG00000164151,single_gene,0.06666666666666667,0.0,0.6818181818181819,0.5315501227714317,0.8125157828282826
ENSG00000164151,single_gene,0.06666666666666667,0.15151515151515152,0.6818181818181819,0.5315501227714317,0.8125157828282826
ENSG00000164151,single_gene,0.16666666666666666,0.15151515151515152,0.6818181818181819,0.5315501227714317,0.8125157828282826
ENSG00000164151,single_gene,0.16666666666666666,0.18181818181818182,0.6818181818181819,0.5315501227714317,0.8125157828282826
ENSG00000164151,single_gene,0.2,0.18181818181818182,0.6818181818181819,0.5315501227714317,0.8125157828282826
ENSG00000164151,single_gene,0.2,0.2727272727272727,0.6818181818181819,0.5315501227714317,0.8125157828282826
ENSG00000164151,single_gene,0.23333333333333334,0.2727272727272727,0.6818181818181819,0.5315501227714317,0.8125157828282826
ENSG00000164151,single_gene,0.23333333333333334,0.36363636363636365,0.6818181818181819,0.5315501227714317,0.8125157828282826
ENSG00000164151,single_gene,0.26666666666666666,0.36363636363636365,0.6818181818181819,0.5315501227714317,0.8125157828282826
ENSG00000164151,single_gene,0.26666666666666666,0.45454545454545453,0.6818181818181819,0.5315501227714317,0.8125157828282826
ENSG00000164151,single_gene,0.3,0.45454545454545453,0.6818181818181819,0.5315501227714317,0.8125157828282826
ENSG00000164151,single_gene,0.3,0.48484848484848486,0.6818181818181819,0.5315501227714317,0.8125157828282826
ENSG00000164151,single_gene,0.36666666666666664,0.48484848484848486,0.6818181818181819,0.5315501227714317,0.8125157828282826
ENSG00000164151,single_gene,0.36666666666666664,0.5454545454545454,0.6818181818181819,0.5315501227714317,0.8125157828282826
ENSG00000164151,single_gene,0.4,0.5454545454545454,0.6818181818181819,0.5315501227714317,0.8125157828282826
ENSG00000164151,single_gene,0.4,0.7272727272727273,0.6818181818181819,0.5315501227714317,0.8125157828282826
ENSG00000164151,single_gene,0.43333333333333335,0.7272727272727273,0.6818181818181819,0.5315501227714317,0.8125157828282826
ENSG00000164151,single_gene,0.43333333333333335,0.8484848484848485,0.6818181818181819,0.5315501227714317,0.8125157828282826
ENSG00000164151,single_gene,0.4666666666666667,0.8484848484848485,0.6818181818181819,0.5315501227714317,0.8125157828282826
ENSG00000164151,single_gene,0.4666666666666667,0.8787878787878788,0.6818181818181819,0.5315501227714317,0.8125157828282826
ENSG00000164151,single_gene,0.5,0.8787878787878788,0.6818181818181819,0.5315501227714317,0.8125157828282826
ENSG00000164151,single_gene,0.5,0.9393939393939394,0.6818181818181819,0.5315501227714317,0.8125157828282826
ENSG00000164151,single_gene,0.5333333333333333,0.9393939393939394,0.6818181818181819,0.5315501227714317,0.8125157828282826
ENSG00000164151,single_gene,0.5333333333333333,0.9696969696969697,0.6818181818181819,0.5315501227714317,0.8125157828282826
ENSG00000164151,single_gene,0.7333333333333333,0.9696969696969697,0.6818181818181819,0.5315501227714317,0.8125157828282826
ENSG00000164151,single_gene,0.7333333333333333,1.0,0.6818181818181819,0.5315501227714317,0.8125157828282826
ENSG00000164151,single_gene,1.0,1.0,0.6818181818181819,0.5315501227714317,0.8125157828282826
ENSG00000164181,single_gene,0.0,0.0,0.7111111111111111,0.571980162285942,0.8353564491064491
ENSG00000164181,single_gene,0.0,0.030303030303030304,0.7111111111111111,0.571980162285942,0.8353564491064491
ENSG00000164181,single_gene,0.0,0.2727272727272727,0.7111111111111111,0.571980162285942,0.8353564491064491
ENSG00000164181,single_gene,0.03333333333333333,0.2727272727272727,0.7111111111111111,0.571980162285942,0.8353564491064491
ENSG00000164181,single_gene,0.03333333333333333,0.3333333333333333,0.7111111111111111,0.571980162285942,0.8353564491064491
ENSG00000164181,single_gene,0.06666666666666667,0.3333333333333333,0.7111111111111111,0.571980162285942,0.8353564491064491
ENSG00000164181,single_gene,0.06666666666666667,0.36363636363636365,0.7111111111111111,0.571980162285942,0.8353564491064491
ENSG00000164181,single_gene,0.1,0.36363636363636365,0.7111111111111111,0.571980162285942,0.8353564491064491
ENSG00000164181,single_gene,0.1,0.42424242424242425,0.7111111111111111,0.571980162285942,0.8353564491064491
ENSG00000164181,single_gene,0.13333333333333333,0.42424242424242425,0.7111111111111111,0.571980162285942,0.8353564491064491
ENSG00000164181,single_gene,0.13333333333333333,0.48484848484848486,0.7111111111111111,0.571980162285942,0.8353564491064491
ENSG00000164181,single_gene,0.2,0.48484848484848486,0.7111111111111111,0.571980162285942,0.8353564491064491
ENSG00000164181,single_gene,0.2,0.5454545454545454,0.7111111111111111,0.571980162285942,0.8353564491064491
ENSG00000164181,single_gene,0.3,0.5454545454545454,0.7111111111111111,0.571980162285942,0.8353564491064491
ENSG00000164181,single_gene,0.3,0.6666666666666666,0.7111111111111111,0.571980162285942,0.8353564491064491
ENSG00000164181,single_gene,0.3333333333333333,0.6666666666666666,0.7111111111111111,0.571980162285942,0.8353564491064491
ENSG00000164181,single_gene,0.3333333333333333,0.7575757575757576,0.7111111111111111,0.571980162285942,0.8353564491064491
ENSG00000164181,single_gene,0.6,0.7575757575757576,0.7111111111111111,0.571980162285942,0.8353564491064491
ENSG00000164181,single_gene,0.6,0.7878787878787878,0.7111111111111111,0.571980162285942,0.8353564491064491
ENSG00000164181,single_gene,0.7,0.7878787878787878,0.7111111111111111,0.571980162285942,0.8353564491064491
ENSG00000164181,single_gene,0.7,0.8484848484848485,0.7111111111111111,0.571980162285942,0.8353564491064491
ENSG00000164181,single_gene,0.8,0.8484848484848485,0.7111111111111111,0.571980162285942,0.8353564491064491
ENSG00000164181,single_gene,0.8,0.9393939393939394,0.7111111111111111,0.571980162285942,0.8353564491064491
ENSG00000164181,single_gene,0.9666666666666667,0.9393939393939394,0.7111111111111111,0.571980162285942,0.8353564491064491
ENSG00000164181,single_gene,0.9666666666666667,1.0,0.7111111111111111,0.571980162285942,0.8353564491064491
ENSG00000164181,single_gene,1.0,1.0,0.7111111111111111,0.571980162285942,0.8353564491064491
ENSG00000172137,single_gene,0.0,0.0,0.7444444444444445,0.6122372372372372,0.8694858340407471
ENSG00000172137,single_gene,0.03333333333333333,0.0,0.7444444444444445,0.6122372372372372,0.8694858340407471
ENSG00000172137,single_gene,0.06666666666666667,0.0,0.7444444444444445,0.6122372372372372,0.8694858340407471
ENSG00000172137,single_gene,0.06666666666666667,0.21212121212121213,0.7444444444444445,0.6122372372372372,0.8694858340407471
ENSG00000172137,single_gene,0.1,0.21212121212121213,0.7444444444444445,0.6122372372372372,0.8694858340407471
ENSG00000172137,single_gene,0.1,0.45454545454545453,0.7444444444444445,0.6122372372372372,0.8694858340407471
ENSG00000172137,single_gene,0.13333333333333333,0.45454545454545453,0.7444444444444445,0.6122372372372372,0.8694858340407471
ENSG00000172137,single_gene,0.13333333333333333,0.5757575757575758,0.7444444444444445,0.6122372372372372,0.8694858340407471
ENSG00000172137,single_gene,0.16666666666666666,0.5757575757575758,0.7444444444444445,0.6122372372372372,0.8694858340407471
ENSG00000172137,single_gene,0.16666666666666666,0.6060606060606061,0.7444444444444445,0.6122372372372372,0.8694858340407471
ENSG00000172137,single_gene,0.2,0.6060606060606061,0.7444444444444445,0.6122372372372372,0.8694858340407471
ENSG00000172137,single_gene,0.2,0.6666666666666666,0.7444444444444445,0.6122372372372372,0.8694858340407471
ENSG00000172137,single_gene,0.3333333333333333,0.6666666666666666,0.7444444444444445,0.6122372372372372,0.8694858340407471
ENSG00000172137,single_gene,0.3333333333333333,0.7272727272727273,0.7444444444444445,0.6122372372372372,0.8694858340407471
ENSG00000172137,single_gene,0.36666666666666664,0.7272727272727273,0.7444444444444445,0.6122372372372372,0.8694858340407471
ENSG00000172137,single_gene,0.36666666666666664,0.8181818181818182,0.7444444444444445,0.6122372372372372,0.8694858340407471
ENSG00000172137,single_gene,0.43333333333333335,0.8181818181818182,0.7444444444444445,0.6122372372372372,0.8694858340407471
ENSG00000172137,single_gene,0.43333333333333335,0.8484848484848485,0.7444444444444445,0.6122372372372372,0.8694858340407471
ENSG00000172137,single_gene,0.6,0.8484848484848485,0.7444444444444445,0.6122372372372372,0.8694858340407471
ENSG00000172137,single_gene,0.6,0.8787878787878788,0.7444444444444445,0.6122372372372372,0.8694858340407471
ENSG00000172137,single_gene,0.7333333333333333,0.8787878787878788,0.7444444444444445,0.6122372372372372,0.8694858340407471
ENSG00000172137,single_gene,0.7333333333333333,0.9090909090909091,0.7444444444444445,0.6122372372372372,0.8694858340407471
ENSG00000172137,single_gene,0.8333333333333334,0.9090909090909091,0.7444444444444445,0.6122372372372372,0.8694858340407471
ENSG00000172137,single_gene,0.8333333333333334,0.9696969696969697,0.7444444444444445,0.6122372372372372,0.8694858340407471
ENSG00000172137,single_gene,0.8666666666666667,0.9696969696969697,0.7444444444444445,0.6122372372372372,0.8694858340407471
ENSG00000172137,single_gene,0.8666666666666667,1.0,0.7444444444444445,0.6122372372372372,0.8694858340407471
ENSG00000172137,single_gene,1.0,1.0,0.7444444444444445,0.6122372372372372,0.8694858340407471
ENSG00000173611,single_gene,0.0,0.0,0.7454545454545455,0.607049786628734,0.869022869022869
ENSG00000173611,single_gene,0.03333333333333333,0.0,0.7454545454545455,0.607049786628734,0.869022869022869
ENSG00000173611,single_gene,0.03333333333333333,0.09090909090909091,0.7454545454545455,0.607049786628734,0.869022869022869
ENSG00000173611,single_gene,0.06666666666666667,0.09090909090909091,0.7454545454545455,0.607049786628734,0.869022869022869
ENSG00000173611,single_gene,0.06666666666666667,0.12121212121212122,0.7454545454545455,0.607049786628734,0.869022869022869
ENSG00000173611,single_gene,0.1,0.12121212121212122,0.7454545454545455,0.607049786628734,0.869022869022869
ENSG00000173611,single_gene,0.1,0.36363636363636365,0.7454545454545455,0.607049786628734,0.869022869022869
ENSG00000173611,single_gene,0.13333333333333333,0.36363636363636365,0.7454545454545455,0.607049786628734,0.869022869022869
ENSG00000173611,single_gene,0.13333333333333333,0.6060606060606061,0.7454545454545455,0.607049786628734,0.869022869022869
ENSG00000173611,single_gene,0.16666666666666666,0.6060606060606061,0.7454545454545455,0.607049786628734,0.869022869022869
ENSG00000173611,single_gene,0.16666666666666666,0.6666666666666666,0.7454545454545455,0.607049786628734,0.869022869022869
ENSG00000173611,single_gene,0.23333333333333334,0.6666666666666666,0.7454545454545455,0.607049786628734,0.869022869022869
ENSG00000173611,single_gene,0.23333333333333334,0.696969696969697,0.7454545454545455,0.607049786628734,0.869022869022869
ENSG00000173611,single_gene,0.26666666666666666,0.696969696969697,0.7454545454545455,0.607049786628734,0.869022869022869
ENSG00000173611,single_gene,0.26666666666666666,0.7272727272727273,0.7454545454545455,0.607049786628734,0.869022869022869
ENSG00000173611,single_gene,0.3,0.7272727272727273,0.7454545454545455,0.607049786628734,0.869022869022869
ENSG00000173611,single_gene,0.3,0.7575757575757576,0.7454545454545455,0.607049786628734,0.869022869022869
ENSG00000173611,single_gene,0.3333333333333333,0.7575757575757576,0.7454545454545455,0.607049786628734,0.869022869022869
ENSG00000173611,single_gene,0.3333333333333333,0.7878787878787878,0.7454545454545455,0.607049786628734,0.869022869022869
ENSG00000173611,single_gene,0.36666666666666664,0.7878787878787878,0.7454545454545455,0.607049786628734,0.869022869022869
ENSG00000173611,single_gene,0.36666666666666664,0.8181818181818182,0.7454545454545455,0.607049786628734,0.869022869022869
ENSG00000173611,single_gene,0.5333333333333333,0.8181818181818182,0.7454545454545455,0.607049786628734,0.869022869022869
ENSG00000173611,single_gene,0.5333333333333333,0.8484848484848485,0.7454545454545455,0.607049786628734,0.869022869022869
ENSG00000173611,single_gene,0.5666666666666667,0.8484848484848485,0.7454545454545455,0.607049786628734,0.869022869022869
ENSG00000173611,single_gene,0.5666666666666667,0.8787878787878788,0.7454545454545455,0.607049786628734,0.869022869022869
ENSG00000173611,single_gene,0.7333333333333333,0.8787878787878788,0.7454545454545455,0.607049786628734,0.869022869022869
ENSG00000173611,single_gene,0.7333333333333333,0.9090909090909091,0.7454545454545455,0.607049786628734,0.869022869022869
ENSG00000173611,single_gene,0.8,0.9090909090909091,0.7454545454545455,0.607049786628734,0.869022869022869
ENSG00000173611,single_gene,0.8,0.9393939393939394,0.7454545454545455,0.607049786628734,0.869022869022869
ENSG00000173611,single_gene,0.9333333333333333,0.9393939393939394,0.7454545454545455,0.607049786628734,0.869022869022869
ENSG00000173611,single_gene,0.9333333333333333,0.9696969696969697,0.7454545454545455,0.607049786628734,0.869022869022869
ENSG00000173611,single_gene,0.9666666666666667,0.9696969696969697,0.7454545454545455,0.607049786628734,0.869022869022869
ENSG00000173611,single_gene,0.9666666666666667,1.0,0.7454545454545455,0.607049786628734,0.869022869022869
ENSG00000173611,single_gene,1.0,1.0,0.7454545454545455,0.607049786628734,0.869022869022869
ENSG00000173914,single_gene,0.0,0.0,0.7757575757575758,0.6504949597393817,0.8904680260488951
ENSG00000173914,single_gene,0.03333333333333333,0.0,0.7757575757575758,0.6504949597393817,0.8904680260488951
ENSG00000173914,single_gene,0.03333333333333333,0.15151515151515152,0.7757575757575758,0.6504949597393817,0.8904680260488951
ENSG00000173914,single_gene,0.1,0.15151515151515152,0.7757575757575758,0.6504949597393817,0.8904680260488951
ENSG00000173914,single_gene,0.1,0.42424242424242425,0.7757575757575758,0.6504949597393817,0.8904680260488951
ENSG00000173914,single_gene,0.13333333333333333,0.42424242424242425,0.7757575757575758,0.6504949597393817,0.8904680260488951
ENSG00000173914,single_gene,0.13333333333333333,0.6060606060606061,0.7757575757575758,0.6504949597393817,0.8904680260488951
ENSG00000173914,single_gene,0.16666666666666666,0.6060606060606061,0.7757575757575758,0.6504949597393817,0.8904680260488951
ENSG00000173914,single_gene,0.16666666666666666,0.696969696969697,0.7757575757575758,0.6504949597393817,0.8904680260488951
ENSG00000173914,single_gene,0.2,0.696969696969697,0.7757575757575758,0.6504949597393817,0.8904680260488951
ENSG00000173914,single_gene,0.2,0.7272727272727273,0.7757575757575758,0.6504949597393817,0.8904680260488951
ENSG00000173914,single_gene,0.26666666666666666,0.7272727272727273,0.7757575757575758,0.6504949597393817,0.8904680260488951
ENSG00000173914,single_gene,0.26666666666666666,0.7575757575757576,0.7757575757575758,0.6504949597393817,0.8904680260488951
ENSG00000173914,single_gene,0.3,0.7575757575757576,0.7757575757575758,0.6504949597393817,0.8904680260488951
ENSG00000173914,single_gene,0.3,0.8181818181818182,0.7757575757575758,0.6504949597393817,0.8904680260488951
ENSG00000173914,single_gene,0.3333333333333333,0.8181818181818182,0.7757575757575758,0.6504949597393817,0.8904680260488951
ENSG00000173914,single_gene,0.3333333333333333,0.8787878787878788,0.7757575757575758,0.6504949597393817,0.8904680260488951
ENSG00000173914,single_gene,0.5666666666666667,0.8787878787878788,0.7757575757575758,0.6504949597393817,0.8904680260488951
ENSG00000173914,single_gene,0.5666666666666667,0.9090909090909091,0.7757575757575758,0.6504949597393817,0.8904680260488951
ENSG00000173914,single_gene,0.7333333333333333,0.9090909090909091,0.7757575757575758,0.6504949597393817,0.8904680260488951
ENSG00000173914,single_gene,0.7333333333333333,0.9393939393939394,0.7757575757575758,0.6504949597393817,0.8904680260488951
ENSG00000173914,single_gene,1.0,0.9393939393939394,0.7757575757575758,0.6504949597393817,0.8904680260488951
ENSG00000173914,single_gene,1.0,1.0,0.7757575757575758,0.6504949597393817,0.8904680260488951
ENSG00000182919,single_gene,0.0,0.0,0.7080808080808081,0.5693676786008909,0.8292213499731617
ENSG00000182919,single_gene,0.0,0.030303030303030304,0.7080808080808081,0.5693676786008909,0.8292213499731617
ENSG00000182919,single_gene,0.0,0.06060606060606061,0.7080808080808081,0.5693676786008909,0.8292213499731617
ENSG00000182919,single_gene,0.03333333333333333,0.06060606060606061,0.7080808080808081,0.5693676786008909,0.8292213499731617
ENSG00000182919,single_gene,0.03333333333333333,0.18181818181818182,0.7080808080808081,0.5693676786008909,0.8292213499731617
ENSG00000182919,single_gene,0.06666666666666667,0.18181818181818182,0.7080808080808081,0.5693676786008909,0.8292213499731617
ENSG00000182919,single_gene,0.06666666666666667,0.21212121212121213,0.7080808080808081,0.5693676786008909,0.8292213499731617
ENSG00000182919,single_gene,0.1,0.21212121212121213,0.7080808080808081,0.5693676786008909,0.8292213499731617
ENSG00000182919,single_gene,0.1,0.24242424242424243,0.7080808080808081,0.5693676786008909,0.8292213499731617
ENSG00000182919,single_gene,0.16666666666666666,0.24242424242424243,0.7080808080808081,0.5693676786008909,0.8292213499731617
ENSG00000182919,single_gene,0.16666666666666666,0.42424242424242425,0.7080808080808081,0.5693676786008909,0.8292213499731617
ENSG00000182919,single_gene,0.2,0.42424242424242425,0.7080808080808081,0.5693676786008909,0.8292213499731617
ENSG00000182919,single_gene,0.2,0.5151515151515151,0.7080808080808081,0.5693676786008909,0.8292213499731617
ENSG00000182919,single_gene,0.3,0.5151515151515151,0.7080808080808081,0.5693676786008909,0.8292213499731617
ENSG00000182919,single_gene,0.3,0.6363636363636364,0.7080808080808081,0.5693676786008909,0.8292213499731617
ENSG00000182919,single_gene,0.4,0.6363636363636364,0.7080808080808081,0.5693676786008909,0.8292213499731617
ENSG00000182919,single_gene,0.4,0.7878787878787878,0.7080808080808081,0.5693676786008909,0.8292213499731617
ENSG00000182919,single_gene,0.4666666666666667,0.7878787878787878,0.7080808080808081,0.5693676786008909,0.8292213499731617
ENSG00000182919,single_gene,0.4666666666666667,0.8181818181818182,0.7080808080808081,0.5693676786008909,0.8292213499731617
ENSG00000182919,single_gene,0.5,0.8181818181818182,0.7080808080808081,0.5693676786008909,0.8292213499731617
ENSG00000182919,single_gene,0.5,0.9090909090909091,0.7080808080808081,0.5693676786008909,0.8292213499731617
ENSG00000182919,single_gene,0.6333333333333333,0.9090909090909091,0.7080808080808081,0.5693676786008909,0.8292213499731617
ENSG00000182919,single_gene,0.6333333333333333,0.9393939393939394,0.7080808080808081,0.5693676786008909,0.8292213499731617
ENSG00000182919,single_gene,0.9666666666666667,0.9393939393939394,0.7080808080808081,0.5693676786008909,0.8292213499731617
ENSG00000182919,single_gene,0.9666666666666667,1.0,0.7080808080808081,0.5693676786008909,0.8292213499731617
ENSG00000182919,single_gene,1.0,1.0,0.7080808080808081,0.5693676786008909,0.8292213499731617
ENSG00000185513,single_gene,0.0,0.0,0.6303030303030304,0.4919350765721733,0.7651255966096117
ENSG00000185513,single_gene,0.0,0.030303030303030304,0.6303030303030304,0.4919350765721733,0.7651255966096117
ENSG00000185513,single_gene,0.0,0.3939393939393939,0.6303030303030304,0.4919350765721733,0.7651255966096117
ENSG00000185513,single_gene,0.2,0.3939393939393939,0.6303030303030304,0.4919350765721733,0.7651255966096117
ENSG00000185513,single_gene,0.2,0.42424242424242425,0.6303030303030304,0.4919350765721733,0.7651255966096117
ENSG00000185513,single_gene,0.26666666666666666,0.42424242424242425,0.6303030303030304,0.4919350765721733,0.7651255966096117
ENSG00000185513,single_gene,0.26666666666666666,0.45454545454545453,0.6303030303030304,0.4919350765721733,0.7651255966096117
ENSG00000185513,single_gene,0.4,0.45454545454545453,0.6303030303030304,0.4919350765721733,0.7651255966096117
ENSG00000185513,single_gene,0.4,0.5454545454545454,0.6303030303030304,0.4919350765721733,0.7651255966096117
ENSG00000185513,single_gene,0.43333333333333335,0.5454545454545454,0.6303030303030304,0.4919350765721733,0.7651255966096117
ENSG00000185513,single_gene,0.43333333333333335,0.5757575757575758,0.6303030303030304,0.4919350765721733,0.7651255966096117
ENSG00000185513,single_gene,0.5666666666666667,0.5757575757575758,0.6303030303030304,0.4919350765721733,0.7651255966096117
ENSG00000185513,single_gene,0.5666666666666667,0.6363636363636364,0.6303030303030304,0.4919350765721733,0.7651255966096117
ENSG00000185513,single_gene,0.6,0.6363636363636364,0.6303030303030304,0.4919350765721733,0.7651255966096117
ENSG00000185513,single_gene,0.6,0.7575757575757576,0.6303030303030304,0.4919350765721733,0.7651255966096117
ENSG00000185513,single_gene,0.6333333333333333,0.7575757575757576,0.6303030303030304,0.4919350765721733,0.7651255966096117
ENSG00000185513,single_gene,0.6333333333333333,0.7878787878787878,0.6303030303030304,0.4919350765721733,0.7651255966096117
ENSG00000185513,single_gene,0.7333333333333333,0.7878787878787878,0.6303030303030304,0.4919350765721733,0.7651255966096117
ENSG00000185513,single_gene,0.7333333333333333,0.8181818181818182,0.6303030303030304,0.4919350765721733,0.7651255966096117
ENSG00000185513,single_gene,0.7666666666666667,0.8181818181818182,0.6303030303030304,0.4919350765721733,0.7651255966096117
ENSG00000185513,single_gene,0.7666666666666667,0.8787878787878788,0.6303030303030304,0.4919350765721733,0.7651255966096117
ENSG00000185513,single_gene,0.8666666666666667,0.8787878787878788,0.6303030303030304,0.4919350765721733,0.7651255966096117
ENSG00000185513,single_gene,0.8666666666666667,0.9090909090909091,0.6303030303030304,0.4919350765721733,0.7651255966096117
ENSG00000185513,single_gene,0.9,0.9090909090909091,0.6303030303030304,0.4919350765721733,0.7651255966096117
ENSG00000185513,single_gene,0.9,0.9393939393939394,0.6303030303030304,0.4919350765721733,0.7651255966096117
ENSG00000185513,single_gene,0.9333333333333333,0.9393939393939394,0.6303030303030304,0.4919350765721733,0.7651255966096117
ENSG00000185513,single_gene,0.9333333333333333,0.9696969696969697,0.6303030303030304,0.4919350765721733,0.7651255966096117
ENSG00000185513,single_gene,0.9666666666666667,0.9696969696969697,0.6303030303030304,0.4919350765721733,0.7651255966096117
ENSG00000185513,single_gene,0.9666666666666667,1.0,0.6303030303030304,0.4919350765721733,0.7651255966096117
ENSG00000185513,single_gene,1.0,1.0,0.6303030303030304,0.4919350765721733,0.7651255966096117
ENSG00000196367,single_gene,0.0,0.0,0.7323232323232324,0.5973483609239024,0.8503166803166803
ENSG00000196367,single_gene,0.0,0.030303030303030304,0.7323232323232324,0.5973483609239024,0.8503166803166803
ENSG00000196367,single_gene,0.03333333333333333,0.030303030303030304,0.7323232323232324,0.5973483609239024,0.8503166803166803
ENSG00000196367,single_gene,0.03333333333333333,0.30303030303030304,0.7323232323232324,0.5973483609239024,0.8503166803166803
ENSG00000196367,single_gene,0.13333333333333333,0.30303030303030304,0.7323232323232324,0.5973483609239024,0.8503166803166803
ENSG00000196367,single_gene,0.13333333333333333,0.48484848484848486,0.7323232323232324,0.5973483609239024,0.8503166803166803
ENSG00000196367,single_gene,0.2,0.48484848484848486,0.7323232323232324,0.5973483609239024,0.8503166803166803
ENSG00000196367,single_gene,0.2,0.5151515151515151,0.7323232323232324,0.5973483609239024,0.8503166803166803
ENSG00000196367,single_gene,0.26666666666666666,0.5151515151515151,0.7323232323232324,0.5973483609239024,0.8503166803166803
ENSG00000196367,single_gene,0.26666666666666666,0.5454545454545454,0.7323232323232324,0.5973483609239024,0.8503166803166803
ENSG00000196367,single_gene,0.3,0.5454545454545454,0.7323232323232324,0.5973483609239024,0.8503166803166803
ENSG00000196367,single_gene,0.3,0.6363636363636364,0.7323232323232324,0.5973483609239024,0.8503166803166803
ENSG00000196367,single_gene,0.3333333333333333,0.6363636363636364,0.7323232323232324,0.5973483609239024,0.8503166803166803
ENSG00000196367,single_gene,0.3333333333333333,0.696969696969697,0.7323232323232324,0.5973483609239024,0.8503166803166803
ENSG00000196367,single_gene,0.36666666666666664,0.696969696969697,0.7323232323232324,0.5973483609239024,0.8503166803166803
ENSG00000196367,single_gene,0.36666666666666664,0.7272727272727273,0.7323232323232324,0.5973483609239024,0.8503166803166803
ENSG00000196367,single_gene,0.4,0.7272727272727273,0.7323232323232324,0.5973483609239024,0.8503166803166803
ENSG00000196367,single_gene,0.4,0.7575757575757576,0.7323232323232324,0.5973483609239024,0.8503166803166803
ENSG00000196367,single_gene,0.4666666666666667,0.7575757575757576,0.7323232323232324,0.5973483609239024,0.8503166803166803
ENSG00000196367,single_gene,0.4666666666666667,0.8484848484848485,0.7323232323232324,0.5973483609239024,0.8503166803166803
ENSG00000196367,single_gene,0.5,0.8484848484848485,0.7323232323232324,0.5973483609239024,0.8503166803166803
ENSG00000196367,single_gene,0.5,0.8787878787878788,0.7323232323232324,0.5973483609239024,0.8503166803166803
ENSG00000196367,single_gene,0.6333333333333333,0.8787878787878788,0.7323232323232324,0.5973483609239024,0.8503166803166803
ENSG00000196367,single_gene,0.6333333333333333,0.9090909090909091,0.7323232323232324,0.5973483609239024,0.8503166803166803
ENSG00000196367,single_gene,0.6666666666666666,0.9090909090909091,0.7323232323232324,0.5973483609239024,0.8503166803166803
ENSG00000196367,single_gene,0.6666666666666666,0.9393939393939394,0.7323232323232324,0.5973483609239024,0.8503166803166803
ENSG00000196367,single_gene,0.7666666666666667,0.9393939393939394,0.7323232323232324,0.5973483609239024,0.8503166803166803
ENSG00000196367,single_gene,0.7666666666666667,0.9696969696969697,0.7323232323232324,0.5973483609239024,0.8503166803166803
ENSG00000196367,single_gene,0.9666666666666667,0.9696969696969697,0.7323232323232324,0.5973483609239024,0.8503166803166803
ENSG00000196367,single_gene,0.9666666666666667,1.0,0.7323232323232324,0.5973483609239024,0.8503166803166803
ENSG00000196367,single_gene,1.0,1.0,0.7323232323232324,0.5973483609239024,0.8503166803166803
ENSG00000197448,single_gene,0.0,0.0,0.7212121212121213,0.5858585858585859,0.8434438195340832
ENSG00000197448,single_gene,0.0,0.030303030303030304,0.7212121212121213,0.5858585858585859,0.8434438195340832
ENSG00000197448,single_gene,0.0,0.09090909090909091,0.7212121212121213,0.5858585858585859,0.8434438195340832
ENSG00000197448,single_gene,0.06666666666666667,0.09090909090909091,0.7212121212121213,0.5858585858585859,0.8434438195340832
ENSG00000197448,single_gene,0.06666666666666667,0.21212121212121213,0.7212121212121213,0.5858585858585859,0.8434438195340832
ENSG00000197448,single_gene,0.1,0.21212121212121213,0.7212121212121213,0.5858585858585859,0.8434438195340832
ENSG00000197448,single_gene,0.1,0.2727272727272727,0.7212121212121213,0.5858585858585859,0.8434438195340832
ENSG00000197448,single_gene,0.13333333333333333,0.2727272727272727,0.7212121212121213,0.5858585858585859,0.8434438195340832
ENSG00000197448,single_gene,0.13333333333333333,0.42424242424242425,0.7212121212121213,0.5858585858585859,0.8434438195340832
ENSG00000197448,single_gene,0.16666666666666666,0.42424242424242425,0.7212121212121213,0.5858585858585859,0.8434438195340832
ENSG00000197448,single_gene,0.16666666666666666,0.5151515151515151,0.7212121212121213,0.5858585858585859,0.8434438195340832
ENSG00000197448,single_gene,0.23333333333333334,0.5151515151515151,0.7212121212121213,0.5858585858585859,0.8434438195340832
ENSG00000197448,single_gene,0.23333333333333334,0.5757575757575758,0.7212121212121213,0.5858585858585859,0.8434438195340832
ENSG00000197448,single_gene,0.26666666666666666,0.5757575757575758,0.7212121212121213,0.5858585858585859,0.8434438195340832
ENSG00000197448,single_gene,0.26666666666666666,0.6060606060606061,0.7212121212121213,0.5858585858585859,0.8434438195340832
ENSG00000197448,single_gene,0.3,0.6060606060606061,0.7212121212121213,0.5858585858585859,0.8434438195340832
ENSG00000197448,single_gene,0.3,0.6666666666666666,0.7212121212121213,0.5858585858585859,0.8434438195340832
ENSG00000197448,single_gene,0.3333333333333333,0.6666666666666666,0.7212121212121213,0.5858585858585859,0.8434438195340832
ENSG00000197448,single_gene,0.3333333333333333,0.7575757575757576,0.7212121212121213,0.5858585858585859,0.8434438195340832
ENSG00000197448,single_gene,0.36666666666666664,0.7575757575757576,0.7212121212121213,0.5858585858585859,0.8434438195340832
ENSG00000197448,single_gene,0.36666666666666664,0.8181818181818182,0.7212121212121213,0.5858585858585859,0.8434438195340832
ENSG00000197448,single_gene,0.4,0.8181818181818182,0.7212121212121213,0.5858585858585859,0.8434438195340832
ENSG00000197448,single_gene,0.4,0.8484848484848485,0.7212121212121213,0.5858585858585859,0.8434438195340832
ENSG00000197448,single_gene,0.5333333333333333,0.8484848484848485,0.7212121212121213,0.5858585858585859,0.8434438195340832
ENSG00000197448,single_gene,0.5333333333333333,0.8787878787878788,0.7212121212121213,0.5858585858585859,0.8434438195340832
ENSG00000197448,single_gene,0.8,0.8787878787878788,0.7212121212121213,0.5858585858585859,0.8434438195340832
ENSG00000197448,single_gene,0.8,0.9090909090909091,0.7212121212121213,0.5858585858585859,0.8434438195340832
ENSG00000197448,single_gene,0.8333333333333334,0.9090909090909091,0.7212121212121213,0.5858585858585859,0.8434438195340832
ENSG00000197448,single_gene,0.8333333333333334,0.9393939393939394,0.7212121212121213,0.5858585858585859,0.8434438195340832
ENSG00000197448,single_gene,0.9666666666666667,0.9393939393939394,0.7212121212121213,0.5858585858585859,0.8434438195340832
ENSG00000197448,single_gene,0.9666666666666667,1.0,0.7212121212121213,0.5858585858585859,0.8434438195340832
ENSG00000197448,single_gene,1.0,1.0,0.7212121212121213,0.5858585858585859,0.8434438195340832
