gene,symbol,scores,log2FC,pvalue,padj,hedges_g_meta,meta_pvalue,meta_padj,I2,same_direction_datasets,is_deg,is_fdr_deg
ENSG00000136040,PLXNC1,3.812087036750024,1.2155355312474114,0.00014168621252209275,0.49676921465756246,1.2294639068927786,0.019697785530086203,0.9994264970432628,0.6633797301442789,4,True,False
ENSG00000173914,RBM4B,3.7570388484937056,0.5148933944241525,0.00017672330653061631,0.49676921465756246,1.0319787823540092,0.06412693999891288,0.9994264970432628,0.7118885612362661,3,True,False
ENSG00000136235,GPNMB,3.6469424719810695,1.273725089578162,0.0002725729847452071,0.5108017734125181,0.9704460653794241,0.04475156907341469,0.9994264970432628,0.642149618228244,3,True,False
ENSG00000139874,SSTR1,-3.4542738130839563,-1.1363034736814095,0.0005660250056020277,0.5249367602502428,-0.9346415553753676,0.0017778003492985612,0.9994264970432628,0.15199522421788703,4,True,False
ENSG00000152484,USP12,-3.3579394836353997,-0.6115030569146175,0.0008050330559300227,0.5249367602502428,-1.0614387240672607,0.020681371939425954,0.9994264970432628,0.5978617160992059,4,True,False
ENSG00000173611,SCAI,-3.3441774365713206,-0.7501269243939104,0.0008459767379691987,0.5249367602502428,-0.6614467818506521,0.011760616944106588,0.9994264970432628,0.0,4,True,False
ENSG00000172137,CALB2,3.330415389507241,1.342041237814409,0.0008888447033424363,0.5249367602502428,1.0371110702903215,0.09044681869044803,0.9994264970432628,0.7667406608516141,3,True,False
ENSG00000005700,IBTK,-3.3166533424431615,-0.5624856910274979,0.0009335864054648044,0.5249367602502428,-0.8964764842736727,0.0007544798702390069,0.9994264970432628,0.0,4,True,False
ENSG00000101040,ZMYND8,3.3166533424431615,0.5687042785292464,0.0009337188905198199,0.5249367602502428,0.8919654780286039,0.0008251377956577877,0.9994264970432628,0.0,4,True,False
ENSG00000143847,PPFIA4,3.3166533424431615,0.7071479401627403,0.0009337188905198199,0.5249367602502428,0.8241694594587151,0.020152669905058013,0.9994264970432628,0.38861554809203847,4,True,False
ENSG00000119866,BCL11A,3.2891292483150023,0.8594363510818125,0.0010298290629904426,0.5263362720120244,0.7031794754162113,0.0074969156973377395,0.9994264970432628,0.0,4,True,False
ENSG00000110693,SOX6,-3.1927949188664457,-1.0390035901435404,0.0014429753630505685,0.6760339575891914,-0.7692889853524748,0.00358276453211905,0.9994264970432628,0.0,4,True,False
ENSG00000196367,TRRAP,3.165270824738287,0.9029476524022053,0.0015864327535440024,0.686071149263414,0.8322070656777519,0.04406884033616321,0.9994264970432628,0.5390502978566386,3,True,False
ENSG00000143013,LMO4,3.055174448225651,0.595138489804788,0.002301450847763517,0.8543518830444778,0.7706525186681271,0.0036144394343643666,0.9994264970432628,0.0,4,True,False
ENSG00000197448,GSTK1,3.013888307033412,0.5855475754909657,0.0026383344145603843,0.8543518830444778,0.617329510174259,0.01788126090188982,0.9994264970432628,0.0,4,True,False
ENSG00000089280,FUS,2.9863642129052534,0.6849462274435189,0.002887350725337083,0.8543518830444778,0.8925165752231696,0.06371141322988516,0.9994264970432628,0.6497714393702673,4,True,False
ENSG00000144619,CNTN4,-2.9863642129052534,-0.6730312378038813,0.002887350725337083,0.8543518830444778,-0.627145046649201,0.016037717055084055,0.9994264970432628,0.0,4,True,False
ENSG00000165186,PTCHD1,2.9863642129052534,0.5816966113849912,0.002887350725337083,0.8543518830444778,0.5982037748178773,0.02220594044200585,0.9994264970432628,0.0,4,True,False
ENSG00000182985,CADM1,2.9863642129052534,0.6556640743507665,0.002887350725337083,0.8543518830444778,0.8540718297682041,0.06927897226887571,0.9994264970432628,0.6219322603954388,3,True,False
ENSG00000125249,RAP2A,-2.9588401187770943,-0.49011053874748645,0.0031576475751134924,0.8837974798761854,-0.6677070290120616,0.010679225499714954,0.9994264970432628,0.0,4,True,False
ENSG00000120616,EPC1,2.9450780717130147,0.4259960716447539,0.0033012712695481843,0.8837974798761854,0.577022657367601,0.025649718585579,0.9994264970432628,0.0,4,True,False
ENSG00000066557,LRRC40,-2.890029883456697,-0.694599282734145,0.003937213331414397,0.9311623462218839,-0.7262477564530484,0.005586286591611991,0.9994264970432628,0.0,4,True,False
ENSG00000145833,DDX46,2.8762678363926173,0.4410657266460586,0.0041126849962589826,0.9311623462218839,0.7359411935926143,0.08487764387277734,0.9994264970432628,0.5594877381515997,3,True,False
ENSG00000164181,ELOVL7,-2.8762678363926173,-0.8040966421734407,0.0041126849962589826,0.9311623462218839,-0.6831983523517949,0.008955298771232391,0.9994264970432628,0.0,4,True,False
ENSG00000104327,CALB1,2.848743742264458,1.2138732799280734,0.00448507999521374,0.9311623462218839,0.5680324755760822,0.048186722476411245,0.9994264970432628,0.14283106912239646,4,True,False
ENSG00000160299,PCNT,2.848743742264458,0.6044735798775505,0.00448507999521374,0.9311623462218839,0.5852205733111636,0.024832587461332076,0.9994264970432628,0.0,4,True,False
ENSG00000182919,C11orf54,-2.8349816952003786,-0.7420494065309727,0.004682507892877855,0.9311623462218839,-0.7096280883341349,0.008623900264302105,0.9994264970432628,0.038391739099586895,3,True,False
ENSG00000143321,HDGF,2.821219648136299,0.39949752252421367,0.004887771139016341,0.9311623462218839,0.6066045657493762,0.020106062712272128,0.9994264970432628,0.0,3,True,False
ENSG00000159167,STC1,2.8074576010722194,0.9333608678420166,0.005101140282183742,0.9311623462218839,0.7936931641089053,0.12592201281178214,0.9994264970432628,0.6828894747698923,3,True,False
ENSG00000188803,SHISA6,2.7936955540081403,0.7286379827497054,0.005322893424269466,0.9311623462218839,0.5581599098502491,0.047475814471947174,0.9994264970432628,0.1170512472025952,3,True,False
ENSG00000003402,CFLAR,2.7524094128159016,0.4941855820628771,0.006041354024020507,0.9311623462218839,0.5437844227360927,0.03658758722328364,0.9994264970432628,0.0,4,True,False
ENSG00000108830,RND2,2.7248853186877424,0.5575017730010092,0.00656769855553239,0.9311623462218839,0.6491216572380539,0.04216354115702868,0.9994264970432628,0.27992455388326143,4,True,False
ENSG00000176055,MBLAC2,-2.7248853186877424,-0.9785608036563149,0.00656769855553239,0.9311623462218839,-0.7300763765631632,0.0053892817167067895,0.9994264970432628,0.0,4,True,False
ENSG00000130844,ZNF331,2.7111232716236633,0.6861878735242396,0.006846035923274608,0.9311623462218839,0.6390293182423965,0.014609158434653999,0.9994264970432628,0.0,4,True,False
ENSG00000165655,ZNF503,-2.6973612245595837,-0.25320191599164427,0.007134926865021735,0.9311623462218839,-0.6331084487265568,0.14723382446237432,0.9994264970432628,0.5995917814929921,3,True,False
ENSG00000132002,DNAJB1,2.683599177495504,0.7822460837356724,0.007434714752690685,0.9311623462218839,0.6789664749387754,0.009183733058072793,0.9994264970432628,0.0,4,True,False
ENSG00000145730,PAM,2.683599177495504,0.5142201835090712,0.007434714752690685,0.9311623462218839,0.7494634695675808,0.016377410163434546,0.9994264970432628,0.23281308174967094,4,True,False
ENSG00000157445,CACNA2D3,2.683599177495504,0.8796336033118277,0.007434714752690685,0.9311623462218839,0.8134336108902818,0.04867326308989424,0.9994264970432628,0.5227906915604844,4,True,False
ENSG00000173141,MRPL57,2.683599177495504,0.502239526368878,0.007434714752690685,0.9311623462218839,0.6500601583555181,0.013103455561523262,0.9994264970432628,0.0,4,True,False
ENSG00000163602,RYBP,2.6698371304314246,0.3231804405707297,0.00774575170514943,0.9311623462218839,0.6937237998522345,0.036072316471140155,0.9994264970432628,0.3202484768922894,3,True,False
ENSG00000171634,BPTF,2.6698371304314246,0.29031339439934223,0.00774575170514943,0.9311623462218839,0.5200206759436435,0.04606398965215074,0.9994264970432628,0.002955665947000105,3,True,False
ENSG00000185043,CIB1,-2.656075083367345,-0.7497000945840943,0.008068398713494076,0.9311623462218839,-0.7358597107739971,0.024655647758241323,0.9994264970432628,0.30266005559182335,3,True,False
ENSG00000102466,FGF14,2.6423130363032654,0.5893585364997744,0.008403025764180868,0.9311623462218839,0.6680420044940438,0.1863156239463617,0.9994264970432628,0.6866361874941356,3,True,False
ENSG00000135298,ADGRB3,-2.6423130363032654,-0.42949591708631707,0.008403025764180868,0.9311623462218839,-0.5180780806430797,0.1416475554275576,0.9994264970432628,0.399074349657534,3,True,False
ENSG00000163630,SYNPR,-2.6423130363032654,-0.9395692896755359,0.008403025764180868,0.9311623462218839,-0.6882388211343644,0.008903686790915367,0.9994264970432628,0.0,4,True,False
ENSG00000104343,UBE2W,-2.628550989239186,-0.48106739764312073,0.008750011959814027,0.9311623462218839,-0.655575775784545,0.011857806460173812,0.9994264970432628,0.0,4,True,False
ENSG00000108379,WNT3,-2.628550989239186,-0.48805052647170555,0.008750011959814027,0.9311623462218839,-0.5918218866751567,0.05295865040355696,0.9994264970432628,0.2218877880459668,4,True,False
ENSG00000064652,SNX24,-2.6147889421751067,-0.21105239976525167,0.009109745637385813,0.9311623462218839,-0.5146355352867584,0.08844580120694677,0.9994264970432628,0.22112468870012839,3,True,False
ENSG00000178538,CA8,2.6147889421751067,0.7797945229476244,0.009109745637385813,0.9311623462218839,0.7058562147727885,0.031928456403728864,0.9994264970432628,0.3165449988728962,4,True,False
ENSG00000189184,PCDH18,-2.601026895111027,-0.8427759328551544,0.009482624483760289,0.9311623462218839,-0.6117793817651538,0.018189328013587466,0.9994264970432628,0.0,4,True,False
ENSG00000100811,YY1,2.5872648480469476,0.28575625927923026,0.009869055648188003,0.9311623462218839,0.5923961073820314,0.08384195544135734,0.9994264970432628,0.3770781577580203,3,True,False
ENSG00000183166,CALN1,-2.5872648480469476,-0.8371950873618214,0.009869055648188003,0.9311623462218839,-0.7064865451704941,0.02272656695712145,0.9994264970432628,0.2319608986110634,4,True,False
ENSG00000108349,CASC3,2.573502800982868,0.30704684884528133,0.010268543769607697,0.9311623462218839,0.6348077533791818,0.0675429239394378,0.9994264970432628,0.38571432274116696,4,False,False
ENSG00000146966,DENND2A,-2.573502800982868,-0.49948381747042186,0.010269455851634404,0.9311623462218839,-0.6178459396140698,0.01807668872079878,0.9994264970432628,0.0,4,False,False
ENSG00000148219,ASTN2,-2.573502800982868,-0.5859282421255332,0.010269455851634404,0.9311623462218839,-0.6210091563990139,0.022392621806026282,0.9994264970432628,0.06026182893925645,3,False,False
ENSG00000168675,LDLRAD4,-2.573502800982868,-0.546779329318053,0.010269455851634404,0.9311623462218839,-0.6264899320663435,0.018115186827468047,0.9994264970432628,0.0181394309912581,4,False,False
ENSG00000178381,ZFAND2A,2.573502800982868,0.6883651093834539,0.010269455851634404,0.9311623462218839,0.6330954819774799,0.014909986206378414,0.9994264970432628,0.0,4,False,False
ENSG00000109332,UBE2D3,2.5597407539187884,0.42362547150260027,0.010684251492700381,0.9311623462218839,0.5091528126778087,0.04825591335198751,0.9994264970432628,0.0,4,False,False
ENSG00000006118,TMEM132A,2.545978706854709,0.7443188376231479,0.011113878749909418,0.9311623462218839,0.7418764501577082,0.06624284203365684,0.9994264970432628,0.520023622090588,4,False,False
ENSG00000140600,SH3GL3,-2.545978706854709,-0.39725259716295686,0.011113878749909418,0.9311623462218839,-0.6886622705013062,0.29251715423290126,0.9994264970432628,0.8067382915244914,3,False,False
ENSG00000158555,GDPD5,-2.545978706854709,-0.5297966740358918,0.011113878749909418,0.9311623462218839,-0.6168365377820009,0.018211919814864214,0.9994264970432628,0.0,4,False,False
ENSG00000188385,JAKMIP3,2.545978706854709,0.6830075105945875,0.011113878749909418,0.9311623462218839,0.5894455909478773,0.023167438078289623,0.9994264970432628,0.0,4,False,False
ENSG00000160179,ABCG1,-2.5322166597906293,-0.37274858874432304,0.011558783680131676,0.9311623462218839,-0.6413601112952411,0.014433909618128049,0.9994264970432628,0.0,4,False,False
ENSG00000165300,SLITRK5,-2.5322166597906293,-0.4166331674217048,0.011558783680131676,0.9311623462218839,-0.4898307232995113,0.05807274411138989,0.9994264970432628,0.0,3,False,False
ENSG00000127328,RAB3IP,2.51845461272655,0.5500375299360523,0.012019422312912005,0.9311623462218839,0.6509232308388387,0.012519330524472107,0.9994264970432628,0.0,4,False,False
ENSG00000214026,MRPL23,-2.51845461272655,-0.525509110522974,0.012019422312912005,0.9311623462218839,-0.6412916321708958,0.014271210727676054,0.9994264970432628,0.0,3,False,False
ENSG00000110002,VWA5A,2.5046925656624706,0.47071371105625265,0.012496260740464265,0.9311623462218839,0.5772313812735075,0.02631142396997769,0.9994264970432628,0.0,4,False,False
ENSG00000120885,CLU,2.5046925656624706,0.7038192730653247,0.012496260740464265,0.9311623462218839,0.6704343743831099,0.1138183859342149,0.9994264970432628,0.5550239845493776,3,False,False
ENSG00000151929,BAG3,2.5046925656624706,0.7162304568146375,0.012496260740464265,0.9311623462218839,0.614776105383425,0.025595710338769465,0.9994264970432628,0.07855483320406775,4,False,False
ENSG00000164331,ANKRA2,-2.5046925656624706,-0.43245231312509114,0.012496260740464265,0.9311623462218839,-0.4627255811578481,0.0720437216641307,0.9994264970432628,0.0,4,False,False
ENSG00000183495,EP400,2.5046925656624706,0.6620598609717273,0.012496260740464265,0.9311623462218839,0.7318878779746076,0.0646658820340524,0.9994264970432628,0.4878350136277905,4,False,False
ENSG00000130287,NCAN,-2.490930518598391,-0.5842093583751865,0.012988687792336535,0.9311623462218839,-0.6286412556352248,0.016058981692444848,0.9994264970432628,0.0,4,False,False
ENSG00000175497,DPP10,-2.490930518598391,-0.45934753900047276,0.012989775203092392,0.9311623462218839,-0.5118510495027068,0.048400974231491416,0.9994264970432628,0.0,3,False,False
ENSG00000077782,FGFR1,2.4771684715343114,0.5790478680479801,0.01350045216979411,0.9311623462218839,0.5478276831822244,0.03447687726543354,0.9994264970432628,0.0,4,False,False
ENSG00000078328,RBFOX1,2.4771684715343114,0.6219374548259837,0.01350045216979411,0.9311623462218839,0.5265809756145841,0.04240192983448712,0.9994264970432628,0.0,3,False,False
ENSG00000124243,BCAS4,2.4771684715343114,0.6410257409988726,0.01350045216979411,0.9311623462218839,0.7126619986758844,0.035007136218318476,0.9994264970432628,0.3456624447347635,3,False,False
ENSG00000164151,ICE1,2.4771684715343114,0.6009334607479504,0.01350045216979411,0.9311623462218839,0.7281949214079321,0.006499266620303245,0.9994264970432628,0.020080460883586154,3,False,False
ENSG00000166501,PRKCB,2.4771684715343114,0.5216565204105452,0.01350045216979411,0.9311623462218839,0.6566813335516213,0.011950268531506695,0.9994264970432628,0.0,4,False,False
ENSG00000173821,RNF213,2.4771684715343114,0.24723555166320818,0.01350045216979411,0.9311623462218839,0.7727859376214034,0.15481342052153813,0.9994264970432628,0.721345712018418,3,False,False
ENSG00000114125,RNF7,-2.463406424470232,-0.7550429561783905,0.014028788413800782,0.9311623462218839,-0.6380493844434583,0.08031706483064821,0.9994264970432628,0.4369334117650394,3,False,False
ENSG00000164096,C4orf3,2.463406424470232,0.4038869226634661,0.014028788413800782,0.9311623462218839,0.6489738480582748,0.013437878892738318,0.9994264970432628,0.0,4,False,False
ENSG00000181234,TMEM132C,2.463406424470232,0.32884716224537935,0.014028788413800782,0.9311623462218839,0.574936966389853,0.026417332686609937,0.9994264970432628,0.0,4,False,False
ENSG00000204175,GPRIN2,2.463406424470232,0.46990968088195484,0.014028788413800782,0.9311623462218839,0.5950339520887886,0.06250313338982014,0.9994264970432628,0.2870237972624916,3,False,False
ENSG00000004534,RBM6,2.4496443774061523,0.3836759957102995,0.014575291082804302,0.9311623462218839,0.469664436798369,0.06802313075258794,0.9994264970432628,0.0,4,False,False
ENSG00000116161,CACYBP,2.4496443774061523,0.4179129217769549,0.014575291082804302,0.9311623462218839,0.4525282543750148,0.0786168077097968,0.9994264970432628,0.0,4,False,False
ENSG00000126070,AGO3,2.4496443774061523,0.3240123125443105,0.014575291082804302,0.9311623462218839,0.5245022133562256,0.042707774745541424,0.9994264970432628,0.0,4,False,False
ENSG00000151445,VIPAS39,2.4496443774061523,0.44979762463734085,0.014575291082804302,0.9311623462218839,0.6356090029943665,0.01494063967694212,0.9994264970432628,0.0,4,False,False
ENSG00000162688,AGL,-2.4496443774061523,-0.5750060671998231,0.014575291082804302,0.9311623462218839,-0.5006569550584422,0.05258270860078339,0.9994264970432628,0.0,4,False,False
ENSG00000107651,SEC23IP,-2.435882330342073,-0.771961433511017,0.01514047776361882,0.9457751776340557,-0.6135125509411362,0.01837154372090753,0.9994264970432628,0.0,4,False,False
ENSG00000198053,SIRPA,2.435882330342073,0.261282682434884,0.01514047776361882,0.9457751776340557,0.47530573999539133,0.07568345583142985,0.9994264970432628,0.04902530439771516,3,False,False
ENSG00000150995,ITPR1,-2.4221202832779936,-0.5325143796975975,0.015724876541023544,0.9609266947134171,-0.545623804629744,0.0359574527327664,0.9994264970432628,0.0,4,False,False
ENSG00000164902,PHAX,2.4221202832779936,0.40912003591530594,0.015724876541023544,0.9609266947134171,0.6129146011779809,0.1089607423756291,0.9994264970432628,0.47495445674806996,3,False,False
ENSG00000140937,CDH11,-2.408358236213914,-0.48149537903909384,0.016329026050529945,0.9613252214112156,-0.5944073328066501,0.022723710779454783,0.9994264970432628,0.0,4,False,False
ENSG00000149743,TRPT1,-2.408358236213914,-0.9742845882094655,0.016329026050529945,0.9613252214112156,-0.6585319126556364,0.05451633396269321,0.9994264970432628,0.3623778004316224,3,False,False
ENSG00000100591,AHSA1,2.3945961891498344,0.47547732953859256,0.01695347552481604,0.9613252214112156,0.5808040030131159,0.02496485739064035,0.9994264970432628,0.0,4,False,False
ENSG00000105939,ZC3HAV1,2.3945961891498344,0.5001223600283664,0.01695347552481604,0.9613252214112156,0.627008565211915,0.13313279227282737,0.9994264970432628,0.555481729164335,3,False,False
ENSG00000141027,NCOR1,2.3945961891498344,0.262471419876714,0.01695347552481604,0.9613252214112156,0.5114287011066304,0.09778099470154195,0.9994264970432628,0.24608833493831453,3,False,False
ENSG00000145050,MANF,2.3945961891498344,0.5467927527531135,0.01695347552481604,0.9613252214112156,0.5501630036073192,0.033216287658834505,0.9994264970432628,0.0,4,False,False
ENSG00000017427,IGF1,2.380834142085755,0.694349630036098,0.017598784833567954,0.9613252214112156,0.4931422183260808,0.05482664269000289,0.9994264970432628,0.0,4,False,False
ENSG00000160310,PRMT2,2.380834142085755,0.36760665689881294,0.017598784833567954,0.9613252214112156,0.477946692432786,0.1296749264991235,0.9994264970432628,0.2828359179026689,3,False,False
ENSG00000182901,RGS7,-2.380834142085755,-0.26620593643673013,0.017598784833567954,0.9613252214112156,-0.542682326353827,0.20582684062353984,0.9994264970432628,0.5716459191406061,3,False,False
ENSG00000114302,PRKAR2A,2.373953118553715,0.6421121923764588,0.01792806363466519,0.9613252214112156,0.6889060107623163,0.00828026933481942,0.9994264970432628,0.0,4,False,False
ENSG00000149357,LAMTOR1,-2.3670720950216753,-0.7219925475762033,0.018265524516468505,0.9613252214112156,-0.6101962620948768,0.0536849465954763,0.9994264970432628,0.27606139172408994,4,False,False
ENSG00000164209,SLC25A46,-2.3670720950216753,-0.5604479720444511,0.018265524516468505,0.9613252214112156,-0.5701764493156299,0.09849495292513152,0.9994264970432628,0.37515481653364874,3,False,False
ENSG00000172731,LRRC20,-2.3670720950216753,-0.4086837521222646,0.018265524516468505,0.9613252214112156,-0.5420448056839408,0.07120978410036378,0.9994264970432628,0.2118312430094511,3,False,False
ENSG00000203875,SNHG5,2.3670720950216753,0.6245193881741622,0.018265524516468505,0.9613252214112156,0.5822038051102388,0.025370588448548337,0.9994264970432628,0.0,4,False,False
ENSG00000182718,ANXA2,2.3533100479575957,0.5953529455570014,0.01895427580907139,0.9613252214112156,0.7640848547462836,0.14797162828899876,0.9994264970432628,0.6872559878264408,4,False,False
ENSG00000113845,TIMMDC1,2.3395480008935166,0.5129248367608968,0.019665630661299078,0.9613252214112156,0.47585819163437815,0.06572997295512868,0.9994264970432628,0.0,4,False,False
ENSG00000135334,AKIRIN2,2.3395480008935166,0.4016970735315541,0.019665630661299078,0.9613252214112156,0.6040749033028325,0.020137936584956138,0.9994264970432628,0.0,4,False,False
ENSG00000171617,ENC1,2.3395480008935166,0.5777358527598513,0.019665630661299078,0.9613252214112156,0.5204159319851278,0.10128662782540616,0.9994264970432628,0.2886597142598531,3,False,False
ENSG00000092096,SLC22A17,2.325785953829437,0.32404162444280493,0.02040019174830271,0.9613252214112156,0.6639499088722483,0.03442982596832882,0.9994264970432628,0.2551283702954273,4,False,False
ENSG00000115977,AAK1,2.325785953829437,0.6695751125572973,0.02040019174830271,0.9613252214112156,0.6049958285253917,0.02017135001481847,0.9994264970432628,0.0,3,False,False
ENSG00000125144,MT1G,2.325785953829437,0.7684586736739831,0.02040019174830271,0.9613252214112156,0.4568900205397229,0.07521669373775791,0.9994264970432628,0.0,4,False,False
ENSG00000132823,OSER1,2.325785953829437,0.4022292269831265,0.02040019174830271,0.9613252214112156,0.4283151049475865,0.0945621039882874,0.9994264970432628,0.0,4,False,False
ENSG00000163389,POGLUT1,2.325785953829437,0.4487572258287744,0.02040019174830271,0.9613252214112156,0.664630552704591,0.11939331953770996,0.9994264970432628,0.5751957397908963,3,False,False
ENSG00000178567,EPM2AIP1,2.325785953829437,0.5575008270067522,0.02040019174830271,0.9613252214112156,0.5605748104569458,0.030153514626946574,0.9994264970432628,0.0,4,False,False
ENSG00000075407,ZNF37A,2.3120239067653574,0.30605134429459674,0.021158572473421462,0.9613252214112156,0.4511060010386701,0.07934022507877883,0.9994264970432628,0.0,4,False,False
ENSG00000136936,XPA,-2.3120239067653574,-0.49058177710490286,0.021158572473421462,0.9613252214112156,-0.5280073580880732,0.0403101074588629,0.9994264970432628,0.0,4,False,False
ENSG00000215717,TMEM167B,-2.3120239067653574,-0.5193474162011829,0.021158572473421462,0.9613252214112156,-0.5215543553530463,0.08263050738882737,0.9994264970432628,0.20440209185019473,4,False,False
ENSG00000111596,CNOT2,2.298261859701278,0.5687246179998515,0.02194139696298086,0.9613252214112156,0.440701517430837,0.08652918728886554,0.9994264970432628,0.0,4,False,False
ENSG00000174080,CTSF,-2.298261859701278,-0.3521436438185803,0.02194139696298086,0.9613252214112156,-0.5607881209882946,0.0315553620305483,0.9994264970432628,0.0,4,False,False
ENSG00000241878,PISD,2.298261859701278,0.35481867514177223,0.02194139696298086,0.9613252214112156,0.4663062756949793,0.07102428673971262,0.9994264970432628,0.0,4,False,False
ENSG00000140416,TPM1,-2.2844998126371983,-0.806612531366491,0.022747670145592595,0.9613252214112156,-0.6207246679021452,0.016505299208196413,0.9994264970432628,0.0,4,False,False
ENSG00000198838,RYR3,-2.2844998126371983,-0.5348850964796049,0.022747670145592595,0.9613252214112156,-0.5861469011751592,0.023817516328985624,0.9994264970432628,0.0,4,False,False
ENSG00000134330,IAH1,2.2844998126371983,0.41687194793767884,0.022749300052669206,0.9613252214112156,0.5131491379833469,0.04604185465331253,0.9994264970432628,0.0,4,False,False
ENSG00000140443,IGF1R,2.2844998126371983,0.46073939637255257,0.022749300052669206,0.9613252214112156,0.5084492248303575,0.048644210166475736,0.9994264970432628,0.0,4,False,False
ENSG00000147481,SNTG1,2.2844998126371983,0.37172913747058584,0.022749300052669206,0.9613252214112156,0.6257843072572083,0.16923180156797446,0.9994264970432628,0.6223086151906769,3,False,False
ENSG00000187068,C3orf70,-2.2844998126371983,-0.5588543463032976,0.022749300052669206,0.9613252214112156,-0.5314316488661881,0.03901956819985729,0.9994264970432628,0.0,4,False,False
ENSG00000187257,RSBN1L,2.2844998126371983,0.42912412591880594,0.022749300052669206,0.9613252214112156,0.6653821665274837,0.01060115700985481,0.9994264970432628,0.0,4,False,False
ENSG00000188419,CHM,-2.2844998126371983,-0.6804270911408004,0.022749300052669206,0.9613252214112156,-0.5641362193930427,0.05164109115737946,0.9994264970432628,0.16033668630970901,3,False,False
ENSG00000038382,TRIO,2.2707377655731187,0.45734567224770617,0.02358292726523282,0.9613252214112156,0.46990846812459264,0.0673723036887074,0.9994264970432628,0.0,4,False,False
ENSG00000107929,LARP4B,-2.2707377655731187,-0.4845235765579312,0.02358292726523282,0.9613252214112156,-0.6373224413656229,0.01484762501470553,0.9994264970432628,0.0,4,False,False
ENSG00000110172,CHORDC1,2.2707377655731187,0.5939736604322257,0.02358292726523282,0.9613252214112156,0.5785404451421386,0.08438861465377864,0.9994264970432628,0.3457002597298423,3,False,False
ENSG00000124444,ZNF576,-2.256975718509039,-0.5513280709945129,0.02444293477923297,0.9613252214112156,-0.573364219511764,0.10609001413481865,0.9994264970432628,0.4143874486019005,3,False,False
ENSG00000129292,PHF20L1,2.256975718509039,0.13554631710931134,0.02444293477923297,0.9613252214112156,0.6621127464901824,0.22220318556619068,0.9994264970432628,0.7231716453696776,3,False,False
ENSG00000139910,NOVA1,2.256975718509039,0.2505458005937636,0.02444293477923297,0.9613252214112156,0.4845937440875389,0.09067207020241273,0.9994264970432628,0.14894972179628518,3,False,False
ENSG00000160305,DIP2A,2.256975718509039,0.6023743701944935,0.02444293477923297,0.9613252214112156,0.5941652805038338,0.022059371445400506,0.9994264970432628,0.0,4,False,False
ENSG00000163781,TOPBP1,-2.256975718509039,-0.5689442310853764,0.02444293477923297,0.9613252214112156,-0.566157998611211,0.029044569291040982,0.9994264970432628,0.0,4,False,False
ENSG00000168591,TMUB2,-2.256975718509039,-0.5604047233492149,0.02444293477923297,0.9613252214112156,-0.5386543790430341,0.03684491543625232,0.9994264970432628,0.0,4,False,False
ENSG00000103275,UBE2I,-2.24321367144496,-0.3814623173808554,0.02532998938860904,0.9613252214112156,-0.4819714388079425,0.07460482159667528,0.9994264970432628,0.06434984706876828,3,False,False
ENSG00000124225,PMEPA1,2.24321367144496,0.09442649721032698,0.02532998938860904,0.9613252214112156,0.3000701496031295,0.49849896274546024,0.9994264970432628,0.6218318305912884,3,False,False
ENSG00000144218,AFF3,-2.24321367144496,-0.5125179281256624,0.02532998938860904,0.9613252214112156,-0.5883610786375266,0.02346948370522056,0.9994264970432628,0.0,4,False,False
ENSG00000158828,PINK1,-2.24321367144496,-0.6718096844092315,0.02532998938860904,0.9613252214112156,-0.5683313488795717,0.028274092478504247,0.9994264970432628,0.0,3,False,False
ENSG00000163629,PTPN13,-2.24321367144496,-0.5355887315607786,0.02532998938860904,0.9613252214112156,-0.5094381513880335,0.04848116050518071,0.9994264970432628,0.0,4,False,False
ENSG00000167081,PBX3,2.24321367144496,0.6028755081107919,0.02532998938860904,0.9613252214112156,0.5948425764338013,0.022215875515315828,0.9994264970432628,0.0,4,False,False
ENSG00000175215,CTDSP2,2.24321367144496,0.4977142305608481,0.02532998938860904,0.9613252214112156,0.47549950550963666,0.06476793543370211,0.9994264970432628,0.0,4,False,False
ENSG00000245532,NEAT1,2.2294516243808804,0.8289711732545835,0.026242968209038712,0.9613252214112156,0.5238007238229527,0.14828073050469345,0.9994264970432628,0.4348951492245495,3,False,False
ENSG00000052841,TTC17,2.2294516243808804,0.2500602373094263,0.026244768452794574,0.9613252214112156,0.44286154192225585,0.3951965510565141,0.9994264970432628,0.7150479163189901,2,False,False
ENSG00000118473,SGIP1,-2.2294516243808804,-0.5917362931955522,0.026244768452794574,0.9613252214112156,-0.5421246975790024,0.03620448761310365,0.9994264970432628,0.0,4,False,False
ENSG00000165271,NOL6,-2.2294516243808804,-0.38096605452851046,0.026244768452794574,0.9613252214112156,-0.6403903727210254,0.09955049980101205,0.9994264970432628,0.47434473033644103,4,False,False
ENSG00000167232,ZNF91,2.2294516243808804,0.5325106579848903,0.026244768452794574,0.9613252214112156,0.5633693199834588,0.029721039126193137,0.9994264970432628,0.0,4,False,False
ENSG00000070495,JMJD6,2.215689577316801,0.40863795439941636,0.027187959837136833,0.9613252214112156,0.46876997344545096,0.06898396177078138,0.9994264970432628,0.0,4,False,False
ENSG00000085719,CPNE3,-2.215689577316801,-0.472771262553419,0.027187959837136833,0.9613252214112156,-0.5581699444139162,0.03195290908404745,0.9994264970432628,0.0,4,False,False
ENSG00000103489,XYLT1,-2.215689577316801,-0.5924430611444548,0.027187959837136833,0.9613252214112156,-0.511676882918822,0.07931426161740276,0.9994264970432628,0.17575487535740392,3,False,False
ENSG00000106484,MEST,2.215689577316801,0.620558130327256,0.027187959837136833,0.9613252214112156,0.5684709905676795,0.03564196611478672,0.9994264970432628,0.05585556959532626,3,False,False
ENSG00000112335,SNX3,2.215689577316801,0.25235062759440235,0.027187959837136833,0.9613252214112156,0.3636933729712067,0.15621605672608949,0.9994264970432628,0.0,4,False,False
ENSG00000132329,RAMP1,2.215689577316801,0.34220036544883686,0.027187959837136833,0.9613252214112156,0.33905418169353435,0.18618624931074124,0.9994264970432628,0.0,4,False,False
ENSG00000145990,GFOD1,2.215689577316801,0.2683644720545584,0.027187959837136833,0.9613252214112156,0.5509694922581331,0.03456168613145887,0.9994264970432628,0.0,3,False,False
ENSG00000176720,BOK,2.215689577316801,0.5860659732807352,0.027187959837136833,0.9613252214112156,0.573643498758122,0.02651532569903582,0.9994264970432628,0.0,4,False,False
ENSG00000060339,CCAR1,2.2019275302527213,0.38678730949271395,0.028160261843372718,0.9701237748899372,0.5422565805555936,0.03675564932254299,0.9994264970432628,0.0,4,False,False
ENSG00000114796,KLHL24,2.2019275302527213,0.4302183915349762,0.028160261843372718,0.9701237748899372,0.48962161890596806,0.05668380629749853,0.9994264970432628,0.0,4,False,False
ENSG00000150967,ABCB9,-2.2019275302527213,-0.5325343680111255,0.028160261843372718,0.9701237748899372,-0.5376182821970514,0.03776437886092348,0.9994264970432628,0.0,4,False,False
ENSG00000163513,TGFBR2,-2.2019275302527213,-0.608105789750359,0.028160261843372718,0.9701237748899372,-0.6262934593129252,0.10437835286960272,0.9994264970432628,0.47624473278371515,4,False,False
ENSG00000100600,LGMN,-2.1881654831886417,-0.49408852275459886,0.029162383129918073,0.9701237748899372,-0.45518957431318924,0.07633412379317392,0.9994264970432628,0.0,4,False,False
ENSG00000153707,PTPRD,2.1881654831886417,0.2853062213645142,0.029162383129918073,0.9701237748899372,0.6254509651582307,0.1616020063606345,0.9994264970432628,0.6082353616896673,3,False,False
ENSG00000158480,SPATA2,2.1881654831886417,0.33892122087094967,0.029162383129918073,0.9701237748899372,0.43415236218316816,0.09957627592754591,0.9994264970432628,0.029323875075724436,3,False,False
ENSG00000170558,CDH2,2.1881654831886417,0.3836923111643274,0.029162383129918073,0.9701237748899372,0.6270174627343985,0.0605279356624995,0.9994264970432628,0.33066497024766495,3,False,False
ENSG00000175376,EIF1AD,2.1881654831886417,0.6219878110825161,0.029162383129918073,0.9701237748899372,0.4309541943493098,0.16996581625939566,0.9994264970432628,0.27968407049218436,4,False,False
ENSG00000198300,PEG3,2.1881654831886417,0.6300305796410754,0.029162383129918073,0.9701237748899372,0.59191280210093,0.13319023883514614,0.9994264970432628,0.509305618575735,3,False,False
ENSG00000115271,GCA,-2.174403436124562,-0.3817789378253479,0.030195042621732098,0.9763218112240724,-0.4201082048043107,0.2571137194152706,0.9994264970432628,0.46916873510658463,2,False,False
ENSG00000149532,CPSF7,-2.174403436124562,-0.6094400999332973,0.030195042621732098,0.9763218112240724,-0.5743387478850304,0.026717860837987405,0.9994264970432628,0.0,4,False,False
ENSG00000171444,MCC,-2.174403436124562,-0.4320944524210938,0.030195042621732098,0.9763218112240724,-0.5611900065758036,0.06639883796523877,0.9994264970432628,0.22823528868078835,4,False,False
ENSG00000127526,SLC35E1,2.1606413890604825,0.546096321436268,0.03125896940952206,0.9763218112240724,0.5280006855042213,0.04090909802799585,0.9994264970432628,0.0,4,False,False
ENSG00000135333,EPHA7,-2.1606413890604825,-0.48208553334388876,0.03125896940952206,0.9763218112240724,-0.34887788675786935,0.17485125724642359,0.9994264970432628,0.0,3,False,False
ENSG00000135838,NPL,-2.1606413890604825,-0.48151905401572953,0.03125896940952206,0.9763218112240724,-0.4355526531191143,0.20903581101452207,0.9994264970432628,0.3931829966277106,3,False,False
ENSG00000146242,TPBG,-2.1606413890604825,-0.643671698091818,0.03125896940952206,0.9763218112240724,-0.48240881087079324,0.060715205468522285,0.9994264970432628,0.0,4,False,False
ENSG00000148143,ZNF462,2.1606413890604825,0.21109328937937435,0.03125896940952206,0.9763218112240724,0.3643430652505682,0.15680326615276963,0.9994264970432628,0.0,3,False,False
ENSG00000157796,WDR19,2.1606413890604825,0.4175181351675262,0.03125896940952206,0.9763218112240724,0.46683837772575726,0.20463046645941452,0.9994264970432628,0.45600893921031416,3,False,False
ENSG00000188042,ARL4C,2.1606413890604825,0.20385693428986665,0.03125896940952206,0.9763218112240724,0.44057522001188215,0.2102641712261566,0.9994264970432628,0.41448916046623185,2,False,False
ENSG00000198522,GPN1,2.1606413890604825,0.32527185938678016,0.03125896940952206,0.9763218112240724,0.5303253600024747,0.18432293698382496,0.9994264970432628,0.5332797162957571,3,False,False
ENSG00000070756,PABPC1,2.1468793419964034,0.42495524505651255,0.03235490263806051,0.9988649065852581,0.5076688530456948,0.04866967206478817,0.9994264970432628,0.0,4,False,False
ENSG00000116741,RGS2,2.1468793419964034,0.504089360907382,0.03235490263806051,0.9988649065852581,0.6841512826079501,0.1374036589608483,0.9994264970432628,0.6101551118473968,3,False,False
ENSG00000065883,CDK13,2.133117294932324,0.5891525467801361,0.03348146784608095,0.9988649065852581,0.5765048054358726,0.03603276575211303,0.9994264970432628,0.07778569493006952,4,False,False
ENSG00000108100,CCNY,-2.133117294932324,-0.36198696122628854,0.03348146784608095,0.9988649065852581,-0.5327916166731326,0.03911380503180088,0.9994264970432628,0.0,4,False,False
ENSG00000105290,APLP1,2.133117294932324,0.3995976771574761,0.033483591383389834,0.9988649065852581,0.5868833447230575,0.05994161943605632,0.9994264970432628,0.2540556546271652,4,False,False
ENSG00000113269,RNF130,2.133117294932324,-0.12514201185110524,0.033483591383389834,0.9988649065852581,0.5694064646910552,0.3179236329724032,0.9994264970432628,0.7565334311337717,3,False,False
ENSG00000022567,SLC45A4,2.1193552478682443,0.3163567054397048,0.03464362228340331,0.9988649065852581,0.48446928831022945,0.2742524876902378,0.9994264970432628,0.6167311343472736,2,False,False
ENSG00000109846,CRYAB,2.1193552478682443,0.6471473615824476,0.03464362228340331,0.9988649065852581,0.4648294018902271,0.07054155097011018,0.9994264970432628,0.0,4,False,False
ENSG00000119574,ZBTB45,-2.1193552478682443,-0.5730421830247607,0.03464579451869892,0.9988649065852581,-0.5389610629766358,0.036452393627146314,0.9994264970432628,0.0,4,False,False
ENSG00000145782,ATG12,2.1193552478682443,0.244535788066185,0.03464579451869892,0.9988649065852581,0.3893390683413398,0.1311966365989178,0.9994264970432628,0.0,3,False,False
ENSG00000154473,BUB3,2.1193552478682443,0.17724237049489946,0.03464579451869892,0.9988649065852581,0.5047180608494901,0.07448292732817068,0.9994264970432628,0.12976785369310756,3,False,False
ENSG00000160131,VMA21,-2.1193552478682443,-0.6787056976568007,0.03464579451869892,0.9988649065852581,-0.512114191204919,0.04660561388239602,0.9994264970432628,0.0,4,False,False
ENSG00000168702,LRP1B,-2.1193552478682443,-0.43730161388493427,0.03464579451869892,0.9988649065852581,-0.2999556882805421,0.4426753520435538,0.9994264970432628,0.5177555864240183,3,False,False
ENSG00000170899,GSTA4,-2.1193552478682443,-0.5942758505760128,0.03464579451869892,0.9988649065852581,-0.4841265836033157,0.2092075721512089,0.9994264970432628,0.5007544349258777,2,False,False
ENSG00000172379,ARNT2,-2.1193552478682443,-0.332213907684254,0.03464579451869892,0.9988649065852581,-0.502037773255169,0.06479992078583989,0.9994264970432628,0.07007385026282438,4,False,False
ENSG00000044574,HSPA5,2.1055932008041647,0.5619987020291689,0.035842280568659485,1.0,0.49254082957293394,0.05739463006296222,0.9994264970432628,0.0,3,False,False
ENSG00000102024,PLS3,2.1055932008041647,0.378023374442932,0.035842280568659485,1.0,0.5354079500941373,0.1725738021520501,0.9994264970432628,0.5132411283877274,3,False,False
ENSG00000138622,HCN4,-2.1055932008041647,-0.34770053181338734,0.035842280568659485,1.0,-0.42234940080636446,0.10083764541558558,0.9994264970432628,0.0,3,False,False
ENSG00000143575,HAX1,2.1055932008041647,0.271213198151078,0.035842280568659485,1.0,0.4287802528722477,0.09760703436450811,0.9994264970432628,0.0,4,False,False
ENSG00000170571,EMB,-2.1055932008041647,-0.37477622439560004,0.035842280568659485,1.0,-0.43704653214844325,0.08899703185139536,0.9994264970432628,0.0,4,False,False
ENSG00000108231,LGI1,2.091831153740085,0.5097887913888306,0.037073827552019024,1.0,0.45084654495119986,0.08073071797574471,0.9994264970432628,0.0,3,False,False
ENSG00000115170,ACVR1,-2.091831153740085,-0.6022219947282293,0.037073827552019024,1.0,-0.6159683885275112,0.01818073265321372,0.9994264970432628,0.0,4,False,False
ENSG00000128578,STRIP2,-2.091831153740085,-0.36485926880512504,0.037073827552019024,1.0,-0.3284567633483826,0.19971641908694127,0.9994264970432628,0.0,3,False,False
ENSG00000213614,HEXA,2.091831153740085,0.5205168834205282,0.037073827552019024,1.0,0.4270332803620073,0.16190740022806716,0.9994264970432628,0.24404184963029155,3,False,False
ENSG00000111799,COL12A1,-2.0780691066760055,-0.7335946083699877,0.03834122281225405,1.0,-0.5439088406817535,0.03678677820626254,0.9994264970432628,0.0,3,False,False
ENSG00000116539,ASH1L,2.0780691066760055,0.2904090428631268,0.03834122281225405,1.0,0.37884660574390017,0.139790717132982,0.9994264970432628,0.0,3,False,False
ENSG00000134283,PPHLN1,-2.0780691066760055,-0.27446609299606783,0.03834122281225405,1.0,-0.5332233893978808,0.0868685212942811,0.9994264970432628,0.2578235747873422,4,False,False
ENSG00000100504,PYGL,-2.0643070596119264,-0.4830335599167029,0.03964526283609494,1.0,-0.4724901171635564,0.06665053975111075,0.9994264970432628,0.0,4,False,False
ENSG00000106078,COBL,2.0643070596119264,0.35067289094400445,0.03964526283609494,1.0,0.5413729975233221,0.036356724917568924,0.9994264970432628,0.0,4,False,False
ENSG00000113361,CDH6,2.0643070596119264,0.4910331238571835,0.03964526283609494,1.0,0.4095601094982421,0.11317548268277118,0.9994264970432628,0.0,3,False,False
ENSG00000119729,RHOQ,-2.0643070596119264,-0.39765992373783315,0.03964526283609494,1.0,-0.505643817224661,0.11501106309361664,0.9994264970432628,0.2952387616672315,3,False,False
ENSG00000124098,FAM210B,2.0643070596119264,0.10681360160681964,0.03964526283609494,1.0,0.4830022121935954,0.25737157253043885,0.9994264970432628,0.563744719110825,3,False,False
ENSG00000130717,UCK1,-2.0643070596119264,-0.528757382119094,0.03964526283609494,1.0,-0.4858415053368746,0.060623377624000246,0.9994264970432628,0.0,4,False,False
ENSG00000134115,CNTN6,-2.0643070596119264,-0.15208470340588573,0.03964526283609494,1.0,-0.3117753937458264,0.22419752156942252,0.9994264970432628,0.0,3,False,False
ENSG00000134987,WDR36,-2.0643070596119264,-0.39210484160866027,0.03964526283609494,1.0,-0.4696793042990634,0.06749911639700461,0.9994264970432628,0.0,4,False,False
ENSG00000168785,TSPAN5,2.0643070596119264,0.5535118915682993,0.03964526283609494,1.0,0.4763996832969871,0.06551492361087406,0.9994264970432628,0.0,4,False,False
ENSG00000055332,EIF2AK2,2.050545012547847,0.6243308982020978,0.04098675305974333,1.0,0.5145719508054524,0.046478017803102595,0.9994264970432628,0.0,4,False,False
ENSG00000122912,SLC25A16,-2.050545012547847,-0.6348486336322992,0.04098675305974333,1.0,-0.5011685145948677,0.05198675342114161,0.9994264970432628,0.0,4,False,False
ENSG00000130766,SESN2,2.050545012547847,0.43625257067040996,0.04098675305974333,1.0,0.449212242087917,0.14064914951950788,0.9994264970432628,0.24210953792793577,3,False,False
ENSG00000131263,RLIM,-2.050545012547847,-0.5879490015200407,0.04098675305974333,1.0,-0.4821365787330945,0.061048543981238705,0.9994264970432628,0.0,4,False,False
ENSG00000160058,BSDC1,2.050545012547847,0.1604543197216069,0.04098675305974333,1.0,0.3869576866445988,0.13387502261061454,0.9994264970432628,0.0,3,False,False
ENSG00000164190,NIPBL,2.050545012547847,0.3759980373432571,0.04098675305974333,1.0,0.4768951864957833,0.06466573993338,0.9994264970432628,0.0,4,False,False
ENSG00000165671,NSD1,2.050545012547847,0.25455863670200923,0.04098675305974333,1.0,0.316775727018464,0.21577537032296434,0.9994264970432628,0.0,4,False,False
ENSG00000073614,KDM5A,2.0367829654837672,0.3075982403211149,0.04236650766260958,1.0,0.41524989692078906,0.10555069829621407,0.9994264970432628,0.0,4,False,False
ENSG00000082153,BZW1,-2.0367829654837672,-0.468505343318879,0.04236650766260958,1.0,-0.6315872729256911,0.10032768443710453,0.9994264970432628,0.48086122529117364,3,False,False
ENSG00000114757,PEX5L,-2.0367829654837672,-0.20622875801048365,0.04236650766260958,1.0,-0.5357305206402321,0.36601500102797235,0.9994264970432628,0.7358666847435716,3,False,False
ENSG00000180104,EXOC3,2.0367829654837672,0.3876961655542672,0.04236650766260958,1.0,0.4263929818991165,0.09838546839720005,0.9994264970432628,0.0,4,False,False
ENSG00000186340,THBS2,2.0367829654837672,0.465630769167172,0.04236650766260958,1.0,0.4925341489791545,0.05599396480348808,0.9994264970432628,0.0,4,False,False
ENSG00000189058,APOD,2.0367829654837672,0.29184682379689436,0.04236650766260958,1.0,0.35656870633438315,0.18554401413206778,0.9994264970432628,0.0671841320646549,3,False,False
ENSG00000138744,NAAA,2.0230209184196877,0.35660680774947257,0.04378534934841086,1.0,0.4962563850344965,0.05441617455655805,0.9994264970432628,0.0,4,False,False
ENSG00000147408,CSGALNACT1,-2.0230209184196877,-0.4657849271127843,0.04378534934841086,1.0,-0.5376064143188781,0.03682130958011488,0.9994264970432628,0.0,4,False,False
ENSG00000155380,SLC16A1,-2.0230209184196877,-0.19140748636639549,0.04378534934841086,1.0,-0.4120247402307504,0.20221456826436945,0.9994264970432628,0.30345513145139635,3,False,False
ENSG00000166908,PIP4K2C,2.0230209184196877,0.5367110908229193,0.04378534934841086,1.0,0.4960023591506456,0.054548679430882006,0.9994264970432628,0.0,4,False,False
ENSG00000173114,LRRN3,-2.0230209184196877,-0.5296547635115519,0.04378534934841086,1.0,-0.5369211248497773,0.038608258298241736,0.9994264970432628,0.0,4,False,False
ENSG00000007402,CACNA2D2,-2.009258871355608,-0.19921401856216375,0.045244109113476635,1.0,-0.41564457356426904,0.1458487773942111,0.9994264970432628,0.15451750051898078,3,False,False
ENSG00000100897,DCAF11,-2.009258871355608,-0.4825218942338377,0.045244109113476635,1.0,-0.44029623546458874,0.08813186441223797,0.9994264970432628,0.0,4,False,False
ENSG00000104408,EIF3E,2.009258871355608,0.38333017283443777,0.045244109113476635,1.0,0.42761292206480506,0.21123995150321184,0.9994264970432628,0.38549883062569057,3,False,False
ENSG00000133805,AMPD3,-2.009258871355608,-0.5549711086757565,0.045244109113476635,1.0,-0.5239585179033246,0.042386500289195536,0.9994264970432628,0.0,4,False,False
ENSG00000134825,TMEM258,2.009258871355608,0.2777882194098841,0.045244109113476635,1.0,0.340970883476805,0.18397060198894832,0.9994264970432628,0.0,4,False,False
ENSG00000144724,PTPRG,2.009258871355608,0.2897682709641961,0.045244109113476635,1.0,0.4509089689538292,0.1643195575678319,0.9994264970432628,0.3218871287189308,3,False,False
ENSG00000001084,GCLC,-1.9954968242915287,-0.5720695902426085,0.04674362600212136,1.0,-0.46551379289547296,0.07214295815614855,0.9994264970432628,0.0,4,False,False
ENSG00000120694,HSPH1,1.9954968242915287,0.41382749329981033,0.04674362600212136,1.0,0.6307190230606691,0.1175553783149628,0.9994264970432628,0.519739365011142,3,False,False
ENSG00000125744,RTN2,-1.9954968242915287,-0.519719268712223,0.04674362600212136,1.0,-0.43704859654795025,0.0881701248076613,0.9994264970432628,0.0,4,False,False
ENSG00000125772,GPCPD1,-1.9954968242915287,-0.4521446041315282,0.04674362600212136,1.0,-0.5083443325412734,0.0501425532270037,0.9994264970432628,0.0,3,False,False
ENSG00000162402,USP24,-1.9954968242915287,-0.4699569708193722,0.04674362600212136,1.0,-0.44178878858996523,0.08527576840600766,0.9994264970432628,0.0,4,False,False
ENSG00000169710,FASN,-1.9954968242915287,-0.6392368655447075,0.04674362600212136,1.0,-0.4385623728399974,0.08838946512122402,0.9994264970432628,0.0,4,False,False
ENSG00000174197,MGA,1.9954968242915287,0.42029382731652504,0.04674362600212136,1.0,0.47450006335508865,0.06605343354573831,0.9994264970432628,0.0,3,False,False
ENSG00000187764,SEMA4D,1.9954968242915287,0.3378747205892504,0.04674362600212136,1.0,0.4417796695606641,0.08595072243230331,0.9994264970432628,0.0,4,False,False
ENSG00000244405,ETV5,1.9954968242915287,0.353501254340226,0.04674362600212136,1.0,0.42173633832963325,0.09989778897696576,0.9994264970432628,0.0,4,False,False
ENSG00000085721,RRN3,-1.9817347772274492,-0.46393273534902807,0.04828474684895361,1.0,-0.423597398931353,0.17186970133670065,0.9994264970432628,0.2619214230763432,3,False,False
ENSG00000152404,CWF19L2,1.9817347772274492,0.5949512832829381,0.04828474684895361,1.0,0.48008898960527985,0.06269613274553647,0.9994264970432628,0.0,4,False,False
ENSG00000155660,PDIA4,1.9817347772274492,0.3414381619208283,0.04828474684895361,1.0,0.5352199134789759,0.071281077711911,0.9994264970432628,0.1986413100978877,3,False,False
ENSG00000163320,CGGBP1,1.9817347772274492,0.099283355385971,0.04828474684895361,1.0,0.5997066669880505,0.2150383531902751,0.9994264970432628,0.657079939002217,3,False,False
ENSG00000164434,FABP7,-1.9817347772274492,-0.6357350905922157,0.04828474684895361,1.0,-0.38308210755014754,0.13382293847282045,0.9994264970432628,0.0,4,False,False
ENSG00000175048,ZDHHC14,1.9817347772274492,0.36292470016533696,0.04828474684895361,1.0,0.49940450059329805,0.05466339476974338,0.9994264970432628,0.0,2,False,False
ENSG00000188559,RALGAPA2,1.9817347772274492,1.1167585116664758,0.04828474684895361,1.0,0.521149458175637,0.24452618550291483,0.9994264970432628,0.620922606327822,2,False,False
ENSG00000188811,NHLRC3,-1.9817347772274492,-0.6935671628493069,0.04828474684895361,1.0,-0.5478906226159339,0.034415984147042875,0.9994264970432628,0.0,4,False,False
ENSG00000115568,ZNF142,1.9679727301633696,0.6216661133056864,0.049868326008003325,1.0,0.42364711980557285,0.09834490378940008,0.9994264970432628,0.0,4,False,False
ENSG00000124228,DDX27,1.9679727301633696,0.2500461636203393,0.049868326008003325,1.0,0.46247785752446136,0.07403566127648062,0.9994264970432628,0.0,4,False,False
ENSG00000135365,PHF21A,1.9679727301633696,0.23658928143740568,0.049868326008003325,1.0,0.4137810751221454,0.10758490169023895,0.9994264970432628,0.0,4,False,False
ENSG00000156103,MMP16,-1.9679727301633696,-0.3789955773220896,0.049868326008003325,1.0,-0.39971097811399353,0.11916459772343942,0.9994264970432628,0.0,3,False,False
ENSG00000182287,AP1S2,1.9679727301633696,0.33886294744817563,0.049868326008003325,1.0,0.6561408236282612,0.17366066959529458,0.9994264970432628,0.6529774086930096,3,False,False
ENSG00000197461,PDGFA,1.9679727301633696,0.3237925531585844,0.049868326008003325,1.0,0.4753413678494208,0.06431550696088376,0.9994264970432628,0.0,4,False,False
ENSG00000251562,MALAT1,1.9679727301633696,0.4275548631745351,0.049868326008003325,1.0,0.4243481260172027,0.09725482183830862,0.9994264970432628,0.0,4,False,False
ENSG00000054611,TBC1D22A,-1.9610917066313298,-0.7485390586576419,0.05067353408854138,1.0,-0.5167697480040156,0.18205406435539773,0.9994264970432628,0.5032130980709892,3,False,False
ENSG00000096746,HNRNPH3,1.95421068309929,0.2011629371926281,0.05149522506855959,1.0,0.35681781965654563,0.16563263578084164,0.9994264970432628,0.0,4,False,False
ENSG00000101464,PIGU,-1.95421068309929,-0.36498764429762726,0.05149522506855959,1.0,-0.5431071996442347,0.09252444819224329,0.9994264970432628,0.2933420728921054,4,False,False
ENSG00000129128,SPCS3,-1.95421068309929,-0.2544774433205919,0.05149522506855959,1.0,-0.42222574520534323,0.16018693523232475,0.9994264970432628,0.21629732830283863,3,False,False
ENSG00000132561,MATN2,1.95421068309929,0.2670457122718324,0.05149522506855959,1.0,0.4303782507611571,0.09466664985847438,0.9994264970432628,0.0,4,False,False
ENSG00000135049,AGTPBP1,-1.95421068309929,-0.6440406569172209,0.05149522506855959,1.0,-0.4595154785190904,0.20410472606420038,0.9994264970432628,0.43405038203242213,3,False,False
ENSG00000153187,HNRNPU,1.95421068309929,0.3002629074757434,0.05149522506855959,1.0,0.408819166972775,0.11286171168821466,0.9994264970432628,0.0,3,False,False
ENSG00000164654,MIOS,-1.95421068309929,-0.4497253111566169,0.05149522506855959,1.0,-0.5101089457509328,0.0496621980352191,0.9994264970432628,0.0,4,False,False
ENSG00000168843,FSTL5,1.95421068309929,0.6294750306100702,0.05149522506855959,1.0,0.688729134907044,0.15517319779467786,0.9994264970432628,0.6558459947303302,3,False,False
ENSG00000198825,INPP5F,1.95421068309929,0.33157184870073,0.05149522506855959,1.0,0.38205384116524344,0.13645434125449712,0.9994264970432628,0.0,3,False,False
ENSG00000206573,THUMPD3-AS1,1.95421068309929,0.40219363005103365,0.05149522506855959,1.0,0.30424132175278473,0.2339137135854027,0.9994264970432628,0.0,4,False,False
ENSG00000260230,FRRS1L,-1.95421068309929,-0.5579554138434013,0.05149522506855959,1.0,-0.4945795079024841,0.16059012181519972,0.9994264970432628,0.4058638820203061,3,False,False
ENSG00000100395,L3MBTL2,-1.9473296595672505,-0.34697839178746614,0.052322363127687344,1.0,-0.5225898169393335,0.11829881368561716,0.9994264970432628,0.34868506561293955,3,False,False
ENSG00000136816,TOR1B,-1.9404486360352107,-0.6483111147622207,0.053163457192253405,1.0,-0.43355529451348446,0.09378682509886972,0.9994264970432628,0.0,3,False,False
ENSG00000053747,LAMA3,1.9404486360352107,0.5057528991665751,0.053166312557625,1.0,0.3904884463954169,0.3212672899377148,0.9994264970432628,0.5252853617360312,3,False,False
ENSG00000119862,LGALSL,-1.9404486360352107,-0.31539723465620745,0.053166312557625,1.0,-0.33688576811453474,0.187433822802906,0.9994264970432628,0.0,4,False,False
ENSG00000125962,ARMCX5,-1.9404486360352107,-0.281241018122212,0.053166312557625,1.0,-0.42417955582754624,0.09938586084626344,0.9994264970432628,0.0,3,False,False
ENSG00000126217,MCF2L,1.9404486360352107,0.3004819051737349,0.053166312557625,1.0,0.46461366147700006,0.07172515529027086,0.9994264970432628,0.0,4,False,False
ENSG00000146433,TMEM181,-1.9404486360352107,-0.33738471061088765,0.053166312557625,1.0,-0.29080206178326734,0.2563585736302707,0.9994264970432628,0.0,2,False,False
ENSG00000138814,PPP3CA,1.926686588971131,0.1203181212061874,0.05487955240845036,1.0,0.23743238303786057,0.35174241273060336,0.9994264970432628,0.0,3,False,False
ENSG00000065526,SPEN,1.926686588971131,0.2191693704845005,0.054882463628904095,1.0,0.4106349836929456,0.1098223884752475,0.9994264970432628,0.0,3,False,False
ENSG00000071189,SNX13,-1.926686588971131,-0.15486506772898426,0.054882463628904095,1.0,-0.2565305861205576,0.31424922110079334,0.9994264970432628,0.0,3,False,False
ENSG00000100784,RPS6KA5,1.926686588971131,0.30069843583286476,0.054882463628904095,1.0,0.41458949202197803,0.10871175192241593,0.9994264970432628,0.0,3,False,False
ENSG00000110318,CEP126,1.926686588971131,0.15849787868890108,0.054882463628904095,1.0,0.4309972161206997,0.10685721724169207,0.9994264970432628,0.05089786024849066,3,False,False
ENSG00000112419,PHACTR2,1.926686588971131,0.5081220469969469,0.054882463628904095,1.0,0.5020279779531807,0.10062651238920388,0.9994264970432628,0.23762438664142915,3,False,False
ENSG00000125851,PCSK2,1.926686588971131,0.6961067964703131,0.054882463628904095,1.0,0.6068977970654609,0.1430840517159969,0.9994264970432628,0.538335438422362,3,False,False
ENSG00000143669,LYST,1.926686588971131,0.15923484322297332,0.054882463628904095,1.0,0.4396148448668539,0.25172313391043855,0.9994264970432628,0.5017575857037015,2,False,False
ENSG00000134352,IL6ST,1.9129245419070515,0.18492420415541186,0.05664455973825784,1.0,0.3844137418964675,0.13538274257627414,0.9994264970432628,0.0,3,False,False
ENSG00000139718,SETD1B,1.9129245419070515,0.3242251288715488,0.05664455973825784,1.0,0.4462971637769746,0.08168025576509959,0.9994264970432628,0.0,4,False,False
ENSG00000147027,TMEM47,1.9129245419070515,0.369448652193207,0.05664455973825784,1.0,0.465674822886161,0.2981797929084651,0.9994264970432628,0.5940189298166046,4,False,False
ENSG00000154822,PLCL2,1.9129245419070515,0.5388953060886551,0.05664455973825784,1.0,0.45696350780091033,0.17526175251744291,0.9994264970432628,0.36073278854781027,3,False,False
ENSG00000168701,TMEM208,-1.9129245419070515,-0.4103124715963761,0.05664455973825784,1.0,-0.3347240608115509,0.236915542790194,0.9994264970432628,0.14474429929292215,3,False,False
ENSG00000198912,C1orf174,-1.9129245419070515,-0.45067782296418946,0.05664455973825784,1.0,-0.40890308497489514,0.11302719016666608,0.9994264970432628,0.0,4,False,False
ENSG00000206560,ANKRD28,1.9129245419070515,0.34998827587545267,0.05664455973825784,1.0,0.25848334462962674,0.31385839456685405,0.9994264970432628,0.0,3,False,False
ENSG00000131095,GFAP,1.8991624948429722,0.5904816868515687,0.058450464263227926,1.0,0.47596578321360306,0.09474620686604657,0.9994264970432628,0.1437802199088167,3,False,False
ENSG00000168214,RBPJ,1.8991624948429722,0.2868584659532773,0.058450464263227926,1.0,0.3787892087475772,0.1381507045581493,0.9994264970432628,0.0,4,False,False
ENSG00000091844,RGS17,1.8991624948429722,0.7429113607344132,0.05845348830556879,1.0,0.4685587473425693,0.13091232871662514,0.9994264970432628,0.2631710060762644,3,False,False
ENSG00000104853,CLPTM1,-1.8991624948429722,-0.6866774558459103,0.05845348830556879,1.0,-0.45569842459516935,0.07872518802851644,0.9994264970432628,0.0,3,False,False
ENSG00000106477,CEP41,1.8991624948429722,0.32033664968437464,0.05845348830556879,1.0,0.4113295252161873,0.10996785879489966,0.9994264970432628,0.0,3,False,False
ENSG00000125633,CCDC93,1.8991624948429722,0.4497930470925421,0.05845348830556879,1.0,0.35900913930135603,0.16065527340669838,0.9994264970432628,0.0,4,False,False
ENSG00000132334,PTPRE,1.8991624948429722,0.48480584588797354,0.05845348830556879,1.0,0.48736576708084334,0.05765627272742826,0.9994264970432628,0.0,4,False,False
ENSG00000133704,IPO8,-1.8991624948429722,-0.2701920964875442,0.05845348830556879,1.0,-0.40536526354007374,0.11478416947667408,0.9994264970432628,0.0,4,False,False
ENSG00000155858,LSM11,-1.8991624948429722,-0.4431138403127035,0.05845348830556879,1.0,-0.4394537069385296,0.19914067621777254,0.9994264970432628,0.38257590440074035,3,False,False
ENSG00000156113,KCNMA1,1.8991624948429722,0.3564268444182974,0.05845348830556879,1.0,0.42939449004926666,0.110748152324062,0.9994264970432628,0.06288287499058634,3,False,False
ENSG00000170876,TMEM43,1.8991624948429722,0.44953288737037245,0.05845348830556879,1.0,0.3923859739420903,0.1248102637038263,0.9994264970432628,0.0,4,False,False
ENSG00000171608,PIK3CD,1.8991624948429722,0.4449191649783216,0.05845348830556879,1.0,0.46416509852632976,0.07067050768851571,0.9994264970432628,0.0,4,False,False
ENSG00000182747,SLC35D3,-1.8991624948429722,-0.7954471766872091,0.05845348830556879,1.0,-0.41014996359451716,0.10911478973501147,0.9994264970432628,0.0,4,False,False
ENSG00000198417,MT1F,1.8991624948429722,0.48409308111035937,0.05845348830556879,1.0,0.36560190254860975,0.15632040822312868,0.9994264970432628,0.0,3,False,False
ENSG00000182944,EWSR1,-1.8922814713109324,-0.32158310228244275,0.05937274116123922,1.0,-0.4918722482313692,0.056513955521769986,0.9994264970432628,0.0,4,False,False
ENSG00000055044,NOP58,1.8854004477788926,0.20278819388948274,0.0603101423629771,1.0,0.5118891331592531,0.21013453684039662,0.9994264970432628,0.535253632333824,3,False,False
ENSG00000059728,MXD1,1.8854004477788926,0.26490826309247695,0.0603101423629771,1.0,0.40495752765024334,0.11500853839121729,0.9994264970432628,0.0,4,False,False
ENSG00000074582,BCS1L,-1.8854004477788926,-0.4185609812172028,0.0603101423629771,1.0,-0.2992351898247859,0.2421048572752954,0.9994264970432628,0.0,2,False,False
ENSG00000102781,KATNAL1,-1.8854004477788926,-0.1269152107885813,0.0603101423629771,1.0,-0.5017658908528428,0.2879696904204083,0.9994264970432628,0.6481901329609594,3,False,False
ENSG00000108829,LRRC59,-1.8854004477788926,-0.47073093070523764,0.0603101423629771,1.0,-0.430045963217077,0.16336367854644707,0.9994264970432628,0.25368611976761724,3,False,False
ENSG00000120451,SNX19,-1.8854004477788926,-0.6990048108642684,0.0603101423629771,1.0,-0.5164432173056729,0.264905012229678,0.9994264970432628,0.6442607822421575,3,False,False
ENSG00000135090,TAOK3,1.8854004477788926,0.2606041763563282,0.0603101423629771,1.0,0.46854949376400584,0.06835159928637612,0.9994264970432628,0.0,4,False,False
ENSG00000137815,RTF1,-1.8854004477788926,-0.4631310226513964,0.0603101423629771,1.0,-0.4452325643368263,0.08248705064260843,0.9994264970432628,0.0,4,False,False
ENSG00000143751,SDE2,-1.8854004477788926,-0.6303276125557447,0.0603101423629771,1.0,-0.495388794092123,0.0550635835715713,0.9994264970432628,0.0,4,False,False
ENSG00000146007,ZMAT2,-1.8854004477788926,-0.3848525731578643,0.0603101423629771,1.0,-0.4405565204465532,0.29022185822492974,0.9994264970432628,0.5712011706039678,2,False,False
ENSG00000151726,ACSL1,1.8854004477788926,0.5933244087788666,0.0603101423629771,1.0,0.47022561843184874,0.06968179917968156,0.9994264970432628,0.0,3,False,False
ENSG00000164808,SPIDR,1.8854004477788926,0.290510322610625,0.0603101423629771,1.0,0.3321449399327355,0.1942705232576155,0.9994264970432628,0.0,4,False,False
ENSG00000177606,JUN,1.8854004477788926,0.7345301692537077,0.0603101423629771,1.0,0.44534005344926203,0.225766292780467,0.9994264970432628,0.4597949549541375,3,False,False
ENSG00000186416,NKRF,1.8854004477788926,0.3428923501728951,0.0603101423629771,1.0,0.43500482598634793,0.17967120683557558,0.9994264970432628,0.3035353144564024,4,False,False
ENSG00000173905,GOLIM4,-1.8785194242468528,-0.6037710275142734,0.06125353742634506,1.0,-0.529904098816343,0.09401346367230029,0.9994264970432628,0.28173882226941604,4,False,False
ENSG00000059573,ALDH18A1,-1.871638400714813,-0.3392900800022066,0.06221542018946,1.0,-0.4256398903556449,0.09836689047636822,0.9994264970432628,0.0,4,False,False
ENSG00000104490,NCALD,1.871638400714813,0.41459283707437705,0.06221542018946,1.0,0.5243640215804839,0.04229787135157171,0.9994264970432628,0.0,4,False,False
ENSG00000114251,WNT5A,1.871638400714813,0.6234507199295587,0.06221542018946,1.0,0.5588604771561666,0.039363164512002564,0.9994264970432628,0.05870922194278423,4,False,False
ENSG00000116266,STXBP3,1.871638400714813,0.18104940668956254,0.06221542018946,1.0,0.4809633231821934,0.19048308002737124,0.9994264970432628,0.4469323965307587,3,False,False
ENSG00000130338,TULP4,-1.871638400714813,-0.43030289269304134,0.06221542018946,1.0,-0.5104934620459819,0.048258986653656064,0.9994264970432628,0.0,3,False,False
ENSG00000135597,REPS1,-1.871638400714813,-0.22667404513986497,0.06221542018946,1.0,-0.3104140847939247,0.23814956871030069,0.9994264970432628,0.03518456724934413,3,False,False
ENSG00000135919,SERPINE2,1.871638400714813,0.00038546692120885974,0.06221542018946,1.0,0.2911458023309038,0.4612360959724532,0.9994264970432628,0.513505118043812,3,False,False
ENSG00000136295,TTYH3,-1.871638400714813,-0.507572260463606,0.06221542018946,1.0,-0.38446375426819784,0.13314250031773023,0.9994264970432628,0.0,3,False,False
ENSG00000165934,CPSF2,1.871638400714813,0.47645807007656216,0.06221542018946,1.0,0.5903447052517563,0.13254513975817617,0.9994264970432628,0.4955439898223531,4,False,False
ENSG00000171067,C11orf24,-1.871638400714813,-0.2130041851194889,0.06221542018946,1.0,-0.3205917309046355,0.3023697883779889,0.9994264970432628,0.2617384551776329,4,False,False
ENSG00000178947,SMIM10L2A,-1.871638400714813,-0.8589746503015778,0.06221542018946,1.0,-0.4807305268861483,0.062052454755038074,0.9994264970432628,0.0,4,False,False
ENSG00000188690,UROS,-1.871638400714813,-0.39917025714262855,0.06221542018946,1.0,-0.46963660687898945,0.06853704087605948,0.9994264970432628,0.0,4,False,False
ENSG00000064115,TM7SF3,1.8578763536507337,0.23229476503721846,0.06417022493174526,1.0,0.38357617757816137,0.135856503177845,0.9994264970432628,0.0,3,False,False
ENSG00000100711,ZFYVE21,1.8578763536507337,0.2993939085987288,0.06417022493174526,1.0,0.30058887236185566,0.2413399952120373,0.9994264970432628,0.0,4,False,False
ENSG00000110786,PTPN5,1.8578763536507337,0.24798757347385955,0.06417022493174526,1.0,0.480145453400301,0.3132891583438131,0.9994264970432628,0.6634517450733967,3,False,False
ENSG00000128585,MKLN1,1.8578763536507337,0.3535910430318528,0.06417022493174526,1.0,0.3922005992646388,0.12503340697760126,0.9994264970432628,0.0,4,False,False
ENSG00000187098,MITF,1.8578763536507337,0.5013963767512162,0.06417022493174526,1.0,0.5223219600068416,0.04261297262476687,0.9994264970432628,0.0,4,False,False
ENSG00000196967,ZNF585A,1.8578763536507337,0.533344682349905,0.06417022493174526,1.0,0.36647527461877305,0.18144522216807013,0.9994264970432628,0.09592671628152535,2,False,False
ENSG00000070770,CSNK2A2,1.844114306586654,0.34803916389096556,0.06617546421156165,1.0,0.5122221325465776,0.04877600631617558,0.9994264970432628,0.0,3,False,False
ENSG00000119632,IFI27L2,1.844114306586654,0.3075834422459725,0.06617546421156165,1.0,0.42032003875355467,0.10402872793545127,0.9994264970432628,0.0,3,False,False
ENSG00000119946,CNNM1,1.844114306586654,0.4366299086960235,0.06617546421156165,1.0,0.4443243889136912,0.21953033193526128,0.9994264970432628,0.44483676609861794,2,False,False
ENSG00000125675,GRIA3,-1.844114306586654,-0.48089134926659477,0.06617546421156165,1.0,-0.4901555306458173,0.05769562481251573,0.9994264970432628,0.0,4,False,False
ENSG00000137766,UNC13C,-1.844114306586654,-0.5786509289656044,0.06617546421156165,1.0,-0.5006170465261579,0.05334462817509428,0.9994264970432628,0.0,4,False,False
ENSG00000141837,CACNA1A,1.844114306586654,0.4336155124078592,0.06617546421156165,1.0,0.4814977993139482,0.12135475419895572,0.9994264970432628,0.26250431547261655,3,False,False
ENSG00000142949,PTPRF,-1.844114306586654,-0.2839212188727647,0.06617546421156165,1.0,-0.5487671303230682,0.15131406394946897,0.9994264970432628,0.4891279280373791,4,False,False
ENSG00000159461,AMFR,-1.844114306586654,-0.6056976053218959,0.06617546421156165,1.0,-0.4850866705938531,0.11943088212961361,0.9994264970432628,0.26700398567658534,2,False,False
ENSG00000162630,B3GALT2,1.844114306586654,0.06879739354192628,0.06617546421156165,1.0,0.44218952343748313,0.20205449724454794,0.9994264970432628,0.3969267855885531,3,False,False
ENSG00000182372,CLN8,1.844114306586654,0.19075328389488933,0.06617546421156165,1.0,0.31648476965895284,0.21537560439393988,0.9994264970432628,0.0,4,False,False
ENSG00000196449,YRDC,-1.844114306586654,-0.43227031699770313,0.06617546421156165,1.0,-0.4498342772175939,0.08038762862595378,0.9994264970432628,0.0,4,False,False
ENSG00000099875,MKNK2,1.8372332830546143,0.46153542546652054,0.06719399910595963,1.0,0.402561302291835,0.115153000615589,0.9994264970432628,0.0,4,False,False
ENSG00000054965,FAM168A,-1.8303522595225745,-0.3806293426058266,0.06822873823788281,1.0,-0.5384302423056994,0.03689274311271218,0.9994264970432628,0.0,4,False,False
ENSG00000170242,USP47,1.8303522595225745,0.23280059689822608,0.06822873823788281,1.0,0.38816266016234857,0.12948992531389744,0.9994264970432628,0.0,4,False,False
ENSG00000100983,GSS,-1.8303522595225745,-0.5479091235689817,0.06823204971924743,1.0,-0.35629447598125297,0.16349571818925734,0.9994264970432628,0.0,4,False,False
ENSG00000114520,SNX4,-1.8303522595225745,-0.20605968029782404,0.06823204971924743,1.0,-0.29281547015710147,0.2519860507406617,0.9994264970432628,0.0,3,False,False
ENSG00000119314,PTBP3,1.8303522595225745,0.2536594739835206,0.06823204971924743,1.0,0.3241343222727397,0.2056336294029123,0.9994264970432628,0.0,4,False,False
ENSG00000122034,GTF3A,1.8303522595225745,0.5614957645297252,0.06823204971924743,1.0,0.5518336993156413,0.03314451327546219,0.9994264970432628,0.0,4,False,False
ENSG00000137642,SORL1,1.8303522595225745,0.0341704874348617,0.06823204971924743,1.0,0.46546236787108247,0.26956497953940994,0.9994264970432628,0.5768307735689135,3,False,False
ENSG00000143553,SNAPIN,1.8303522595225745,0.2998542473522125,0.06823204971924743,1.0,0.40151740823326415,0.11653651133218039,0.9994264970432628,0.0,4,False,False
ENSG00000144891,AGTR1,-1.8303522595225745,-1.0933852736238825,0.06823204971924743,1.0,-0.43934522536649095,0.08763699916212454,0.9994264970432628,0.0,4,False,False
ENSG00000147854,UHRF2,1.8303522595225745,0.3448196775339389,0.06823204971924743,1.0,0.536309228681966,0.13637029015205326,0.9994264970432628,0.41793066804968876,3,False,False
ENSG00000171724,VAT1L,1.8303522595225745,0.250643257193158,0.06823204971924743,1.0,0.693763338240362,0.2237035041247698,0.9994264970432628,0.7384899703534031,3,False,False
ENSG00000183207,RUVBL2,1.8303522595225745,0.4682217908823113,0.06823204971924743,1.0,0.4945866823477419,0.054957663669787,0.9994264970432628,0.0,4,False,False
ENSG00000179218,CALR,1.816590212458495,0.3937780931255752,0.07033415742901943,1.0,0.4525775077332054,0.07738199576376145,0.9994264970432628,0.0,4,False,False
ENSG00000019995,ZRANB1,1.816590212458495,0.030637321505716065,0.07034089679375313,1.0,0.3334254322357535,0.41175831476902824,0.9994264970432628,0.5569550208547411,3,False,False
ENSG00000048540,LMO3,-1.816590212458495,-0.6681205004395137,0.07034089679375313,1.0,-0.4288256153569622,0.09469142095726764,0.9994264970432628,0.0,4,False,False
ENSG00000105270,CLIP3,-1.816590212458495,-0.38081869148620917,0.07034089679375313,1.0,-0.43720504186859144,0.09130147025557805,0.9994264970432628,0.0,4,False,False
ENSG00000122218,COPA,-1.816590212458495,-0.4054418551407956,0.07034089679375313,1.0,-0.48081717903676713,0.11026470438083329,0.9994264970432628,0.21505857148877514,4,False,False
ENSG00000148248,SURF4,1.816590212458495,0.20882273336710996,0.07034089679375313,1.0,0.42170940600915535,0.10894229543794198,0.9994264970432628,0.026793695944365932,3,False,False
ENSG00000156650,KAT6B,1.816590212458495,0.3400003606686238,0.07034089679375313,1.0,0.4557396676929204,0.07660446864444216,0.9994264970432628,0.0,4,False,False
ENSG00000163681,SLMAP,-1.816590212458495,-0.369283341479325,0.07034089679375313,1.0,-0.39102835948736653,0.12662802064014003,0.9994264970432628,0.0,4,False,False
ENSG00000164897,TMUB1,-1.816590212458495,-0.5505003172911145,0.07034089679375313,1.0,-0.3865977674112754,0.13294741508548855,0.9994264970432628,0.0,4,False,False
ENSG00000178425,NT5DC1,-1.816590212458495,-0.257225933901961,0.07034089679375313,1.0,-0.27982391885755414,0.272537090535363,0.9994264970432628,0.0,3,False,False
ENSG00000206538,VGLL3,-1.816590212458495,-0.6984007818603933,0.07034089679375313,1.0,-0.4388048705403994,0.08751392849662414,0.9994264970432628,0.0,4,False,False
ENSG00000143740,SNAP47,-1.8097091889264554,-0.3467738035925499,0.07141180649441052,1.0,-0.4373843874337848,0.13678437371335297,0.9994264970432628,0.1837735394507818,3,False,False
ENSG00000079102,RUNX1T1,1.8028281653944156,0.4593262473634043,0.07250292398909164,1.0,0.4445817802793294,0.1668287901192098,0.9994264970432628,0.3015930866815618,3,False,False
ENSG00000091527,CDV3,1.8028281653944156,0.3236270083791341,0.07250292398909164,1.0,0.47007370299565215,0.06708203030532404,0.9994264970432628,0.0,4,False,False
ENSG00000109107,ALDOC,1.8028281653944156,0.23315529230731843,0.07250292398909164,1.0,0.35563845912526604,0.16651762067698084,0.9994264970432628,0.0,4,False,False
ENSG00000109501,WFS1,1.8028281653944156,0.2697668218631658,0.07250292398909164,1.0,0.3395223834454053,0.18426512066371747,0.9994264970432628,0.0,4,False,False
ENSG00000110047,EHD1,1.8028281653944156,0.28767536342097716,0.07250292398909164,1.0,0.3682201875627849,0.15110258976339416,0.9994264970432628,0.0,3,False,False
ENSG00000132640,BTBD3,-1.8028281653944156,-0.1480564602024284,0.07250292398909164,1.0,-0.28423514934991856,0.27882788823269655,0.9994264970432628,0.03166609506232582,3,False,False
ENSG00000133216,EPHB2,-1.8028281653944156,-0.4527550764684436,0.07250292398909164,1.0,-0.36476326517779595,0.1571586660204041,0.9994264970432628,0.0,3,False,False
ENSG00000138592,USP8,-1.8028281653944156,-0.3459411942983752,0.07250292398909164,1.0,-0.40578774476370655,0.38396910586549315,0.9994264970432628,0.6506680436529891,3,False,False
ENSG00000147044,CASK,1.8028281653944156,0.10906840829511377,0.07250292398909164,1.0,0.31047586661587645,0.27568175244573956,0.9994264970432628,0.15612135036114752,3,False,False
ENSG00000162599,NFIA,1.8028281653944156,0.5931273023709861,0.07250292398909164,1.0,0.48289920379158013,0.06097566272397122,0.9994264970432628,0.0,4,False,False
ENSG00000168824,NSG1,1.8028281653944156,0.5236178789919695,0.07250292398909164,1.0,0.6961430008150622,0.15223968679028146,0.9994264970432628,0.639341465374679,3,False,False
ENSG00000182606,TRAK1,-1.8028281653944156,-0.4971102753554445,0.07250292398909164,1.0,-0.43658764376119114,0.08942553650061387,0.9994264970432628,0.0,4,False,False
ENSG00000183454,GRIN2A,1.8028281653944156,0.7670320321226199,0.07250292398909164,1.0,0.44535316043530876,0.08562109436344827,0.9994264970432628,0.0,4,False,False
ENSG00000197177,ADGRA1,1.8028281653944156,0.448061272459888,0.07250292398909164,1.0,0.5123525853313933,0.046266992016692245,0.9994264970432628,0.0,4,False,False
ENSG00000225783,MIAT,1.8028281653944156,0.5993445609835372,0.07250292398909164,1.0,0.43613281243432667,0.11166147346841006,0.9994264970432628,0.09008559403576315,3,False,False
ENSG00000062650,WAPL,-1.789066118330336,-0.5293015691772861,0.07471905262730566,1.0,-0.5232033127959055,0.04290333546839388,0.9994264970432628,0.0,4,False,False
ENSG00000092108,SCFD1,-1.789066118330336,-0.5157551490492568,0.07471905262730566,1.0,-0.4843239639181961,0.1244469954512997,0.9994264970432628,0.28075120686917093,3,False,False
ENSG00000095794,CREM,1.789066118330336,0.37792030047911357,0.07471905262730566,1.0,0.3981623678960977,0.12303596931798294,0.9994264970432628,0.0,4,False,False
ENSG00000096401,CDC5L,1.789066118330336,0.6341449561971351,0.07471905262730566,1.0,0.4697340602966898,0.06949157197356635,0.9994264970432628,0.0,3,False,False
ENSG00000103404,USP31,1.789066118330336,0.5285845228296125,0.07471905262730566,1.0,0.38889688930257005,0.17143326757055377,0.9994264970432628,0.14784114646748345,3,False,False
ENSG00000110427,KIAA1549L,1.789066118330336,0.44034253994427464,0.07471905262730566,1.0,0.47447149658597704,0.06527280123436577,0.9994264970432628,0.0,4,False,False
ENSG00000111653,ING4,1.789066118330336,0.22089482773866914,0.07471905262730566,1.0,0.34134476483317644,0.18309320956072428,0.9994264970432628,0.0,3,False,False
ENSG00000127922,SEM1,-1.789066118330336,-0.381272144684893,0.07471905262730566,1.0,-0.377954835568532,0.14230807480761265,0.9994264970432628,0.0,4,False,False
ENSG00000138031,ADCY3,-1.789066118330336,-0.15967352931811005,0.07471905262730566,1.0,-0.5004318330279965,0.22745128968732053,0.9994264970432628,0.5622717242637171,3,False,False
ENSG00000149428,HYOU1,-1.789066118330336,-0.5158660935989722,0.07471905262730566,1.0,-0.37927869179926577,0.17452525839687438,0.9994264970432628,0.1229979018680652,2,False,False
ENSG00000184708,EIF4ENIF1,-1.789066118330336,-0.28952039325444257,0.07471905262730566,1.0,-0.3843644082010074,0.13388581539064345,0.9994264970432628,0.0,4,False,False
ENSG00000110958,PTGES3,1.7753040712662564,0.16119285569709055,0.07699020633803959,1.0,0.48677434405941433,0.2131895598007605,0.9994264970432628,0.49761647233381096,3,False,False
ENSG00000112425,EPM2A,-1.7753040712662564,-0.34185665756861905,0.07699020633803959,1.0,-0.3239719141498219,0.20626242729270317,0.9994264970432628,0.0,3,False,False
ENSG00000137714,FDX1,-1.7753040712662564,-0.4848828080766097,0.07699020633803959,1.0,-0.7269030682036834,0.15086364182924433,0.9994264970432628,0.6686672980497473,3,False,False
ENSG00000138190,EXOC6,-1.7753040712662564,-0.4413675006356449,0.07699020633803959,1.0,-0.35611316502995105,0.4597868763754419,0.9994264970432628,0.6727724314145545,2,False,False
ENSG00000141098,GFOD2,1.7753040712662564,0.31474261756342886,0.07699020633803959,1.0,0.4577192316355001,0.07521099891007281,0.9994264970432628,0.0,4,False,False
ENSG00000155368,DBI,1.7753040712662564,0.2918397339988445,0.07699020633803959,1.0,0.275192796444521,0.2806206731499993,0.9994264970432628,0.0,4,False,False
ENSG00000164253,WDR41,-1.7753040712662564,-0.2772663244379304,0.07699020633803959,1.0,-0.2871774741171367,0.26046075674581526,0.9994264970432628,0.0,4,False,False
ENSG00000170871,KIAA0232,-1.7753040712662564,-0.19867720518879917,0.07699020633803959,1.0,-0.26490566476984395,0.30848622776781454,0.9994264970432628,0.018657670160294005,3,False,False
ENSG00000185513,L3MBTL1,1.7753040712662564,0.5724032843468205,0.07699020633803959,1.0,0.44323092329250136,0.08417534012924317,0.9994264970432628,0.0,4,False,False
ENSG00000086061,DNAJA1,1.761542024202177,0.46778087339847463,0.07931731058482125,1.0,0.45731386771098415,0.07513829672409962,0.9994264970432628,0.0,4,False,False
ENSG00000100387,RBX1,-1.761542024202177,-0.4253302292072567,0.07931731058482125,1.0,-0.311654196745894,0.22511988202664757,0.9994264970432628,0.0,3,False,False
ENSG00000115652,UXS1,1.761542024202177,0.29360160548801506,0.07931731058482125,1.0,0.45586507041372143,0.1261889608321129,0.9994264970432628,0.20616501938638937,3,False,False
ENSG00000132970,WASF3,-1.761542024202177,-0.4271206621456704,0.07931731058482125,1.0,-0.4423754619581514,0.0846192260949639,0.9994264970432628,0.0,4,False,False
ENSG00000136146,MED4,-1.761542024202177,-0.33654011442061876,0.07931731058482125,1.0,-0.4405160623143706,0.08638618783602962,0.9994264970432628,0.0,4,False,False
ENSG00000151779,NBAS,1.761542024202177,0.6093283132668538,0.07931731058482125,1.0,0.40567974318291766,0.1155988178747632,0.9994264970432628,0.0,3,False,False
ENSG00000153214,TMEM87B,-1.761542024202177,-0.7398409463552484,0.07931731058482125,1.0,-0.48053044662878774,0.13657680468859604,0.9994264970432628,0.31055924024514847,3,False,False
ENSG00000153989,NUS1,-1.761542024202177,-0.419635703328796,0.07931731058482125,1.0,-0.4421975376398186,0.2209496258013759,0.9994264970432628,0.43287370207290743,3,False,False
ENSG00000159086,PAXBP1,1.761542024202177,0.2506202862982775,0.07931731058482125,1.0,0.3733104820445453,0.14446655257598265,0.9994264970432628,0.0,4,False,False
ENSG00000171311,EXOSC1,1.761542024202177,0.32652101025862174,0.07931731058482125,1.0,0.4443620539431327,0.08572919084921858,0.9994264970432628,0.0,3,False,False
ENSG00000171735,CAMTA1,1.761542024202177,0.2317005845920861,0.07931731058482125,1.0,0.40804604045420334,0.14994893585882554,0.9994264970432628,0.1422604330087018,3,False,False
ENSG00000183155,RABIF,1.761542024202177,0.3505205716718807,0.07931731058482125,1.0,0.4026663247248156,0.11664235221986675,0.9994264970432628,0.0,4,False,False
ENSG00000092820,EZR,1.7477799771380975,0.3146273960570451,0.08170129217817582,1.0,0.3204299006289277,0.20928565057587956,0.9994264970432628,0.0,4,False,False
ENSG00000100124,ANKRD54,-1.7477799771380975,-0.30741840353838645,0.08170129217817582,1.0,-0.39494945196621717,0.12230397534608675,0.9994264970432628,0.0,4,False,False
ENSG00000117505,DR1,1.7477799771380975,0.5009395258372192,0.08170129217817582,1.0,0.38900430191704666,0.12925816305195995,0.9994264970432628,0.0,4,False,False
ENSG00000117868,ESYT2,1.7477799771380975,0.13636264987235663,0.08170129217817582,1.0,0.3438478636015763,0.17942993465469614,0.9994264970432628,0.0,3,False,False
ENSG00000119698,PPP4R4,-1.7477799771380975,-0.2991886536891481,0.08170129217817582,1.0,-0.30539291906406624,0.2563288019902281,0.9994264970432628,0.06939835480114909,3,False,False
ENSG00000139218,SCAF11,1.7477799771380975,0.4812213902981687,0.08170129217817582,1.0,0.4788221252430857,0.09762161183643599,0.9994264970432628,0.15865698790160912,4,False,False
ENSG00000162873,KLHDC8A,1.7477799771380975,0.5736355003610302,0.08170129217817582,1.0,0.4286662046657538,0.11914664206633914,0.9994264970432628,0.09509640420462438,4,False,False
ENSG00000163882,POLR2H,-1.7477799771380975,-0.6636450346488273,0.08170129217817582,1.0,-0.42600476885445376,0.09798091905687052,0.9994264970432628,0.0,3,False,False
ENSG00000171723,GPHN,-1.7477799771380975,-0.4672196086540209,0.08170129217817582,1.0,-0.3537572719038893,0.1699802136604044,0.9994264970432628,0.0,3,False,False
ENSG00000178662,CSRNP3,1.7477799771380975,0.42673652908349574,0.08170129217817582,1.0,0.43360167925004195,0.09333885886848481,0.9994264970432628,0.0,2,False,False
ENSG00000198791,CNOT7,1.7408989536060577,0.3774424882495892,0.08291120969465098,1.0,0.3561735309426668,0.16320134303984657,0.9994264970432628,0.0,3,False,False
ENSG00000166295,ANAPC16,1.734017930074018,0.5468203017335129,0.08413935721352082,1.0,0.4241742178382789,0.09940691471318702,0.9994264970432628,0.0,4,False,False
ENSG00000023516,AKAP11,-1.734017930074018,-0.3750052474734382,0.08414307877571311,1.0,-0.43576669280964375,0.26900299566232744,0.9994264970432628,0.5243153502774524,3,False,False
ENSG00000090621,PABPC4,1.734017930074018,0.4018952801443303,0.08414307877571311,1.0,0.4626709334241258,0.07776398618422856,0.9994264970432628,0.01883538613088965,2,False,False
ENSG00000093010,COMT,1.734017930074018,0.17320780319030296,0.08414307877571311,1.0,0.2807667121727457,0.2714155347281171,0.9994264970432628,0.0,3,False,False
ENSG00000111481,COPZ1,-1.734017930074018,-0.4011058795598597,0.08414307877571311,1.0,-0.4705316020164056,0.06885611310143593,0.9994264970432628,0.0,4,False,False
ENSG00000112234,FBXL4,-1.734017930074018,-0.4847875246324627,0.08414307877571311,1.0,-0.4529284153882655,0.07779831896087817,0.9994264970432628,0.0,3,False,False
ENSG00000140526,ABHD2,-1.734017930074018,-0.19071911935472707,0.08414307877571311,1.0,-0.5142133618655252,0.18404829186717286,0.9994264970432628,0.5000323678184384,3,False,False
ENSG00000166135,HIF1AN,1.734017930074018,0.10778019789908107,0.08414307877571311,1.0,0.32720759665822374,0.2020506949403581,0.9994264970432628,0.0,3,False,False
ENSG00000173039,RELA,1.734017930074018,0.23376764700669364,0.08414307877571311,1.0,0.29616005852276267,0.24841648064804944,0.9994264970432628,0.0,4,False,False
ENSG00000179242,CDH4,1.734017930074018,0.27409907502521136,0.08414307877571311,1.0,0.5023850134807211,0.35246336892111774,0.9994264970432628,0.7313100985498964,3,False,False
ENSG00000188227,ZNF793,1.734017930074018,0.3666543579217051,0.08414307877571311,1.0,0.3761438195482054,0.1409508360632491,0.9994264970432628,0.0,4,False,False
ENSG00000196961,AP2A1,-1.734017930074018,-0.1445526803548814,0.08414307877571311,1.0,-0.4791245127271172,0.1863624685681743,0.9994264970432628,0.44108627228649233,3,False,False
ENSG00000157800,SLC37A3,-1.7271369065419782,-0.21910409725235575,0.08538218798737057,1.0,-0.29862756950487707,0.24426694017220718,0.9994264970432628,0.0,3,False,False
ENSG00000048471,SNX29,-1.7202558830099386,-0.5666981444536429,0.08664359836934778,1.0,-0.49921449317392663,0.05449841863969116,0.9994264970432628,0.0,3,False,False
ENSG00000055118,KCNH2,1.7202558830099386,0.2348026818799028,0.08664359836934778,1.0,0.44166815306929724,0.24866277618870347,0.9994264970432628,0.4980324670691051,3,False,False
ENSG00000070961,ATP2B1,1.7202558830099386,0.08753560649392143,0.08664359836934778,1.0,0.35143123368120666,0.19025923813268186,0.9994264970432628,0.06172914317892226,3,False,False
ENSG00000080546,SESN1,1.7202558830099386,0.27396953627798837,0.08664359836934778,1.0,0.28419831957366665,0.2644860057383278,0.9994264970432628,0.0,3,False,False
ENSG00000085788,DDHD2,-1.7202558830099386,-0.4456820765140706,0.08664359836934778,1.0,-0.3628993885766771,0.19569944348624257,0.9994264970432628,0.12531088982686558,3,False,False
ENSG00000100097,LGALS1,1.7202558830099386,0.346204835923412,0.08664359836934778,1.0,0.3795549742831327,0.13860414284179046,0.9994264970432628,0.0,4,False,False
ENSG00000107854,TNKS2,1.7202558830099386,0.22828398527085808,0.08664359836934778,1.0,0.3242611399962713,0.20360910396525245,0.9994264970432628,0.0,4,False,False
ENSG00000110429,FBXO3,-1.7202558830099386,-0.3729702306797835,0.08664359836934778,1.0,-0.3119341104144663,0.22277230981388996,0.9994264970432628,0.0,3,False,False
ENSG00000112149,CD83,1.7202558830099386,0.25652282048787955,0.08664359836934778,1.0,0.4533052470585935,0.3279406598591529,0.9994264970432628,0.6448153006344386,3,False,False
ENSG00000132031,MATN3,-1.7202558830099386,-0.8746008153388053,0.08664359836934778,1.0,-0.45791104978223923,0.07655164767676317,0.9994264970432628,0.0,3,False,False
ENSG00000133056,PIK3C2B,-1.7202558830099386,-0.4277616583507323,0.08664359836934778,1.0,-0.3299163044139422,0.19982694806785084,0.9994264970432628,0.0,3,False,False
ENSG00000137726,FXYD6,1.7202558830099386,0.33476053029163844,0.08664359836934778,1.0,0.4160602102871834,0.15390800532531995,0.9994264970432628,0.17990443891969943,3,False,False
ENSG00000140403,DNAJA4,1.7202558830099386,0.4197037733935148,0.08664359836934778,1.0,0.4280081401677435,0.09473044155220009,0.9994264970432628,0.0,4,False,False
ENSG00000149182,ARFGAP2,-1.7202558830099386,-0.44513736732188597,0.08664359836934778,1.0,-0.3700156279886603,0.15129627034128237,0.9994264970432628,0.0,3,False,False
ENSG00000156639,ZFAND3,-1.7202558830099386,-0.6659297238651376,0.08664359836934778,1.0,-0.47331416731569803,0.07542409625327864,0.9994264970432628,0.040969640597771986,3,False,False
ENSG00000196937,FAM3C,-1.7202558830099386,-0.07596055468915214,0.08664359836934778,1.0,-0.5145170246376043,0.2840940752107004,0.9994264970432628,0.64823403948477,3,False,False
ENSG00000218891,ZNF579,1.7202558830099386,0.1798392441237593,0.08664359836934778,1.0,0.4356793593042328,0.4238947835325262,0.9994264970432628,0.7384033058000447,3,False,False
ENSG00000223802,CERS1,1.7202558830099386,0.472345525096831,0.08664359836934778,1.0,0.3948824997310966,0.12553412500025285,0.9994264970432628,0.0,3,False,False
ENSG00000130299,GTPBP3,1.7133748594778988,0.3828797294046503,0.08791236326275875,1.0,0.46200526535048553,0.07455480233300225,0.9994264970432628,0.0,3,False,False
ENSG00000095139,ARCN1,-1.706493835945859,-0.36387135882267513,0.08920377875983047,1.0,-0.3432089995260921,0.23740466646645952,0.9994264970432628,0.18181144556111578,3,False,False
ENSG00000100354,TNRC6B,1.706493835945859,0.36060942397741924,0.08920377875983047,1.0,0.42183035419010956,0.10007700989126576,0.9994264970432628,0.0,4,False,False
ENSG00000118873,RAB3GAP2,1.706493835945859,0.5559860151595757,0.08920377875983047,1.0,0.3787010042371323,0.13995059022830103,0.9994264970432628,0.0,3,False,False
ENSG00000119401,TRIM32,1.706493835945859,0.6626939566882066,0.08920377875983047,1.0,0.5026541248605345,0.05265582217800913,0.9994264970432628,0.0,3,False,False
ENSG00000123505,AMD1,1.706493835945859,0.19841360111520398,0.08920377875983047,1.0,0.5137911303624599,0.16045841513138182,0.9994264970432628,0.44336869648843147,3,False,False
ENSG00000136021,SCYL2,-1.706493835945859,-0.4244701192420388,0.08920377875983047,1.0,-0.37724795201036065,0.14028688548613424,0.9994264970432628,0.0,4,False,False
ENSG00000143353,LYPLAL1,-1.706493835945859,-0.6339149828326714,0.08920377875983047,1.0,-0.31526974618313436,0.2660177040838281,0.9994264970432628,0.14658870699066584,3,False,False
ENSG00000144339,TMEFF2,1.706493835945859,0.1399793920667525,0.08920377875983047,1.0,0.4962103576220541,0.24864584707028015,0.9994264970432628,0.578179379083042,3,False,False
ENSG00000150656,CNDP1,1.706493835945859,0.43070776208622424,0.08920377875983047,1.0,0.39799732674235727,0.3081624944987039,0.9994264970432628,0.5164350615911496,3,False,False
ENSG00000151176,PLBD2,-1.706493835945859,-0.46112611680446974,0.08920377875983047,1.0,-0.39744354529789094,0.1211298773662677,0.9994264970432628,0.0,4,False,False
ENSG00000155657,TTN,1.706493835945859,0.36941343089716294,0.08920377875983047,1.0,0.46980612605374256,0.06898042481347195,0.9994264970432628,0.0,4,False,False
ENSG00000156162,DPY19L4,-1.706493835945859,-0.6306742837191875,0.08920377875983047,1.0,-0.44976212599146737,0.08070235714552937,0.9994264970432628,0.0,4,False,False
ENSG00000158161,EYA3,1.706493835945859,0.19872223767674754,0.08920377875983047,1.0,0.40892048651093915,0.13680944190821923,0.9994264970432628,0.09360346276456034,4,False,False
ENSG00000164638,SLC29A4,1.706493835945859,0.502333951275115,0.08920377875983047,1.0,0.4143099562808159,0.22819826981039826,0.9994264970432628,0.3895992203570667,3,False,False
ENSG00000169116,PARM1,1.706493835945859,0.29714401572576904,0.08920377875983047,1.0,0.39301519849214955,0.12701916175321892,0.9994264970432628,0.0,4,False,False
ENSG00000185219,ZNF445,1.706493835945859,0.348006295177293,0.08920377875983047,1.0,0.3223005256264147,0.20826024142835053,0.9994264970432628,0.0,3,False,False
ENSG00000008394,MGST1,-1.6927317888817794,-0.666840633438029,0.09182454701878716,1.0,-0.5189185630922973,0.045478672680080226,0.9994264970432628,0.0,3,False,False
ENSG00000066427,ATXN3,-1.6927317888817794,-0.3767113784685402,0.09182454701878716,1.0,-0.4974273730398622,0.17297164334535875,0.9994264970432628,0.44682355848697614,3,False,False
ENSG00000077044,DGKD,1.6927317888817794,0.3402841576940147,0.09182454701878716,1.0,0.38068139557232233,0.13797149040014028,0.9994264970432628,0.0,3,False,False
ENSG00000101333,PLCB4,1.6927317888817794,0.2439945625265865,0.09182454701878716,1.0,0.411195606806302,0.30201781675921846,0.9994264970432628,0.5360519132331814,3,False,False
ENSG00000114166,KAT2B,1.6927317888817794,0.5319080846475868,0.09182454701878716,1.0,0.38489530916503456,0.13403388773652672,0.9994264970432628,0.0,3,False,False
ENSG00000114446,IFT57,-1.6927317888817794,-0.5100284304347892,0.09182454701878716,1.0,-0.3491250385797528,0.17406065376832724,0.9994264970432628,0.0,3,False,False
ENSG00000115524,SF3B1,1.6927317888817794,0.2962765259567028,0.09182454701878716,1.0,0.5223908152861233,0.20730465294334188,0.9994264970432628,0.5338337328677254,4,False,False
ENSG00000124596,OARD1,-1.6927317888817794,-0.46332496678456125,0.09182454701878716,1.0,-0.4009570632411674,0.1203356570434032,0.9994264970432628,0.0,3,False,False
ENSG00000134294,SLC38A2,1.6927317888817794,0.446801212409727,0.09182454701878716,1.0,0.38791499975742705,0.12983967260265653,0.9994264970432628,0.0,4,False,False
ENSG00000137261,KIAA0319,-1.6927317888817794,-0.48492439358276784,0.09182454701878716,1.0,-0.41996194153720035,0.10197246307264336,0.9994264970432628,0.0,4,False,False
ENSG00000159128,IFNGR2,1.6927317888817794,0.11808307140276529,0.09182454701878716,1.0,0.33024100523526,0.2681218938471709,0.9994264970432628,0.22020698580338896,3,False,False
ENSG00000159176,CSRP1,1.6927317888817794,0.3205503285037905,0.09182454701878716,1.0,0.37617629803541647,0.1429003909857659,0.9994264970432628,0.0,3,False,False
ENSG00000160917,CPSF4,-1.6927317888817794,-0.30724336847013567,0.09182454701878716,1.0,-0.29814080458887093,0.24191871438571833,0.9994264970432628,0.0,4,False,False
ENSG00000171475,WIPF2,1.6927317888817794,0.19713195897172686,0.09182454701878716,1.0,0.36270729306194444,0.2167739914867537,0.9994264970432628,0.1980279012538058,3,False,False
ENSG00000196547,MAN2A2,-1.6927317888817794,-0.2649582026478217,0.09182454701878716,1.0,-0.3898395057998641,0.2704675790839979,0.9994264970432628,0.4045112657777321,3,False,False
ENSG00000205531,NAP1L4,-1.6927317888817794,-0.07802346591799474,0.09182454701878716,1.0,-0.2329743238851512,0.3613000326021648,0.9994264970432628,0.0,3,False,False
ENSG00000167491,GATAD2A,1.6858507653497397,0.41199603838664955,0.09315401391433156,1.0,0.37315085253837105,0.14496019975720023,0.9994264970432628,0.0,4,False,False
ENSG00000110651,CD81,1.6789697418176999,0.2587598145489059,0.09449891629309004,1.0,0.46197139488430455,0.07281967502194481,0.9994264970432628,0.0,4,False,False
ENSG00000042753,AP2S1,1.6789697418176999,0.3432942033340062,0.09450682893848275,1.0,0.309250807117502,0.2244236061855578,0.9994264970432628,0.0,4,False,False
ENSG00000053900,ANAPC4,-1.6789697418176999,-0.4607746596921899,0.09450682893848275,1.0,-0.3977969921772244,0.12188260440429345,0.9994264970432628,0.0,3,False,False
ENSG00000069535,MAOB,1.6789697418176999,0.4239722682432945,0.09450682893848275,1.0,0.42114193920131976,0.1957722564796911,0.9994264970432628,0.3124233621015732,3,False,False
ENSG00000079999,KEAP1,-1.6789697418176999,-0.6056616232385214,0.09450682893848275,1.0,-0.4680989647937289,0.06916482912482207,0.9994264970432628,0.0,4,False,False
ENSG00000085274,MYNN,-1.6789697418176999,-0.4498223413633302,0.09450682893848275,1.0,-0.41997970659238293,0.1025169330842388,0.9994264970432628,0.0,4,False,False
ENSG00000099889,ARVCF,1.6789697418176999,0.6251746151152767,0.09450682893848275,1.0,0.34133655775896216,0.5115444886244265,0.9994264970432628,0.7173449541333665,3,False,False
ENSG00000103222,ABCC1,-1.6789697418176999,-0.494493624282764,0.09450682893848275,1.0,-0.3919032782074909,0.12774094584792003,0.9994264970432628,0.0,4,False,False
ENSG00000117682,DHDDS,-1.6789697418176999,-0.4109947207343912,0.09450682893848275,1.0,-0.37251785917173913,0.1865970456000785,0.9994264970432628,0.1304995708324739,4,False,False
ENSG00000126247,CAPNS1,-1.6789697418176999,-0.04477462587477181,0.09450682893848275,1.0,-0.28625841628569115,0.26385128514085476,0.9994264970432628,0.0,3,False,False
ENSG00000133858,ZFC3H1,1.6789697418176999,0.19833268035054832,0.09450682893848275,1.0,0.32017085463983247,0.29031922250883924,0.9994264970432628,0.2403566590338457,3,False,False
ENSG00000140382,HMG20A,-1.6789697418176999,-0.4783137284011548,0.09450682893848275,1.0,-0.43117574748636556,0.09371439971251408,0.9994264970432628,0.0,4,False,False
ENSG00000154556,SORBS2,1.6789697418176999,0.775922436286817,0.09450682893848275,1.0,0.4520005799368172,0.07865757742315223,0.9994264970432628,0.0,3,False,False
ENSG00000171492,LRRC8D,1.6789697418176999,0.21117927448660212,0.09450682893848275,1.0,0.47148808580027485,0.2944353858029344,0.9994264970432628,0.6043434633900922,3,False,False
ENSG00000174446,SNAPC5,1.6789697418176999,0.38814083957221823,0.09450682893848275,1.0,0.4120022933100307,0.10898258039410195,0.9994264970432628,0.0,3,False,False
ENSG00000165169,DYNLT3,1.6720887182856603,0.04158670521667665,0.09586734080572863,1.0,0.5423264430782977,0.2273735385244804,0.9994264970432628,0.6138895700923579,3,False,False
ENSG00000130522,JUND,1.6652076947536205,0.30623073513334564,0.09724351902888415,1.0,0.43692550928175306,0.08784873658756326,0.9994264970432628,0.0,4,False,False
ENSG00000010818,HIVEP2,1.6652076947536205,0.3078259619439664,0.09725154846954409,1.0,0.32170543643745236,0.20680613393540648,0.9994264970432628,0.0,3,False,False
ENSG00000063587,ZNF275,1.6652076947536205,0.3546040569530733,0.09725154846954409,1.0,0.3452461780323366,0.17609444267305052,0.9994264970432628,0.0,4,False,False
ENSG00000116641,DOCK7,1.6652076947536205,0.6013134322234601,0.09725154846954409,1.0,0.29068502977519295,0.37940016924846487,0.9994264970432628,0.34980024849310926,3,False,False
ENSG00000117461,PIK3R3,-1.6652076947536205,-0.5574102784398076,0.09725154846954409,1.0,-0.5256137520638146,0.1546999943888588,0.9994264970432628,0.4444828762110063,3,False,False
ENSG00000119977,TCTN3,-1.6652076947536205,-0.12129122022326898,0.09725154846954409,1.0,-0.34846981032360974,0.17662525404405638,0.9994264970432628,0.0,3,False,False
ENSG00000123159,GIPC1,-1.6652076947536205,-0.3116156031531508,0.09725154846954409,1.0,-0.3050241908413417,0.23351832035246567,0.9994264970432628,0.0,3,False,False
ENSG00000132676,DAP3,1.6652076947536205,0.45085813404412345,0.09725154846954409,1.0,0.3944736561001262,0.12583940268853977,0.9994264970432628,0.0,4,False,False
ENSG00000137817,PARP6,-1.6652076947536205,-0.3193278645502593,0.09725154846954409,1.0,-0.36855813347672595,0.1504430942249057,0.9994264970432628,0.0,4,False,False
ENSG00000139842,CUL4A,1.6652076947536205,0.5880435299889379,0.09725154846954409,1.0,0.382814133816404,0.13801593368277032,0.9994264970432628,0.0,3,False,False
ENSG00000141905,NFIC,1.6652076947536205,0.5642537211911083,0.09725154846954409,1.0,0.4606394194702808,0.07403385409953012,0.9994264970432628,0.0,3,False,False
ENSG00000165914,TTC7B,-1.6652076947536205,-0.5058774323020916,0.09725154846954409,1.0,-0.3920531418143999,0.167919431212051,0.9994264970432628,0.14781813334361185,3,False,False
ENSG00000074211,PPP2R2C,-1.651445647689541,-0.28520196290468924,0.10005555422622102,1.0,-0.45111930742193984,0.07964178470217394,0.9994264970432628,0.0,4,False,False
ENSG00000003096,KLHL13,-1.651445647689541,-0.3466934043395215,0.10005962714689796,1.0,-0.5532471565119085,0.3062140433438302,0.9994264970432628,0.6955071120676047,3,False,False
ENSG00000104218,CSPP1,1.651445647689541,0.26611877018786895,0.10005962714689796,1.0,0.33026781668665495,0.19681220048007453,0.9994264970432628,0.0,4,False,False
ENSG00000115233,PSMD14,-1.651445647689541,-0.27965259133215853,0.10005962714689796,1.0,-0.2978689465378347,0.2452256654305236,0.9994264970432628,0.0,3,False,False
ENSG00000132535,DLG4,-1.651445647689541,-0.6256628834598881,0.10005962714689796,1.0,-0.4997135868001065,0.0518080845102533,0.9994264970432628,0.0,4,False,False
ENSG00000133612,AGAP3,1.651445647689541,0.45432399752388325,0.10005962714689796,1.0,0.36027098942801183,0.3758183320342502,0.9994264970432628,0.5480140592850735,3,False,False
ENSG00000137200,CMTR1,-1.651445647689541,-0.47342714746194176,0.10005962714689796,1.0,-0.45931960739271976,0.07366637414440108,0.9994264970432628,0.0,4,False,False
ENSG00000149557,FEZ1,1.651445647689541,-0.14099413804403188,0.10005962714689796,1.0,0.3394688897424592,0.3497593712021593,0.9994264970432628,0.44546199870809644,3,False,False
ENSG00000151116,UEVLD,-1.651445647689541,-0.4042871246621059,0.10005962714689796,1.0,-0.37849259754879705,0.13890394908966813,0.9994264970432628,0.0,4,False,False
ENSG00000155886,SLC24A2,1.651445647689541,0.21039683323007669,0.10005962714689796,1.0,0.38407128886198066,0.43558122341781214,0.9994264970432628,0.6851398337973408,3,False,False
ENSG00000159228,CBR1,1.651445647689541,0.09519842956008462,0.10005962714689796,1.0,0.3170149167307974,0.217435420272709,0.9994264970432628,0.0,3,False,False
ENSG00000162849,KIF26B,-1.651445647689541,-0.1682509345985825,0.10005962714689796,1.0,-0.29766951866096586,0.2474233267571413,0.9994264970432628,0.0,3,False,False
ENSG00000169155,ZBTB43,1.651445647689541,0.23054283113471977,0.10005962714689796,1.0,0.3534894360389617,0.16632260599380544,0.9994264970432628,0.0,4,False,False
ENSG00000170464,DNAJC18,-1.651445647689541,-0.6443111230082842,0.10005962714689796,1.0,-0.6079915731834785,0.3096345174968754,0.9994264970432628,0.7777350014145756,3,False,False
ENSG00000249242,TMEM150C,1.651445647689541,0.25886354688796676,0.10005962714689796,1.0,0.3249260396103272,0.20595826051041788,0.9994264970432628,0.0,4,False,False
ENSG00000263753,LINC00667,-1.651445647689541,-0.5980170004193892,0.10005962714689796,1.0,-0.37817792292984836,0.23762280590332352,0.9994264970432628,0.30591225792660287,2,False,False
ENSG00000075945,KIFAP3,-1.6376836006254614,-0.4579030507390958,0.10293198350419798,1.0,-0.36542896032389616,0.15456759562868902,0.9994264970432628,0.0,4,False,False
ENSG00000081803,CADPS2,1.6376836006254614,-0.012038773146689627,0.10293198350419798,1.0,0.34054141306858354,0.3411326322040754,0.9994264970432628,0.4269242002518523,3,False,False
ENSG00000099622,CIRBP,-1.6376836006254614,-0.41758410827857534,0.10293198350419798,1.0,-0.2193211334790731,0.7470727871945614,0.9994264970432628,0.8118361757088011,3,False,False
ENSG00000110367,DDX6,-1.6376836006254614,-0.3438562685031081,0.10293198350419798,1.0,-0.3881349176349994,0.12870291654751817,0.9994264970432628,0.0,4,False,False
ENSG00000114480,GBE1,-1.6376836006254614,-0.5079302375842532,0.10293198350419798,1.0,-0.3642671400813914,0.15561039391399992,0.9994264970432628,0.0,4,False,False
ENSG00000130159,ECSIT,1.6376836006254614,0.3437456216938063,0.10293198350419798,1.0,0.38973978136208975,0.1288444500250291,0.9994264970432628,0.0,3,False,False
ENSG00000165102,HGSNAT,-1.6376836006254614,-0.5492523663439208,0.10293198350419798,1.0,-0.4202698939781233,0.10294596522563722,0.9994264970432628,0.0,3,False,False
ENSG00000177551,NHLH2,1.6376836006254614,0.3935689817425818,0.10293198350419798,1.0,0.3683335142416033,0.2810985883343843,0.9994264970432628,0.388613623304363,3,False,False
ENSG00000182752,PAPPA,1.6376836006254614,0.3461744718592193,0.10293198350419798,1.0,0.3392667029299013,0.3518304020733536,0.9994264970432628,0.4412440830547986,3,False,False
ENSG00000100596,SPTLC2,1.623921553561382,0.13793704156545597,0.10586534386585691,1.0,0.5818748054564181,0.2864107830302087,0.9994264970432628,0.7330519726317245,3,False,False
ENSG00000196372,ASB13,-1.623921553561382,-0.5597563536900092,0.10586534386585691,1.0,-0.4834866861385119,0.06214712647379108,0.9994264970432628,0.0,4,False,False
ENSG00000196507,TCEAL3,-1.623921553561382,-0.36176437824255286,0.10586534386585691,1.0,-0.44718078192515,0.16706617714058813,0.9994264970432628,0.31124867513684684,3,False,False
ENSG00000058272,PPP1R12A,1.623921553561382,0.20616131964285167,0.105869532477034,1.0,0.5048649185697047,0.18767249646208228,0.9994264970432628,0.47981418027366335,3,False,False
ENSG00000091732,ZC3HC1,1.623921553561382,-0.021346838892963037,0.105869532477034,1.0,0.3845485916100737,0.40143261924980367,0.9994264970432628,0.640056858198542,3,False,False
ENSG00000103496,STX4,1.623921553561382,0.36299359625837024,0.105869532477034,1.0,0.3260530815005312,0.20417748171621575,0.9994264970432628,0.0,3,False,False
ENSG00000110048,OSBP,-1.623921553561382,-0.35892812005690977,0.105869532477034,1.0,-0.3941379510925209,0.12339737035442833,0.9994264970432628,0.0,4,False,False
ENSG00000125812,GZF1,1.623921553561382,0.26986342175460043,0.105869532477034,1.0,0.4513552182387328,0.23398719581599103,0.9994264970432628,0.48042227264357884,3,False,False
ENSG00000130707,ASS1,1.623921553561382,0.2778235970954847,0.105869532477034,1.0,0.4177369699402857,0.1325959574277461,0.9994264970432628,0.10680485523919359,3,False,False
ENSG00000131323,TRAF3,1.623921553561382,0.2544067028627573,0.105869532477034,1.0,0.5227060033297278,0.12458436336893947,0.9994264970432628,0.3708104344282464,3,False,False
ENSG00000132854,KANK4,-1.623921553561382,-0.28361042719542323,0.105869532477034,1.0,-0.4091300407490359,0.2577458678457104,0.9994264970432628,0.42519438233291634,3,False,False
ENSG00000136111,TBC1D4,1.623921553561382,0.2364981343847154,0.105869532477034,1.0,0.3843268312782082,0.2679692040923476,0.9994264970432628,0.39926926883499225,2,False,False
ENSG00000137502,RAB30,-1.623921553561382,-0.20415523009401806,0.105869532477034,1.0,-0.3214448108284134,0.32023423088775793,0.9994264970432628,0.323785531101074,3,False,False
ENSG00000144029,MRPS5,1.623921553561382,0.37145831740495566,0.105869532477034,1.0,0.3394103870107006,0.18312874068587004,0.9994264970432628,0.0,4,False,False
ENSG00000166598,HSP90B1,1.623921553561382,0.26405541632486246,0.105869532477034,1.0,0.3649792972682892,0.15315858248088499,0.9994264970432628,0.0,4,False,False
ENSG00000168936,TMEM129,-1.623921553561382,-0.44679325206303067,0.105869532477034,1.0,-0.37218759331197815,0.1454996914901365,0.9994264970432628,0.0,4,False,False
ENSG00000170153,RNF150,1.623921553561382,0.07851457748052257,0.105869532477034,1.0,0.2985709473844738,0.29880954576575536,0.9994264970432628,0.1655884858604461,3,False,False
ENSG00000172350,ABCG4,1.623921553561382,0.29467942411222603,0.105869532477034,1.0,0.25527998299391363,0.3199468427642428,0.9994264970432628,0.0,3,False,False
ENSG00000174607,UGT8,1.623921553561382,0.37304768140593,0.105869532477034,1.0,0.6858017538316065,0.26579631911199386,0.9994264970432628,0.7807212172560033,3,False,False
ENSG00000182400,TRAPPC6B,-1.623921553561382,-0.35025333692958,0.105869532477034,1.0,-0.3113859380380047,0.3139398088884625,0.9994264970432628,0.2636397131876834,3,False,False
ENSG00000197296,FITM2,-1.623921553561382,-0.6327894815789217,0.105869532477034,1.0,-0.396326668212187,0.18453797227538715,0.9994264970432628,0.21640123432159203,3,False,False
ENSG00000066739,ATG2B,-1.6101595064973024,-0.2806568252394388,0.10886893877761493,1.0,-0.28734716852877074,0.3101804333155187,0.9994264970432628,0.14741429709713216,3,False,False
ENSG00000104852,SNRNP70,1.6101595064973024,0.2557011840906423,0.10886893877761493,1.0,0.3953775966275041,0.12472389251504294,0.9994264970432628,0.0,4,False,False
ENSG00000076641,PAG1,1.6101595064973024,0.555305627621281,0.10887318479523865,1.0,0.3694089515724016,0.14861993890978106,0.9994264970432628,0.0,4,False,False
ENSG00000089057,SLC23A2,-1.6101595064973024,-0.2843694775177968,0.10887318479523865,1.0,-0.4019450342322554,0.1159271644405181,0.9994264970432628,0.0,4,False,False
ENSG00000112110,MRPL18,1.6101595064973024,0.5072557526575733,0.10887318479523865,1.0,0.36511027193433815,0.15362662519851183,0.9994264970432628,0.0,4,False,False
ENSG00000113194,FAF2,-1.6101595064973024,-0.33645835312662037,0.10887318479523865,1.0,-0.38198737870300453,0.13811212740419576,0.9994264970432628,0.0,4,False,False
ENSG00000114030,KPNA1,1.6101595064973024,0.25318124187610136,0.10887318479523865,1.0,0.2984719067167026,0.241018218558675,0.9994264970432628,0.0,4,False,False
ENSG00000116852,KIF21B,-1.6101595064973024,-0.48513842809616947,0.10887318479523865,1.0,-0.3343445309844473,0.19446215976316683,0.9994264970432628,0.0,3,False,False
ENSG00000134324,LPIN1,1.6101595064973024,0.29708600115087064,0.10887318479523865,1.0,0.4375372564354141,0.08840997969114972,0.9994264970432628,0.0,4,False,False
ENSG00000136240,KDELR2,1.6101595064973024,0.21062460108110084,0.10887318479523865,1.0,0.5019968862263886,0.173231868742594,0.9994264970432628,0.4350753767630178,4,False,False
ENSG00000136367,ZFHX2,1.6101595064973024,0.5164917753165084,0.10887318479523865,1.0,0.3276302852422107,0.4642791325942711,0.9994264970432628,0.6229745537752841,2,False,False
ENSG00000139190,VAMP1,1.6101595064973024,0.3544040684865566,0.10887318479523865,1.0,0.48834367530430056,0.2653840605507911,0.9994264970432628,0.6057928529559565,2,False,False
ENSG00000144451,SPAG16,-1.6101595064973024,-0.2958635350575944,0.10887318479523865,1.0,-0.22432379548289436,0.3791394464868757,0.9994264970432628,0.0,3,False,False
ENSG00000145390,USP53,-1.6101595064973024,-0.39039652811007897,0.10887318479523865,1.0,-0.40310306168747073,0.11883950275861642,0.9994264970432628,0.0,4,False,False
ENSG00000181754,AMIGO1,-1.6101595064973024,-0.3737898551437235,0.10887318479523865,1.0,-0.305973499568094,0.23289504513422277,0.9994264970432628,0.0,3,False,False
ENSG00000032219,ARID4A,1.5963974594332229,0.483168294232227,0.11194384636462373,1.0,0.41756347508648894,0.10349427213815943,0.9994264970432628,0.0,4,False,False
ENSG00000054267,ARID4B,1.5963974594332229,0.3569175714898688,0.11194384636462373,1.0,0.4165596432836573,0.10703656431139574,0.9994264970432628,0.0,3,False,False
ENSG00000089199,CHGB,1.5963974594332229,0.5197800418255832,0.11194384636462373,1.0,0.40361343762501795,0.25967149375376497,0.9994264970432628,0.4299094954624207,3,False,False
ENSG00000090863,GLG1,-1.5963974594332229,-0.2969520577358245,0.11194384636462373,1.0,-0.2954310906282873,0.24646914112039742,0.9994264970432628,0.0,4,False,False
ENSG00000111785,RIC8B,-1.5963974594332229,-0.31537300666201057,0.11194384636462373,1.0,-0.4245859701279362,0.09697700061283399,0.9994264970432628,0.0,4,False,False
ENSG00000122299,ZC3H7A,-1.5963974594332229,-0.49605244288352074,0.11194384636462373,1.0,-0.4242958490677878,0.10075953522370404,0.9994264970432628,0.0,4,False,False
ENSG00000144036,EXOC6B,-1.5963974594332229,-0.5879688583445963,0.11194384636462373,1.0,-0.4252926635531679,0.097445363359454,0.9994264970432628,0.0,4,False,False
ENSG00000156475,PPP2R2B,-1.5963974594332229,-0.4770012843295796,0.11194384636462373,1.0,-0.3553119064465323,0.1877535968486106,0.9994264970432628,0.07069226179255206,3,False,False
ENSG00000157036,EXOG,1.5963974594332229,0.3557951655409011,0.11194384636462373,1.0,0.3027229593597464,0.23460804103893906,0.9994264970432628,0.0,4,False,False
ENSG00000162374,ELAVL4,1.5963974594332229,0.08961246746810364,0.11194384636462373,1.0,0.4087323111639163,0.395127633698765,0.9994264970432628,0.6717594733632801,2,False,False
ENSG00000181191,PJA1,1.5963974594332229,0.23398521392493707,0.11194384636462373,1.0,0.4555360806805382,0.1778136171232645,0.9994264970432628,0.36640848514457575,3,False,False
ENSG00000196465,MYL6B,1.5963974594332229,0.2196482762596787,0.11194384636462373,1.0,0.27488604745264006,0.28227561673746515,0.9994264970432628,0.0,3,False,False
ENSG00000168314,MOBP,-1.589516435901183,-0.708598455825517,0.1135002557735326,1.0,-0.4110141635403763,0.11018989569912964,0.9994264970432628,0.0,3,False,False
ENSG00000100403,ZC3H7B,1.5826354123691435,0.5402552542241879,0.11507805788469486,1.0,0.41887219091602623,0.102916627100177,0.9994264970432628,0.0,3,False,False
ENSG00000064225,ST3GAL6,1.5826354123691435,0.4555328935706965,0.11508241763849959,1.0,0.3579521731202613,0.16243506698392918,0.9994264970432628,0.0,3,False,False
ENSG00000070785,EIF2B3,-1.5826354123691435,-0.724141218689512,0.11508241763849959,1.0,-0.3854731482564021,0.3433060081055419,0.9994264970432628,0.5542031935355938,2,False,False
ENSG00000091947,TMEM101,-1.5826354123691435,-0.2055228991594515,0.11508241763849959,1.0,-0.3167851167231595,0.2156636552440543,0.9994264970432628,0.0,3,False,False
ENSG00000101224,CDC25B,1.5826354123691435,0.2968023576583852,0.11508241763849959,1.0,0.41993331229396963,0.10102467764162797,0.9994264970432628,0.0,4,False,False
ENSG00000101413,RPRD1B,-1.5826354123691435,-0.30528616368934686,0.11508241763849959,1.0,-0.3156224113443866,0.21762465484612048,0.9994264970432628,0.0,3,False,False
ENSG00000107164,FUBP3,-1.5826354123691435,-0.5481178906891813,0.11508241763849959,1.0,-0.45200477281795953,0.0791071945373616,0.9994264970432628,0.0,3,False,False
ENSG00000110917,MLEC,1.5826354123691435,0.11944052412584115,0.11508241763849959,1.0,0.2498503207915821,0.3268396087549299,0.9994264970432628,0.0,3,False,False
ENSG00000116678,LEPR,1.5826354123691435,0.22981648948506422,0.11508241763849959,1.0,0.35646310914053175,0.2831420468794188,0.9994264970432628,0.35080169533554095,3,False,False
ENSG00000117569,PTBP2,-1.5826354123691435,-0.5829344668416211,0.11508241763849959,1.0,-0.36470442593812735,0.3290640688481862,0.9994264970432628,0.47362960330664683,3,False,False
ENSG00000124226,RNF114,1.5826354123691435,0.07534138979294848,0.11508241763849959,1.0,0.3354118036554444,0.1930280136160023,0.9994264970432628,0.0,3,False,False
ENSG00000131943,C19orf12,1.5826354123691435,0.4704673212673084,0.11508241763849959,1.0,0.5172975156982079,0.04481010295217239,0.9994264970432628,0.0,4,False,False
ENSG00000132879,FBXO44,1.5826354123691435,0.5259781430369538,0.11508241763849959,1.0,0.3418506394428996,0.312724701908873,0.9994264970432628,0.36490021099291226,3,False,False
ENSG00000137478,FCHSD2,-1.5826354123691435,-0.22362846836606384,0.11508241763849959,1.0,-0.3568299613358134,0.16268575319653067,0.9994264970432628,0.0,4,False,False
ENSG00000143224,PPOX,-1.5826354123691435,-0.3742984763042318,0.11508241763849959,1.0,-0.4048362012995982,0.11527520909556643,0.9994264970432628,0.0,4,False,False
ENSG00000145012,LPP,1.5826354123691435,0.4875665772378651,0.11508241763849959,1.0,0.38354299350022547,0.1343252925761056,0.9994264970432628,0.0,4,False,False
ENSG00000145979,TBC1D7,-1.5826354123691435,-0.7967058825295916,0.11508241763849959,1.0,-0.42865157902617784,0.37806667561966767,0.9994264970432628,0.6748903372678894,3,False,False
ENSG00000146223,RPL7L1,1.5826354123691435,0.5363732902035849,0.11508241763849959,1.0,0.4725710453174095,0.06578576904220644,0.9994264970432628,0.0,4,False,False
ENSG00000150627,WDR17,-1.5826354123691435,-0.4171851301414278,0.11508241763849959,1.0,-0.3617010028557241,0.1576691079525604,0.9994264970432628,0.0,4,False,False
ENSG00000152954,NRSN1,-1.5826354123691435,-0.381264313054664,0.11508241763849959,1.0,-0.26954164497628735,0.2899769686306469,0.9994264970432628,0.0,4,False,False
ENSG00000153339,TRAPPC8,1.5826354123691435,0.3718416430514879,0.11508241763849959,1.0,0.3359119818600887,0.1905550323430254,0.9994264970432628,0.0,3,False,False
ENSG00000162434,JAK1,1.5826354123691435,0.0314021798019845,0.11508241763849959,1.0,0.44706046255351234,0.44937442062945465,0.9994264970432628,0.7738538581540927,3,False,False
ENSG00000163166,IWS1,1.5826354123691435,-0.05097691042959033,0.11508241763849959,1.0,0.5243612240891176,0.2695225448371176,0.9994264970432628,0.6545073488666673,3,False,False
ENSG00000164199,ADGRV1,1.5826354123691435,0.3498203059966285,0.11508241763849959,1.0,0.30587862406551347,0.2324604834210039,0.9994264970432628,0.0,3,False,False
ENSG00000170515,PA2G4,1.5826354123691435,0.5259539163211184,0.11508241763849959,1.0,0.3950609234588303,0.12194174977349909,0.9994264970432628,0.0,4,False,False
ENSG00000172292,CERS6,-1.5826354123691435,-0.3498762693897385,0.11508241763849959,1.0,-0.5225253375355612,0.23073690518966028,0.9994264970432628,0.5826006415833771,3,False,False
ENSG00000176454,LPCAT4,1.5826354123691435,0.5829470487612374,0.11508241763849959,1.0,0.289200382222389,0.2586971590953827,0.9994264970432628,0.0,3,False,False
ENSG00000177108,ZDHHC22,1.5826354123691435,0.4080195329609482,0.11508241763849959,1.0,0.45840573594406175,0.10264695387491661,0.9994264970432628,0.12627398183649108,4,False,False
ENSG00000184992,BRI3BP,1.5826354123691435,0.2158198781589315,0.11508241763849959,1.0,0.3819632255054692,0.1389206283918749,0.9994264970432628,0.0,2,False,False
ENSG00000005801,ZNF195,1.568873365305064,0.33893725639399025,0.1182897929793506,1.0,0.3755553766995306,0.14183200124173403,0.9994264970432628,0.0,4,False,False
ENSG00000036565,SLC18A1,1.568873365305064,0.39322950337327756,0.1182897929793506,1.0,0.37834997821404065,0.34281445371686603,0.9994264970432628,0.5188246618364514,3,False,False
ENSG00000100664,EIF5,1.568873365305064,0.1874419596213355,0.1182897929793506,1.0,0.32151396509299696,0.33292225076546056,0.9994264970432628,0.3564220155710505,3,False,False
ENSG00000105518,TMEM205,1.568873365305064,0.020694562539771387,0.1182897929793506,1.0,0.3417568883051545,0.4003878377397516,0.9994264970432628,0.5548676529425289,3,False,False
ENSG00000109920,FNBP4,-1.568873365305064,-0.3887485110301948,0.1182897929793506,1.0,-0.37838815142829824,0.13972066771275377,0.9994264970432628,0.0,4,False,False
ENSG00000110906,KCTD10,-1.568873365305064,-0.1128378486560379,0.1182897929793506,1.0,-0.18876428437896056,0.45732295614542884,0.9994264970432628,0.0,4,False,False
ENSG00000115091,ACTR3,-1.568873365305064,-0.6592760755830339,0.1182897929793506,1.0,-0.4163148006539304,0.22575526942123514,0.9994264970432628,0.3860081139876785,3,False,False
ENSG00000124831,LRRFIP1,1.568873365305064,0.49456659112361095,0.1182897929793506,1.0,0.3657296009984996,0.1533675470038307,0.9994264970432628,0.0,4,False,False
ENSG00000126254,RBM42,-1.568873365305064,-0.5211464397051602,0.1182897929793506,1.0,-0.38353760050644553,0.1494793702121881,0.9994264970432628,0.04744374694146399,3,False,False
ENSG00000130066,SAT1,1.568873365305064,0.1841789721234883,0.1182897929793506,1.0,0.3312201601318778,0.19669378473332022,0.9994264970432628,0.0,3,False,False
ENSG00000136986,DERL1,-1.568873365305064,-0.589383549968334,0.1182897929793506,1.0,-0.46474113378241666,0.2524972066730603,0.9994264970432628,0.5476189715511325,3,False,False
ENSG00000137193,PIM1,1.568873365305064,0.40545424601456137,0.1182897929793506,1.0,0.31592944359742003,0.2448981018462193,0.9994264970432628,0.08426285595820696,3,False,False
ENSG00000143776,CDC42BPA,1.568873365305064,0.3323230648984521,0.1182897929793506,1.0,0.35604613847873195,0.3079617028623586,0.9994264970432628,0.4044356197315818,3,False,False
ENSG00000148300,REXO4,1.568873365305064,0.42037612944303054,0.1182897929793506,1.0,0.3981845809738489,0.12030806200985855,0.9994264970432628,0.0,4,False,False
ENSG00000150593,PDCD4,1.568873365305064,0.2168557959842689,0.1182897929793506,1.0,0.3978705804478287,0.12238783763286033,0.9994264970432628,0.0,3,False,False
ENSG00000162607,USP1,-1.568873365305064,-0.4476525921609108,0.1182897929793506,1.0,-0.32941378550956224,0.27276060591145723,0.9994264970432628,0.2289630414570041,2,False,False
ENSG00000171793,CTPS1,-1.568873365305064,-0.06984328710495095,0.1182897929793506,1.0,-0.24824527892695175,0.46586540777849306,0.9994264970432628,0.37933211425289676,2,False,False
ENSG00000179889,PDXDC1,1.568873365305064,0.29302259299948746,0.1182897929793506,1.0,0.309267424982565,0.22573487118478586,0.9994264970432628,0.0,4,False,False
ENSG00000136895,GARNL3,-1.5619923417730242,-0.3862051225618777,0.11991511588540256,1.0,-0.38569295855384456,0.13410643079102794,0.9994264970432628,0.0,3,False,False
ENSG00000066027,PPP2R5A,-1.5551113182409844,-0.6012188398984958,0.12156686001105872,1.0,-0.4205641264845151,0.10054214904789037,0.9994264970432628,0.0,4,False,False
ENSG00000066926,FECH,-1.5551113182409844,-0.5352639650995682,0.12156686001105872,1.0,-0.44525376207899614,0.18097344507709556,0.9994264970432628,0.3467307828483301,3,False,False
ENSG00000083454,P2RX5,1.5551113182409844,0.44881074506228197,0.12156686001105872,1.0,0.40004971335867034,0.11955547829012604,0.9994264970432628,0.0,4,False,False
ENSG00000096063,SRPK1,1.5551113182409844,0.04552866202312308,0.12156686001105872,1.0,0.17848221137989997,0.49219016740519117,0.9994264970432628,0.020982178473887732,2,False,False
ENSG00000107290,SETX,-1.5551113182409844,-0.511409043274456,0.12156686001105872,1.0,-0.4253085840178464,0.09991175624910989,0.9994264970432628,0.0,4,False,False
ENSG00000109118,PHF12,1.5551113182409844,0.1157942997282176,0.12156686001105872,1.0,0.2917277127258885,0.31806181124018484,0.9994264970432628,0.19112860881317434,3,False,False
ENSG00000123836,PFKFB2,-1.5551113182409844,-0.32446847363861014,0.12156686001105872,1.0,-0.4750081835920764,0.06567890993609439,0.9994264970432628,0.0,4,False,False
ENSG00000139174,PRICKLE1,1.5551113182409844,0.3128579195395106,0.12156686001105872,1.0,0.3047597075412949,0.378022796862182,0.9994264970432628,0.4011626320355823,3,False,False
ENSG00000139990,DCAF5,-1.5551113182409844,-0.5362600212702848,0.12156686001105872,1.0,-0.3100806480536638,0.37526509381516093,0.9994264970432628,0.41301532208642433,3,False,False
ENSG00000141258,SGSM2,-1.5551113182409844,-0.3720803993402184,0.12156686001105872,1.0,-0.361582709717069,0.15930889124083447,0.9994264970432628,0.0,3,False,False
ENSG00000149273,RPS3,1.5551113182409844,-0.08485198420377654,0.12156686001105872,1.0,0.20259254147139522,0.42946379189645867,0.9994264970432628,0.0,3,False,False
ENSG00000150991,UBC,1.5551113182409844,0.08310859477299222,0.12156686001105872,1.0,0.2562080821624586,0.3691228102832792,0.9994264970432628,0.15476468199494503,2,False,False
ENSG00000154265,ABCA5,-1.5551113182409844,-0.151916283096583,0.12156686001105872,1.0,-0.6665571128394676,0.22064297976237235,0.9994264970432628,0.723268209954495,2,False,False
ENSG00000170088,TMEM192,-1.5551113182409844,-0.3782521257712175,0.12156686001105872,1.0,-0.2639595498352069,0.3003050045227813,0.9994264970432628,0.0,4,False,False
ENSG00000182667,NTM,-1.5551113182409844,-0.21505266817123705,0.12156686001105872,1.0,-0.41490987369615046,0.2604727820141073,0.9994264970432628,0.4465101786192577,3,False,False
ENSG00000196683,TOMM7,1.5551113182409844,0.24053034661115608,0.12156686001105872,1.0,0.3485798117805643,0.175276606460687,0.9994264970432628,0.0,3,False,False
ENSG00000217128,FNIP1,-1.5551113182409844,-0.4315639084101153,0.12156686001105872,1.0,-0.3899274294884449,0.12907351584514937,0.9994264970432628,0.0,4,False,False
ENSG00000196850,PPTC7,-1.5482302947089446,-0.21964245046360883,0.12322730380667715,1.0,-0.3479439523336003,0.17554413038350114,0.9994264970432628,0.0,3,False,False
ENSG00000102858,MGRN1,-1.5413492711769048,-0.4663008535864823,0.12491449896208738,1.0,-0.4248659660361217,0.09674364925749926,0.9994264970432628,0.0,4,False,False
ENSG00000106460,TMEM106B,1.5413492711769048,0.32635557392618914,0.12491449896208738,1.0,0.4097981874241591,0.11007680891019254,0.9994264970432628,0.0,3,False,False
ENSG00000109270,LAMTOR3,-1.5413492711769048,-0.11246841579398144,0.12491449896208738,1.0,-0.3931766853481761,0.36166373181741285,0.9994264970432628,0.5783159075332505,2,False,False
ENSG00000119446,RBM18,-1.5413492711769048,-0.45587261180727784,0.12491449896208738,1.0,-0.4327798130415707,0.2635241098912079,0.9994264970432628,0.5003390147375092,2,False,False
ENSG00000124785,NRN1,-1.5413492711769048,-0.2292939925619701,0.12491449896208738,1.0,-0.3137427592906711,0.406811211080378,0.9994264970432628,0.4760731923124474,3,False,False
ENSG00000125648,SLC25A23,1.5413492711769048,0.40881111270513565,0.12491449896208738,1.0,0.37358328212828545,0.1441363886578258,0.9994264970432628,0.0,4,False,False
ENSG00000143543,JTB,1.5413492711769048,0.1648019023102888,0.12491449896208738,1.0,0.33536669670276587,0.3234608132786492,0.9994264970432628,0.3689292319231734,3,False,False
ENSG00000162222,TTC9C,1.5413492711769048,0.2517329546299252,0.12491449896208738,1.0,0.3832755994765617,0.13570757544768913,0.9994264970432628,0.0,4,False,False
ENSG00000164080,RAD54L2,-1.5413492711769048,-0.17417295145590755,0.12491449896208738,1.0,-0.22445380731800527,0.37833585753875365,0.9994264970432628,0.0,3,False,False
ENSG00000169905,TOR1AIP2,-1.5413492711769048,-0.48228148097428863,0.12491449896208738,1.0,-0.3786354611489503,0.14188547857052697,0.9994264970432628,0.0,3,False,False
ENSG00000170776,AKAP13,1.5413492711769048,0.4786270798808493,0.12491449896208738,1.0,0.4114582974995985,0.2448177820493277,0.9994264970432628,0.42097667748028106,3,False,False
ENSG00000171105,INSR,1.5413492711769048,0.24766810258117003,0.12491449896208738,1.0,0.3599020043891963,0.16275375225017918,0.9994264970432628,0.0,3,False,False
ENSG00000175073,VCPIP1,-1.5413492711769048,-0.37611364973684763,0.12491449896208738,1.0,-0.5584403724118374,0.23933398920078885,0.9994264970432628,0.6435197404891925,2,False,False
ENSG00000178950,GAK,-1.5413492711769048,-0.2548712501797706,0.12491449896208738,1.0,-0.3317048872888595,0.1962554600709484,0.9994264970432628,0.0,4,False,False
ENSG00000188994,ZNF292,1.5413492711769048,0.174645474784516,0.12491449896208738,1.0,0.3079487088447333,0.22802068805056297,0.9994264970432628,0.0,4,False,False
ENSG00000254999,BRK1,1.5413492711769048,0.25764072331725624,0.12491449896208738,1.0,0.4357635525418748,0.09092924302845541,0.9994264970432628,0.0,4,False,False
ENSG00000028310,BRD9,-1.5275872241128254,-0.2173389429131983,0.12833358200005707,1.0,-0.3693427005723206,0.15081419415017744,0.9994264970432628,0.0,4,False,False
ENSG00000073150,PANX2,-1.5275872241128254,-0.3851779862718377,0.12833358200005707,1.0,-0.3708961561652543,0.2669732969538694,0.9994264970432628,0.35866268693837094,3,False,False
ENSG00000107105,ELAVL2,-1.5275872241128254,-0.051589180820732834,0.12833358200005707,1.0,-0.4502461500374702,0.3407158296515216,0.9994264970432628,0.6316138970541036,3,False,False
ENSG00000116903,EXOC8,-1.5275872241128254,-0.455463061096877,0.12833358200005707,1.0,-0.3263113551349172,0.2046805257233787,0.9994264970432628,0.0,2,False,False
ENSG00000134884,ARGLU1,1.5275872241128254,0.22313228358168782,0.12833358200005707,1.0,0.3162084366993175,0.21526326687292985,0.9994264970432628,0.0,4,False,False
ENSG00000136444,RSAD1,1.5275872241128254,0.014380777723715767,0.12833358200005707,1.0,0.3769952184486807,0.3124966823916281,0.9994264970432628,0.4729982738985136,3,False,False
ENSG00000144566,RAB5A,-1.5275872241128254,-0.3715795182563138,0.12833358200005707,1.0,-0.40068988660819366,0.11964552702776486,0.9994264970432628,0.0,3,False,False
ENSG00000164366,CCDC127,1.5275872241128254,0.3033727008842394,0.12833358200005707,1.0,0.38599046907186807,0.13318919002691312,0.9994264970432628,0.0,4,False,False
ENSG00000166402,TUB,-1.5275872241128254,-0.565090787442662,0.12833358200005707,1.0,-0.6357008711777072,0.13779307493880827,0.9994264970432628,0.5596360014626962,4,False,False
ENSG00000170144,HNRNPA3,1.5275872241128254,0.14944115774437985,0.12833358200005707,1.0,0.31058720776485843,0.248275580628479,0.9994264970432628,0.07014477563066751,3,False,False
ENSG00000172403,SYNPO2,1.5275872241128254,0.13101392789046562,0.12833358200005707,1.0,0.268715800933939,0.3068066619486354,0.9994264970432628,0.036735449910832184,2,False,False
ENSG00000172466,ZNF24,1.5275872241128254,0.0957671110364555,0.12833358200005707,1.0,0.347902909432666,0.2932424562747954,0.9994264970432628,0.33620889958915995,3,False,False
ENSG00000174606,ANGEL2,1.5275872241128254,0.27098370483082107,0.12833358200005707,1.0,0.3831801721703334,0.13504450554979391,0.9994264970432628,0.0,4,False,False
ENSG00000174938,SEZ6L2,1.5275872241128254,0.39324947427689827,0.12833358200005707,1.0,0.4029929719014857,0.11664524939650162,0.9994264970432628,0.0,3,False,False
ENSG00000175029,CTBP2,1.5275872241128254,0.3173242082695357,0.12833358200005707,1.0,0.35913437500239626,0.24644839894407522,0.9994264970432628,0.2677365729101037,3,False,False
ENSG00000182168,UNC5C,-1.5275872241128254,-0.4156877281595114,0.12833358200005707,1.0,-0.36865780303760703,0.3031440601278834,0.9994264970432628,0.42397321255314513,3,False,False
ENSG00000196262,PPIA,-1.5275872241128254,-0.39230360775687645,0.12833358200005707,1.0,-0.40753944279232174,0.26282807799402563,0.9994264970432628,0.45066227964508565,2,False,False
ENSG00000196776,CD47,-1.5275872241128254,-0.421837962807748,0.12833358200005707,1.0,-0.598960417957429,0.12797700925389338,0.9994264970432628,0.49562372466785815,4,False,False
ENSG00000205060,SLC35B4,1.5275872241128254,0.33786406963654547,0.12833358200005707,1.0,0.36644515942418493,0.15373636701907945,0.9994264970432628,0.0,4,False,False
ENSG00000213281,NRAS,-1.5275872241128254,-0.4171968877112015,0.12833358200005707,1.0,-0.37438801574515573,0.14305023212289825,0.9994264970432628,0.0,4,False,False
ENSG00000103148,NPRL3,-1.5207062005807856,-0.4537788829284174,0.13006557633116592,1.0,-0.5218606201369054,0.05721993975990248,0.9994264970432628,0.08387251859711177,3,False,False
ENSG00000037042,TUBG2,1.5138251770487459,0.3571993947466645,0.1318249725581627,1.0,0.4787485930757236,0.06290001394210692,0.9994264970432628,0.0,3,False,False
ENSG00000064726,BTBD1,1.5138251770487459,0.15595412836822495,0.1318249725581627,1.0,0.298039852373744,0.3354824939683688,0.9994264970432628,0.2712856084556984,2,False,False
ENSG00000094975,SUCO,1.5138251770487459,0.21675544987582537,0.1318249725581627,1.0,0.32440509833651204,0.20778793397659,0.9994264970432628,0.0,3,False,False
ENSG00000109654,TRIM2,1.5138251770487459,-0.12022374438915948,0.1318249725581627,1.0,0.216075934434052,0.3999225480572183,0.9994264970432628,0.0,3,False,False
ENSG00000110696,C11orf58,-1.5138251770487459,-0.5182153289235839,0.1318249725581627,1.0,-0.4484620984130501,0.28449648298019625,0.9994264970432628,0.5738416398238864,3,False,False
ENSG00000111711,GOLT1B,1.5138251770487459,0.46117098419400954,0.1318249725581627,1.0,0.3769384304624475,0.13985919348027476,0.9994264970432628,0.0,4,False,False
ENSG00000113240,CLK4,1.5138251770487459,0.04806046202503217,0.1318249725581627,1.0,0.21912433631152745,0.41832491160540497,0.9994264970432628,0.08420108074305505,2,False,False
ENSG00000121753,ADGRB2,-1.5138251770487459,-0.3566645231020306,0.1318249725581627,1.0,-0.40036551569305145,0.1180049730155646,0.9994264970432628,0.0,4,False,False
ENSG00000125730,C3,1.5138251770487459,0.702928536682398,0.1318249725581627,1.0,0.370085298431874,0.1491508149461275,0.9994264970432628,0.0,4,False,False
ENSG00000126777,KTN1,1.5138251770487459,0.18074188462273136,0.1318249725581627,1.0,0.3503597334204504,0.1730984187017297,0.9994264970432628,0.0,4,False,False
ENSG00000130643,CALY,1.5138251770487459,0.4968219339762656,0.1318249725581627,1.0,0.3778909966860844,0.24009439077763406,0.9994264970432628,0.31441345153390027,3,False,False
ENSG00000139182,CLSTN3,-1.5138251770487459,-0.3205824205117779,0.1318249725581627,1.0,-0.3663480963364693,0.15220583225916898,0.9994264970432628,0.0,4,False,False
ENSG00000141568,FOXK2,-1.5138251770487459,-0.42704408230899654,0.1318249725581627,1.0,-0.3751187286279815,0.1423258966515401,0.9994264970432628,0.0,4,False,False
ENSG00000144741,SLC25A26,-1.5138251770487459,-0.6313789618690767,0.1318249725581627,1.0,-0.3776270637429627,0.21780628394582335,0.9994264970432628,0.25140094962295395,3,False,False
ENSG00000162413,KLHL21,1.5138251770487459,0.12874000886342066,0.1318249725581627,1.0,0.23822699209849824,0.3855377550422304,0.9994264970432628,0.10573613963764664,3,False,False
ENSG00000165092,ALDH1A1,-1.5138251770487459,-0.9510312313329418,0.1318249725581627,1.0,-0.4343448617962131,0.09003752067054886,0.9994264970432628,0.0,4,False,False
ENSG00000165775,FUNDC2,1.5138251770487459,0.267517197426501,0.1318249725581627,1.0,0.3590876457134732,0.16150605703251764,0.9994264970432628,0.0,4,False,False
ENSG00000172269,DPAGT1,1.5138251770487459,-0.04547912419561275,0.1318249725581627,1.0,0.28347393832545964,0.44926774625208343,0.9994264970432628,0.4852207046236917,2,False,False
ENSG00000179083,FAM133A,1.5138251770487459,0.11070206512195499,0.1318249725581627,1.0,0.44988697314207066,0.2754969204064438,0.9994264970432628,0.542169362742041,3,False,False
ENSG00000185046,ANKS1B,1.5138251770487459,0.23020429736374368,0.1318249725581627,1.0,0.3990396198532267,0.11987623255652478,0.9994264970432628,0.0,4,False,False
ENSG00000239306,RBM14,1.5138251770487459,0.2296581474206504,0.1318249725581627,1.0,0.33039800406758135,0.1997440970948824,0.9994264970432628,0.0,3,False,False
ENSG00000059122,FLYWCH1,-1.5000631299846663,-0.3739218722165111,0.1353895246539033,1.0,-0.37891452474475756,0.13829590171340403,0.9994264970432628,0.0,4,False,False
ENSG00000105193,RPS16,1.5000631299846663,0.09575451993364043,0.1353895246539033,1.0,0.2182551393829786,0.3918100817630036,0.9994264970432628,0.0,4,False,False
ENSG00000112237,CCNC,-1.5000631299846663,-0.4105315754726751,0.1353895246539033,1.0,-0.33757712681716556,0.1876946197824907,0.9994264970432628,0.0,3,False,False
ENSG00000118369,USP35,-1.5000631299846663,-0.28574173726328916,0.1353895246539033,1.0,-0.37483202877222244,0.1425171023741318,0.9994264970432628,0.0,4,False,False
ENSG00000136193,SCRN1,-1.5000631299846663,-0.32335898698381454,0.1353895246539033,1.0,-0.573843649916236,0.1721153722704769,0.9994264970432628,0.5552800251718607,3,False,False
ENSG00000138303,ASCC1,1.5000631299846663,0.24990564969222637,0.1353895246539033,1.0,0.3515483522026314,0.30879296650870713,0.9994264970432628,0.40140289944522695,2,False,False
ENSG00000142046,TMEM91,1.5000631299846663,0.38342663364449625,0.1353895246539033,1.0,0.536271556470246,0.22090475086131311,0.9994264970432628,0.5833559882771772,3,False,False
ENSG00000156587,UBE2L6,1.5000631299846663,0.037681457917589596,0.1353895246539033,1.0,0.3203428091021474,0.48049542288728453,0.9994264970432628,0.6119674797377709,2,False,False
ENSG00000160948,VPS28,-1.5000631299846663,-0.6940980907385562,0.1353895246539033,1.0,-0.3118640796356977,0.22506127085722916,0.9994264970432628,0.0,2,False,False
ENSG00000168280,KIF5C,1.5000631299846663,0.24718715379905665,0.1353895246539033,1.0,0.3959161114267862,0.12313449604291277,0.9994264970432628,0.0,4,False,False
ENSG00000169783,LINGO1,-1.5000631299846663,-0.17770912554244137,0.1353895246539033,1.0,-0.338736953393212,0.18827579201273015,0.9994264970432628,0.0,2,False,False
ENSG00000185127,C6orf120,-1.5000631299846663,-0.5314458554113628,0.1353895246539033,1.0,-0.3938150420932057,0.18446880997449766,0.9994264970432628,0.20620202103144827,3,False,False
ENSG00000186350,RXRA,1.5000631299846663,0.3264676224711968,0.1353895246539033,1.0,0.2994420053367256,0.4137189122132523,0.9994264970432628,0.4598394801234176,2,False,False
ENSG00000196227,FAM217B,-1.5000631299846663,-0.32407843763714894,0.1353895246539033,1.0,-0.25544655600276434,0.3187846707206955,0.9994264970432628,0.0,3,False,False
ENSG00000196233,LCOR,1.5000631299846663,0.11669052746976448,0.1353895246539033,1.0,0.3915122849641689,0.3839991218416907,0.9994264970432628,0.5986523378866452,4,False,False
ENSG00000204120,GIGYF2,-1.5000631299846663,-0.2224390658165908,0.1353895246539033,1.0,-0.33138360357326313,0.3482823444075742,0.9994264970432628,0.42169473896981124,3,False,False
ENSG00000172757,CFL1,1.4931821064526267,0.2352888853558242,0.13719478456518136,1.0,0.4305992608105015,0.09274261410517898,0.9994264970432628,0.0,4,False,False
ENSG00000008277,ADAM22,1.486301082920587,0.2977702717244254,0.13902808220061236,1.0,0.37685445079699426,0.1415128266926633,0.9994264970432628,0.0,4,False,False
ENSG00000013561,RNF14,-1.486301082920587,-0.2590397218718724,0.13902808220061236,1.0,-0.23077447131210901,0.36800038857285633,0.9994264970432628,0.0,2,False,False
ENSG00000057019,DCBLD2,1.486301082920587,0.08117748765732873,0.13902808220061236,1.0,0.29702076973014163,0.4518810293393495,0.9994264970432628,0.5124547240248358,3,False,False
ENSG00000074370,ATP2A3,-1.486301082920587,-0.4782111513307471,0.13902808220061236,1.0,-0.41180632078406537,0.10758912241762156,0.9994264970432628,0.0,4,False,False
ENSG00000102763,VWA8,-1.486301082920587,-0.3586022074832693,0.13902808220061236,1.0,-0.3583264296873765,0.24301195579913804,0.9994264970432628,0.25577598652049033,3,False,False
ENSG00000107518,ATRNL1,1.486301082920587,0.18567212014901074,0.13902808220061236,1.0,0.22615347534124863,0.3747793105857644,0.9994264970432628,0.0,4,False,False
ENSG00000109458,GAB1,1.486301082920587,0.5536654420552299,0.13902808220061236,1.0,0.3892766450580245,0.129433769081885,0.9994264970432628,0.0,4,False,False
ENSG00000123684,LPGAT1,-1.486301082920587,-0.1240677212117198,0.13902808220061236,1.0,-0.5763604368057562,0.2742196700212206,0.9994264970432628,0.686270612317524,3,False,False
ENSG00000141551,CSNK1D,-1.486301082920587,-0.26848911764150785,0.13902808220061236,1.0,-0.3148099954093636,0.22043775333987103,0.9994264970432628,0.0,3,False,False
ENSG00000151458,ANKRD50,-1.486301082920587,-0.49964989889663536,0.13902808220061236,1.0,-0.3831892643590472,0.13643103908782866,0.9994264970432628,0.0,3,False,False
ENSG00000165632,TAF3,1.486301082920587,0.48758365733669484,0.13902808220061236,1.0,0.3522095505934018,0.16766877062549157,0.9994264970432628,0.0,3,False,False
ENSG00000167118,URM1,-1.486301082920587,-0.38004843395313737,0.13902808220061236,1.0,-0.4087599429183951,0.1102327643041725,0.9994264970432628,0.0,4,False,False
ENSG00000176396,EID2,-1.486301082920587,-0.5228858332629671,0.13902808220061236,1.0,-0.41150446757854164,0.24256319453273611,0.9994264970432628,0.41385553172141853,3,False,False
ENSG00000177383,MAGEF1,1.486301082920587,0.25749280606835284,0.13902808220061236,1.0,0.40149399052303125,0.11865371415000359,0.9994264970432628,0.0,4,False,False
ENSG00000196440,ARMCX4,-1.486301082920587,-0.3908325582989588,0.13902808220061236,1.0,-0.3230729095001565,0.22029576509704418,0.9994264970432628,0.03682206605239966,2,False,False
ENSG00000054793,ATP9A,-1.4794200593885471,-0.2390047241890838,0.14087060552158287,1.0,-0.32499438606259057,0.2045109232063279,0.9994264970432628,0.0,3,False,False
ENSG00000055130,CUL1,-1.4725390358565074,-0.6907562795518652,0.1427414783122942,1.0,-0.474632632282675,0.23676940508498368,0.9994264970432628,0.5394418873835698,3,False,False
ENSG00000065613,SLK,1.4725390358565074,0.13975619816590304,0.1427414783122942,1.0,0.20194609692811152,0.4283483900308498,0.9994264970432628,0.0,2,False,False
ENSG00000088179,PTPN4,1.4725390358565074,0.3884850971802385,0.1427414783122942,1.0,0.20505819225876873,0.44737156225818675,0.9994264970432628,0.07941492457456384,2,False,False
ENSG00000113732,ATP6V0E1,1.4725390358565074,0.1330352331954461,0.1427414783122942,1.0,0.22891450302502614,0.3696193694335902,0.9994264970432628,0.0,3,False,False
ENSG00000114439,BBX,1.4725390358565074,0.08143661923998188,0.1427414783122942,1.0,0.24375154788555653,0.3680270718928482,0.9994264970432628,0.0842970888003244,3,False,False
ENSG00000131378,RFTN1,1.4725390358565074,0.2684680090512503,0.1427414783122942,1.0,0.2367659176127431,0.354321745039623,0.9994264970432628,0.0,3,False,False
ENSG00000133835,HSD17B4,1.4725390358565074,0.0026527478695437855,0.1427414783122942,1.0,0.3582204686395121,0.2554269888938884,0.9994264970432628,0.28629567188567173,3,False,False
ENSG00000134453,RBM17,1.4725390358565074,0.20684570565843094,0.1427414783122942,1.0,0.4038328601793914,0.1141180692018422,0.9994264970432628,0.0,4,False,False
ENSG00000136758,YME1L1,-1.4725390358565074,-0.31384213490843776,0.1427414783122942,1.0,-0.2451497952323997,0.3350671497115345,0.9994264970432628,0.0,4,False,False
ENSG00000148153,INIP,1.4725390358565074,0.52167677762237,0.1427414783122942,1.0,0.35063114250678656,0.16968734698538634,0.9994264970432628,0.0,4,False,False
ENSG00000155827,RNF20,-1.4725390358565074,-0.5826643030394351,0.1427414783122942,1.0,-0.270641711320314,0.44789904137387293,0.9994264970432628,0.4352106498244964,2,False,False
ENSG00000155961,RAB39B,-1.4725390358565074,-0.5439097546619952,0.1427414783122942,1.0,-0.5134214507128997,0.19409434401492687,0.9994264970432628,0.5048237441823507,3,False,False
ENSG00000166173,LARP6,1.4725390358565074,0.08796164009611115,0.1427414783122942,1.0,0.33322988770919876,0.40615206847447816,0.9994264970432628,0.5413130461300873,3,False,False
ENSG00000170017,ALCAM,-1.4725390358565074,-0.42094423473747145,0.1427414783122942,1.0,-0.34067594377987276,0.184350029703636,0.9994264970432628,0.0,4,False,False
ENSG00000171503,ETFDH,-1.4725390358565074,-0.13960839868870925,0.1427414783122942,1.0,-0.2437412487563586,0.46502462007634715,0.9994264970432628,0.3464451945704752,3,False,False
ENSG00000172260,NEGR1,1.4725390358565074,0.18927500903245031,0.1427414783122942,1.0,0.3742951951313627,0.3594761443452211,0.9994264970432628,0.5561852598473713,3,False,False
ENSG00000186395,KRT10,-1.4725390358565074,-0.42537935440314534,0.1427414783122942,1.0,-0.3624444361801874,0.1572187736566225,0.9994264970432628,0.0,4,False,False
ENSG00000197183,NOL4L,1.4725390358565074,0.22031655899493593,0.1427414783122942,1.0,0.4461445886685389,0.24118444632895064,0.9994264970432628,0.48548596628176777,3,False,False
ENSG00000240230,COX19,1.4725390358565074,0.27444372799197203,0.1427414783122942,1.0,0.28778556157348906,0.34643997962425876,0.9994264970432628,0.2507872231827103,3,False,False
ENSG00000050426,LETMD1,-1.4587769887924278,-0.3926492664999528,0.14653053460229487,1.0,-0.34463580984098385,0.18030656522159605,0.9994264970432628,0.0,3,False,False
ENSG00000075399,VPS9D1,1.4587769887924278,0.5188172690113134,0.14653053460229487,1.0,0.3558435494362374,0.1671815930243039,0.9994264970432628,0.0,3,False,False
ENSG00000104756,KCTD9,-1.4587769887924278,-0.2884117012556578,0.14653053460229487,1.0,-0.31540118139135354,0.21891249563211546,0.9994264970432628,0.0,4,False,False
ENSG00000115758,ODC1,-1.4587769887924278,-0.363329117022372,0.14653053460229487,1.0,-0.3966680303849812,0.12163967432272908,0.9994264970432628,0.0,4,False,False
ENSG00000118785,SPP1,1.4587769887924278,0.1250796908225565,0.14653053460229487,1.0,0.2856682291372775,0.40729349766543677,0.9994264970432628,0.3986547151905513,3,False,False
ENSG00000125843,AP5S1,-1.4587769887924278,-0.35620215360297275,0.14653053460229487,1.0,-0.4028772401471999,0.11761789108107445,0.9994264970432628,0.0,4,False,False
ENSG00000133597,ADCK2,1.4587769887924278,0.27466400575198197,0.14653053460229487,1.0,0.28998114848363343,0.2547329394286513,0.9994264970432628,0.0,4,False,False
ENSG00000135924,DNAJB2,1.4587769887924278,0.05426748863440229,0.14653053460229487,1.0,0.27913594403933,0.27746236809476144,0.9994264970432628,0.0,3,False,False
ENSG00000149269,PAK1,-1.4587769887924278,-0.4542049139289321,0.14653053460229487,1.0,-0.33037214363215567,0.19800991052437122,0.9994264970432628,0.0,3,False,False
ENSG00000152092,ASTN1,-1.4587769887924278,-0.2778092022432549,0.14653053460229487,1.0,-0.2867873068129059,0.2604899778065838,0.9994264970432628,0.0,3,False,False
ENSG00000159202,UBE2Z,1.4587769887924278,0.2039315530486013,0.14653053460229487,1.0,0.33491151468692987,0.19107079338496358,0.9994264970432628,0.0,3,False,False
ENSG00000162735,PEX19,-1.4587769887924278,-0.43695451030299576,0.14653053460229487,1.0,-0.32760113544125946,0.19887660494262815,0.9994264970432628,0.0,4,False,False
ENSG00000163064,EN1,-1.4587769887924278,-0.38151260793097813,0.14653053460229487,1.0,-0.28370657506687025,0.26818398291989476,0.9994264970432628,0.0,3,False,False
ENSG00000166847,DCTN5,-1.4587769887924278,-0.5867561054749977,0.14653053460229487,1.0,-0.44925567083616463,0.20358694579045133,0.9994264970432628,0.4097594650606964,3,False,False
ENSG00000166971,AKTIP,-1.4587769887924278,-0.27323111409671935,0.14653053460229487,1.0,-0.2976213874193164,0.24597733222432938,0.9994264970432628,0.0,3,False,False
ENSG00000175161,CADM2,-1.4587769887924278,-0.17398730378627175,0.14653053460229487,1.0,-0.4071860104342665,0.32664874226013485,0.9994264970432628,0.5522821578308719,3,False,False
ENSG00000177700,POLR2L,1.4587769887924278,0.16718213953472963,0.14653053460229487,1.0,0.3143492831834943,0.2197743974915244,0.9994264970432628,0.0,3,False,False
ENSG00000186642,PDE2A,1.4587769887924278,0.39048661640936705,0.14653053460229487,1.0,0.3256629165660291,0.20463708705328132,0.9994264970432628,0.0,3,False,False
ENSG00000196628,TCF4,1.4587769887924278,0.5380499068202098,0.14653053460229487,1.0,0.3766317054266137,0.14277329631698257,0.9994264970432628,0.0,3,False,False
ENSG00000215712,TMEM242,-1.4587769887924278,-0.7240402504084285,0.14653053460229487,1.0,-0.43515719165966016,0.09240241483337337,0.9994264970432628,0.0,3,False,False
ENSG00000250317,SMIM20,-1.4587769887924278,-0.6017078329575671,0.14653053460229487,1.0,-0.38530470383880655,0.2900446986404557,0.9994264970432628,0.4449793763605111,3,False,False
ENSG00000067048,DDX3Y,1.451895965260388,0.9542979886728418,0.14835626143971775,1.0,0.3598363218674181,0.15852434087192357,0.9994264970432628,0.0,3,False,False
ENSG00000177614,PGBD5,1.451895965260388,0.3351814753016742,0.14844881789058617,1.0,0.39473169219697657,0.1997500792543525,0.9994264970432628,0.25076866992907954,3,False,False
ENSG00000070371,CLTCL1,-1.4450149417283484,-0.48250379908329893,0.1503960604763492,1.0,-0.425032877031352,0.09927538436252814,0.9994264970432628,0.0,4,False,False
ENSG00000087470,DNM1L,-1.4450149417283484,-0.268401357888348,0.1503960604763492,1.0,-0.31468235678827583,0.22167860550710827,0.9994264970432628,0.0,3,False,False
ENSG00000101199,ARFGAP1,-1.4450149417283484,-0.320611368266638,0.1503960604763492,1.0,-0.292994061118911,0.24997952694322123,0.9994264970432628,0.0,4,False,False
ENSG00000103365,GGA2,1.4450149417283484,0.17995333185448978,0.1503960604763492,1.0,0.2713077561553945,0.2862042193226366,0.9994264970432628,0.0,4,False,False
ENSG00000103423,DNAJA3,-1.4450149417283484,-0.17378268821005358,0.1503960604763492,1.0,-0.19913361980620897,0.43472003302817197,0.9994264970432628,0.0,4,False,False
ENSG00000111879,FAM184A,-1.4450149417283484,-0.24891937680205722,0.1503960604763492,1.0,-0.32022302537007014,0.2113348595572253,0.9994264970432628,0.0,3,False,False
ENSG00000114853,ZBTB47,1.4450149417283484,0.3212558815388752,0.1503960604763492,1.0,0.34963851399318235,0.17080251723888862,0.9994264970432628,0.0,4,False,False
ENSG00000119682,AREL1,-1.4450149417283484,-0.3990792719506252,0.1503960604763492,1.0,-0.4298195919139387,0.09563939705003584,0.9994264970432628,0.0,4,False,False
ENSG00000119760,SUPT7L,1.4450149417283484,0.002714791240648683,0.1503960604763492,1.0,0.4172743278227985,0.36813438189177616,0.9994264970432628,0.6357790860618553,2,False,False
ENSG00000123200,ZC3H13,-1.4450149417283484,-0.3204953360244789,0.1503960604763492,1.0,-0.39625197269921003,0.4753535425296892,0.9994264970432628,0.7485014742031391,2,False,False
ENSG00000145882,PCYOX1L,-1.4450149417283484,-0.4501310554362614,0.1503960604763492,1.0,-0.31195252112068905,0.22162410800303933,0.9994264970432628,0.0,3,False,False
ENSG00000146476,ARMT1,-1.4450149417283484,-0.054479737854160014,0.1503960604763492,1.0,-0.2779536373518908,0.4280875712041988,0.9994264970432628,0.4190125782193239,3,False,False
ENSG00000169744,LDB2,-1.4450149417283484,-0.5650893095208844,0.1503960604763492,1.0,-0.31591696205404607,0.21600032908572764,0.9994264970432628,0.0,4,False,False
ENSG00000174469,CNTNAP2,-1.4450149417283484,-0.5821810792232709,0.1503960604763492,1.0,-0.4295325597463305,0.2490200113882698,0.9994264970432628,0.46322798902755075,3,False,False
ENSG00000174780,SRP72,1.4450149417283484,0.20287528626953547,0.1503960604763492,1.0,0.34317695414054733,0.18049459914164656,0.9994264970432628,0.0,4,False,False
ENSG00000176101,SSNA1,1.4450149417283484,0.33517649843730657,0.1503960604763492,1.0,0.3806348293485999,0.1383243259363869,0.9994264970432628,0.0,3,False,False
ENSG00000176463,SLCO3A1,1.4450149417283484,0.18340052633202358,0.1503960604763492,1.0,0.22243863018351423,0.45327242466172646,0.9994264970432628,0.21518183552754794,2,False,False
ENSG00000188186,LAMTOR4,1.4450149417283484,0.3050119235233212,0.1503960604763492,1.0,0.3931092313839259,0.1238987068065003,0.9994264970432628,0.0,4,False,False
ENSG00000136960,ENPP2,1.4312528946642689,0.4545717985962115,0.1543339068198479,1.0,0.36304445729494833,0.15752253431261187,0.9994264970432628,0.0,3,False,False
ENSG00000001036,FUCA2,-1.4312528946642689,-0.7042329252289955,0.15433885242056428,1.0,-0.3927281692486835,0.2009044937210387,0.9994264970432628,0.2540466853471164,3,False,False
ENSG00000067606,PRKCZ,-1.4312528946642689,-0.19372192274418895,0.15433885242056428,1.0,-0.2011442489329239,0.43154235400273455,0.9994264970432628,0.0,3,False,False
ENSG00000088812,ATRN,-1.4312528946642689,-0.21643094733844015,0.15433885242056428,1.0,-0.3435798249547917,0.17906430728765554,0.9994264970432628,0.0,3,False,False
ENSG00000100151,PICK1,-1.4312528946642689,-0.3072154002400904,0.15433885242056428,1.0,-0.3038696340689564,0.23348255268601048,0.9994264970432628,0.0,4,False,False
ENSG00000107643,MAPK8,-1.4312528946642689,-0.36340615733058973,0.15433885242056428,1.0,-0.3328788316416129,0.1919447826926195,0.9994264970432628,0.0,4,False,False
ENSG00000116016,EPAS1,-1.4312528946642689,-0.8001292503784163,0.15433885242056428,1.0,-0.4248373720202992,0.09771943808109645,0.9994264970432628,0.0,3,False,False
ENSG00000116128,BCL9,-1.4312528946642689,-0.24708960048684078,0.15433885242056428,1.0,-0.37683763583696556,0.14184200352650514,0.9994264970432628,0.0,4,False,False
ENSG00000123178,SPRYD7,-1.4312528946642689,-0.24791664149618484,0.15433885242056428,1.0,-0.29449637265652984,0.24838332229770121,0.9994264970432628,0.0,3,False,False
ENSG00000125875,TBC1D20,1.4312528946642689,0.282987420463071,0.15433885242056428,1.0,0.3704024950779698,0.1471919942298239,0.9994264970432628,0.0,4,False,False
ENSG00000128512,DOCK4,-1.4312528946642689,-0.3796394540767098,0.15433885242056428,1.0,-0.2702159939546221,0.29174735463937795,0.9994264970432628,0.0,3,False,False
ENSG00000134480,CCNH,-1.4312528946642689,-0.3746864909754167,0.15433885242056428,1.0,-0.20703685024436494,0.41871782212259867,0.9994264970432628,0.0,3,False,False
ENSG00000137106,GRHPR,1.4312528946642689,0.44283026503422673,0.15433885242056428,1.0,0.3613635026343066,0.15713893518543529,0.9994264970432628,0.0,4,False,False
ENSG00000138175,ARL3,-1.4312528946642689,-0.31657859410357864,0.15433885242056428,1.0,-0.3020603493509776,0.2399354397892669,0.9994264970432628,0.0,3,False,False
ENSG00000159579,RSPRY1,1.4312528946642689,0.21582563938759494,0.15433885242056428,1.0,0.3497263535908909,0.17119193349019168,0.9994264970432628,0.0,4,False,False
ENSG00000165417,GTF2A1,-1.4312528946642689,-0.4715879750839232,0.15433885242056428,1.0,-0.3342964272565399,0.19333985608083248,0.9994264970432628,0.0,3,False,False
ENSG00000167522,ANKRD11,1.4312528946642689,0.48135274542065215,0.15433885242056428,1.0,0.34633260099487423,0.17586384256697074,0.9994264970432628,0.0,3,False,False
ENSG00000171587,DSCAM,1.4312528946642689,0.08045629172330632,0.15433885242056428,1.0,0.267179466248285,0.49498204007535884,0.9994264970432628,0.5259376985803197,2,False,False
ENSG00000176148,TCP11L1,-1.4312528946642689,-0.47787123897678213,0.15433885242056428,1.0,-0.26181141561640725,0.34270687512712894,0.9994264970432628,0.1117287470216335,2,False,False
ENSG00000185088,RPS27L,-1.4312528946642689,-0.4929554506864339,0.15433885242056428,1.0,-0.43172617382740797,0.22803638903226897,0.9994264970432628,0.4267223704223349,3,False,False
ENSG00000198420,TCAF1,-1.4312528946642689,-0.44779989896540173,0.15433885242056428,1.0,-0.3213502467662235,0.24480295741601754,0.9994264970432628,0.10857729645321094,2,False,False
ENSG00000146247,PHIP,1.424371871132229,-0.12863980677353,0.15633449829458163,1.0,0.23480999148562318,0.5007220581913963,0.9994264970432628,0.4063445449966371,3,False,False
ENSG00000163577,EIF5A2,1.424371871132229,0.038054096425864395,0.15633449829458163,1.0,0.2868378374892943,0.43345054599119026,0.9994264970432628,0.4637872564222967,3,False,False
ENSG00000007168,PAFAH1B1,-1.4174908476001893,-0.4139346871489123,0.1583596932849196,1.0,-0.3685041901289194,0.15229319952125844,0.9994264970432628,0.0,3,False,False
ENSG00000009954,BAZ1B,1.4174908476001893,0.12973135366581104,0.1583596932849196,1.0,0.2777262458345637,0.4478396512224705,0.9994264970432628,0.4633793935247874,2,False,False
ENSG00000047249,ATP6V1H,-1.4174908476001893,-0.5906863431112351,0.1583596932849196,1.0,-0.3353960654644746,0.3244717445418469,0.9994264970432628,0.3798620131734116,3,False,False
ENSG00000074964,ARHGEF10L,1.4174908476001893,0.43570344843532843,0.1583596932849196,1.0,0.31634886188789046,0.21476496620841745,0.9994264970432628,0.0,4,False,False
ENSG00000089916,GPATCH2L,1.4174908476001893,0.23197441262952587,0.1583596932849196,1.0,0.25251719719477544,0.3204779329826406,0.9994264970432628,0.0,3,False,False
ENSG00000101407,TTI1,1.4174908476001893,0.4860309086798202,0.1583596932849196,1.0,0.4033785037505078,0.11477506623897882,0.9994264970432628,0.0,4,False,False
ENSG00000102893,PHKB,1.4174908476001893,0.13851540286711628,0.1583596932849196,1.0,0.2705863641335038,0.28802328845236913,0.9994264970432628,0.0,3,False,False
ENSG00000112763,BTN2A1,-1.4174908476001893,-0.5434479886537754,0.1583596932849196,1.0,-0.4333131016236029,0.16336517171453335,0.9994264970432628,0.2665746364655602,3,False,False
ENSG00000114742,WDR48,1.4174908476001893,0.09599135885510125,0.1583596932849196,1.0,0.2588077180038986,0.31082160558943983,0.9994264970432628,0.0,2,False,False
ENSG00000117616,RSRP1,1.4174908476001893,-0.0282362099591556,0.1583596932849196,1.0,0.38847385418884667,0.36116759507193463,0.9994264970432628,0.5767378346061915,3,False,False
ENSG00000127527,EPS15L1,1.4174908476001893,0.34292134479648073,0.1583596932849196,1.0,0.29251928033227625,0.4343631770591554,0.9994264970432628,0.48191375031848527,2,False,False
ENSG00000140691,ARMC5,1.4174908476001893,0.34271629212978705,0.1583596932849196,1.0,0.26130110979551563,0.30697273575727757,0.9994264970432628,0.0,3,False,False
ENSG00000144445,KANSL1L,1.4174908476001893,0.1504679242486595,0.1583596932849196,1.0,0.19787733849891137,0.43797462552904376,0.9994264970432628,0.0,3,False,False
ENSG00000149136,SSRP1,-1.4174908476001893,-0.31729062226674115,0.1583596932849196,1.0,-0.2897137984175773,0.33373569574697126,0.9994264970432628,0.22862633215526462,3,False,False
ENSG00000151914,DST,-1.4174908476001893,-0.39080080562089226,0.1583596932849196,1.0,-0.40125444140645544,0.11932041439344182,0.9994264970432628,0.0,4,False,False
ENSG00000162728,KCNJ9,-1.4174908476001893,-0.6498362673491167,0.1583596932849196,1.0,-0.35596395979020895,0.16484261315869786,0.9994264970432628,0.0,3,False,False
ENSG00000165156,ZHX1,1.4174908476001893,0.4558732470333388,0.1583596932849196,1.0,0.3491692171993672,0.17525609348683668,0.9994264970432628,0.0,3,False,False
ENSG00000170606,HSPA4,1.4174908476001893,0.6845659512797433,0.1583596932849196,1.0,0.4127077646854989,0.109146475088751,0.9994264970432628,0.0,3,False,False
ENSG00000171206,TRIM8,1.4174908476001893,0.26113954811304285,0.1583596932849196,1.0,0.3441777371836976,0.17952050468856096,0.9994264970432628,0.0,3,False,False
ENSG00000171310,CHST11,1.4174908476001893,-0.14830845409705148,0.1583596932849196,1.0,0.06070176025692563,0.8707463407411244,0.9994264970432628,0.48673251523915423,1,False,False
ENSG00000171490,RSL1D1,-1.4174908476001893,-0.32605945577795936,0.1583596932849196,1.0,-0.23597918211231217,0.5353253692171966,0.9994264970432628,0.5015109993121951,3,False,False
ENSG00000172932,ANKRD13D,1.4174908476001893,0.4686378037820813,0.1583596932849196,1.0,0.28986008540183344,0.25606005837407775,0.9994264970432628,0.0,3,False,False
ENSG00000176871,WSB2,-1.4174908476001893,-0.3516493247274338,0.1583596932849196,1.0,-0.3694470054882898,0.15133780675867045,0.9994264970432628,0.0,3,False,False
ENSG00000179085,DPM3,1.4174908476001893,0.44595472444548767,0.1583596932849196,1.0,0.3359831346144997,0.18733593304352336,0.9994264970432628,0.0,4,False,False
ENSG00000182087,TMEM259,-1.4174908476001893,-0.4360918447755888,0.1583596932849196,1.0,-0.3470593570475289,0.1752437301444395,0.9994264970432628,0.0,4,False,False
ENSG00000243147,MRPL33,1.4174908476001893,0.13694958998505805,0.1583596932849196,1.0,0.2721118742864753,0.30821250556152646,0.9994264970432628,0.059527603265389466,3,False,False
ENSG00000062194,GPBP1,1.4037288005361097,0.24952286141866084,0.16245935156287694,1.0,0.3746214125222647,0.14382325734111653,0.9994264970432628,0.0,4,False,False
ENSG00000100564,PIGH,1.4037288005361097,0.3800067462851118,0.16245935156287694,1.0,0.3007601178991643,0.23842105691892745,0.9994264970432628,0.0,4,False,False
ENSG00000101654,RNMT,-1.4037288005361097,-0.2157185773615866,0.16245935156287694,1.0,-0.25986582826114,0.30726873875537986,0.9994264970432628,0.0,3,False,False
ENSG00000110514,MADD,-1.4037288005361097,-0.29464838894103296,0.16245935156287694,1.0,-0.35025581440992415,0.17158755504875378,0.9994264970432628,0.0,4,False,False
ENSG00000116754,SRSF11,-1.4037288005361097,-0.2961283181190306,0.16245935156287694,1.0,-0.2990799816350428,0.36940820204933056,0.9994264970432628,0.359175852398239,3,False,False
ENSG00000116791,CRYZ,1.4037288005361097,0.3336816682534212,0.16245935156287694,1.0,0.4453227341532197,0.36203671131050463,0.9994264970432628,0.6668051099748271,3,False,False
ENSG00000117519,CNN3,1.4037288005361097,0.26183449319002916,0.16245935156287694,1.0,0.2679652530233315,0.2940595105020024,0.9994264970432628,0.0,4,False,False
ENSG00000123570,RAB9B,-1.4037288005361097,-0.3125018004418274,0.16245935156287694,1.0,-0.23465275332799718,0.35800737896030144,0.9994264970432628,0.0,3,False,False
ENSG00000140463,BBS4,-1.4037288005361097,-0.488602601993756,0.16245935156287694,1.0,-0.43386905141989096,0.09106503208075424,0.9994264970432628,0.0,4,False,False
ENSG00000143850,PLEKHA6,-1.4037288005361097,-0.4102858680706859,0.16245935156287694,1.0,-0.3673093685453254,0.153323987313631,0.9994264970432628,0.0,4,False,False
ENSG00000145901,TNIP1,-1.4037288005361097,-0.35610120111481697,0.16245935156287694,1.0,-0.416311857390196,0.24739964394427805,0.9994264970432628,0.43416564731402435,3,False,False
ENSG00000147862,NFIB,1.4037288005361097,0.5032073893463253,0.16245935156287694,1.0,0.3576241205925074,0.1642769793907467,0.9994264970432628,0.0,3,False,False
ENSG00000160753,RUSC1,1.4037288005361097,0.07025747136510803,0.16245935156287694,1.0,0.2644443704424591,0.29988550518004975,0.9994264970432628,0.0,3,False,False
ENSG00000172046,USP19,1.4037288005361097,0.4372828382379058,0.16245935156287694,1.0,0.3957484186016439,0.12479241607786447,0.9994264970432628,0.0,3,False,False
ENSG00000179918,SEPHS2,-1.4037288005361097,-0.5035611939549756,0.16245935156287694,1.0,-0.454165597776879,0.07782301818130154,0.9994264970432628,0.0,4,False,False
ENSG00000184007,PTP4A2,1.4037288005361097,0.12693571751615423,0.16245935156287694,1.0,0.17487392685998618,0.4903086352857632,0.9994264970432628,0.0,4,False,False
ENSG00000187398,LUZP2,-1.4037288005361097,-0.30918839670236226,0.16245935156287694,1.0,-0.3317754428060446,0.19527717026744895,0.9994264970432628,0.0,3,False,False
ENSG00000151366,NDUFC2,1.3968477770040701,0.23944086259709554,0.16453390773744436,1.0,0.34832680242414255,0.17421490104899717,0.9994264970432628,0.0,3,False,False
ENSG00000011405,PIK3C2A,-1.3899667534720304,-0.3534893148638671,0.16663858066771475,1.0,-0.41901431081824253,0.10168073270165787,0.9994264970432628,0.0,4,False,False
ENSG00000058729,RIOK2,-1.3899667534720304,-0.4822637377923637,0.16663858066771475,1.0,-0.3677415523452153,0.15048013202706262,0.9994264970432628,0.0,3,False,False
ENSG00000066084,DIP2B,-1.3899667534720304,-0.20356647210940046,0.16663858066771475,1.0,-0.1714244689054443,0.4994645127614157,0.9994264970432628,0.0,4,False,False
ENSG00000083123,BCKDHB,-1.3899667534720304,-0.3771055673780635,0.16663858066771475,1.0,-0.3168093473746517,0.21812181354409488,0.9994264970432628,0.0,3,False,False
ENSG00000083845,RPS5,1.3899667534720304,0.1696300880678889,0.16663858066771475,1.0,0.4023040551957854,0.11893059848919248,0.9994264970432628,0.0,3,False,False
ENSG00000085733,CTTN,-1.3899667534720304,-0.07589748572540721,0.16663858066771475,1.0,-0.1470341386114524,0.5633824852282431,0.9994264970432628,0.0,2,False,False
ENSG00000085831,TTC39A,1.3899667534720304,0.25785368741582393,0.16663858066771475,1.0,0.35874807011585147,0.16133107874960828,0.9994264970432628,0.0,4,False,False
ENSG00000085832,EPS15,-1.3899667534720304,-0.31760263529158334,0.16663858066771475,1.0,-0.336456691329834,0.19071437414340753,0.9994264970432628,0.0,4,False,False
ENSG00000089234,BRAP,-1.3899667534720304,-0.36963726232549654,0.16663858066771475,1.0,-0.317211342705987,0.21787382532779598,0.9994264970432628,0.0,3,False,False
ENSG00000113448,PDE4D,-1.3899667534720304,-0.3958557228258609,0.16663858066771475,1.0,-0.39035069390171984,0.129330769310813,0.9994264970432628,0.0,4,False,False
ENSG00000113575,PPP2CA,-1.3899667534720304,-0.14328846112965385,0.16663858066771475,1.0,-0.30224648998732473,0.2860841358849754,0.9994264970432628,0.14464797670092422,3,False,False
ENSG00000119596,YLPM1,-1.3899667534720304,-0.49514278747833945,0.16663858066771475,1.0,-0.1045897536459942,0.8238604762986608,0.9994264970432628,0.6382159296189642,3,False,False
ENSG00000123575,FAM199X,-1.3899667534720304,-0.3479604924816394,0.16663858066771475,1.0,-0.37463487543113544,0.14440287391575649,0.9994264970432628,0.0,4,False,False
ENSG00000128951,DUT,1.3899667534720304,0.20971694045131456,0.16663858066771475,1.0,0.4132003240398711,0.22854691379786296,0.9994264970432628,0.38250530759104245,2,False,False
ENSG00000129003,VPS13C,1.3899667534720304,0.3950854548043816,0.16663858066771475,1.0,0.21567042706624862,0.3964644707735592,0.9994264970432628,0.0,3,False,False
ENSG00000136541,ERMN,1.3899667534720304,0.38823677294780023,0.16663858066771475,1.0,0.3475420257189035,0.17623539516939046,0.9994264970432628,0.0,3,False,False
ENSG00000137992,DBT,1.3899667534720304,0.483312982913356,0.16663858066771475,1.0,0.36122074901912216,0.15853864388470995,0.9994264970432628,0.0,4,False,False
ENSG00000148672,GLUD1,-1.3899667534720304,-0.38465919328967396,0.16663858066771475,1.0,-0.35412510730745156,0.16500249170754877,0.9994264970432628,0.0,4,False,False
ENSG00000156873,PHKG2,-1.3899667534720304,-0.3527524174950346,0.16663858066771475,1.0,-0.2235582022804972,0.4327139216174575,0.9994264970432628,0.1599499481643159,2,False,False
ENSG00000157601,MX1,1.3899667534720304,0.10678989328697228,0.16663858066771475,1.0,0.21002381055677619,0.40855563452641563,0.9994264970432628,0.0,3,False,False
ENSG00000166913,YWHAB,1.3899667534720304,0.14426500701440484,0.16663858066771475,1.0,0.2812762211035035,0.3668810401742335,0.9994264970432628,0.2806845321060203,2,False,False
ENSG00000167258,CDK12,1.3899667534720304,0.27014560801175336,0.16663858066771475,1.0,0.35958288380429876,0.16021207502399293,0.9994264970432628,0.0,4,False,False
ENSG00000185565,LSAMP,1.3899667534720304,0.008541230417500394,0.16663858066771475,1.0,0.2765861951486817,0.4489952529778448,0.9994264970432628,0.45962564678400974,3,False,False
ENSG00000196235,SUPT5H,-1.3899667534720304,-0.41753549580195354,0.16663858066771475,1.0,-0.31079708384822147,0.22350440195743038,0.9994264970432628,0.0,3,False,False
ENSG00000198894,CIPC,-1.3899667534720304,-0.3635234363001496,0.16663858066771475,1.0,-0.34908200971484926,0.17527212444692541,0.9994264970432628,0.0,2,False,False
ENSG00000255529,POLR2M,1.3899667534720304,0.2952486884223459,0.16663858066771475,1.0,0.35819047710261487,0.16115708494416092,0.9994264970432628,0.0,4,False,False
ENSG00000080824,HSP90AA1,1.3830857299399906,0.2449630626886612,0.16873781793231324,1.0,0.3690938891775842,0.19659468408512715,0.9994264970432628,0.15899029349378913,3,False,False
ENSG00000036054,TBC1D23,-1.3762047064079508,-0.2764219294546583,0.17089811820620926,1.0,-0.3637836933848606,0.22943455663457235,0.9994264970432628,0.22844068238370416,3,False,False
ENSG00000061794,MRPS35,1.3762047064079508,0.3815967358505914,0.17089811820620926,1.0,0.4180477461809886,0.10404124673858221,0.9994264970432628,0.0,4,False,False
ENSG00000069020,MAST4,1.3762047064079508,0.5574502870545045,0.17089811820620926,1.0,0.3204501032283379,0.21225822154893892,0.9994264970432628,0.0,3,False,False
ENSG00000069667,RORA,-1.3762047064079508,-0.07840856906527384,0.17089811820620926,1.0,-0.3241120906361025,0.3936854781100705,0.9994264970432628,0.47617212052436464,2,False,False
ENSG00000069956,MAPK6,1.3762047064079508,0.04755179338320605,0.17089811820620926,1.0,0.1875276595862814,0.5203177123228209,0.9994264970432628,0.19253503509770611,3,False,False
ENSG00000079156,OSBPL6,1.3762047064079508,0.2506340997694722,0.17089811820620926,1.0,0.20241272305748476,0.4287871733203551,0.9994264970432628,0.0,3,False,False
ENSG00000095564,BTAF1,-1.3762047064079508,-0.11948338253774012,0.17089811820620926,1.0,-0.2646633370470637,0.3026944369175064,0.9994264970432628,0.0,3,False,False
ENSG00000101161,PRPF6,-1.3762047064079508,-0.8601507928350948,0.17089811820620926,1.0,-0.38449087180993274,0.4231336507139224,0.9994264970432628,0.6713873964491262,2,False,False
ENSG00000101343,CRNKL1,1.3762047064079508,0.353985664394606,0.17089811820620926,1.0,0.35591097117219667,0.18450252256140054,0.9994264970432628,0.06111048506488428,3,False,False
ENSG00000104142,VPS18,-1.3762047064079508,-0.27615496598501055,0.17089811820620926,1.0,-0.2764564120316564,0.27927070620276695,0.9994264970432628,0.0,4,False,False
ENSG00000106771,TMEM245,1.3762047064079508,0.08369199452145898,0.17089811820620926,1.0,0.22419801238433348,0.5420970225807469,0.9994264970432628,0.4659049867858045,3,False,False
ENSG00000109881,CCDC34,-1.3762047064079508,-0.2974397352124237,0.17089811820620926,1.0,-0.3054879519996537,0.23467577189591482,0.9994264970432628,0.0,3,False,False
ENSG00000110013,SIAE,-1.3762047064079508,-0.6812011066667386,0.17089811820620926,1.0,-0.395959087196031,0.20724043549301485,0.9994264970432628,0.2818896832190468,3,False,False
ENSG00000111786,SRSF9,-1.3762047064079508,-0.18896214772766645,0.17089811820620926,1.0,-0.3480600217471547,0.29932555224941726,0.9994264970432628,0.35570038434672224,3,False,False
ENSG00000119661,DNAL1,-1.3762047064079508,-0.0916429078837795,0.17089811820620926,1.0,-0.3184448555158271,0.2134526253403055,0.9994264970432628,0.0,3,False,False
ENSG00000136636,KCTD3,-1.3762047064079508,-0.5610714444147358,0.17089811820620926,1.0,-0.14538617407605234,0.7484027190681921,0.9994264970432628,0.6150201351292188,3,False,False
ENSG00000139726,DENR,-1.3762047064079508,-0.2380344491100626,0.17089811820620926,1.0,-0.45344350396702326,0.44960066399408427,0.9994264970432628,0.7364111969064616,3,False,False
ENSG00000144677,CTDSPL,1.3762047064079508,0.13106521042435956,0.17089811820620926,1.0,0.24037484210715448,0.5778556004509485,0.9994264970432628,0.6057123346007628,2,False,False
ENSG00000147654,EBAG9,1.3762047064079508,0.5902098370958861,0.17089811820620926,1.0,0.3933718357730943,0.12389480466154011,0.9994264970432628,0.0,4,False,False
ENSG00000155093,PTPRN2,-1.3762047064079508,-0.03043168974437577,0.17089811820620926,1.0,-0.1352307084398805,0.5957052975085428,0.9994264970432628,0.0,2,False,False
ENSG00000157617,C2CD2,-1.3762047064079508,-0.18547139496818735,0.17089811820620926,1.0,-0.2980009204492407,0.2415915106167954,0.9994264970432628,0.0,4,False,False
ENSG00000162704,ARPC5,1.3762047064079508,0.22304346459644628,0.17089811820620926,1.0,0.37883599636320703,0.33898940921255816,0.9994264970432628,0.5276504631519363,3,False,False
ENSG00000163531,NFASC,-1.3762047064079508,0.12742351760121007,0.17089811820620926,1.0,-0.24996915418812135,0.5117339310399733,0.9994264970432628,0.48242373934291727,2,False,False
ENSG00000169740,ZNF32,1.3762047064079508,0.044257773347901416,0.17089811820620926,1.0,0.261564747116368,0.5008025459870786,0.9994264970432628,0.5054910839489328,2,False,False
ENSG00000170581,STAT2,1.3762047064079508,0.06525134076445269,0.17089811820620926,1.0,0.31479223371879145,0.3674072737069326,0.9994264970432628,0.39638555286462024,3,False,False
ENSG00000175806,MSRA,-1.3762047064079508,-0.6374511494237641,0.17089811820620926,1.0,-0.3290279084161309,0.2673012993073146,0.9994264970432628,0.211433059554283,3,False,False
ENSG00000183258,DDX41,-1.3762047064079508,-0.3864256030232663,0.17089811820620926,1.0,-0.29734354566138504,0.24665390273877064,0.9994264970432628,0.0,3,False,False
ENSG00000184402,SS18L1,-1.3762047064079508,-0.5912073397989611,0.17089811820620926,1.0,-0.36675603619709474,0.1546121859032679,0.9994264970432628,0.0,2,False,False
ENSG00000186377,CYP4X1,-1.3762047064079508,-0.742220684112488,0.17089811820620926,1.0,-0.14558291343826066,0.813658862102791,0.9994264970432628,0.762316581922932,3,False,False
ENSG00000189079,ARID2,1.3762047064079508,0.5395740820710302,0.17089811820620926,1.0,0.34520272599121526,0.17845445434642337,0.9994264970432628,0.0,3,False,False
ENSG00000075043,KCNQ2,-1.3624426593438712,-0.10064886951828837,0.1752386852503085,1.0,-0.12168820434168692,0.6333250058907972,0.9994264970432628,0.0,3,False,False
ENSG00000075539,FRYL,1.3624426593438712,0.050994368342799586,0.1752386852503085,1.0,0.32268753010487217,0.3275611609845326,0.9994264970432628,0.34585645015724065,3,False,False
ENSG00000102524,TNFSF13B,1.3624426593438712,0.577818017572584,0.1752386852503085,1.0,0.36077847424147597,0.3094884011734006,0.9994264970432628,0.42567650349796265,3,False,False
ENSG00000103653,CSK,-1.3624426593438712,-0.46828005782833104,0.1752386852503085,1.0,-0.31487090681719765,0.2190502714151319,0.9994264970432628,0.0,3,False,False
ENSG00000113569,NUP155,-1.3624426593438712,-0.22278151789395056,0.1752386852503085,1.0,-0.2215202533029624,0.44374173765176295,0.9994264970432628,0.17613432683335828,3,False,False
ENSG00000128655,PDE11A,-1.3624426593438712,-0.43963426121788185,0.1752386852503085,1.0,-0.3517243652266342,0.2170628487393902,0.9994264970432628,0.15387548667334106,3,False,False
ENSG00000134107,BHLHE40,-1.3624426593438712,-0.2732425308017575,0.1752386852503085,1.0,-0.5052920497086967,0.23624210320331707,0.9994264970432628,0.5859904323774475,3,False,False
ENSG00000136144,RCBTB1,-1.3624426593438712,-0.384370854579618,0.1752386852503085,1.0,-0.3853751747397115,0.25676307369328244,0.9994264970432628,0.3776015876240878,3,False,False
ENSG00000136878,USP20,-1.3624426593438712,-0.24082791567465578,0.1752386852503085,1.0,-0.37854019573996356,0.199860056845093,0.9994264970432628,0.2004299403028814,3,False,False
ENSG00000155792,DEPTOR,1.3624426593438712,0.13644855433653558,0.1752386852503085,1.0,0.30917196790357965,0.3093519166175892,0.9994264970432628,0.24195303684672853,3,False,False
ENSG00000157103,SLC6A1,-1.3624426593438712,-0.32803570370816476,0.1752386852503085,1.0,-0.3885155865905373,0.1293110291630059,0.9994264970432628,0.0,4,False,False
ENSG00000179526,SHARPIN,-1.3624426593438712,-0.5077527185140588,0.1752386852503085,1.0,-0.31797832681232757,0.4096347736986028,0.9994264970432628,0.5024764164083119,3,False,False
ENSG00000182199,SHMT2,1.3624426593438712,0.02543558264364636,0.1752386852503085,1.0,0.101069544973085,0.7756725599253975,0.9994264970432628,0.43595859840731094,1,False,False
ENSG00000182732,RGS6,-1.3624426593438712,-0.12312496089090409,0.1752386852503085,1.0,-0.4757567701307039,0.35273814543472226,0.9994264970432628,0.6740239015673495,3,False,False
ENSG00000185359,HGS,-1.3624426593438712,-0.28198347210119257,0.1752386852503085,1.0,-0.3739012641454637,0.1436293630561105,0.9994264970432628,0.0,4,False,False
ENSG00000106077,ABHD11,-1.3555616358118316,-0.3066326409825239,0.17743437450982247,1.0,-0.34959438550887345,0.17325170090534325,0.9994264970432628,0.0,4,False,False
ENSG00000167658,EEF2,-1.3555616358118316,-0.1262490059887945,0.17743437450982247,1.0,-0.30710541907584216,0.23195853853575277,0.9994264970432628,0.0,3,False,False
ENSG00000198231,DDX42,-1.3486806122797919,-0.24094294027599367,0.17965576306095765,1.0,-0.2654542435721819,0.29901362693845746,0.9994264970432628,0.0,3,False,False
ENSG00000030582,GRN,1.3486806122797919,-0.049689195380401806,0.17966098560745958,1.0,0.7821055017233192,0.3222634438371357,0.9994264970432628,0.8531213087389622,2,False,False
ENSG00000033178,UBA6,1.3486806122797919,0.1808509569558444,0.17966098560745958,1.0,0.2272384702470228,0.37551509353536183,0.9994264970432628,0.0,3,False,False
ENSG00000049656,CLPTM1L,1.3486806122797919,0.16367776847906862,0.17966098560745958,1.0,0.28582791239693045,0.26603685896181994,0.9994264970432628,0.0,3,False,False
ENSG00000052795,FNIP2,1.3486806122797919,0.15459689175700017,0.17966098560745958,1.0,0.21988760296154086,0.39162974958132435,0.9994264970432628,0.0,3,False,False
ENSG00000079950,STX7,-1.3486806122797919,-0.42739918048663206,0.17966098560745958,1.0,-0.32337951725166353,0.3392485903783765,0.9994264970432628,0.36747329657448136,2,False,False
ENSG00000091129,NRCAM,1.3486806122797919,0.1973099159097608,0.17966098560745958,1.0,0.3348535978393427,0.19238858377447876,0.9994264970432628,0.0,4,False,False
ENSG00000093167,LRRFIP2,1.3486806122797919,0.03864431397643605,0.17966098560745958,1.0,0.21404428149501548,0.40610682463880077,0.9994264970432628,0.005885308582674582,3,False,False
ENSG00000101977,MCF2,-1.3486806122797919,-0.3850298687718242,0.17966098560745958,1.0,-0.35063292775790994,0.28305483063119397,0.9994264970432628,0.33250863596289354,3,False,False
ENSG00000111707,SUDS3,-1.3486806122797919,-0.28613062828757885,0.17966098560745958,1.0,-0.30663754892973316,0.26832553425963446,0.9994264970432628,0.11220794108490786,3,False,False
ENSG00000111912,NCOA7,1.3486806122797919,-0.061391270207012544,0.17966098560745958,1.0,0.2765941897003156,0.4430538148558891,0.9994264970432628,0.4457997509812955,3,False,False
ENSG00000118482,PHF3,1.3486806122797919,0.0383407806592737,0.17966098560745958,1.0,0.2459239282157935,0.3950165391879885,0.9994264970432628,0.1806288375185188,3,False,False
ENSG00000123066,MED13L,1.3486806122797919,0.18909860704363646,0.17966098560745958,1.0,0.22759362398786506,0.3708070773118399,0.9994264970432628,0.0,3,False,False
ENSG00000124160,NCOA5,1.3486806122797919,0.09554368984318815,0.17966098560745958,1.0,0.34063614512385837,0.21935757494720975,0.9994264970432628,0.1146970563124148,3,False,False
ENSG00000124570,SERPINB6,1.3486806122797919,-0.01643129523883234,0.17966098560745958,1.0,0.35034971450585367,0.4066676948790253,0.9994264970432628,0.5659059508233881,2,False,False
ENSG00000134202,GSTM3,1.3486806122797919,0.21224267738132585,0.17966098560745958,1.0,0.30637524876719274,0.32655517767109365,0.9994264970432628,0.2742193830143964,3,False,False
ENSG00000139405,RITA1,-1.3486806122797919,-0.3000781633762997,0.17966098560745958,1.0,-0.3175653442409954,0.2154596679044719,0.9994264970432628,0.0,3,False,False
ENSG00000151690,MFSD6,-1.3486806122797919,-0.23332092608880764,0.17966098560745958,1.0,-0.2306068519182336,0.3681679733085206,0.9994264970432628,0.0,3,False,False
ENSG00000156253,RWDD2B,-1.3486806122797919,-0.40195652264927056,0.17966098560745958,1.0,-0.39491591112166935,0.12349050636318808,0.9994264970432628,0.0,4,False,False
ENSG00000159140,SON,1.3486806122797919,-0.028801572575156555,0.17966098560745958,1.0,0.29503721520013404,0.2690467104279137,0.9994264970432628,0.05918058579604606,3,False,False
ENSG00000171307,ZDHHC16,-1.3486806122797919,-0.33827054440892373,0.17966098560745958,1.0,-0.34281374099185247,0.2874496805311144,0.9994264970432628,0.318210798284775,3,False,False
ENSG00000181523,SGSH,-1.3486806122797919,-0.27681998284203996,0.17966098560745958,1.0,-0.2828669923769667,0.27067728517624157,0.9994264970432628,0.0,3,False,False
ENSG00000184588,PDE4B,-1.3486806122797919,-0.20209556739003479,0.17966098560745958,1.0,-0.16693879664645805,0.5128153813393802,0.9994264970432628,0.0,3,False,False
ENSG00000196663,TECPR2,-1.3486806122797919,-0.21125908393409232,0.17966098560745958,1.0,-0.17897883409649679,0.48420353344525924,0.9994264970432628,0.0,3,False,False
ENSG00000203485,INF2,-1.3486806122797919,-0.5183893876553993,0.17966098560745958,1.0,-0.2678555006135822,0.29661238490645014,0.9994264970432628,0.0,3,False,False
ENSG00000204842,ATXN2,1.3486806122797919,0.3099477429438087,0.17966098560745958,1.0,0.34446593439883744,0.3190377212717682,0.9994264970432628,0.3944908549499239,2,False,False
ENSG00000211455,STK38L,1.3486806122797919,0.29302103621006154,0.17966098560745958,1.0,0.31479157972838817,0.3731841528089881,0.9994264970432628,0.40903672638572763,2,False,False
ENSG00000197971,MBP,1.3349185652157123,0.22025436968839657,0.18416044026906875,1.0,0.2670047642796001,0.29506249964975173,0.9994264970432628,0.0,3,False,False
ENSG00000077585,GPR137B,1.3349185652157123,0.22939744791299851,0.18416570509025076,1.0,0.3440898707179306,0.1792558195349857,0.9994264970432628,0.0,4,False,False
ENSG00000101843,PSMD10,-1.3349185652157123,-0.4225237390911634,0.18416570509025076,1.0,-0.26499848885142124,0.4239622596347774,0.9994264970432628,0.3547481706605647,2,False,False
ENSG00000111077,TNS2,-1.3349185652157123,-0.3491611127927782,0.18416570509025076,1.0,-0.350268884047246,0.17076862967263295,0.9994264970432628,0.0,4,False,False
ENSG00000111666,CHPT1,1.3349185652157123,0.19482709146316027,0.18416570509025076,1.0,0.24062962723116882,0.385686795988359,0.9994264970432628,0.12011142763431246,3,False,False
ENSG00000114904,NEK4,-1.3349185652157123,-0.32934823275041586,0.18416570509025076,1.0,-0.33670153322044083,0.18832249662048117,0.9994264970432628,0.0,2,False,False
ENSG00000117528,ABCD3,-1.3349185652157123,-0.21533563413578521,0.18416570509025076,1.0,-0.2883399122000228,0.25723934949052984,0.9994264970432628,0.0,4,False,False
ENSG00000120129,DUSP1,1.3349185652157123,0.42003165211849536,0.18416570509025076,1.0,0.27563326842419555,0.28214203351049805,0.9994264970432628,0.0,3,False,False
ENSG00000126351,THRA,1.3349185652157123,0.09932980141066888,0.18416570509025076,1.0,0.22909251118864635,0.36704743593039213,0.9994264970432628,0.0,4,False,False
ENSG00000135972,MRPS9,-1.3349185652157123,-0.7924333682795625,0.18416570509025076,1.0,-0.2704512661067361,0.4349233394310419,0.9994264970432628,0.40372642501817013,2,False,False
ENSG00000143401,ANP32E,-1.3349185652157123,-0.4831388179566449,0.18416570509025076,1.0,-0.3005221286751461,0.24025385196505566,0.9994264970432628,0.0,3,False,False
ENSG00000143786,CNIH3,-1.3349185652157123,-0.20805699885764423,0.18416570509025076,1.0,-0.26158208338347666,0.30578316238866754,0.9994264970432628,0.0,3,False,False
ENSG00000145868,FBXO38,-1.3349185652157123,-0.3615533647570156,0.18416570509025076,1.0,-0.3213607490838903,0.20894157907058408,0.9994264970432628,0.0,4,False,False
ENSG00000153982,GDPD1,1.3349185652157123,0.3504002337469446,0.18416570509025076,1.0,0.3355399922982366,0.1909419636626909,0.9994264970432628,0.0,3,False,False
ENSG00000154027,AK5,-1.3349185652157123,-0.3194892077190454,0.18416570509025076,1.0,-0.41424017516525913,0.3154601086369381,0.9994264970432628,0.5377269328889656,4,False,False
ENSG00000156345,CDK20,-1.3349185652157123,-0.48290062216203933,0.18416570509025076,1.0,-0.36965565425285263,0.14954201703124814,0.9994264970432628,0.0,3,False,False
ENSG00000157106,SMG1,1.3349185652157123,0.21906188124784728,0.18416570509025076,1.0,0.37831544645782206,0.16061637111457572,0.9994264970432628,0.06686443394667882,3,False,False
ENSG00000157152,SYN2,1.3349185652157123,0.16915792421268563,0.18416570509025076,1.0,0.5254286820712388,0.31915378418682916,0.9994264970432628,0.7141300886746667,3,False,False
ENSG00000160049,DFFA,1.3349185652157123,0.21897491782399636,0.18416570509025076,1.0,0.3184726059493705,0.2142712594716909,0.9994264970432628,0.0,3,False,False
ENSG00000162702,ZNF281,-1.3349185652157123,-0.1971905537263174,0.18416570509025076,1.0,-0.24763328746795818,0.33190640129428073,0.9994264970432628,0.0,4,False,False
ENSG00000164163,ABCE1,-1.3349185652157123,-0.2563567679923548,0.18416570509025076,1.0,-0.2515798469947277,0.3273865076585374,0.9994264970432628,0.0,3,False,False
ENSG00000169032,MAP2K1,-1.3349185652157123,-0.6892578268099929,0.18416570509025076,1.0,-0.3932451811382225,0.3437025482282251,0.9994264970432628,0.5676986526509713,2,False,False
ENSG00000173273,TNKS,1.3349185652157123,-0.13778475623249392,0.18416570509025076,1.0,0.34588162950567314,0.371465495702316,0.9994264970432628,0.5014760477308049,3,False,False
ENSG00000175931,UBE2O,1.3349185652157123,0.44708491423586144,0.18416570509025076,1.0,0.1251884629010448,0.696419671852895,0.9994264970432628,0.320377597456733,1,False,False
ENSG00000077684,JADE1,1.3211565181516327,0.16775490448395608,0.18875351078606606,1.0,0.3286519082353272,0.32914716964369806,0.9994264970432628,0.3739450713303553,2,False,False
ENSG00000100350,FOXRED2,1.3211565181516327,0.27883030772979417,0.18875351078606606,1.0,0.26397274706511226,0.30154686666020514,0.9994264970432628,0.0,3,False,False
ENSG00000104823,ECH1,1.3211565181516327,0.06447941327159205,0.18875351078606606,1.0,0.17800682886053681,0.48521914629180374,0.9994264970432628,0.0,2,False,False
ENSG00000105671,DDX49,-1.3211565181516327,-0.2825201599096958,0.18875351078606606,1.0,-0.36107927226806474,0.15800387409727334,0.9994264970432628,0.0,4,False,False
ENSG00000112146,FBXO9,-1.3211565181516327,-0.42102449342237824,0.18875351078606606,1.0,-0.318935344175878,0.2879773403433491,0.9994264970432628,0.22725483060589674,2,False,False
ENSG00000117016,RIMS3,-1.3211565181516327,-0.2661479708001694,0.18875351078606606,1.0,-0.32772208219333393,0.20241138375785606,0.9994264970432628,0.0,3,False,False
ENSG00000132305,IMMT,-1.3211565181516327,-0.22550317619338134,0.18875351078606606,1.0,-0.2712171969227597,0.3592013711145784,0.9994264970432628,0.20453991619353412,2,False,False
ENSG00000132872,SYT4,1.3211565181516327,0.40704177220593,0.18875351078606606,1.0,0.4112685090270134,0.10826633812577535,0.9994264970432628,0.0,4,False,False
ENSG00000140553,UNC45A,-1.3211565181516327,-0.1007291585870363,0.18875351078606606,1.0,-0.32972761343200957,0.3011762596408257,0.9994264970432628,0.29908072743939945,3,False,False
ENSG00000143970,ASXL2,1.3211565181516327,-0.13883513905322956,0.18875351078606606,1.0,0.4009392163495289,0.47037750471010886,0.9994264970432628,0.7260611150853786,2,False,False
ENSG00000163788,SNRK,-1.3211565181516327,-0.3695342923101683,0.18875351078606606,1.0,-0.31016973243500645,0.22669907920436216,0.9994264970432628,0.0,3,False,False
ENSG00000168395,ING5,-1.3211565181516327,-0.5533285152797088,0.18875351078606606,1.0,-0.19534695704279828,0.6982636806487625,0.9994264970432628,0.6781304427463901,3,False,False
ENSG00000168913,ENHO,-1.3211565181516327,-0.5948858412030824,0.18875351078606606,1.0,-0.4598405029382396,0.19165584563151483,0.9994264970432628,0.40990300624128545,3,False,False
ENSG00000175826,CTDNEP1,-1.3211565181516327,-0.44872487863401284,0.18875351078606606,1.0,-0.4144901879367214,0.10606028356365413,0.9994264970432628,0.0,3,False,False
ENSG00000181045,SLC26A11,1.3211565181516327,0.29803289634817925,0.18875351078606606,1.0,0.27074105133190435,0.4037086083125201,0.9994264970432628,0.322619619484391,3,False,False
ENSG00000253719,ATXN7L3B,-1.3211565181516327,-0.38231270550682683,0.18875351078606606,1.0,-0.3126795281266168,0.22235527574936242,0.9994264970432628,0.0,3,False,False
ENSG00000010244,ZNF207,-1.3073944710875534,-0.3445907408265365,0.19342505032744062,1.0,-0.3844094132585092,0.1436740137028937,0.9994264970432628,0.028489756237783506,3,False,False
ENSG00000068971,PPP2R5B,-1.3073944710875534,-0.3391021409043275,0.19342505032744062,1.0,-0.36662058704792827,0.15338956732257275,0.9994264970432628,0.0,3,False,False
ENSG00000072803,FBXW11,-1.3073944710875534,-0.2046460756628719,0.19342505032744062,1.0,-0.2898334260452287,0.25460651269776624,0.9994264970432628,0.0,4,False,False
ENSG00000075413,MARK3,1.3073944710875534,0.3202502706191924,0.19342505032744062,1.0,0.3471237359579778,0.291154341881406,0.9994264970432628,0.3340942263442241,3,False,False
ENSG00000083937,CHMP2B,-1.3073944710875534,-0.2826502592142002,0.19342505032744062,1.0,-0.35595420308387954,0.32734017275587446,0.9994264970432628,0.44052830020860223,3,False,False
ENSG00000092203,TOX4,-1.3073944710875534,-0.3123210922214304,0.19342505032744062,1.0,-0.2545906284797469,0.318415195574524,0.9994264970432628,0.0,3,False,False
ENSG00000104613,INTS10,-1.3073944710875534,-0.25720601600293486,0.19342505032744062,1.0,-0.3882877484318289,0.12979125583449078,0.9994264970432628,0.0,4,False,False
ENSG00000114541,FRMD4B,-1.3073944710875534,-0.5942416501483523,0.19342505032744062,1.0,-0.22524322899463609,0.40423139519915186,0.9994264970432628,0.08021711548330515,2,False,False
ENSG00000120685,PROSER1,1.3073944710875534,0.369754245782033,0.19342505032744062,1.0,0.343565703886709,0.26691357877238286,0.9994264970432628,0.26206984388798726,3,False,False
ENSG00000123352,SPATS2,1.3073944710875534,0.23994483912175182,0.19342505032744062,1.0,0.3130302571459684,0.26160689515204716,0.9994264970432628,0.12380944390145225,2,False,False
ENSG00000128789,PSMG2,1.3073944710875534,0.008910548731804881,0.19342505032744062,1.0,0.23534903534860693,0.41390937909455194,0.9994264970432628,0.1706639061062376,3,False,False
ENSG00000135926,TMBIM1,-1.3073944710875534,-0.533195946393973,0.19342505032744062,1.0,-0.347690421173685,0.1750967283617777,0.9994264970432628,0.0,3,False,False
ENSG00000137103,TMEM8B,-1.3073944710875534,-0.2644813422596897,0.19342505032744062,1.0,-0.27964322363826877,0.2717995009250791,0.9994264970432628,0.0,3,False,False
ENSG00000142207,URB1,1.3073944710875534,0.33124481234236114,0.19342505032744062,1.0,0.3846551290809125,0.13262779387463255,0.9994264970432628,0.0,4,False,False
ENSG00000150540,HNMT,-1.3073944710875534,-0.35423162066249847,0.19342505032744062,1.0,-0.29539473778232617,0.2472121365703096,0.9994264970432628,0.0,3,False,False
ENSG00000160460,SPTBN4,1.3073944710875534,0.6612340396679577,0.19342505032744062,1.0,0.33759102511722283,0.18875024288999454,0.9994264970432628,0.0,4,False,False
ENSG00000164741,DLC1,1.3073944710875534,0.12418406946295588,0.19342505032744062,1.0,0.3106056589843774,0.2252076536932064,0.9994264970432628,0.0,3,False,False
ENSG00000169184,MN1,-1.3073944710875534,-0.594204049366773,0.19342505032744062,1.0,-0.3196391473339286,0.21265977469381125,0.9994264970432628,0.0,3,False,False
ENSG00000170619,COMMD5,-1.3073944710875534,-0.2587195178564505,0.19342505032744062,1.0,-0.2579810944595003,0.3584538978442431,0.9994264970432628,0.1344414012859783,3,False,False
ENSG00000087258,GNAO1,1.3005134475555136,0.2438693472934021,0.19578705216274828,1.0,0.3307153058282182,0.19542848132059687,0.9994264970432628,0.0,3,False,False
ENSG00000137409,MTCH1,1.3005134475555136,0.2666557343578802,0.19578705216274828,1.0,0.30682480208741914,0.23102679568809192,0.9994264970432628,0.0,3,False,False
ENSG00000078674,PCM1,1.2936324240234738,0.3313663430354599,0.1981809511638335,1.0,0.36972539180841035,0.14792731401907494,0.9994264970432628,0.0,4,False,False
ENSG00000083444,PLOD1,1.2936324240234738,-0.019052691538059503,0.1981809511638335,1.0,0.26799049649186657,0.4102096074171394,0.9994264970432628,0.33604837941738713,3,False,False
ENSG00000087095,NLK,-1.2936324240234738,-0.07508135411276304,0.1981809511638335,1.0,-0.2758687029332851,0.42795663924163585,0.9994264970432628,0.40443418775880147,2,False,False
ENSG00000101266,CSNK2A1,-1.2936324240234738,-0.6265887451427075,0.1981809511638335,1.0,-0.47214553166878226,0.23581796464743265,0.9994264970432628,0.5319233983842905,3,False,False
ENSG00000106244,PDAP1,1.2936324240234738,0.3594023482154745,0.1981809511638335,1.0,0.30478360921871345,0.23200914499376124,0.9994264970432628,0.0,3,False,False
ENSG00000108389,MTMR4,-1.2936324240234738,-0.4767470212821878,0.1981809511638335,1.0,-0.3174965678233465,0.21734816969550386,0.9994264970432628,0.0,3,False,False
ENSG00000112406,HECA,1.2936324240234738,0.004335560886913763,0.1981809511638335,1.0,0.14831981432798652,0.6560538996716454,0.9994264970432628,0.35705111711677007,2,False,False
ENSG00000120913,PDLIM2,1.2936324240234738,0.3333428839981968,0.1981809511638335,1.0,0.3449907791997088,0.25061135851174887,0.9994264970432628,0.22623113333738268,3,False,False
ENSG00000121964,GTDC1,1.2936324240234738,-0.19761816932497997,0.1981809511638335,1.0,0.19019347432531217,0.6830228079503824,0.9994264970432628,0.64653098295901,2,False,False
ENSG00000122584,NXPH1,-1.2936324240234738,-0.2623924619303958,0.1981809511638335,1.0,-0.25427021532063493,0.3216351099111695,0.9994264970432628,0.0,2,False,False
ENSG00000128011,LRFN1,-1.2936324240234738,-0.20234294212011178,0.1981809511638335,1.0,-0.24350647446604987,0.339705824662742,0.9994264970432628,0.0,3,False,False
ENSG00000132463,GRSF1,-1.2936324240234738,-0.1679683290351879,0.1981809511638335,1.0,-0.2606281338671302,0.40349221608519903,0.9994264970432628,0.2750156648737025,3,False,False
ENSG00000151498,ACAD8,1.2936324240234738,0.5427446962084421,0.1981809511638335,1.0,0.3304427960235426,0.19752524932934634,0.9994264970432628,0.0,4,False,False
ENSG00000162706,CADM3,-1.2936324240234738,-0.1324772565343678,0.1981809511638335,1.0,-0.298169860035221,0.24419444172193838,0.9994264970432628,0.0,3,False,False
ENSG00000162769,FLVCR1,1.2936324240234738,0.013166463809512769,0.1981809511638335,1.0,0.22608283271866758,0.3779953243738212,0.9994264970432628,0.0,3,False,False
ENSG00000164252,AGGF1,-1.2936324240234738,-0.3041715312153362,0.1981809511638335,1.0,-0.2951669718414091,0.24872332585678048,0.9994264970432628,0.0,3,False,False
ENSG00000165209,STRBP,1.2936324240234738,0.5799163283510775,0.1981809511638335,1.0,0.3163983139194834,0.34625094065069106,0.9994264970432628,0.3600017291646955,3,False,False
ENSG00000169967,MAP3K2,-1.2936324240234738,-0.2666280994836419,0.1981809511638335,1.0,-0.26896856648980044,0.29030194473430426,0.9994264970432628,0.0,4,False,False
ENSG00000174891,RSRC1,1.2936324240234738,0.5479001472893331,0.1981809511638335,1.0,0.3605642071280672,0.16165903399160386,0.9994264970432628,0.0,4,False,False
ENSG00000175166,PSMD2,-1.2936324240234738,-0.21970680857267258,0.1981809511638335,1.0,-0.3506080997281815,0.22256555686179147,0.9994264970432628,0.16158126519270424,3,False,False
ENSG00000182872,RBM10,1.2936324240234738,0.20356746747527607,0.1981809511638335,1.0,0.24316684442559156,0.34016019832784683,0.9994264970432628,0.0,3,False,False
ENSG00000185324,CDK10,1.2936324240234738,0.22213967469414625,0.1981809511638335,1.0,0.27225140243517654,0.2848366762128969,0.9994264970432628,0.0,4,False,False
ENSG00000198624,CCDC69,-1.2936324240234738,-0.33185118733557123,0.1981809511638335,1.0,-0.299039321774373,0.24326575762530578,0.9994264970432628,0.0,3,False,False
ENSG00000198648,STK39,-1.2936324240234738,-0.17938004758757006,0.1981809511638335,1.0,-0.2643056126572183,0.4707552106852463,0.9994264970432628,0.45730554967485815,3,False,False
ENSG00000167986,DDB1,-1.286751400491434,-0.26296019489525296,0.2005853246759025,1.0,-0.28461714399196436,0.34234749241967144,0.9994264970432628,0.2265281952644733,3,False,False
ENSG00000074696,HACD3,1.2798703769593942,0.23884148122055926,0.20301639870387922,1.0,0.36404021356627286,0.15791237743831132,0.9994264970432628,0.0,3,False,False
ENSG00000006282,SPATA20,-1.2798703769593942,-0.30511596480908065,0.20302181983553313,1.0,-0.3953476872405568,0.1249167243641744,0.9994264970432628,0.0,3,False,False
ENSG00000013288,MAN2B2,1.2798703769593942,0.3007783478628316,0.20302181983553313,1.0,0.2958885235999564,0.24907271227805028,0.9994264970432628,0.0,3,False,False
ENSG00000069509,FUNDC1,-1.2798703769593942,-0.34421537553359066,0.20302181983553313,1.0,-0.23484351687950772,0.45717835734085976,0.9994264970432628,0.2975066616192833,2,False,False
ENSG00000086589,RBM22,-1.2798703769593942,-0.27135009559288387,0.20302181983553313,1.0,-0.2091679540034266,0.4130856911333486,0.9994264970432628,0.0,3,False,False
ENSG00000100575,TIMM9,1.2798703769593942,0.19608104782555308,0.20302181983553313,1.0,0.25584389294519017,0.3188839755962042,0.9994264970432628,0.0,2,False,False
ENSG00000105778,AVL9,-1.2798703769593942,-0.2418039214992962,0.20302181983553313,1.0,-0.2796883784725886,0.27216316435162236,0.9994264970432628,0.0,4,False,False
ENSG00000108960,MMD,-1.2798703769593942,-0.27358264210824257,0.20302181983553313,1.0,-0.2895124447790707,0.2685856744092384,0.9994264970432628,0.026045243570159603,3,False,False
ENSG00000109436,TBC1D9,-1.2798703769593942,-0.3502679733372908,0.20302181983553313,1.0,-0.25640978647139673,0.31726435327639646,0.9994264970432628,0.0,3,False,False
ENSG00000109956,B3GAT1,-1.2798703769593942,-0.4000050725318274,0.20302181983553313,1.0,-0.26881769016803153,0.2920160162619426,0.9994264970432628,0.0,2,False,False
ENSG00000111052,LIN7A,-1.2798703769593942,-0.168002301046958,0.20302181983553313,1.0,-0.23978402024433057,0.3471707058738882,0.9994264970432628,0.0,2,False,False
ENSG00000117054,ACADM,-1.2798703769593942,-0.2060922648786237,0.20302181983553313,1.0,-0.2487126504258936,0.329834152457289,0.9994264970432628,0.0,3,False,False
ENSG00000132612,VPS4A,-1.2798703769593942,-0.2074655820150415,0.20302181983553313,1.0,-0.22648979588006382,0.37416192214661537,0.9994264970432628,0.0,3,False,False
ENSG00000135119,RNFT2,1.2798703769593942,0.4331547045854997,0.20302181983553313,1.0,0.2931887173412254,0.2541611368693436,0.9994264970432628,0.0,3,False,False
ENSG00000137198,GMPR,1.2798703769593942,0.23226181768165285,0.20302181983553313,1.0,0.281116466523552,0.3270893801042204,0.9994264970432628,0.16328613566393627,3,False,False
ENSG00000139970,RTN1,1.2798703769593942,0.20782514119670714,0.20302181983553313,1.0,0.3026056123932701,0.23939183318452972,0.9994264970432628,0.0,3,False,False
ENSG00000142599,RERE,1.2798703769593942,-0.09542986113493182,0.20302181983553313,1.0,0.1564348187915691,0.5392780651620739,0.9994264970432628,0.0,3,False,False
ENSG00000147324,MFHAS1,1.2798703769593942,0.24035593399725205,0.20302181983553313,1.0,0.3593623858341611,0.16090801644222852,0.9994264970432628,0.0,3,False,False
ENSG00000152749,GPR180,1.2798703769593942,0.327716854048863,0.20302181983553313,1.0,0.33317521945645695,0.19108895056043973,0.9994264970432628,0.0,4,False,False
ENSG00000161204,ABCF3,-1.2798703769593942,-0.42240852654469,0.20302181983553313,1.0,-0.2883098004373725,0.28082530796178373,0.9994264970432628,0.061478998472068405,2,False,False
ENSG00000162511,LAPTM5,1.2798703769593942,0.43851742126093946,0.20302181983553313,1.0,0.312619731669814,0.2214475219179588,0.9994264970432628,0.0,4,False,False
ENSG00000162616,DNAJB4,1.2798703769593942,0.47817488104816186,0.20302181983553313,1.0,0.32784946650596614,0.31556302637936884,0.9994264970432628,0.33398063652967924,3,False,False
ENSG00000163257,DCAF16,-1.2798703769593942,-0.07980744856620038,0.20302181983553313,1.0,-0.2069259872930025,0.41762383494630495,0.9994264970432628,0.0,3,False,False
ENSG00000169375,SIN3A,-1.2798703769593942,-0.1996396412299024,0.20302181983553313,1.0,-0.33749387274527165,0.439115367812867,0.9994264970432628,0.6097830870643851,3,False,False
ENSG00000178449,COX14,1.2798703769593942,0.35089799600844435,0.20302181983553313,1.0,0.3753895804069569,0.14600278502499484,0.9994264970432628,0.0,3,False,False
ENSG00000180176,TH,1.2798703769593942,0.3541969781486146,0.20302181983553313,1.0,0.29722976053841427,0.24311472614290397,0.9994264970432628,0.0,4,False,False
ENSG00000184164,CRELD2,1.2798703769593942,-0.12793907952307676,0.20302181983553313,1.0,0.46908851019090814,0.3459957741211247,0.9994264970432628,0.6823274259346238,3,False,False
ENSG00000148158,SNX30,-1.2661083298953146,-0.5859604582551041,0.20794278446774794,1.0,-0.4211210136022372,0.15263369775556465,0.9994264970432628,0.19170272890385853,4,False,False
ENSG00000004455,AK2,1.2661083298953146,0.4816881326011195,0.2079482412504381,1.0,0.3627645507037862,0.15575148899079033,0.9994264970432628,0.0,4,False,False
ENSG00000083168,KAT6A,1.2661083298953146,0.015880312402439273,0.2079482412504381,1.0,0.13974530119544584,0.5830060828122163,0.9994264970432628,0.0,3,False,False
ENSG00000101191,DIDO1,1.2661083298953146,0.24185989913432962,0.2079482412504381,1.0,0.38286979916401664,0.40733567558726724,0.9994264970432628,0.642316198685941,3,False,False
ENSG00000106355,LSM5,-1.2661083298953146,-0.3527122533713006,0.2079482412504381,1.0,-0.30281810743544657,0.3707982461565028,0.9994264970432628,0.37457322478266925,2,False,False
ENSG00000111361,EIF2B1,1.2661083298953146,0.38608239045174514,0.2079482412504381,1.0,0.3017785018471533,0.24040775991893626,0.9994264970432628,0.0,3,False,False
ENSG00000113595,TRIM23,1.2661083298953146,0.37138999789153765,0.2079482412504381,1.0,0.3471034231082558,0.17597398069312142,0.9994264970432628,0.0,3,False,False
ENSG00000120686,UFM1,-1.2661083298953146,-0.30735263187356127,0.2079482412504381,1.0,-0.3762320629950083,0.15689197421367865,0.9994264970432628,0.04573743019744746,3,False,False
ENSG00000133027,PEMT,-1.2661083298953146,-0.49667501644954687,0.2079482412504381,1.0,-0.324338715261016,0.2071954562111724,0.9994264970432628,0.0,3,False,False
ENSG00000135454,B4GALNT1,1.2661083298953146,0.35494712815239843,0.2079482412504381,1.0,0.284893680151955,0.26356220296148203,0.9994264970432628,0.0,4,False,False
ENSG00000137872,SEMA6D,-1.2661083298953146,-0.3466295859378804,0.2079482412504381,1.0,-0.276545654919005,0.27919973140905496,0.9994264970432628,0.0,3,False,False
ENSG00000147533,GOLGA7,1.2661083298953146,0.08386813462762453,0.2079482412504381,1.0,0.21145635109769048,0.40612515775437463,0.9994264970432628,0.0,4,False,False
ENSG00000154845,PPP4R1,1.2661083298953146,0.13055652403262002,0.2079482412504381,1.0,0.327081026733047,0.4379974836100641,0.9994264970432628,0.5651416286445919,3,False,False
ENSG00000159784,FAM131B,-1.2661083298953146,-0.32361249465898073,0.2079482412504381,1.0,-0.23125679184504527,0.36518233428918545,0.9994264970432628,0.0,2,False,False
ENSG00000160439,RDH13,1.2661083298953146,0.23233598306416284,0.2079482412504381,1.0,0.2607386756459327,0.30913333256764763,0.9994264970432628,0.0,2,False,False
ENSG00000169359,SLC33A1,-1.2661083298953146,-0.7580462490073308,0.2079482412504381,1.0,-0.37478584771218315,0.14645531378231585,0.9994264970432628,0.0,2,False,False
ENSG00000181638,ZFP41,1.2661083298953146,0.48773610676780293,0.2079482412504381,1.0,0.30964153441352116,0.2265224707440593,0.9994264970432628,0.0,3,False,False
ENSG00000203880,PCMTD2,1.2661083298953146,-0.16336043501378697,0.2079482412504381,1.0,0.20271631859924913,0.6181411125724405,0.9994264970432628,0.5457888573307156,2,False,False
ENSG00000171385,KCND3,1.259227306363275,-0.009127552203060144,0.21043823686512297,1.0,0.20220398524629804,0.47367083690989076,0.9994264970432628,0.14777083982941275,2,False,False
ENSG00000022267,FHL1,1.2523462828312353,0.13936974630534854,0.21295528699238753,1.0,0.30427806213356806,0.23352773882218014,0.9994264970432628,0.0,3,False,False
ENSG00000013588,GPRC5A,1.2523462828312353,0.061465963084828934,0.21296077796444213,1.0,0.2970681028044627,0.4256774241998088,0.9994264970432628,0.4766281438699654,2,False,False
ENSG00000023909,GCLM,1.2523462828312353,0.19004443650574307,0.21296077796444213,1.0,0.2535961887658754,0.3190425596766874,0.9994264970432628,0.0,3,False,False
ENSG00000055208,TAB2,-1.2523462828312353,-0.16899055888968245,0.21296077796444213,1.0,-0.22032395448784028,0.3862345497788996,0.9994264970432628,0.0,4,False,False
ENSG00000074842,MYDGF,1.2523462828312353,0.12493996911261918,0.21296077796444213,1.0,0.2644100559002907,0.3000226600283782,0.9994264970432628,0.0,3,False,False
ENSG00000092010,PSME1,-1.2523462828312353,-0.27786296482984174,0.21296077796444213,1.0,-0.2088559488178086,0.4152630730418373,0.9994264970432628,0.0,1,False,False
ENSG00000100281,HMGXB4,1.2523462828312353,0.26015673115041343,0.21296077796444213,1.0,0.2169958530897953,0.39440848635717407,0.9994264970432628,0.0,2,False,False
ENSG00000108883,EFTUD2,-1.2523462828312353,-0.5122816414582012,0.21296077796444213,1.0,-0.3170214452676869,0.2153007075558525,0.9994264970432628,0.0,4,False,False
ENSG00000118705,RPN2,1.2523462828312353,0.2985011497074628,0.21296077796444213,1.0,0.3371098870219673,0.1883886920740696,0.9994264970432628,0.0,3,False,False
ENSG00000133069,TMCC2,1.2523462828312353,0.2390850924239146,0.21296077796444213,1.0,0.30275381538523666,0.2354774775711157,0.9994264970432628,0.0,4,False,False
ENSG00000136100,VPS36,-1.2523462828312353,-0.5750835707718175,0.21296077796444213,1.0,-0.3455869211707758,0.17977160748862753,0.9994264970432628,0.0,3,False,False
ENSG00000139641,ESYT1,1.2523462828312353,0.26365694493533737,0.21296077796444213,1.0,0.3474731770819714,0.1737830753027968,0.9994264970432628,0.0,4,False,False
ENSG00000140538,NTRK3,1.2523462828312353,0.35319999698231436,0.21296077796444213,1.0,0.3562879332182921,0.163826501419568,0.9994264970432628,0.0,4,False,False
ENSG00000141867,BRD4,1.2523462828312353,0.1263066599920685,0.21296077796444213,1.0,0.273677821130955,0.48219092810250563,0.9994264970432628,0.5185373392279429,2,False,False
ENSG00000145934,TENM2,1.2523462828312353,0.22814735133878877,0.21296077796444213,1.0,0.28608850886419157,0.26592766650240995,0.9994264970432628,0.0,3,False,False
ENSG00000148843,PDCD11,1.2523462828312353,0.09921439124662379,0.21296077796444213,1.0,0.25882581539111466,0.32637506712977604,0.9994264970432628,0.040886907592830264,3,False,False
ENSG00000153558,FBXL2,-1.2523462828312353,-0.26265108780837493,0.21296077796444213,1.0,-0.38505096057052324,0.3045094095017308,0.9994264970432628,0.4707651386999214,3,False,False
ENSG00000156298,TSPAN7,1.2523462828312353,0.3036134007890711,0.21296077796444213,1.0,0.3005176898309275,0.23867636608442544,0.9994264970432628,0.0,4,False,False
ENSG00000158560,DYNC1I1,-1.2523462828312353,-0.2344052724081948,0.21296077796444213,1.0,-0.420184212550335,0.3349827281961246,0.9994264970432628,0.585674966001339,3,False,False
ENSG00000159348,CYB5R1,-1.2523462828312353,-0.2126539080162085,0.21296077796444213,1.0,-0.2289100717301515,0.37021269888748,0.9994264970432628,0.0,3,False,False
ENSG00000163637,PRICKLE2,1.2523462828312353,0.32518410644487444,0.21296077796444213,1.0,0.30368973929160864,0.23391805323663273,0.9994264970432628,0.0,4,False,False
ENSG00000165495,PKNOX2,-1.2523462828312353,-0.23069999544457012,0.21296077796444213,1.0,-0.16282975361150576,0.5211774463401895,0.9994264970432628,0.0,2,False,False
ENSG00000171204,TMEM126B,-1.2523462828312353,-0.23596718546000228,0.21296077796444213,1.0,-0.2690061330079215,0.49827848171344935,0.9994264970432628,0.536593057120956,1,False,False
ENSG00000173221,GLRX,-1.2523462828312353,-0.38004964600241625,0.21296077796444213,1.0,-0.282320857903106,0.27106153850975423,0.9994264970432628,0.0,3,False,False
ENSG00000176623,RMDN1,-1.2523462828312353,-0.3841327508067731,0.21296077796444213,1.0,-0.3408547899303092,0.1810050652831937,0.9994264970432628,0.0,4,False,False
ENSG00000181830,SLC35C1,1.2523462828312353,0.3496184108246084,0.21296077796444213,1.0,0.16557625342557908,0.6991769933671947,0.9994264970432628,0.5978249115927954,2,False,False
ENSG00000196338,NLGN3,-1.2523462828312353,-0.17105004621420206,0.21296077796444213,1.0,-0.254218923200566,0.32114688469527797,0.9994264970432628,0.0,3,False,False
ENSG00000008018,PSMB1,1.2454652592991955,0.24284981702078012,0.21549400156479448,1.0,0.2841567879524407,0.2637842064649263,0.9994264970432628,0.0,4,False,False
ENSG00000224531,SMIM13,-1.2385842357671557,-0.16298238970264958,0.21805444581144184,1.0,-0.21020729071537808,0.5900376474130266,0.9994264970432628,0.5227565895922106,2,False,False
ENSG00000011485,PPP5C,-1.2385842357671557,-0.11291352194252234,0.21805996946618666,1.0,-0.46049476659377936,0.3174421035545012,0.9994264970432628,0.6154693883492454,3,False,False
ENSG00000035403,VCL,1.2385842357671557,0.07541873364943137,0.21805996946618666,1.0,0.18908496000384456,0.5551567006298328,0.9994264970432628,0.31887390179212105,3,False,False
ENSG00000047188,YTHDC2,-1.2385842357671557,-0.01324820387688543,0.21805996946618666,1.0,-0.20871715718315545,0.41590518235245744,0.9994264970432628,0.0,3,False,False
ENSG00000061936,SFSWAP,-1.2385842357671557,-0.2583860013628587,0.21805996946618666,1.0,-0.30640757981090877,0.22977640899429386,0.9994264970432628,0.0,4,False,False
ENSG00000080822,CLDND1,1.2385842357671557,0.3434214781500309,0.21805996946618666,1.0,0.38733401197927136,0.13314187926714788,0.9994264970432628,0.0,4,False,False
ENSG00000089169,RPH3A,1.2385842357671557,0.34070453555873176,0.21805996946618666,1.0,0.2689023680835135,0.44724969082489796,0.9994264970432628,0.42912228248160156,3,False,False
ENSG00000101846,STS,1.2385842357671557,0.18082070942810616,0.21805996946618666,1.0,0.25924180181078665,0.312960930133947,0.9994264970432628,0.0,2,False,False
ENSG00000114388,NPRL2,1.2385842357671557,0.10067189264952028,0.21805996946618666,1.0,0.33518422499771316,0.35772290284775954,0.9994264970432628,0.455171143971299,2,False,False
ENSG00000114902,SPCS1,-1.2385842357671557,-0.32490402934237,0.21805996946618666,1.0,-0.2818819408313743,0.27021756973470135,0.9994264970432628,0.0,3,False,False
ENSG00000115548,KDM3A,1.2385842357671557,0.179220834095903,0.21805996946618666,1.0,0.347768117830945,0.17636756705914536,0.9994264970432628,0.0,3,False,False
ENSG00000117697,NSL1,1.2385842357671557,0.04018232886114344,0.21805996946618666,1.0,0.22068786422672393,0.46448809081069575,0.9994264970432628,0.23330560345773171,3,False,False
ENSG00000119900,OGFRL1,-1.2385842357671557,-0.40602324273693197,0.21805996946618666,1.0,-0.41077134012909133,0.12084294636865846,0.9994264970432628,0.03733045616816558,3,False,False
ENSG00000125901,MRPS26,1.2385842357671557,0.2528497012897826,0.21805996946618666,1.0,0.36610516170910423,0.15209259445694362,0.9994264970432628,0.0,4,False,False
ENSG00000130255,RPL36,1.2385842357671557,0.13003437055795322,0.21805996946618666,1.0,0.25348531445313555,0.3199726113658161,0.9994264970432628,0.0,4,False,False
ENSG00000132604,TERF2,-1.2385842357671557,-0.568737246450351,0.21805996946618666,1.0,-0.40714753810227283,0.19168882118824437,0.9994264970432628,0.27323836968702225,3,False,False
ENSG00000134769,DTNA,1.2385842357671557,0.33323873574594176,0.21805996946618666,1.0,0.24073196473617972,0.34632315224743837,0.9994264970432628,0.0,3,False,False
ENSG00000135336,ORC3,-1.2385842357671557,-0.5302224262292391,0.21805996946618666,1.0,-0.3046173299191513,0.23446214075392313,0.9994264970432628,0.0,2,False,False
ENSG00000139514,SLC7A1,-1.2385842357671557,-0.41886099130050114,0.21805996946618666,1.0,-0.32837079179207757,0.2023229988381342,0.9994264970432628,0.0,3,False,False
ENSG00000141458,NPC1,1.2385842357671557,0.11535667470374221,0.21805996946618666,1.0,0.26532411249959564,0.4302771632596092,0.9994264970432628,0.3720046219105753,3,False,False
ENSG00000150394,CDH8,-1.2385842357671557,-0.29939289698304855,0.21805996946618666,1.0,-0.5088829431405963,0.3195515529525278,0.9994264970432628,0.6718622452015393,3,False,False
ENSG00000151806,GUF1,-1.2385842357671557,-0.19158302541641106,0.21805996946618666,1.0,-0.3125016329398665,0.30920171878036173,0.9994264970432628,0.25678570404212825,3,False,False
ENSG00000155980,KIF5A,-1.2385842357671557,-0.23316467734776772,0.21805996946618666,1.0,-0.42263844831854236,0.25042313907375746,0.9994264970432628,0.45202373045505956,3,False,False
ENSG00000166311,SMPD1,1.2385842357671557,0.27555330823974267,0.21805996946618666,1.0,0.3491907434881446,0.17479712238389278,0.9994264970432628,0.0,4,False,False
ENSG00000178718,RPP25,1.2385842357671557,0.30895648752435884,0.21805996946618666,1.0,0.31218039849041,0.22178194956434516,0.9994264970432628,0.0,3,False,False
ENSG00000184216,IRAK1,-1.2385842357671557,-0.6257657871805332,0.21805996946618666,1.0,-0.3345614567407068,0.44005542532813635,0.9994264970432628,0.6065105795936111,3,False,False
ENSG00000196091,MYBPC1,1.2385842357671557,0.34731891269415965,0.21805996946618666,1.0,0.3235352366395604,0.35723532536159175,0.9994264970432628,0.40868555271807616,2,False,False
ENSG00000196586,MYO6,-1.2385842357671557,-0.14611932389720317,0.21805996946618666,1.0,-0.22697226111988025,0.3743761082662441,0.9994264970432628,0.0,3,False,False
ENSG00000205336,ADGRG1,-1.2385842357671557,-0.17836214250059573,0.21805996946618666,1.0,-0.25548389883796474,0.3166843546635054,0.9994264970432628,0.0,3,False,False
ENSG00000244462,RBM12,-1.2385842357671557,-0.42234723060196955,0.21805996946618666,1.0,-0.16093741219511196,0.5652564776641353,0.9994264970432628,0.13147096319947804,3,False,False
ENSG00000065518,NDUFB4,1.2248221887030761,0.16360936402306772,0.22324077668080333,1.0,0.3489059015919099,0.3018921882749407,0.9994264970432628,0.3724850128274937,3,False,False
ENSG00000048991,R3HDM1,-1.2248221887030761,-0.17146641004115226,0.2232463314669354,1.0,-0.28392891172100687,0.2693323289479599,0.9994264970432628,0.0,3,False,False
ENSG00000054356,PTPRN,1.2248221887030761,0.4270745721499867,0.2232463314669354,1.0,0.27898509147304223,0.2756186194910837,0.9994264970432628,0.0,2,False,False
ENSG00000068654,POLR1A,-1.2248221887030761,-0.6280813524087335,0.2232463314669354,1.0,-0.40911057292614555,0.2272301691852936,0.9994264970432628,0.3736410318950246,3,False,False
ENSG00000068745,IP6K2,1.2248221887030761,0.3252523987651297,0.2232463314669354,1.0,0.31729364725581727,0.21504192051859117,0.9994264970432628,0.0,3,False,False
ENSG00000077063,CTTNBP2,1.2248221887030761,0.44965119832277656,0.2232463314669354,1.0,0.308260240869026,0.22813452433928805,0.9994264970432628,0.0,4,False,False
ENSG00000099995,SF3A1,-1.2248221887030761,-0.4910723678654017,0.2232463314669354,1.0,-0.30224243242281496,0.23980434908972115,0.9994264970432628,0.0,3,False,False
ENSG00000100604,CHGA,1.2248221887030761,0.4304712824954516,0.2232463314669354,1.0,0.37939376943481345,0.2429840099149566,0.9994264970432628,0.32364116295491735,3,False,False
ENSG00000116983,HPCAL4,1.2248221887030761,0.13723605267813072,0.2232463314669354,1.0,0.236038642558027,0.3568032311303735,0.9994264970432628,0.0,3,False,False
ENSG00000127838,PNKD,1.2248221887030761,0.12603344353095672,0.2232463314669354,1.0,0.3257896142158203,0.2048336966614045,0.9994264970432628,0.0,3,False,False
ENSG00000136521,NDUFB5,-1.2248221887030761,-0.32260719023019413,0.2232463314669354,1.0,-0.37730839235397146,0.1435562090389789,0.9994264970432628,0.0,3,False,False
ENSG00000141431,ASXL3,-1.2248221887030761,-0.20592423687311678,0.2232463314669354,1.0,-0.29674373153447375,0.2447746781871133,0.9994264970432628,0.0,3,False,False
ENSG00000143811,PYCR2,-1.2248221887030761,-0.2815279187476759,0.2232463314669354,1.0,-0.246226235057501,0.3330288070803661,0.9994264970432628,0.0,3,False,False
ENSG00000146587,RBAK,-1.2248221887030761,-0.21353580058160287,0.2232463314669354,1.0,-0.24626910036835403,0.3340397803426681,0.9994264970432628,0.0,4,False,False
ENSG00000147677,EIF3H,1.2248221887030761,0.32283417793045793,0.2232463314669354,1.0,0.362530716511133,0.15660865178514147,0.9994264970432628,0.0,4,False,False
ENSG00000149295,DRD2,-1.2248221887030761,-0.35804326433097144,0.2232463314669354,1.0,-0.2636940218220887,0.3227521465896256,0.9994264970432628,0.05766316327066933,3,False,False
ENSG00000152061,RABGAP1L,-1.2248221887030761,0.14834059565074642,0.2232463314669354,1.0,-0.3110621449691235,0.5504363490290785,0.9994264970432628,0.6871098564136867,2,False,False
ENSG00000160584,SIK3,-1.2248221887030761,-0.1242582678593504,0.2232463314669354,1.0,-0.19590029015360627,0.44097863062630527,0.9994264970432628,0.0,3,False,False
ENSG00000160613,PCSK7,1.2248221887030761,0.36787990714596996,0.2232463314669354,1.0,0.24003184211855844,0.34864745349658344,0.9994264970432628,0.0,2,False,False
ENSG00000161011,SQSTM1,1.2248221887030761,0.14467450308478197,0.2232463314669354,1.0,0.26855608147601767,0.29388484498735445,0.9994264970432628,0.0,3,False,False
ENSG00000164733,CTSB,1.2248221887030761,0.21363129969382968,0.2232463314669354,1.0,0.3093786354493638,0.22848484568179883,0.9994264970432628,0.0,3,False,False
ENSG00000168172,HOOK3,-1.2248221887030761,-0.3026117546301357,0.2232463314669354,1.0,-0.14862938105051351,0.5592576874775668,0.9994264970432628,0.0,3,False,False
ENSG00000176102,CSTF3,-1.2248221887030761,0.005338861956361787,0.2232463314669354,1.0,-0.1516950145470874,0.5520403482350015,0.9994264970432628,0.0,3,False,False
ENSG00000196470,SIAH1,1.2248221887030761,0.32617519146849133,0.2232463314669354,1.0,0.3818866712114028,0.13694348448432497,0.9994264970432628,0.0,3,False,False
ENSG00000197912,SPG7,-1.2248221887030761,-0.10950370690667754,0.2232463314669354,1.0,-0.2150447187909204,0.40072097897120107,0.9994264970432628,0.0,2,False,False
ENSG00000198034,RPS4X,1.2248221887030761,0.05814702342159957,0.2232463314669354,1.0,0.18921372983505017,0.4608009692991636,0.9994264970432628,0.0,3,False,False
ENSG00000230989,HSBP1,1.2248221887030761,0.11584777275660264,0.2232463314669354,1.0,0.33576793611930217,0.19182071606112405,0.9994264970432628,0.0,3,False,False
ENSG00000251022,THAP9-AS1,-1.2248221887030761,0.03751077459801623,0.2232463314669354,1.0,-0.20043239509418506,0.6593721648800919,0.9994264970432628,0.6438674033633304,3,False,False
ENSG00000130414,NDUFA10,-1.2179411651710366,-0.4310678392495808,0.22586678613288358,1.0,-0.33420026577064116,0.37984643886710734,0.9994264970432628,0.49691057519044735,2,False,False
ENSG00000112659,CUL9,1.2110601416389968,0.2509957207325873,0.2285147708743286,1.0,0.27958477547618377,0.27202704659794485,0.9994264970432628,0.0,3,False,False
ENSG00000152518,ZFP36L2,1.2110601416389968,0.19436267984412134,0.2285147708743286,1.0,0.11699874574384536,0.6440542956788011,0.9994264970432628,0.0,4,False,False
ENSG00000187957,DNER,-1.2110601416389968,-0.14415240973552618,0.2285147708743286,1.0,-0.2640682186776314,0.4844916178261268,0.9994264970432628,0.47405219718420544,3,False,False
ENSG00000006530,AGK,-1.2110601416389968,-0.3703701259008311,0.2285203551963384,1.0,-0.20438197836911218,0.4250225273521213,0.9994264970432628,0.0,2,False,False
ENSG00000061676,NCKAP1,-1.2110601416389968,-0.19782848146787246,0.2285203551963384,1.0,-0.2352709361854555,0.35911295748317873,0.9994264970432628,0.0,3,False,False
ENSG00000100503,NIN,1.2110601416389968,0.27829447603482327,0.2285203551963384,1.0,0.30473398764344517,0.234879589743491,0.9994264970432628,0.0,3,False,False
ENSG00000101608,MYL12A,1.2110601416389968,0.26521253629110114,0.2285203551963384,1.0,0.281969477613736,0.26851750097602456,0.9994264970432628,0.0,4,False,False
ENSG00000106789,CORO2A,-1.2110601416389968,-0.15037933350172886,0.2285203551963384,1.0,-0.21152882961747774,0.4070927224473535,0.9994264970432628,0.0,3,False,False
ENSG00000117020,AKT3,-1.2110601416389968,-0.26101288400592465,0.2285203551963384,1.0,-0.23810089573673765,0.3529810778819056,0.9994264970432628,0.0,3,False,False
ENSG00000120798,NR2C1,-1.2110601416389968,-0.2538924643904241,0.2285203551963384,1.0,-0.3027438185801474,0.24190469813055182,0.9994264970432628,0.008197159230918098,2,False,False
ENSG00000124198,ARFGEF2,-1.2110601416389968,-0.5553085511204241,0.2285203551963384,1.0,-0.2960842330625465,0.2499232864906339,0.9994264970432628,0.0,3,False,False
ENSG00000124766,SOX4,1.2110601416389968,-0.30010937212158406,0.2285203551963384,1.0,0.31269991079825205,0.5294746765126587,0.9994264970432628,0.6893751598472864,2,False,False
ENSG00000127561,SYNGR3,-1.2110601416389968,-0.2971382955641379,0.2285203551963384,1.0,-0.2428689188580343,0.3389345111267744,0.9994264970432628,0.0,4,False,False
ENSG00000138443,ABI2,1.2110601416389968,0.14624803350149554,0.2285203551963384,1.0,0.23950875086774215,0.34823454686977584,0.9994264970432628,0.0,2,False,False
ENSG00000141384,TAF4B,1.2110601416389968,0.2506425217375496,0.2285203551963384,1.0,0.19763485781535856,0.43848983947750864,0.9994264970432628,0.0,2,False,False
ENSG00000143924,EML4,1.2110601416389968,0.34675666047120035,0.2285203551963384,1.0,0.37647032051299767,0.2732310190534961,0.9994264970432628,0.37630716342680764,3,False,False
ENSG00000151461,UPF2,1.2110601416389968,0.15928786839069511,0.2285203551963384,1.0,0.3359739750637518,0.3943057605179747,0.9994264970432628,0.5242806650478637,2,False,False
ENSG00000169410,PTPN9,-1.2110601416389968,-0.37577270625088427,0.2285203551963384,1.0,-0.38871571381705455,0.12897663549680116,0.9994264970432628,0.0,4,False,False
ENSG00000185262,UBALD2,-1.2110601416389968,-0.22182752134940617,0.2285203551963384,1.0,-0.20235677300983232,0.4627621579752458,0.9994264970432628,0.11132767842040976,2,False,False
ENSG00000186575,NF2,-1.2110601416389968,-0.2781183849146443,0.2285203551963384,1.0,-0.35256556683500256,0.16698234888622232,0.9994264970432628,0.0,4,False,False
ENSG00000187735,TCEA1,-1.2110601416389968,-0.5444814127174431,0.2285203551963384,1.0,-0.2983066915426997,0.24522045343552312,0.9994264970432628,0.0,2,False,False
ENSG00000236279,CLEC2L,1.2110601416389968,0.4223531673823032,0.2285203551963384,1.0,0.2537303110609481,0.45281795433429495,0.9994264970432628,0.378123795607279,3,False,False
ENSG00000090989,EXOC1,-1.1972980945749172,-0.34803206707852496,0.23387689448621518,1.0,-0.26831394750102716,0.3184114261187392,0.9994264970432628,0.07166597379356439,2,False,False
ENSG00000029363,BCLAF1,-1.1972980945749172,-0.3932491120773056,0.233882506704858,1.0,-0.20225851580020363,0.44267353410598587,0.9994264970432628,0.04245071334760878,2,False,False
ENSG00000029364,SLC39A9,-1.1972980945749172,-0.2295560535589938,0.233882506704858,1.0,-0.2940928454289744,0.24764149295670124,0.9994264970432628,0.0,4,False,False
ENSG00000055609,KMT2C,1.1972980945749172,0.06252020342626659,0.233882506704858,1.0,0.2389512065654715,0.3519813129606847,0.9994264970432628,0.0,3,False,False
ENSG00000058091,CDK14,-1.1972980945749172,-0.5723508320711158,0.233882506704858,1.0,-0.3789596503015051,0.14187056338686332,0.9994264970432628,0.0,3,False,False
ENSG00000085978,ATG16L1,-1.1972980945749172,-0.23338305001490764,0.233882506704858,1.0,-0.18780730185797703,0.4639433448461937,0.9994264970432628,0.0,3,False,False
ENSG00000091140,DLD,-1.1972980945749172,-0.4716635919179429,0.233882506704858,1.0,-0.21483059079247135,0.3983304935250346,0.9994264970432628,0.0,3,False,False
ENSG00000100324,TAB1,-1.1972980945749172,-0.17584379918928117,0.233882506704858,1.0,-0.2667144494295179,0.2973368504111742,0.9994264970432628,0.0,3,False,False
ENSG00000100330,MTMR3,1.1972980945749172,0.01876424088650723,0.233882506704858,1.0,0.12248153214007855,0.6304426447558396,0.9994264970432628,0.0,2,False,False
ENSG00000100865,CINP,1.1972980945749172,0.4431138021405362,0.233882506704858,1.0,0.29517972299860123,0.2504213267978159,0.9994264970432628,0.0,3,False,False
ENSG00000102226,USP11,1.1972980945749172,0.10190512933769896,0.233882506704858,1.0,0.21850797460616478,0.3898102384995892,0.9994264970432628,0.0,3,False,False
ENSG00000114126,TFDP2,1.1972980945749172,0.33176675215116963,0.233882506704858,1.0,0.37189541960268135,0.14662043539057973,0.9994264970432628,0.0,3,False,False
ENSG00000116237,ICMT,-1.1972980945749172,-0.17696382652794887,0.233882506704858,1.0,-0.3091798823850497,0.2292074417106862,0.9994264970432628,0.0,3,False,False
ENSG00000124151,NCOA3,1.1972980945749172,0.36750268835873934,0.233882506704858,1.0,0.3333952786285136,0.19389999883114406,0.9994264970432628,0.0,3,False,False
ENSG00000128596,CCDC136,-1.1972980945749172,-0.36596898525379484,0.233882506704858,1.0,-0.2916458418446382,0.25499488425776384,0.9994264970432628,0.0,3,False,False
ENSG00000147099,HDAC8,-1.1972980945749172,-0.13799289903413478,0.233882506704858,1.0,-0.14236574010755162,0.5746998556671983,0.9994264970432628,0.0,2,False,False
ENSG00000163479,SSR2,1.1972980945749172,0.1245171071214592,0.233882506704858,1.0,0.23090894863248113,0.3657266333772803,0.9994264970432628,0.0,3,False,False
ENSG00000163558,PRKCI,-1.1972980945749172,-0.5497412247790631,0.233882506704858,1.0,-0.3182978850640311,0.21379384367470655,0.9994264970432628,0.0,3,False,False
ENSG00000169764,UGP2,-1.1972980945749172,-0.5599086244273463,0.233882506704858,1.0,-0.2783970654713173,0.2815034647171224,0.9994264970432628,0.00837810826364254,3,False,False
ENSG00000171681,ATF7IP,1.1972980945749172,0.4044024503145586,0.233882506704858,1.0,0.31061567390635997,0.22590608981029303,0.9994264970432628,0.0,3,False,False
ENSG00000172264,MACROD2,-1.1972980945749172,-0.27597069010986996,0.233882506704858,1.0,-0.24654217658541594,0.3876144754398553,0.9994264970432628,0.15389140188642064,3,False,False
ENSG00000173889,PHC3,-1.1972980945749172,-0.3598345046461453,0.233882506704858,1.0,-0.3227933683557315,0.20922344992542796,0.9994264970432628,0.0,3,False,False
ENSG00000177731,FLII,1.1972980945749172,0.07659899534202168,0.233882506704858,1.0,0.26599882397742447,0.30042281193894005,0.9994264970432628,0.0,3,False,False
ENSG00000187672,ERC2,-1.1972980945749172,-0.11884550589836822,0.233882506704858,1.0,-0.2576361695575934,0.4092866988907118,0.9994264970432628,0.27277800466937513,3,False,False
ENSG00000215218,UBE2QL1,1.1972980945749172,0.34242409541859103,0.233882506704858,1.0,0.3048128990852702,0.23487029756850208,0.9994264970432628,0.0,2,False,False
ENSG00000219481,NBPF1,1.1972980945749172,0.15261424352333403,0.233882506704858,1.0,0.2760192990228577,0.4136889520942172,0.9994264970432628,0.3715012784954267,3,False,False
ENSG00000005810,MYCBP2,-1.1835360475108376,-0.28803749121889083,0.23933322617364183,1.0,-0.43603610848463,0.4021600810299999,0.9994264970432628,0.7157088969531679,2,False,False
ENSG00000006125,AP2B1,-1.1835360475108376,-0.34860189010214676,0.23933322617364183,1.0,-0.2813749050565404,0.2718890012489502,0.9994264970432628,0.0,3,False,False
ENSG00000006283,CACNA1G,-1.1835360475108376,0.052947783013553816,0.23933322617364183,1.0,-0.24433748995251672,0.5391057025873176,0.9994264970432628,0.5339804883652064,3,False,False
ENSG00000011376,LARS2,-1.1835360475108376,-0.20026838892042093,0.23933322617364183,1.0,-0.3285115734776493,0.19986226545028396,0.9994264970432628,0.0,3,False,False
ENSG00000075089,ACTR6,-1.1835360475108376,-0.4140117136783277,0.23933322617364183,1.0,-0.28776704418773685,0.26032334305075455,0.9994264970432628,0.0,3,False,False
ENSG00000078142,PIK3C3,-1.1835360475108376,-0.4011526839591171,0.23933322617364183,1.0,-0.22146945940420232,0.38435973077748686,0.9994264970432628,0.0,4,False,False
ENSG00000088930,XRN2,1.1835360475108376,0.3127486308575264,0.23933322617364183,1.0,0.2642711235256539,0.43036910066167144,0.9994264970432628,0.3647092431430252,2,False,False
ENSG00000100263,RHBDD3,1.1835360475108376,0.08011448545851116,0.23933322617364183,1.0,0.20216388300033428,0.42683737695065715,0.9994264970432628,0.0,3,False,False
ENSG00000100603,SNW1,1.1835360475108376,-0.0022407203132751696,0.23933322617364183,1.0,0.23822618620750455,0.43629993291777636,0.9994264970432628,0.2571914704621846,3,False,False
ENSG00000100938,GMPR2,-1.1835360475108376,-0.5153500660418635,0.23933322617364183,1.0,-0.3382073217650823,0.3466194985164158,0.9994264970432628,0.44227085151885454,3,False,False
ENSG00000101310,SEC23B,-1.1835360475108376,-0.3852117927100069,0.23933322617364183,1.0,-0.24238523543234958,0.3435991878583444,0.9994264970432628,0.0,3,False,False
ENSG00000112379,ARFGEF3,-1.1835360475108376,-0.2793035887260465,0.23933322617364183,1.0,-0.18858563290087102,0.4617257236891371,0.9994264970432628,0.0,3,False,False
ENSG00000115694,STK25,-1.1835360475108376,-0.31486151602344664,0.23933322617364183,1.0,-0.35092405816941846,0.17006273439071518,0.9994264970432628,0.0,4,False,False
ENSG00000120645,IQSEC3,-1.1835360475108376,-0.22255133542072944,0.23933322617364183,1.0,-0.16836984230080917,0.5073418862334033,0.9994264970432628,0.0,3,False,False
ENSG00000132359,RAP1GAP2,-1.1835360475108376,-0.8029830051606944,0.23933322617364183,1.0,-0.2529380404804366,0.46062689005803203,0.9994264970432628,0.39004183823812016,3,False,False
ENSG00000135045,C9orf40,-1.1835360475108376,-0.28994569867050357,0.23933322617364183,1.0,-0.17011116143757324,0.5174028159454886,0.9994264970432628,0.039363808047900906,2,False,False
ENSG00000140280,LYSMD2,-1.1835360475108376,-0.11518186606813649,0.23933322617364183,1.0,-0.36058204925812065,0.4408743900027917,0.9994264970432628,0.6293378311691313,2,False,False
ENSG00000144028,SNRNP200,1.1835360475108376,0.0642374053323175,0.23933322617364183,1.0,0.2823552576426712,0.26931155311655386,0.9994264970432628,0.0,3,False,False
ENSG00000144040,SFXN5,-1.1835360475108376,-0.14871122571918555,0.23933322617364183,1.0,-0.2700861109678475,0.290501034342874,0.9994264970432628,0.0,3,False,False
ENSG00000157600,TMEM164,-1.1835360475108376,-0.3276930014434966,0.23933322617364183,1.0,-0.3316285338928942,0.369086194945235,0.9994264970432628,0.4667007475544044,3,False,False
ENSG00000164751,PEX2,-1.1835360475108376,-0.48948614056289264,0.23933322617364183,1.0,-0.3062753794185835,0.2307194412568765,0.9994264970432628,0.0,3,False,False
ENSG00000172339,ALG14,-1.1835360475108376,-0.2669603965548939,0.23933322617364183,1.0,-0.15271684776189862,0.5491062723449304,0.9994264970432628,0.0,2,False,False
ENSG00000221823,PPP3R1,-1.1835360475108376,-0.23447488120715826,0.23933322617364183,1.0,-0.22693257346379767,0.3812598741201967,0.9994264970432628,0.015203172279352103,3,False,False
ENSG00000245910,SNHG6,1.1835360475108376,0.05314752640549673,0.23933322617364183,1.0,0.23584512327190224,0.35687289884977147,0.9994264970432628,0.0,2,False,False
ENSG00000259974,LINC00261,1.1835360475108376,0.10805738011643842,0.23933322617364183,1.0,0.18128206842404992,0.4781395971357003,0.9994264970432628,0.0,3,False,False
ENSG00000033170,FUT8,1.1697740004467583,0.32021886945482536,0.24487292723261922,1.0,0.35727834421022836,0.21244039792645442,0.9994264970432628,0.15841874920951465,3,False,False
ENSG00000063177,RPL18,1.1697740004467583,0.43483992145292955,0.24487292723261922,1.0,0.3296591385654589,0.19909132965759624,0.9994264970432628,0.0,4,False,False
ENSG00000077264,PAK3,1.1697740004467583,0.21470292480130002,0.24487292723261922,1.0,0.26823396337837835,0.29128043955085126,0.9994264970432628,0.0,4,False,False
ENSG00000079277,MKNK1,1.1697740004467583,0.15967347212686736,0.24487292723261922,1.0,0.22151953559104737,0.3878189122655876,0.9994264970432628,0.0,3,False,False
ENSG00000100644,HIF1A,-1.1697740004467583,-0.2632912533742988,0.24487292723261922,1.0,-0.2738976283198366,0.4680520007009079,0.9994264970432628,0.4855139342767915,2,False,False
ENSG00000101928,MOSPD1,-1.1697740004467583,-0.2759750058355931,0.24487292723261922,1.0,-0.4982143568951445,0.27578484604122366,0.9994264970432628,0.6061070432981638,4,False,False
ENSG00000105568,PPP2R1A,-1.1697740004467583,-0.3320915518535034,0.24487292723261922,1.0,-0.3209684283603545,0.26709592535957905,0.9994264970432628,0.17531736158072664,3,False,False
ENSG00000108852,MPP2,-1.1697740004467583,-0.22246364596771886,0.24487292723261922,1.0,-0.17416828179529528,0.49339758413280776,0.9994264970432628,0.0,3,False,False
ENSG00000114120,SLC25A36,-1.1697740004467583,-0.03325940351627971,0.24487292723261922,1.0,-0.16983463762203924,0.5053971397956234,0.9994264970432628,0.0,2,False,False
ENSG00000117676,RPS6KA1,-1.1697740004467583,-0.20169121262709813,0.24487292723261922,1.0,-0.2755933306464427,0.2810766339508125,0.9994264970432628,0.0,3,False,False
ENSG00000118454,ANKRD13C,-1.1697740004467583,-0.21338659006094907,0.24487292723261922,1.0,-0.31163551165166425,0.39309436430858413,0.9994264970432628,0.44817599855533985,2,False,False
ENSG00000130224,LRCH2,-1.1697740004467583,-0.5561973469388998,0.24487292723261922,1.0,-0.2570250115459464,0.32220793956973426,0.9994264970432628,0.016536777730655712,2,False,False
ENSG00000131149,GSE1,1.1697740004467583,0.1315096613172446,0.24487292723261922,1.0,0.2462389460543364,0.3352828289336953,0.9994264970432628,0.0,3,False,False
ENSG00000131375,CAPN7,1.1697740004467583,0.2886735559294261,0.24487292723261922,1.0,0.3559184878453893,0.37620129816362247,0.9994264970432628,0.5302947004851107,2,False,False
ENSG00000138768,USO1,-1.1697740004467583,-0.4547305499011732,0.24487292723261922,1.0,-0.16474158485349788,0.5199601901029034,0.9994264970432628,0.0,2,False,False
ENSG00000143162,CREG1,1.1697740004467583,0.08155997424342744,0.24487292723261922,1.0,0.26703963591083946,0.2974632061469389,0.9994264970432628,0.0,3,False,False
ENSG00000143393,PI4KB,-1.1697740004467583,-0.4490639641210271,0.24487292723261922,1.0,-0.22858549817859436,0.4182830891397563,0.9994264970432628,0.14784773138360313,3,False,False
ENSG00000145687,SSBP2,-1.1697740004467583,-0.336273706518119,0.24487292723261922,1.0,-0.24709204939412244,0.3361897580028429,0.9994264970432628,0.0,3,False,False
ENSG00000145725,PPIP5K2,-1.1697740004467583,-0.312529396048364,0.24487292723261922,1.0,-0.26487454631841517,0.30158757841004014,0.9994264970432628,0.0,2,False,False
ENSG00000151247,EIF4E,-1.1697740004467583,-0.42153493314791024,0.24487292723261922,1.0,-0.3112203142942247,0.43237208729647547,0.9994264970432628,0.5334538096269867,3,False,False
ENSG00000151500,THYN1,1.1697740004467583,0.1888913170422499,0.24487292723261922,1.0,0.36172497437823936,0.3334382691760357,0.9994264970432628,0.46027642551059667,2,False,False
ENSG00000151502,VPS26B,-1.1697740004467583,-0.544287425845727,0.24487292723261922,1.0,-0.27146895008972705,0.45861065613811125,0.9994264970432628,0.4631620186345342,2,False,False
ENSG00000155755,TMEM237,-1.1697740004467583,-0.17170630611814586,0.24487292723261922,1.0,-0.11482413089254397,0.6507739305349225,0.9994264970432628,0.0,3,False,False
ENSG00000158467,AHCYL2,-1.1697740004467583,-0.051811843767442044,0.24487292723261922,1.0,-0.2892052703414897,0.2603840505192956,0.9994264970432628,0.0,3,False,False
ENSG00000165516,KLHDC2,-1.1697740004467583,-0.5562819276543466,0.24487292723261922,1.0,-0.2093146111266149,0.4124748778381452,0.9994264970432628,0.0,2,False,False
ENSG00000168906,MAT2A,1.1697740004467583,0.17168775608056241,0.24487292723261922,1.0,0.2551117896920061,0.31701618197608084,0.9994264970432628,0.0,3,False,False
ENSG00000172262,ZNF131,1.1697740004467583,0.2995585975827902,0.24487292723261922,1.0,0.2793032385784402,0.3692133781310507,0.9994264970432628,0.27619202423819106,2,False,False
ENSG00000179542,SLITRK4,-1.1697740004467583,-0.11610534724180668,0.24487292723261922,1.0,-0.13938653623712438,0.5850793173335003,0.9994264970432628,0.0,2,False,False
ENSG00000184900,SUMO3,-1.1697740004467583,-0.3655886770386495,0.24487292723261922,1.0,-0.24133221013041492,0.3474105997667808,0.9994264970432628,0.0,3,False,False
ENSG00000214941,ZSWIM7,1.1697740004467583,0.16649381682997558,0.24487292723261922,1.0,0.3225122510610759,0.21836777590552403,0.9994264970432628,0.027079938127219375,3,False,False
ENSG00000167635,ZNF146,1.1628929769147185,-0.0001216888877021656,0.24767059318553675,1.0,0.048907841687254,0.8471475960631092,0.9994264970432628,0.0,2,False,False
ENSG00000104967,NOVA2,1.1560119533826787,0.19113647997507346,0.25049631064377187,1.0,0.18336175511569738,0.4732810036858033,0.9994264970432628,0.0,3,False,False
ENSG00000063601,MTMR1,-1.1560119533826787,-0.2298449554253678,0.25050199628761294,1.0,-0.33848600001718093,0.18623587798819452,0.9994264970432628,0.0,4,False,False
ENSG00000084731,KIF3C,-1.1560119533826787,-0.28223572823247484,0.25050199628761294,1.0,-0.21941831033268763,0.39002774523471473,0.9994264970432628,0.0,3,False,False
ENSG00000106591,MRPL32,-1.1560119533826787,-0.1908319100065992,0.25050199628761294,1.0,-0.16471539997504653,0.5178547478377199,0.9994264970432628,0.0,3,False,False
ENSG00000115760,BIRC6,-1.1560119533826787,-0.2714846124508243,0.25050199628761294,1.0,-0.38357939169949967,0.13487936559397562,0.9994264970432628,0.0,3,False,False
ENSG00000116350,SRSF4,-1.1560119533826787,-0.29949032462783626,0.25050199628761294,1.0,-0.20132087944735683,0.5835396350488282,0.9994264970432628,0.4670882861684554,2,False,False
ENSG00000118217,ATF6,1.1560119533826787,0.08516589313257858,0.25050199628761294,1.0,0.4594855295137369,0.3174110901828471,0.9994264970432628,0.6181006561521156,2,False,False
ENSG00000119772,DNMT3A,1.1560119533826787,0.4785199076254994,0.25050199628761294,1.0,0.3163390354286612,0.22466484112179386,0.9994264970432628,0.0183575521090374,3,False,False
ENSG00000120742,SERP1,1.1560119533826787,0.1379383908812803,0.25050199628761294,1.0,0.24677435412431464,0.33469566563135134,0.9994264970432628,0.0,3,False,False
ENSG00000121022,COPS5,-1.1560119533826787,-0.3954998738571477,0.25050199628761294,1.0,-0.23821663107476945,0.5403083671375526,0.9994264970432628,0.5192226367577224,2,False,False
ENSG00000129596,CDO1,-1.1560119533826787,-0.47741523356459453,0.25050199628761294,1.0,-0.2800520957017095,0.3136708347443503,0.9994264970432628,0.1212890036156103,2,False,False
ENSG00000136436,CALCOCO2,1.1560119533826787,0.07214358276555842,0.25050199628761294,1.0,0.1785877713417198,0.48316321791519656,0.9994264970432628,0.0,3,False,False
ENSG00000139220,PPFIA2,-1.1560119533826787,-0.2915551112577288,0.25050199628761294,1.0,-0.41182663863465196,0.303343836840857,0.9994264970432628,0.5253143248191848,3,False,False
ENSG00000143641,GALNT2,-1.1560119533826787,-0.44974461337140353,0.25050199628761294,1.0,-0.3492839630746775,0.21761771825618292,0.9994264970432628,0.14561211721736894,2,False,False
ENSG00000145348,TBCK,1.1560119533826787,0.12069416547031557,0.25050199628761294,1.0,0.2790738865668402,0.37706819374621137,0.9994264970432628,0.28861442591986214,3,False,False
ENSG00000149187,CELF1,1.1560119533826787,0.11388616458450476,0.25050199628761294,1.0,0.25614150868891766,0.3137898017321621,0.9994264970432628,0.0,4,False,False
ENSG00000151012,SLC7A11,1.1560119533826787,0.2634857496959456,0.25050199628761294,1.0,0.2098255260026141,0.4295240395722807,0.9994264970432628,0.054220719377224405,3,False,False
ENSG00000157741,UBN2,-1.1560119533826787,-0.3320248689625163,0.25050199628761294,1.0,-0.33343159520853327,0.22276421619831077,0.9994264970432628,0.0921894649884323,3,False,False
ENSG00000164815,ORC5,-1.1560119533826787,-0.18545244445064,0.25050199628761294,1.0,-0.15748538350781732,0.5710616826491284,0.9994264970432628,0.124814928584726,2,False,False
ENSG00000166073,GPR176,-1.1560119533826787,-0.527532795799459,0.25050199628761294,1.0,-0.35171678690503366,0.270431735521948,0.9994264970432628,0.30726843794547076,3,False,False
ENSG00000166228,PCBD1,1.1560119533826787,0.05799800249564571,0.25050199628761294,1.0,0.25326414607630365,0.36664817887169454,0.9994264970432628,0.1364240178129797,2,False,False
ENSG00000167037,SGSM1,1.1560119533826787,0.20497621139177688,0.25050199628761294,1.0,0.3409946435319484,0.18383609745912066,0.9994264970432628,0.0,3,False,False
ENSG00000169891,REPS2,-1.1560119533826787,-0.385562888779696,0.25050199628761294,1.0,-0.28315139766893355,0.42096402350517903,0.9994264970432628,0.4168378814493889,2,False,False
ENSG00000172346,CSDC2,-1.1560119533826787,-0.09481592160879028,0.25050199628761294,1.0,-0.2609252052640227,0.30829236782166847,0.9994264970432628,0.0,3,False,False
ENSG00000172845,SP3,1.1560119533826787,0.21370566126602952,0.25050199628761294,1.0,0.27407769032927354,0.282350211970112,0.9994264970432628,0.0,3,False,False
ENSG00000180370,PAK2,1.1560119533826787,0.11968425577013468,0.25050199628761294,1.0,0.20362041306132675,0.5941012313206618,0.9994264970432628,0.5029839959785865,3,False,False
ENSG00000183036,PCP4,1.1560119533826787,0.7158708022544712,0.25050199628761294,1.0,0.34886493342404024,0.1718907412434214,0.9994264970432628,0.0,4,False,False
ENSG00000184840,TMED9,-1.1560119533826787,-0.3954438882535589,0.25050199628761294,1.0,-0.29413820966234966,0.25176702841892695,0.9994264970432628,0.0,2,False,False
ENSG00000187240,DYNC2H1,-1.1560119533826787,-0.11935661931439186,0.25050199628761294,1.0,-0.2238686411037899,0.37970128257720326,0.9994264970432628,0.0,3,False,False
ENSG00000196104,SPOCK3,-1.1560119533826787,-0.07050621428594746,0.25050199628761294,1.0,-0.15505707235124036,0.5418986049980463,0.9994264970432628,0.0,3,False,False
ENSG00000198431,TXNRD1,1.1560119533826787,0.061415122878414684,0.25050199628761294,1.0,0.3412556428373753,0.45931469977415984,0.9994264970432628,0.6337623079956586,2,False,False
ENSG00000213024,NUP62,1.1560119533826787,0.01682156640834493,0.25050199628761294,1.0,0.3316547019579722,0.2639808558390466,0.9994264970432628,0.21491781330931764,3,False,False
ENSG00000215021,PHB2,-1.1560119533826787,-0.05317986347008739,0.25050199628761294,1.0,-0.1608119301957231,0.5261316472055682,0.9994264970432628,0.0,3,False,False
ENSG00000152642,GPD1L,-1.149130929850639,-0.23308301992144584,0.25334446062875404,1.0,-0.24772767356393158,0.3323348751714481,0.9994264970432628,0.0,3,False,False
ENSG00000065548,ZC3H15,-1.1422499063185991,-0.3446997041738701,0.25621508529993864,1.0,-0.24462688946921135,0.4722525686266994,0.9994264970432628,0.38648173823742454,2,False,False
ENSG00000057663,ATG5,1.1422499063185991,0.003543386500273969,0.2562207918572579,1.0,0.1848601501807534,0.5413301067603246,0.9994264970432628,0.24109847830199016,3,False,False
ENSG00000064651,SLC12A2,-1.1422499063185991,-0.5366237596960576,0.2562207918572579,1.0,-0.3194748060117729,0.21460902044995978,0.9994264970432628,0.0,3,False,False
ENSG00000065833,ME1,1.1422499063185991,-0.167638805159319,0.2562207918572579,1.0,0.07702474620448205,0.844926148950838,0.9994264970432628,0.534482860442821,3,False,False
ENSG00000088538,DOCK3,-1.1422499063185991,-0.2304098476049028,0.2562207918572579,1.0,-0.2344976061233681,0.35576675673416003,0.9994264970432628,0.0,4,False,False
ENSG00000107242,PIP5K1B,-1.1422499063185991,-0.13383214671833155,0.2562207918572579,1.0,-0.19172758481398475,0.45592322642030925,0.9994264970432628,0.0035994680859502935,2,False,False
ENSG00000109670,FBXW7,1.1422499063185991,0.15810384546845385,0.2562207918572579,1.0,0.14600185774589006,0.7170977664303188,0.9994264970432628,0.5508348747682154,2,False,False
ENSG00000110107,PRPF19,-1.1422499063185991,-0.668761690767345,0.2562207918572579,1.0,-0.21471391478915142,0.4974515028111035,0.9994264970432628,0.30128776124964524,3,False,False
ENSG00000113578,FGF1,1.1422499063185991,-0.09055000932652278,0.2562207918572579,1.0,0.14342582166050996,0.6433242227170902,0.9994264970432628,0.2785923663020452,2,False,False
ENSG00000115137,DNAJC27,-1.1422499063185991,-0.07556415475629948,0.2562207918572579,1.0,-0.18997053267381056,0.48447970223218983,0.9994264970432628,0.08810523660392358,3,False,False
ENSG00000117411,B4GALT2,-1.1422499063185991,-0.3498282232429691,0.2562207918572579,1.0,-0.3242447771101835,0.20553635072460597,0.9994264970432628,0.0,3,False,False
ENSG00000119899,SLC17A5,-1.1422499063185991,-0.5067820418834391,0.2562207918572579,1.0,-0.28688417375982045,0.2628337843311279,0.9994264970432628,0.0,3,False,False
ENSG00000131966,ACTR10,-1.1422499063185991,-0.0744678453616736,0.2562207918572579,1.0,-0.2354519363073967,0.4618023063475789,0.9994264970432628,0.30626911306916893,3,False,False
ENSG00000135040,NAA35,-1.1422499063185991,-0.11879752699431602,0.2562207918572579,1.0,-0.23158687392796018,0.40232182301988506,0.9994264970432628,0.11599077407286858,3,False,False
ENSG00000138686,BBS7,-1.1422499063185991,-0.6122349619053564,0.2562207918572579,1.0,-0.28765096943688745,0.26180645825061033,0.9994264970432628,0.0,2,False,False
ENSG00000140836,ZFHX3,1.1422499063185991,0.21082483132856056,0.2562207918572579,1.0,0.3238424647062788,0.20435740102397126,0.9994264970432628,0.0,4,False,False
ENSG00000143727,ACP1,1.1422499063185991,0.5723080474493663,0.2562207918572579,1.0,0.326769048029005,0.20094199789972844,0.9994264970432628,0.0,4,False,False
ENSG00000146151,HMGCLL1,1.1422499063185991,0.16723121422617912,0.2562207918572579,1.0,0.2710514756862696,0.29170157376123407,0.9994264970432628,0.0,3,False,False
ENSG00000154001,PPP2R5E,1.1422499063185991,0.16472851191585824,0.2562207918572579,1.0,0.3832855904352805,0.29393821056516145,0.9994264970432628,0.44853835106455603,3,False,False
ENSG00000160007,ARHGAP35,-1.1422499063185991,-0.2577009376025104,0.2562207918572579,1.0,-0.34431125891354214,0.1771477873048103,0.9994264970432628,0.0,4,False,False
ENSG00000163624,CDS1,1.1422499063185991,0.4294842918059346,0.2562207918572579,1.0,0.294437586575759,0.2482126728168661,0.9994264970432628,0.0,4,False,False
ENSG00000163743,RCHY1,-1.1422499063185991,-0.5094503730522902,0.2562207918572579,1.0,-0.3063248839556758,0.2340039753272929,0.9994264970432628,0.0,3,False,False
ENSG00000176749,CDK5R1,-1.1422499063185991,-0.25771657930045205,0.2562207918572579,1.0,-0.20438900150374628,0.42288995364605353,0.9994264970432628,0.0,3,False,False
ENSG00000185917,SETD4,-1.1422499063185991,-0.40912396257094114,0.2562207918572579,1.0,-0.16021405125833404,0.5987289911091427,0.9994264970432628,0.2545170515666139,3,False,False
ENSG00000197771,MCMBP,-1.1422499063185991,-0.2696551510146847,0.2562207918572579,1.0,-0.2083597911083662,0.41593916607673576,0.9994264970432628,0.0,2,False,False
ENSG00000128607,KLHDC10,1.1284878592545196,0.12645588509837705,0.26202391829881666,1.0,0.33194799110313117,0.1953397116055382,0.9994264970432628,0.0,2,False,False
ENSG00000135821,GLUL,-1.1284878592545196,-0.3141371013722243,0.26202391829881666,1.0,-0.3203975279734792,0.2985593911432455,0.9994264970432628,0.2639448836844172,2,False,False
ENSG00000027697,IFNGR1,-1.1284878592545196,-0.34909860602330445,0.2620296439205132,1.0,-0.24988068689758094,0.3284826874180168,0.9994264970432628,0.0,2,False,False
ENSG00000100304,TTLL12,-1.1284878592545196,-0.21836260520785336,0.2620296439205132,1.0,-0.28952329634153906,0.2559600620657696,0.9994264970432628,0.0,4,False,False
ENSG00000105499,PLA2G4C,1.1284878592545196,0.20795455759887901,0.2620296439205132,1.0,0.1680050481400741,0.6375415301290666,0.9994264970432628,0.43724322107120367,2,False,False
ENSG00000109919,MTCH2,-1.1284878592545196,-0.48691241988419975,0.2620296439205132,1.0,-0.28945799447695697,0.2905527390281588,0.9994264970432628,0.09812495655977815,2,False,False
ENSG00000110987,BCL7A,1.1284878592545196,0.25620824118319124,0.2620296439205132,1.0,0.3283562667121455,0.27216423376871923,0.9994264970432628,0.22236712987960552,3,False,False
ENSG00000116871,MAP7D1,-1.1284878592545196,-0.14507409512861988,0.2620296439205132,1.0,-0.24234624144938868,0.3453564263531059,0.9994264970432628,0.0,2,False,False
ENSG00000119950,MXI1,1.1284878592545196,0.07266169519131367,0.2620296439205132,1.0,0.1427106566394309,0.5745310205400007,0.9994264970432628,0.0,3,False,False
ENSG00000122741,DCAF10,1.1284878592545196,0.2234871976941626,0.2620296439205132,1.0,0.2839264512841541,0.26913361399451274,0.9994264970432628,0.0,2,False,False
ENSG00000122786,CALD1,1.1284878592545196,0.24559821627511735,0.2620296439205132,1.0,0.21621050372753184,0.3959520213845489,0.9994264970432628,0.0,4,False,False
ENSG00000128872,TMOD2,-1.1284878592545196,-0.3821402433920943,0.2620296439205132,1.0,-0.2211721617419221,0.3868514784750524,0.9994264970432628,0.0,3,False,False
ENSG00000130638,ATXN10,-1.1284878592545196,-0.27664880721192037,0.2620296439205132,1.0,-0.1628481810121205,0.5246157249919364,0.9994264970432628,0.0,2,False,False
ENSG00000134215,VAV3,-1.1284878592545196,-0.3593377661826012,0.2620296439205132,1.0,-0.2892721711041475,0.25716517739342093,0.9994264970432628,0.0,4,False,False
ENSG00000134262,AP4B1,-1.1284878592545196,-0.282058554551767,0.2620296439205132,1.0,-0.3102763935695694,0.22490622424370577,0.9994264970432628,0.0,4,False,False
ENSG00000136819,C9orf78,1.1284878592545196,-0.03270037989726768,0.2620296439205132,1.0,0.3182821781571306,0.47749761368085475,0.9994264970432628,0.611387760307995,2,False,False
ENSG00000138796,HADH,1.1284878592545196,0.12499452922149076,0.2620296439205132,1.0,0.2477774958542759,0.36930497625870295,0.9994264970432628,0.10701052253904282,3,False,False
ENSG00000145388,METTL14,-1.1284878592545196,-0.3711725642469705,0.2620296439205132,1.0,-0.30698996682779733,0.23028583847123196,0.9994264970432628,0.0,3,False,False
ENSG00000148688,RPP30,-1.1284878592545196,-0.4323731667649138,0.2620296439205132,1.0,-0.31962057541347183,0.21287276689519574,0.9994264970432628,0.0,4,False,False
ENSG00000152409,JMY,-1.1284878592545196,-0.21070795464191908,0.2620296439205132,1.0,-0.18074603097305106,0.47995419082916746,0.9994264970432628,0.0,3,False,False
ENSG00000162923,WDR26,-1.1284878592545196,-0.3867639664662119,0.2620296439205132,1.0,-0.28284261503995667,0.268376581642935,0.9994264970432628,0.0,3,False,False
ENSG00000163812,ZDHHC3,1.1284878592545196,0.20199131121398736,0.2620296439205132,1.0,0.19707484870892117,0.43740784522607334,0.9994264970432628,0.0,4,False,False
ENSG00000165669,FAM204A,-1.1284878592545196,-0.47367234289311455,0.2620296439205132,1.0,-0.3330916534855143,0.19310644691811507,0.9994264970432628,0.0,4,False,False
ENSG00000165898,ISCA2,1.1284878592545196,0.06231767874134529,0.2620296439205132,1.0,0.2406646446955623,0.3485983475578188,0.9994264970432628,0.0,2,False,False
ENSG00000172020,GAP43,1.1284878592545196,0.35510710644470334,0.2620296439205132,1.0,0.3132130362313534,0.21949719021181124,0.9994264970432628,0.0,4,False,False
ENSG00000174840,PDE12,1.1284878592545196,0.3912759337726762,0.2620296439205132,1.0,0.4754753734263828,0.06594013414530565,0.9994264970432628,0.0,3,False,False
ENSG00000175426,PCSK1,-1.1284878592545196,-0.5956355797699208,0.2620296439205132,1.0,-0.2733750908054063,0.28658409613100544,0.9994264970432628,0.0,3,False,False
ENSG00000196459,TRAPPC2,-1.1284878592545196,-0.11779394088104968,0.2620296439205132,1.0,-0.14947121666580498,0.5595952878771555,0.9994264970432628,0.0,3,False,False
ENSG00000198961,PJA2,-1.1284878592545196,-0.06844550285831781,0.2620296439205132,1.0,-0.2655749256704175,0.48835702161545314,0.9994264970432628,0.49924953380545517,3,False,False
ENSG00000176022,B3GALT6,-1.12160683572248,-0.2289502243891185,0.2649622018458503,1.0,-0.2915857094983048,0.25184388661539436,0.9994264970432628,0.0,4,False,False
ENSG00000005108,THSD7A,1.1147258121904402,0.2758222662854838,0.26792885327556715,1.0,0.28891346586395933,0.2563154721481038,0.9994264970432628,0.0,4,False,False
ENSG00000005249,PRKAR2B,-1.1147258121904402,-0.2945637279648765,0.26792885327556715,1.0,-0.27127311350225397,0.2882683093146913,0.9994264970432628,0.0,4,False,False
ENSG00000037637,FBXO42,1.1147258121904402,0.3354581374605741,0.26792885327556715,1.0,0.1731048982935852,0.7030736544536501,0.9994264970432628,0.6156326556592904,3,False,False
ENSG00000049860,HEXB,1.1147258121904402,0.3791738978091455,0.26792885327556715,1.0,0.2768017178021564,0.2791863600546922,0.9994264970432628,0.0,4,False,False
ENSG00000064933,PMS1,-1.1147258121904402,-0.5156988811370301,0.26792885327556715,1.0,-0.3468938628442656,0.17771572837108807,0.9994264970432628,0.0,3,False,False
ENSG00000073921,PICALM,-1.1147258121904402,-0.1879683680806517,0.26792885327556715,1.0,-0.23151275695606569,0.363120179324782,0.9994264970432628,0.0,4,False,False
ENSG00000078596,ITM2A,-1.1147258121904402,-0.5657271935409823,0.26792885327556715,1.0,-0.30917320379604873,0.2260850810283297,0.9994264970432628,0.0,3,False,False
ENSG00000086619,ERO1B,1.1147258121904402,0.12860877149700836,0.26792885327556715,1.0,0.25227321706999184,0.49463665270110846,0.9994264970432628,0.4672079675128134,3,False,False
ENSG00000100234,TIMP3,-1.1147258121904402,-0.317720485845199,0.26792885327556715,1.0,-0.3199213381994433,0.21206119082396724,0.9994264970432628,0.0,3,False,False
ENSG00000101193,GID8,1.1147258121904402,-0.01617202148681036,0.26792885327556715,1.0,0.19300062748350716,0.5655089169439118,0.9994264970432628,0.3751307676069496,3,False,False
ENSG00000103091,WDR59,1.1147258121904402,0.12501860989684296,0.26792885327556715,1.0,0.18075757133067996,0.5028849694977238,0.9994264970432628,0.07820458736178579,2,False,False
ENSG00000103121,CMC2,1.1147258121904402,0.16325977213932238,0.26792885327556715,1.0,0.37551739508954474,0.2813818852934138,0.9994264970432628,0.4054667532781271,3,False,False
ENSG00000106537,TSPAN13,1.1147258121904402,0.3096739512014327,0.26792885327556715,1.0,0.293388812811259,0.25054165406819007,0.9994264970432628,0.0,3,False,False
ENSG00000107742,SPOCK2,1.1147258121904402,0.3059226654516704,0.26792885327556715,1.0,0.27683320432742375,0.2780568850515358,0.9994264970432628,0.0,3,False,False
ENSG00000114857,NKTR,1.1147258121904402,0.3461270091899771,0.26792885327556715,1.0,0.18732095320761374,0.4624735681243629,0.9994264970432628,0.0,3,False,False
ENSG00000115756,HPCAL1,1.1147258121904402,0.1763347019581241,0.26792885327556715,1.0,0.1546372288692453,0.5437366501914367,0.9994264970432628,0.0,3,False,False
ENSG00000119965,C10orf88,-1.1147258121904402,-0.4440250611667981,0.26792885327556715,1.0,-0.25634056775424907,0.3184318387469961,0.9994264970432628,0.0,2,False,False
ENSG00000120008,WDR11,-1.1147258121904402,-0.3495012415427305,0.26792885327556715,1.0,-0.23107598077916475,0.36769708382023636,0.9994264970432628,0.0,3,False,False
ENSG00000133114,GPALPP1,-1.1147258121904402,-0.30303133724806947,0.26792885327556715,1.0,-0.23362206511220257,0.539170488305103,0.9994264970432628,0.4988087534258244,1,False,False
ENSG00000135372,NAT10,-1.1147258121904402,-0.6739610975256877,0.26792885327556715,1.0,-0.3003504457169823,0.39250221522280315,0.9994264970432628,0.4184388473181801,2,False,False
ENSG00000137601,NEK1,1.1147258121904402,0.20741854030563664,0.26792885327556715,1.0,0.4218396513901655,0.2908606738021977,0.9994264970432628,0.5139361724956353,3,False,False
ENSG00000141959,PFKL,-1.1147258121904402,-0.3830947563599058,0.26792885327556715,1.0,-0.3010940906004481,0.23890947562580056,0.9994264970432628,0.0,3,False,False
ENSG00000153823,PID1,-1.1147258121904402,-0.28847721835413176,0.26792885327556715,1.0,-0.23143842519234478,0.36395290103816513,0.9994264970432628,0.0,4,False,False
ENSG00000156709,AIFM1,1.1147258121904402,0.2753422646422698,0.26792885327556715,1.0,0.24352775576874955,0.338178267643924,0.9994264970432628,0.0,4,False,False
ENSG00000160213,CSTB,1.1147258121904402,0.21420889572485216,0.26792885327556715,1.0,0.2602385041630479,0.3068573746739338,0.9994264970432628,0.0,4,False,False
ENSG00000165280,VCP,-1.1147258121904402,-0.2516902324093947,0.26792885327556715,1.0,-0.18856237266791098,0.460621351261882,0.9994264970432628,0.0,3,False,False
ENSG00000166432,ZMAT1,1.1147258121904402,0.037059790652238786,0.26792885327556715,1.0,0.24622091900871068,0.4073797084477281,0.9994264970432628,0.21397097367179077,3,False,False
ENSG00000168772,CXXC4,-1.1147258121904402,0.07081383083675008,0.26792885327556715,1.0,-0.08528182146074449,0.7379248809938446,0.9994264970432628,0.0,3,False,False
ENSG00000169641,LUZP1,1.1147258121904402,-0.0585688272419904,0.26792885327556715,1.0,0.23976764342037818,0.5570060509576522,0.9994264970432628,0.5622157613775963,2,False,False
ENSG00000174173,TRMT10C,-1.1147258121904402,-0.3077049411362759,0.26792885327556715,1.0,-0.1710168146645451,0.5369146834909664,0.9994264970432628,0.12006583624839365,2,False,False
ENSG00000177646,ACAD9,-1.1147258121904402,-0.026653487240252224,0.26792885327556715,1.0,-0.1912295760932058,0.6255344186716215,0.9994264970432628,0.5246162895742374,3,False,False
ENSG00000178913,TAF7,-1.1147258121904402,0.08936302356387496,0.26792885327556715,1.0,-0.18387635428109045,0.6474613764604447,0.9994264970432628,0.5493332465520532,2,False,False
ENSG00000179010,MRFAP1,-1.1147258121904402,-0.20830627747037098,0.26792885327556715,1.0,-0.2527327758162285,0.32151586628694584,0.9994264970432628,0.0,3,False,False
ENSG00000181852,RNF41,-1.1147258121904402,-0.3390764836042459,0.26792885327556715,1.0,-0.32949301970716743,0.40319749710774055,0.9994264970432628,0.5247993021772649,3,False,False
ENSG00000186501,TMEM222,-1.1147258121904402,-0.31757737463860747,0.26792885327556715,1.0,-0.2677830544552139,0.29939252889671664,0.9994264970432628,0.005825948489031535,3,False,False
ENSG00000196199,MPHOSPH8,-1.1147258121904402,-0.2414492781209008,0.26792885327556715,1.0,-0.24562032266798947,0.5300500768591514,0.9994264970432628,0.5255399728456867,3,False,False
ENSG00000213064,SFT2D2,-1.1147258121904402,-0.6191711559590946,0.26792885327556715,1.0,-0.34805015188217553,0.21556355699994123,0.9994264970432628,0.13262004645517916,2,False,False
ENSG00000013375,PGM3,1.1009637651263606,0.3034799080450364,0.27391869091092214,1.0,0.07074730889994843,0.8006227997855057,0.9994264970432628,0.1385025679145273,2,False,False
ENSG00000048052,HDAC9,-1.1009637651263606,-0.5190064521417738,0.27391869091092214,1.0,-0.372918364763208,0.338028295995648,0.9994264970432628,0.5066583623640151,3,False,False
ENSG00000053254,FOXN3,1.1009637651263606,0.1951899008477064,0.27391869091092214,1.0,0.21468414280601972,0.3997282064174341,0.9994264970432628,0.0,3,False,False
ENSG00000066583,ISOC1,-1.1009637651263606,-0.6222608277517195,0.27391869091092214,1.0,-0.31125604400272266,0.3215588832275058,0.9994264970432628,0.28337400481238134,3,False,False
ENSG00000067082,KLF6,1.1009637651263606,0.13438460913609643,0.27391869091092214,1.0,0.2680492979181321,0.4441463820334035,0.9994264970432628,0.4157761730572633,3,False,False
ENSG00000070444,MNT,-1.1009637651263606,-0.22874034019192244,0.27391869091092214,1.0,-0.29922683527110155,0.23969129078721796,0.9994264970432628,0.0,4,False,False
ENSG00000089737,DDX24,1.1009637651263606,0.3027651580863572,0.27391869091092214,1.0,0.38211407890079346,0.13486416100005347,0.9994264970432628,0.0,4,False,False
ENSG00000112242,E2F3,1.1009637651263606,0.08816117219552795,0.27391869091092214,1.0,0.03553921621153559,0.9472513816696124,0.9994264970432628,0.7275953342574577,2,False,False
ENSG00000118096,IFT46,-1.1009637651263606,-0.3349816721327131,0.27391869091092214,1.0,-0.2487010790793927,0.32902293643701275,0.9994264970432628,0.0,3,False,False
ENSG00000126803,HSPA2,1.1009637651263606,0.4110024435304491,0.27391869091092214,1.0,0.3358279696985881,0.19069088193225714,0.9994264970432628,0.0,4,False,False
ENSG00000127995,CASD1,-1.1009637651263606,-0.2897177353798159,0.27391869091092214,1.0,-0.22225988407478414,0.38472739502884756,0.9994264970432628,0.0,2,False,False
ENSG00000129347,KRI1,1.1009637651263606,0.3870581136744649,0.27391869091092214,1.0,0.1946276223596029,0.5508037997282956,0.9994264970432628,0.3357130199308318,2,False,False
ENSG00000130517,PGPEP1,1.1009637651263606,0.3088046989850985,0.27391869091092214,1.0,0.22159626295122753,0.38771804093315376,0.9994264970432628,0.0,3,False,False
ENSG00000133065,SLC41A1,1.1009637651263606,0.24511014142146365,0.27391869091092214,1.0,0.3176709587701168,0.21437878155856782,0.9994264970432628,0.0,3,False,False
ENSG00000134809,TIMM10,-1.1009637651263606,-0.40030834831893136,0.27391869091092214,1.0,-0.19022976930806068,0.4553996169748674,0.9994264970432628,0.0,2,False,False
ENSG00000136274,NACAD,-1.1009637651263606,-0.06651152517904828,0.27391869091092214,1.0,-0.22705014943307708,0.439978938319883,0.9994264970432628,0.2045668837204834,3,False,False
ENSG00000138138,ATAD1,-1.1009637651263606,-0.2760317363286774,0.27391869091092214,1.0,-0.24014856086062664,0.42535294095890497,0.9994264970432628,0.2311825551036529,2,False,False
ENSG00000138639,ARHGAP24,-1.1009637651263606,-0.11010357952678344,0.27391869091092214,1.0,-0.13164451889399886,0.6061217382404217,0.9994264970432628,0.0,3,False,False
ENSG00000141582,CBX4,-1.1009637651263606,-0.3265306982615931,0.27391869091092214,1.0,-0.3609100062292982,0.15757348955988915,0.9994264970432628,0.0,4,False,False
ENSG00000143333,RGS16,-1.1009637651263606,-0.1617150401797572,0.27391869091092214,1.0,-0.2548634762745739,0.4765293654752505,0.9994264970432628,0.41881397634266443,3,False,False
ENSG00000143420,ENSA,1.1009637651263606,0.19868102896159887,0.27391869091092214,1.0,0.27288111596828296,0.2837854418384199,0.9994264970432628,0.0,4,False,False
ENSG00000148396,SEC16A,-1.1009637651263606,-0.4042176753546235,0.27391869091092214,1.0,-0.19548748254686324,0.4459737535274606,0.9994264970432628,0.0,3,False,False
ENSG00000151746,BICD1,1.1009637651263606,0.007993933859872241,0.27391869091092214,1.0,0.09307385261696996,0.7138708875446511,0.9994264970432628,0.0,2,False,False
ENSG00000152818,UTRN,1.1009637651263606,0.22435996795607752,0.27391869091092214,1.0,0.15044482942792756,0.5537379157607908,0.9994264970432628,0.0,3,False,False
ENSG00000155016,CYP2U1,1.1009637651263606,0.004568597015355957,0.27391869091092214,1.0,0.0838979927360558,0.7416748731999191,0.9994264970432628,0.0,3,False,False
ENSG00000157514,TSC22D3,1.1009637651263606,-0.1050874698762915,0.27391869091092214,1.0,0.18886044760608792,0.547512093545708,0.9994264970432628,0.29412112954736036,2,False,False
ENSG00000158528,PPP1R9A,1.1009637651263606,0.044484307360529676,0.27391869091092214,1.0,0.2558133474741077,0.40236874244331755,0.9994264970432628,0.2511366845619847,3,False,False
ENSG00000163029,SMC6,-1.1009637651263606,-0.36840583463570137,0.27391869091092214,1.0,-0.2941817319662092,0.24945188027958853,0.9994264970432628,0.0,3,False,False
ENSG00000163807,KIAA1143,-1.1009637651263606,-0.2648745988754973,0.27391869091092214,1.0,-0.2590408950663612,0.30932207652124577,0.9994264970432628,0.0,4,False,False
ENSG00000164051,CCDC51,1.1009637651263606,0.2238362205178192,0.27391869091092214,1.0,0.282880042222333,0.26715162111513546,0.9994264970432628,0.0,4,False,False
ENSG00000165801,ARHGEF40,-1.1009637651263606,0.12234917062956764,0.27391869091092214,1.0,-0.2681461953407799,0.6650512036240082,0.9994264970432628,0.796275191129995,3,False,False
ENSG00000168303,MPLKIP,1.1009637651263606,-0.029019039245570664,0.27391869091092214,1.0,0.22160000678999023,0.47127856198303253,0.9994264970432628,0.26518548760511024,3,False,False
ENSG00000182307,C8orf33,-1.1009637651263606,-0.407682795701025,0.27391869091092214,1.0,-0.25297317796845986,0.4321791795952309,0.9994264970432628,0.32148304106252557,3,False,False
ENSG00000185070,FLRT2,1.1009637651263606,0.2395681882284877,0.27391869091092214,1.0,0.20796016501883646,0.41409890596642984,0.9994264970432628,0.0,4,False,False
ENSG00000196504,PRPF40A,-1.1009637651263606,-0.5906057252558108,0.27391869091092214,1.0,-0.3098270831490181,0.2275790800587414,0.9994264970432628,0.0,3,False,False
ENSG00000198105,ZNF248,1.1009637651263606,0.3654175420890408,0.27391869091092214,1.0,0.23104276342077404,0.363646059567858,0.9994264970432628,0.0,3,False,False
ENSG00000198863,RUNDC1,-1.1009637651263606,-0.18980306517127038,0.27391869091092214,1.0,-0.24956749178606238,0.3259579984260079,0.9994264970432628,0.0,4,False,False
ENSG00000206052,DOK6,-1.1009637651263606,-0.06428773988873786,0.27391869091092214,1.0,-0.2571236516791596,0.43297023062238127,0.9994264970432628,0.32914171721455443,3,False,False
ENSG00000211445,GPX3,-1.1009637651263606,-0.46701765179294624,0.27391869091092214,1.0,-0.3219950210919772,0.30833603588841185,0.9994264970432628,0.29448071279645727,3,False,False
ENSG00000106692,FKTN,-1.087201718062281,-0.04744226459887332,0.2799936260636312,1.0,-0.08143519830344817,0.7478494766030673,0.9994264970432628,0.0,3,False,False
ENSG00000114770,ABCC5,1.087201718062281,0.09058658803856154,0.2799936260636312,1.0,0.26869173805274454,0.29208256195635995,0.9994264970432628,0.0,3,False,False
ENSG00000047056,WDR37,-1.087201718062281,-0.37237222544591464,0.27999939738945145,1.0,-0.3044816477588449,0.3815724257546912,0.9994264970432628,0.40609807887945404,2,False,False
ENSG00000065665,SEC61A2,1.087201718062281,0.08568336429865145,0.27999939738945145,1.0,0.238683489717373,0.3517085629250748,0.9994264970432628,0.0,2,False,False
ENSG00000070367,EXOC5,-1.087201718062281,-0.508278760703677,0.27999939738945145,1.0,-0.37222328311761677,0.18715894370381136,0.9994264970432628,0.13648646901438732,3,False,False
ENSG00000072274,TFRC,-1.087201718062281,-0.3824021396807288,0.27999939738945145,1.0,-0.3202224866599762,0.38626408256615974,0.9994264970432628,0.470752205909034,3,False,False
ENSG00000100714,MTHFD1,-1.087201718062281,-0.3475156079242045,0.27999939738945145,1.0,-0.2494396826452638,0.3290170382124079,0.9994264970432628,0.0,3,False,False
ENSG00000101439,CST3,1.087201718062281,0.3849746810886079,0.27999939738945145,1.0,0.3421224075069423,0.381647417477321,0.9994264970432628,0.5008924329330773,3,False,False
ENSG00000101966,XIAP,1.087201718062281,0.04500843491168787,0.27999939738945145,1.0,0.1683309961824602,0.5302993407442034,0.9994264970432628,0.07178726671645685,2,False,False
ENSG00000102908,NFAT5,-1.087201718062281,-0.37313801354732085,0.27999939738945145,1.0,-0.21864530571984594,0.3889239931018942,0.9994264970432628,0.0,4,False,False
ENSG00000105185,PDCD5,1.087201718062281,0.3111859562631663,0.27999939738945145,1.0,0.29540117062565857,0.24567093323213407,0.9994264970432628,0.0,3,False,False
ENSG00000108039,XPNPEP1,1.087201718062281,0.2567837213855115,0.27999939738945145,1.0,0.19787844684400288,0.4388665855705879,0.9994264970432628,0.0,2,False,False
ENSG00000108298,RPL19,1.087201718062281,0.18694584948463158,0.27999939738945145,1.0,0.19766983761178292,0.43998649424859204,0.9994264970432628,0.0,3,False,False
ENSG00000110344,UBE4A,-1.087201718062281,-0.22101730081032955,0.27999939738945145,1.0,-0.2376033759563981,0.3523948104975073,0.9994264970432628,0.0,3,False,False
ENSG00000111911,HINT3,-1.087201718062281,-0.3391231495242661,0.27999939738945145,1.0,-0.25364365013041856,0.52324777282662,0.9994264970432628,0.5365279672071774,1,False,False
ENSG00000115839,RAB3GAP1,-1.087201718062281,-0.23153888675466383,0.27999939738945145,1.0,-0.21220911671030787,0.47417490949537144,0.9994264970432628,0.2122829275933669,2,False,False
ENSG00000124733,MEA1,1.087201718062281,-0.06525972131656389,0.27999939738945145,1.0,0.2507389780498627,0.4951668573495397,0.9994264970432628,0.46078248818190903,3,False,False
ENSG00000134308,YWHAQ,1.087201718062281,0.1206869298700555,0.27999939738945145,1.0,0.24364157580455917,0.34004363262255144,0.9994264970432628,0.0,3,False,False
ENSG00000138433,CIR1,1.087201718062281,0.2748853625149047,0.27999939738945145,1.0,0.2914878215808535,0.2540321405441862,0.9994264970432628,0.0,3,False,False
ENSG00000146072,TNFRSF21,-1.087201718062281,-0.469560532279894,0.27999939738945145,1.0,-0.4163459900681279,0.35344713924016935,0.9994264970432628,0.6088202839489641,2,False,False
ENSG00000156990,RPUSD3,1.087201718062281,0.12937967825417307,0.27999939738945145,1.0,0.15559947658101267,0.5402697565230394,0.9994264970432628,0.0,3,False,False
ENSG00000157224,CLDN12,1.087201718062281,0.1462985056673754,0.27999939738945145,1.0,0.24448362813509975,0.33679336545891436,0.9994264970432628,0.0,4,False,False
ENSG00000162869,PPP1R21,-1.087201718062281,-0.33835744388848676,0.27999939738945145,1.0,-0.2989320841432522,0.24450045802473164,0.9994264970432628,0.0,3,False,False
ENSG00000164124,TMEM144,-1.087201718062281,-0.2737086536438614,0.27999939738945145,1.0,-0.2606858398373218,0.30772715407062334,0.9994264970432628,0.0,3,False,False
ENSG00000171109,MFN1,-1.087201718062281,-0.2893281442165548,0.27999939738945145,1.0,-0.23251327312493397,0.36134547487885116,0.9994264970432628,0.0,3,False,False
ENSG00000174943,KCTD13,1.087201718062281,0.46778767928735965,0.27999939738945145,1.0,0.3609220075384278,0.15919902691109333,0.9994264970432628,0.0,4,False,False
ENSG00000178691,SUZ12,1.087201718062281,0.02515183878216748,0.27999939738945145,1.0,0.14298234314573324,0.5741149891966124,0.9994264970432628,0.0,3,False,False
ENSG00000179295,PTPN11,-1.087201718062281,-0.28010981581614103,0.27999939738945145,1.0,-0.30189856413567157,0.2987068238734606,0.9994264970432628,0.1846789199631413,3,False,False
ENSG00000179598,PLD6,1.087201718062281,0.11499712822906273,0.27999939738945145,1.0,0.2586430367096552,0.4593913246613176,0.9994264970432628,0.4167175887609508,3,False,False
ENSG00000182117,NOP10,1.087201718062281,0.1627371541794093,0.27999939738945145,1.0,0.23501394923388322,0.3567771392397021,0.9994264970432628,0.0,3,False,False
ENSG00000182208,MOB2,1.087201718062281,0.27798127552939256,0.27999939738945145,1.0,0.2681833514289394,0.29612690187560375,0.9994264970432628,0.0,2,False,False
ENSG00000184205,TSPYL2,-1.087201718062281,-0.15959643457644446,0.27999939738945145,1.0,-0.3002759149694024,0.23940882931012664,0.9994264970432628,0.0,4,False,False
ENSG00000197594,ENPP1,-1.087201718062281,-0.47708839060405467,0.27999939738945145,1.0,-0.3572756287555271,0.1627543470946229,0.9994264970432628,0.0,4,False,False
ENSG00000197894,ADH5,-1.087201718062281,-0.13558651611571967,0.27999939738945145,1.0,-0.17826682670538707,0.4833766130782262,0.9994264970432628,0.0,2,False,False
ENSG00000227051,C14orf132,-1.087201718062281,-0.30388272317053605,0.27999939738945145,1.0,-0.2538147041619825,0.32425253948968624,0.9994264970432628,0.0030259991165037005,3,False,False
ENSG00000110768,GTF2H1,1.0803206945302413,0.0837276239009636,0.283068115935334,1.0,0.16498164076164845,0.5612663194112395,0.9994264970432628,0.15298708147242362,3,False,False
ENSG00000175662,TOM1L2,-1.0803206945302413,-0.1257085307137073,0.283068115935334,1.0,-0.2158025910508289,0.396753363196635,0.9994264970432628,0.0,4,False,False
ENSG00000076108,BAZ2A,-1.0734396709982017,-0.31444096538409766,0.2861653996425185,1.0,-0.2422222805157044,0.3455255597249953,0.9994264970432628,0.0,3,False,False
ENSG00000119048,UBE2B,-1.0734396709982017,-0.48174803079086237,0.2861653996425185,1.0,-0.2541355973326474,0.31899394633349676,0.9994264970432628,0.0,3,False,False
ENSG00000141447,OSBPL1A,1.0734396709982017,0.20614878609823967,0.2861653996425185,1.0,0.1494922148065569,0.5832597769550277,0.9994264970432628,0.09531805219041034,2,False,False
ENSG00000172461,FUT9,-1.0734396709982017,-0.2955974838016055,0.2861653996425185,1.0,-0.2053584254569308,0.42194733619330527,0.9994264970432628,0.0,3,False,False
ENSG00000009335,UBE3C,-1.0734396709982017,-0.21781331211504704,0.28617118224621885,1.0,-0.3432535984809495,0.18092149259420232,0.9994264970432628,0.0,3,False,False
ENSG00000021645,NRXN3,-1.0734396709982017,-0.2932929328867031,0.28617118224621885,1.0,-0.27748554397568537,0.27823840763719443,0.9994264970432628,0.0,3,False,False
ENSG00000061987,MON2,1.0734396709982017,0.3808819296101375,0.28617118224621885,1.0,0.3022223207362443,0.34907409626575725,0.9994264970432628,0.31725347686467664,3,False,False
ENSG00000075239,ACAT1,-1.0734396709982017,-0.3785744919503804,0.28617118224621885,1.0,-0.28130849006780195,0.37956971814218066,0.9994264970432628,0.309918079177835,2,False,False
ENSG00000077157,PPP1R12B,-1.0734396709982017,-0.23145043354407943,0.28617118224621885,1.0,-0.16250019157499093,0.5236898296672172,0.9994264970432628,0.0,3,False,False
ENSG00000093144,ECHDC1,1.0734396709982017,0.11107138950025755,0.28617118224621885,1.0,0.23580638293656306,0.3875963927481635,0.9994264970432628,0.09350466424890268,3,False,False
ENSG00000100030,MAPK1,1.0734396709982017,0.1201611737096705,0.28617118224621885,1.0,0.25380303134878157,0.3186893105164007,0.9994264970432628,0.0,4,False,False
ENSG00000100201,DDX17,1.0734396709982017,-0.04394134289985292,0.28617118224621885,1.0,0.06208082294969498,0.806947135101734,0.9994264970432628,0.0,2,False,False
ENSG00000103657,HERC1,-1.0734396709982017,-0.38570277664756114,0.28617118224621885,1.0,-0.2831073687052556,0.5092540807894224,0.9994264970432628,0.5976281977356543,3,False,False
ENSG00000111696,NT5DC3,1.0734396709982017,0.17607838801245568,0.28617118224621885,1.0,0.19792372850231052,0.43778165852083206,0.9994264970432628,0.0,4,False,False
ENSG00000114353,GNAI2,1.0734396709982017,0.1858768438485029,0.28617118224621885,1.0,0.24288149552874438,0.3394576674631111,0.9994264970432628,0.0,4,False,False
ENSG00000117155,SSX2IP,-1.0734396709982017,-0.29579560372698543,0.28617118224621885,1.0,-0.2687882322765121,0.29586259922645863,0.9994264970432628,0.0,3,False,False
ENSG00000120948,TARDBP,1.0734396709982017,0.3583095280037742,0.28617118224621885,1.0,0.3313734173340405,0.2130227763611401,0.9994264970432628,0.051311976557969756,3,False,False
ENSG00000134709,HOOK1,1.0734396709982017,0.329941363612519,0.28617118224621885,1.0,0.20718409595475318,0.41489163889183733,0.9994264970432628,0.0,3,False,False
ENSG00000135108,FBXO21,1.0734396709982017,0.1599721067703285,0.28617118224621885,1.0,0.3802477846677422,0.1390712160485256,0.9994264970432628,0.0,4,False,False
ENSG00000138073,PREB,-1.0734396709982017,-0.11159454732672619,0.28617118224621885,1.0,-0.23232561083121245,0.36361388519373106,0.9994264970432628,0.0,3,False,False
ENSG00000148411,NACC2,-1.0734396709982017,-0.14130982126295832,0.28617118224621885,1.0,-0.26361101694827904,0.3020371753765724,0.9994264970432628,0.0,3,False,False
ENSG00000152492,CCDC50,1.0734396709982017,0.09293246062371392,0.28617118224621885,1.0,0.16757968101298773,0.5096262574401655,0.9994264970432628,0.0,3,False,False
ENSG00000154096,THY1,1.0734396709982017,0.4544725291448985,0.28617118224621885,1.0,0.30329513497303096,0.23476320144237395,0.9994264970432628,0.0,3,False,False
ENSG00000162694,EXTL2,-1.0734396709982017,-0.20169183216485476,0.28617118224621885,1.0,-0.3518461190338188,0.39971758981582306,0.9994264970432628,0.5554768160055609,2,False,False
ENSG00000165240,ATP7A,-1.0734396709982017,-0.3248188955796517,0.28617118224621885,1.0,-0.27749052438123856,0.2751782377570202,0.9994264970432628,0.0,4,False,False
ENSG00000165355,FBXO33,1.0734396709982017,0.21242393132821574,0.28617118224621885,1.0,0.18321193699413754,0.4734197195039238,0.9994264970432628,0.0,3,False,False
ENSG00000169193,CCDC126,1.0734396709982017,0.017048171173857093,0.28617118224621885,1.0,0.21857739528480707,0.4272662749486579,0.9994264970432628,0.10974498126052752,2,False,False
ENSG00000170522,ELOVL6,-1.0734396709982017,-0.5523351546866446,0.28617118224621885,1.0,-0.21339230653027116,0.4700419043994192,0.9994264970432628,0.21137548550635868,2,False,False
ENSG00000173064,HECTD4,-1.0734396709982017,-0.3489685796581135,0.28617118224621885,1.0,-0.20044026954841485,0.4573682304289314,0.9994264970432628,0.07864545985052931,3,False,False
ENSG00000184517,ZFP1,1.0734396709982017,0.28595606116590394,0.28617118224621885,1.0,0.29753389237161454,0.24651833364392917,0.9994264970432628,0.0,3,False,False
ENSG00000185010,F8,-1.0734396709982017,-0.31114238067966643,0.28617118224621885,1.0,-0.1911664708450102,0.7340676012454521,0.9994264970432628,0.7574608714967676,2,False,False
ENSG00000242259,C22orf39,-1.0734396709982017,0.02055646235852675,0.28617118224621885,1.0,-0.29678611967824675,0.4888694988527267,0.9994264970432628,0.5871970072371011,2,False,False
ENSG00000197756,RPL37A,1.066558647466162,0.026975427490751647,0.289279710826696,1.0,0.21323807923627155,0.42370201140714503,0.9994264970432628,0.058628937689998877,3,False,False
ENSG00000126934,MAP2K2,-1.0596776239341221,-0.12344593587410434,0.2924284315589253,1.0,-0.15807571752592492,0.5333868588194699,0.9994264970432628,0.0,4,False,False
ENSG00000009694,TENM1,1.0596776239341221,0.2512156005012162,0.2924342234008418,1.0,0.2061240570050019,0.4191326160749791,0.9994264970432628,0.0,3,False,False
ENSG00000040199,PHLPP2,-1.0596776239341221,-0.30528628985692263,0.2924342234008418,1.0,-0.30252565304706225,0.2362081630064332,0.9994264970432628,0.0,3,False,False
ENSG00000070182,SPTB,1.0596776239341221,0.41569784470046645,0.2924342234008418,1.0,0.2565932741922723,0.31302711479540923,0.9994264970432628,0.0,4,False,False
ENSG00000076248,UNG,1.0596776239341221,0.04698072458675611,0.2924342234008418,1.0,0.27868178416423667,0.4127396073933818,0.9994264970432628,0.3825797713706568,3,False,False
ENSG00000088256,GNA11,-1.0596776239341221,-0.4418584521267237,0.2924342234008418,1.0,-0.29237677711437815,0.28951962604462755,0.9994264970432628,0.10940798101944108,3,False,False
ENSG00000092148,HECTD1,1.0596776239341221,0.13584660650560842,0.2924342234008418,1.0,0.2612007063507249,0.3063951619538423,0.9994264970432628,0.0,3,False,False
ENSG00000101187,SLCO4A1,1.0596776239341221,0.1596342128315675,0.2924342234008418,1.0,0.16922404074246042,0.5051536031500974,0.9994264970432628,0.0,4,False,False
ENSG00000104969,SGTA,-1.0596776239341221,-0.21448165450011644,0.2924342234008418,1.0,-0.20993122607891224,0.4105643698720237,0.9994264970432628,0.0,3,False,False
ENSG00000109158,GABRA4,-1.0596776239341221,-0.2702133832520078,0.2924342234008418,1.0,-0.26201708256292233,0.41991158105854176,0.9994264970432628,0.31906572963055113,3,False,False
ENSG00000111652,COPS7A,-1.0596776239341221,-0.55411267130072,0.2924342234008418,1.0,-0.3272465819994106,0.20178959753119863,0.9994264970432628,0.0,3,False,False
ENSG00000112186,CAP2,1.0596776239341221,0.18175071989913757,0.2924342234008418,1.0,0.19156082719791392,0.4550430708933477,0.9994264970432628,0.0,2,False,False
ENSG00000117614,SYF2,-1.0596776239341221,-0.3901829985707519,0.2924342234008418,1.0,-0.3220675129155233,0.2635607771957542,0.9994264970432628,0.17192077827739982,3,False,False
ENSG00000118515,SGK1,1.0596776239341221,0.07491447116414306,0.2924342234008418,1.0,0.17317674025704113,0.49946457713220094,0.9994264970432628,0.0,2,False,False
ENSG00000121680,PEX16,-1.0596776239341221,-0.22209384930326428,0.2924342234008418,1.0,-0.24112015733571213,0.6229464323651324,0.9994264970432628,0.6797734823959073,2,False,False
ENSG00000122705,CLTA,1.0596776239341221,0.15530280919922038,0.2924342234008418,1.0,0.24477792435297877,0.3361799187111063,0.9994264970432628,0.0,3,False,False
ENSG00000125741,OPA3,1.0596776239341221,0.36982381157627187,0.2924342234008418,1.0,0.2889357188251558,0.25920383165927385,0.9994264970432628,0.0,3,False,False
ENSG00000127952,STYXL1,1.0596776239341221,0.2013906149111416,0.2924342234008418,1.0,0.2901399343706943,0.25754512386933937,0.9994264970432628,0.0,2,False,False
ENSG00000128059,PPAT,-1.0596776239341221,-0.2592510110724431,0.2924342234008418,1.0,-0.14621434119042273,0.5851070485505525,0.9994264970432628,0.07023593979744192,2,False,False
ENSG00000132155,RAF1,-1.0596776239341221,-0.1130221928640255,0.2924342234008418,1.0,-0.21518178798084678,0.595683667991292,0.9994264970432628,0.5471667618550832,3,False,False
ENSG00000133048,CHI3L1,1.0596776239341221,0.5198361678158596,0.2924342234008418,1.0,0.23340919734689378,0.35985473537322166,0.9994264970432628,0.0,3,False,False
ENSG00000134851,TMEM165,-1.0596776239341221,-0.38029981547052183,0.2924342234008418,1.0,-0.28410898455039474,0.26531994700970396,0.9994264970432628,0.0,3,False,False
ENSG00000136807,CDK9,1.0596776239341221,0.2517411093928217,0.2924342234008418,1.0,0.15719033735079493,0.5886240799127922,0.9994264970432628,0.18945387310408368,2,False,False
ENSG00000140350,ANP32A,1.0596776239341221,0.0688844633276221,0.2924342234008418,1.0,0.1747646511086996,0.4953094599077542,0.9994264970432628,0.0,3,False,False
ENSG00000148719,DNAJB12,1.0596776239341221,0.49668630007536174,0.2924342234008418,1.0,0.3607073800676083,0.15859469364245316,0.9994264970432628,0.0,3,False,False
ENSG00000149485,FADS1,1.0596776239341221,0.17855011512293065,0.2924342234008418,1.0,0.22196026172044,0.38525690836412374,0.9994264970432628,0.0,2,False,False
ENSG00000150401,DCUN1D2,-1.0596776239341221,-0.17476101581184408,0.2924342234008418,1.0,-0.10223545323268042,0.6869097434737702,0.9994264970432628,0.0,3,False,False
ENSG00000151229,SLC2A13,-1.0596776239341221,-0.42690909724773196,0.2924342234008418,1.0,-0.37101235267963295,0.30793911453862344,0.9994264970432628,0.4317730926646373,3,False,False
ENSG00000163964,PIGX,-1.0596776239341221,-0.16705424048926137,0.2924342234008418,1.0,-0.2589720715385748,0.3118155526992127,0.9994264970432628,0.0,3,False,False
ENSG00000167460,TPM4,1.0596776239341221,0.35640209537767636,0.2924342234008418,1.0,0.271677611677687,0.2872410832203012,0.9994264970432628,0.0,3,False,False
ENSG00000167699,GLOD4,-1.0596776239341221,-0.20655936173446746,0.2924342234008418,1.0,-0.264908661406346,0.2989777625473078,0.9994264970432628,0.0,3,False,False
ENSG00000169083,AR,1.0596776239341221,-0.044214032825102154,0.2924342234008418,1.0,0.28337454981589,0.550805489671452,0.9994264970432628,0.6682122050365704,3,False,False
ENSG00000171365,CLCN5,-1.0596776239341221,-0.1509694141088397,0.2924342234008418,1.0,-0.20355248721522845,0.4259453890962318,0.9994264970432628,0.0,3,False,False
ENSG00000173674,EIF1AX,-1.0596776239341221,-0.49751116813409496,0.2924342234008418,1.0,-0.2279323037088141,0.49664501744300915,0.9994264970432628,0.36709389040460855,2,False,False
ENSG00000174748,RPL15,-1.0596776239341221,-0.24320673517554803,0.2924342234008418,1.0,-0.14901101840462808,0.5726825767178922,0.9994264970432628,0.04837870802086894,2,False,False
ENSG00000176049,JAKMIP2,1.0596776239341221,-0.20079588577837684,0.2924342234008418,1.0,0.16535586938840463,0.710782085195339,0.9994264970432628,0.6241024635415751,2,False,False
ENSG00000177733,HNRNPA0,-1.0596776239341221,-0.3379279241625879,0.2924342234008418,1.0,-0.17575327173621558,0.4885527292926698,0.9994264970432628,0.0,4,False,False
ENSG00000179021,C3orf38,-1.0596776239341221,-0.2829173634282781,0.2924342234008418,1.0,-0.22472602188071905,0.3778684678628448,0.9994264970432628,0.0,3,False,False
ENSG00000188580,NKAIN2,1.0596776239341221,0.12317497699961001,0.2924342234008418,1.0,0.31532501766141513,0.41500407130769223,0.9994264970432628,0.5058328029717548,3,False,False
ENSG00000197586,ENTPD6,-1.0596776239341221,-0.15692937151582342,0.2924342234008418,1.0,-0.2329852500877612,0.3600212448363006,0.9994264970432628,0.0,4,False,False
ENSG00000225968,ELFN1,1.0596776239341221,0.224967630067839,0.2924342234008418,1.0,0.2606120489690289,0.35643453465257247,0.9994264970432628,0.14210675898498107,3,False,False
ENSG00000197746,PSAP,1.0527966004020823,0.152167951319491,0.2955942162186178,1.0,0.23310991087765998,0.3595921078593213,0.9994264970432628,0.0,4,False,False
ENSG00000024048,UBR2,1.0459155768700426,0.13325687203781256,0.2987886665851791,1.0,0.25133078412930165,0.32675028440792064,0.9994264970432628,0.0,3,False,False
ENSG00000074590,NUAK1,1.0459155768700426,0.3975837808651312,0.2987886665851791,1.0,0.3993886288908415,0.11868977843001978,0.9994264970432628,0.0,4,False,False
ENSG00000076321,KLHL20,1.0459155768700426,0.3565616516765526,0.2987886665851791,1.0,0.2361656175133512,0.35573328661972137,0.9994264970432628,0.0,3,False,False
ENSG00000100417,PMM1,1.0459155768700426,0.07507539705427405,0.2987886665851791,1.0,0.12161137705691914,0.6345732655555631,0.9994264970432628,0.0,3,False,False
ENSG00000100461,RBM23,1.0459155768700426,0.1972970708708313,0.2987886665851791,1.0,0.16705811907560753,0.5111950517482622,0.9994264970432628,0.0,3,False,False
ENSG00000104738,MCM4,1.0459155768700426,0.1534362750936135,0.2987886665851791,1.0,0.15013029323541596,0.5555804484211505,0.9994264970432628,0.0,3,False,False
ENSG00000107862,GBF1,1.0459155768700426,0.24591238239409316,0.2987886665851791,1.0,0.20495916780551976,0.4212609089932511,0.9994264970432628,0.0,3,False,False
ENSG00000108861,DUSP3,-1.0459155768700426,-0.47389410569783247,0.2987886665851791,1.0,-0.34466170196716706,0.36974344564696704,0.9994264970432628,0.5018295552411965,3,False,False
ENSG00000110237,ARHGEF17,-1.0459155768700426,-0.27722637821039636,0.2987886665851791,1.0,-0.27028744854812237,0.28740283984488646,0.9994264970432628,0.0,4,False,False
ENSG00000110442,COMMD9,1.0459155768700426,0.2597830915429265,0.2987886665851791,1.0,0.27856470125790356,0.27474894051539833,0.9994264970432628,0.0,3,False,False
ENSG00000119771,KLHL29,1.0459155768700426,0.3369883266820232,0.2987886665851791,1.0,0.3207704047614393,0.21100610256819285,0.9994264970432628,0.0,3,False,False
ENSG00000121900,TMEM54,1.0459155768700426,0.30363179026437626,0.2987886665851791,1.0,0.35248532583695524,0.16935665777669795,0.9994264970432628,0.0,4,False,False
ENSG00000128791,TWSG1,1.0459155768700426,0.11413482946216924,0.2987886665851791,1.0,0.2057640193895409,0.41841372137090604,0.9994264970432628,0.0,3,False,False
ENSG00000133731,IMPA1,-1.0459155768700426,-0.25118671667789655,0.2987886665851791,1.0,-0.20611111935440257,0.5820659886659634,0.9994264970432628,0.47927285531493435,2,False,False
ENSG00000134905,CARS2,1.0459155768700426,0.18076631977279453,0.2987886665851791,1.0,0.245102660075831,0.33709635076546973,0.9994264970432628,0.0,3,False,False
ENSG00000137806,NDUFAF1,-1.0459155768700426,0.01781145201850341,0.2987886665851791,1.0,-0.1310030056315026,0.6068799229349486,0.9994264970432628,0.0,3,False,False
ENSG00000138650,PCDH10,-1.0459155768700426,-0.27452159197517256,0.2987886665851791,1.0,-0.286371312435427,0.2603839932777344,0.9994264970432628,0.0,4,False,False
ENSG00000139921,TMX1,1.0459155768700426,0.3813716186362626,0.2987886665851791,1.0,0.25251686526628464,0.32539125559746884,0.9994264970432628,0.0,3,False,False
ENSG00000145391,SETD7,-1.0459155768700426,-0.2734486207965778,0.2987886665851791,1.0,-0.29054895540364206,0.3282905910261712,0.9994264970432628,0.21731690495436304,3,False,False
ENSG00000147526,TACC1,1.0459155768700426,0.11674406732826986,0.2987886665851791,1.0,0.1916877715581149,0.453612298950802,0.9994264970432628,0.0,3,False,False
ENSG00000156052,GNAQ,1.0459155768700426,0.21551407097777223,0.2987886665851791,1.0,0.10834832517754549,0.6701021897329809,0.9994264970432628,0.0,3,False,False
ENSG00000157625,TAB3,-1.0459155768700426,0.03585390941673852,0.2987886665851791,1.0,-0.14537363744660275,0.5687612208407935,0.9994264970432628,0.0,2,False,False
ENSG00000160991,ORAI2,1.0459155768700426,0.1820626799362163,0.2987886665851791,1.0,0.2109401578290727,0.4090208374605786,0.9994264970432628,0.0,2,False,False
ENSG00000162437,RAVER2,-1.0459155768700426,-0.5224955500100429,0.2987886665851791,1.0,-0.1882127137384839,0.5033814952166906,0.9994264970432628,0.1423463449953912,2,False,False
ENSG00000163374,YY1AP1,-1.0459155768700426,-0.2983701629637847,0.2987886665851791,1.0,-0.09328098267429763,0.7623323451788924,0.9994264970432628,0.27198146023293307,2,False,False
ENSG00000165813,CCDC186,-1.0459155768700426,-0.28190491702110765,0.2987886665851791,1.0,-0.20235245800695378,0.42772562855620355,0.9994264970432628,0.0,3,False,False
ENSG00000173276,ZBTB21,1.0459155768700426,0.26977476197775013,0.2987886665851791,1.0,0.2540151606742175,0.3186966863406733,0.9994264970432628,0.0,4,False,False
ENSG00000175602,CCDC85B,-1.0459155768700426,-0.32180477728935536,0.2987886665851791,1.0,-0.33309520843254714,0.19463936055664544,0.9994264970432628,0.0,3,False,False
ENSG00000181904,C5orf24,1.0459155768700426,0.31095780599668393,0.2987886665851791,1.0,0.3008225783157442,0.23810017278713536,0.9994264970432628,0.0,3,False,False
ENSG00000183091,NEB,-1.0459155768700426,0.029535345440726384,0.2987886665851791,1.0,-0.23627818298401895,0.464760961368744,0.9994264970432628,0.3170535632492132,2,False,False
ENSG00000197121,PGAP1,1.0459155768700426,-0.09832371869899742,0.2987886665851791,1.0,0.03401967011511682,0.8934940763429156,0.9994264970432628,0.0,3,False,False
ENSG00000198301,SDAD1,1.0459155768700426,-0.018027684263306646,0.2987886665851791,1.0,0.16310155886119346,0.5239144796516089,0.9994264970432628,0.0,3,False,False
ENSG00000198794,SCAMP5,-1.0459155768700426,-0.16200020144826188,0.2987886665851791,1.0,-0.22926942100166203,0.36788854645948,0.9994264970432628,0.0,4,False,False
ENSG00000241553,ARPC4,-1.0459155768700426,-0.14032352097891027,0.2987886665851791,1.0,-0.2006239327938443,0.43196589810880637,0.9994264970432628,0.0,2,False,False
ENSG00000135486,HNRNPA1,1.0321535298059632,0.0069643881655930984,0.30522301653252226,1.0,0.1820285709608122,0.4759117500020269,0.9994264970432628,0.0,3,False,False
ENSG00000213639,PPP1CB,-1.0321535298059632,-0.25064365390509985,0.30522301653252226,1.0,-0.19464851457951624,0.5957551710250255,0.9994264970432628,0.4657794947735572,2,False,False
ENSG00000006116,CACNG3,1.0321535298059632,0.30862746176970596,0.30523462478711993,1.0,0.18610265211467114,0.46457799247714604,0.9994264970432628,0.0,3,False,False
ENSG00000071859,FAM50A,-1.0321535298059632,-0.34615376158282596,0.30523462478711993,1.0,-0.1685210333093625,0.5104971627243817,0.9994264970432628,0.0,2,False,False
ENSG00000101882,NKAP,-1.0321535298059632,-0.22834683669915787,0.30523462478711993,1.0,-0.3680050849247807,0.31575947035447893,0.9994264970432628,0.4607876237018047,3,False,False
ENSG00000112159,MDN1,1.0321535298059632,-0.027338514932705657,0.30523462478711993,1.0,0.2503162682508933,0.4153542185190201,0.9994264970432628,0.2556845717114901,3,False,False
ENSG00000112667,DNPH1,-1.0321535298059632,-0.24397847358891125,0.30523462478711993,1.0,-0.19215808311336147,0.453621815531128,0.9994264970432628,0.0,2,False,False
ENSG00000116133,DHCR24,1.0321535298059632,0.506227774205575,0.30523462478711993,1.0,0.23117152898918422,0.3667611609151865,0.9994264970432628,0.0,2,False,False
ENSG00000125503,PPP1R12C,-1.0321535298059632,-0.06828055579395292,0.30523462478711993,1.0,-0.4689266930365828,0.2734041370593586,0.9994264970432628,0.5797449652558596,2,False,False
ENSG00000126705,AHDC1,-1.0321535298059632,-0.26597276846547196,0.30523462478711993,1.0,-0.22652861560344562,0.3772279247597986,0.9994264970432628,0.0,3,False,False
ENSG00000131018,SYNE1,1.0321535298059632,0.09967094761133795,0.30523462478711993,1.0,0.23222650532980313,0.3969181902010164,0.9994264970432628,0.10228446650687074,3,False,False
ENSG00000131504,DIAPH1,1.0321535298059632,-0.07961192219818702,0.30523462478711993,1.0,0.23475281802525091,0.5755982616864732,0.9994264970432628,0.5853026178299738,3,False,False
ENSG00000133030,MPRIP,1.0321535298059632,0.14223945663360832,0.30523462478711993,1.0,0.3005080652237698,0.24164025662328525,0.9994264970432628,0.0,2,False,False
ENSG00000139343,SNRPF,-1.0321535298059632,-0.2018808999823577,0.30523462478711993,1.0,-0.14345730835675766,0.5735480981130998,0.9994264970432628,0.0,3,False,False
ENSG00000140943,MBTPS1,-1.0321535298059632,-0.2275607436394349,0.30523462478711993,1.0,-0.24038222375968124,0.344760710183607,0.9994264970432628,0.0,3,False,False
ENSG00000145916,RMND5B,-1.0321535298059632,-0.08751493270922713,0.30523462478711993,1.0,-0.1461565309332986,0.5768077159500591,0.9994264970432628,0.03340327337490219,3,False,False
ENSG00000151327,FAM177A1,-1.0321535298059632,-0.4868350596546833,0.30523462478711993,1.0,-0.2178892666890957,0.5626361086756952,0.9994264970432628,0.4885744866195521,2,False,False
ENSG00000154370,TRIM11,-1.0321535298059632,-0.2294773656811109,0.30523462478711993,1.0,-0.28730004951720073,0.263548715663525,0.9994264970432628,0.0,3,False,False
ENSG00000155313,USP25,1.0321535298059632,0.2697470090940616,0.30523462478711993,1.0,0.2460976926284849,0.33320098816610366,0.9994264970432628,0.0,4,False,False
ENSG00000156136,DCK,-1.0321535298059632,-0.45648389706302867,0.30523462478711993,1.0,-0.29230776834452327,0.25342351257177087,0.9994264970432628,0.0,3,False,False
ENSG00000162604,TM2D1,-1.0321535298059632,-0.17572336109221698,0.30523462478711993,1.0,-0.21990418039120457,0.388796191344715,0.9994264970432628,0.0,3,False,False
ENSG00000162623,TYW3,1.0321535298059632,0.07681442932500482,0.30523462478711993,1.0,0.2411447780522487,0.5198339553965774,0.9994264970432628,0.48299561218197457,3,False,False
ENSG00000163728,TTC14,-1.0321535298059632,-0.36552530393504873,0.30523462478711993,1.0,-0.3187227727216288,0.21376601738421663,0.9994264970432628,0.0,3,False,False
ENSG00000166002,SMCO4,-1.0321535298059632,-0.3487308133828187,0.30523462478711993,1.0,-0.31177626360163985,0.3228969759711938,0.9994264970432628,0.29296905459646394,3,False,False
ENSG00000173418,NAA20,-1.0321535298059632,-0.2410401008591812,0.30523462478711993,1.0,-0.1959813869152288,0.439798693386416,0.9994264970432628,0.0,4,False,False
ENSG00000175198,PCCA,1.0321535298059632,0.046620344395855676,0.30523462478711993,1.0,0.2213447971823301,0.5733069916925804,0.9994264970432628,0.5313361489284075,3,False,False
ENSG00000175265,GOLGA8A,-1.0321535298059632,-0.321093089575328,0.30523462478711993,1.0,-0.20949053903935233,0.632445205892862,0.9994264970432628,0.6063525697842337,2,False,False
ENSG00000175470,PPP2R2D,-1.0321535298059632,-0.12612435589020293,0.30523462478711993,1.0,-0.1464367102759776,0.56349796996221,0.9994264970432628,0.0,3,False,False
ENSG00000177370,TIMM22,-1.0321535298059632,-0.1515937643550721,0.30523462478711993,1.0,-0.29164953782164377,0.324837530878742,0.9994264970432628,0.21081459506366917,3,False,False
ENSG00000177706,FAM20C,-1.0321535298059632,-0.02999734853736058,0.30523462478711993,1.0,-0.16878489342871836,0.5088149948954457,0.9994264970432628,0.0,2,False,False
ENSG00000185129,PURA,1.0321535298059632,0.2184495857816055,0.30523462478711993,1.0,0.2920359115821388,0.2529766252667611,0.9994264970432628,0.0,3,False,False
ENSG00000198399,ITSN2,1.0321535298059632,0.17134742417382093,0.30523462478711993,1.0,0.2985259812990691,0.2448800699177679,0.9994264970432628,0.0,3,False,False
ENSG00000239305,RNF103,-1.0321535298059632,-0.1939176366973189,0.30523462478711993,1.0,-0.2534251486911068,0.3214410001139746,0.9994264970432628,0.0,3,False,False
ENSG00000255302,EID1,1.0321535298059632,0.03414308589169683,0.30523462478711993,1.0,0.22645945469758613,0.3747932438950696,0.9994264970432628,0.0,3,False,False
ENSG00000187109,NAP1L1,1.0252725062739234,0.08005447396813888,0.30848614245664674,1.0,0.21241943125744914,0.4047968673749579,0.9994264970432628,0.0,2,False,False
ENSG00000005812,FBXL3,-1.0183914827418836,-0.27815750093752173,0.311772177711236,1.0,-0.08337106940631975,0.8213107570874811,0.9994264970432628,0.4721804961365337,2,False,False
ENSG00000013441,CLK1,1.0183914827418836,0.41640080493860226,0.311772177711236,1.0,0.3116885211592481,0.22217258348585933,0.9994264970432628,0.0,4,False,False
ENSG00000056998,GYG2,-1.0183914827418836,-0.3634750520980457,0.311772177711236,1.0,-0.24192897470712876,0.34309914759396165,0.9994264970432628,0.0,2,False,False
ENSG00000068912,ERLEC1,-1.0183914827418836,-0.41796708506444186,0.311772177711236,1.0,-0.24938515435700473,0.3823960256213832,0.9994264970432628,0.162631813560255,3,False,False
ENSG00000076554,TPD52,1.0183914827418836,0.19415270245420702,0.311772177711236,1.0,0.28664461159799665,0.2622560959748126,0.9994264970432628,0.0,3,False,False
ENSG00000108669,CYTH1,-1.0183914827418836,-0.15685115303431568,0.311772177711236,1.0,-0.2513956133097314,0.3228770785255147,0.9994264970432628,0.0,4,False,False
ENSG00000112651,MRPL2,-1.0183914827418836,-0.4231587977809764,0.311772177711236,1.0,-0.23756743077693399,0.42010657114003647,0.9994264970432628,0.2077883848622442,3,False,False
ENSG00000114646,CSPG5,1.0183914827418836,5.4072148694713755e-05,0.311772177711236,1.0,0.18449143504449725,0.5638879050657543,0.9994264970432628,0.3077157068148795,3,False,False
ENSG00000114956,DGUOK,1.0183914827418836,0.0015452911530817665,0.311772177711236,1.0,0.13220180981329172,0.604080615323601,0.9994264970432628,0.0,2,False,False
ENSG00000114988,LMAN2L,1.0183914827418836,0.07967310080385272,0.311772177711236,1.0,0.31803209842651686,0.4627873609854736,0.9994264970432628,0.5764809921581695,2,False,False
ENSG00000120992,LYPLA1,-1.0183914827418836,-0.10053489183762576,0.311772177711236,1.0,-0.23770077545679075,0.35241878063017973,0.9994264970432628,0.0,3,False,False
ENSG00000126804,ZBTB1,1.0183914827418836,0.15171425859317964,0.311772177711236,1.0,0.19848510003971906,0.43450692098010846,0.9994264970432628,0.0,3,False,False
ENSG00000137692,DCUN1D5,-1.0183914827418836,-0.09991986324264958,0.311772177711236,1.0,-0.2104781766763953,0.4104250316768685,0.9994264970432628,0.0,3,False,False
ENSG00000147123,NDUFB11,1.0183914827418836,0.22146506923110865,0.311772177711236,1.0,0.31974060490179945,0.21079751300972882,0.9994264970432628,0.0,3,False,False
ENSG00000150361,KLHL1,-1.0183914827418836,0.11622016828939136,0.311772177711236,1.0,-0.035699466447690564,0.8881170955520339,0.9994264970432628,0.0,3,False,False
ENSG00000152137,HSPB8,1.0183914827418836,0.08810305112663955,0.311772177711236,1.0,0.11582374172688688,0.6501664879211223,0.9994264970432628,0.0,3,False,False
ENSG00000160633,SAFB,1.0183914827418836,0.33531339771637975,0.311772177711236,1.0,0.32257508771996746,0.2071337856804053,0.9994264970432628,0.0,3,False,False
ENSG00000162642,C1orf52,-1.0183914827418836,-0.3474531476008801,0.311772177711236,1.0,-0.29625740008994833,0.4523049120136944,0.9994264970432628,0.5216634796920816,2,False,False
ENSG00000165733,BMS1,1.0183914827418836,0.23657588018928388,0.311772177711236,1.0,0.32346883492515116,0.2063181956079152,0.9994264970432628,0.0,3,False,False
ENSG00000166479,TMX3,-1.0183914827418836,-0.27543065971071423,0.311772177711236,1.0,-0.1827724518556352,0.6698556325014235,0.9994264970432628,0.5861054049932345,3,False,False
ENSG00000166887,VPS39,-1.0183914827418836,-0.24901492968016792,0.311772177711236,1.0,-0.1937364867020384,0.4482591149104803,0.9994264970432628,0.0,3,False,False
ENSG00000167614,TTYH1,1.0183914827418836,0.24319773074116136,0.311772177711236,1.0,0.2934149080436754,0.4211721931519521,0.9994264970432628,0.44475172562974646,3,False,False
ENSG00000168275,COA6,1.0183914827418836,0.3653732593273229,0.311772177711236,1.0,0.33179608216001716,0.19373948066565094,0.9994264970432628,0.0,4,False,False
ENSG00000171456,ASXL1,1.0183914827418836,0.07617166396084156,0.311772177711236,1.0,0.3054712933918191,0.4930300750741631,0.9994264970432628,0.6263224888282751,3,False,False
ENSG00000176986,SEC24C,1.0183914827418836,-0.07494646264697713,0.311772177711236,1.0,0.1933438190926308,0.5122502389892263,0.9994264970432628,0.2115839475947368,3,False,False
ENSG00000179915,NRXN1,-1.0183914827418836,-0.11832839356947826,0.311772177711236,1.0,-0.14747009760198496,0.5633838360278693,0.9994264970432628,0.0,3,False,False
ENSG00000183826,BTBD9,1.0183914827418836,0.023049065755729223,0.311772177711236,1.0,0.2784363137316016,0.27763401618399497,0.9994264970432628,0.0,2,False,False
ENSG00000186487,MYT1L,1.0183914827418836,0.367780393804806,0.311772177711236,1.0,0.3096746998296836,0.2245593417489855,0.9994264970432628,0.0,4,False,False
ENSG00000196422,PPP1R26,-1.0183914827418836,-0.1772666270702249,0.311772177711236,1.0,-0.2923864213324844,0.2522555875088188,0.9994264970432628,0.0,3,False,False
ENSG00000197063,MAFG,1.0183914827418836,0.1361364082136443,0.311772177711236,1.0,0.3026449618981945,0.2382440528049039,0.9994264970432628,0.0,2,False,False
ENSG00000197150,ABCB8,-1.0183914827418836,-0.026523579259997165,0.311772177711236,1.0,-0.08976967771569912,0.7325212298658699,0.9994264970432628,0.03961811950763702,3,False,False
ENSG00000197969,VPS13A,1.0183914827418836,0.2301701238647515,0.311772177711236,1.0,0.2343787199331592,0.3574186745052521,0.9994264970432628,0.0,3,False,False
ENSG00000198046,ZNF667,-1.0183914827418836,0.06807904654038452,0.311772177711236,1.0,-0.1116025314248566,0.7184131726684111,0.9994264970432628,0.27569634588333586,3,False,False
ENSG00000198130,HIBCH,1.0183914827418836,0.14301540570814272,0.311772177711236,1.0,0.16078263178655908,0.5267221234095165,0.9994264970432628,0.0,3,False,False
ENSG00000205758,CRYZL1,-1.0183914827418836,-0.5530935235270837,0.311772177711236,1.0,-0.2283366412044118,0.4043468756049967,0.9994264970432628,0.10127450344875698,1,False,False
ENSG00000079841,RIMS1,-1.004629435677804,-0.035115125589496324,0.3183955635475919,1.0,-0.12488454330844807,0.6235388059952527,0.9994264970432628,0.0,2,False,False
ENSG00000111674,ENO2,1.004629435677804,0.42243918539031744,0.3183955635475919,1.0,0.3137030978089501,0.21966718281121245,0.9994264970432628,0.0,3,False,False
ENSG00000170500,LONRF2,1.004629435677804,0.2664266763498279,0.3183955635475919,1.0,0.34209132609547965,0.270594597673788,0.9994264970432628,0.27368770668140224,3,False,False
ENSG00000060762,MPC1,1.004629435677804,0.09724822055255374,0.3184013712570599,1.0,0.3010127467569279,0.2392110284311948,0.9994264970432628,0.0,3,False,False
ENSG00000067369,TP53BP1,-1.004629435677804,-0.42526598243113295,0.3184013712570599,1.0,-0.25175398260062776,0.517917688542632,0.9994264970432628,0.5196017254195339,3,False,False
ENSG00000088387,DOCK9,-1.004629435677804,-0.2500201123132251,0.3184013712570599,1.0,-0.24143300066269643,0.3469597830845532,0.9994264970432628,0.0,2,False,False
ENSG00000103591,AAGAB,-1.004629435677804,-0.3914155521531777,0.3184013712570599,1.0,-0.3146180577950416,0.39411885582656647,0.9994264970432628,0.4678322833063172,2,False,False
ENSG00000105993,DNAJB6,1.004629435677804,0.12085060879145385,0.3184013712570599,1.0,0.22338877193108625,0.3805629353622073,0.9994264970432628,0.0,3,False,False
ENSG00000109111,SUPT6H,-1.004629435677804,-0.4422738667218096,0.3184013712570599,1.0,-0.2726764339122065,0.40258130142056947,0.9994264970432628,0.33555798360678607,3,False,False
ENSG00000109519,GRPEL1,1.004629435677804,0.07375068104726498,0.3184013712570599,1.0,0.24443435956971624,0.4592469552288374,0.9994264970432628,0.3525920270864215,2,False,False
ENSG00000112796,ENPP5,-1.004629435677804,-0.4718022027905155,0.3184013712570599,1.0,-0.22664531036159666,0.4712437341401702,0.9994264970432628,0.28804444058181994,3,False,False
ENSG00000115020,PIKFYVE,-1.004629435677804,-0.21222435145960517,0.3184013712570599,1.0,-0.23062838091698715,0.3690023447286257,0.9994264970432628,0.0,3,False,False
ENSG00000115252,PDE1A,-1.004629435677804,-0.41130147722016647,0.3184013712570599,1.0,-0.1879408290693154,0.4611468304563219,0.9994264970432628,0.0,3,False,False
ENSG00000119487,MAPKAP1,-1.004629435677804,-0.34532924293717004,0.3184013712570599,1.0,-0.20702486630136344,0.4185722511615876,0.9994264970432628,0.0,3,False,False
ENSG00000134970,TMED7,-1.004629435677804,-0.27424488886568316,0.3184013712570599,1.0,-0.20711656066054063,0.4153681312855281,0.9994264970432628,0.0,3,False,False
ENSG00000134996,OSTF1,-1.004629435677804,-0.2811545063203341,0.3184013712570599,1.0,-0.28355133825502504,0.37696967819774396,0.9994264970432628,0.30572501288627757,3,False,False
ENSG00000136271,DDX56,1.004629435677804,0.13719947774276237,0.3184013712570599,1.0,0.24161799441588505,0.346951863038389,0.9994264970432628,0.0,2,False,False
ENSG00000137285,TUBB2B,-1.004629435677804,-0.179092101752461,0.3184013712570599,1.0,-0.2654381252883778,0.4837381619475478,0.9994264970432628,0.49447742707814163,2,False,False
ENSG00000141556,TBCD,1.004629435677804,0.09330172684700924,0.3184013712570599,1.0,0.20396386497754615,0.4227843943301335,0.9994264970432628,0.0,3,False,False
ENSG00000148444,COMMD3,-1.004629435677804,-0.28789165158229124,0.3184013712570599,1.0,-0.06897447069120471,0.8000251274503933,0.9994264970432628,0.09618257033915868,2,False,False
ENSG00000149970,CNKSR2,-1.004629435677804,-0.2934497489802547,0.3184013712570599,1.0,-0.3097696436573282,0.2238816879305623,0.9994264970432628,0.0,4,False,False
ENSG00000150712,MTMR12,-1.004629435677804,-0.09351101770882547,0.3184013712570599,1.0,-0.2421801645992056,0.360752850461898,0.9994264970432628,0.04999320053656518,3,False,False
ENSG00000151640,DPYSL4,-1.004629435677804,-0.0053417568471063465,0.3184013712570599,1.0,-0.05436277195461845,0.8301332745323854,0.9994264970432628,0.0,3,False,False
ENSG00000152503,TRIM36,-1.004629435677804,-0.16088999171192125,0.3184013712570599,1.0,-0.3807486985114997,0.3709448673410366,0.9994264970432628,0.5770297551044526,3,False,False
ENSG00000152601,MBNL1,1.004629435677804,0.19080485078121384,0.3184013712570599,1.0,0.2931173379546004,0.25338058412676523,0.9994264970432628,0.0,3,False,False
ENSG00000158417,EIF5B,1.004629435677804,-0.1534104622615904,0.3184013712570599,1.0,0.22885008199716045,0.536143530096989,0.9994264970432628,0.4677976187907351,2,False,False
ENSG00000164117,FBXO8,-1.004629435677804,-0.29930037298036216,0.3184013712570599,1.0,-0.2136459581663282,0.40444597852681996,0.9994264970432628,0.0,2,False,False
ENSG00000184613,NELL2,-1.004629435677804,-0.2116530273345403,0.3184013712570599,1.0,-0.19488257038640044,0.4462051977817064,0.9994264970432628,0.0,3,False,False
ENSG00000197535,MYO5A,-1.004629435677804,-0.33049798758942067,0.3184013712570599,1.0,-0.30736245648938615,0.3302852847321228,0.9994264970432628,0.28278194739153995,3,False,False
ENSG00000197885,NKIRAS1,1.004629435677804,0.18805582849758018,0.3184013712570599,1.0,0.18546519175181514,0.46617107885610976,0.9994264970432628,0.0,3,False,False
ENSG00000198042,MAK16,-1.004629435677804,-0.14422203846818107,0.3184013712570599,1.0,-0.24631432340669915,0.3634359928879446,0.9994264970432628,0.08443854805956323,2,False,False
ENSG00000198900,TOP1,1.004629435677804,0.04505723922353546,0.3184013712570599,1.0,0.13873373408814463,0.5862803429024512,0.9994264970432628,0.0,3,False,False
ENSG00000242802,AP5Z1,-1.004629435677804,-0.13607345112553604,0.3184013712570599,1.0,-0.2353320512440067,0.4420183117470805,0.9994264970432628,0.2564299622756098,2,False,False
ENSG00000244187,TMEM141,-1.004629435677804,-0.3230069739909206,0.3184013712570599,1.0,-0.17570500216021526,0.4905222826105172,0.9994264970432628,0.0,2,False,False
ENSG00000159307,SCUBE1,0.9977484121457644,0.3789511287014192,0.32174453098533795,1.0,0.2865281087990938,0.3190026404708587,0.9994264970432628,0.16913702634529926,3,False,False
ENSG00000064313,TAF2,-0.9908673886137246,0.017116557004417894,0.3251222170157382,1.0,-0.1273919841699086,0.6170730130897133,0.9994264970432628,0.0,2,False,False
ENSG00000069424,KCNAB2,0.9908673886137246,0.14416596570359616,0.3251222170157382,1.0,0.2598227352615128,0.4752166360195812,0.9994264970432628,0.45291262742978533,2,False,False
ENSG00000074054,CLASP1,0.9908673886137246,-0.059534780292292734,0.3251222170157382,1.0,0.22507836200491915,0.3953639635540246,0.9994264970432628,0.04918503058240494,3,False,False
ENSG00000084463,WBP11,-0.9908673886137246,-0.1367186457816133,0.3251222170157382,1.0,-0.21570454755945265,0.3973616467824781,0.9994264970432628,0.0,3,False,False
ENSG00000088899,LZTS3,0.9908673886137246,0.06609609940400256,0.3251222170157382,1.0,0.2894727078781385,0.3253986794643081,0.9994264970432628,0.20311843329494186,2,False,False
ENSG00000105705,SUGP1,0.9908673886137246,0.2421544253659369,0.3251222170157382,1.0,0.17810681535135664,0.48605854628292766,0.9994264970432628,0.0,3,False,False
ENSG00000108424,KPNB1,0.9908673886137246,0.039749298939012044,0.3251222170157382,1.0,0.14043769688837532,0.6178294731662253,0.9994264970432628,0.1455527283198695,2,False,False
ENSG00000114993,RTKN,0.9908673886137246,0.03309929400624799,0.3251222170157382,1.0,0.055273516663771886,0.9055419473982725,0.9994264970432628,0.6547848771541356,2,False,False
ENSG00000127585,FBXL16,-0.9908673886137246,-0.18720378512988872,0.3251222170157382,1.0,-0.17749612940952553,0.4838533007251119,0.9994264970432628,0.0,4,False,False
ENSG00000129493,HEATR5A,-0.9908673886137246,-0.0289630349771938,0.3251222170157382,1.0,-0.18445147181443905,0.469819399617759,0.9994264970432628,0.0,3,False,False
ENSG00000129625,REEP5,0.9908673886137246,0.3171608146577216,0.3251222170157382,1.0,0.2882125928510216,0.26150479447127517,0.9994264970432628,0.0,3,False,False
ENSG00000130208,APOC1,-0.9908673886137246,-0.665667055333333,0.3251222170157382,1.0,-0.27616054159674114,0.3653295900670034,0.9994264970432628,0.24777462525543995,3,False,False
ENSG00000132424,PNISR,0.9908673886137246,0.09951941867583029,0.3251222170157382,1.0,0.14005246127344073,0.5824248371791503,0.9994264970432628,0.0,2,False,False
ENSG00000133103,COG6,-0.9908673886137246,-0.5846918753486794,0.3251222170157382,1.0,-0.27606784911234383,0.4476848787461215,0.9994264970432628,0.45336126404781857,2,False,False
ENSG00000138642,HERC6,-0.9908673886137246,-0.35205427839644077,0.3251222170157382,1.0,-0.19416278650537003,0.4471247761646979,0.9994264970432628,0.0,2,False,False
ENSG00000138801,PAPSS1,-0.9908673886137246,-0.5376065891791986,0.3251222170157382,1.0,-0.2825693934342033,0.3559204939203633,0.9994264970432628,0.25134982283526036,3,False,False
ENSG00000143603,KCNN3,-0.9908673886137246,-0.06080996879572469,0.3251222170157382,1.0,-0.4885969486708019,0.32314909419820415,0.9994264970432628,0.6695447159393877,3,False,False
ENSG00000145740,SLC30A5,0.9908673886137246,0.4058594318430062,0.3251222170157382,1.0,0.25722503856108697,0.3523391204007512,0.9994264970432628,0.11477389040948179,2,False,False
ENSG00000151689,INPP1,0.9908673886137246,0.08253481369753177,0.3251222170157382,1.0,0.2028028642357911,0.42612299614758276,0.9994264970432628,0.0,3,False,False
ENSG00000151917,BEND6,0.9908673886137246,0.20635994303381064,0.3251222170157382,1.0,0.28768159160549145,0.48832860207127027,0.9994264970432628,0.5741321521480397,3,False,False
ENSG00000154305,MIA3,0.9908673886137246,0.047610086793632295,0.3251222170157382,1.0,0.2408534192992807,0.47214564819144467,0.9994264970432628,0.36789450647330424,3,False,False
ENSG00000158623,COPG2,0.9908673886137246,0.021281761499755223,0.3251222170157382,1.0,0.21411106802997745,0.5463618549143657,0.9994264970432628,0.43467633628891433,2,False,False
ENSG00000167815,PRDX2,0.9908673886137246,0.22388215145423926,0.3251222170157382,1.0,0.2816355272783041,0.27069057203016444,0.9994264970432628,0.0,3,False,False
ENSG00000169045,HNRNPH1,0.9908673886137246,0.19080715705905502,0.3251222170157382,1.0,0.21978666237898317,0.387911647242114,0.9994264970432628,0.0,4,False,False
ENSG00000171055,FEZ2,0.9908673886137246,0.20528750647038863,0.3251222170157382,1.0,0.309681198761245,0.348882906139685,0.9994264970432628,0.3503876954625826,3,False,False
ENSG00000173726,TOMM20,-0.9908673886137246,-0.2842061035331905,0.3251222170157382,1.0,-0.21216969263564542,0.45590862675778576,0.9994264970432628,0.15871005427723073,2,False,False
ENSG00000174574,AKIRIN1,-0.9908673886137246,-0.39618158812460674,0.3251222170157382,1.0,-0.25905013696332424,0.4379742456653305,0.9994264970432628,0.3639376709977725,2,False,False
ENSG00000185024,BRF1,-0.9908673886137246,-0.21814216842662076,0.3251222170157382,1.0,-0.275841823571644,0.2817512662647679,0.9994264970432628,0.0,4,False,False
ENSG00000198121,LPAR1,0.9908673886137246,0.0849170856697497,0.3251222170157382,1.0,0.1871736191436489,0.46193717567225234,0.9994264970432628,0.0,3,False,False
ENSG00000261824,LINC00662,0.9908673886137246,0.26948409448213034,0.3251222170157382,1.0,0.0973747127347147,0.8179784154048428,0.9994264970432628,0.589960678576129,2,False,False
ENSG00000155975,VPS37A,-0.9839863650816848,-0.4087325426254413,0.32851119892305125,1.0,-0.2102687240575896,0.4089964953129386,0.9994264970432628,0.0,3,False,False
ENSG00000011451,WIZ,0.977105341549645,0.26125296159039646,0.33193469178579604,1.0,0.2725753833617129,0.2837411020565501,0.9994264970432628,0.0,4,False,False
ENSG00000013392,RWDD2A,0.977105341549645,0.5235144292097251,0.33193469178579604,1.0,0.30586225506705333,0.40938033536234153,0.9994264970432628,0.47435836022762756,3,False,False
ENSG00000033327,GAB2,-0.977105341549645,-0.2743600984635865,0.33193469178579604,1.0,-0.47576811087865434,0.2976090919296701,0.9994264970432628,0.6338615219115543,3,False,False
ENSG00000035862,TIMP2,0.977105341549645,0.0669622686641897,0.33193469178579604,1.0,0.38498312364307696,0.36838332320773914,0.9994264970432628,0.5829727382004252,2,False,False
ENSG00000059145,UNKL,0.977105341549645,-0.10808992811429055,0.33193469178579604,1.0,0.2293351477205869,0.5193590583595994,0.9994264970432628,0.4337207613290519,3,False,False
ENSG00000071794,HLTF,-0.977105341549645,-0.44355028307311967,0.33193469178579604,1.0,-0.19844218617935147,0.5735469269499325,0.9994264970432628,0.41725593063979644,3,False,False
ENSG00000077254,USP33,0.977105341549645,-0.18578257330185663,0.33193469178579604,1.0,0.15282589741861674,0.6358194028086956,0.9994264970432628,0.3214811972163173,3,False,False
ENSG00000101236,RNF24,0.977105341549645,0.422015547174791,0.33193469178579604,1.0,0.21890524601541533,0.39382935396054497,0.9994264970432628,0.0,2,False,False
ENSG00000111218,PRMT8,-0.977105341549645,-0.19979203097650314,0.33193469178579604,1.0,-0.2912904615317655,0.34131310180335117,0.9994264970432628,0.24858513861013906,3,False,False
ENSG00000111640,GAPDH,0.977105341549645,0.1542230749113175,0.33193469178579604,1.0,0.16352377136303098,0.5188156115076104,0.9994264970432628,0.0,4,False,False
ENSG00000112062,MAPK14,-0.977105341549645,-0.2074004423106553,0.33193469178579604,1.0,-0.24861529044563724,0.32820972505316504,0.9994264970432628,0.0,4,False,False
ENSG00000112249,ASCC3,-0.977105341549645,-0.14678466594507028,0.33193469178579604,1.0,-0.06491348554026627,0.808425622382986,0.9994264970432628,0.071171494896468,3,False,False
ENSG00000119231,SENP5,0.977105341549645,0.18813772646517213,0.33193469178579604,1.0,0.23477323067200426,0.3591127086393636,0.9994264970432628,0.0,2,False,False
ENSG00000122566,HNRNPA2B1,0.977105341549645,0.05458710357281396,0.33193469178579604,1.0,0.30039495525021576,0.39400322099368257,0.9994264970432628,0.4028159631216414,2,False,False
ENSG00000126012,KDM5C,-0.977105341549645,0.002173565501116405,0.33193469178579604,1.0,-0.15228830953451605,0.562867193160167,0.9994264970432628,0.04303539818524952,3,False,False
ENSG00000135387,CAPRIN1,0.977105341549645,0.0030379375703968948,0.33193469178579604,1.0,0.3644689563654528,0.42210249832306956,0.9994264970432628,0.6254622314593944,3,False,False
ENSG00000145147,SLIT2,0.977105341549645,-0.004080350871440656,0.33193469178579604,1.0,0.24772526698087832,0.5192215009380639,0.9994264970432628,0.5017244791372579,3,False,False
ENSG00000152291,TGOLN2,0.977105341549645,0.09699535142314772,0.33193469178579604,1.0,0.28754943487357953,0.4612216592665873,0.9994264970432628,0.5149561139934312,3,False,False
ENSG00000152700,SAR1B,-0.977105341549645,-0.2893869397806065,0.33193469178579604,1.0,-0.2306138286584314,0.5079538532588408,0.9994264970432628,0.4037270275809162,3,False,False
ENSG00000159199,ATP5MC1,0.977105341549645,0.2413658691533108,0.33193469178579604,1.0,0.25455568451513483,0.31644182265648146,0.9994264970432628,0.0,4,False,False
ENSG00000162191,UBXN1,0.977105341549645,0.27972553179518655,0.33193469178579604,1.0,0.2561455292060979,0.31583146877633916,0.9994264970432628,0.0,3,False,False
ENSG00000177963,RIC8A,-0.977105341549645,-0.021898164985887186,0.33193469178579604,1.0,-0.14390547907968862,0.5726582236364562,0.9994264970432628,0.0,3,False,False
ENSG00000184515,BEX5,-0.977105341549645,-0.35538259452099946,0.33193469178579604,1.0,-0.21178193439726772,0.40915762945712675,0.9994264970432628,0.0,3,False,False
ENSG00000187239,FNBP1,0.977105341549645,0.2407902482686131,0.33193469178579604,1.0,0.17344846006746356,0.49741096149799,0.9994264970432628,0.0,2,False,False
ENSG00000196632,WNK3,-0.977105341549645,-0.2000095691849724,0.33193469178579604,1.0,-0.2912670193046011,0.25324659485755396,0.9994264970432628,0.0,3,False,False
ENSG00000197381,ADARB1,-0.977105341549645,-0.2387600961378537,0.33193469178579604,1.0,-0.1904603098135067,0.5174264280253567,0.9994264970432628,0.2027678559201851,3,False,False
ENSG00000198721,ECI2,-0.977105341549645,-0.22221933087496074,0.33193469178579604,1.0,-0.20690738311274154,0.4524830371784869,0.9994264970432628,0.10744855975217939,3,False,False
ENSG00000198947,DMD,-0.977105341549645,-0.033834692411872654,0.33193469178579604,1.0,-0.12324279090383328,0.6271258053616968,0.9994264970432628,0.0,3,False,False
ENSG00000213699,SLC35F6,-0.977105341549645,0.007064572801019729,0.33193469178579604,1.0,-0.17443430175094835,0.539437216676387,0.9994264970432628,0.15651116756750194,2,False,False
ENSG00000254004,ZNF260,0.977105341549645,-0.018104178511592576,0.33193469178579604,1.0,0.2555626616384645,0.5933863860959842,0.9994264970432628,0.6743992291806101,2,False,False
ENSG00000019505,SYT13,0.9633432944855655,0.22755885350308222,0.3388387371087459,1.0,0.30357546307806876,0.23717780000720445,0.9994264970432628,0.0,3,False,False
ENSG00000051108,HERPUD1,-0.9633432944855655,-0.24591625822951807,0.3388387371087459,1.0,-0.32916558455667366,0.3939928539858816,0.9994264970432628,0.5009865782796331,3,False,False
ENSG00000067715,SYT1,-0.9633432944855655,-0.2710263751652385,0.3388387371087459,1.0,-0.19919588487337786,0.5319881979106933,0.9994264970432628,0.29935492928158064,2,False,False
ENSG00000087053,MTMR2,0.9633432944855655,0.09833064265781284,0.3388387371087459,1.0,0.12600530307533084,0.6201933428857078,0.9994264970432628,0.0,3,False,False
ENSG00000090686,USP48,0.9633432944855655,-0.09284820583567695,0.3388387371087459,1.0,0.17318991406928633,0.518376060271259,0.9994264970432628,0.07067467543777722,2,False,False
ENSG00000102924,CBLN1,-0.9633432944855655,-0.13761146543707703,0.3388387371087459,1.0,-0.3686377720717361,0.45223873146216775,0.9994264970432628,0.651492655066371,3,False,False
ENSG00000108654,DDX5,0.9633432944855655,0.19705450000435462,0.3388387371087459,1.0,0.18660834130958595,0.46440398349108036,0.9994264970432628,0.0,3,False,False
ENSG00000109452,INPP4B,-0.9633432944855655,-0.3634990562646674,0.3388387371087459,1.0,-0.21148561068887295,0.40801035256706586,0.9994264970432628,0.0,3,False,False
ENSG00000115446,UNC50,0.9633432944855655,-0.09840460197665382,0.3388387371087459,1.0,0.22506778069024255,0.582626523138093,0.9994264970432628,0.5537430012885428,3,False,False
ENSG00000118402,ELOVL4,-0.9633432944855655,-0.19377863157126782,0.3388387371087459,1.0,-0.16888726584834485,0.6144009939642916,0.9994264970432628,0.3689436768943889,2,False,False
ENSG00000118855,MFSD1,-0.9633432944855655,-0.10492865309665125,0.3388387371087459,1.0,-0.036993605674718454,0.8839721333183356,0.9994264970432628,0.0,2,False,False
ENSG00000125798,FOXA2,0.9633432944855655,0.16041525759866065,0.3388387371087459,1.0,0.09156879935717002,0.7186216699110572,0.9994264970432628,0.0,2,False,False
ENSG00000125944,HNRNPR,0.9633432944855655,0.11582966844552067,0.3388387371087459,1.0,0.22325876024378669,0.38386702094971026,0.9994264970432628,0.0,4,False,False
ENSG00000136068,FLNB,-0.9633432944855655,-0.279104160312524,0.3388387371087459,1.0,-0.13515736815984158,0.5963680825366914,0.9994264970432628,0.0,2,False,False
ENSG00000138069,RAB1A,0.9633432944855655,0.24352737813544642,0.3388387371087459,1.0,0.27821100889111144,0.2740387719346956,0.9994264970432628,0.0,4,False,False
ENSG00000143061,IGSF3,0.9633432944855655,0.05393547071707477,0.3388387371087459,1.0,0.09782514284679168,0.701839601151182,0.9994264970432628,0.0,2,False,False
ENSG00000143437,ARNT,0.9633432944855655,0.15652751027443038,0.3388387371087459,1.0,0.21899547948140555,0.45343693096867244,0.9994264970432628,0.19293198041945325,2,False,False
ENSG00000147894,C9orf72,-0.9633432944855655,-0.4424084036768692,0.3388387371087459,1.0,-0.26217238653020974,0.3056321867814773,0.9994264970432628,0.0,3,False,False
ENSG00000150403,TMCO3,0.9633432944855655,0.16485011734306088,0.3388387371087459,1.0,0.17313449272251638,0.4987266181018053,0.9994264970432628,0.0,3,False,False
ENSG00000151883,PARP8,-0.9633432944855655,-0.2386989050840513,0.3388387371087459,1.0,-0.244190275912225,0.3379417668880902,0.9994264970432628,0.0,4,False,False
ENSG00000159200,RCAN1,0.9633432944855655,0.06537334361566939,0.3388387371087459,1.0,0.19316212586148762,0.44800823247323573,0.9994264970432628,0.0,3,False,False
ENSG00000159352,PSMD4,-0.9633432944855655,-0.3795117132818302,0.3388387371087459,1.0,-0.16562458085894047,0.5143094899350272,0.9994264970432628,0.0,3,False,False
ENSG00000162909,CAPN2,0.9633432944855655,0.01406090858824135,0.3388387371087459,1.0,0.05595778155597375,0.826730391659793,0.9994264970432628,0.0,2,False,False
ENSG00000164167,LSM6,-0.9633432944855655,-0.09752603281562734,0.3388387371087459,1.0,-0.04769554675741711,0.8512772012890257,0.9994264970432628,0.0,1,False,False
ENSG00000166166,TRMT61A,0.9633432944855655,0.5634107912327216,0.3388387371087459,1.0,0.22514945159982994,0.5029514711916678,0.9994264970432628,0.3660455002485473,3,False,False
ENSG00000167654,ATCAY,0.9633432944855655,0.5129939219743582,0.3388387371087459,1.0,0.23417753623641696,0.35945233793290443,0.9994264970432628,0.0,3,False,False
ENSG00000169288,MRPL1,-0.9633432944855655,-0.2562930599041489,0.3388387371087459,1.0,-0.16637735933970674,0.5163696185285721,0.9994264970432628,0.0,3,False,False
ENSG00000169504,CLIC4,0.9633432944855655,0.1648384077091061,0.3388387371087459,1.0,0.15433030398744715,0.5736454282098755,0.9994264970432628,0.10594093144555608,2,False,False
ENSG00000169760,NLGN1,-0.9633432944855655,-0.3214834365272453,0.3388387371087459,1.0,-0.24188547165672356,0.3425515953627055,0.9994264970432628,0.0,3,False,False
ENSG00000172831,CES2,-0.9633432944855655,-0.18508819899466364,0.3388387371087459,1.0,-0.22212529578677057,0.46183354468057625,0.9994264970432628,0.23974242903270207,2,False,False
ENSG00000184916,JAG2,-0.9633432944855655,-0.09322291984671652,0.3388387371087459,1.0,-0.16617246775741756,0.5126562440019715,0.9994264970432628,0.0,3,False,False
ENSG00000186665,C17orf58,-0.9633432944855655,-0.09422374126179611,0.3388387371087459,1.0,-0.09331624574938446,0.7126517809313551,0.9994264970432628,0.0,3,False,False
ENSG00000187713,TMEM203,-0.9633432944855655,-0.3749612122826029,0.3388387371087459,1.0,-0.3034316429245442,0.23527832093437862,0.9994264970432628,0.0,3,False,False
ENSG00000198055,GRK6,-0.9633432944855655,-0.12144390060325896,0.3388387371087459,1.0,-0.23973859758438246,0.40849615848346355,0.9994264970432628,0.18565305998986212,3,False,False
ENSG00000198586,TLK1,0.9633432944855655,0.4786793961534334,0.3388387371087459,1.0,0.3075081557864849,0.22803973758952412,0.9994264970432628,0.0,3,False,False
ENSG00000198964,SGMS1,-0.9633432944855655,-0.3536769075549422,0.3388387371087459,1.0,-0.21157051910972416,0.4057208930783939,0.9994264970432628,0.0,3,False,False
ENSG00000204070,SYS1,0.9633432944855655,0.0725866792491486,0.3388387371087459,1.0,0.15144955019092474,0.552934332330537,0.9994264970432628,0.0,3,False,False
ENSG00000244005,NFS1,0.9633432944855655,0.1356043547329883,0.3388387371087459,1.0,0.24325510098048025,0.3420371060930958,0.9994264970432628,0.0,3,False,False
ENSG00000260916,CCPG1,-0.9633432944855655,-0.3241257154440429,0.3388387371087459,1.0,-0.17025372932050273,0.555540651996076,0.9994264970432628,0.18001770580045937,2,False,False
ENSG00000132294,EFR3A,0.9564622709535258,0.07404552649005153,0.3423192779688906,1.0,0.20525042511058558,0.434702697996314,0.9994264970432628,0.0377912444477688,2,False,False
ENSG00000159692,CTBP1,0.9564622709535258,0.12451038543806586,0.3423192779688906,1.0,0.20835060904946653,0.41403523483584936,0.9994264970432628,0.0,3,False,False
ENSG00000084090,STARD7,0.9495812474214861,0.09861036946435109,0.3458284704990281,1.0,0.2165981067041593,0.3955730514392064,0.9994264970432628,0.0,2,False,False
ENSG00000164134,NAA15,-0.9495812474214861,-0.3463642019019926,0.3458284704990281,1.0,-0.30000104620948553,0.39813238826180586,0.9994264970432628,0.4289330421733622,1,False,False
ENSG00000019582,CD74,0.9495812474214861,0.2634229274453115,0.34583425882524943,1.0,0.21331226606050088,0.402366463164643,0.9994264970432628,0.0,3,False,False
ENSG00000034053,APBA2,0.9495812474214861,0.26633293184214396,0.34583425882524943,1.0,0.2605320944594323,0.30941350823335767,0.9994264970432628,0.0,3,False,False
ENSG00000067334,DNTTIP2,0.9495812474214861,0.17281683727884375,0.34583425882524943,1.0,0.20511120152239956,0.4210942146883353,0.9994264970432628,0.0,3,False,False
ENSG00000075415,SLC25A3,-0.9495812474214861,-0.16546462453186267,0.34583425882524943,1.0,-0.0913985997083723,0.718241261932874,0.9994264970432628,0.0,3,False,False
ENSG00000077232,DNAJC10,-0.9495812474214861,-0.17281045933633904,0.34583425882524943,1.0,-0.26927795319393893,0.3860579982770218,0.9994264970432628,0.2624075311874424,4,False,False
ENSG00000078687,TNRC6C,0.9495812474214861,0.23580653149147598,0.34583425882524943,1.0,0.25740723829030027,0.31385758354749493,0.9994264970432628,0.0,3,False,False
ENSG00000089335,ZNF302,0.9495812474214861,0.4487001477190793,0.34583425882524943,1.0,0.2735997861243134,0.28630982437238295,0.9994264970432628,0.0,3,False,False
ENSG00000095261,PSMD5,0.9495812474214861,0.060767540107272186,0.34583425882524943,1.0,0.34034833834540873,0.46892874885263724,0.9994264970432628,0.6365455733068242,3,False,False
ENSG00000100142,POLR2F,0.9495812474214861,0.09732118764925363,0.34583425882524943,1.0,0.25233409358600795,0.325789377321146,0.9994264970432628,0.0,3,False,False
ENSG00000101782,RIOK3,-0.9495812474214861,-0.2546591277219042,0.34583425882524943,1.0,-0.28925609523758716,0.2601391457929574,0.9994264970432628,0.0,3,False,False
ENSG00000104131,EIF3J,0.9495812474214861,0.00220163706487001,0.34583425882524943,1.0,0.17268156352098377,0.6625478944205117,0.9994264970432628,0.5378992983309738,3,False,False
ENSG00000104332,SFRP1,0.9495812474214861,0.2182818043492749,0.34583425882524943,1.0,0.32742288457245833,0.23851486109590125,0.9994264970432628,0.11882007685031323,3,False,False
ENSG00000113282,CLINT1,0.9495812474214861,0.38636578762707685,0.34583425882524943,1.0,0.22976679563027913,0.3677260020421148,0.9994264970432628,0.0,3,False,False
ENSG00000119318,RAD23B,-0.9495812474214861,-0.3260961425370507,0.34583425882524943,1.0,-0.21594428766769508,0.4994189078016479,0.9994264970432628,0.31324218474563287,3,False,False
ENSG00000122515,ZMIZ2,-0.9495812474214861,-0.20247472527947152,0.34583425882524943,1.0,-0.2417340999383001,0.34164953162312506,0.9994264970432628,0.0,4,False,False
ENSG00000124191,TOX2,-0.9495812474214861,-0.46308806945551456,0.34583425882524943,1.0,-0.23573162073374684,0.35814431778703526,0.9994264970432628,0.0,3,False,False
ENSG00000124222,STX16,-0.9495812474214861,-0.31593630772671943,0.34583425882524943,1.0,-0.20412409050652217,0.42111240969924635,0.9994264970432628,0.0,4,False,False
ENSG00000125995,ROMO1,0.9495812474214861,0.10909180347368923,0.34583425882524943,1.0,0.16351624919394595,0.5195737675552038,0.9994264970432628,0.0,3,False,False
ENSG00000129187,DCTD,-0.9495812474214861,-0.18923933283305644,0.34583425882524943,1.0,-0.16000858044218488,0.5290302487613003,0.9994264970432628,0.0,3,False,False
ENSG00000132466,ANKRD17,0.9495812474214861,0.15069120405595987,0.34583425882524943,1.0,0.3144526980051497,0.22050661568100183,0.9994264970432628,0.0,3,False,False
ENSG00000137871,ZNF280D,-0.9495812474214861,-0.12097250834006196,0.34583425882524943,1.0,-0.08696257279309606,0.7330537309662136,0.9994264970432628,0.0,2,False,False
ENSG00000138036,DYNC2LI1,-0.9495812474214861,-0.01044888516946744,0.34583425882524943,1.0,-0.20561280985766905,0.5192571861226407,0.9994264970432628,0.30238666563105887,2,False,False
ENSG00000142864,SERBP1,0.9495812474214861,-0.11057577465597368,0.34583425882524943,1.0,0.0864846355147923,0.7535087836026318,0.9994264970432628,0.11073320221133434,3,False,False
ENSG00000146267,FAXC,-0.9495812474214861,0.09229953597260686,0.34583425882524943,1.0,-0.07148738640361721,0.7853429165803687,0.9994264970432628,0.0382287328091804,2,False,False
ENSG00000154380,ENAH,0.9495812474214861,0.08358588727677464,0.34583425882524943,1.0,0.2562600773961303,0.36363940320137433,0.9994264970432628,0.14542059071433272,2,False,False
ENSG00000170915,PAQR8,0.9495812474214861,-0.09415964402703353,0.34583425882524943,1.0,0.10659274995584594,0.7203583599033292,0.9994264970432628,0.22251065664717393,2,False,False
ENSG00000175130,MARCKSL1,0.9495812474214861,0.14082649240670592,0.34583425882524943,1.0,0.1563608920289116,0.5408648240047983,0.9994264970432628,0.0,2,False,False
ENSG00000175575,PAAF1,-0.9495812474214861,-0.44858644071320947,0.34583425882524943,1.0,-0.1890562312016642,0.46055700305352243,0.9994264970432628,0.0,2,False,False
ENSG00000176406,RIMS2,0.9495812474214861,0.25938221011433144,0.34583425882524943,1.0,0.17909238917198975,0.5142368640095085,0.9994264970432628,0.10628927311555139,2,False,False
ENSG00000178974,FBXO34,0.9495812474214861,0.04671119874231585,0.34583425882524943,1.0,0.2188028664690341,0.3940751106288295,0.9994264970432628,0.0,2,False,False
ENSG00000186868,MAPT,0.9495812474214861,0.3311757136474691,0.34583425882524943,1.0,0.1628006279909951,0.7139543300252151,0.9994264970432628,0.6247943594878254,2,False,False
ENSG00000198000,NOL8,0.9495812474214861,0.20067095822458617,0.34583425882524943,1.0,0.21824357531912494,0.39158060870521594,0.9994264970432628,0.0,3,False,False
ENSG00000213341,CHUK,-0.9495812474214861,-0.3922639495960504,0.34583425882524943,1.0,-0.3025371668854483,0.46154402855153054,0.9994264970432628,0.5652039034243614,2,False,False
ENSG00000221983,UBA52,0.9495812474214861,0.2615538328626967,0.34583425882524943,1.0,0.31292118074358094,0.22020801543354251,0.9994264970432628,0.0,4,False,False
ENSG00000065000,AP3D1,-0.9427002238894463,-0.27755618291379297,0.34936050070623703,1.0,-0.28012279613081664,0.2754658721218697,0.9994264970432628,0.0,3,False,False
ENSG00000004766,VPS50,0.9358192003574065,0.11932092726538471,0.3529211266525405,1.0,0.13600041618945455,0.5994420856939509,0.9994264970432628,0.016588285521852947,3,False,False
ENSG00000041357,PSMA4,-0.9358192003574065,-0.3642053525948863,0.3529211266525405,1.0,-0.2279575593010118,0.48374493219727055,0.9994264970432628,0.33510052903426735,3,False,False
ENSG00000058799,YIPF1,0.9358192003574065,-0.0455891396403607,0.3529211266525405,1.0,0.12749402153326925,0.6314295740059677,0.9994264970432628,0.057847065811630675,3,False,False
ENSG00000074201,CLNS1A,0.9358192003574065,0.010687125391981458,0.3529211266525405,1.0,0.13060200857063037,0.6084676031701949,0.9994264970432628,0.0,2,False,False
ENSG00000083457,ITGAE,-0.9358192003574065,-0.25537498726064123,0.3529211266525405,1.0,-0.2637988353019576,0.3035161118649653,0.9994264970432628,0.0,3,False,False
ENSG00000084652,TXLNA,-0.9358192003574065,-0.12063329578158909,0.3529211266525405,1.0,-0.18439093588258992,0.46764125747830465,0.9994264970432628,0.0,3,False,False
ENSG00000090971,NAT14,-0.9358192003574065,-0.24924192075539034,0.3529211266525405,1.0,-0.18836477534920631,0.4607296286732282,0.9994264970432628,0.0,3,False,False
ENSG00000102531,FNDC3A,-0.9358192003574065,-0.3570216951712573,0.3529211266525405,1.0,-0.2540953752900112,0.32127948326625555,0.9994264970432628,0.0,3,False,False
ENSG00000106733,NMRK1,-0.9358192003574065,-0.07598407066747424,0.3529211266525405,1.0,-0.1360832682591026,0.6726172269548125,0.9994264970432628,0.32505217656161967,2,False,False
ENSG00000112981,NME5,-0.9358192003574065,-0.2903649473207238,0.3529211266525405,1.0,-0.2029235061233925,0.42842929614088465,0.9994264970432628,0.0,3,False,False
ENSG00000113141,IK,-0.9358192003574065,-0.17779424405371339,0.3529211266525405,1.0,-0.1382080017083712,0.5855024379599663,0.9994264970432628,0.0,3,False,False
ENSG00000119650,IFT43,0.9358192003574065,0.1325463679952043,0.3529211266525405,1.0,0.18235663879190614,0.4721403005061847,0.9994264970432628,0.0,4,False,False
ENSG00000123213,NLN,0.9358192003574065,-0.009376735683408079,0.3529211266525405,1.0,0.28949578368219575,0.5212440169383726,0.9994264970432628,0.6104909525217568,3,False,False
ENSG00000135503,ACVR1B,-0.9358192003574065,0.06845293683319555,0.3529211266525405,1.0,-0.1778924031842168,0.5661959448446909,0.9994264970432628,0.27519362230069966,3,False,False
ENSG00000135974,C2orf49,-0.9358192003574065,-0.6297507888623344,0.3529211266525405,1.0,-0.2366420823687201,0.3548401376685306,0.9994264970432628,0.0,2,False,False
ENSG00000141232,TOB1,-0.9358192003574065,-0.5012942483499304,0.3529211266525405,1.0,-0.2599496659460157,0.3116122166262546,0.9994264970432628,0.0,3,False,False
ENSG00000143222,UFC1,0.9358192003574065,0.07016105414870659,0.3529211266525405,1.0,0.2179349852457033,0.3952137612851683,0.9994264970432628,0.0,3,False,False
ENSG00000145819,ARHGAP26,0.9358192003574065,0.09143033186232497,0.3529211266525405,1.0,0.22981274309509586,0.4619058312216229,0.9994264970432628,0.27908618368098714,3,False,False
ENSG00000148218,ALAD,0.9358192003574065,0.13651223366896217,0.3529211266525405,1.0,0.2136976856231537,0.4007943173123333,0.9994264970432628,0.0,4,False,False
ENSG00000163867,ZMYM6,0.9358192003574065,0.006797649230825589,0.3529211266525405,1.0,0.18957293743700013,0.49129869237405566,0.9994264970432628,0.10836815171518002,3,False,False
ENSG00000163947,ARHGEF3,0.9358192003574065,0.05729220950905795,0.3529211266525405,1.0,0.1701194214500118,0.6040577903954004,0.9994264970432628,0.34164635733119364,3,False,False
ENSG00000164061,BSN,-0.9358192003574065,-0.22227735351197586,0.3529211266525405,1.0,-0.20207387666482543,0.42743282625910817,0.9994264970432628,0.0,3,False,False
ENSG00000165650,PDZD8,-0.9358192003574065,-0.26573291003696226,0.3529211266525405,1.0,-0.28171311994772774,0.273422245744379,0.9994264970432628,0.0,2,False,False
ENSG00000168234,TTC39C,-0.9358192003574065,-0.2560189532600082,0.3529211266525405,1.0,-0.3059939906913184,0.3872332274425849,0.9994264970432628,0.4137938437621504,2,False,False
ENSG00000168453,HR,-0.9358192003574065,-0.09953170707196622,0.3529211266525405,1.0,-0.2048357357723603,0.4214798709333084,0.9994264970432628,0.0,3,False,False
ENSG00000170852,KBTBD2,0.9358192003574065,0.2852517564234585,0.3529211266525405,1.0,0.2501410945432273,0.3459795113220927,0.9994264970432628,0.050617000270586146,3,False,False
ENSG00000177888,ZBTB41,-0.9358192003574065,-0.3156128454178756,0.3529211266525405,1.0,-0.2081263054429933,0.41446929012230227,0.9994264970432628,0.0,3,False,False
ENSG00000182636,NDN,0.9358192003574065,0.14714734096709753,0.3529211266525405,1.0,0.24540598729768104,0.3367143477615707,0.9994264970432628,0.0,4,False,False
ENSG00000214753,HNRNPUL2,-0.9358192003574065,-0.19884618860052516,0.3529211266525405,1.0,-0.25788672859070955,0.4337719132161826,0.9994264970432628,0.34670787185442004,3,False,False
ENSG00000257727,CNPY2,0.9358192003574065,0.2433557748093746,0.3529211266525405,1.0,0.26925005769690025,0.28952824104378383,0.9994264970432628,0.0,4,False,False
ENSG00000163159,VPS72,0.922057153293327,0.1597953543731077,0.36009340892960595,1.0,0.21491680744476518,0.39785726007156064,0.9994264970432628,0.0,4,False,False
ENSG00000005302,MSL3,0.922057153293327,0.2786143891493215,0.360099173783789,1.0,0.32238882951438924,0.21043736151263615,0.9994264970432628,0.0,3,False,False
ENSG00000040731,CDH10,0.922057153293327,0.14784784675683313,0.360099173783789,1.0,0.1645067571387785,0.5173031038261355,0.9994264970432628,0.0,3,False,False
ENSG00000061938,TNK2,-0.922057153293327,-0.0814794315721661,0.360099173783789,1.0,-0.13523792594071174,0.5944063959793997,0.9994264970432628,0.0,2,False,False
ENSG00000068366,ACSL4,-0.922057153293327,-0.1732575063783567,0.360099173783789,1.0,-0.2057714481124883,0.4725265497247959,0.9994264970432628,0.16797444632863343,2,False,False
ENSG00000100813,ACIN1,0.922057153293327,0.11172399114462107,0.360099173783789,1.0,0.22121975664798849,0.3888338596081038,0.9994264970432628,0.0,2,False,False
ENSG00000100906,NFKBIA,0.922057153293327,0.24396195920943708,0.360099173783789,1.0,0.20603011298784107,0.4182556296819523,0.9994264970432628,0.0,3,False,False
ENSG00000100941,PNN,0.922057153293327,0.20979741335482066,0.360099173783789,1.0,0.2873325579636619,0.2613283342417394,0.9994264970432628,0.0,3,False,False
ENSG00000102225,CDK16,-0.922057153293327,-0.16591630451849032,0.360099173783789,1.0,-0.22925378567712462,0.36937981797141795,0.9994264970432628,0.0,4,False,False
ENSG00000106780,MEGF9,-0.922057153293327,-0.20857261151492584,0.360099173783789,1.0,-0.15303195901423383,0.5475764184249845,0.9994264970432628,0.0,2,False,False
ENSG00000108587,GOSR1,-0.922057153293327,-0.20356684163520625,0.360099173783789,1.0,-0.12215402620238774,0.6315707304793641,0.9994264970432628,0.0,2,False,False
ENSG00000109466,KLHL2,0.922057153293327,0.00510040111259974,0.360099173783789,1.0,0.3123936013313015,0.43082354720543226,0.9994264970432628,0.5338359112297346,2,False,False
ENSG00000112592,TBP,-0.922057153293327,-0.17022643962280287,0.360099173783789,1.0,-0.19267477377939501,0.5243789501938165,0.9994264970432628,0.24083765061073883,3,False,False
ENSG00000114279,FGF12,-0.922057153293327,-0.23536169711417412,0.360099173783789,1.0,-0.22044020765741099,0.38627955043851714,0.9994264970432628,0.0,4,False,False
ENSG00000122550,KLHL7,-0.922057153293327,-0.15102343205797167,0.360099173783789,1.0,-0.1444605082004675,0.5712286977410954,0.9994264970432628,0.0,2,False,False
ENSG00000133687,TMTC1,0.922057153293327,0.1545278275308538,0.360099173783789,1.0,0.14723494988777458,0.564069006031791,0.9994264970432628,0.0,3,False,False
ENSG00000134986,NREP,-0.922057153293327,-0.2884500052978351,0.360099173783789,1.0,-0.3498585147020537,0.3032009593111682,0.9994264970432628,0.3682509733334301,3,False,False
ENSG00000136026,CKAP4,-0.922057153293327,-0.08208446397172421,0.360099173783789,1.0,-0.2340292591185857,0.39432498618340683,0.9994264970432628,0.10574075612817721,3,False,False
ENSG00000145428,RNF175,0.922057153293327,0.0867766844044612,0.360099173783789,1.0,0.2170999907135985,0.46233870958130663,0.9994264970432628,0.20810853593333295,3,False,False
ENSG00000148572,NRBF2,-0.922057153293327,-0.13393761625728282,0.360099173783789,1.0,-0.20733066354404583,0.6270010562591501,0.9994264970432628,0.5846569081025865,3,False,False
ENSG00000152127,MGAT5,-0.922057153293327,0.005424906110067983,0.360099173783789,1.0,-0.1477264475956687,0.6940041026030463,0.9994264970432628,0.47359812506906673,2,False,False
ENSG00000152332,UHMK1,-0.922057153293327,-0.1562388030697572,0.360099173783789,1.0,-0.18615595175768984,0.6038996360286338,0.9994264970432628,0.44226941654839824,2,False,False
ENSG00000152904,GGPS1,0.922057153293327,0.0024062611119864204,0.360099173783789,1.0,0.14126692074294628,0.7992148998470855,0.9994264970432628,0.7532517435751769,2,False,False
ENSG00000155511,GRIA1,-0.922057153293327,0.020281554070938672,0.360099173783789,1.0,-0.16751580340179606,0.5118700653378844,0.9994264970432628,0.0,2,False,False
ENSG00000158445,KCNB1,-0.922057153293327,-0.28175779751021013,0.360099173783789,1.0,-0.19065058029752488,0.4556236531360849,0.9994264970432628,0.0,3,False,False
ENSG00000159445,THEM4,0.922057153293327,0.26287675040575986,0.360099173783789,1.0,0.23153019257527557,0.36407828406875264,0.9994264970432628,0.0,3,False,False
ENSG00000162368,CMPK1,0.922057153293327,0.05292543520872569,0.360099173783789,1.0,0.32660772013815775,0.3594328078828134,0.9994264970432628,0.42035947299905835,3,False,False
ENSG00000162521,RBBP4,0.922057153293327,0.23012309261966876,0.360099173783789,1.0,0.18408812802215,0.4695344511469388,0.9994264970432628,0.0,3,False,False
ENSG00000163904,SENP2,-0.922057153293327,-0.09813989419976006,0.360099173783789,1.0,-0.12872127619830007,0.6962471124003331,0.9994264970432628,0.3450496636213177,2,False,False
ENSG00000165138,ANKS6,0.922057153293327,0.36417067845281087,0.360099173783789,1.0,0.344928778413313,0.17655527772036717,0.9994264970432628,0.0,4,False,False
ENSG00000167700,MFSD3,0.922057153293327,0.23949859428204553,0.360099173783789,1.0,0.26738043235273634,0.294165229895642,0.9994264970432628,0.0,3,False,False
ENSG00000168301,KCTD6,-0.922057153293327,-0.32099315816891,0.360099173783789,1.0,-0.22576724212848434,0.3792597289779237,0.9994264970432628,0.0,3,False,False
ENSG00000178498,DTX3,-0.922057153293327,-0.1828755839784613,0.360099173783789,1.0,-0.21089668393852953,0.4079916413658732,0.9994264970432628,0.0,3,False,False
ENSG00000181610,MRPS23,-0.922057153293327,-0.21322398207346566,0.360099173783789,1.0,-0.08515281168393496,0.7370802557572111,0.9994264970432628,0.0,2,False,False
ENSG00000197694,SPTAN1,0.922057153293327,0.3727766494786295,0.360099173783789,1.0,0.259141699422526,0.31176590272129034,0.9994264970432628,0.0,3,False,False
ENSG00000198483,ANKRD35,-0.922057153293327,-0.1664491420545185,0.360099173783789,1.0,-0.18867027313289728,0.46040770268528897,0.9994264970432628,0.0,3,False,False
ENSG00000198836,OPA1,-0.922057153293327,-0.03206343309037786,0.360099173783789,1.0,-0.14493741495043053,0.5700129419265214,0.9994264970432628,0.0,2,False,False
ENSG00000234616,JRK,-0.922057153293327,-0.2025925580816556,0.360099173783789,1.0,-0.2672249092823621,0.29418980259731187,0.9994264970432628,0.0,4,False,False
ENSG00000116685,KIAA2013,-0.9082951062292475,-0.1768830452319642,0.36736244692205355,1.0,-0.199928531979203,0.4315745147922201,0.9994264970432628,0.0,3,False,False
ENSG00000002919,SNX11,-0.9082951062292475,-0.29777547851684294,0.3673681965100811,1.0,-0.3405975381976529,0.345219382180889,0.9994264970432628,0.44505140561662654,3,False,False
ENSG00000012822,CALCOCO1,-0.9082951062292475,-0.16657096861152698,0.3673681965100811,1.0,-0.18100660786206962,0.4760658300393027,0.9994264970432628,0.0,3,False,False
ENSG00000066777,ARFGEF1,-0.9082951062292475,0.02296503763638631,0.3673681965100811,1.0,-0.10333531063003003,0.6845751196985697,0.9994264970432628,0.0,3,False,False
ENSG00000089048,ESF1,0.9082951062292475,0.21918386865940043,0.3673681965100811,1.0,0.19935950059545904,0.43472963145677923,0.9994264970432628,0.0,3,False,False
ENSG00000089053,ANAPC5,0.9082951062292475,0.11238465168806594,0.3673681965100811,1.0,0.24712140359457016,0.3318823310932827,0.9994264970432628,0.0,3,False,False
ENSG00000101146,RAE1,0.9082951062292475,-0.1388279249295559,0.3673681965100811,1.0,0.07995500361564895,0.7536923086212464,0.9994264970432628,0.0,3,False,False
ENSG00000101596,SMCHD1,-0.9082951062292475,-0.12222835457172555,0.3673681965100811,1.0,-0.08843463059350877,0.7779910685442167,0.9994264970432628,0.2895126811036761,2,False,False
ENSG00000102468,HTR2A,0.9082951062292475,-0.05635788582902268,0.3673681965100811,1.0,0.14809483762541173,0.581812464158946,0.9994264970432628,0.07674650744634043,2,False,False
ENSG00000106278,PTPRZ1,-0.9082951062292475,-0.5855073382010344,0.3673681965100811,1.0,-0.3672601250855794,0.18692753391401196,0.9994264970432628,0.11702309166492511,2,False,False
ENSG00000109339,MAPK10,-0.9082951062292475,-0.03022562187419828,0.3673681965100811,1.0,-0.2156811200022384,0.49954449106155263,0.9994264970432628,0.30588748707723024,2,False,False
ENSG00000110697,PITPNM1,-0.9082951062292475,-0.1826547682777479,0.3673681965100811,1.0,-0.21804095085269717,0.3931459751584666,0.9994264970432628,0.0,3,False,False
ENSG00000110841,PPFIBP1,0.9082951062292475,0.13994700065334453,0.3673681965100811,1.0,0.1805256623925945,0.4801874062431307,0.9994264970432628,0.0,3,False,False
ENSG00000113068,PFDN1,-0.9082951062292475,-0.16163178657422306,0.3673681965100811,1.0,-0.15214129966499781,0.5497013352278772,0.9994264970432628,0.0,3,False,False
ENSG00000114648,KLHL18,0.9082951062292475,0.2665884609057573,0.3673681965100811,1.0,0.17819686375952298,0.4856655798891931,0.9994264970432628,0.0,2,False,False
ENSG00000124784,RIOK1,-0.9082951062292475,-0.023801843675369912,0.3673681965100811,1.0,0.02219069813445983,0.9305055888171324,0.9994264970432628,0.0,2,False,False
ENSG00000132182,NUP210,0.9082951062292475,0.12049582518723068,0.3673681965100811,1.0,0.1564301511274979,0.5410715177924648,0.9994264970432628,0.0,3,False,False
ENSG00000132507,EIF5A,0.9082951062292475,0.1712657970885055,0.3673681965100811,1.0,0.2040822320078598,0.4223696405471342,0.9994264970432628,0.0,4,False,False
ENSG00000133985,TTC9,-0.9082951062292475,-0.08939914628477315,0.3673681965100811,1.0,-0.10330874834946754,0.6841682053736253,0.9994264970432628,0.0,3,False,False
ENSG00000136504,KAT7,0.9082951062292475,-0.13971639188520651,0.3673681965100811,1.0,0.018256567660539486,0.9445853443785339,0.9994264970432628,0.04068585671061893,3,False,False
ENSG00000146416,AIG1,0.9082951062292475,-0.1774106835392312,0.3673681965100811,1.0,0.17296254799936453,0.5784320061706585,0.9994264970432628,0.28020850115164914,3,False,False
ENSG00000148384,INPP5E,0.9082951062292475,0.23373239349553512,0.3673681965100811,1.0,0.1810213473581135,0.47675295687258024,0.9994264970432628,0.0,3,False,False
ENSG00000150625,GPM6A,0.9082951062292475,0.22187779162423094,0.3673681965100811,1.0,0.33471440365696054,0.190099466776378,0.9994264970432628,0.0,4,False,False
ENSG00000151092,NGLY1,0.9082951062292475,0.211020465796299,0.3673681965100811,1.0,0.31904786859795253,0.21277872985530566,0.9994264970432628,0.0,3,False,False
ENSG00000151692,RNF144A,0.9082951062292475,-0.07087280934036545,0.3673681965100811,1.0,0.2317449587823312,0.6039172570370356,0.9994264970432628,0.6276081717753136,2,False,False
ENSG00000163466,ARPC2,0.9082951062292475,-0.055841690236625996,0.3673681965100811,1.0,0.386154677789841,0.49350358590021415,0.9994264970432628,0.7388192381657289,3,False,False
ENSG00000163517,HDAC11,-0.9082951062292475,-0.08108563488889085,0.3673681965100811,1.0,-0.038594464514374,0.8800764490463673,0.9994264970432628,0.0,2,False,False
ENSG00000164398,ACSL6,-0.9082951062292475,-0.35039462135195726,0.3673681965100811,1.0,-0.23832854911846624,0.34822937773934004,0.9994264970432628,0.0,4,False,False
ENSG00000164574,GALNT10,-0.9082951062292475,-0.08608860802872913,0.3673681965100811,1.0,-0.21544097789758082,0.39982201010697227,0.9994264970432628,0.0,3,False,False
ENSG00000166233,ARIH1,0.9082951062292475,0.21145296225619287,0.3673681965100811,1.0,0.3144928510823739,0.2200129140830006,0.9994264970432628,0.0,3,False,False
ENSG00000166266,CUL5,0.9082951062292475,0.5075467837062562,0.3673681965100811,1.0,0.23207444089860496,0.3653022863569465,0.9994264970432628,0.0,2,False,False
ENSG00000170145,SIK2,0.9082951062292475,0.10476727502856664,0.3673681965100811,1.0,0.140901662220448,0.579540517048825,0.9994264970432628,0.0,3,False,False
ENSG00000171720,HDAC3,0.9082951062292475,0.09896716227872715,0.3673681965100811,1.0,0.17152559900333775,0.5055747553462642,0.9994264970432628,0.007588178701277749,2,False,False
ENSG00000174720,LARP7,-0.9082951062292475,-0.3857429272418506,0.3673681965100811,1.0,-0.2722666008731472,0.28659759506124627,0.9994264970432628,0.0,3,False,False
ENSG00000175224,ATG13,-0.9082951062292475,-0.21722368863901503,0.3673681965100811,1.0,-0.1561016575981107,0.5418898125427225,0.9994264970432628,0.0,3,False,False
ENSG00000177181,RIMKLA,-0.9082951062292475,-0.16980014996599857,0.3673681965100811,1.0,-0.33601411258161634,0.3958238747711885,0.9994264970432628,0.5124823585676428,3,False,False
ENSG00000180822,PSMG4,0.9082951062292475,0.25343463151017875,0.3673681965100811,1.0,0.2977770088262651,0.2432032576256704,0.9994264970432628,0.0,3,False,False
ENSG00000184209,SNRNP35,0.9082951062292475,0.05495759075678826,0.3673681965100811,1.0,0.1804224072521442,0.4809480367577945,0.9994264970432628,0.0,2,False,False
ENSG00000185624,P4HB,-0.9082951062292475,0.0691586107035853,0.3673681965100811,1.0,-0.11310986936147607,0.657168673301961,0.9994264970432628,0.0,3,False,False
ENSG00000197043,ANXA6,0.9082951062292475,0.2721189069490877,0.3673681965100811,1.0,0.23002591317510077,0.36494400465016086,0.9994264970432628,0.0,4,False,False
ENSG00000197555,SIPA1L1,-0.9082951062292475,-0.3525084915038803,0.3673681965100811,1.0,-0.3018395575302655,0.2390979002822251,0.9994264970432628,0.0,3,False,False
ENSG00000197601,FAR1,-0.9082951062292475,-0.21062144719555204,0.3673681965100811,1.0,-0.20603409785672705,0.42098638307300906,0.9994264970432628,0.0,3,False,False
ENSG00000233016,SNHG7,-0.9082951062292475,-0.2703775043160916,0.3673681965100811,1.0,-0.2335653772972408,0.3613026919287535,0.9994264970432628,0.0,3,False,False
ENSG00000017260,ATP2C1,0.894533059165168,0.22573663175244327,0.37472795386566793,1.0,0.22487949748536892,0.3768869637707165,0.9994264970432628,0.0,3,False,False
ENSG00000021574,SPAST,-0.894533059165168,-0.30484197244501404,0.37472795386566793,1.0,-0.1890441277591107,0.6359229368272536,0.9994264970432628,0.5432226616350084,2,False,False
ENSG00000060491,OGFR,0.894533059165168,0.08167690721683919,0.37472795386566793,1.0,0.17600794520231805,0.49006586523246387,0.9994264970432628,0.0,2,False,False
ENSG00000067445,TRO,0.894533059165168,0.21665322556486097,0.37472795386566793,1.0,0.1960380859715252,0.44267615424324225,0.9994264970432628,0.0,3,False,False
ENSG00000084733,RAB10,-0.894533059165168,-0.28625520932645104,0.37472795386566793,1.0,-0.15980611902236821,0.5291490924308527,0.9994264970432628,0.0,3,False,False
ENSG00000087263,OGFOD1,0.894533059165168,0.00263592035503381,0.37472795386566793,1.0,0.13891368441917884,0.5845730665205986,0.9994264970432628,0.0,3,False,False
ENSG00000088543,C3orf18,-0.894533059165168,-0.15733621513414384,0.37472795386566793,1.0,-0.17337557068521475,0.4946782772594289,0.9994264970432628,0.0,4,False,False
ENSG00000099968,BCL2L13,-0.894533059165168,-0.06949361225636312,0.37472795386566793,1.0,-0.14006128526658934,0.5825221813934036,0.9994264970432628,0.0,4,False,False
ENSG00000100364,KIAA0930,0.894533059165168,0.1516741286546328,0.37472795386566793,1.0,0.24909090187188018,0.3268059761322586,0.9994264970432628,0.0,4,False,False
ENSG00000103769,RAB11A,-0.894533059165168,-0.31074583453507676,0.37472795386566793,1.0,-0.16964275615794314,0.5050306984369668,0.9994264970432628,0.0,3,False,False
ENSG00000104231,ZFAND1,-0.894533059165168,-0.535058458844125,0.37472795386566793,1.0,-0.2449597948746657,0.34484994812351943,0.9994264970432628,0.015017591968002512,3,False,False
ENSG00000104723,TUSC3,0.894533059165168,0.037139820143894185,0.37472795386566793,1.0,0.2292207146300092,0.37091530937711603,0.9994264970432628,0.0,3,False,False
ENSG00000105202,FBL,0.894533059165168,0.16108648945067675,0.37472795386566793,1.0,0.3195545459692367,0.46793789457727364,0.9994264970432628,0.6127694679108345,3,False,False
ENSG00000107771,CCSER2,-0.894533059165168,-0.4207097854087164,0.37472795386566793,1.0,-0.5035305079123487,0.36819472119002716,0.9994264970432628,0.7436138135464101,2,False,False
ENSG00000113161,HMGCR,-0.894533059165168,-0.28856096411698084,0.37472795386566793,1.0,-0.13371035257286668,0.6176262513030752,0.9994264970432628,0.07051923781158954,2,False,False
ENSG00000126970,ZC4H2,-0.894533059165168,-0.1966817737062199,0.37472795386566793,1.0,-0.2066737903581896,0.41637239974305806,0.9994264970432628,0.0,3,False,False
ENSG00000127914,AKAP9,0.894533059165168,0.3493626139861901,0.37472795386566793,1.0,0.2820878243582014,0.26873776425063567,0.9994264970432628,0.0,2,False,False
ENSG00000128203,ASPHD2,0.894533059165168,0.2185156906892651,0.37472795386566793,1.0,0.28858405638676704,0.2593775845852069,0.9994264970432628,0.0,2,False,False
ENSG00000132388,UBE2G1,-0.894533059165168,0.044417237385063445,0.37472795386566793,1.0,-0.4571510035428236,0.4360224246728538,0.9994264970432628,0.7634105604323886,2,False,False
ENSG00000134504,KCTD1,0.894533059165168,0.11580528732384743,0.37472795386566793,1.0,0.11792392059611158,0.6427413201575087,0.9994264970432628,0.0,2,False,False
ENSG00000134686,PHC2,-0.894533059165168,-0.1511243457370944,0.37472795386566793,1.0,-0.21706152895426434,0.3923496318929691,0.9994264970432628,0.0,4,False,False
ENSG00000135549,PKIB,0.894533059165168,0.11092222606567106,0.37472795386566793,1.0,0.1985525171680935,0.43863823861883966,0.9994264970432628,0.0,3,False,False
ENSG00000136827,TOR1A,-0.894533059165168,-0.44758247735383067,0.37472795386566793,1.0,-0.23059388619575671,0.36770469303580433,0.9994264970432628,0.0,3,False,False
ENSG00000139624,CERS5,0.894533059165168,0.07308874002133244,0.37472795386566793,1.0,0.1910948653669753,0.45471968877471103,0.9994264970432628,0.0,3,False,False
ENSG00000142623,PADI1,-0.894533059165168,-0.1871954900048517,0.37472795386566793,1.0,-0.20231798978239487,0.5298980965691904,0.9994264970432628,0.3214207297617676,2,False,False
ENSG00000144959,NCEH1,-0.894533059165168,-0.31616491274664404,0.37472795386566793,1.0,-0.2941456221142249,0.5553017539331346,0.9994264970432628,0.6902177121392074,3,False,False
ENSG00000156239,N6AMT1,0.894533059165168,0.16161511627180017,0.37472795386566793,1.0,0.2021157556929023,0.4362901765987136,0.9994264970432628,0.017901108376913617,3,False,False
ENSG00000162076,FLYWCH2,0.894533059165168,0.4477517853895749,0.37472795386566793,1.0,0.2502527266780427,0.3291272426387549,0.9994264970432628,0.0,3,False,False
ENSG00000165322,ARHGAP12,0.894533059165168,0.35854217089417184,0.37472795386566793,1.0,0.20322019628750962,0.4269499186414336,0.9994264970432628,0.0,3,False,False
ENSG00000166224,SGPL1,0.894533059165168,0.012969858894717756,0.37472795386566793,1.0,0.06720739313932188,0.7916755280480245,0.9994264970432628,0.0,2,False,False
ENSG00000167972,ABCA3,-0.894533059165168,-0.07798060595166098,0.37472795386566793,1.0,-0.11246474656061106,0.6574624701093977,0.9994264970432628,0.0,4,False,False
ENSG00000171222,SCAND1,-0.894533059165168,-0.19605444855863893,0.37472795386566793,1.0,-0.22095988982554038,0.3891814637812905,0.9994264970432628,0.0,2,False,False
ENSG00000173065,FAM222B,0.894533059165168,0.05670009714227313,0.37472795386566793,1.0,0.1433924599376115,0.5729486127437077,0.9994264970432628,0.0,3,False,False
ENSG00000177951,BET1L,-0.894533059165168,-0.2567945418176265,0.37472795386566793,1.0,-0.21320536762018638,0.4034496625091297,0.9994264970432628,0.0,3,False,False
ENSG00000179431,FJX1,-0.894533059165168,-0.2713726376886004,0.37472795386566793,1.0,-0.25132218490800085,0.395800894982818,0.9994264970432628,0.2118381688270076,2,False,False
ENSG00000179958,DCTPP1,-0.894533059165168,-0.4408759768142139,0.37472795386566793,1.0,-0.17445460722015216,0.49611515742225365,0.9994264970432628,0.0,2,False,False
ENSG00000180182,MED14,0.894533059165168,0.10964723524472615,0.37472795386566793,1.0,0.30748730257266305,0.398267976466111,0.9994264970432628,0.43685926719284546,2,False,False
ENSG00000185808,PIGP,0.894533059165168,0.08484978245989543,0.37472795386566793,1.0,0.16370853163503596,0.5448754887728342,0.9994264970432628,0.08411300598772,3,False,False
ENSG00000198837,DENND4B,0.894533059165168,0.15291027241975164,0.37472795386566793,1.0,0.26766008233050975,0.38212983292872504,0.9994264970432628,0.2567639128921742,3,False,False
ENSG00000219545,UMAD1,0.894533059165168,0.16948908294197873,0.37472795386566793,1.0,0.3792414261559315,0.32512152274801853,0.9994264970432628,0.4943593173801451,3,False,False
ENSG00000221914,PPP2R2A,-0.894533059165168,-0.5822857449682818,0.37472795386566793,1.0,-0.2155718119518076,0.4988180020534261,0.9994264970432628,0.3086479478428193,2,False,False
ENSG00000100632,ERH,0.8876520356331282,0.09833275702410373,0.3784360502416856,1.0,0.21640409041637676,0.3941881477214969,0.9994264970432628,0.0,4,False,False
ENSG00000122873,CISD1,0.8876520356331282,0.10280400800023994,0.3784360502416856,1.0,0.23949516258559564,0.4229947320989724,0.9994264970432628,0.22698380015724362,3,False,False
ENSG00000124193,SRSF6,0.8876520356331282,0.10796997868100806,0.3784360502416856,1.0,0.4235733243102398,0.4290131283676015,0.9994264970432628,0.7143369114101745,2,False,False
ENSG00000112320,SOBP,0.8807710121010885,-0.083478032145256,0.38217245540647227,1.0,0.1598993883475143,0.6659629427092835,0.9994264970432628,0.47448647801864874,2,False,False
ENSG00000001497,LAS1L,-0.8807710121010885,-0.14257849461592628,0.38217816729711407,1.0,-0.1919820170321719,0.4493659226361353,0.9994264970432628,0.0,3,False,False
ENSG00000006007,GDE1,-0.8807710121010885,-0.27062818076451123,0.38217816729711407,1.0,-0.1919488514858022,0.4521296046398614,0.9994264970432628,0.0,3,False,False
ENSG00000033122,LRRC7,-0.8807710121010885,-0.355969924529392,0.38217816729711407,1.0,-0.2803904644032549,0.27144073652490663,0.9994264970432628,0.0,3,False,False
ENSG00000034152,MAP2K3,0.8807710121010885,0.24207047090170633,0.38217816729711407,1.0,0.26330224811038333,0.3709563126707297,0.9994264970432628,0.20368752998096928,2,False,False
ENSG00000067836,ROGDI,-0.8807710121010885,-0.06209786265121657,0.38217816729711407,1.0,-0.12167043343095812,0.6309297063276267,0.9994264970432628,0.0,3,False,False
ENSG00000071537,SEL1L,0.8807710121010885,0.05220307556091616,0.38217816729711407,1.0,0.10136929790965707,0.8141927042434371,0.9994264970432628,0.6029217945424878,2,False,False
ENSG00000080189,SLC35C2,-0.8807710121010885,-0.16323853415429082,0.38217816729711407,1.0,-0.20486375839900042,0.42248360859755607,0.9994264970432628,0.0,3,False,False
ENSG00000083520,DIS3,-0.8807710121010885,-0.28751466704498685,0.38217816729711407,1.0,-0.2587759665872409,0.36098808089476087,0.9994264970432628,0.1475675798578756,3,False,False
ENSG00000099308,MAST3,-0.8807710121010885,-0.3326221533308735,0.38217816729711407,1.0,-0.22484967568596445,0.40614846571895513,0.9994264970432628,0.08403538255603196,2,False,False
ENSG00000099901,RANBP1,-0.8807710121010885,-0.3309202806311243,0.38217816729711407,1.0,-0.1795405063500667,0.5874613147798606,0.9994264970432628,0.35665255732219786,1,False,False
ENSG00000102547,CAB39L,-0.8807710121010885,-0.3141884511516365,0.38217816729711407,1.0,-0.4591378689664384,0.33514534464752166,0.9994264970432628,0.6537173565803353,2,False,False
ENSG00000105379,ETFB,-0.8807710121010885,-0.41777924425979446,0.38217816729711407,1.0,-0.23723339706884386,0.35369390462776085,0.9994264970432628,0.0,2,False,False
ENSG00000106609,TMEM248,0.8807710121010885,0.10305414082062246,0.38217816729711407,1.0,0.2999593391567848,0.24251826106710106,0.9994264970432628,0.0,3,False,False
ENSG00000107263,RAPGEF1,-0.8807710121010885,-0.16322247066088746,0.38217816729711407,1.0,-0.23433784317505074,0.44492493866628113,0.9994264970432628,0.2600073075389825,2,False,False
ENSG00000107897,ACBD5,-0.8807710121010885,-0.39288810704660276,0.38217816729711407,1.0,-0.28594816755158986,0.2630623252988503,0.9994264970432628,0.0,2,False,False
ENSG00000109184,DCUN1D4,-0.8807710121010885,-0.226275187005408,0.38217816729711407,1.0,-0.13713660134198596,0.6492086849476602,0.9994264970432628,0.24066601331888313,2,False,False
ENSG00000109390,NDUFC1,0.8807710121010885,0.06670291734143394,0.38217816729711407,1.0,0.22146895874917003,0.3862120928879098,0.9994264970432628,0.0,3,False,False
ENSG00000113851,CRBN,-0.8807710121010885,-0.26441686269478626,0.38217816729711407,1.0,-0.25019649812670036,0.4905825677357958,0.9994264970432628,0.4534065705728272,3,False,False
ENSG00000116044,NFE2L2,0.8807710121010885,0.11482488104403447,0.38217816729711407,1.0,0.18916677619496086,0.45705432073177876,0.9994264970432628,0.0,3,False,False
ENSG00000121413,ZSCAN18,-0.8807710121010885,-0.3856472932164362,0.38217816729711407,1.0,-0.24182219092294993,0.4509922149470489,0.9994264970432628,0.31294904754791625,2,False,False
ENSG00000126883,NUP214,-0.8807710121010885,-0.21481899883263064,0.38217816729711407,1.0,-0.27067723348892064,0.28887236215196543,0.9994264970432628,0.0,3,False,False
ENSG00000126945,HNRNPH2,-0.8807710121010885,-0.2678774616041402,0.38217816729711407,1.0,-0.1880161660100018,0.4606748691241709,0.9994264970432628,0.0,2,False,False
ENSG00000134014,ELP3,-0.8807710121010885,-0.4551227205230862,0.38217816729711407,1.0,-0.2493247772099063,0.3282456606119647,0.9994264970432628,0.0,3,False,False
ENSG00000137166,FOXP4,0.8807710121010885,0.14549143890617355,0.38217816729711407,1.0,0.199103403055831,0.43453854420606064,0.9994264970432628,0.0,3,False,False
ENSG00000138381,ASNSD1,-0.8807710121010885,-0.41399941329385115,0.38217816729711407,1.0,-0.16753243859176056,0.5912176096482517,0.9994264970432628,0.28207080749825225,2,False,False
ENSG00000140365,COMMD4,-0.8807710121010885,0.13464619200658012,0.38217816729711407,1.0,-0.30492511362724223,0.47651329679220833,0.9994264970432628,0.5958567745436703,3,False,False
ENSG00000141759,TXNL4A,-0.8807710121010885,-0.24102480232013365,0.38217816729711407,1.0,-0.20590722600716413,0.42239884605320566,0.9994264970432628,0.0,2,False,False
ENSG00000144674,GOLGA4,-0.8807710121010885,-0.14540072108188595,0.38217816729711407,1.0,-0.1279329364055665,0.6167188873862148,0.9994264970432628,0.0,3,False,False
ENSG00000144895,EIF2A,-0.8807710121010885,-0.25178940384890597,0.38217816729711407,1.0,-0.2231488357924879,0.37917884777762245,0.9994264970432628,0.0,4,False,False
ENSG00000145349,CAMK2D,-0.8807710121010885,0.02395220232178459,0.38217816729711407,1.0,-0.3521829938037903,0.4222164095002552,0.9994264970432628,0.5869199334882024,3,False,False
ENSG00000151693,ASAP2,-0.8807710121010885,-0.23788568798772255,0.38217816729711407,1.0,-0.20804885031152176,0.41409889293504876,0.9994264970432628,0.0,3,False,False
ENSG00000152795,HNRNPDL,0.8807710121010885,0.014476607557621807,0.38217816729711407,1.0,0.19341342279322774,0.4489978699802686,0.9994264970432628,0.0,3,False,False
ENSG00000161980,POLR3K,0.8807710121010885,0.37286043291884163,0.38217816729711407,1.0,0.23866939744225021,0.5154562007394422,0.9994264970432628,0.46249761759398417,3,False,False
ENSG00000163346,PBXIP1,0.8807710121010885,0.23973801626987,0.38217816729711407,1.0,0.1638836410958725,0.5600419165407711,0.9994264970432628,0.1434147110028474,3,False,False
ENSG00000164111,ANXA5,0.8807710121010885,0.127638088675267,0.38217816729711407,1.0,0.17180309321463913,0.4986010022949251,0.9994264970432628,0.0,3,False,False
ENSG00000164172,MOCS2,0.8807710121010885,0.13884604661175518,0.38217816729711407,1.0,0.2481249513352154,0.5255520075956048,0.9994264970432628,0.5254146007196396,3,False,False
ENSG00000168137,SETD5,0.8807710121010885,0.1486644292504125,0.38217816729711407,1.0,0.23341327904238207,0.46466541963858377,0.9994264970432628,0.31247256856018213,2,False,False
ENSG00000168522,FNTA,-0.8807710121010885,-0.0329272717787767,0.38217816729711407,1.0,-0.1009925300163297,0.7267594346945422,0.9994264970432628,0.17965849487518554,3,False,False
ENSG00000169006,NTSR2,-0.8807710121010885,-0.30936519970086,0.38217816729711407,1.0,-0.14379751865137244,0.7621540803777038,0.9994264970432628,0.6527658240016885,2,False,False
ENSG00000170542,SERPINB9,-0.8807710121010885,-0.2724157632383838,0.38217816729711407,1.0,-0.2419835587538236,0.34345335332711413,0.9994264970432628,0.0,2,False,False
ENSG00000171004,HS6ST2,-0.8807710121010885,-0.15390313419486093,0.38217816729711407,1.0,-0.10628203884994554,0.7608830535962643,0.9994264970432628,0.4170895238577146,3,False,False
ENSG00000171223,JUNB,0.8807710121010885,0.2529425280920424,0.38217816729711407,1.0,0.17826250318987316,0.6131426689220851,0.9994264970432628,0.42583169794653014,2,False,False
ENSG00000174521,TTC9B,0.8807710121010885,0.3223497337977252,0.38217816729711407,1.0,0.29814822582651074,0.24336466934559342,0.9994264970432628,0.0,3,False,False
ENSG00000196911,KPNA5,-0.8807710121010885,-0.14861644021794335,0.38217816729711407,1.0,-0.2119184745462986,0.41467435564488475,0.9994264970432628,0.01879544976383914,2,False,False
ENSG00000203705,TATDN3,0.8807710121010885,0.032960120684975606,0.38217816729711407,1.0,0.140241278844602,0.6538143119261914,0.9994264970432628,0.278254285052521,3,False,False
ENSG00000214022,REPIN1,0.8807710121010885,-0.1571199453540554,0.38217816729711407,1.0,0.09794018673731252,0.8107411635396654,0.9994264970432628,0.5651872326979605,2,False,False
ENSG00000231721,LINC-PINT,0.8807710121010885,0.18599046676839479,0.38217816729711407,1.0,0.1666617450331658,0.5111920784341926,0.9994264970432628,0.0,3,False,False
ENSG00000253729,PRKDC,-0.8807710121010885,-0.12174622710694048,0.38217816729711407,1.0,-0.07075108645731998,0.7818212884327691,0.9994264970432628,0.0,1,False,False
ENSG00000172348,RCAN2,0.867008965037009,0.27320581489343626,0.3896957617423058,1.0,0.25984704990426416,0.3076983328201589,0.9994264970432628,0.0,3,False,False
ENSG00000023734,STRAP,-0.867008965037009,-0.12717475568918699,0.38971852035696974,1.0,-0.24336064992837983,0.3414454053703987,0.9994264970432628,0.0,4,False,False
ENSG00000043093,DCUN1D1,-0.867008965037009,-0.15603113801727775,0.38971852035696974,1.0,-0.26018552121703253,0.3080175152460969,0.9994264970432628,0.0,4,False,False
ENSG00000047579,DTNBP1,0.867008965037009,0.33931744550460136,0.38971852035696974,1.0,0.2407666724349983,0.3450022711910655,0.9994264970432628,0.0,3,False,False
ENSG00000071626,DAZAP1,0.867008965037009,0.06202285078382376,0.38971852035696974,1.0,0.13617747545183895,0.5919775753149215,0.9994264970432628,0.0,1,False,False
ENSG00000075618,FSCN1,0.867008965037009,0.032739255578321726,0.38971852035696974,1.0,0.1257065273696557,0.6206994886136206,0.9994264970432628,0.0,2,False,False
ENSG00000101421,CHMP4B,-0.867008965037009,-0.20077701468571554,0.38971852035696974,1.0,-0.23657453156181796,0.3513309140149605,0.9994264970432628,0.0,4,False,False
ENSG00000106976,DNM1,0.867008965037009,0.5811468149253545,0.38971852035696974,1.0,0.2533165436449095,0.36323573140390486,0.9994264970432628,0.12255125666937595,3,False,False
ENSG00000107829,FBXW4,0.867008965037009,0.22950187659475166,0.38971852035696974,1.0,0.12466236426051401,0.624350000168315,0.9994264970432628,0.0,3,False,False
ENSG00000113552,GNPDA1,0.867008965037009,-0.3142459576986351,0.38971852035696974,1.0,0.04873784918692681,0.8755054637995797,0.9994264970432628,0.2822900796380076,2,False,False
ENSG00000113597,TRAPPC13,-0.867008965037009,-0.3396251340310418,0.38971852035696974,1.0,-0.25188815572222084,0.3265945714405666,0.9994264970432628,0.0,2,False,False
ENSG00000117751,PPP1R8,-0.867008965037009,-0.37095454547555157,0.38971852035696974,1.0,-0.15062613559586988,0.5560762973942182,0.9994264970432628,0.0,1,False,False
ENSG00000117906,RCN2,0.867008965037009,0.07385670956485889,0.38971852035696974,1.0,0.11431148843455351,0.7289613609538717,0.9994264970432628,0.3534120457979599,3,False,False
ENSG00000118946,PCDH17,-0.867008965037009,-0.2288464038974068,0.38971852035696974,1.0,-0.17596610712979938,0.4886118920337613,0.9994264970432628,0.0,3,False,False
ENSG00000121671,CRY2,-0.867008965037009,-0.1050447839162694,0.38971852035696974,1.0,-0.19319048728081212,0.44753042649378194,0.9994264970432628,0.0,3,False,False
ENSG00000121769,FABP3,-0.867008965037009,-0.35770883916616125,0.38971852035696974,1.0,-0.2588887989236509,0.4418554311021331,0.9994264970432628,0.37039722380962165,3,False,False
ENSG00000123106,CCDC91,-0.867008965037009,-0.26460411823342955,0.38971852035696974,1.0,-0.13651430101186657,0.7071763779098568,0.9994264970432628,0.4576333851754976,2,False,False
ENSG00000125827,TMX4,0.867008965037009,0.14539193096872474,0.38971852035696974,1.0,0.37687110782247163,0.3200183573352122,0.9994264970432628,0.4765072270956412,3,False,False
ENSG00000126756,UXT,0.867008965037009,0.11652580426000386,0.38971852035696974,1.0,0.16876614561823572,0.5079578217681026,0.9994264970432628,0.0,3,False,False
ENSG00000130226,DPP6,-0.867008965037009,-0.2611934930460208,0.38971852035696974,1.0,-0.19104481540029572,0.4529210356420338,0.9994264970432628,0.0,3,False,False
ENSG00000130764,LRRC47,-0.867008965037009,-0.3924548317255328,0.38971852035696974,1.0,-0.17513343716557625,0.49292564170702413,0.9994264970432628,0.0,3,False,False
ENSG00000135341,MAP3K7,0.867008965037009,0.09768614512957699,0.38971852035696974,1.0,0.19882826452263425,0.43551875977955345,0.9994264970432628,0.0,4,False,False
ENSG00000136720,HS6ST1,0.867008965037009,-0.03883796634077317,0.38971852035696974,1.0,0.06398090611416841,0.8069977269411646,0.9994264970432628,0.03653222258088521,2,False,False
ENSG00000136824,SMC2,0.867008965037009,0.3324657694260181,0.38971852035696974,1.0,0.311951493619928,0.22255780287811022,0.9994264970432628,0.0,3,False,False
ENSG00000138035,PNPT1,-0.867008965037009,-0.07687866459282908,0.38971852035696974,1.0,-0.14000783915167012,0.5826301807881464,0.9994264970432628,0.0,3,False,False
ENSG00000139684,ESD,0.867008965037009,-0.10055443966151659,0.38971852035696974,1.0,0.10344951646495636,0.7290488520591243,0.9994264970432628,0.22517375908300685,3,False,False
ENSG00000142186,SCYL1,-0.867008965037009,-0.08407955835757291,0.38971852035696974,1.0,-0.2081516936783783,0.444759954224738,0.9994264970432628,0.09007336326121483,3,False,False
ENSG00000143384,MCL1,0.867008965037009,0.18774638709760244,0.38971852035696974,1.0,0.18056046371625617,0.6568884408706642,0.9994264970432628,0.5577446030432176,3,False,False
ENSG00000149600,COMMD7,0.867008965037009,0.14705403638507294,0.38971852035696974,1.0,0.06759815233796045,0.7904973980401868,0.9994264970432628,0.0,2,False,False
ENSG00000151135,TMEM263,0.867008965037009,0.04970116611648487,0.38971852035696974,1.0,0.20907570069257214,0.4147366617053114,0.9994264970432628,0.0,3,False,False
ENSG00000154122,ANKH,-0.867008965037009,-0.17416982814621873,0.38971852035696974,1.0,-0.1581344242083325,0.5361808107802715,0.9994264970432628,0.0,3,False,False
ENSG00000155463,OXA1L,-0.867008965037009,0.018107727656332513,0.38971852035696974,1.0,-0.12503979328005335,0.6827988772360234,0.9994264970432628,0.2516633657716563,3,False,False
ENSG00000155849,ELMO1,-0.867008965037009,-0.2581828333127676,0.38971852035696974,1.0,-0.17753491386321546,0.48785305691287073,0.9994264970432628,0.0,3,False,False
ENSG00000158062,UBXN11,0.867008965037009,0.37965122071153634,0.38971852035696974,1.0,0.30469447793021115,0.23502887429444763,0.9994264970432628,0.0,3,False,False
ENSG00000158987,RAPGEF6,0.867008965037009,0.19957887047078499,0.38971852035696974,1.0,0.14122784037435127,0.5802805010130215,0.9994264970432628,0.0,2,False,False
ENSG00000160746,ANO10,-0.867008965037009,-0.06618118015510803,0.38971852035696974,1.0,-0.1839493604332112,0.46981347627118575,0.9994264970432628,0.0,3,False,False
ENSG00000163900,TMEM41A,-0.867008965037009,-0.36302196403775194,0.38971852035696974,1.0,-0.23545557991319999,0.35715236492926805,0.9994264970432628,0.0,3,False,False
ENSG00000164970,FAM219A,0.867008965037009,0.2702201374464062,0.38971852035696974,1.0,0.200546238826123,0.45036755391078775,0.9994264970432628,0.05497979636395827,2,False,False
ENSG00000166452,AKIP1,-0.867008965037009,-0.2430841218778487,0.38971852035696974,1.0,-0.33429073731778314,0.3038691579337721,0.9994264970432628,0.32819352831661674,2,False,False
ENSG00000166900,STX3,0.867008965037009,-0.18572041403779285,0.38971852035696974,1.0,0.14354224135372107,0.6953253032235366,0.9994264970432628,0.4606378368960876,2,False,False
ENSG00000169217,CD2BP2,-0.867008965037009,-0.19976795416147633,0.38971852035696974,1.0,-0.3039254751760807,0.42874677388873383,0.9994264970432628,0.5016914177067022,2,False,False
ENSG00000169862,CTNND2,-0.867008965037009,-0.1610668179862724,0.38971852035696974,1.0,-0.19155477223827835,0.45348120689204074,0.9994264970432628,0.0,2,False,False
ENSG00000170248,PDCD6IP,-0.867008965037009,-0.13167220739108176,0.38971852035696974,1.0,-0.14424852132100555,0.6036253571397238,0.9994264970432628,0.12137194358304716,2,False,False
ENSG00000175782,SLC35E3,-0.867008965037009,-0.27956135089073625,0.38971852035696974,1.0,-0.13553321607422172,0.5960624903287786,0.9994264970432628,0.0,3,False,False
ENSG00000185722,ANKFY1,-0.867008965037009,-0.3308669598784528,0.38971852035696974,1.0,-0.2913098534780983,0.25196604514563614,0.9994264970432628,0.0,4,False,False
ENSG00000189369,GSPT2,0.867008965037009,-0.07009962789501618,0.38971852035696974,1.0,0.10882301329346376,0.669325668154044,0.9994264970432628,0.0,3,False,False
ENSG00000197442,MAP3K5,-0.867008965037009,-0.1898156310864591,0.38971852035696974,1.0,-0.22970133176605995,0.4079047183679213,0.9994264970432628,0.11885092781802702,3,False,False
ENSG00000221866,PLXNA4,0.867008965037009,0.12915744282804467,0.38971852035696974,1.0,0.22278358792359862,0.3833921345759441,0.9994264970432628,0.0,3,False,False
ENSG00000142319,SLC6A3,-0.8601279415049693,-0.41522263737683635,0.39350535763502204,1.0,-0.2927063565805863,0.2539396765668547,0.9994264970432628,0.0,3,False,False
ENSG00000163590,PPM1L,-0.8601279415049693,-0.49750333036805244,0.3935167126507061,1.0,-0.28180612419910506,0.26933719984744275,0.9994264970432628,0.0,4,False,False
ENSG00000106605,BLVRA,-0.8532469179729295,-0.2455993185813945,0.39734299390416694,1.0,-0.11534392360166582,0.6518642503613081,0.9994264970432628,0.0,2,False,False
ENSG00000003147,ICA1,-0.8532469179729295,-0.29811993003001924,0.39734865842255196,1.0,-0.23993450914481695,0.3464080343633543,0.9994264970432628,0.0,3,False,False
ENSG00000062598,ELMO2,0.8532469179729295,-0.011715560565548894,0.39734865842255196,1.0,0.1754944044971382,0.4913186268006424,0.9994264970432628,0.0,3,False,False
ENSG00000068878,PSME4,0.8532469179729295,0.32907042577278084,0.39734865842255196,1.0,0.2653865509288616,0.30039769050765686,0.9994264970432628,0.0,3,False,False
ENSG00000074695,LMAN1,0.8532469179729295,0.08659458001940896,0.39734865842255196,1.0,0.20371005190668492,0.424750821100512,0.9994264970432628,0.0,3,False,False
ENSG00000085382,HACE1,-0.8532469179729295,0.16377461388505327,0.39734865842255196,1.0,-0.1416273117590008,0.6580388835188715,0.9994264970432628,0.31300982744949624,3,False,False
ENSG00000086758,HUWE1,-0.8532469179729295,-0.12739549683035611,0.39734865842255196,1.0,-0.24082130757775316,0.34439765281161794,0.9994264970432628,0.0,3,False,False
ENSG00000087338,GMCL1,-0.8532469179729295,-0.3874360984035227,0.39734865842255196,1.0,-0.2784838451179242,0.5606876679611612,0.9994264970432628,0.6698422905926789,1,False,False
ENSG00000087460,GNAS,0.8532469179729295,0.2787415485750087,0.39734865842255196,1.0,0.17831397740671906,0.4857342095601749,0.9994264970432628,0.0,3,False,False
ENSG00000094841,UPRT,-0.8532469179729295,-0.2695043006536575,0.39734865842255196,1.0,-0.19706944512141153,0.4394386923184481,0.9994264970432628,0.0,2,False,False
ENSG00000106144,CASP2,0.8532469179729295,0.19540688597393535,0.39734865842255196,1.0,0.13036381592901633,0.6091875034662813,0.9994264970432628,0.0,2,False,False
ENSG00000106688,SLC1A1,-0.8532469179729295,-0.4196548580124066,0.39734865842255196,1.0,-0.1802987627104412,0.5578138742558543,0.9994264970432628,0.26390624178800515,2,False,False
ENSG00000108510,MED13,-0.8532469179729295,-0.17827809273585157,0.39734865842255196,1.0,-0.2727372772381358,0.28489276220057824,0.9994264970432628,0.0,3,False,False
ENSG00000110042,DTX4,0.8532469179729295,0.16251931141357137,0.39734865842255196,1.0,0.2567782545307002,0.32597765453884375,0.9994264970432628,0.02735155164570214,2,False,False
ENSG00000115145,STAM2,0.8532469179729295,0.05158016637393188,0.39734865842255196,1.0,0.10097823658262532,0.6921064536932149,0.9994264970432628,0.0,2,False,False
ENSG00000116661,FBXO2,0.8532469179729295,0.2732515402352911,0.39734865842255196,1.0,0.2595827346957051,0.3080647812852595,0.9994264970432628,0.0,3,False,False
ENSG00000117748,RPA2,-0.8532469179729295,-0.3184594930822728,0.39734865842255196,1.0,-0.32089020502827803,0.4637350994923378,0.9994264970432628,0.6041930889499313,2,False,False
ENSG00000119707,RBM25,0.8532469179729295,0.08588675304113538,0.39734865842255196,1.0,0.21546603369781084,0.3994563308744885,0.9994264970432628,0.0,3,False,False
ENSG00000121579,NAA50,0.8532469179729295,0.20668618765523655,0.39734865842255196,1.0,0.16373839750212288,0.5211968051989411,0.9994264970432628,0.0,3,False,False
ENSG00000125826,RBCK1,0.8532469179729295,0.18400568225826597,0.39734865842255196,1.0,0.1750490399240832,0.4913675431293789,0.9994264970432628,0.0,3,False,False
ENSG00000127616,SMARCA4,-0.8532469179729295,-0.3358118154807419,0.39734865842255196,1.0,-0.12677823121467838,0.6203166010275972,0.9994264970432628,0.0,2,False,False
ENSG00000128989,ARPP19,-0.8532469179729295,-0.23649018855689527,0.39734865842255196,1.0,-0.21997310867465314,0.3897699265087826,0.9994264970432628,0.0,2,False,False
ENSG00000132024,CC2D1A,0.8532469179729295,0.23198756410728358,0.39734865842255196,1.0,0.1801896303165087,0.4796623893126307,0.9994264970432628,0.0,2,False,False
ENSG00000134030,CTIF,-0.8532469179729295,-0.3714138476612936,0.39734865842255196,1.0,-0.32115013915251966,0.20785442276465205,0.9994264970432628,0.0,4,False,False
ENSG00000134243,SORT1,-0.8532469179729295,-0.23743406186158125,0.39734865842255196,1.0,-0.17243009250523564,0.49907823205342683,0.9994264970432628,0.0,2,False,False
ENSG00000135052,GOLM1,0.8532469179729295,0.20791459965995301,0.39734865842255196,1.0,0.21928234681720685,0.3889541641604608,0.9994264970432628,0.0,3,False,False
ENSG00000140332,TLE3,0.8532469179729295,0.04557064990912137,0.39734865842255196,1.0,0.18479697380546015,0.4882594413303978,0.9994264970432628,0.060958591605311765,3,False,False
ENSG00000143155,TIPRL,0.8532469179729295,0.140264369150914,0.39734865842255196,1.0,0.016010529727409097,0.9522550583112213,0.9994264970432628,0.06901505645716619,2,False,False
ENSG00000143862,ARL8A,0.8532469179729295,0.03364630165092301,0.39734865842255196,1.0,0.11917208098965126,0.7385320901394379,0.9994264970432628,0.4390200007222132,2,False,False
ENSG00000147454,SLC25A37,0.8532469179729295,0.2057690284794617,0.39734865842255196,1.0,0.1479369699869528,0.5613135766061674,0.9994264970432628,0.0,3,False,False
ENSG00000150867,PIP4K2A,0.8532469179729295,0.00453372114369015,0.39734865842255196,1.0,0.14731639129618657,0.5880215651001046,0.9994264970432628,0.09364495216518148,3,False,False
ENSG00000163291,PAQR3,-0.8532469179729295,-0.1808226689179781,0.39734865842255196,1.0,-0.18710775590670545,0.46262781782277484,0.9994264970432628,0.0,3,False,False
ENSG00000166111,SVOP,-0.8532469179729295,-0.2414610335511083,0.39734865842255196,1.0,-0.1257282204414233,0.6214296746356123,0.9994264970432628,0.0,3,False,False
ENSG00000168818,STX18,-0.8532469179729295,-0.34423370062897946,0.39734865842255196,1.0,-0.25963133232911867,0.3116677597062719,0.9994264970432628,0.0,3,False,False
ENSG00000170906,NDUFA3,0.8532469179729295,-0.02588604016097146,0.39734865842255196,1.0,0.1825647611563227,0.47393131491748586,0.9994264970432628,0.0,3,False,False
ENSG00000173482,PTPRM,0.8532469179729295,0.2501106424711366,0.39734865842255196,1.0,0.16407762071636822,0.5187536069039298,0.9994264970432628,0.0,3,False,False
ENSG00000175105,ZNF654,0.8532469179729295,0.41157483920184584,0.39734865842255196,1.0,0.2219708330316835,0.3840811136730766,0.9994264970432628,0.0,3,False,False
ENSG00000181035,SLC25A42,-0.8532469179729295,-0.030797790327555523,0.39734865842255196,1.0,-0.28161758475399495,0.3063344807590529,0.9994264970432628,0.10747174402145182,3,False,False
ENSG00000182771,GRID1,-0.8532469179729295,-0.38663476558607035,0.39734865842255196,1.0,-0.3589512437298764,0.27121042191174105,0.9994264970432628,0.3241112170480992,3,False,False
ENSG00000184349,EFNA5,0.8532469179729295,-0.0034059521316374274,0.39734865842255196,1.0,0.11601253275828564,0.6493341026367319,0.9994264970432628,0.0,3,False,False
ENSG00000188706,ZDHHC9,-0.8532469179729295,-0.21010218424514793,0.39734865842255196,1.0,-0.10400013613386354,0.6818840838772517,0.9994264970432628,0.0,2,False,False
ENSG00000196655,TRAPPC4,-0.8532469179729295,-0.260270937333523,0.39734865842255196,1.0,-0.10586552410440006,0.6769696167545698,0.9994264970432628,0.0,2,False,False
ENSG00000197780,TAF13,-0.8532469179729295,-0.15638776372238736,0.39734865842255196,1.0,-0.17237922457419386,0.6864110585515175,0.9994264970432628,0.5976699875271949,2,False,False
ENSG00000197860,SGTB,-0.8532469179729295,-0.23627699708303246,0.39734865842255196,1.0,-0.0623582747822275,0.8071868808980596,0.9994264970432628,0.0,2,False,False
ENSG00000204104,TRAF3IP1,-0.8532469179729295,-0.2834234509318808,0.39734865842255196,1.0,-0.22477571676169322,0.3771066489801824,0.9994264970432628,0.0,3,False,False
ENSG00000204406,MBD5,0.8532469179729295,0.23809329228792006,0.39734865842255196,1.0,0.25060539603519255,0.3241827509068749,0.9994264970432628,0.0,4,False,False
ENSG00000213079,SCAF8,-0.8532469179729295,-0.19663545308747615,0.39734865842255196,1.0,-0.1240216566577812,0.6268594485217143,0.9994264970432628,0.0,3,False,False
ENSG00000116667,C1orf21,-0.8394848709088499,-0.110562186520549,0.4050625512756748,1.0,-0.24218206370444129,0.3442166603451138,0.9994264970432628,0.0,3,False,False
ENSG00000011021,CLCN6,-0.8394848709088499,-0.15678789809492652,0.4050681884404189,1.0,-0.17710267239349098,0.4865931546617812,0.9994264970432628,0.0,3,False,False
ENSG00000055950,MRPL43,0.8394848709088499,0.25515700105929123,0.4050681884404189,1.0,0.2102173470718491,0.40899232375040173,0.9994264970432628,0.0,3,False,False
ENSG00000057704,TMCC3,0.8394848709088499,-0.061080824689323604,0.4050681884404189,1.0,0.25543743827951165,0.5218893612540869,0.9994264970432628,0.532494364401126,2,False,False
ENSG00000065911,MTHFD2,0.8394848709088499,0.06772525189956953,0.4050681884404189,1.0,0.07536253720602754,0.7661232635841283,0.9994264970432628,0.0,2,False,False
ENSG00000066032,CTNNA2,-0.8394848709088499,-0.22042692226731025,0.4050681884404189,1.0,-0.18040449158963182,0.4779319003012594,0.9994264970432628,0.0,3,False,False
ENSG00000066422,ZBTB11,0.8394848709088499,0.1278414449362352,0.4050681884404189,1.0,0.36416573895899357,0.27322323928708914,0.9994264970432628,0.34396615466134084,3,False,False
ENSG00000067191,CACNB1,0.8394848709088499,0.29960937579593483,0.4050681884404189,1.0,0.2827152845713172,0.26748470970779414,0.9994264970432628,0.0,3,False,False
ENSG00000076716,GPC4,-0.8394848709088499,-0.5689301872944255,0.4050681884404189,1.0,-0.32553550800836634,0.20342723479325786,0.9994264970432628,0.0,3,False,False
ENSG00000077279,DCX,0.8394848709088499,0.25744806865635883,0.4050681884404189,1.0,0.2127110368555104,0.40397757770610965,0.9994264970432628,0.0,2,False,False
ENSG00000100567,PSMA3,-0.8394848709088499,-0.3666533318853971,0.4050681884404189,1.0,-0.22327767259827927,0.3826340808331141,0.9994264970432628,0.0,3,False,False
ENSG00000100626,GALNT16,0.8394848709088499,-0.12553637564175008,0.4050681884404189,1.0,0.2566179632109844,0.6694857036173938,0.9994264970432628,0.783855840182705,3,False,False
ENSG00000102081,FMR1,-0.8394848709088499,-0.15767480041465157,0.4050681884404189,1.0,-0.21455074839353627,0.3997295280383819,0.9994264970432628,0.0,3,False,False
ENSG00000102316,MAGED2,0.8394848709088499,-0.04216289824969325,0.4050681884404189,1.0,0.02280719118546442,0.9282700885454932,0.9994264970432628,0.0,3,False,False
ENSG00000107341,UBE2R2,0.8394848709088499,0.19757245939604962,0.4050681884404189,1.0,0.2202425137361268,0.38804140934596376,0.9994264970432628,0.0,2,False,False
ENSG00000107937,GTPBP4,0.8394848709088499,0.06588725261923352,0.4050681884404189,1.0,0.14038009935977655,0.5831813231508574,0.9994264970432628,0.0,3,False,False
ENSG00000110315,RNF141,-0.8394848709088499,-0.2985249433484581,0.4050681884404189,1.0,-0.2500039865353845,0.32719969819777683,0.9994264970432628,0.0,3,False,False
ENSG00000112699,GMDS,-0.8394848709088499,-0.1946542487018747,0.4050681884404189,1.0,-0.19229475025291656,0.45118494121572095,0.9994264970432628,0.0,3,False,False
ENSG00000115520,COQ10B,0.8394848709088499,0.11976960378009884,0.4050681884404189,1.0,0.26135774316996674,0.3043282882351598,0.9994264970432628,0.0,4,False,False
ENSG00000123091,RNF11,-0.8394848709088499,-0.16536524990921633,0.4050681884404189,1.0,-0.10536344907853906,0.6802041400486459,0.9994264970432628,0.0,2,False,False
ENSG00000134369,NAV1,-0.8394848709088499,-0.27974237392083895,0.4050681884404189,1.0,-0.2889666150116422,0.25667248095931905,0.9994264970432628,0.0,4,False,False
ENSG00000134758,RNF138,-0.8394848709088499,-0.15148330501329113,0.4050681884404189,1.0,-0.14188513998808852,0.5773236162456126,0.9994264970432628,0.0,2,False,False
ENSG00000136731,UGGT1,0.8394848709088499,0.3231507516390099,0.4050681884404189,1.0,0.253126267547062,0.32111459895669536,0.9994264970432628,0.0,3,False,False
ENSG00000137040,RANBP6,-0.8394848709088499,-0.08427432418807268,0.4050681884404189,1.0,-0.20336783548821882,0.5602600330360255,0.9994264970432628,0.39931401252236026,2,False,False
ENSG00000137073,UBAP2,0.8394848709088499,0.16802778145242772,0.4050681884404189,1.0,0.2541278960431023,0.32054868937080705,0.9994264970432628,0.0,3,False,False
ENSG00000137393,RNF144B,-0.8394848709088499,-0.25620332824652386,0.4050681884404189,1.0,-0.13538139815781322,0.5953043488512176,0.9994264970432628,0.0,3,False,False
ENSG00000138385,SSB,0.8394848709088499,0.08492817298534547,0.4050681884404189,1.0,0.13592224060250027,0.595064354398944,0.9994264970432628,0.0,3,False,False
ENSG00000147432,CHRNB3,0.8394848709088499,0.07814366383162716,0.4050681884404189,1.0,0.23783972941555237,0.3517305881990336,0.9994264970432628,0.0,3,False,False
ENSG00000147457,CHMP7,0.8394848709088499,0.21532974529030832,0.4050681884404189,1.0,0.28843424653117883,0.2602390246285857,0.9994264970432628,0.0,3,False,False
ENSG00000148154,UGCG,-0.8394848709088499,-0.3642689349019809,0.4050681884404189,1.0,-0.1525144196429319,0.550169526039739,0.9994264970432628,0.0,3,False,False
ENSG00000149577,SIDT2,0.8394848709088499,0.0899041991867793,0.4050681884404189,1.0,0.14863686346805696,0.5581154640338587,0.9994264970432628,0.0,4,False,False
ENSG00000150510,FAM124A,0.8394848709088499,-0.030575601666418987,0.4050681884404189,1.0,0.21014579650275625,0.41237034578177634,0.9994264970432628,0.0,3,False,False
ENSG00000152767,FARP1,0.8394848709088499,0.18414237987620832,0.4050681884404189,1.0,0.1290032311748524,0.6132758096018307,0.9994264970432628,0.0,3,False,False
ENSG00000155959,VBP1,-0.8394848709088499,-0.5623657069759549,0.4050681884404189,1.0,-0.20441997636129494,0.4636301537612877,0.9994264970432628,0.12931292859931973,2,False,False
ENSG00000159593,NAE1,-0.8394848709088499,-0.37884515713732425,0.4050681884404189,1.0,-0.26634288801041195,0.44105581580222875,0.9994264970432628,0.39284415721874105,2,False,False
ENSG00000163872,YEATS2,0.8394848709088499,0.04365182095260468,0.4050681884404189,1.0,0.16017095229761844,0.5318277427234197,0.9994264970432628,0.0,2,False,False
ENSG00000164506,STXBP5,-0.8394848709088499,-0.5235106204865411,0.4050681884404189,1.0,-0.21452141352925783,0.47534605195655344,0.9994264970432628,0.2358129131813234,3,False,False
ENSG00000165943,MOAP1,0.8394848709088499,0.18597096886128203,0.4050681884404189,1.0,0.2303040907795611,0.3652758122090657,0.9994264970432628,0.0,3,False,False
ENSG00000166260,COX11,-0.8394848709088499,-0.4849620722300394,0.4050681884404189,1.0,-0.3017832497765556,0.4085337905490575,0.9994264970432628,0.4583541260536772,2,False,False
ENSG00000185728,YTHDF3,-0.8394848709088499,-0.2655104498134226,0.4050681884404189,1.0,-0.13977554740359652,0.633297402462554,0.9994264970432628,0.19961675284622574,2,False,False
ENSG00000186106,ANKRD46,-0.8394848709088499,-0.19345659093748993,0.4050681884404189,1.0,-0.1691748348978075,0.5071601443419316,0.9994264970432628,0.0,2,False,False
ENSG00000196141,SPATS2L,0.8394848709088499,0.10423635056375159,0.4050681884404189,1.0,0.22790493225848177,0.4622117466780581,0.9994264970432628,0.2644783586133307,3,False,False
ENSG00000197157,SND1,-0.8394848709088499,-0.33037234263267745,0.4050681884404189,1.0,-0.27843638383265307,0.27589596757628265,0.9994264970432628,0.0,3,False,False
ENSG00000198740,ZNF652,0.8394848709088499,0.09020008015360267,0.4050681884404189,1.0,0.13630819810131878,0.592056997165754,0.9994264970432628,0.0,2,False,False
ENSG00000198915,RASGEF1A,-0.8394848709088499,-0.08102711214207772,0.4050681884404189,1.0,-0.10126466841888301,0.6918282184507617,0.9994264970432628,0.0,3,False,False
ENSG00000204991,SPIRE2,0.8394848709088499,0.44056441835073645,0.4050681884404189,1.0,0.21258497673182372,0.49908382081386293,0.9994264970432628,0.2941984624650556,2,False,False
ENSG00000205302,SNX2,0.8394848709088499,0.10968601923471227,0.4050681884404189,1.0,0.26305627955693756,0.40193310135332616,0.9994264970432628,0.27682947349899295,2,False,False
ENSG00000224051,CPTP,-0.8394848709088499,-0.04948382735622416,0.4050681884404189,1.0,-0.15563516790899645,0.5397830502351559,0.9994264970432628,0.0,3,False,False
ENSG00000112531,QKI,-0.8326038473768103,-0.30023608306460786,0.40895571947172404,1.0,-0.22656008008462875,0.3757420460182448,0.9994264970432628,0.0,3,False,False
ENSG00000147224,PRPS1,-0.8326038473768103,-0.29254147977820527,0.40895571947172404,1.0,-0.14114804822260182,0.5809297390329135,0.9994264970432628,0.0,2,False,False
ENSG00000166200,COPS2,-0.8326038473768103,0.04373209178537148,0.40895571947172404,1.0,0.0007498527716950893,0.9976564747450177,0.9994264970432628,0.0,2,False,False
ENSG00000183723,CMTM4,-0.8326038473768103,-0.3082124601390185,0.40895571947172404,1.0,-0.21090393093852136,0.4101026875306272,0.9994264970432628,0.0,2,False,False
ENSG00000084234,APLP2,0.8257228238447705,0.17672079499384347,0.4128710713486661,1.0,0.18334311244811344,0.4694701599379424,0.9994264970432628,0.0,4,False,False
ENSG00000006128,TAC1,0.8257228238447705,0.260600018954794,0.41287667869708067,1.0,0.03390895867176602,0.8967823432051828,0.9994264970432628,0.033236818053675676,3,False,False
ENSG00000047932,GOPC,0.8257228238447705,0.19294778754981706,0.41287667869708067,1.0,0.21734926132426605,0.39338619279841736,0.9994264970432628,0.0,3,False,False
ENSG00000066117,SMARCD1,-0.8257228238447705,0.013448022660017435,0.41287667869708067,1.0,-0.14874527017399314,0.5598152947380179,0.9994264970432628,0.0,2,False,False
ENSG00000082212,ME2,0.8257228238447705,0.1588051190245571,0.41287667869708067,1.0,0.1422002794880773,0.5752367408529955,0.9994264970432628,0.0,3,False,False
ENSG00000083642,PDS5B,-0.8257228238447705,-0.14964912709670972,0.41287667869708067,1.0,-0.2083460862206551,0.4135672511356858,0.9994264970432628,0.0,2,False,False
ENSG00000090470,PDCD7,-0.8257228238447705,-0.49362294143793223,0.41287667869708067,1.0,-0.3699020181109037,0.4459274529747046,0.9994264970432628,0.6809465191561073,3,False,False
ENSG00000094880,CDC23,-0.8257228238447705,-0.19707316846871692,0.41287667869708067,1.0,-0.18318875792182956,0.47285896528578497,0.9994264970432628,0.0,2,False,False
ENSG00000107625,DDX50,-0.8257228238447705,-0.47182431082780163,0.41287667869708067,1.0,-0.21180306423526754,0.5585793946556358,0.9994264970432628,0.4511297145511772,2,False,False
ENSG00000108055,SMC3,0.8257228238447705,0.32305660954858134,0.41287667869708067,1.0,0.23883113444811488,0.3503873328221644,0.9994264970432628,0.0,3,False,False
ENSG00000108433,GOSR2,-0.8257228238447705,-0.06736108735216222,0.41287667869708067,1.0,-0.20284690561974922,0.5431051309082409,0.9994264970432628,0.36345129830586675,1,False,False
ENSG00000108773,KAT2A,0.8257228238447705,0.10089471803996047,0.41287667869708067,1.0,0.1113012840353335,0.6995622617774384,0.9994264970432628,0.17952638220961345,2,False,False
ENSG00000112305,SMAP1,-0.8257228238447705,-0.3560681292034458,0.41287667869708067,1.0,-0.18118843209931948,0.5360058717711647,0.9994264970432628,0.20100752601845698,3,False,False
ENSG00000113583,C5orf15,-0.8257228238447705,-0.15346943072087765,0.41287667869708067,1.0,-0.15618547696963692,0.5386970563296754,0.9994264970432628,0.0,3,False,False
ENSG00000113966,ARL6,-0.8257228238447705,-0.28401355615559226,0.41287667869708067,1.0,-0.18444331173267892,0.4971215375702571,0.9994264970432628,0.0906965413618264,2,False,False
ENSG00000125124,BBS2,-0.8257228238447705,-0.12399255854518952,0.41287667869708067,1.0,-0.11277395974806534,0.6560079423158455,0.9994264970432628,0.0,4,False,False
ENSG00000126214,KLC1,0.8257228238447705,0.45005446034551816,0.41287667869708067,1.0,0.14446513109523157,0.7339660312073745,0.9994264970432628,0.5780731598381632,3,False,False
ENSG00000127980,PEX1,-0.8257228238447705,0.021163358959495164,0.41287667869708067,1.0,0.010948645863235807,0.9656256093850117,0.9994264970432628,0.0,2,False,False
ENSG00000130311,DDA1,-0.8257228238447705,-0.3781431040072253,0.41287667869708067,1.0,-0.19079161800153688,0.45224308139967884,0.9994264970432628,0.0,4,False,False
ENSG00000132963,POMP,-0.8257228238447705,-0.19168867360627478,0.41287667869708067,1.0,-0.13181956622036559,0.6614224834645643,0.9994264970432628,0.2390326685989086,1,False,False
ENSG00000136261,BZW2,-0.8257228238447705,0.0036406160245104073,0.41287667869708067,1.0,-0.21096946662514576,0.4108196213953521,0.9994264970432628,0.0,3,False,False
ENSG00000137500,CCDC90B,0.8257228238447705,-0.09809689236567101,0.41287667869708067,1.0,0.21397311072116373,0.5936828500358655,0.9994264970432628,0.5418781890304641,3,False,False
ENSG00000138709,LARP1B,0.8257228238447705,0.2812414176092102,0.41287667869708067,1.0,0.16236059551127072,0.5226523270247236,0.9994264970432628,0.0,3,False,False
ENSG00000141580,WDR45B,-0.8257228238447705,-0.28913078668835673,0.41287667869708067,1.0,-0.16194973771395327,0.524441251631016,0.9994264970432628,0.0,2,False,False
ENSG00000145284,SCD5,-0.8257228238447705,-0.10338959506375577,0.41287667869708067,1.0,-0.1810269404768535,0.4778968826925657,0.9994264970432628,0.0,2,False,False
ENSG00000149541,B3GAT3,0.8257228238447705,0.12411723048035647,0.41287667869708067,1.0,0.16619819556858653,0.51658668500631,0.9994264970432628,0.0,3,False,False
ENSG00000153132,CLGN,-0.8257228238447705,-0.1376430141532317,0.41287667869708067,1.0,-0.10699092410522089,0.6858370968282741,0.9994264970432628,0.051271319505280355,1,False,False
ENSG00000157557,ETS2,0.8257228238447705,0.13562903969746953,0.41287667869708067,1.0,0.1975634435137964,0.4373812010367749,0.9994264970432628,0.0,3,False,False
ENSG00000158201,ABHD3,0.8257228238447705,0.3270046117074814,0.41287667869708067,1.0,0.25425671134085653,0.31885015421348706,0.9994264970432628,0.0,3,False,False
ENSG00000159423,ALDH4A1,0.8257228238447705,0.1757793567673296,0.41287667869708067,1.0,0.11168147998846287,0.6616660753570005,0.9994264970432628,0.0,3,False,False
ENSG00000159788,RGS12,-0.8257228238447705,-0.21482676113575164,0.41287667869708067,1.0,-0.277739153289926,0.46975455676695155,0.9994264970432628,0.5014075170723253,2,False,False
ENSG00000164076,CAMKV,0.8257228238447705,0.2863483552793983,0.41287667869708067,1.0,0.30276127667808894,0.2357233229633836,0.9994264970432628,0.0,4,False,False
ENSG00000164823,OSGIN2,0.8257228238447705,0.27292979323921857,0.41287667869708067,1.0,0.24861351967027456,0.327510222822036,0.9994264970432628,0.0,4,False,False
ENSG00000165443,PHYHIPL,-0.8257228238447705,-0.31637968074943223,0.41287667869708067,1.0,-0.22716463669581147,0.3742832618479133,0.9994264970432628,0.0,3,False,False
ENSG00000165802,NSMF,-0.8257228238447705,-0.3843494878507598,0.41287667869708067,1.0,-0.26328282417863846,0.30427750686878696,0.9994264970432628,0.0,3,False,False
ENSG00000166855,CLPX,-0.8257228238447705,0.003979573833132342,0.41287667869708067,1.0,-0.14942534279773934,0.6069874556020318,0.9994264970432628,0.18426430998305796,3,False,False
ENSG00000166974,MAPRE2,-0.8257228238447705,-0.3782270265179846,0.41287667869708067,1.0,-0.3134683283685246,0.39919568859468624,0.9994264970432628,0.4653929046138683,3,False,False
ENSG00000167191,GPRC5B,0.8257228238447705,0.04249715035857167,0.41287667869708067,1.0,0.1300624520995876,0.6089745409157259,0.9994264970432628,0.0,2,False,False
ENSG00000169851,PCDH7,0.8257228238447705,-0.055658013536270624,0.41287667869708067,1.0,0.20050212129298875,0.5269652903366583,0.9994264970432628,0.30340471470005625,3,False,False
ENSG00000170113,NIPA1,-0.8257228238447705,-0.19615165625867634,0.41287667869708067,1.0,-0.13807997795606747,0.5892810817461128,0.9994264970432628,0.0,3,False,False
ENSG00000171867,PRNP,0.8257228238447705,-0.013920909774226727,0.41287667869708067,1.0,0.19799261225329992,0.4888641132104484,0.9994264970432628,0.1673993342830267,3,False,False
ENSG00000179314,WSCD1,-0.8257228238447705,-0.45760518610233963,0.41287667869708067,1.0,-0.28430959418902046,0.26638905854090056,0.9994264970432628,0.0,3,False,False
ENSG00000181192,DHTKD1,-0.8257228238447705,-0.24839563179170898,0.41287667869708067,1.0,-0.1888468188764157,0.4589977730529461,0.9994264970432628,0.0,2,False,False
ENSG00000196458,ZNF605,0.8257228238447705,-0.1089610353984607,0.41287667869708067,1.0,0.24870158544465037,0.5541498389562051,0.9994264970432628,0.582278821866409,2,False,False
ENSG00000198513,ATL1,0.8257228238447705,0.023842233195393435,0.41287667869708067,1.0,0.10498028242533217,0.6804219536722187,0.9994264970432628,0.0,3,False,False
ENSG00000232956,SNHG15,-0.8257228238447705,-0.3432550947628913,0.41287667869708067,1.0,-0.155753389310304,0.5425483388778216,0.9994264970432628,0.0,2,False,False
ENSG00000253738,OTUD6B-AS1,-0.8257228238447705,-0.5274931887169084,0.41287667869708067,1.0,-0.16897785756791286,0.5089037384078754,0.9994264970432628,0.0,2,False,False
ENSG00000151849,CENPJ,0.811960776780691,0.21230246916985443,0.4207680835581924,1.0,0.2589867924200537,0.4226220474595471,0.9994264970432628,0.32347887173000195,2,False,False
ENSG00000166454,ATMIN,-0.811960776780691,-0.2628282098691092,0.4207680835581924,1.0,-0.18018898451791618,0.48008318938204997,0.9994264970432628,0.0,3,False,False
ENSG00000065559,MAP2K4,-0.811960776780691,0.08022745568510989,0.42077365861648097,1.0,0.040584413217525386,0.8738153707147185,0.9994264970432628,0.0,2,False,False
ENSG00000066933,MYO9A,0.811960776780691,-0.10894738828672375,0.42077365861648097,1.0,0.010710735832344028,0.9664326849290973,0.9994264970432628,0.0,2,False,False
ENSG00000072849,DERL2,0.811960776780691,0.07349608386018977,0.42077365861648097,1.0,0.08478045856524684,0.7382184440555938,0.9994264970432628,0.0,2,False,False
ENSG00000073008,PVR,-0.811960776780691,-0.22588408728634887,0.42077365861648097,1.0,-0.11583102415330397,0.6495972351588573,0.9994264970432628,0.0,2,False,False
ENSG00000076513,ANKRD13A,-0.811960776780691,-0.2897951369402342,0.42077365861648097,1.0,-0.20547720328259012,0.5049283797388767,0.9994264970432628,0.26564725656641275,2,False,False
ENSG00000090975,PITPNM2,-0.811960776780691,-0.3548572991783025,0.42077365861648097,1.0,-0.2117061382045894,0.48927352434583493,0.9994264970432628,0.2587907797096044,2,False,False
ENSG00000105088,OLFM2,0.811960776780691,0.008836800302837787,0.42077365861648097,1.0,0.12974720430499997,0.6109895629689055,0.9994264970432628,0.0,3,False,False
ENSG00000105698,USF2,-0.811960776780691,-0.12462015976093054,0.42077365861648097,1.0,-0.15068308216107318,0.5556509433718639,0.9994264970432628,0.0,2,False,False
ENSG00000108946,PRKAR1A,-0.811960776780691,-0.2696825954961739,0.42077365861648097,1.0,-0.18932230213898937,0.64700284803566,0.9994264970432628,0.5723062609682773,1,False,False
ENSG00000112992,NNT,0.811960776780691,0.26504776566078037,0.42077365861648097,1.0,0.22565050934480996,0.37551375224176786,0.9994264970432628,0.0,3,False,False
ENSG00000124541,RRP36,-0.811960776780691,-0.19375016487532787,0.42077365861648097,1.0,-0.10586571299037668,0.6774908076802475,0.9994264970432628,0.0,2,False,False
ENSG00000125355,TMEM255A,-0.811960776780691,-0.1741579068108949,0.42077365861648097,1.0,-0.2096543875490036,0.4088004317186966,0.9994264970432628,0.0,4,False,False
ENSG00000129682,FGF13,-0.811960776780691,-0.2789200804951369,0.42077365861648097,1.0,-0.16631573776571232,0.5143879463871701,0.9994264970432628,0.0,3,False,False
ENSG00000130560,UBAC1,0.811960776780691,0.1899337245787741,0.42077365861648097,1.0,0.13552426850878566,0.5952374855119713,0.9994264970432628,0.0,2,False,False
ENSG00000132740,IGHMBP2,-0.811960776780691,-0.24949708297714432,0.42077365861648097,1.0,-0.2011430363391269,0.42926240094634793,0.9994264970432628,0.0,3,False,False
ENSG00000133657,ATP13A3,-0.811960776780691,-0.242624285264361,0.42077365861648097,1.0,-0.2652641079805896,0.2966609502241627,0.9994264970432628,0.0,4,False,False
ENSG00000136531,SCN2A,-0.811960776780691,-0.06331762987986497,0.42077365861648097,1.0,-0.03785889047301214,0.8812633344525778,0.9994264970432628,0.0,2,False,False
ENSG00000138399,FASTKD1,0.811960776780691,0.26561119106428727,0.42077365861648097,1.0,0.22613918943243,0.4001698787021143,0.9994264970432628,0.07293048776145297,2,False,False
ENSG00000138411,HECW2,0.811960776780691,0.14248600255369026,0.42077365861648097,1.0,0.190986412130632,0.4533660912571852,0.9994264970432628,0.0,2,False,False
ENSG00000139737,SLAIN1,-0.811960776780691,-0.2389086660278625,0.42077365861648097,1.0,-0.16173300959447576,0.5264366748984244,0.9994264970432628,0.0,2,False,False
ENSG00000144840,RABL3,-0.811960776780691,-0.1378112733411972,0.42077365861648097,1.0,-0.13367874811390296,0.6057853511166231,0.9994264970432628,0.017215948220691148,2,False,False
ENSG00000145293,ENOPH1,-0.811960776780691,-0.2567766469061972,0.42077365861648097,1.0,-0.18063035563160762,0.4784467146659416,0.9994264970432628,0.0,3,False,False
ENSG00000147853,AK3,-0.811960776780691,-0.3280877090769976,0.42077365861648097,1.0,-0.22615016403470467,0.47842720735471966,0.9994264970432628,0.30714696427812677,2,False,False
ENSG00000148925,BTBD10,-0.811960776780691,-0.31789063819801106,0.42077365861648097,1.0,-0.21207970029675302,0.40748511767842144,0.9994264970432628,0.0,3,False,False
ENSG00000150753,CCT5,0.811960776780691,0.19769315147589125,0.42077365861648097,1.0,0.26206715347897397,0.30657179727363537,0.9994264970432628,0.0,2,False,False
ENSG00000150787,PTS,-0.811960776780691,-0.11097514177198395,0.42077365861648097,1.0,-0.07774943921548338,0.7590402474569158,0.9994264970432628,0.0,2,False,False
ENSG00000162408,NOL9,0.811960776780691,0.14115581715459,0.42077365861648097,1.0,0.26901535850185543,0.33450069335521204,0.9994264970432628,0.12127405108907555,3,False,False
ENSG00000165029,ABCA1,0.811960776780691,0.0016211163702681266,0.42077365861648097,1.0,0.4083276864728895,0.47912041572321395,0.9994264970432628,0.7456603628556573,3,False,False
ENSG00000167964,RAB26,0.811960776780691,0.1301948470412249,0.42077365861648097,1.0,0.17773032254089402,0.4851736384326861,0.9994264970432628,0.0,3,False,False
ENSG00000168291,PDHB,-0.811960776780691,-0.2565694509752052,0.42077365861648097,1.0,-0.14529221584361598,0.567193794580557,0.9994264970432628,0.0,2,False,False
ENSG00000169180,XPO6,-0.811960776780691,-0.2207697052417986,0.42077365861648097,1.0,-0.2743474786885418,0.28171970774615485,0.9994264970432628,0.0,4,False,False
ENSG00000169302,STK32A,0.811960776780691,0.006020471942600956,0.42077365861648097,1.0,0.04435546903864427,0.8617478967097515,0.9994264970432628,0.0,2,False,False
ENSG00000169554,ZEB2,0.811960776780691,0.21792421417667088,0.42077365861648097,1.0,0.15243952438968406,0.5492382729440628,0.9994264970432628,0.0,3,False,False
ENSG00000169762,TAPT1,0.811960776780691,0.17355248355788142,0.42077365861648097,1.0,0.26321755534849345,0.3018350239095302,0.9994264970432628,0.0,3,False,False
ENSG00000173744,AGFG1,-0.811960776780691,-0.35011713652183063,0.42077365861648097,1.0,-0.20020840997257283,0.4309351257872188,0.9994264970432628,0.0,3,False,False
ENSG00000175220,ARHGAP1,-0.811960776780691,-0.23558582492038813,0.42077365861648097,1.0,-0.1806336794798095,0.47764106511461446,0.9994264970432628,0.0,3,False,False
ENSG00000184575,XPOT,0.811960776780691,-0.17614810583712825,0.42077365861648097,1.0,0.1194508411571783,0.6608646839414596,0.9994264970432628,0.09683454730696861,2,False,False
ENSG00000185518,SV2B,-0.811960776780691,-0.22473646094825714,0.42077365861648097,1.0,-0.27445637797351324,0.5223881781308264,0.9994264970432628,0.5842988604616959,3,False,False
ENSG00000188986,NELFB,-0.811960776780691,-0.33154853637591986,0.42077365861648097,1.0,-0.25635551275089064,0.3161978790930682,0.9994264970432628,0.0,3,False,False
ENSG00000196363,WDR5,-0.811960776780691,-0.29207856219978007,0.42077365861648097,1.0,-0.16614851563085223,0.5149401581791001,0.9994264970432628,0.0,3,False,False
ENSG00000198911,SREBF2,0.811960776780691,0.24964272268838314,0.42077365861648097,1.0,0.18595738059693326,0.4656922516987855,0.9994264970432628,0.0,2,False,False
ENSG00000203930,LINC00632,0.811960776780691,0.06682965740683379,0.42077365861648097,1.0,0.10517171839052647,0.6798831521581172,0.9994264970432628,0.0,3,False,False
ENSG00000204237,OXLD1,-0.811960776780691,-0.5118151872877063,0.42077365861648097,1.0,-0.12397410271542307,0.7515084179736647,0.9994264970432628,0.5247934639167634,2,False,False
ENSG00000102981,PARD6A,0.7981987297166114,0.3325284558598429,0.42875307829973297,1.0,0.14417362321802601,0.6228269061303988,0.9994264970432628,0.20271078860258915,2,False,False
ENSG00000132639,SNAP25,0.7981987297166114,0.27602604372745904,0.42875307829973297,1.0,0.23750397463760967,0.35353879134930666,0.9994264970432628,0.0,3,False,False
ENSG00000011295,TTC19,-0.7981987297166114,0.12282905299107517,0.42875861858474984,1.0,-0.013213580789901765,0.9585635410822573,0.9994264970432628,0.0,2,False,False
ENSG00000011523,CEP68,0.7981987297166114,-0.11496784803283674,0.42875861858474984,1.0,0.14803382168883053,0.6970713232102804,0.9994264970432628,0.5007869152717512,3,False,False
ENSG00000018510,AGPS,-0.7981987297166114,-0.46472819397712417,0.42875861858474984,1.0,-0.18383095261011284,0.5496700406725463,0.9994264970432628,0.2613835111145493,3,False,False
ENSG00000027847,B4GALT7,-0.7981987297166114,0.11141651369705108,0.42875861858474984,1.0,-0.196870801888516,0.5651601815153605,0.9994264970432628,0.3905906659736316,3,False,False
ENSG00000047597,XK,0.7981987297166114,0.04649308664026438,0.42875861858474984,1.0,0.13157637775114775,0.6065674403145497,0.9994264970432628,0.0,3,False,False
ENSG00000048392,RRM2B,0.7981987297166114,0.04717630327484358,0.42875861858474984,1.0,0.08764737402690455,0.7295226774039019,0.9994264970432628,0.0,2,False,False
ENSG00000064393,HIPK2,0.7981987297166114,-0.010018950566208003,0.42875861858474984,1.0,0.12049069216236814,0.6357084950615206,0.9994264970432628,0.0,2,False,False
ENSG00000067560,RHOA,-0.7981987297166114,-0.19217225135049504,0.42875861858474984,1.0,-0.1520203934037022,0.5497940660133309,0.9994264970432628,0.0,3,False,False
ENSG00000075340,ADD2,0.7981987297166114,0.23455885454867934,0.42875861858474984,1.0,0.2524457652808122,0.32450986223069034,0.9994264970432628,0.0,3,False,False
ENSG00000077312,SNRPA,0.7981987297166114,0.1738412836438217,0.42875861858474984,1.0,0.16335978450809727,0.5215037844557231,0.9994264970432628,0.0,3,False,False
ENSG00000079785,DDX1,-0.7981987297166114,-0.36166234475461007,0.42875861858474984,1.0,-0.2284328445029246,0.3717643835550801,0.9994264970432628,0.0,3,False,False
ENSG00000080819,CPOX,0.7981987297166114,-0.10334315260690204,0.42875861858474984,1.0,0.1594229231102877,0.5384354781279415,0.9994264970432628,0.017572921169071998,2,False,False
ENSG00000086504,MRPL28,-0.7981987297166114,0.02665514985680592,0.42875861858474984,1.0,-0.1855364956111375,0.551516301612033,0.9994264970432628,0.2809986469922399,2,False,False
ENSG00000089195,TRMT6,-0.7981987297166114,-0.10897963105263764,0.42875861858474984,1.0,-0.16908779952780156,0.559333419312014,0.9994264970432628,0.18563974191913646,3,False,False
ENSG00000090432,MUL1,0.7981987297166114,0.1853896640722604,0.42875861858474984,1.0,0.2879099933930188,0.26198878583482377,0.9994264970432628,0.0,2,False,False
ENSG00000100353,EIF3D,-0.7981987297166114,-0.4055500634518789,0.42875861858474984,1.0,-0.26506181987070604,0.4629369687087861,0.9994264970432628,0.4475420321895952,2,False,False
ENSG00000100401,RANGAP1,0.7981987297166114,0.27342610035838577,0.42875861858474984,1.0,0.20594450458847208,0.42022583312760264,0.9994264970432628,0.0,2,False,False
ENSG00000105426,PTPRS,0.7981987297166114,0.2874435889801965,0.42875861858474984,1.0,0.24601585106513316,0.33378659322672444,0.9994264970432628,0.0,3,False,False
ENSG00000107186,MPDZ,-0.7981987297166114,-0.16073906496144408,0.42875861858474984,1.0,-0.18896035897203714,0.4602667203049945,0.9994264970432628,0.0,3,False,False
ENSG00000107372,ZFAND5,-0.7981987297166114,-0.2852813857041933,0.42875861858474984,1.0,-0.2413549547894317,0.47987206070733524,0.9994264970432628,0.38972173026771334,2,False,False
ENSG00000109171,SLAIN2,0.7981987297166114,0.27783313331879195,0.42875861858474984,1.0,0.2830706306625179,0.2661456114356502,0.9994264970432628,0.0,3,False,False
ENSG00000109854,HTATIP2,0.7981987297166114,0.0807209580298066,0.42875861858474984,1.0,0.21191353531200324,0.40853551552900846,0.9994264970432628,0.0,3,False,False
ENSG00000109917,ZPR1,0.7981987297166114,0.13988350719040182,0.42875861858474984,1.0,0.21851338632649608,0.3910903374290907,0.9994264970432628,0.0,3,False,False
ENSG00000111371,SLC38A1,0.7981987297166114,-0.05844521067100198,0.42875861858474984,1.0,0.058940125790095554,0.8589526312453231,0.9994264970432628,0.35391775900178174,2,False,False
ENSG00000111726,CMAS,-0.7981987297166114,-0.3187997904123731,0.42875861858474984,1.0,-0.16948964606212846,0.5073311856487288,0.9994264970432628,0.0,2,False,False
ENSG00000122126,OCRL,-0.7981987297166114,-0.18295605038272628,0.42875861858474984,1.0,-0.2099091983705416,0.4095751887776946,0.9994264970432628,0.0,3,False,False
ENSG00000123240,OPTN,0.7981987297166114,-0.13215065821854874,0.42875861858474984,1.0,0.1843328146945831,0.5948413007078353,0.9994264970432628,0.405430360345222,3,False,False
ENSG00000124214,STAU1,-0.7981987297166114,-0.03222163206101556,0.42875861858474984,1.0,-0.07228900885581899,0.7758079226124406,0.9994264970432628,0.0,2,False,False
ENSG00000125107,CNOT1,-0.7981987297166114,-0.06414475552200534,0.42875861858474984,1.0,-0.14597042384677117,0.5677299336749428,0.9994264970432628,0.0,3,False,False
ENSG00000129103,SUMF2,-0.7981987297166114,0.12236768218635706,0.42875861858474984,1.0,-0.008670397897652577,0.9757971295031247,0.9994264970432628,0.16744832285738712,2,False,False
ENSG00000129245,FXR2,-0.7981987297166114,-0.23843811329510112,0.42875861858474984,1.0,-0.2421588542288702,0.3430507215378197,0.9994264970432628,0.0,4,False,False
ENSG00000129480,DTD2,-0.7981987297166114,-0.30794239468975787,0.42875861858474984,1.0,-0.14302256936400742,0.5766848022678686,0.9994264970432628,0.0,2,False,False
ENSG00000129675,ARHGEF6,0.7981987297166114,0.1105824544362272,0.42875861858474984,1.0,0.06315117593810238,0.8050942074685619,0.9994264970432628,0.0,3,False,False
ENSG00000132383,RPA1,-0.7981987297166114,-0.2510448826480109,0.42875861858474984,1.0,-0.12657977353329392,0.6180338431248633,0.9994264970432628,0.0,3,False,False
ENSG00000132964,CDK8,-0.7981987297166114,-0.2139806604324306,0.42875861858474984,1.0,-0.16287909285835242,0.5203633077415626,0.9994264970432628,0.0,4,False,False
ENSG00000134049,IER3IP1,-0.7981987297166114,-0.5658041418753044,0.42875861858474984,1.0,-0.3075578756516957,0.23093352580280058,0.9994264970432628,0.0,3,False,False
ENSG00000134152,KATNBL1,0.7981987297166114,0.013584803437444505,0.42875861858474984,1.0,0.15520113565169016,0.5853502138150881,0.9994264970432628,0.15947056882766858,3,False,False
ENSG00000135457,TFCP2,-0.7981987297166114,-0.30838682332699097,0.42875861858474984,1.0,-0.19123372801882443,0.5331984446590778,0.9994264970432628,0.2544308879945271,3,False,False
ENSG00000136319,TTC5,-0.7981987297166114,-0.06606609968347427,0.42875861858474984,1.0,-0.10655253263932066,0.6757899802122838,0.9994264970432628,0.0,2,False,False
ENSG00000136560,TANK,-0.7981987297166114,-0.11593625626281137,0.42875861858474984,1.0,-0.4044322920867626,0.3813121568865503,0.9994264970432628,0.6209768173821903,2,False,False
ENSG00000138095,LRPPRC,-0.7981987297166114,-0.11207298002376047,0.42875861858474984,1.0,-0.09303437142871326,0.7933643602133631,0.9994264970432628,0.4250439685347606,2,False,False
ENSG00000138613,APH1B,0.7981987297166114,0.22686181539373126,0.42875861858474984,1.0,0.2794846881587774,0.45946275040555684,0.9994264970432628,0.4770778555303314,3,False,False
ENSG00000139767,SRRM4,0.7981987297166114,0.13388253654122267,0.42875861858474984,1.0,0.19135742753906632,0.45489132643084107,0.9994264970432628,0.0,2,False,False
ENSG00000143079,CTTNBP2NL,0.7981987297166114,0.13929474029868813,0.42875861858474984,1.0,0.1810413621634618,0.4772675453796006,0.9994264970432628,0.0,4,False,False
ENSG00000143157,POGK,0.7981987297166114,0.21320390967612993,0.42875861858474984,1.0,0.1800807594011533,0.47771649169778796,0.9994264970432628,0.0,3,False,False
ENSG00000151276,MAGI1,0.7981987297166114,0.13292013047305537,0.42875861858474984,1.0,0.15060179558760317,0.6528301196549608,0.9994264970432628,0.37001173625577066,2,False,False
ENSG00000157916,RER1,-0.7981987297166114,-0.14739683061880496,0.42875861858474984,1.0,-0.13993667001949142,0.5841637358458296,0.9994264970432628,0.0,2,False,False
ENSG00000165323,FAT3,-0.7981987297166114,-0.5539326987977922,0.42875861858474984,1.0,-0.16639571702003547,0.5754792402974024,0.9994264970432628,0.21425296273492336,3,False,False
ENSG00000167535,CACNB3,-0.7981987297166114,-0.09135079006543775,0.42875861858474984,1.0,-0.11837977563994863,0.6429507563356927,0.9994264970432628,0.0,2,False,False
ENSG00000169855,ROBO1,-0.7981987297166114,-0.2898368252387087,0.42875861858474984,1.0,-0.1664221414480319,0.5136014779460589,0.9994264970432628,0.0,3,False,False
ENSG00000170310,STX8,0.7981987297166114,0.15767183941497506,0.42875861858474984,1.0,0.23216929438295927,0.3640153624978134,0.9994264970432628,0.0,2,False,False
ENSG00000173575,CHD2,0.7981987297166114,0.04481611088133124,0.42875861858474984,1.0,0.12943215566509786,0.6119652556920799,0.9994264970432628,0.0,2,False,False
ENSG00000183576,SETD3,0.7981987297166114,-0.07617050889019218,0.42875861858474984,1.0,0.06526141908048154,0.797634713356204,0.9994264970432628,0.0,2,False,False
ENSG00000183735,TBK1,-0.7981987297166114,-0.28581909407460415,0.42875861858474984,1.0,-0.27840692437665926,0.27891746865314637,0.9994264970432628,0.0,2,False,False
ENSG00000186187,ZNRF1,-0.7981987297166114,-0.16957778940935714,0.42875861858474984,1.0,-0.18190835348040124,0.4773191313209537,0.9994264970432628,0.0,3,False,False
ENSG00000196177,ACADSB,-0.7981987297166114,-0.31845529734658573,0.42875861858474984,1.0,-0.2352873219393629,0.43500761145865074,0.9994264970432628,0.23348803821881714,2,False,False
ENSG00000196428,TSC22D2,0.7981987297166114,0.050698045585474034,0.42875861858474984,1.0,0.10316731869994494,0.6853175222766934,0.9994264970432628,0.0,2,False,False
ENSG00000198625,MDM4,0.7981987297166114,0.35869105497226456,0.42875861858474984,1.0,0.13984976936895635,0.5847844328794429,0.9994264970432628,0.0,2,False,False
ENSG00000232859,LYRM9,-0.7981987297166114,-0.2539236526811633,0.42875861858474984,1.0,-0.12251174380365994,0.6298316952735217,0.9994264970432628,0.0,3,False,False
ENSG00000129824,RPS4Y1,0.7913177061845718,0.6203904660601207,0.432723170816227,1.0,0.22326938253694173,0.37918366873205966,0.9994264970432628,0.0,3,False,False
ENSG00000090487,SPG21,0.7913177061845718,0.11328922718461984,0.4327783991568316,1.0,0.18499802767918178,0.4660115771211185,0.9994264970432628,0.0,4,False,False
ENSG00000006715,VPS41,0.784436682652532,0.11241441267958661,0.4368310098027076,1.0,0.20270914514609978,0.4295573718562141,0.9994264970432628,0.0,3,False,False
ENSG00000007944,MYLIP,-0.784436682652532,-0.2673959275633078,0.4368310098027076,1.0,-0.21267297835231058,0.5367023083059204,0.9994264970432628,0.39891017743064133,2,False,False
ENSG00000008056,SYN1,0.784436682652532,0.19565983942308512,0.4368310098027076,1.0,0.23730803981642767,0.41414056626260787,0.9994264970432628,0.18498290075489107,3,False,False
ENSG00000034510,TMSB10,0.784436682652532,0.1982609235915142,0.4368310098027076,1.0,0.2401196082203412,0.34561486488720694,0.9994264970432628,0.0,4,False,False
ENSG00000048649,RSF1,0.784436682652532,-0.03273094531223182,0.4368310098027076,1.0,0.1198867064450504,0.6380619906729623,0.9994264970432628,0.0,3,False,False
ENSG00000063322,MED29,-0.784436682652532,-0.11130206951140374,0.4368310098027076,1.0,-0.13804236876466114,0.5875267292924982,0.9994264970432628,0.0,1,False,False
ENSG00000101365,IDH3B,-0.784436682652532,-0.25755979641360444,0.4368310098027076,1.0,-0.2225605486942538,0.38165222013411604,0.9994264970432628,0.0,3,False,False
ENSG00000107819,SFXN3,0.784436682652532,0.1693146859954155,0.4368310098027076,1.0,0.24363942691861015,0.34193513133056197,0.9994264970432628,0.0,2,False,False
ENSG00000108848,LUC7L3,0.784436682652532,0.06941801764955295,0.4368310098027076,1.0,0.19546528916677958,0.5266635708817959,0.9994264970432628,0.26253080780357635,2,False,False
ENSG00000116285,ERRFI1,-0.784436682652532,-0.2062891839073751,0.4368310098027076,1.0,-0.17846252859295011,0.48316341198096835,0.9994264970432628,0.0,3,False,False
ENSG00000120675,DNAJC15,0.784436682652532,0.0442068384689573,0.4368310098027076,1.0,0.16288349233673946,0.6174056809839854,0.9994264970432628,0.33162665998430074,2,False,False
ENSG00000124523,SIRT5,-0.784436682652532,-0.45874485310738994,0.4368310098027076,1.0,-0.3914465245111484,0.12759497482345467,0.9994264970432628,0.0,4,False,False
ENSG00000130175,PRKCSH,-0.784436682652532,-0.18553438875061073,0.4368310098027076,1.0,-0.24246578871618274,0.3487575639899372,0.9994264970432628,0.011768563510849256,2,False,False
ENSG00000132437,DDC,0.784436682652532,0.06610747065736436,0.4368310098027076,1.0,0.1957465995294699,0.443682303653005,0.9994264970432628,0.0,3,False,False
ENSG00000135164,DMTF1,-0.784436682652532,-0.008676220446902846,0.4368310098027076,1.0,-0.09678881158747775,0.7035539463483026,0.9994264970432628,0.0,3,False,False
ENSG00000136875,PRPF4,-0.784436682652532,-0.17391792866164646,0.4368310098027076,1.0,-0.10447993796376741,0.6816373895384173,0.9994264970432628,0.0,2,False,False
ENSG00000136891,TEX10,0.784436682652532,0.17580878038158712,0.4368310098027076,1.0,0.17267590219505125,0.564923085264172,0.9994264970432628,0.23428447343533035,3,False,False
ENSG00000137547,MRPL15,-0.784436682652532,-0.13052534299610466,0.4368310098027076,1.0,-0.0983656554376197,0.7001475249126392,0.9994264970432628,0.0,2,False,False
ENSG00000137955,RABGGTB,-0.784436682652532,-0.19189681059292021,0.4368310098027076,1.0,-0.18049999972259612,0.47918951265689214,0.9994264970432628,0.0,3,False,False
ENSG00000139324,TMTC3,-0.784436682652532,-0.5543175505729929,0.4368310098027076,1.0,-0.21515638178921734,0.5233341880499022,0.9994264970432628,0.3761435867639512,2,False,False
ENSG00000139645,ANKRD52,0.784436682652532,0.10567837279448695,0.4368310098027076,1.0,0.20626090800705646,0.5161916237023312,0.9994264970432628,0.30357026574394064,2,False,False
ENSG00000143324,XPR1,-0.784436682652532,-0.24929440559286598,0.4368310098027076,1.0,-0.1761449481044705,0.6107858594083642,0.9994264970432628,0.4066274584496644,2,False,False
ENSG00000151148,UBE3B,-0.784436682652532,-0.09781895077974376,0.4368310098027076,1.0,-0.21621842022084914,0.39552389959711576,0.9994264970432628,0.0,3,False,False
ENSG00000153561,RMND5A,0.784436682652532,-0.05030915323124831,0.4368310098027076,1.0,0.1135969417412649,0.7226999217479126,0.9994264970432628,0.3199097875756174,2,False,False
ENSG00000154478,GPR26,-0.784436682652532,-0.2625558208826544,0.4368310098027076,1.0,-0.17190473977443305,0.5020546436099913,0.9994264970432628,0.0,3,False,False
ENSG00000155329,ZCCHC10,0.784436682652532,0.12387793879128656,0.4368310098027076,1.0,0.040357346055832605,0.8834417629151774,0.9994264970432628,0.11169286596995269,2,False,False
ENSG00000157045,NTAN1,0.784436682652532,0.16408022272713177,0.4368310098027076,1.0,0.19857030757038066,0.43556861765097454,0.9994264970432628,0.0,3,False,False
ENSG00000160959,LRRC14,-0.784436682652532,-0.12899787681465674,0.4368310098027076,1.0,-0.1861655905947802,0.46563036936850355,0.9994264970432628,0.0,3,False,False
ENSG00000162104,ADCY9,0.784436682652532,-0.24867074889485233,0.4368310098027076,1.0,-0.051882236339048184,0.8392559808861951,0.9994264970432628,0.0,2,False,False
ENSG00000165185,KIAA1958,-0.784436682652532,-0.3561168986728864,0.4368310098027076,1.0,-0.18472614769912116,0.4696294423491151,0.9994264970432628,0.0,2,False,False
ENSG00000167733,HSD11B1L,0.784436682652532,0.12392760802165671,0.4368310098027076,1.0,0.1112772884153442,0.6620985184108377,0.9994264970432628,0.0,3,False,False
ENSG00000170075,GPR37L1,0.784436682652532,0.08873173904499318,0.4368310098027076,1.0,0.25925615638850574,0.6159833077335561,0.9994264970432628,0.7149758424206103,2,False,False
ENSG00000181449,SOX2,-0.784436682652532,-0.32528382205278156,0.4368310098027076,1.0,-0.19865626304152018,0.47812858327848906,0.9994264970432628,0.13189655312651116,3,False,False
ENSG00000183597,TANGO2,-0.784436682652532,-0.1894920023233002,0.4368310098027076,1.0,-0.12210491629334826,0.6316542468332613,0.9994264970432628,0.0,3,False,False
ENSG00000184014,DENND5A,0.784436682652532,0.03383204090780209,0.4368310098027076,1.0,0.11930440149079707,0.63797906126421,0.9994264970432628,0.0,2,False,False
ENSG00000204856,FAM216A,0.784436682652532,0.2825077580476355,0.4368310098027076,1.0,0.21188347158624013,0.4064704127863147,0.9994264970432628,0.0,3,False,False
ENSG00000161542,PRPSAP1,-0.7775556591204922,-0.06391438433271743,0.4408943264327361,1.0,0.007576726584895109,0.9763429346166663,0.9994264970432628,0.0,3,False,False
ENSG00000182916,TCEAL7,0.7775556591204922,-0.019262089019308676,0.4408943264327361,1.0,0.19230420371460163,0.6180496665120304,0.9994264970432628,0.5102549882947577,3,False,False
ENSG00000136381,IREB2,0.7706746355884524,-0.25068449507723467,0.4449847809059695,1.0,-0.015463648523289202,0.955728245958007,0.9994264970432628,0.13240673929379984,3,False,False
ENSG00000015532,XYLT2,-0.7706746355884524,-0.12444616771648989,0.44499024416657196,1.0,-0.13355603105260336,0.6005419345649033,0.9994264970432628,0.0,2,False,False
ENSG00000018189,RUFY3,-0.7706746355884524,-0.23937004731135597,0.44499024416657196,1.0,-0.2000812269199696,0.555771127097898,0.9994264970432628,0.3751572296456772,2,False,False
ENSG00000023572,GLRX2,0.7706746355884524,0.1543722691557517,0.44499024416657196,1.0,0.1680536260192192,0.662356719867975,0.9994264970432628,0.5083712307835591,3,False,False
ENSG00000041353,RAB27B,0.7706746355884524,0.051734514342469125,0.44499024416657196,1.0,0.13365039912457763,0.5996024898894506,0.9994264970432628,0.0,3,False,False
ENSG00000082898,XPO1,0.7706746355884524,0.06698552313945662,0.44499024416657196,1.0,0.1964287753250309,0.44074519420133595,0.9994264970432628,0.0,3,False,False
ENSG00000090097,PCBP4,0.7706746355884524,0.1863015339475755,0.44499024416657196,1.0,0.17313346330033244,0.4947459109309287,0.9994264970432628,0.0,3,False,False
ENSG00000092847,AGO1,0.7706746355884524,0.08846928788394333,0.44499024416657196,1.0,0.13401545561090505,0.5991932349741453,0.9994264970432628,0.0,3,False,False
ENSG00000101367,MAPRE1,-0.7706746355884524,-0.2435284089879791,0.44499024416657196,1.0,-0.20060617965869637,0.43170683368704943,0.9994264970432628,0.0,2,False,False
ENSG00000101940,WDR13,-0.7706746355884524,0.03776310419225053,0.44499024416657196,1.0,0.0004653261187218443,0.998533595240015,0.9994264970432628,0.0,2,False,False
ENSG00000101972,STAG2,-0.7706746355884524,-0.15058348215829412,0.44499024416657196,1.0,-0.07964792599444717,0.7535272709573246,0.9994264970432628,0.0,3,False,False
ENSG00000103429,BFAR,0.7706746355884524,-0.05672848235549705,0.44499024416657196,1.0,0.02653015725266639,0.916804986828071,0.9994264970432628,0.0,3,False,False
ENSG00000107185,RGP1,0.7706746355884524,0.12394571690353041,0.44499024416657196,1.0,0.2206071882251448,0.38820065464221865,0.9994264970432628,0.0,2,False,False
ENSG00000111907,TPD52L1,0.7706746355884524,-0.08303235765789653,0.44499024416657196,1.0,0.06763599527714191,0.8065320556640512,0.9994264970432628,0.11774044860930023,2,False,False
ENSG00000112312,GMNN,0.7706746355884524,0.2858926322271325,0.44499024416657196,1.0,0.2801621107550155,0.2712961124885429,0.9994264970432628,0.0,4,False,False
ENSG00000113456,RAD1,0.7706746355884524,0.011413798292548374,0.44499024416657196,1.0,0.1850106119415561,0.4995103121871155,0.9994264970432628,0.10447053791784545,3,False,False
ENSG00000115350,POLE4,-0.7706746355884524,-0.13007169119571108,0.44499024416657196,1.0,-0.10671627322110423,0.6734264005186419,0.9994264970432628,0.0,3,False,False
ENSG00000115380,EFEMP1,0.7706746355884524,0.05509736778035213,0.44499024416657196,1.0,0.0922541957780489,0.8049113495321454,0.9994264970432628,0.46797144663672074,2,False,False
ENSG00000115415,STAT1,0.7706746355884524,0.13506463326299467,0.44499024416657196,1.0,0.21880556800012152,0.4912892074937786,0.9994264970432628,0.30512694317747036,3,False,False
ENSG00000115944,COX7A2L,-0.7706746355884524,-0.0572301275444998,0.44499024416657196,1.0,-0.12231478089413937,0.7985396355399701,0.9994264970432628,0.6754809180581385,1,False,False
ENSG00000116809,ZBTB17,0.7706746355884524,0.18060658346461442,0.44499024416657196,1.0,0.2058848269250834,0.4220950632671564,0.9994264970432628,0.0,3,False,False
ENSG00000118276,B4GALT6,-0.7706746355884524,-0.3106018689492703,0.44499024416657196,1.0,-0.26832687726842563,0.29395585454456274,0.9994264970432628,0.0,3,False,False
ENSG00000120533,ENY2,-0.7706746355884524,-0.30836445510846755,0.44499024416657196,1.0,-0.2557065647832888,0.3143287811363885,0.9994264970432628,0.0,4,False,False
ENSG00000122733,PHF24,-0.7706746355884524,-0.0974671903825743,0.44499024416657196,1.0,-0.19131800100655802,0.45297173939228197,0.9994264970432628,0.0,2,False,False
ENSG00000124140,SLC12A5,0.7706746355884524,-0.07352324008832321,0.44499024416657196,1.0,0.17137635885165253,0.5656340448589006,0.9994264970432628,0.2235327690713285,3,False,False
ENSG00000131381,RBSN,0.7706746355884524,0.20046385424659854,0.44499024416657196,1.0,0.23434319944611212,0.35654942229787223,0.9994264970432628,0.0,3,False,False
ENSG00000134046,MBD2,-0.7706746355884524,-0.31537904568011565,0.44499024416657196,1.0,-0.265980238420622,0.29669256153757717,0.9994264970432628,0.0,3,False,False
ENSG00000138398,PPIG,0.7706746355884524,0.23592837069216882,0.44499024416657196,1.0,0.3173277917247135,0.21270266788842362,0.9994264970432628,0.0,4,False,False
ENSG00000141429,GALNT1,0.7706746355884524,0.03731424097420757,0.44499024416657196,1.0,0.15326886412856644,0.547578406580947,0.9994264970432628,0.0,2,False,False
ENSG00000143248,RGS5,-0.7706746355884524,-0.2617645394488143,0.44499024416657196,1.0,-0.17318092901804366,0.5968243600496286,0.9994264970432628,0.3329553759180653,3,False,False
ENSG00000144228,SPOPL,0.7706746355884524,0.04893068851570001,0.44499024416657196,1.0,0.1592425893262264,0.531359584034286,0.9994264970432628,0.0,3,False,False
ENSG00000148290,SURF1,0.7706746355884524,-0.15362800282700276,0.44499024416657196,1.0,0.2565232916203889,0.5155620950987123,0.9994264970432628,0.5300744230784503,3,False,False
ENSG00000148700,ADD3,0.7706746355884524,0.22855842969910858,0.44499024416657196,1.0,0.22378258227264936,0.46274525442717795,0.9994264970432628,0.24867359058827243,3,False,False
ENSG00000154277,UCHL1,0.7706746355884524,-0.08172767031853335,0.44499024416657196,1.0,0.16395641310225775,0.5203690932059415,0.9994264970432628,0.0,3,False,False
ENSG00000154978,VOPP1,-0.7706746355884524,-0.06789738716135522,0.44499024416657196,1.0,-0.18667493291710385,0.4649296378662858,0.9994264970432628,0.0,2,False,False
ENSG00000157064,NMNAT2,-0.7706746355884524,0.24336559937076963,0.44499024416657196,1.0,-0.09862720259866074,0.7904788798138969,0.9994264970432628,0.4613459815993227,2,False,False
ENSG00000158457,TSPAN33,0.7706746355884524,-0.006935096487197496,0.44499024416657196,1.0,0.14648763025243514,0.6528920059086278,0.9994264970432628,0.33088249030076183,2,False,False
ENSG00000161048,NAPEPLD,-0.7706746355884524,-0.4209978862240272,0.44499024416657196,1.0,-0.2002928424521741,0.4337165328244249,0.9994264970432628,0.0,2,False,False
ENSG00000164609,SLU7,-0.7706746355884524,-0.16738966767611274,0.44499024416657196,1.0,-0.14043453219476654,0.5820495582239795,0.9994264970432628,0.0,3,False,False
ENSG00000164978,NUDT2,-0.7706746355884524,-0.2881615135664285,0.44499024416657196,1.0,-0.18861353416925447,0.46134520547193336,0.9994264970432628,0.0,2,False,False
ENSG00000165113,GKAP1,0.7706746355884524,0.08618534540431434,0.44499024416657196,1.0,0.3377228659960616,0.3830708142091057,0.9994264970432628,0.5008386303290185,3,False,False
ENSG00000169926,KLF13,0.7706746355884524,0.15880389692140431,0.44499024416657196,1.0,0.23447049921514218,0.357424161458879,0.9994264970432628,0.0,3,False,False
ENSG00000171843,MLLT3,0.7706746355884524,0.17276558029503866,0.44499024416657196,1.0,0.1784368178621984,0.48189177020179896,0.9994264970432628,0.0,3,False,False
ENSG00000176595,KBTBD11,0.7706746355884524,0.0214059801416822,0.44499024416657196,1.0,0.13479219129461045,0.5968746232625931,0.9994264970432628,0.0,3,False,False
ENSG00000184076,UQCR10,0.7706746355884524,0.09206248211305362,0.44499024416657196,1.0,0.193894895630157,0.44599782174654656,0.9994264970432628,0.0,3,False,False
ENSG00000184672,RALYL,-0.7706746355884524,-0.45941242874046156,0.44499024416657196,1.0,-0.26084013156682406,0.30940946100623834,0.9994264970432628,0.0,3,False,False
ENSG00000185774,KCNIP4,0.7706746355884524,-0.1347380062972048,0.44499024416657196,1.0,0.40037676999159016,0.4962474773812512,0.9994264970432628,0.7562150578332795,2,False,False
ENSG00000228474,OST4,-0.7706746355884524,-0.8300297859790366,0.44499024416657196,1.0,-0.3112178332783521,0.3627825807530557,0.9994264970432628,0.3853572248344467,2,False,False
ENSG00000261115,TMEM178B,-0.7706746355884524,-0.15674457711087528,0.44499024416657196,1.0,-0.13036771424869956,0.6070933994765824,0.9994264970432628,0.0,3,False,False
ENSG00000099204,ABLIM1,0.7637936120564127,0.1704394075514107,0.44909679053260854,1.0,0.2042102859787441,0.42138100074981133,0.9994264970432628,0.0,3,False,False
ENSG00000143153,ATP1B1,-0.7569125885243729,-0.10787531110257992,0.4532302731774881,1.0,-0.31962680347853406,0.5192260743013641,0.9994264970432628,0.6689744813848624,2,False,False
ENSG00000003509,NDUFAF7,0.7569125885243729,0.09783009367004789,0.4532356941772919,1.0,0.11727487788770131,0.6458466669664178,0.9994264970432628,0.0,1,False,False
ENSG00000013374,NUB1,0.7569125885243729,0.0538090618174984,0.4532356941772919,1.0,0.10228693804433311,0.6866328669076389,0.9994264970432628,0.0,2,False,False
ENSG00000023228,NDUFS1,-0.7569125885243729,-0.015294452911385606,0.4532356941772919,1.0,-0.12670278986880948,0.660173592309668,0.9994264970432628,0.17124024956000225,2,False,False
ENSG00000050748,MAPK9,-0.7569125885243729,-0.11902489582740128,0.4532356941772919,1.0,-0.09168742942322015,0.7178734546153269,0.9994264970432628,0.0,2,False,False
ENSG00000064042,LIMCH1,0.7569125885243729,-0.0749330489062956,0.4532356941772919,1.0,0.0586837035547994,0.8176472203617379,0.9994264970432628,0.0,3,False,False
ENSG00000070814,TCOF1,-0.7569125885243729,-0.3471257637340846,0.4532356941772919,1.0,-0.17715413142994227,0.6540639297537358,0.9994264970432628,0.5370134165936165,2,False,False
ENSG00000100888,CHD8,-0.7569125885243729,-0.3032589462444678,0.4532356941772919,1.0,-0.18353073939578834,0.4697713766559434,0.9994264970432628,0.0,3,False,False
ENSG00000105649,RAB3A,0.7569125885243729,0.38421950889194534,0.4532356941772919,1.0,0.21879757992448556,0.4340910170585286,0.9994264970432628,0.13244718595985627,2,False,False
ENSG00000105835,NAMPT,0.7569125885243729,0.00454333075691163,0.4532356941772919,1.0,0.06927162141614662,0.7861549960931028,0.9994264970432628,0.0,3,False,False
ENSG00000109832,DDX25,-0.7569125885243729,-0.31327695839263425,0.4532356941772919,1.0,-0.22310564480966175,0.3818117046045062,0.9994264970432628,0.0,3,False,False
ENSG00000117758,STX12,-0.7569125885243729,-0.3101036364992422,0.4532356941772919,1.0,-0.1651636399071934,0.5664155381792051,0.9994264970432628,0.17898433266374383,3,False,False
ENSG00000122012,SV2C,-0.7569125885243729,-0.03926171513443043,0.4532356941772919,1.0,-0.3662903864922717,0.46173846598359025,0.9994264970432628,0.6656113597058455,2,False,False
ENSG00000124194,GDAP1L1,0.7569125885243729,0.3198348034225052,0.4532356941772919,1.0,0.1681568995863138,0.5103209577953152,0.9994264970432628,0.0,2,False,False
ENSG00000124275,MTRR,-0.7569125885243729,-0.48163180351344054,0.4532356941772919,1.0,-0.2825400609483827,0.27002957662848026,0.9994264970432628,0.0,3,False,False
ENSG00000124356,STAMBP,0.7569125885243729,-0.2554217014529772,0.4532356941772919,1.0,0.10348974648480395,0.8124862758514386,0.9994264970432628,0.6154608895346001,2,False,False
ENSG00000124588,NQO2,0.7569125885243729,0.2493856612122868,0.4532356941772919,1.0,0.17794110912158242,0.48319831492931775,0.9994264970432628,0.0,4,False,False
ENSG00000125534,PPDPF,0.7569125885243729,0.26529954082968876,0.4532356941772919,1.0,0.20392417706402766,0.4252556801347267,0.9994264970432628,0.0,3,False,False
ENSG00000125629,INSIG2,-0.7569125885243729,-0.0973759812820853,0.4532356941772919,1.0,-0.13811700125795565,0.5862020740161653,0.9994264970432628,0.0,3,False,False
ENSG00000135414,GDF11,-0.7569125885243729,-0.1647320043293579,0.4532356941772919,1.0,-0.15570742742903335,0.540836180249723,0.9994264970432628,0.0,2,False,False
ENSG00000135677,GNS,-0.7569125885243729,-0.05801120054444277,0.4532356941772919,1.0,-0.1877699304843939,0.459889473267333,0.9994264970432628,0.0,3,False,False
ENSG00000135698,MPHOSPH6,-0.7569125885243729,-0.38732739787315196,0.4532356941772919,1.0,-0.280230993546646,0.4459839958906001,0.9994264970432628,0.4659820166117664,2,False,False
ENSG00000136099,PCDH8,-0.7569125885243729,-0.658166035535462,0.4532356941772919,1.0,-0.21466567599387643,0.3987319903202471,0.9994264970432628,0.0,3,False,False
ENSG00000136888,ATP6V1G1,0.7569125885243729,0.10645050539442724,0.4532356941772919,1.0,0.15301885418508737,0.5495640132136643,0.9994264970432628,0.0,2,False,False
ENSG00000141469,SLC14A1,-0.7569125885243729,-0.29444137797880926,0.4532356941772919,1.0,-0.17936270319656678,0.4829554500024579,0.9994264970432628,0.0,2,False,False
ENSG00000142534,RPS11,0.7569125885243729,-0.02934503666828288,0.4532356941772919,1.0,0.13517836704989855,0.6550552791315631,0.9994264970432628,0.23956264951599623,2,False,False
ENSG00000145907,G3BP1,0.7569125885243729,0.05106154791773702,0.4532356941772919,1.0,0.18079340371333397,0.6420971987920654,0.9994264970432628,0.5088938353270053,3,False,False
ENSG00000152223,EPG5,-0.7569125885243729,-0.06312889567952605,0.4532356941772919,1.0,-0.09210417271651293,0.7172923680041777,0.9994264970432628,0.0,3,False,False
ENSG00000152413,HOMER1,0.7569125885243729,-0.033497376540431674,0.4532356941772919,1.0,0.025386548743325514,0.9546718355238738,0.9994264970432628,0.6297802622999713,2,False,False
ENSG00000152932,RAB3C,-0.7569125885243729,-0.5017847835719875,0.4532356941772919,1.0,-0.16520728834632264,0.5156068661857607,0.9994264970432628,0.0,3,False,False
ENSG00000156599,ZDHHC5,-0.7569125885243729,-0.07533067586295344,0.4532356941772919,1.0,-0.1003957229898665,0.6920485331252995,0.9994264970432628,0.0,3,False,False
ENSG00000159479,MED8,-0.7569125885243729,-0.3808639924309253,0.4532356941772919,1.0,-0.1663654567676254,0.5613906154026443,0.9994264970432628,0.16913890478008112,2,False,False
ENSG00000165028,NIPSNAP3B,-0.7569125885243729,-0.3316086871419158,0.4532356941772919,1.0,-0.1763424726281481,0.4903255444879724,0.9994264970432628,0.0,3,False,False
ENSG00000165644,COMTD1,-0.7569125885243729,-0.08725363213672434,0.4532356941772919,1.0,-0.13441831639477625,0.6126157938842278,0.9994264970432628,0.05620903559385727,3,False,False
ENSG00000165731,RET,0.7569125885243729,0.22832264479419098,0.4532356941772919,1.0,0.19938500374520401,0.4316417551017302,0.9994264970432628,0.0,4,False,False
ENSG00000166167,BTRC,-0.7569125885243729,-0.026489174936685768,0.4532356941772919,1.0,-0.0689579474777157,0.7857633134687076,0.9994264970432628,0.0,3,False,False
ENSG00000167881,SRP68,-0.7569125885243729,-0.10813365188268706,0.4532356941772919,1.0,-0.11109259573329285,0.7299383865053282,0.9994264970432628,0.32451334690294437,1,False,False
ENSG00000170471,RALGAPB,-0.7569125885243729,-0.19134204018696205,0.4532356941772919,1.0,-0.14669060913330056,0.563297694832005,0.9994264970432628,0.0,3,False,False
ENSG00000172869,DMXL1,-0.7569125885243729,-0.16526921961267746,0.4532356941772919,1.0,-0.20281801694581603,0.5368734001425672,0.9994264970432628,0.3439753848477323,3,False,False
ENSG00000175348,TMEM9B,-0.7569125885243729,-0.1647727170577068,0.4532356941772919,1.0,-0.2084864480193771,0.42757732520124436,0.9994264970432628,0.037584449535821456,2,False,False
ENSG00000176624,MEX3C,-0.7569125885243729,-0.14497124662024832,0.4532356941772919,1.0,-0.17656397426909232,0.5239797265342049,0.9994264970432628,0.12058467895743892,2,False,False
ENSG00000177200,CHD9,0.7569125885243729,0.15892441361306378,0.4532356941772919,1.0,0.18515469415524835,0.4681633190368375,0.9994264970432628,0.0,2,False,False
ENSG00000182512,GLRX5,-0.7569125885243729,-0.6491205185616737,0.4532356941772919,1.0,-0.2626160969241634,0.32853958919403314,0.9994264970432628,0.07131940495697048,3,False,False
ENSG00000196368,NUDT11,0.7569125885243729,0.30294292025995967,0.4532356941772919,1.0,0.37372873968287806,0.3734680982975679,0.9994264970432628,0.5578633379563386,3,False,False
ENSG00000196376,SLC35F1,-0.7569125885243729,-0.12859759351577302,0.4532356941772919,1.0,-0.19825895626823106,0.4390849528004621,0.9994264970432628,0.0,3,False,False
ENSG00000197345,MRPL21,0.7569125885243729,0.32132307168693214,0.4532356941772919,1.0,0.22007233662044792,0.5067752410031883,0.9994264970432628,0.35649519078983277,3,False,False
ENSG00000198160,MIER1,0.7569125885243729,0.1409582692070234,0.4532356941772919,1.0,0.2536069511951638,0.319289781780594,0.9994264970432628,0.0,3,False,False
ENSG00000205269,TMEM170B,-0.7569125885243729,-0.49563932247146764,0.4532356941772919,1.0,-0.3943384288880926,0.3561788083358146,0.9994264970432628,0.5820444729716597,2,False,False
ENSG00000232119,MCTS1,0.7569125885243729,0.18404870080163266,0.4532356941772919,1.0,0.15637190506324652,0.5382339743880558,0.9994264970432628,0.0,3,False,False
ENSG00000104880,ARHGEF18,-0.7500315649923331,-0.21894493513240285,0.4573851442378002,1.0,-0.32996479073702384,0.19615924631811077,0.9994264970432628,0.0,4,False,False
ENSG00000105245,NUMBL,0.7431505414602935,0.17973439990159956,0.4615613166423137,1.0,0.08623011347770726,0.7349285255650486,0.9994264970432628,0.0,1,False,False
ENSG00000007392,LUC7L,-0.7431505414602935,-0.10380402659491948,0.4615666928789087,1.0,-0.11330036888193191,0.6571472550581114,0.9994264970432628,0.0,3,False,False
ENSG00000020426,MNAT1,-0.7431505414602935,-0.3302778168963729,0.4615666928789087,1.0,-0.1759279139797883,0.6356177257221386,0.9994264970432628,0.4778230782953205,2,False,False
ENSG00000024862,CCDC28A,0.7431505414602935,-0.06673499767215786,0.4615666928789087,1.0,0.2452313306168186,0.45627828787580027,0.9994264970432628,0.3467346111328556,3,False,False
ENSG00000025293,PHF20,0.7431505414602935,0.30260261217828016,0.4615666928789087,1.0,0.3270043367803494,0.19979954534600552,0.9994264970432628,0.0,4,False,False
ENSG00000049245,VAMP3,0.7431505414602935,0.047620915017905725,0.4615666928789087,1.0,0.09526314003895946,0.7096947994451566,0.9994264970432628,0.0,2,False,False
ENSG00000055163,CYFIP2,0.7431505414602935,0.2444975095392448,0.4615666928789087,1.0,0.19857955041513126,0.4720680254164903,0.9994264970432628,0.11257320695190931,2,False,False
ENSG00000058335,RASGRF1,-0.7431505414602935,-0.005835719534564632,0.4615666928789087,1.0,-0.32400661737237135,0.4689047543016417,0.9994264970432628,0.6054315586975815,2,False,False
ENSG00000068024,HDAC4,0.7431505414602935,0.1462498989687465,0.4615666928789087,1.0,0.09353399427362698,0.7242101023250052,0.9994264970432628,0.05513887576668981,2,False,False
ENSG00000075711,DLG1,-0.7431505414602935,-0.03575331459445158,0.4615666928789087,1.0,-0.057292820610103365,0.8214615822046325,0.9994264970432628,0.0,3,False,False
ENSG00000082556,OPRK1,0.7431505414602935,0.1435993434342551,0.4615666928789087,1.0,0.2023181517581415,0.5033349119574948,0.9994264970432628,0.23726194472746753,3,False,False
ENSG00000087502,ERGIC2,0.7431505414602935,0.02455199490688532,0.4615666928789087,1.0,0.02015617971461599,0.9367417380103544,0.9994264970432628,0.0,2,False,False
ENSG00000091164,TXNL1,0.7431505414602935,0.15549224428368502,0.4615666928789087,1.0,0.2408340542684449,0.3439946053290165,0.9994264970432628,0.0,3,False,False
ENSG00000100034,PPM1F,0.7431505414602935,0.22580623880270637,0.4615666928789087,1.0,0.3783105769001602,0.139239833614926,0.9994264970432628,0.0,4,False,False
ENSG00000101182,PSMA7,0.7431505414602935,0.11256108167035984,0.4615666928789087,1.0,0.2779828231186705,0.2772485848645323,0.9994264970432628,0.0,3,False,False
ENSG00000103253,HAGHL,-0.7431505414602935,0.09125089173922071,0.4615666928789087,1.0,-0.18724503264233414,0.5398358127128047,0.9994264970432628,0.25602526098228895,3,False,False
ENSG00000105357,MYH14,0.7431505414602935,0.12768188343168937,0.4615666928789087,1.0,0.14257304894434802,0.5806782011666565,0.9994264970432628,0.011386636936416651,2,False,False
ENSG00000108107,RPL28,0.7431505414602935,0.20103232422766462,0.4615666928789087,1.0,0.1922802014052969,0.44908334438062825,0.9994264970432628,0.0,3,False,False
ENSG00000113384,GOLPH3,-0.7431505414602935,-0.2117620356670965,0.4615666928789087,1.0,-0.19844516576121052,0.4352707848374936,0.9994264970432628,0.0,3,False,False
ENSG00000113387,SUB1,-0.7431505414602935,-0.037224858049352376,0.4615666928789087,1.0,-0.05735102195140931,0.8220595282696829,0.9994264970432628,0.0,2,False,False
ENSG00000114867,EIF4G1,-0.7431505414602935,-0.03769767333823265,0.4615666928789087,1.0,-0.10385264469273298,0.6834418408878318,0.9994264970432628,0.0,2,False,False
ENSG00000116560,SFPQ,0.7431505414602935,-0.06331106556189313,0.4615666928789087,1.0,0.07297906057487032,0.7810878293758028,0.9994264970432628,0.03886195504246003,2,False,False
ENSG00000123728,RAP2C,-0.7431505414602935,-0.3008398603246876,0.4615666928789087,1.0,-0.20279742792831368,0.4248878860274159,0.9994264970432628,0.0,3,False,False
ENSG00000124802,EEF1E1,-0.7431505414602935,-0.09544672386038688,0.4615666928789087,1.0,-0.07984413893939343,0.7541059816386854,0.9994264970432628,0.0,2,False,False
ENSG00000130024,PHF10,0.7431505414602935,0.08145379925694753,0.4615666928789087,1.0,0.15992233826066762,0.5325777594442895,0.9994264970432628,0.0,3,False,False
ENSG00000131773,KHDRBS3,0.7431505414602935,0.021442414869841716,0.4615666928789087,1.0,0.1197323452392199,0.8115924680589219,0.9994264970432628,0.7006092522874082,2,False,False
ENSG00000134375,TIMM17A,0.7431505414602935,0.3226850208038907,0.4615666928789087,1.0,0.2604003303967794,0.30622284832041424,0.9994264970432628,0.0,4,False,False
ENSG00000135930,EIF4E2,0.7431505414602935,-0.0035252327482858054,0.4615666928789087,1.0,0.03693937703210784,0.9190663501105727,0.9994264970432628,0.45846527074214843,1,False,False
ENSG00000136848,DAB2IP,-0.7431505414602935,-0.25920873806000794,0.4615666928789087,1.0,-0.22269260633267793,0.3806682735479744,0.9994264970432628,0.0,4,False,False
ENSG00000137486,ARRB1,-0.7431505414602935,-0.3760847505071013,0.4615666928789087,1.0,-0.2860434651797955,0.26615801853994814,0.9994264970432628,0.0,3,False,False
ENSG00000143442,POGZ,0.7431505414602935,0.03317792130119052,0.4615666928789087,1.0,0.12343308458520301,0.6266402954141486,0.9994264970432628,0.0,2,False,False
ENSG00000151414,NEK7,-0.7431505414602935,-0.3124495019094765,0.4615666928789087,1.0,-0.24966942419758106,0.3275703771204621,0.9994264970432628,0.0,3,False,False
ENSG00000152778,IFIT5,0.7431505414602935,-0.10771795016269538,0.4615666928789087,1.0,0.08499706687798189,0.7381497264192638,0.9994264970432628,0.0,2,False,False
ENSG00000157851,DPYSL5,-0.7431505414602935,-0.006075537473385992,0.4615666928789087,1.0,-0.12552714157166187,0.6213118709618699,0.9994264970432628,0.0,3,False,False
ENSG00000160307,S100B,0.7431505414602935,0.030349536430597998,0.4615666928789087,1.0,0.07082247820897121,0.8008271125780214,0.9994264970432628,0.13647375019540953,2,False,False
ENSG00000162298,SYVN1,-0.7431505414602935,-0.29031483551779336,0.4615666928789087,1.0,-0.24028016569404106,0.34748012522187544,0.9994264970432628,0.0,3,False,False
ENSG00000163635,ATXN7,0.7431505414602935,0.21337052780602386,0.4615666928789087,1.0,0.11966530330063077,0.6366799421600794,0.9994264970432628,0.0,4,False,False
ENSG00000166181,API5,0.7431505414602935,-0.0293726169613064,0.4615666928789087,1.0,0.15442847547347663,0.5468497431771027,0.9994264970432628,0.0,3,False,False
ENSG00000166848,TERF2IP,-0.7431505414602935,-0.21448498538843808,0.4615666928789087,1.0,-0.16673588055110428,0.5118809879800416,0.9994264970432628,0.0,2,False,False
ENSG00000169567,HINT1,0.7431505414602935,-0.030808987025333617,0.4615666928789087,1.0,0.19582799392735012,0.44460124856948713,0.9994264970432628,0.0,3,False,False
ENSG00000170456,DENND5B,0.7431505414602935,-0.1019529596493794,0.4615666928789087,1.0,0.17906271058314144,0.6196212326422267,0.9994264970432628,0.4483439406929677,3,False,False
ENSG00000171450,CDK5R2,-0.7431505414602935,-0.05231019878931584,0.4615666928789087,1.0,-0.07745968304462732,0.7596771920109332,0.9994264970432628,0.0,3,False,False
ENSG00000172922,RNASEH2C,0.7431505414602935,-0.15668125621621487,0.4615666928789087,1.0,0.16163567681479724,0.6196104642173677,0.9994264970432628,0.337663801718101,2,False,False
ENSG00000177981,ASB8,0.7431505414602935,0.033131405046150926,0.4615666928789087,1.0,0.09080739466688058,0.7218862719625891,0.9994264970432628,0.0,2,False,False
ENSG00000181061,HIGD1A,-0.7431505414602935,-0.22823879991689788,0.4615666928789087,1.0,-0.17829820765570312,0.48250403323450874,0.9994264970432628,0.0,4,False,False
ENSG00000184602,SNN,0.7431505414602935,-0.04176957304146762,0.4615666928789087,1.0,0.09736983231460797,0.7028566806199444,0.9994264970432628,0.0,3,False,False
ENSG00000184640,SEPTIN9,-0.7431505414602935,-0.21066761627678607,0.4615666928789087,1.0,-0.16838801344621943,0.5100420444286221,0.9994264970432628,0.0,2,False,False
ENSG00000187742,SECISBP2,0.7431505414602935,0.036457218930153676,0.4615666928789087,1.0,0.17971757348554807,0.49472231896205443,0.9994264970432628,0.0416479003976738,2,False,False
ENSG00000189337,KAZN,0.7431505414602935,-0.14740060659379278,0.4615666928789087,1.0,0.10089420598217398,0.8402777369931602,0.9994264970432628,0.7035097953003058,2,False,False
ENSG00000196715,VKORC1L1,-0.7431505414602935,-0.09356713044991978,0.4615666928789087,1.0,-0.10679902246250343,0.6748380757841386,0.9994264970432628,0.0,3,False,False
ENSG00000197077,KIAA1671,-0.7431505414602935,-0.16104532383885542,0.4615666928789087,1.0,-0.2007459959243369,0.48343352762173963,0.9994264970432628,0.16750328491100197,2,False,False
ENSG00000197548,ATG7,0.7431505414602935,-0.06150168416112962,0.4615666928789087,1.0,0.1002903261881257,0.7726474975211186,0.9994264970432628,0.4111865219439125,3,False,False
ENSG00000131711,MAP1B,0.7362695179282537,0.15507609717455548,0.46575870085106175,1.0,0.15511396059794097,0.6550163017869705,0.9994264970432628,0.40617143463999417,2,False,False
ENSG00000054690,PLEKHH1,-0.7293884943962139,-0.3424456644977182,0.4699825338263096,1.0,-0.18720104503723808,0.5227233184280795,0.9994264970432628,0.2003184198985717,2,False,False
ENSG00000081019,RSBN1,0.7293884943962139,0.038495674935945426,0.4699825338263096,1.0,0.09926572356707443,0.7829743623521106,0.9994264970432628,0.4508475613454904,2,False,False
ENSG00000101246,ARFRP1,-0.7293884943962139,-0.0488230074663556,0.4699825338263096,1.0,-0.17999180678307117,0.5008747949113967,0.9994264970432628,0.06417540957702639,2,False,False
ENSG00000101544,ADNP2,0.7293884943962139,0.12409123049369358,0.4699825338263096,1.0,0.17248506847979417,0.4973276327635049,0.9994264970432628,0.0,2,False,False
ENSG00000101752,MIB1,-0.7293884943962139,-0.10489572973587667,0.4699825338263096,1.0,-0.111949593866222,0.6584035874492222,0.9994264970432628,0.0,3,False,False
ENSG00000102935,ZNF423,-0.7293884943962139,-0.3882127362027682,0.4699825338263096,1.0,-0.31155545071818974,0.2234642983920604,0.9994264970432628,0.0,4,False,False
ENSG00000104904,OAZ1,0.7293884943962139,0.156644470962404,0.4699825338263096,1.0,0.18926178151388462,0.4556399026323761,0.9994264970432628,0.0,4,False,False
ENSG00000107669,ATE1,0.7293884943962139,0.037990635911551836,0.4699825338263096,1.0,0.26231603411333915,0.4167997654052046,0.9994264970432628,0.32191583002424085,3,False,False
ENSG00000110911,SLC11A2,-0.7293884943962139,0.047348126275760224,0.4699825338263096,1.0,-0.09878053473689365,0.6973758937143597,0.9994264970432628,0.0,2,False,False
ENSG00000112679,DUSP22,0.7293884943962139,0.132696715239805,0.4699825338263096,1.0,0.1503949993098979,0.7088825001864191,0.9994264970432628,0.5415547405952003,2,False,False
ENSG00000117143,UAP1,-0.7293884943962139,-0.4446612300018123,0.4699825338263096,1.0,-0.16962555828463902,0.5067818678288369,0.9994264970432628,0.0,2,False,False
ENSG00000117394,SLC2A1,0.7293884943962139,0.13554482467500287,0.4699825338263096,1.0,0.12299038066087836,0.6301137911092458,0.9994264970432628,0.0,2,False,False
ENSG00000120693,SMAD9,0.7293884943962139,0.012939654510840124,0.4699825338263096,1.0,0.2962129014595041,0.5509188918362329,0.9994264970432628,0.6826050869869422,3,False,False
ENSG00000125834,STK35,0.7293884943962139,0.17212423866408902,0.4699825338263096,1.0,0.19559257718003092,0.4409384140128225,0.9994264970432628,0.0,3,False,False
ENSG00000129194,SOX15,0.7293884943962139,0.12830842493020272,0.4699825338263096,1.0,0.17092919356489075,0.501396085516252,0.9994264970432628,0.0,3,False,False
ENSG00000132485,ZRANB2,-0.7293884943962139,-0.39856056452520805,0.4699825338263096,1.0,-0.19023887245692586,0.45632272302435606,0.9994264970432628,0.0,3,False,False
ENSG00000134779,TPGS2,-0.7293884943962139,-0.27444151280323426,0.4699825338263096,1.0,-0.30089829277595276,0.48275455271320433,0.9994264970432628,0.585490762359549,2,False,False
ENSG00000135686,KLHL36,0.7293884943962139,-0.3049932943943479,0.4699825338263096,1.0,0.06822090768457222,0.891946450524226,0.9994264970432628,0.7054863874473675,1,False,False
ENSG00000136450,SRSF1,0.7293884943962139,0.2696519354688021,0.4699825338263096,1.0,0.2524463172559973,0.32161707188971145,0.9994264970432628,0.0,3,False,False
ENSG00000136738,STAM,-0.7293884943962139,-0.022959069314308793,0.4699825338263096,1.0,-0.1462151065898194,0.7295764318399556,0.9994264970432628,0.5901411060244991,2,False,False
ENSG00000142655,PEX14,-0.7293884943962139,-0.24500387657802544,0.4699825338263096,1.0,-0.1663479183119775,0.5135181908720847,0.9994264970432628,0.0,3,False,False
ENSG00000143457,GOLPH3L,0.7293884943962139,0.26699574301953716,0.4699825338263096,1.0,0.13860063054993,0.5869127471454951,0.9994264970432628,0.0,2,False,False
ENSG00000144306,SCRN3,-0.7293884943962139,-0.10119935342524346,0.4699825338263096,1.0,-0.13167559573398377,0.6046627895572615,0.9994264970432628,0.0,2,False,False
ENSG00000145860,RNF145,0.7293884943962139,-0.08411475101040783,0.4699825338263096,1.0,0.1361357978475533,0.5948732404664918,0.9994264970432628,0.0,1,False,False
ENSG00000147133,TAF1,0.7293884943962139,0.1992181328923367,0.4699825338263096,1.0,0.1998786137720141,0.435528822865348,0.9994264970432628,0.0,3,False,False
ENSG00000149657,LSM14B,-0.7293884943962139,-0.19105959057608513,0.4699825338263096,1.0,-0.0754246508987387,0.7678289666688857,0.9994264970432628,0.0,3,False,False
ENSG00000154945,ANKRD40,-0.7293884943962139,0.050171978885868884,0.4699825338263096,1.0,-0.20222199819228076,0.6813881980613292,0.9994264970432628,0.6899407124593527,2,False,False
ENSG00000155096,AZIN1,-0.7293884943962139,-0.09410989421960277,0.4699825338263096,1.0,-0.30297381339597235,0.47868379497366087,0.9994264970432628,0.5715165568710698,2,False,False
ENSG00000157613,CREB3L1,-0.7293884943962139,-0.22100321148514507,0.4699825338263096,1.0,-0.1412252458402877,0.7283979536048364,0.9994264970432628,0.5587468254089334,2,False,False
ENSG00000159658,EFCAB14,-0.7293884943962139,-0.37943769143237777,0.4699825338263096,1.0,-0.21383159070967955,0.6054504167648216,0.9994264970432628,0.5623904754684441,2,False,False
ENSG00000162664,ZNF326,0.7293884943962139,0.020220586697599935,0.4699825338263096,1.0,0.12658648102337797,0.6878566126055466,0.9994264970432628,0.2853511936734973,2,False,False
ENSG00000164089,ETNPPL,-0.7293884943962139,-0.3156964440512905,0.4699825338263096,1.0,-0.17092525469631434,0.558527328382194,0.9994264970432628,0.19233118154240977,3,False,False
ENSG00000165646,SLC18A2,-0.7293884943962139,-0.4914915193531152,0.4699825338263096,1.0,-0.21698216878554746,0.3962117062520436,0.9994264970432628,0.0,3,False,False
ENSG00000165704,HPRT1,-0.7293884943962139,-0.06678105341703822,0.4699825338263096,1.0,-0.14236441262838442,0.7461131653507037,0.9994264970432628,0.6191128621122824,2,False,False
ENSG00000168566,SNRNP48,0.7293884943962139,0.056996204414053266,0.4699825338263096,1.0,0.17593063836686373,0.5791544898652213,0.9994264970432628,0.3056290883144169,2,False,False
ENSG00000169398,PTK2,-0.7293884943962139,-0.2467900015228125,0.4699825338263096,1.0,-0.19724260944098085,0.4387042864456915,0.9994264970432628,0.0,2,False,False
ENSG00000170540,ARL6IP1,0.7293884943962139,0.11336687339960944,0.4699825338263096,1.0,0.1547266626169547,0.5416255817092201,0.9994264970432628,0.0,4,False,False
ENSG00000171033,PKIA,0.7293884943962139,-0.13934334608854623,0.4699825338263096,1.0,0.11359425797217754,0.6970403884934264,0.9994264970432628,0.19393995378031237,2,False,False
ENSG00000171703,TCEA2,-0.7293884943962139,-0.09109729960174603,0.4699825338263096,1.0,-0.11236181434063539,0.6579781333389683,0.9994264970432628,0.0,3,False,False
ENSG00000172493,AFF1,0.7293884943962139,0.2207535376224329,0.4699825338263096,1.0,0.11971359996007044,0.638732830391801,0.9994264970432628,0.0,3,False,False
ENSG00000175756,AURKAIP1,0.7293884943962139,0.25071194393980833,0.4699825338263096,1.0,0.1981207550907218,0.4390689546283192,0.9994264970432628,0.0,3,False,False
ENSG00000177875,CCDC184,-0.7293884943962139,-0.3271120176466957,0.4699825338263096,1.0,-0.15219069356236356,0.5605163167434506,0.9994264970432628,0.031157894052028172,3,False,False
ENSG00000182670,TTC3,-0.7293884943962139,-0.11062036046322722,0.4699825338263096,1.0,-0.19790300076051162,0.615070462595987,0.9994264970432628,0.5297898643020295,2,False,False
ENSG00000183117,CSMD1,-0.7293884943962139,-0.5063612164429225,0.4699825338263096,1.0,-0.3983342169475783,0.11982076202501614,0.9994264970432628,0.0,4,False,False
ENSG00000185818,NAT8L,-0.7293884943962139,-0.06368636820388089,0.4699825338263096,1.0,-0.05559954423445026,0.8270056779779718,0.9994264970432628,0.0,3,False,False
ENSG00000196814,MVB12B,0.7293884943962139,0.06118486034023349,0.4699825338263096,1.0,0.15872550643371286,0.531759294732972,0.9994264970432628,0.0,3,False,False
ENSG00000206432,TMEM200C,-0.7293884943962139,-0.22760693365818246,0.4699825338263096,1.0,-0.2689083184737163,0.2974135859585625,0.9994264970432628,0.005756236380285265,3,False,False
ENSG00000225733,FGD5-AS1,0.7293884943962139,0.049973059682345354,0.4699825338263096,1.0,0.13213228248597017,0.6027442672501043,0.9994264970432628,0.0,2,False,False
ENSG00000254377,MIR124-2HG,-0.7293884943962139,-0.24044561089260352,0.4699825338263096,1.0,-0.18079434748628156,0.49502549667831397,0.9994264970432628,0.05176773690344784,3,False,False
ENSG00000129932,DOHH,-0.7225074708641742,-0.24265693111200023,0.47421673417910093,1.0,-0.20756178915766152,0.4142052177104524,0.9994264970432628,0.0,3,False,False
ENSG00000008083,JARID2,0.7156264473321344,0.13948951642030746,0.47848247108271114,1.0,0.05733283134975025,0.8210570444904377,0.9994264970432628,0.0,3,False,False
ENSG00000028203,VEZT,0.7156264473321344,0.21398028201591454,0.47848247108271114,1.0,0.1767976099561517,0.48926349307769845,0.9994264970432628,0.0,3,False,False
ENSG00000065809,FAM107B,0.7156264473321344,0.12900902106922882,0.47848247108271114,1.0,0.12102665848210763,0.6336704730282683,0.9994264970432628,0.0,3,False,False
ENSG00000066654,THUMPD1,0.7156264473321344,-0.06956323920341123,0.47848247108271114,1.0,0.16446378233418296,0.6594332160187033,0.9994264970432628,0.46841820958927627,3,False,False
ENSG00000083290,ULK2,-0.7156264473321344,-0.1764628295405203,0.47848247108271114,1.0,-0.22690607711562205,0.37233651705042636,0.9994264970432628,0.0,3,False,False
ENSG00000087152,ATXN7L3,-0.7156264473321344,-0.26833995822280887,0.47848247108271114,1.0,-0.15484226073396176,0.5439984341949148,0.9994264970432628,0.0,3,False,False
ENSG00000091482,SMPX,0.7156264473321344,0.030879192048876833,0.47848247108271114,1.0,0.21031303842667523,0.5248913792296377,0.9994264970432628,0.35760444353973797,2,False,False
ENSG00000110330,BIRC2,0.7156264473321344,0.10090722480172738,0.47848247108271114,1.0,0.17141620825079024,0.6566622335548975,0.9994264970432628,0.5141413848779718,3,False,False
ENSG00000110497,AMBRA1,-0.7156264473321344,-0.13124095742878453,0.47848247108271114,1.0,-0.1096832230217345,0.6665470085532955,0.9994264970432628,0.0,3,False,False
ENSG00000111261,MANSC1,-0.7156264473321344,-0.18629434634658848,0.47848247108271114,1.0,-0.09085005570393968,0.7205244789747802,0.9994264970432628,0.0,2,False,False
ENSG00000111845,PAK1IP1,0.7156264473321344,0.2868486221261601,0.47848247108271114,1.0,0.25801101313431524,0.3104977516136307,0.9994264970432628,0.0,4,False,False
ENSG00000114021,NIT2,-0.7156264473321344,-0.28792446483393,0.47848247108271114,1.0,-0.2803909130292807,0.27533820375474183,0.9994264970432628,0.0,3,False,False
ENSG00000115204,MPV17,-0.7156264473321344,-0.3522668405440114,0.47848247108271114,1.0,-0.14793381258114627,0.7399947439559651,0.9994264970432628,0.6279673929063688,3,False,False
ENSG00000117533,VAMP4,-0.7156264473321344,-0.24104700145415434,0.47848247108271114,1.0,-0.1737265293541565,0.49727068826051113,0.9994264970432628,0.0,3,False,False
ENSG00000122729,ACO1,0.7156264473321344,-0.23504237019629692,0.47848247108271114,1.0,0.12856578898880552,0.7415676982576329,0.9994264970432628,0.5228469419019717,3,False,False
ENSG00000123545,NDUFAF4,-0.7156264473321344,-0.19823098879952455,0.47848247108271114,1.0,-0.15797240819534408,0.5681018612035402,0.9994264970432628,0.11955588348141033,1,False,False
ENSG00000124164,VAPB,-0.7156264473321344,-0.3552747878716872,0.47848247108271114,1.0,-0.22688060255368164,0.4035382219647963,0.9994264970432628,0.08756322111997673,3,False,False
ENSG00000124788,ATXN1,0.7156264473321344,0.2298367064902193,0.47848247108271114,1.0,0.1737314599939645,0.4936449215537766,0.9994264970432628,0.0,3,False,False
ENSG00000125656,CLPP,0.7156264473321344,0.2812865943201754,0.47848247108271114,1.0,0.2516022902396394,0.32309627012345543,0.9994264970432628,0.0,4,False,False
ENSG00000130402,ACTN4,0.7156264473321344,0.4078339050998319,0.47848247108271114,1.0,0.2186473025005307,0.39241126043308117,0.9994264970432628,0.0,3,False,False
ENSG00000139197,PEX5,-0.7156264473321344,-0.26349019905080595,0.47848247108271114,1.0,-0.10474032990997412,0.683833751931069,0.9994264970432628,0.006660057933479812,3,False,False
ENSG00000139644,TMBIM6,0.7156264473321344,0.23102498880488034,0.47848247108271114,1.0,0.15576458257549317,0.5424379882073502,0.9994264970432628,0.0,2,False,False
ENSG00000140992,PDPK1,0.7156264473321344,0.05617375611019801,0.47848247108271114,1.0,0.21214840605356872,0.40548415834725615,0.9994264970432628,0.0,3,False,False
ENSG00000141644,MBD1,-0.7156264473321344,-0.09178133620257518,0.47848247108271114,1.0,-0.0853589479726842,0.7383038213351143,0.9994264970432628,0.0,3,False,False
ENSG00000141985,SH3GL1,-0.7156264473321344,-0.26730041186167586,0.47848247108271114,1.0,-0.22030454408330882,0.3895520607212234,0.9994264970432628,0.0,2,False,False
ENSG00000148090,AUH,0.7156264473321344,0.055300326007768845,0.47848247108271114,1.0,0.17647003008005913,0.6011154149437468,0.9994264970432628,0.3714254077652872,3,False,False
ENSG00000151320,AKAP6,-0.7156264473321344,0.04068665965074494,0.47848247108271114,1.0,0.004229373825994557,0.9868033604015068,0.9994264970432628,0.0,2,False,False
ENSG00000156467,UQCRB,-0.7156264473321344,-0.17667027005016475,0.47848247108271114,1.0,-0.11255329713171014,0.6587884764771222,0.9994264970432628,0.0,2,False,False
ENSG00000157014,TATDN2,0.7156264473321344,-0.0013519205400592726,0.47848247108271114,1.0,0.22605871094888036,0.5666447513863977,0.9994264970432628,0.531999617340392,3,False,False
ENSG00000158604,TMED4,0.7156264473321344,-0.22956030943436928,0.47848247108271114,1.0,0.19589976234280532,0.6535037627699338,0.9994264970432628,0.6119190930526129,3,False,False
ENSG00000159921,GNE,-0.7156264473321344,0.05137616278408001,0.47848247108271114,1.0,-0.014525147134824353,0.954540947529569,0.9994264970432628,0.0,3,False,False
ENSG00000164924,YWHAZ,-0.7156264473321344,-0.06991623174392622,0.47848247108271114,1.0,-0.1879621797256867,0.4728727752580174,0.9994264970432628,0.03151633733086887,3,False,False
ENSG00000167113,COQ4,0.7156264473321344,0.07393489360476778,0.47848247108271114,1.0,0.1699937310138338,0.5073285726649547,0.9994264970432628,0.0,3,False,False
ENSG00000167632,TRAPPC9,-0.7156264473321344,-0.08653881536323489,0.47848247108271114,1.0,-0.11685727022598688,0.6464703952737827,0.9994264970432628,0.0,3,False,False
ENSG00000170889,RPS9,0.7156264473321344,0.10776992133740292,0.47848247108271114,1.0,0.16600731309968766,0.5161746280603265,0.9994264970432628,0.0,2,False,False
ENSG00000175395,ZNF25,-0.7156264473321344,-0.05706777850960963,0.47848247108271114,1.0,-0.05165775904975449,0.8400375512803313,0.9994264970432628,0.0,2,False,False
ENSG00000177082,WDR73,0.7156264473321344,0.36891944499599844,0.47848247108271114,1.0,0.24459395116721339,0.465109952863063,0.9994264970432628,0.36778279985794016,2,False,False
ENSG00000177239,MAN1B1,-0.7156264473321344,0.02579401420087539,0.47848247108271114,1.0,-0.180662023240196,0.593498653630991,0.9994264970432628,0.3810637421740162,3,False,False
ENSG00000177542,SLC25A22,-0.7156264473321344,-0.11667106835073422,0.47848247108271114,1.0,-0.0970126596006075,0.7033869747641701,0.9994264970432628,0.0,3,False,False
ENSG00000180185,FAHD1,0.7156264473321344,-0.0017564385584438419,0.47848247108271114,1.0,0.14251958799292175,0.5758420208174293,0.9994264970432628,0.0,2,False,False
ENSG00000185920,PTCH1,-0.7156264473321344,-0.5036220475948789,0.47848247108271114,1.0,-0.16430056204107021,0.5683696162264013,0.9994264970432628,0.17715625907488627,2,False,False
ENSG00000186815,TPCN1,-0.7156264473321344,-0.22194002428801304,0.47848247108271114,1.0,-0.24531225431104828,0.3354886956817523,0.9994264970432628,0.0,2,False,False
ENSG00000187522,HSPA14,-0.7156264473321344,-0.13985075555074386,0.47848247108271114,1.0,-0.2675005106245662,0.465886035149518,0.9994264970432628,0.45016816169029344,2,False,False
ENSG00000188342,GTF2F2,-0.7156264473321344,-0.12574678999772865,0.47848247108271114,1.0,-0.10725980207162049,0.7260481887287924,0.9994264970432628,0.253518454489594,2,False,False
ENSG00000205356,TECPR1,-0.7156264473321344,-0.24515640270296946,0.47848247108271114,1.0,-0.2405279546754853,0.34400689484916824,0.9994264970432628,0.0,3,False,False
ENSG00000221978,CCNL2,-0.7156264473321344,-0.26235994131883683,0.47848247108271114,1.0,-0.17300633062101664,0.4984431616145084,0.9994264970432628,0.0,2,False,False
ENSG00000015171,ZMYND11,0.7018644002680549,-0.1091203345096554,0.4870657192471851,1.0,0.009180207337137416,0.9711508394268175,0.9994264970432628,0.0,2,False,False
ENSG00000016864,GLT8D1,-0.7018644002680549,-0.43960434524576514,0.4870657192471851,1.0,-0.039967909870092105,0.9339128172074491,0.9994264970432628,0.6725594206044746,1,False,False
ENSG00000053524,MCF2L2,-0.7018644002680549,-0.04616202984998999,0.4870657192471851,1.0,-0.1059564987957183,0.6767734940937652,0.9994264970432628,0.0,3,False,False
ENSG00000053770,AP5M1,-0.7018644002680549,-0.07703123944885075,0.4870657192471851,1.0,-0.07525247135678623,0.766980561193101,0.9994264970432628,0.0,2,False,False
ENSG00000078804,TP53INP2,0.7018644002680549,0.23974348929893946,0.4870657192471851,1.0,0.21707437994383252,0.3925421349096385,0.9994264970432628,0.0,4,False,False
ENSG00000100154,TTC28,-0.7018644002680549,-0.2788799434494038,0.4870657192471851,1.0,-0.17114103948262224,0.5016117855988569,0.9994264970432628,0.0,3,False,False
ENSG00000100321,SYNGR1,-0.7018644002680549,-0.18134009599555287,0.4870657192471851,1.0,-0.08930088379404262,0.7260269356068503,0.9994264970432628,0.0,3,False,False
ENSG00000101134,DOK5,0.7018644002680549,-0.00033489184660164185,0.4870657192471851,1.0,0.2644531022743777,0.46004482838342353,0.9994264970432628,0.43449332772083743,2,False,False
ENSG00000102978,POLR2C,0.7018644002680549,-0.12967958794482068,0.4870657192471851,1.0,0.05641717515802253,0.8254438539627286,0.9994264970432628,0.0,2,False,False
ENSG00000108582,CPD,-0.7018644002680549,-0.3055952247512898,0.4870657192471851,1.0,-0.12173767481992553,0.6321381292053825,0.9994264970432628,0.0,2,False,False
ENSG00000110880,CORO1C,0.7018644002680549,-0.12742877125367957,0.4870657192471851,1.0,0.11376720928858712,0.6561071764285937,0.9994264970432628,0.0,2,False,False
ENSG00000110931,CAMKK2,0.7018644002680549,0.22790957050425348,0.4870657192471851,1.0,0.2042396992631144,0.4219380922989403,0.9994264970432628,0.0,3,False,False
ENSG00000119041,GTF3C3,-0.7018644002680549,-0.3346724691210887,0.4870657192471851,1.0,-0.23663850000237563,0.3541024306559397,0.9994264970432628,0.0,3,False,False
ENSG00000124181,PLCG1,-0.7018644002680549,-0.22895338402755253,0.4870657192471851,1.0,-0.21776712849837265,0.5086347750733156,0.9994264970432628,0.35128612694920636,2,False,False
ENSG00000125743,SNRPD2,-0.7018644002680549,-0.39290084857212476,0.4870657192471851,1.0,-0.1666278213925529,0.5258538601726535,0.9994264970432628,0.03884676453509396,2,False,False
ENSG00000127334,DYRK2,-0.7018644002680549,-0.015267118795759973,0.4870657192471851,1.0,-0.096783398522754,0.7048064257336438,0.9994264970432628,0.0,2,False,False
ENSG00000130724,CHMP2A,0.7018644002680549,0.201022743164959,0.4870657192471851,1.0,0.23628800013518933,0.3530749453029418,0.9994264970432628,0.0,3,False,False
ENSG00000133026,MYH10,0.7018644002680549,0.15511261800443712,0.4870657192471851,1.0,0.16801834929190743,0.5114116461176774,0.9994264970432628,0.0,2,False,False
ENSG00000133243,BTBD2,-0.7018644002680549,-0.2244997840611746,0.4870657192471851,1.0,-0.2211918409102514,0.3861075486262314,0.9994264970432628,0.0,3,False,False
ENSG00000134291,TMEM106C,0.7018644002680549,0.052112562188769924,0.4870657192471851,1.0,0.17535578062649956,0.5738766174438068,0.9994264970432628,0.28510496247170136,2,False,False
ENSG00000136933,RABEPK,0.7018644002680549,-0.12513287292580152,0.4870657192471851,1.0,-0.015144209004511562,0.9523297393501273,0.9994264970432628,0.0,2,False,False
ENSG00000137947,GTF2B,-0.7018644002680549,0.15191361851171112,0.4870657192471851,1.0,-0.010067143671057514,0.9685264357770237,0.9994264970432628,0.0,3,False,False
ENSG00000138279,ANXA7,-0.7018644002680549,-0.23118750239615632,0.4870657192471851,1.0,-0.20668625723929435,0.4197930012633144,0.9994264970432628,0.0,2,False,False
ENSG00000138449,SLC40A1,-0.7018644002680549,-0.2582900828524315,0.4870657192471851,1.0,-0.1683545772940439,0.5619710822559283,0.9994264970432628,0.18626063231795364,3,False,False
ENSG00000140299,BNIP2,-0.7018644002680549,-0.21359635092341706,0.4870657192471851,1.0,-0.1672817261882772,0.5142503268804279,0.9994264970432628,0.0002920973947630862,2,False,False
ENSG00000143919,CAMKMT,-0.7018644002680549,-0.13196913553295744,0.4870657192471851,1.0,-0.22457145753361626,0.43329385447754876,0.9994264970432628,0.16768614511796345,3,False,False
ENSG00000148842,CNNM2,-0.7018644002680549,0.18155228912858268,0.4870657192471851,1.0,-0.016044265532401836,0.9532099891852363,0.9994264970432628,0.10148352465744638,2,False,False
ENSG00000155816,FMN2,-0.7018644002680549,-0.14410928611629387,0.4870657192471851,1.0,-0.09272675996235372,0.7169058663701804,0.9994264970432628,0.0,3,False,False
ENSG00000158258,CLSTN2,-0.7018644002680549,-0.22601449223442893,0.4870657192471851,1.0,-0.08780127038006176,0.7296262649791442,0.9994264970432628,0.0,3,False,False
ENSG00000158985,CDC42SE2,-0.7018644002680549,-0.2996335997525307,0.4870657192471851,1.0,-0.1847440365661742,0.5192038078785671,0.9994264970432628,0.17008833839403606,2,False,False
ENSG00000162409,PRKAA2,0.7018644002680549,0.12990176191645755,0.4870657192471851,1.0,0.1635766737748324,0.5199427493966573,0.9994264970432628,0.0,2,False,False
ENSG00000162819,BROX,0.7018644002680549,0.0982637046026012,0.4870657192471851,1.0,0.18742299500160042,0.4626141335068925,0.9994264970432628,0.0,3,False,False
ENSG00000165434,PGM2L1,0.7018644002680549,0.20921920815180647,0.4870657192471851,1.0,0.1643632934477838,0.5204271549092179,0.9994264970432628,0.0,3,False,False
ENSG00000167642,SPINT2,0.7018644002680549,-0.0047810591219797655,0.4870657192471851,1.0,0.10707775887185426,0.6732880898956575,0.9994264970432628,0.0,3,False,False
ENSG00000174460,ZCCHC12,-0.7018644002680549,-0.5347237978085518,0.4870657192471851,1.0,-0.1292997623214827,0.7509135178663152,0.9994264970432628,0.5516141256015348,2,False,False
ENSG00000176401,EID2B,-0.7018644002680549,0.0331356872639171,0.4870657192471851,1.0,-0.029107676682145936,0.9089509452984057,0.9994264970432628,0.0,2,False,False
ENSG00000178235,SLITRK1,-0.7018644002680549,-0.2739016113317085,0.4870657192471851,1.0,-0.23239358221255588,0.36376686734688213,0.9994264970432628,0.0,3,False,False
ENSG00000179454,KLHL28,0.7018644002680549,0.31558190654382634,0.4870657192471851,1.0,0.20253129297513048,0.43017643798090943,0.9994264970432628,0.000565776239053248,2,False,False
ENSG00000179456,ZBTB18,0.7018644002680549,-0.05058848312297658,0.4870657192471851,1.0,0.07410464370748845,0.7717711900900571,0.9994264970432628,0.0,1,False,False
ENSG00000183624,HMCES,-0.7018644002680549,-0.11529688664195184,0.4870657192471851,1.0,-0.11358444754271811,0.6561521531392509,0.9994264970432628,0.0,2,False,False
ENSG00000184677,ZBTB40,0.7018644002680549,0.1401221758833958,0.4870657192471851,1.0,0.1681598776777868,0.5071651868403659,0.9994264970432628,0.0,4,False,False
ENSG00000185104,FAF1,-0.7018644002680549,-0.2446224783575449,0.4870657192471851,1.0,-0.15930154975366906,0.5324189864010377,0.9994264970432628,0.0,3,False,False
ENSG00000186111,PIP5K1C,0.7018644002680549,0.35349398200142085,0.4870657192471851,1.0,0.19444284167876225,0.44378269646912794,0.9994264970432628,0.0,3,False,False
ENSG00000189180,ZNF33A,-0.7018644002680549,-0.18936562194989556,0.4870657192471851,1.0,-0.14726732250583752,0.5632121625298212,0.9994264970432628,0.0,3,False,False
ENSG00000198585,NUDT16,0.7018644002680549,0.2999300524323569,0.4870657192471851,1.0,0.12615373423376916,0.7050932681078762,0.9994264970432628,0.3565751020399256,3,False,False
ENSG00000198722,UNC13B,-0.7018644002680549,-0.11864267594314812,0.4870657192471851,1.0,-0.16752893951450268,0.5262293033083754,0.9994264970432628,0.048587931704115,1,False,False
ENSG00000205659,LIN52,-0.7018644002680549,-0.38699572572868507,0.4870657192471851,1.0,-0.21962953084028008,0.4193423157410495,0.9994264970432628,0.09072465312169815,2,False,False
ENSG00000234456,MAGI2-AS3,-0.7018644002680549,-0.31230729331279905,0.4870657192471851,1.0,-0.12231808542448835,0.7766096232128741,0.9994264970432628,0.6010541531603264,1,False,False
ENSG00000129055,ANAPC13,0.6949833767360152,0.0020755783670249883,0.4913779287995642,1.0,0.2316929264082198,0.36694959767663105,0.9994264970432628,0.0,3,False,False
ENSG00000023191,RNH1,0.6949833767360152,-0.08708853548414014,0.49138312883101054,1.0,0.1429743940140563,0.5753658331935555,0.9994264970432628,0.0,3,False,False
ENSG00000133112,TPT1,0.6949833767360152,0.0310460463007365,0.49138312883101054,1.0,0.08892063369619363,0.7278628829729997,0.9994264970432628,0.0,3,False,False
ENSG00000157869,RAB28,0.6949833767360152,0.04766400740113409,0.49138312883101054,1.0,0.15341218490599076,0.5468840492668912,0.9994264970432628,0.0,3,False,False
ENSG00000100243,CYB5R3,0.6881023532039754,0.15297481448820707,0.49572628132740937,1.0,0.21658206430573043,0.397088878329112,0.9994264970432628,0.0,2,False,False
ENSG00000003756,RBM5,0.6881023532039754,0.20973586350659154,0.49573145351249925,1.0,0.22398498900145017,0.3800468999051635,0.9994264970432628,0.0,3,False,False
ENSG00000008735,MAPK8IP2,-0.6881023532039754,-0.17372120266120575,0.49573145351249925,1.0,-0.15356121196990394,0.5459032007478568,0.9994264970432628,0.0,2,False,False
ENSG00000014824,SLC30A9,-0.6881023532039754,-0.22386296338030007,0.49573145351249925,1.0,-0.10663246806140846,0.6753571887221534,0.9994264970432628,0.0,2,False,False
ENSG00000014919,COX15,0.6881023532039754,0.04266147335787054,0.49573145351249925,1.0,0.19875609202275368,0.4356770108160909,0.9994264970432628,0.0,3,False,False
ENSG00000049769,PPP1R3F,-0.6881023532039754,-0.3675076418605518,0.49573145351249925,1.0,-0.3491222143360511,0.17205121297506842,0.9994264970432628,0.0,4,False,False
ENSG00000063978,RNF4,0.6881023532039754,0.09817811336958285,0.49573145351249925,1.0,0.0406990015604991,0.8725261067239765,0.9994264970432628,0.0,1,False,False
ENSG00000064601,CTSA,0.6881023532039754,0.007723903788905502,0.49573145351249925,1.0,0.18585745230427397,0.4671469101141188,0.9994264970432628,0.0,2,False,False
ENSG00000065135,GNAI3,0.6881023532039754,0.059702180167141634,0.49573145351249925,1.0,0.220803942719313,0.40047200310136233,0.9994264970432628,0.03663760281402156,3,False,False
ENSG00000065183,WDR3,-0.6881023532039754,-0.30832861809272744,0.49573145351249925,1.0,-0.14937672138026295,0.5578412985038723,0.9994264970432628,0.0,3,False,False
ENSG00000071889,FAM3A,-0.6881023532039754,-0.11158490443747245,0.49573145351249925,1.0,-0.13383357495113232,0.5974590833153728,0.9994264970432628,0.0,3,False,False
ENSG00000075035,WSCD2,0.6881023532039754,-0.09287526141471653,0.49573145351249925,1.0,0.03391038981401971,0.8938544264348148,0.9994264970432628,0.0,2,False,False
ENSG00000075785,RAB7A,0.6881023532039754,0.276025271672137,0.49573145351249925,1.0,0.17872111708110508,0.49338742014692627,0.9994264970432628,0.027089626757928146,3,False,False
ENSG00000075856,SART3,0.6881023532039754,-0.024696900394364937,0.49573145351249925,1.0,0.12567040986729028,0.6236196209177743,0.9994264970432628,0.0,2,False,False
ENSG00000083099,LYRM2,0.6881023532039754,0.12726344479367016,0.49573145351249925,1.0,0.24380165047216892,0.3416777474621744,0.9994264970432628,0.0,2,False,False
ENSG00000108262,GIT1,0.6881023532039754,0.30223262417636365,0.49573145351249925,1.0,0.1716064433023522,0.5664132687647807,0.9994264970432628,0.22948686203202742,2,False,False
ENSG00000108443,RPS6KB1,-0.6881023532039754,-0.14087351798819722,0.49573145351249925,1.0,-0.13573592707451052,0.6997630871721137,0.9994264970432628,0.4244491432445751,3,False,False
ENSG00000108828,VAT1,-0.6881023532039754,-0.08813847245963562,0.49573145351249925,1.0,-0.15106097384887102,0.5542054332427373,0.9994264970432628,0.0,2,False,False
ENSG00000111639,MRPL51,0.6881023532039754,-0.24019999429990754,0.49573145351249925,1.0,0.024884180706195903,0.9228091146621309,0.9994264970432628,0.005225054444433855,2,False,False
ENSG00000112983,BRD8,-0.6881023532039754,-0.09444018529563648,0.49573145351249925,1.0,-0.17854119938519655,0.5692550805098013,0.9994264970432628,0.28855310306816007,3,False,False
ENSG00000115504,EHBP1,0.6881023532039754,0.16687952514499765,0.49573145351249925,1.0,0.20093512281600337,0.4297287775090498,0.9994264970432628,0.0,3,False,False
ENSG00000117625,RCOR3,-0.6881023532039754,-0.2584092923234877,0.49573145351249925,1.0,-0.19461764687008556,0.4440685854928125,0.9994264970432628,0.0,3,False,False
ENSG00000119718,EIF2B2,0.6881023532039754,0.17764637736865327,0.49573145351249925,1.0,0.21945777518611959,0.3914504770764823,0.9994264970432628,0.0,3,False,False
ENSG00000121904,CSMD2,0.6881023532039754,0.23731026905363908,0.49573145351249925,1.0,0.19715760203947882,0.4384051752207293,0.9994264970432628,0.0,3,False,False
ENSG00000126107,HECTD3,0.6881023532039754,0.0858549987109279,0.49573145351249925,1.0,0.19276243688838032,0.48638751168911487,0.9994264970432628,0.11845202654517983,2,False,False
ENSG00000128245,YWHAH,0.6881023532039754,-0.020126541586317777,0.49573145351249925,1.0,0.17844368969822316,0.48542400100141503,0.9994264970432628,0.0,2,False,False
ENSG00000128335,APOL2,0.6881023532039754,0.13957386404958808,0.49573145351249925,1.0,0.10572002982294551,0.6765829946802479,0.9994264970432628,0.0,3,False,False
ENSG00000136045,PWP1,-0.6881023532039754,-0.3479280110762227,0.49573145351249925,1.0,-0.2107241300477713,0.5496191340587845,0.9994264970432628,0.4237001358116812,3,False,False
ENSG00000136937,NCBP1,0.6881023532039754,-0.2102377005663277,0.49573145351249925,1.0,0.09519133597174122,0.7911080977800661,0.9994264970432628,0.44342957422747564,2,False,False
ENSG00000137504,CREBZF,0.6881023532039754,0.0038089541727267086,0.49573145351249925,1.0,0.1290336258078868,0.613395333308856,0.9994264970432628,0.0,2,False,False
ENSG00000141127,PRPSAP2,-0.6881023532039754,-0.06762899080118485,0.49573145351249925,1.0,0.00556773912191501,0.9825162034072088,0.9994264970432628,0.0,2,False,False
ENSG00000141543,EIF4A3,0.6881023532039754,-0.005576410723990766,0.49573145351249925,1.0,0.1369325584459888,0.5923292522875028,0.9994264970432628,0.0,3,False,False
ENSG00000141576,RNF157,-0.6881023532039754,-0.22595881633413487,0.49573145351249925,1.0,-0.2094763916883997,0.4138768673526445,0.9994264970432628,0.0,3,False,False
ENSG00000144868,TMEM108,-0.6881023532039754,-0.1484984310913294,0.49573145351249925,1.0,-0.20687503393858378,0.4176853507860475,0.9994264970432628,0.0,3,False,False
ENSG00000153956,CACNA2D1,-0.6881023532039754,-0.05964845863729913,0.49573145351249925,1.0,-0.12094910325976897,0.6351481163430774,0.9994264970432628,0.0,2,False,False
ENSG00000163832,ELP6,-0.6881023532039754,-0.26408261823821155,0.49573145351249925,1.0,-0.09839164020374999,0.7263006575763411,0.9994264970432628,0.14501093531862444,3,False,False
ENSG00000164330,EBF1,-0.6881023532039754,-0.33099460233161093,0.49573145351249925,1.0,-0.22273353290193357,0.3813665644019407,0.9994264970432628,0.0,4,False,False
ENSG00000165916,PSMC3,-0.6881023532039754,-0.13842771041577687,0.49573145351249925,1.0,-0.14492326624579385,0.567802481742876,0.9994264970432628,0.0,3,False,False
ENSG00000167470,MIDN,-0.6881023532039754,0.0662931674917972,0.49573145351249925,1.0,-0.07243699296850854,0.7764857564570794,0.9994264970432628,0.0,3,False,False
ENSG00000168653,NDUFS5,0.6881023532039754,0.04145007639820433,0.49573145351249925,1.0,0.18549578522573024,0.4682950624580219,0.9994264970432628,0.0,2,False,False
ENSG00000171951,SCG2,0.6881023532039754,0.04498380394349017,0.49573145351249925,1.0,0.16482383141706738,0.5172457880101763,0.9994264970432628,0.0,3,False,False
ENSG00000180228,PRKRA,-0.6881023532039754,-0.14418207474496583,0.49573145351249925,1.0,-0.2125950184065519,0.4053613430555121,0.9994264970432628,0.0,3,False,False
ENSG00000185090,MANEAL,0.6881023532039754,0.1060842804069368,0.49573145351249925,1.0,0.18378908760964524,0.4691871425857206,0.9994264970432628,0.0,3,False,False
ENSG00000186660,ZFP91,-0.6881023532039754,-0.11934962390034062,0.49573145351249925,1.0,-0.09583136684891547,0.7052799473698439,0.9994264970432628,0.0,2,False,False
ENSG00000204922,UQCC3,0.6881023532039754,0.09253325037692939,0.49573145351249925,1.0,0.12297075505259067,0.7400924839393539,0.9994264970432628,0.4769518181085649,3,False,False
ENSG00000215305,VPS16,0.6881023532039754,0.02674331780268748,0.49573145351249925,1.0,0.08649210210465197,0.7352215543017337,0.9994264970432628,0.0,3,False,False
ENSG00000244754,N4BP2L2,0.6881023532039754,0.07129933770015272,0.49573145351249925,1.0,0.029030910529459598,0.9091138605979413,0.9994264970432628,0.0,2,False,False
ENSG00000125148,MT2A,0.6743403061398959,0.14333391974726267,0.5044685797052442,1.0,0.01614629385546658,0.949248868290568,0.9994264970432628,0.0,3,False,False
ENSG00000113719,ERGIC1,0.6743403061398959,0.1012909360435832,0.5044736948077859,1.0,0.20156784469372785,0.4288795632764125,0.9994264970432628,0.0,3,False,False
ENSG00000197045,GMFB,0.6743403061398959,0.10309295813494926,0.5044736948077859,1.0,0.1998962076645564,0.4356572505270597,0.9994264970432628,0.0,3,False,False
ENSG00000008324,SS18L2,0.6743403061398959,0.02338733270711905,0.5044788097535187,1.0,0.17892486218837975,0.5928463486994586,0.9994264970432628,0.36835926029993415,3,False,False
ENSG00000014123,UFL1,-0.6743403061398959,-0.17215671909513697,0.5044788097535187,1.0,-0.17478966011340513,0.4904857949936202,0.9994264970432628,0.0,3,False,False
ENSG00000050165,DKK3,0.6743403061398959,0.09986256928386138,0.5044788097535187,1.0,0.16297344457000879,0.5204582333903169,0.9994264970432628,0.0,4,False,False
ENSG00000063176,SPHK2,-0.6743403061398959,-0.07082010772583511,0.5044788097535187,1.0,-0.10588713611914799,0.6760247360735268,0.9994264970432628,0.0,3,False,False
ENSG00000078124,ACER3,-0.6743403061398959,-0.29218364598516494,0.5044788097535187,1.0,-0.22319026464457367,0.38310054111588676,0.9994264970432628,0.0,3,False,False
ENSG00000090060,PAPOLA,-0.6743403061398959,-0.23231148876105698,0.5044788097535187,1.0,-0.18789219295197565,0.4597044409827743,0.9994264970432628,0.0,3,False,False
ENSG00000091972,CD200,0.6743403061398959,-0.042257262355384656,0.5044788097535187,1.0,0.4734259566984943,0.4472767988090971,0.9994264970432628,0.7665062421739441,3,False,False
ENSG00000101109,STK4,-0.6743403061398959,-0.09807120555579853,0.5044788097535187,1.0,-0.18625915302822824,0.4640656760544263,0.9994264970432628,0.0,3,False,False
ENSG00000103342,GSPT1,0.6743403061398959,0.17924964674008897,0.5044788097535187,1.0,0.17887310468025722,0.4817497368902198,0.9994264970432628,0.0,4,False,False
ENSG00000103351,CLUAP1,-0.6743403061398959,-0.2777905336703145,0.5044788097535187,1.0,-0.07382101384773551,0.7723983999921173,0.9994264970432628,0.0,2,False,False
ENSG00000109790,KLHL5,0.6743403061398959,0.09957266834039699,0.5044788097535187,1.0,0.10711185561071757,0.675435653518544,0.9994264970432628,0.0,3,False,False
ENSG00000111669,TPI1,0.6743403061398959,-0.012287078955724989,0.5044788097535187,1.0,0.14848517474502154,0.5611005217787094,0.9994264970432628,0.0,1,False,False
ENSG00000116473,RAP1A,-0.6743403061398959,-0.1545402388139454,0.5044788097535187,1.0,-0.13532651643968235,0.5967362431714718,0.9994264970432628,0.0,2,False,False
ENSG00000116675,DNAJC6,-0.6743403061398959,-0.1874403273214492,0.5044788097535187,1.0,-0.13987652686654317,0.6312262275244316,0.9994264970432628,0.19286459891958613,2,False,False
ENSG00000121057,AKAP1,-0.6743403061398959,-0.0004796525952880611,0.5044788097535187,1.0,-0.09315372649221251,0.7153914139894454,0.9994264970432628,0.0,2,False,False
ENSG00000131558,EXOC4,0.6743403061398959,0.2910972177536806,0.5044788097535187,1.0,0.3120626663520206,0.22293088661031035,0.9994264970432628,0.0,3,False,False
ENSG00000134108,ARL8B,0.6743403061398959,-0.03187421320547476,0.5044788097535187,1.0,0.12554081341950282,0.6233234292693882,0.9994264970432628,0.0,2,False,False
ENSG00000135968,GCC2,0.6743403061398959,0.0976498878383159,0.5044788097535187,1.0,0.20355619709488465,0.4268309910141461,0.9994264970432628,0.0,3,False,False
ENSG00000139168,ZCRB1,0.6743403061398959,-0.05124087491567366,0.5044788097535187,1.0,0.23168662590738734,0.4535509799224896,0.9994264970432628,0.26361220520449363,3,False,False
ENSG00000140307,GTF2A2,-0.6743403061398959,-0.3702035036054852,0.5044788097535187,1.0,-0.15968340289790028,0.5652966526932697,0.9994264970432628,0.12369175140689771,2,False,False
ENSG00000140939,NOL3,-0.6743403061398959,-0.05768358951247626,0.5044788097535187,1.0,-0.08752648941005059,0.7298397640614072,0.9994264970432628,0.0,2,False,False
ENSG00000143256,PFDN2,-0.6743403061398959,-0.11506371397731856,0.5044788097535187,1.0,-0.11885395811070867,0.6413088401337008,0.9994264970432628,0.0,3,False,False
ENSG00000144711,IQSEC1,-0.6743403061398959,-0.41896824197117805,0.5044788097535187,1.0,-0.17467417605560145,0.5063896218206947,0.9994264970432628,0.039951878966886734,3,False,False
ENSG00000146005,PSD2,0.6743403061398959,0.14592771639853405,0.5044788097535187,1.0,0.11177249853917502,0.763324728161133,0.9994264970432628,0.4646380419761828,2,False,False
ENSG00000148019,CEP78,0.6743403061398959,0.09061983508333643,0.5044788097535187,1.0,0.16535338136101208,0.5163979502042177,0.9994264970432628,0.0,3,False,False
ENSG00000150471,ADGRL3,0.6743403061398959,-0.06966130201921257,0.5044788097535187,1.0,0.07433718712012961,0.7699567940825456,0.9994264970432628,0.0,3,False,False
ENSG00000153822,KCNJ16,-0.6743403061398959,-0.3712350030775522,0.5044788097535187,1.0,-0.20805188472888328,0.41390780106945435,0.9994264970432628,0.0,3,False,False
ENSG00000161813,LARP4,0.6743403061398959,0.013332633788851082,0.5044788097535187,1.0,0.16279905447843582,0.5227441809671858,0.9994264970432628,0.0,3,False,False
ENSG00000163110,PDLIM5,0.6743403061398959,0.08342927719135831,0.5044788097535187,1.0,0.05207400567946044,0.8381200451767011,0.9994264970432628,0.0,2,False,False
ENSG00000175785,PRIMA1,0.6743403061398959,-0.10452576411655261,0.5044788097535187,1.0,0.27856451036698593,0.6193227461162913,0.9994264970432628,0.7466304158036902,2,False,False
ENSG00000177683,THAP5,-0.6743403061398959,-0.25959644394041986,0.5044788097535187,1.0,-0.24099345956205687,0.3669612241851168,0.9994264970432628,0.06234198691978221,2,False,False
ENSG00000180879,SSR4,0.6743403061398959,-0.12353335602347074,0.5044788097535187,1.0,0.15564897939236955,0.6537626341474103,0.9994264970432628,0.40685931536511577,3,False,False
ENSG00000183648,NDUFB1,-0.6743403061398959,-0.31292593141433167,0.5044788097535187,1.0,-0.16242157486706182,0.5257225171296112,0.9994264970432628,0.0,1,False,False
ENSG00000183741,CBX6,-0.6743403061398959,-0.18933238726456747,0.5044788097535187,1.0,-0.13848393386456706,0.5863370937958172,0.9994264970432628,0.0,3,False,False
ENSG00000184194,GPR173,-0.6743403061398959,-0.43781685913629886,0.5044788097535187,1.0,-0.22035139730004025,0.3880696772325858,0.9994264970432628,0.0,3,False,False
ENSG00000185946,RNPC3,-0.6743403061398959,-0.13800281469073158,0.5044788097535187,1.0,-0.19163635581612615,0.451938799503099,0.9994264970432628,0.0,3,False,False
ENSG00000187094,CCK,-0.6743403061398959,-0.0634074110823367,0.5044788097535187,1.0,-0.07897690115840958,0.7554618552498958,0.9994264970432628,0.0,3,False,False
ENSG00000196116,TDRD7,-0.6743403061398959,-0.17238496197436956,0.5044788097535187,1.0,-0.1101889772199001,0.6659891468840381,0.9994264970432628,0.0,2,False,False
ENSG00000197444,OGDHL,-0.6743403061398959,-0.3713135798346589,0.5044788097535187,1.0,-0.17664138255765158,0.6042370962395793,0.9994264970432628,0.3840284464518533,2,False,False
ENSG00000141298,SSH2,-0.6674592826078561,-0.11992557789306355,0.5088777299560754,1.0,-0.13360903201961488,0.6019282528769943,0.9994264970432628,0.0,3,False,False
ENSG00000147400,CETN2,-0.6674592826078561,-0.20844067791853654,0.5088777299560754,1.0,-0.03862099083788842,0.8790162824850398,0.9994264970432628,0.0,2,False,False
ENSG00000184009,ACTG1,-0.6605782590758164,-0.24135869332331153,0.5132967740265592,1.0,-0.16421131334084038,0.5190987984598285,0.9994264970432628,0.0,3,False,False
ENSG00000118418,HMGN3,0.6605782590758164,-0.09783373638683543,0.5133018294145124,1.0,0.07538498684254179,0.7975627583683536,0.9994264970432628,0.20725536022145685,2,False,False
ENSG00000012174,MBTPS2,-0.6605782590758164,-0.5968498275639779,0.5133068846463842,1.0,-0.21283449492965945,0.40685368290578316,0.9994264970432628,0.0,3,False,False
ENSG00000012660,ELOVL5,-0.6605782590758164,-0.39533484186898743,0.5133068846463842,1.0,-0.25218762504973563,0.3217857433992657,0.9994264970432628,0.0,3,False,False
ENSG00000077097,TOP2B,-0.6605782590758164,-0.1816910244222429,0.5133068846463842,1.0,-0.1843381029473742,0.46869920870316384,0.9994264970432628,0.0,3,False,False
ENSG00000082516,GEMIN5,0.6605782590758164,0.12484379029953101,0.5133068846463842,1.0,0.22090389769771487,0.38632390944403716,0.9994264970432628,0.0,3,False,False
ENSG00000085224,ATRX,0.6605782590758164,-0.2902088544281004,0.5133068846463842,1.0,0.09776306454667051,0.7826050205463937,0.9994264970432628,0.4270040227470364,3,False,False
ENSG00000100380,ST13,0.6605782590758164,-0.11008360242358546,0.5133068846463842,1.0,0.16119393695699558,0.5689988425347725,0.9994264970432628,0.14843169019649854,3,False,False
ENSG00000101391,CDK5RAP1,-0.6605782590758164,-0.1634971924522564,0.5133068846463842,1.0,-0.12768282673222053,0.6164552419435239,0.9994264970432628,0.0,3,False,False
ENSG00000102897,LYRM1,-0.6605782590758164,-0.35962457674825005,0.5133068846463842,1.0,-0.15553465068944713,0.5433749575133422,0.9994264970432628,0.0,2,False,False
ENSG00000103150,MLYCD,0.6605782590758164,0.31539575467191683,0.5133068846463842,1.0,0.16932567795161596,0.6508080608044122,0.9994264970432628,0.4839728001532902,3,False,False
ENSG00000107798,LIPA,0.6605782590758164,-0.0039022222934560675,0.5133068846463842,1.0,0.06754567274726438,0.7906856683830585,0.9994264970432628,0.0,2,False,False
ENSG00000119335,SET,0.6605782590758164,0.05921203887511808,0.5133068846463842,1.0,0.108190569035941,0.6707677813989552,0.9994264970432628,0.0,2,False,False
ENSG00000122257,RBBP6,0.6605782590758164,0.09841299727142204,0.5133068846463842,1.0,0.15623660150947682,0.5392628220527595,0.9994264970432628,0.0,2,False,False
ENSG00000131069,ACSS2,-0.6605782590758164,-0.06464067034640826,0.5133068846463842,1.0,-0.04646597616578678,0.8547455350186621,0.9994264970432628,0.0,3,False,False
ENSG00000131508,UBE2D2,-0.6605782590758164,-0.1827040395603916,0.5133068846463842,1.0,-0.1766097359716503,0.48885549385428095,0.9994264970432628,0.0,2,False,False
ENSG00000131831,RAI2,0.6605782590758164,0.07364454947511691,0.5133068846463842,1.0,0.12107648144728321,0.6329860961206404,0.9994264970432628,0.0,3,False,False
ENSG00000131979,GCH1,0.6605782590758164,-0.08727341303273833,0.5133068846463842,1.0,0.1586738529840414,0.6549729205496162,0.9994264970432628,0.4203269177797703,3,False,False
ENSG00000135829,DHX9,-0.6605782590758164,-0.2999583151786182,0.5133068846463842,1.0,-0.26014509578489214,0.30883812453272086,0.9994264970432628,0.0,2,False,False
ENSG00000136527,TRA2B,0.6605782590758164,0.02676483925503018,0.5133068846463842,1.0,0.1374417269730223,0.5891937083754812,0.9994264970432628,0.0,3,False,False
ENSG00000137821,LRRC49,-0.6605782590758164,0.007572016984784853,0.5133068846463842,1.0,-0.05995143360333241,0.8130160930097051,0.9994264970432628,0.0,2,False,False
ENSG00000139436,GIT2,-0.6605782590758164,-0.3889486865652372,0.5133068846463842,1.0,-0.2133606548103131,0.4491111575982861,0.9994264970432628,0.14511543467558408,3,False,False
ENSG00000140740,UQCRC2,-0.6605782590758164,-0.2436804855915454,0.5133068846463842,1.0,-0.15224938759058845,0.5497001025113915,0.9994264970432628,0.0,2,False,False
ENSG00000141026,MED9,-0.6605782590758164,-0.3034939615940344,0.5133068846463842,1.0,-0.24359714109529507,0.34054225355826173,0.9994264970432628,0.0,3,False,False
ENSG00000148341,SH3GLB2,0.6605782590758164,0.001786630761137961,0.5133068846463842,1.0,0.11841888371441397,0.6433996642258925,0.9994264970432628,0.0,2,False,False
ENSG00000151892,GFRA1,0.6605782590758164,0.07829018885144827,0.5133068846463842,1.0,0.09301454986419931,0.7158858479825497,0.9994264970432628,0.0,2,False,False
ENSG00000153253,SCN3A,-0.6605782590758164,0.07552392695683538,0.5133068846463842,1.0,-0.0719812835704414,0.7769913274953764,0.9994264970432628,0.0,3,False,False
ENSG00000155085,AK9,0.6605782590758164,0.13745400206264163,0.5133068846463842,1.0,0.1617457671895883,0.5761604386758548,0.9994264970432628,0.184193241596214,3,False,False
ENSG00000159409,CELF3,-0.6605782590758164,-0.18287712823970756,0.5133068846463842,1.0,-0.1907827139607552,0.45212234705804977,0.9994264970432628,0.0,4,False,False
ENSG00000163536,SERPINI1,-0.6605782590758164,-0.20839747190360455,0.5133068846463842,1.0,-0.08462844043644115,0.7383915582796743,0.9994264970432628,0.0,3,False,False
ENSG00000163714,U2SURP,0.6605782590758164,0.2551612834360232,0.5133068846463842,1.0,0.3646814900562174,0.4284741921447023,0.9994264970432628,0.6401824703213919,3,False,False
ENSG00000165410,CFL2,-0.6605782590758164,-0.37234362367611706,0.5133068846463842,1.0,-0.17112724355201475,0.6192979624063205,0.9994264970432628,0.40210007693934957,2,False,False
ENSG00000165699,TSC1,-0.6605782590758164,0.11739077666915547,0.5133068846463842,1.0,0.0369985264193855,0.8843430135988577,0.9994264970432628,0.0,2,False,False
ENSG00000166579,NDEL1,-0.6605782590758164,-0.1538474337142815,0.5133068846463842,1.0,-0.17387988998848905,0.4962207841156602,0.9994264970432628,0.0,3,False,False
ENSG00000167548,KMT2D,0.6605782590758164,0.045600570249801804,0.5133068846463842,1.0,0.08251393612168147,0.7450360146071162,0.9994264970432628,0.0,3,False,False
ENSG00000169251,NMD3,-0.6605782590758164,-0.3865483981371463,0.5133068846463842,1.0,-0.09414314804110258,0.7557539313391501,0.9994264970432628,0.24676435280262932,2,False,False
ENSG00000169255,B3GALNT1,0.6605782590758164,-0.2535727356402577,0.5133068846463842,1.0,0.1540963300060922,0.6861145840110027,0.9994264970432628,0.4966417519857025,3,False,False
ENSG00000169564,PCBP1,0.6605782590758164,0.07650831520298403,0.5133068846463842,1.0,0.2684538113675194,0.2934804039897553,0.9994264970432628,0.0,3,False,False
ENSG00000170419,VSTM2A,-0.6605782590758164,-0.21285150267467182,0.5133068846463842,1.0,-0.14725424934033252,0.5631195990022791,0.9994264970432628,0.0,3,False,False
ENSG00000170881,RNF139,-0.6605782590758164,-0.40072961600805584,0.5133068846463842,1.0,-0.08427441464276597,0.8203603518446692,0.9994264970432628,0.4787456090624943,1,False,False
ENSG00000171155,C1GALT1C1,-0.6605782590758164,-0.3751093938895271,0.5133068846463842,1.0,-0.1397805693999571,0.5850885713726774,0.9994264970432628,0.0,2,False,False
ENSG00000173757,STAT5B,0.6605782590758164,0.23025121363011974,0.5133068846463842,1.0,0.23279839718007042,0.3589632715894483,0.9994264970432628,0.0,4,False,False
ENSG00000176953,NFATC2IP,-0.6605782590758164,-0.01726474125011681,0.5133068846463842,1.0,-0.1551021181455356,0.5450321165185967,0.9994264970432628,0.0,2,False,False
ENSG00000179195,ZNF664,-0.6605782590758164,-0.21966367592494018,0.5133068846463842,1.0,-0.2496431066288387,0.32565870701693533,0.9994264970432628,0.0,4,False,False
ENSG00000185619,PCGF3,-0.6605782590758164,-0.32754229006589713,0.5133068846463842,1.0,-0.2323818697699204,0.4377603840625829,0.9994264970432628,0.23022941858015986,3,False,False
ENSG00000186834,HEXIM1,0.6605782590758164,-0.12524600824299434,0.5133068846463842,1.0,0.14893848789238162,0.7189864067766165,0.9994264970432628,0.5767732181679376,2,False,False
ENSG00000196712,NF1,-0.6605782590758164,-0.10727789489885717,0.5133068846463842,1.0,-0.15886627654372906,0.5325565408562388,0.9994264970432628,0.0,3,False,False
ENSG00000204130,RUFY2,0.6605782590758164,0.09864578893933539,0.5133068846463842,1.0,0.1511545512036968,0.5524928503458073,0.9994264970432628,0.0,2,False,False
ENSG00000211584,SLC48A1,0.6605782590758164,0.08628063742237438,0.5133068846463842,1.0,0.20212987489597345,0.43407535354848825,0.9994264970432628,0.011139322236521003,3,False,False
ENSG00000176788,BASP1,0.6536972355437767,0.11230999281786361,0.517730799880351,1.0,0.20629314066916843,0.4850693803204278,0.9994264970432628,0.21123200314253154,2,False,False
ENSG00000069966,GNB5,0.6536972355437767,0.3328847323060842,0.5177458741659471,1.0,0.2272783853774759,0.37432287591916247,0.9994264970432628,0.0,3,False,False
ENSG00000100650,SRSF5,-0.6536972355437767,-0.05281919678072126,0.5177458741659471,1.0,-0.06814398221941123,0.7883164235670906,0.9994264970432628,0.0,2,False,False
ENSG00000116717,GADD45A,0.6536972355437767,0.2208611383385419,0.5177458741659471,1.0,0.19038942497390118,0.4527370743773145,0.9994264970432628,0.0,4,False,False
ENSG00000136156,ITM2B,0.6468162120117369,0.06266548552846138,0.5222097427636514,1.0,0.15506794550229436,0.5440743886007819,0.9994264970432628,0.0,3,False,False
ENSG00000001461,NIPAL3,-0.6468162120117369,-0.31174479152196316,0.5222147358186409,1.0,-0.1067322793588682,0.6762621045253658,0.9994264970432628,0.0,3,False,False
ENSG00000006712,PAF1,0.6468162120117369,0.16747283163226906,0.5222147358186409,1.0,0.12452008861602211,0.6247182374362341,0.9994264970432628,0.0,2,False,False
ENSG00000009413,REV3L,0.6468162120117369,0.016395623693992018,0.5222147358186409,1.0,0.32225399972052754,0.5004572371008147,0.9994264970432628,0.6598968122698905,3,False,False
ENSG00000033627,ATP6V0A1,-0.6468162120117369,0.030189895545218504,0.5222147358186409,1.0,-0.08079344033617444,0.7932545231731282,0.9994264970432628,0.2675331847410601,2,False,False
ENSG00000071655,MBD3,0.6468162120117369,0.3180780486360228,0.5222147358186409,1.0,0.2161096776078887,0.3974750044367773,0.9994264970432628,0.0,3,False,False
ENSG00000078668,VDAC3,-0.6468162120117369,-0.21422346281470372,0.5222147358186409,1.0,-0.12109724982797665,0.635822371286139,0.9994264970432628,0.0,2,False,False
ENSG00000088356,PDRG1,0.6468162120117369,0.16485522456379667,0.5222147358186409,1.0,0.08515152587924918,0.7372292922649903,0.9994264970432628,0.0,3,False,False
ENSG00000102100,SLC35A2,-0.6468162120117369,-0.41744261638006824,0.5222147358186409,1.0,-0.11145213066198649,0.6624548387990695,0.9994264970432628,0.0,3,False,False
ENSG00000104687,GSR,-0.6468162120117369,-0.0812243800781373,0.5222147358186409,1.0,-0.08479652029682558,0.7390347476042167,0.9994264970432628,0.0,3,False,False
ENSG00000106266,SNX8,0.6468162120117369,0.2373240578953277,0.5222147358186409,1.0,0.1469190495876097,0.5635059872017025,0.9994264970432628,0.0,2,False,False
ENSG00000109762,SNX25,-0.6468162120117369,-0.07626033620079224,0.5222147358186409,1.0,-0.34678127492858213,0.39944868957190627,0.9994264970432628,0.5400950695248035,3,False,False
ENSG00000112893,MAN2A1,-0.6468162120117369,-0.18471840704978226,0.5222147358186409,1.0,-0.13860295072138956,0.5844522245956888,0.9994264970432628,0.0,4,False,False
ENSG00000114948,ADAM23,0.6468162120117369,0.022250177983198123,0.5222147358186409,1.0,0.04788071969973529,0.85249662677001,0.9994264970432628,0.0093361869748276,1,False,False
ENSG00000115307,AUP1,0.6468162120117369,-0.004469987553516814,0.5222147358186409,1.0,0.19528471486872948,0.4443316292974038,0.9994264970432628,0.0,3,False,False
ENSG00000115355,CCDC88A,0.6468162120117369,0.027704947126442437,0.5222147358186409,1.0,-0.013603372663178997,0.9572203909717732,0.9994264970432628,0.0,3,False,False
ENSG00000115808,STRN,-0.6468162120117369,0.03323692377650266,0.5222147358186409,1.0,-0.09175908017076023,0.7191300424732829,0.9994264970432628,0.0,3,False,False
ENSG00000118985,ELL2,-0.6468162120117369,-0.1919869355342932,0.5222147358186409,1.0,-0.14142323959747924,0.5768537716626764,0.9994264970432628,0.0,3,False,False
ENSG00000119953,SMNDC1,-0.6468162120117369,0.005219971179746538,0.5222147358186409,1.0,-0.0852028787549919,0.7374743075028736,0.9994264970432628,0.0,3,False,False
ENSG00000122068,FYTTD1,0.6468162120117369,0.11903538246436295,0.5222147358186409,1.0,0.18252627879223318,0.4741954627370851,0.9994264970432628,0.0,3,False,False
ENSG00000122335,SERAC1,-0.6468162120117369,0.11726544760684827,0.5222147358186409,1.0,-0.06064251042869441,0.8117062667242284,0.9994264970432628,0.0,3,False,False
ENSG00000123560,PLP1,0.6468162120117369,0.269836403887409,0.5222147358186409,1.0,0.21074382873993452,0.41092950824323693,0.9994264970432628,0.0,3,False,False
ENSG00000123636,BAZ2B,0.6468162120117369,0.07454956800405772,0.5222147358186409,1.0,0.23308621352293654,0.3626737234164631,0.9994264970432628,0.0,3,False,False
ENSG00000124299,PEPD,-0.6468162120117369,-0.3513936338573182,0.5222147358186409,1.0,-0.3212544325308197,0.2090672010488479,0.9994264970432628,0.0,3,False,False
ENSG00000125166,GOT2,0.6468162120117369,0.020595438446373727,0.5222147358186409,1.0,0.26908113123612126,0.4070447658020334,0.9994264970432628,0.32703271885320867,3,False,False
ENSG00000125351,UPF3B,-0.6468162120117369,-0.1986916463586217,0.5222147358186409,1.0,-0.12862860413042557,0.6153814019037759,0.9994264970432628,0.0,3,False,False
ENSG00000125870,SNRPB2,-0.6468162120117369,-0.0792951175728392,0.5222147358186409,1.0,-0.015785087531103744,0.9506012672634117,0.9994264970432628,0.0,2,False,False
ENSG00000127824,TUBA4A,0.6468162120117369,0.22566048238321543,0.5222147358186409,1.0,0.19517619993618052,0.44161663681984753,0.9994264970432628,0.0,4,False,False
ENSG00000129515,SNX6,0.6468162120117369,-0.25193772597041836,0.5222147358186409,1.0,0.18509238107891363,0.6601909079495785,0.9994264970432628,0.5754630423864375,3,False,False
ENSG00000130749,ZC3H4,0.6468162120117369,0.09871536894015397,0.5222147358186409,1.0,0.15852378305325113,0.5344321487237549,0.9994264970432628,0.0,2,False,False
ENSG00000132434,LANCL2,-0.6468162120117369,-0.03555349640164202,0.5222147358186409,1.0,-0.10642241476425436,0.6750550047129095,0.9994264970432628,0.0,3,False,False
ENSG00000132664,POLR3F,0.6468162120117369,0.13675587071251694,0.5222147358186409,1.0,0.2074799562316222,0.4353480110879555,0.9994264970432628,0.05655753633114074,3,False,False
ENSG00000134852,CLOCK,-0.6468162120117369,-0.35759508515406724,0.5222147358186409,1.0,-0.23197496126117464,0.3636243522086303,0.9994264970432628,0.0,3,False,False
ENSG00000137288,UQCC2,-0.6468162120117369,-0.21222399188347485,0.5222147358186409,1.0,-0.11831885462756025,0.6430091876289559,0.9994264970432628,0.0,2,False,False
ENSG00000137563,GGH,-0.6468162120117369,-0.05166659818594909,0.5222147358186409,1.0,-0.12142649381574712,0.7120345892153357,0.9994264970432628,0.3502415872510501,1,False,False
ENSG00000138101,DTNB,-0.6468162120117369,-0.394835337011815,0.5222147358186409,1.0,-0.15999384838343828,0.5324734233781543,0.9994264970432628,0.0,2,False,False
ENSG00000138311,ZNF365,-0.6468162120117369,-0.05537459375312111,0.5222147358186409,1.0,-0.06780032790675944,0.7898534503127843,0.9994264970432628,0.0,3,False,False
ENSG00000140718,FTO,-0.6468162120117369,-0.34998033728558053,0.5222147358186409,1.0,-0.2533325053553714,0.32069575653656035,0.9994264970432628,0.0,3,False,False
ENSG00000143493,INTS7,0.6468162120117369,-0.11941319335558973,0.5222147358186409,1.0,-0.01739650230456687,0.9454494124284492,0.9994264970432628,0.0,3,False,False
ENSG00000144136,SLC20A1,-0.6468162120117369,-0.1504000934462723,0.5222147358186409,1.0,-0.15692987887895957,0.5387488118580654,0.9994264970432628,0.0,3,False,False
ENSG00000145817,YIPF5,0.6468162120117369,-0.12760387212198118,0.5222147358186409,1.0,0.1919647724748333,0.7017880284550153,0.9994264970432628,0.6876420768647825,3,False,False
ENSG00000146676,PURB,0.6468162120117369,0.07149366640101958,0.5222147358186409,1.0,0.1420204804972413,0.5757532840529207,0.9994264970432628,0.0,2,False,False
ENSG00000152133,GPATCH11,-0.6468162120117369,-0.26397581214393756,0.5222147358186409,1.0,-0.19154914304089543,0.4511624043557064,0.9994264970432628,0.0,3,False,False
ENSG00000154803,FLCN,0.6468162120117369,-0.0376242664738831,0.5222147358186409,1.0,-0.003462058229833427,0.9891450201761031,0.9994264970432628,0.0,2,False,False
ENSG00000157193,LRP8,0.6468162120117369,0.05524697186811373,0.5222147358186409,1.0,0.09916739363000257,0.6964769160367357,0.9994264970432628,0.0,3,False,False
ENSG00000166448,TMEM130,-0.6468162120117369,-0.3556455459998416,0.5222147358186409,1.0,-0.15088888196446001,0.6499855603962867,0.9994264970432628,0.3620671654989964,2,False,False
ENSG00000168092,PAFAH1B2,-0.6468162120117369,-0.1801106815877018,0.5222147358186409,1.0,-0.12736261276672362,0.6774061676143115,0.9994264970432628,0.2573071530036238,2,False,False
ENSG00000168175,MAPK1IP1L,0.6468162120117369,0.03712825408130971,0.5222147358186409,1.0,0.10730739223495106,0.6750235211929498,0.9994264970432628,0.0,3,False,False
ENSG00000168243,GNG4,0.6468162120117369,0.2563361147185474,0.5222147358186409,1.0,0.20504922540741147,0.4749160933362051,0.9994264970432628,0.16618455826456854,3,False,False
ENSG00000173517,PEAK1,-0.6468162120117369,-0.46795378941599813,0.5222147358186409,1.0,-0.2627455683188519,0.30573963117190395,0.9994264970432628,0.0,2,False,False
ENSG00000174437,ATP2A2,-0.6468162120117369,-0.0582079529501496,0.5222147358186409,1.0,-0.1585888772377953,0.5940831018789061,0.9994264970432628,0.22221617881005232,2,False,False
ENSG00000178074,C2orf69,-0.6468162120117369,-0.31491746593762643,0.5222147358186409,1.0,-0.21479032726868585,0.40113098270853065,0.9994264970432628,0.0,3,False,False
ENSG00000184887,BTBD6,-0.6468162120117369,-0.27681375747154224,0.5222147358186409,1.0,-0.17491888498778918,0.49034869135305603,0.9994264970432628,0.0,4,False,False
ENSG00000185950,IRS2,0.6468162120117369,-0.1341362794842108,0.5222147358186409,1.0,0.10662938112581029,0.7134905834632852,0.9994264970432628,0.19045150287989873,2,False,False
ENSG00000187189,TSPYL4,0.6468162120117369,0.16770008736204256,0.5222147358186409,1.0,0.15503622405505374,0.5426817039334689,0.9994264970432628,0.0,3,False,False
ENSG00000196132,MYT1,-0.6468162120117369,0.022864944957235078,0.5222147358186409,1.0,-0.11727568115139818,0.6458598123323005,0.9994264970432628,0.0,2,False,False
ENSG00000196352,CD55,-0.6468162120117369,0.016649950511035336,0.5222147358186409,1.0,-0.16420193645575887,0.5332445869172011,0.9994264970432628,0.04433492920843789,2,False,False
ENSG00000198934,MAGEE1,-0.6468162120117369,-0.17868489410049873,0.5222147358186409,1.0,-0.11332395235375836,0.6555424464371312,0.9994264970432628,0.0,2,False,False
ENSG00000215193,PEX26,-0.6468162120117369,-0.23994397809491058,0.5222147358186409,1.0,-0.16973068803451827,0.5040011051088839,0.9994264970432628,0.0,3,False,False
ENSG00000272047,GTF2H5,0.6468162120117369,0.11718971549323937,0.5222147358186409,1.0,0.17947697440772142,0.48239038508156273,0.9994264970432628,0.0,3,False,False
ENSG00000072832,CRMP1,-0.6399351884796971,0.06240062605017478,0.5266933113377138,1.0,-0.06638450253705672,0.79395239425827,0.9994264970432628,0.0,3,False,False
ENSG00000143621,ILF2,-0.6330541649476573,-0.29445028363609627,0.5311964536019207,1.0,-0.14238609100248742,0.5774379459371433,0.9994264970432628,0.0,2,False,False
ENSG00000006704,GTF2IRD1,0.6330541649476573,0.07697637204547843,0.5312013820304666,1.0,0.143565918130207,0.5722109098247262,0.9994264970432628,0.0,3,False,False
ENSG00000036549,ZZZ3,-0.6330541649476573,0.040647190998080174,0.5312013820304666,1.0,-0.18971774804099842,0.594688852359519,0.9994264970432628,0.4188741806542064,3,False,False
ENSG00000051825,MPHOSPH9,-0.6330541649476573,-0.2758821251280434,0.5312013820304666,1.0,-0.2241576987468293,0.39886144434612725,0.9994264970432628,0.05500066328197869,2,False,False
ENSG00000056097,ZFR,0.6330541649476573,-0.051881344010743936,0.5312013820304666,1.0,0.043645564397634506,0.8639177827489711,0.9994264970432628,0.0,1,False,False
ENSG00000057252,SOAT1,0.6330541649476573,-0.01535813427470637,0.5312013820304666,1.0,0.29577984116005673,0.39415618418641263,0.9994264970432628,0.39909556354728254,3,False,False
ENSG00000065457,ADAT1,-0.6330541649476573,-0.18406452829047562,0.5312013820304666,1.0,-0.2260170708454398,0.37576348127964165,0.9994264970432628,0.0,3,False,False
ENSG00000070214,SLC44A1,0.6330541649476573,0.22806882615512655,0.5312013820304666,1.0,0.18887913662852848,0.457490230495574,0.9994264970432628,0.0,4,False,False
ENSG00000072210,ALDH3A2,0.6330541649476573,0.0634147978473881,0.5312013820304666,1.0,0.11565839872862567,0.6491124216766343,0.9994264970432628,0.0,3,False,False
ENSG00000074527,NTN4,-0.6330541649476573,-0.30581156026139067,0.5312013820304666,1.0,-0.12600150834785895,0.669450933172787,0.9994264970432628,0.20770550959754214,2,False,False
ENSG00000085231,AK6,0.6330541649476573,0.5836051947436713,0.5312013820304666,1.0,0.2890307480891005,0.2578107594677317,0.9994264970432628,0.0,4,False,False
ENSG00000085998,POMGNT1,-0.6330541649476573,-0.2064380721720687,0.5312013820304666,1.0,-0.1348202800246097,0.5968170322258901,0.9994264970432628,0.0,3,False,False
ENSG00000100083,GGA1,0.6330541649476573,0.10723309587159618,0.5312013820304666,1.0,0.10231524712524638,0.6869974292942886,0.9994264970432628,0.0,2,False,False
ENSG00000100483,VCPKMT,-0.6330541649476573,-0.1458303332595613,0.5312013820304666,1.0,-0.00788419828915601,0.9843500949958004,0.9994264970432628,0.5484815666956911,1,False,False
ENSG00000105323,HNRNPUL1,-0.6330541649476573,-0.24502915352964005,0.5312013820304666,1.0,-0.2509790709053302,0.32488156006147884,0.9994264970432628,0.0,4,False,False
ENSG00000111676,ATN1,-0.6330541649476573,-0.19893448893059815,0.5312013820304666,1.0,-0.25390783169127495,0.31994018244049394,0.9994264970432628,0.0,3,False,False
ENSG00000115211,EIF2B4,-0.6330541649476573,-0.38420487320096147,0.5312013820304666,1.0,-0.10542214640094565,0.8006027860975106,0.9994264970432628,0.5742025408668262,1,False,False
ENSG00000116141,MARK1,-0.6330541649476573,-0.2539076522175008,0.5312013820304666,1.0,-0.15766025871822847,0.537263229968828,0.9994264970432628,0.0,2,False,False
ENSG00000116337,AMPD2,0.6330541649476573,0.13858493352021803,0.5312013820304666,1.0,0.13775342991494893,0.5887695399931306,0.9994264970432628,0.0,2,False,False
ENSG00000118046,STK11,-0.6330541649476573,-0.24464247880918677,0.5312013820304666,1.0,-0.2856098537339198,0.26162926551718635,0.9994264970432628,0.0,4,False,False
ENSG00000118507,AKAP7,-0.6330541649476573,-0.20426583695085984,0.5312013820304666,1.0,-0.17379880152849891,0.49301666063671645,0.9994264970432628,0.0,4,False,False
ENSG00000118733,OLFM3,-0.6330541649476573,-0.09662457317341235,0.5312013820304666,1.0,-0.05034507662403112,0.8429658933904359,0.9994264970432628,0.0,2,False,False
ENSG00000122779,TRIM24,-0.6330541649476573,-0.3496982532252318,0.5312013820304666,1.0,-0.17950009946430356,0.6411688391317236,0.9994264970432628,0.5030936967216728,3,False,False
ENSG00000124532,MRS2,-0.6330541649476573,-0.26856406864591725,0.5312013820304666,1.0,-0.15342767827728498,0.6975883496566702,0.9994264970432628,0.5287385511287203,2,False,False
ENSG00000125967,NECAB3,-0.6330541649476573,0.0727370598449062,0.5312013820304666,1.0,-0.1338839455785666,0.6075648059705822,0.9994264970432628,0.027613962634003925,3,False,False
ENSG00000126267,COX6B1,0.6330541649476573,-0.18004122827798066,0.5312013820304666,1.0,0.0820819556397722,0.7479972901786465,0.9994264970432628,0.0,3,False,False
ENSG00000127463,EMC1,-0.6330541649476573,-0.13109634740230072,0.5312013820304666,1.0,-0.2034941720306487,0.42395470205779817,0.9994264970432628,0.0,3,False,False
ENSG00000127884,ECHS1,0.6330541649476573,0.06942195345678857,0.5312013820304666,1.0,0.22161894115109074,0.47558023482910083,0.9994264970432628,0.2676565404834709,2,False,False
ENSG00000129757,CDKN1C,0.6330541649476573,-0.05941711099786815,0.5312013820304666,1.0,0.15885652467513464,0.5415975926372638,0.9994264970432628,0.02417883514550864,3,False,False
ENSG00000132164,SLC6A11,-0.6330541649476573,-0.16771606852374102,0.5312013820304666,1.0,-0.21574245845247125,0.39752320240420924,0.9994264970432628,0.0,2,False,False
ENSG00000134371,CDC73,-0.6330541649476573,-0.204187158115856,0.5312013820304666,1.0,-0.23419810879712252,0.4001886056857695,0.9994264970432628,0.12487333699902603,2,False,False
ENSG00000134909,ARHGAP32,0.6330541649476573,0.13196854412152173,0.5312013820304666,1.0,0.1366105100202149,0.5906710867272866,0.9994264970432628,0.0,3,False,False
ENSG00000142089,IFITM3,-0.6330541649476573,-0.4293495668259167,0.5312013820304666,1.0,-0.27650009289471295,0.27917158612680637,0.9994264970432628,0.0,2,False,False
ENSG00000143337,TOR1AIP1,-0.6330541649476573,-0.323514934999833,0.5312013820304666,1.0,-0.22475722326664782,0.3779012794684692,0.9994264970432628,0.0,3,False,False
ENSG00000143889,HNRNPLL,-0.6330541649476573,-0.43223088276659843,0.5312013820304666,1.0,-0.12841081671614388,0.7385769690213628,0.9994264970432628,0.509107645009185,1,False,False
ENSG00000146281,PM20D2,-0.6330541649476573,-0.2568508613716094,0.5312013820304666,1.0,-0.08674558738621366,0.7336595790740589,0.9994264970432628,0.0,3,False,False
ENSG00000147650,LRP12,-0.6330541649476573,-0.34277730822594726,0.5312013820304666,1.0,-0.09589839549134505,0.7543413583452411,0.9994264970432628,0.2548658319792392,3,False,False
ENSG00000148468,FAM171A1,0.6330541649476573,0.16239166947656514,0.5312013820304666,1.0,0.2600355445223826,0.3076343904089024,0.9994264970432628,0.0,4,False,False
ENSG00000158290,CUL4B,-0.6330541649476573,-0.5500056840525677,0.5312013820304666,1.0,-0.1939591962060096,0.44826943742869485,0.9994264970432628,0.0,2,False,False
ENSG00000163875,MEAF6,-0.6330541649476573,-0.05904438303061744,0.5312013820304666,1.0,-0.05307258632019462,0.8343032942749997,0.9994264970432628,0.0,3,False,False
ENSG00000165724,ZMYND19,-0.6330541649476573,-0.3575810585885249,0.5312013820304666,1.0,-0.2316454162401143,0.48088172175548083,0.9994264970432628,0.3444348012710514,3,False,False
ENSG00000166532,RIMKLB,0.6330541649476573,-0.02333176889298809,0.5312013820304666,1.0,0.3033252757719653,0.6020481991251944,0.9994264970432628,0.7375118066445822,2,False,False
ENSG00000167193,CRK,0.6330541649476573,-0.2535933679014096,0.5312013820304666,1.0,0.11686336743435899,0.7803483307689956,0.9994264970432628,0.5836131665324192,3,False,False
ENSG00000167671,UBXN6,-0.6330541649476573,-0.04824899646626758,0.5312013820304666,1.0,-0.1194338718666214,0.6382273487205716,0.9994264970432628,0.0,2,False,False
ENSG00000168781,PPIP5K1,0.6330541649476573,-0.09681537818635703,0.5312013820304666,1.0,0.20443151435000273,0.7408908452890468,0.9994264970432628,0.7907554580395513,3,False,False
ENSG00000170011,MYRIP,-0.6330541649476573,-0.3006183787951236,0.5312013820304666,1.0,-0.09172413392299505,0.7267999870438974,0.9994264970432628,0.04012155642917606,2,False,False
ENSG00000174628,IQCK,-0.6330541649476573,-0.014304638969176485,0.5312013820304666,1.0,-0.050221303977359376,0.8427344899666053,0.9994264970432628,0.0,2,False,False
ENSG00000178163,ZNF518B,0.6330541649476573,0.07152774173283213,0.5312013820304666,1.0,0.10783231171097157,0.6715212453741402,0.9994264970432628,0.0,2,False,False
ENSG00000181090,EHMT1,0.6330541649476573,0.14076957267795437,0.5312013820304666,1.0,0.16604082171074425,0.5124242861607439,0.9994264970432628,0.0,4,False,False
ENSG00000183023,SLC8A1,-0.6330541649476573,-0.24218386357308794,0.5312013820304666,1.0,-0.08921625454759993,0.7254158664377033,0.9994264970432628,0.0,2,False,False
ENSG00000183779,ZNF703,0.6330541649476573,0.16294202953141806,0.5312013820304666,1.0,0.19282154117386682,0.4498323291205846,0.9994264970432628,0.0,3,False,False
ENSG00000184436,THAP7,0.6330541649476573,0.3742539850536206,0.5312013820304666,1.0,0.2501644777731623,0.3265194049288732,0.9994264970432628,0.0,3,False,False
ENSG00000184863,RBM33,0.6330541649476573,0.2846917015396732,0.5312013820304666,1.0,0.24240052840738915,0.3400899731286259,0.9994264970432628,0.0,4,False,False
ENSG00000186469,GNG2,0.6330541649476573,-0.09341739143597386,0.5312013820304666,1.0,0.1200395380380356,0.7111018815367401,0.9994264970432628,0.3309255831592767,3,False,False
ENSG00000196531,NACA,0.6330541649476573,0.049682267907271954,0.5312013820304666,1.0,0.10742892798877898,0.6849142627105308,0.9994264970432628,0.05316253838212267,2,False,False
ENSG00000196792,STRN3,0.6330541649476573,-0.020131533665658157,0.5312013820304666,1.0,0.08603250890875479,0.7352538808886947,0.9994264970432628,0.0,3,False,False
ENSG00000197102,DYNC1H1,-0.6330541649476573,-0.42636511686757805,0.5312013820304666,1.0,-0.1706469185921488,0.503382662182529,0.9994264970432628,0.0,3,False,False
ENSG00000198853,RUSC2,-0.6330541649476573,-0.11451331781678822,0.5312013820304666,1.0,-0.11892369279630895,0.6387393771339924,0.9994264970432628,0.0,3,False,False
ENSG00000198856,OSTC,0.6330541649476573,0.053012126332961,0.5312013820304666,1.0,0.17195427218141748,0.5004394019932233,0.9994264970432628,0.0,3,False,False
ENSG00000218739,CEBPZOS,0.6330541649476573,-0.20401895504150888,0.5312013820304666,1.0,0.1684550796119747,0.6400992788595201,0.9994264970432628,0.44695189246002803,2,False,False
ENSG00000241258,CRCP,0.6330541649476573,0.09988647297796346,0.5312013820304666,1.0,0.19983197497352392,0.5314076804488261,0.9994264970432628,0.3106545874090065,2,False,False
ENSG00000170315,UBB,0.6192921178835779,0.007288857017363492,0.5402560804979983,1.0,0.14012669588678897,0.5829938841405806,0.9994264970432628,0.0,3,False,False
ENSG00000008869,HEATR5B,-0.6192921178835779,-0.4387705403621605,0.5402658033871135,1.0,-0.18269640140644947,0.4752551538493336,0.9994264970432628,0.0,2,False,False
ENSG00000020577,SAMD4A,0.6192921178835779,0.012906459102280946,0.5402658033871135,1.0,0.026202086421324843,0.9179213604375213,0.9994264970432628,0.0,2,False,False
ENSG00000052802,MSMO1,-0.6192921178835779,-0.3208396428093571,0.5402658033871135,1.0,-0.08927217117566667,0.8014346989672698,0.9994264970432628,0.43579708171400544,2,False,False
ENSG00000069849,ATP1B3,0.6192921178835779,0.08548308559592442,0.5402658033871135,1.0,0.28096236446528644,0.27192549845834646,0.9994264970432628,0.0,3,False,False
ENSG00000072401,UBE2D1,-0.6192921178835779,-0.4237310285630574,0.5402658033871135,1.0,-0.14519882257412628,0.5780892363559706,0.9994264970432628,0.029619920116525075,2,False,False
ENSG00000078043,PIAS2,0.6192921178835779,0.3835034888474685,0.5402658033871135,1.0,0.22685274910170208,0.37472433860484755,0.9994264970432628,0.0,3,False,False
ENSG00000087274,ADD1,-0.6192921178835779,-0.06395842917440446,0.5402658033871135,1.0,-0.034078765238732496,0.8933478092712036,0.9994264970432628,0.0,3,False,False
ENSG00000091640,SPAG7,-0.6192921178835779,-0.2547325622710733,0.5402658033871135,1.0,-0.17302090608451584,0.4973545830910472,0.9994264970432628,0.0,3,False,False
ENSG00000101019,UQCC1,-0.6192921178835779,-0.14888860864419506,0.5402658033871135,1.0,-0.1927302864975023,0.5799563916415325,0.9994264970432628,0.4001777924131203,2,False,False
ENSG00000101079,NDRG3,0.6192921178835779,-0.03417954101357904,0.5402658033871135,1.0,0.17673760580072048,0.4905536985603608,0.9994264970432628,0.0,2,False,False
ENSG00000101126,ADNP,0.6192921178835779,-0.10610169260235013,0.5402658033871135,1.0,0.08021283518917728,0.7536483889089824,0.9994264970432628,0.0,2,False,False
ENSG00000101132,PFDN4,-0.6192921178835779,0.14854316297886286,0.5402658033871135,1.0,0.0637792703270432,0.8026179633769808,0.9994264970432628,0.0,2,False,False
ENSG00000101557,USP14,0.6192921178835779,0.03627977700156881,0.5402658033871135,1.0,0.12228964729625925,0.6883603550779775,0.9994264970432628,0.252467509111849,2,False,False
ENSG00000102804,TSC22D1,0.6192921178835779,-0.05980318266621273,0.5402658033871135,1.0,0.014919787507310923,0.953358477069117,0.9994264970432628,0.0,3,False,False
ENSG00000104980,TIMM44,-0.6192921178835779,-0.16264221960665642,0.5402658033871135,1.0,-0.25957462210036725,0.30905235384731555,0.9994264970432628,0.0,4,False,False
ENSG00000105186,ANKRD27,-0.6192921178835779,-0.14408194006962102,0.5402658033871135,1.0,-0.16111551965257884,0.5253047958387184,0.9994264970432628,0.0,3,False,False
ENSG00000105364,MRPL4,0.6192921178835779,0.06241067391117439,0.5402658033871135,1.0,0.0892561648437161,0.7267242920321875,0.9994264970432628,0.0,2,False,False
ENSG00000105784,RUNDC3B,0.6192921178835779,0.01850994428626724,0.5402658033871135,1.0,0.08246960912304215,0.7866701051965496,0.9994264970432628,0.2553319140847201,2,False,False
ENSG00000106049,HIBADH,0.6192921178835779,-0.21450656658716075,0.5402658033871135,1.0,-0.04246055179948321,0.8682693625684827,0.9994264970432628,0.0,1,False,False
ENSG00000108684,ASIC2,-0.6192921178835779,-0.17626419178731764,0.5402658033871135,1.0,-0.1651974933760688,0.517088972658579,0.9994264970432628,0.0,3,False,False
ENSG00000117500,TMED5,-0.6192921178835779,-0.20423488348745628,0.5402658033871135,1.0,-0.19712474977949496,0.4399571632469569,0.9994264970432628,0.0,2,False,False
ENSG00000120333,MRPS14,0.6192921178835779,0.11316158194894588,0.5402658033871135,1.0,0.1644349327284645,0.5174469418217605,0.9994264970432628,0.0,3,False,False
ENSG00000124406,ATP8A1,-0.6192921178835779,-0.18279731051814288,0.5402658033871135,1.0,-0.015114601967264758,0.9701641389704043,0.9994264970432628,0.5511699449015317,2,False,False
ENSG00000127419,TMEM175,-0.6192921178835779,-0.28678457603729135,0.5402658033871135,1.0,0.07275992341565432,0.8679501907934452,0.9994264970432628,0.5908440156264633,1,False,False
ENSG00000128266,GNAZ,-0.6192921178835779,-0.26303974800710855,0.5402658033871135,1.0,-0.13820590069717914,0.5895252725931655,0.9994264970432628,0.0,3,False,False
ENSG00000131089,ARHGEF9,0.6192921178835779,0.16477403031542803,0.5402658033871135,1.0,0.2270519496277222,0.37418731050159637,0.9994264970432628,0.0,3,False,False
ENSG00000137449,CPEB2,-0.6192921178835779,-0.07574124121699169,0.5402658033871135,1.0,-0.13570847804664707,0.5930932552159573,0.9994264970432628,0.0,3,False,False
ENSG00000138107,ACTR1A,-0.6192921178835779,-0.11774617081286798,0.5402658033871135,1.0,-0.14836638455252682,0.5587342731572946,0.9994264970432628,0.0,3,False,False
ENSG00000138593,SECISBP2L,-0.6192921178835779,-0.12913318359159956,0.5402658033871135,1.0,-0.18936839452960572,0.4601362748568646,0.9994264970432628,0.0,3,False,False
ENSG00000139438,FAM222A,0.6192921178835779,-0.09916616839011982,0.5402658033871135,1.0,0.058321985184880465,0.8264889562724442,0.9994264970432628,0.062037549331832725,1,False,False
ENSG00000142166,IFNAR1,0.6192921178835779,-0.20145038095190304,0.5402658033871135,1.0,0.09628750084193562,0.8031298669936825,0.9994264970432628,0.5048872180528932,2,False,False
ENSG00000146425,DYNLT1,0.6192921178835779,0.019182741284065743,0.5402658033871135,1.0,0.22042753030047973,0.6600788997146136,0.9994264970432628,0.6993807912566785,3,False,False
ENSG00000149308,NPAT,-0.6192921178835779,-0.3144936958369854,0.5402658033871135,1.0,-0.1848911126366421,0.4701508570560553,0.9994264970432628,0.0,2,False,False
ENSG00000167680,SEMA6B,-0.6192921178835779,-0.09689862239557008,0.5402658033871135,1.0,-0.09699486308742271,0.7027407724989383,0.9994264970432628,0.0,3,False,False
ENSG00000168090,COPS6,0.6192921178835779,0.08251845219946867,0.5402658033871135,1.0,0.15164507649551415,0.5502918637972718,0.9994264970432628,0.0,3,False,False
ENSG00000168904,LRRC28,0.6192921178835779,-0.05611461185439737,0.5402658033871135,1.0,0.196711208334717,0.5098993733629019,0.9994264970432628,0.22693617284971124,3,False,False
ENSG00000169139,UBE2V2,-0.6192921178835779,-0.13159532664506648,0.5402658033871135,1.0,-0.11815576409699385,0.6417965608976085,0.9994264970432628,0.0,3,False,False
ENSG00000174939,ASPHD1,-0.6192921178835779,-0.3659844356698714,0.5402658033871135,1.0,-0.18676904301263514,0.4628922923786012,0.9994264970432628,0.0,2,False,False
ENSG00000176697,BDNF,0.6192921178835779,0.0988584950261698,0.5402658033871135,1.0,0.17264210470533467,0.6218868304590219,0.9994264970432628,0.4209475647810276,2,False,False
ENSG00000185567,AHNAK2,-0.6192921178835779,-0.05673964503802341,0.5402658033871135,1.0,-0.10451468603706732,0.6803910739994451,0.9994264970432628,0.0,3,False,False
ENSG00000186318,BACE1,0.6192921178835779,0.2907646823854714,0.5402658033871135,1.0,0.2418652828078343,0.34277657642936166,0.9994264970432628,0.0,3,False,False
ENSG00000188674,C2orf80,-0.6192921178835779,-0.2200372282318868,0.5402658033871135,1.0,-0.1334982517518116,0.5992573369905374,0.9994264970432628,0.0,2,False,False
ENSG00000198919,DZIP3,0.6192921178835779,0.23709968141152432,0.5402658033871135,1.0,0.23958183865479168,0.3460553693576206,0.9994264970432628,0.0,4,False,False
ENSG00000104093,DMXL2,-0.6055300708194984,-0.25750786271334636,0.5494021496918987,1.0,-0.18739350595481813,0.596523188994907,0.9994264970432628,0.424575672368104,2,False,False
ENSG00000150459,SAP18,-0.6055300708194984,-0.04551325428791717,0.5494021496918987,1.0,-0.06451338531648422,0.7999417437512577,0.9994264970432628,0.0,2,False,False
ENSG00000038274,MAT2B,0.6055300708194984,0.16018189367567132,0.5494069415826333,1.0,0.2921341065000648,0.2556137637214505,0.9994264970432628,0.0,3,False,False
ENSG00000060982,BCAT1,0.6055300708194984,0.0005642150938097388,0.5494069415826333,1.0,0.09779449283826049,0.7003136772732478,0.9994264970432628,0.0,3,False,False
ENSG00000065150,IPO5,0.6055300708194984,0.3048860825617211,0.5494069415826333,1.0,0.10310125788272564,0.8088101733120229,0.9994264970432628,0.5737304532615575,3,False,False
ENSG00000070614,NDST1,-0.6055300708194984,-0.25327057152612487,0.5494069415826333,1.0,-0.1891812242555075,0.45908296073885946,0.9994264970432628,0.0,3,False,False
ENSG00000091157,WDR7,-0.6055300708194984,-0.3701843533331927,0.5494069415826333,1.0,-0.0983055228361084,0.7006196255793817,0.9994264970432628,0.0,2,False,False
ENSG00000091542,ALKBH5,0.6055300708194984,0.07663442361522266,0.5494069415826333,1.0,0.14548477060953408,0.6017299842363113,0.9994264970432628,0.13195051688555345,3,False,False
ENSG00000102921,N4BP1,-0.6055300708194984,-0.27645282934746207,0.5494069415826333,1.0,-0.21731258531332606,0.39398193483273236,0.9994264970432628,0.0,2,False,False
ENSG00000104517,UBR5,0.6055300708194984,0.18970527488725034,0.5494069415826333,1.0,0.14675992135842636,0.5640101102906361,0.9994264970432628,0.0,2,False,False
ENSG00000105771,SMG9,-0.6055300708194984,0.01496270795668582,0.5494069415826333,1.0,-0.09899921966054441,0.6966888235382278,0.9994264970432628,0.0,3,False,False
ENSG00000106348,IMPDH1,0.6055300708194984,0.3388872833339781,0.5494069415826333,1.0,0.18803886607424927,0.46313335023018776,0.9994264970432628,0.0,2,False,False
ENSG00000108061,SHOC2,-0.6055300708194984,-0.075314034135416,0.5494069415826333,1.0,-0.12665977432062528,0.6183624919762203,0.9994264970432628,0.0,4,False,False
ENSG00000112640,PPP2R5D,-0.6055300708194984,0.17080325485102513,0.5494069415826333,1.0,-0.08854848380899688,0.8057670059286886,0.9994264970432628,0.4379432920799173,2,False,False
ENSG00000115966,ATF2,-0.6055300708194984,-0.16213221630642194,0.5494069415826333,1.0,-0.14974409798483673,0.6489606447290264,0.9994264970432628,0.34445335284629913,2,False,False
ENSG00000116544,DLGAP3,-0.6055300708194984,-0.295288697029564,0.5494069415826333,1.0,-0.2218251729332968,0.38317563548826694,0.9994264970432628,0.0,4,False,False
ENSG00000119522,DENND1A,-0.6055300708194984,0.09294326336202026,0.5494069415826333,1.0,-0.004426430583463917,0.9861711887399851,0.9994264970432628,0.0,3,False,False
ENSG00000130939,UBE4B,0.6055300708194984,0.2193069652282043,0.5494069415826333,1.0,0.15460578698059324,0.5430898789952989,0.9994264970432628,0.0,2,False,False
ENSG00000132356,PRKAA1,-0.6055300708194984,-0.3226537352694758,0.5494069415826333,1.0,-0.24951947633629312,0.3582203623941852,0.9994264970432628,0.08691471176354977,2,False,False
ENSG00000133878,DUSP26,0.6055300708194984,0.29024594199343673,0.5494069415826333,1.0,0.1951752686031157,0.4422698025107623,0.9994264970432628,0.0,3,False,False
ENSG00000135862,LAMC1,-0.6055300708194984,-0.06718524964709968,0.5494069415826333,1.0,-0.1286149725476296,0.6505873690474601,0.9994264970432628,0.1579356735769434,2,False,False
ENSG00000136485,DCAF7,-0.6055300708194984,-0.05127210154716292,0.5494069415826333,1.0,0.00878139944740627,0.9725050303790397,0.9994264970432628,0.0,2,False,False
ENSG00000143515,ATP8B2,0.6055300708194984,0.17571445745862582,0.5494069415826333,1.0,0.1715154774530546,0.49927203767446116,0.9994264970432628,0.0,2,False,False
ENSG00000145824,CXCL14,0.6055300708194984,0.2600544481658058,0.5494069415826333,1.0,0.14449258477504787,0.654744805167585,0.9994264970432628,0.3145593771991252,2,False,False
ENSG00000146083,RNF44,0.6055300708194984,0.08323651536304955,0.5494069415826333,1.0,0.12204105380835328,0.6305378769274539,0.9994264970432628,0.0,2,False,False
ENSG00000146701,MDH2,0.6055300708194984,0.07993522923613089,0.5494069415826333,1.0,0.16250991497676037,0.5223309414501327,0.9994264970432628,0.0,3,False,False
ENSG00000148798,INA,0.6055300708194984,-0.02004500290671646,0.5494069415826333,1.0,0.14676181787927892,0.6227410402368507,0.9994264970432628,0.22590387067844137,3,False,False
ENSG00000152102,FAM168B,0.6055300708194984,0.14493919887514797,0.5494069415826333,1.0,0.0464755188043346,0.8855644700369681,0.9994264970432628,0.3280444313952989,2,False,False
ENSG00000158186,MRAS,0.6055300708194984,-0.0928267398734536,0.5494069415826333,1.0,-0.030533465625416225,0.9316350152523556,0.9994264970432628,0.43684046545306676,1,False,False
ENSG00000159840,ZYX,-0.6055300708194984,-0.1621726508055008,0.5494069415826333,1.0,-0.13228324188551577,0.6270372629536693,0.9994264970432628,0.09533676710333502,1,False,False
ENSG00000164050,PLXNB1,-0.6055300708194984,-0.2719995443717169,0.5494069415826333,1.0,-0.20768510396232806,0.4786011886457606,0.9994264970432628,0.1970237932935699,3,False,False
ENSG00000181704,YIPF6,-0.6055300708194984,-0.16790307738648558,0.5494069415826333,1.0,-0.1496166961077397,0.7008798324028029,0.9994264970432628,0.5167698075025426,3,False,False
ENSG00000182504,CEP97,0.6055300708194984,0.2503901889807439,0.5494069415826333,1.0,0.18823960508233123,0.46065153941631676,0.9994264970432628,0.0,2,False,False
ENSG00000185650,ZFP36L1,0.6055300708194984,0.3282556060930968,0.5494069415826333,1.0,0.1959268345506955,0.443598414277406,0.9994264970432628,0.0,3,False,False
ENSG00000188848,BEND4,0.6055300708194984,-0.2140753789357797,0.5494069415826333,1.0,0.09372929321991717,0.858574254356907,0.9994264970432628,0.7292343867705717,1,False,False
ENSG00000188997,KCTD21,-0.6055300708194984,-0.26983782424856295,0.5494069415826333,1.0,-0.17415000305867895,0.4957428968803951,0.9994264970432628,0.0,3,False,False
ENSG00000198937,CCDC167,0.6055300708194984,0.13059164151161126,0.5494069415826333,1.0,0.20955670243642033,0.4125737708983016,0.9994264970432628,0.0,2,False,False
ENSG00000204977,TRIM13,-0.6055300708194984,-0.1797817179514293,0.5494069415826333,1.0,-0.11491272380251856,0.7131156973906674,0.9994264970432628,0.28822873292288637,2,False,False
ENSG00000182899,RPL35A,0.5986490472874586,0.1803623180477383,0.5540011820865061,1.0,0.21610037905630505,0.39438827547422783,0.9994264970432628,0.0,4,False,False
ENSG00000062725,APPBP2,-0.5917680237554188,-0.0003548146723403082,0.5586189801587261,1.0,-0.048032361334695794,0.8502211337470797,0.9994264970432628,0.0,3,False,False
ENSG00000008256,CYTH3,-0.5917680237554188,-0.1987048671549147,0.558623700174936,1.0,-0.28619962471744326,0.26369533948639867,0.9994264970432628,0.0,4,False,False
ENSG00000010017,RANBP9,-0.5917680237554188,-0.13176824898530246,0.558623700174936,1.0,-0.17089280105190133,0.5025119817656098,0.9994264970432628,0.0,3,False,False
ENSG00000012232,EXTL3,-0.5917680237554188,-0.14530664656758538,0.558623700174936,1.0,-0.14001163128308686,0.5822423651847943,0.9994264970432628,0.0,3,False,False
ENSG00000025770,NCAPH2,-0.5917680237554188,-0.39855571788309097,0.558623700174936,1.0,-0.18301194930077375,0.4747528532900599,0.9994264970432628,0.0,2,False,False
ENSG00000031003,FAM13B,0.5917680237554188,0.08785380397118099,0.558623700174936,1.0,0.27047167674063777,0.5618999342751536,0.9994264970432628,0.6453731707786855,3,False,False
ENSG00000038219,BOD1L1,0.5917680237554188,-0.03339450919153736,0.558623700174936,1.0,0.10799605581808445,0.6708555662265498,0.9994264970432628,0.0,1,False,False
ENSG00000066136,NFYC,0.5917680237554188,0.02901106016295424,0.558623700174936,1.0,0.07554218638468134,0.7807040512147859,0.9994264970432628,0.08995695217672232,3,False,False
ENSG00000073464,CLCN4,-0.5917680237554188,-0.3330955451256199,0.558623700174936,1.0,-0.12601605472329383,0.688364229176404,0.9994264970432628,0.294538417466554,1,False,False
ENSG00000099219,ERMP1,-0.5917680237554188,-0.1740627406824458,0.558623700174936,1.0,-0.10669939457999192,0.6761577956231484,0.9994264970432628,0.0,2,False,False
ENSG00000100116,GCAT,0.5917680237554188,0.036459335107562996,0.558623700174936,1.0,0.13242046240765157,0.602472048624018,0.9994264970432628,0.0,3,False,False
ENSG00000106803,SEC61B,0.5917680237554188,0.09346773468114423,0.558623700174936,1.0,0.2216875267339742,0.4808892223257122,0.9994264970432628,0.2934211240076135,3,False,False
ENSG00000107758,PPP3CB,-0.5917680237554188,-0.10099366363085473,0.558623700174936,1.0,-0.07331661814229132,0.774438503577557,0.9994264970432628,0.0,2,False,False
ENSG00000107957,SH3PXD2A,-0.5917680237554188,-0.12655088630246064,0.558623700174936,1.0,-0.10573150654120315,0.6776557834138968,0.9994264970432628,0.0,3,False,False
ENSG00000109099,PMP22,0.5917680237554188,0.14048627005957928,0.558623700174936,1.0,0.13648880310627165,0.5917303770979148,0.9994264970432628,0.0,3,False,False
ENSG00000114062,UBE3A,-0.5917680237554188,-0.15705337799863509,0.558623700174936,1.0,-0.24157371193806831,0.5326252845481313,0.9994264970432628,0.5054713586790743,2,False,False
ENSG00000115561,CHMP3,0.5917680237554188,0.006315701971520435,0.558623700174936,1.0,0.18426158652897415,0.5947597867456953,0.9994264970432628,0.4095074614071792,2,False,False
ENSG00000116698,SMG7,0.5917680237554188,-0.007613868931470431,0.558623700174936,1.0,0.07244381729849027,0.7771249608055564,0.9994264970432628,0.0,2,False,False
ENSG00000119280,C1orf198,-0.5917680237554188,-0.23218906702081674,0.558623700174936,1.0,-0.17376497345029043,0.49440853033735455,0.9994264970432628,0.0,3,False,False
ENSG00000119777,TMEM214,-0.5917680237554188,-0.056568404832001436,0.558623700174936,1.0,-0.16990451399263407,0.5038013911430493,0.9994264970432628,0.0,3,False,False
ENSG00000119938,PPP1R3C,0.5917680237554188,0.20859630289447503,0.558623700174936,1.0,0.20717361687959748,0.41795771944282323,0.9994264970432628,0.0,3,False,False
ENSG00000124006,OBSL1,0.5917680237554188,0.20994188139044803,0.558623700174936,1.0,0.18550065044694974,0.4695077670806638,0.9994264970432628,0.0,2,False,False
ENSG00000127483,HP1BP3,-0.5917680237554188,0.08504786420813232,0.558623700174936,1.0,0.04347974657986999,0.8638238534015269,0.9994264970432628,0.0,3,False,False
ENSG00000128050,PAICS,0.5917680237554188,-0.057917960669266605,0.558623700174936,1.0,0.09692831546618312,0.703561746122813,0.9994264970432628,0.0,2,False,False
ENSG00000129946,SHC2,-0.5917680237554188,-0.18646583324208246,0.558623700174936,1.0,-0.2226465491309642,0.3809692067970174,0.9994264970432628,0.0,3,False,False
ENSG00000131368,MRPS25,0.5917680237554188,0.15202730538115786,0.558623700174936,1.0,0.1437261185181289,0.5709026508467407,0.9994264970432628,0.0,3,False,False
ENSG00000132128,LRRC41,-0.5917680237554188,-0.07035221850518553,0.558623700174936,1.0,-0.18778442837768375,0.46151396869280226,0.9994264970432628,0.0,2,False,False
ENSG00000138942,RNF185,0.5917680237554188,0.1437020859569428,0.558623700174936,1.0,0.20061636841693442,0.4316145988573389,0.9994264970432628,0.0,2,False,False
ENSG00000140941,MAP1LC3B,-0.5917680237554188,-0.2310208098389071,0.558623700174936,1.0,-0.15339777793690898,0.5489856021493531,0.9994264970432628,0.0,3,False,False
ENSG00000141664,ZCCHC2,0.5917680237554188,0.12194677304544647,0.558623700174936,1.0,0.1679374775365733,0.5112036307210261,0.9994264970432628,0.0,3,False,False
ENSG00000143549,TPM3,0.5917680237554188,0.32537648801401864,0.558623700174936,1.0,0.1602043142663462,0.5696682124663124,0.9994264970432628,0.14596307781325965,2,False,False
ENSG00000153130,SCOC,-0.5917680237554188,-0.3228270017522451,0.558623700174936,1.0,-0.07890890431794557,0.7937741774268232,0.9994264970432628,0.24376088819152378,2,False,False
ENSG00000153201,RANBP2,0.5917680237554188,0.025777676856918983,0.558623700174936,1.0,0.1235395609548412,0.6296475864997425,0.9994264970432628,0.0,3,False,False
ENSG00000153936,HS2ST1,-0.5917680237554188,-0.5839550832707258,0.558623700174936,1.0,-0.18346106089011313,0.47294247233247655,0.9994264970432628,0.0,2,False,False
ENSG00000155158,TTC39B,-0.5917680237554188,-0.10759926287395125,0.558623700174936,1.0,-0.010768178691119608,0.9661662173190261,0.9994264970432628,0.0,2,False,False
ENSG00000157087,ATP2B2,-0.5917680237554188,-0.2517332158990369,0.558623700174936,1.0,-0.16566572436713697,0.547639457556796,0.9994264970432628,0.11121796724278489,3,False,False
ENSG00000158793,NIT1,-0.5917680237554188,-0.09141396020045559,0.558623700174936,1.0,-0.08314041230663666,0.745044792214566,0.9994264970432628,0.0,3,False,False
ENSG00000159377,PSMB4,0.5917680237554188,0.2219792888819114,0.558623700174936,1.0,0.2627012560118043,0.3013654692769041,0.9994264970432628,0.0,4,False,False
ENSG00000160789,LMNA,0.5917680237554188,0.16180040024792477,0.558623700174936,1.0,0.12477052281204058,0.6231635463944275,0.9994264970432628,0.0,3,False,False
ENSG00000163644,PPM1K,0.5917680237554188,0.1188491938751066,0.558623700174936,1.0,0.17307243245240414,0.4973029700199054,0.9994264970432628,0.0,3,False,False
ENSG00000163956,LRPAP1,-0.5917680237554188,0.0815041643487013,0.558623700174936,1.0,-0.057763022348557666,0.8439619865213952,0.9994264970432628,0.20567297116162742,2,False,False
ENSG00000164104,HMGB2,0.5917680237554188,-0.07927685469598779,0.558623700174936,1.0,0.0777151519396716,0.812205037654257,0.9994264970432628,0.33412014747691765,3,False,False
ENSG00000164548,TRA2A,-0.5917680237554188,-0.3110705464969053,0.558623700174936,1.0,-0.1769473760218503,0.4888145100093285,0.9994264970432628,0.0,3,False,False
ENSG00000165006,UBAP1,-0.5917680237554188,-0.1667943627958108,0.558623700174936,1.0,-0.2265440628106639,0.3726558951400447,0.9994264970432628,0.0,4,False,False
ENSG00000165379,LRFN5,-0.5917680237554188,0.07765689906623734,0.558623700174936,1.0,-0.17363055756109075,0.6019397408897837,0.9994264970432628,0.34830216638669487,2,False,False
ENSG00000166037,CEP57,-0.5917680237554188,-0.1480305396478405,0.558623700174936,1.0,-0.11786853551449696,0.6445911241586715,0.9994264970432628,0.0,3,False,False
ENSG00000168286,THAP11,0.5917680237554188,0.15168888930044616,0.558623700174936,1.0,0.12305720194622885,0.6281957235451044,0.9994264970432628,0.0,3,False,False
ENSG00000170633,RNF34,0.5917680237554188,-0.14374218887640522,0.558623700174936,1.0,0.10790188529486074,0.6731163862738854,0.9994264970432628,0.0,3,False,False
ENSG00000170903,MSANTD4,0.5917680237554188,0.22283837285358124,0.558623700174936,1.0,0.2593473033078816,0.310233683322786,0.9994264970432628,0.0,2,False,False
ENSG00000172534,HCFC1,0.5917680237554188,0.11713553936300576,0.558623700174936,1.0,0.14890776628472585,0.5726090365086538,0.9994264970432628,0.04672881642333065,2,False,False
ENSG00000177830,CHID1,0.5917680237554188,-0.15547096945275732,0.558623700174936,1.0,0.11534458409736015,0.7592568147422727,0.9994264970432628,0.48120958004847947,2,False,False
ENSG00000179933,C14orf119,0.5917680237554188,0.19008959811878845,0.558623700174936,1.0,0.13907093183658292,0.5848113521937575,0.9994264970432628,0.0,3,False,False
ENSG00000187193,MT1X,0.5917680237554188,0.3074531468611219,0.558623700174936,1.0,0.16539605565500254,0.7205967894770098,0.9994264970432628,0.654481747652845,3,False,False
ENSG00000198833,UBE2J1,-0.5917680237554188,-0.13865581229260934,0.558623700174936,1.0,-0.17616630531969937,0.5278940176254668,0.9994264970432628,0.1264653945924001,3,False,False
ENSG00000112081,SRSF3,0.5848870002233791,0.08625054645084301,0.5632554009420563,1.0,0.09919601427182173,0.6976699562566915,0.9994264970432628,0.0,2,False,False
ENSG00000118263,KLF7,0.5848870002233791,0.16205180542377318,0.5632554009420563,1.0,0.08381191014356823,0.820979618926728,0.9994264970432628,0.4622017859042518,3,False,False
ENSG00000020129,NCDN,0.5780059766913394,0.2854575564677891,0.5679149448921827,1.0,0.15913612440980582,0.5344697828315872,0.9994264970432628,0.0,2,False,False
ENSG00000054116,TRAPPC3,0.5780059766913394,0.2141190841094535,0.5679149448921827,1.0,0.22868347578573722,0.3676988553447915,0.9994264970432628,0.0,4,False,False
ENSG00000074603,DPP8,-0.5780059766913394,-0.21988773825650734,0.5679149448921827,1.0,-0.1717950386926233,0.5025488382855194,0.9994264970432628,0.0,2,False,False
ENSG00000074706,IPCEF1,0.5780059766913394,0.3561589088908201,0.5679149448921827,1.0,0.1715232882536961,0.5445302659673552,0.9994264970432628,0.15211138123983553,3,False,False
ENSG00000076242,MLH1,-0.5780059766913394,-0.2781710559243973,0.5679149448921827,1.0,-0.16363525206463195,0.5220038057270777,0.9994264970432628,0.0,2,False,False
ENSG00000087087,SRRT,0.5780059766913394,0.05463329809363455,0.5679149448921827,1.0,0.12266984535013857,0.6290766440897523,0.9994264970432628,0.0,3,False,False
ENSG00000092931,MFSD11,-0.5780059766913394,-0.014018033779559243,0.5679149448921827,1.0,-0.1326068274405094,0.6043269481370623,0.9994264970432628,0.0,2,False,False
ENSG00000100413,POLR3H,0.5780059766913394,0.5134787082757327,0.5679149448921827,1.0,-0.18158863678794276,0.7575210097894316,0.9994264970432628,0.7503990854521612,2,False,False
ENSG00000100744,GSKIP,-0.5780059766913394,-0.16865538593324153,0.5679149448921827,1.0,-0.06134325832570073,0.8371536252683333,0.9994264970432628,0.2288447542012624,1,False,False
ENSG00000104164,BLOC1S6,-0.5780059766913394,-0.1068601454378473,0.5679149448921827,1.0,-0.14272248526251582,0.6647422184726816,0.9994264970432628,0.3507251748519974,2,False,False
ENSG00000108679,LGALS3BP,0.5780059766913394,-0.13739302248662802,0.5679149448921827,1.0,0.28612681760541453,0.5707745843880636,0.9994264970432628,0.6814288405397495,2,False,False
ENSG00000108953,YWHAE,0.5780059766913394,0.1375855146161962,0.5679149448921827,1.0,0.1243410695549266,0.6274186832372273,0.9994264970432628,0.0,3,False,False
ENSG00000110422,HIPK3,-0.5780059766913394,-0.09798146106688037,0.5679149448921827,1.0,-0.15076020908959242,0.5524016894927287,0.9994264970432628,0.0,3,False,False
ENSG00000110675,ELMOD1,0.5780059766913394,-0.08725286819111748,0.5679149448921827,1.0,0.15457129283597734,0.6044788274657114,0.9994264970432628,0.2263302567292729,3,False,False
ENSG00000110713,NUP98,0.5780059766913394,0.11464130409879045,0.5679149448921827,1.0,0.15997376481556477,0.5293574599789879,0.9994264970432628,0.0,3,False,False
ENSG00000113657,DPYSL3,0.5780059766913394,0.24888495756145645,0.5679149448921827,1.0,0.1663598984331116,0.5134220409866057,0.9994264970432628,0.0,3,False,False
ENSG00000115159,GPD2,-0.5780059766913394,-0.18112509413370803,0.5679149448921827,1.0,-0.19012285411923102,0.5549809774234559,0.9994264970432628,0.32096260018000256,2,False,False
ENSG00000120137,PANK3,-0.5780059766913394,-0.5527525278403409,0.5679149448921827,1.0,-0.2649253178740659,0.30039169164934987,0.9994264970432628,0.0,3,False,False
ENSG00000121741,ZMYM2,-0.5780059766913394,-0.06707627662013121,0.5679149448921827,1.0,-0.11099684926045678,0.6645233548630363,0.9994264970432628,0.0,3,False,False
ENSG00000121989,ACVR2A,0.5780059766913394,-0.0023299114632283255,0.5679149448921827,1.0,0.05697722314834643,0.8235935054365583,0.9994264970432628,0.0,2,False,False
ENSG00000125447,GGA3,0.5780059766913394,-0.12859055286313897,0.5679149448921827,1.0,0.12948080215603086,0.760044631490106,0.9994264970432628,0.5937087074373911,2,False,False
ENSG00000130956,HABP4,0.5780059766913394,0.018385106245362454,0.5679149448921827,1.0,0.237956280880751,0.3516662137524875,0.9994264970432628,0.0,3,False,False
ENSG00000137876,RSL24D1,-0.5780059766913394,-0.30579592278081175,0.5679149448921827,1.0,-0.07223730145985946,0.7775202658965294,0.9994264970432628,0.0,3,False,False
ENSG00000143033,MTF2,0.5780059766913394,0.3688429155380385,0.5679149448921827,1.0,0.2136151733760096,0.40437637446368546,0.9994264970432628,0.0,3,False,False
ENSG00000143753,DEGS1,-0.5780059766913394,-0.03867988647224592,0.5679149448921827,1.0,-0.12123931271084222,0.6323339211183368,0.9994264970432628,0.0,3,False,False
ENSG00000144642,RBMS3,-0.5780059766913394,0.0659010548907016,0.5679149448921827,1.0,-0.2622028209770012,0.41748305816430475,0.9994264970432628,0.3156649921750152,2,False,False
ENSG00000148840,PPRC1,-0.5780059766913394,-0.12917890689284045,0.5679149448921827,1.0,-0.08845443915124396,0.7274362700116797,0.9994264970432628,0.0,3,False,False
ENSG00000149792,MRPL49,-0.5780059766913394,-0.28407356904504044,0.5679149448921827,1.0,-0.26225759214093824,0.3680164711960241,0.9994264970432628,0.18330453756503684,3,False,False
ENSG00000160216,AGPAT3,-0.5780059766913394,0.07733543674960265,0.5679149448921827,1.0,-0.1615734889871941,0.5272736846827815,0.9994264970432628,0.0,2,False,False
ENSG00000164054,SHISA5,-0.5780059766913394,-0.06836899724078453,0.5679149448921827,1.0,-0.13306083912251562,0.5999980099957373,0.9994264970432628,0.0,2,False,False
ENSG00000164985,PSIP1,-0.5780059766913394,-0.10536386155896284,0.5679149448921827,1.0,-0.0754812325652215,0.7672366763520009,0.9994264970432628,0.0,2,False,False
ENSG00000167088,SNRPD1,-0.5780059766913394,-0.2852916077573096,0.5679149448921827,1.0,-0.15241180403544405,0.549877758987487,0.9994264970432628,0.0,2,False,False
ENSG00000170142,UBE2E1,-0.5780059766913394,-0.5527429463852235,0.5679149448921827,1.0,-0.22111332203292675,0.4741425061412614,0.9994264970432628,0.2714729731598951,2,False,False
ENSG00000170231,FABP6,-0.5780059766913394,0.01193147719279247,0.5679149448921827,1.0,-0.17605466467175662,0.6607779880291718,0.9994264970432628,0.5414733432731305,3,False,False
ENSG00000180901,KCTD2,-0.5780059766913394,-0.21432293491094537,0.5679149448921827,1.0,-0.18972343178258744,0.45550474862087875,0.9994264970432628,0.0,3,False,False
ENSG00000187391,MAGI2,0.5780059766913394,0.07630956245505079,0.5679149448921827,1.0,0.04333615515833158,0.8728719533040543,0.9994264970432628,0.08620839878723623,2,False,False
ENSG00000197930,ERO1A,0.5780059766913394,0.06572029472995923,0.5679149448921827,1.0,0.13104625966758338,0.605365344313225,0.9994264970432628,0.0,3,False,False
ENSG00000198216,CACNA1E,-0.5780059766913394,-0.5377665035216602,0.5679149448921827,1.0,-0.2634800148818336,0.30211773011566834,0.9994264970432628,0.0,3,False,False
ENSG00000214078,CPNE1,0.5780059766913394,0.15587565944463022,0.5679149448921827,1.0,0.14842548945001818,0.5594732372868901,0.9994264970432628,0.0,2,False,False
ENSG00000247596,TWF2,0.5780059766913394,0.11912580481622984,0.5679149448921827,1.0,0.21500581939802121,0.5699101543353895,0.9994264970432628,0.4805405587195271,3,False,False
ENSG00000002834,LASP1,-0.5642439296272598,0.013151529243656604,0.5772795039704861,1.0,-0.20292104903399863,0.5252820662196627,0.9994264970432628,0.311992836110054,3,False,False
ENSG00000005981,ASB4,0.5642439296272598,0.004106768622516783,0.5772795039704861,1.0,0.10225146263153884,0.6881406621210276,0.9994264970432628,0.0,1,False,False
ENSG00000011426,ANLN,-0.5642439296272598,-0.24939300172212234,0.5772795039704861,1.0,-0.18689503738697352,0.4765755091591748,0.9994264970432628,0.03755674351879483,2,False,False
ENSG00000012061,ERCC1,-0.5642439296272598,-0.38058917999988784,0.5772795039704861,1.0,-0.22812923651428613,0.43583959670106553,0.9994264970432628,0.19661681634402364,2,False,False
ENSG00000021300,PLEKHB1,0.5642439296272598,0.26124893145951605,0.5772795039704861,1.0,0.2897028537775057,0.5158530430640149,0.9994264970432628,0.6080614564680857,3,False,False
ENSG00000056586,RC3H2,0.5642439296272598,-0.00756353001349541,0.5772795039704861,1.0,0.15543282499329006,0.6158832277791666,0.9994264970432628,0.27797139914897057,1,False,False
ENSG00000081307,UBA5,0.5642439296272598,0.04613477359756981,0.5772795039704861,1.0,0.16309329362306518,0.5239260675542043,0.9994264970432628,0.0,3,False,False
ENSG00000088448,ANKRD10,0.5642439296272598,0.18144876829630002,0.5772795039704861,1.0,0.1251107343510838,0.6218277399912617,0.9994264970432628,0.0,3,False,False
ENSG00000097007,ABL1,-0.5642439296272598,-0.48455119582246786,0.5772795039704861,1.0,-0.219859236281855,0.39151974007504153,0.9994264970432628,0.0,2,False,False
ENSG00000100207,TCF20,-0.5642439296272598,-0.11295293264615831,0.5772795039704861,1.0,-0.17194434243598522,0.49849303504496767,0.9994264970432628,0.0,3,False,False
ENSG00000101265,RASSF2,0.5642439296272598,-0.011311111867782142,0.5772795039704861,1.0,0.03741011709742303,0.8868972052516937,0.9994264970432628,0.04269453309670416,2,False,False
ENSG00000103018,CYB5B,-0.5642439296272598,-0.19351554129280146,0.5772795039704861,1.0,-0.152022009079391,0.5491831653545379,0.9994264970432628,0.0,3,False,False
ENSG00000104361,NIPAL2,0.5642439296272598,0.1286858485558023,0.5772795039704861,1.0,0.12181303302195304,0.7636883308364316,0.9994264970432628,0.550972119574135,2,False,False
ENSG00000107959,PITRM1,-0.5642439296272598,-0.05438760943769773,0.5772795039704861,1.0,-0.06747116825988057,0.7903736301666168,0.9994264970432628,0.0,2,False,False
ENSG00000108797,CNTNAP1,0.5642439296272598,0.13390569560052304,0.5772795039704861,1.0,0.14992224631320558,0.6311407154376643,0.9994264970432628,0.28588794124459493,2,False,False
ENSG00000115464,USP34,-0.5642439296272598,0.1843085287379614,0.5772795039704861,1.0,-0.11263733939517954,0.7055868480956986,0.9994264970432628,0.22500652332406065,3,False,False
ENSG00000115685,PPP1R7,-0.5642439296272598,-0.33599584498160406,0.5772795039704861,1.0,-0.19090825589454044,0.4551654832895591,0.9994264970432628,0.0,3,False,False
ENSG00000115902,SLC1A4,0.5642439296272598,-0.005215271682667504,0.5772795039704861,1.0,0.22819216743717127,0.6129243771465605,0.9994264970432628,0.6159440941887357,3,False,False
ENSG00000118160,SLC8A2,-0.5642439296272598,-0.08740888204952335,0.5772795039704861,1.0,-0.12516061243081394,0.6226039446731487,0.9994264970432628,0.0,2,False,False
ENSG00000119203,CPSF3,-0.5642439296272598,-0.3292192167111267,0.5772795039704861,1.0,-0.1645064263470816,0.5184016735511994,0.9994264970432628,0.0,2,False,False
ENSG00000123095,BHLHE41,0.5642439296272598,-0.08564176209082844,0.5772795039704861,1.0,0.12887075628413902,0.6946402601240724,0.9994264970432628,0.33519421715662745,2,False,False
ENSG00000130779,CLIP1,-0.5642439296272598,0.029033253849333484,0.5772795039704861,1.0,-0.11452238806546187,0.6543589892941031,0.9994264970432628,0.0,2,False,False
ENSG00000146463,ZMYM4,0.5642439296272598,0.13952469565076397,0.5772795039704861,1.0,0.14282365196436544,0.6535642760674782,0.9994264970432628,0.30963982626374315,3,False,False
ENSG00000154217,PITPNC1,-0.5642439296272598,-0.3849102074480943,0.5772795039704861,1.0,-0.2739418305096384,0.2887099255485953,0.9994264970432628,0.006412589533181942,3,False,False
ENSG00000155876,RRAGA,0.5642439296272598,0.17408273436062996,0.5772795039704861,1.0,0.26412334327362774,0.3012110807294476,0.9994264970432628,0.0,3,False,False
ENSG00000159210,SNF8,0.5642439296272598,0.06130061628401113,0.5772795039704861,1.0,0.24734838495763933,0.4912378652559517,0.9994264970432628,0.4248861617042968,3,False,False
ENSG00000161203,AP2M1,-0.5642439296272598,-0.18808470098268457,0.5772795039704861,1.0,-0.17076335609804183,0.6659185845374807,0.9994264970432628,0.5208255750187523,2,False,False
ENSG00000164796,CSMD3,0.5642439296272598,-0.17520177097540077,0.5772795039704861,1.0,0.03329134801250947,0.8957760475041092,0.9994264970432628,0.0,3,False,False
ENSG00000166206,GABRB3,-0.5642439296272598,-0.3456241109750181,0.5772795039704861,1.0,-0.2080232699962949,0.4135113676076406,0.9994264970432628,0.0,3,False,False
ENSG00000166822,TMEM170A,-0.5642439296272598,-0.47663144010966035,0.5772795039704861,1.0,-0.2279654666721455,0.3742100335860774,0.9994264970432628,0.0,2,False,False
ENSG00000167971,CASKIN1,-0.5642439296272598,-0.19009191628485103,0.5772795039704861,1.0,-0.1798437726239528,0.4787796544993128,0.9994264970432628,0.0,4,False,False
ENSG00000170745,KCNS3,-0.5642439296272598,-0.04928557490280854,0.5772795039704861,1.0,-0.0037357709615226066,0.9894109485343504,0.9994264970432628,0.14449753820672134,2,False,False
ENSG00000174915,PTDSS2,-0.5642439296272598,-0.14505740761427946,0.5772795039704861,1.0,-0.05389413026839127,0.8315623746749654,0.9994264970432628,0.0,3,False,False
ENSG00000183092,BEGAIN,0.5642439296272598,0.13127129736471851,0.5772795039704861,1.0,0.1197708351851049,0.6367086315715063,0.9994264970432628,0.0,2,False,False
ENSG00000197961,ZNF121,0.5642439296272598,0.3271038876846426,0.5772795039704861,1.0,0.21079920228767476,0.5127994738599588,0.9994264970432628,0.32473185290792117,3,False,False
ENSG00000198742,SMURF1,-0.5642439296272598,-0.19975300270618732,0.5772795039704861,1.0,-0.18881221307320417,0.5942288221512622,0.9994264970432628,0.4198028925458407,2,False,False
ENSG00000198818,SFT2D1,0.5642439296272598,-0.1546654414298983,0.5772795039704861,1.0,0.020889272606305655,0.9346553849722085,0.9994264970432628,0.0,2,False,False
ENSG00000213619,NDUFS3,0.5642439296272598,-0.006563431077571792,0.5772795039704861,1.0,0.16650249516954577,0.5140512823230885,0.9994264970432628,0.0,3,False,False
ENSG00000137501,SYTL2,-0.5573629060952201,-0.22502080696282595,0.5819843700701219,1.0,-0.16703114318428053,0.5131018859582939,0.9994264970432628,0.0,3,False,False
ENSG00000163032,VSNL1,0.5573629060952201,0.02648309581946811,0.5819843700701219,1.0,0.11848010664536782,0.643626508600297,0.9994264970432628,0.0,3,False,False
ENSG00000103381,CPPED1,0.5504818825631803,-0.051959566477394255,0.5867116782899867,1.0,0.09739637320715297,0.7028564381750735,0.9994264970432628,0.0,2,False,False
ENSG00000129235,TXNDC17,-0.5504818825631803,0.10489356719655803,0.5867116782899867,1.0,0.027216571889041544,0.9277485869938709,0.9994264970432628,0.23626289459321734,3,False,False
ENSG00000026652,AGPAT4,-0.5504818825631803,-0.2285649623387798,0.5867161685228541,1.0,-0.08173998954482814,0.7481520097348673,0.9994264970432628,0.0,2,False,False
ENSG00000072062,PRKACA,-0.5504818825631803,-0.15951238050364494,0.5867161685228541,1.0,-0.09326039587398678,0.7138682156695808,0.9994264970432628,0.0,2,False,False
ENSG00000078304,PPP2R5C,-0.5504818825631803,-0.46261662191111624,0.5867161685228541,1.0,-0.03792147289356647,0.936640463839151,0.9994264970432628,0.6707635275452449,2,False,False
ENSG00000092201,SUPT16H,-0.5504818825631803,-0.22877542884936436,0.5867161685228541,1.0,-0.1055104044071175,0.7154235981579136,0.9994264970432628,0.18574656636834797,3,False,False
ENSG00000102030,NAA10,0.5504818825631803,-0.02024475069396674,0.5867161685228541,1.0,0.12503540461170284,0.6309476925524702,0.9994264970432628,0.025446160975665034,3,False,False
ENSG00000103353,UBFD1,-0.5504818825631803,-0.3777583288433693,0.5867161685228541,1.0,-0.2216588439406056,0.48509476431696286,0.9994264970432628,0.30582779448937375,3,False,False
ENSG00000109445,ZNF330,0.5504818825631803,0.1385038195547805,0.5867161685228541,1.0,0.05108261880928339,0.8406353016225452,0.9994264970432628,0.0,2,False,False
ENSG00000111237,VPS29,-0.5504818825631803,-0.2996688602670216,0.5867161685228541,1.0,-0.09373594250079002,0.7120619093256446,0.9994264970432628,0.0,2,False,False
ENSG00000114107,CEP70,0.5504818825631803,0.1083626985014312,0.5867161685228541,1.0,0.1736067511420409,0.49656765152496674,0.9994264970432628,0.0,3,False,False
ENSG00000117069,ST6GALNAC5,0.5504818825631803,0.01769771441404478,0.5867161685228541,1.0,0.013934941140412278,0.956109909145233,0.9994264970432628,0.0,2,False,False
ENSG00000119812,FAM98A,-0.5504818825631803,-0.08150376021198533,0.5867161685228541,1.0,-0.0563577843381142,0.8803379556629222,0.9994264970432628,0.4813535224688362,2,False,False
ENSG00000124789,NUP153,-0.5504818825631803,-0.06088840512589934,0.5867161685228541,1.0,-0.10164736517476956,0.6882605161489455,0.9994264970432628,0.0,3,False,False
ENSG00000127955,GNAI1,0.5504818825631803,-0.3710556316090611,0.5867161685228541,1.0,0.08093238751634821,0.8146445867142535,0.9994264970432628,0.3993116446028246,3,False,False
ENSG00000128000,ZNF780B,-0.5504818825631803,-0.2547658186639748,0.5867161685228541,1.0,-0.19597970411728147,0.44088881454047923,0.9994264970432628,0.0,2,False,False
ENSG00000128563,PRKRIP1,0.5504818825631803,0.23856202194087772,0.5867161685228541,1.0,0.22716292338567964,0.37176888585143253,0.9994264970432628,0.0,3,False,False
ENSG00000128656,CHN1,-0.5504818825631803,-0.10395592410463435,0.5867161685228541,1.0,-0.21937986268871668,0.5935817578936864,0.9994264970432628,0.5589423921882438,2,False,False
ENSG00000130558,OLFM1,0.5504818825631803,-0.09551280261653436,0.5867161685228541,1.0,0.10454202212287342,0.6815670422017701,0.9994264970432628,0.0,3,False,False
ENSG00000130741,EIF2S3,-0.5504818825631803,-0.2780815970873778,0.5867161685228541,1.0,-0.21714460703961339,0.5172611382615864,0.9994264970432628,0.37194828323112555,3,False,False
ENSG00000131437,KIF3A,-0.5504818825631803,-0.05145361288932988,0.5867161685228541,1.0,-0.13599171989661768,0.5933659589639468,0.9994264970432628,0.0,3,False,False
ENSG00000132361,CLUH,-0.5504818825631803,-0.0681693630309537,0.5867161685228541,1.0,-0.18374741653913915,0.47095451760954665,0.9994264970432628,0.0,3,False,False
ENSG00000132912,DCTN4,-0.5504818825631803,-0.2650607050072276,0.5867161685228541,1.0,-0.10360022120580635,0.6834393431971766,0.9994264970432628,0.0,3,False,False
ENSG00000136754,ABI1,0.5504818825631803,-0.03552286646936197,0.5867161685228541,1.0,0.013268229407449829,0.9583144096124386,0.9994264970432628,0.0,2,False,False
ENSG00000137168,PPIL1,-0.5504818825631803,-0.28096428125482725,0.5867161685228541,1.0,-0.12286597154154477,0.7349894512656079,0.9994264970432628,0.45735536357128687,2,False,False
ENSG00000137309,HMGA1,0.5504818825631803,0.22738289908322765,0.5867161685228541,1.0,0.2351868329739613,0.3581330059478188,0.9994264970432628,0.0,2,False,False
ENSG00000140044,JDP2,0.5504818825631803,0.08812460613200856,0.5867161685228541,1.0,0.07007759116326663,0.7842302544776314,0.9994264970432628,0.0,2,False,False
ENSG00000142230,SAE1,-0.5504818825631803,-0.20920810274797205,0.5867161685228541,1.0,-0.13015355771980702,0.6887274285324421,0.9994264970432628,0.333917651638695,3,False,False
ENSG00000146021,KLHL3,0.5504818825631803,0.12600682910628602,0.5867161685228541,1.0,0.1595126097640171,0.5312231723296943,0.9994264970432628,0.0,3,False,False
ENSG00000148606,POLR3A,0.5504818825631803,0.1509206684436473,0.5867161685228541,1.0,0.0652438196835955,0.8651531916033357,0.9994264970432628,0.5070355235546415,1,False,False
ENSG00000153879,CEBPG,0.5504818825631803,0.11083509068380591,0.5867161685228541,1.0,0.11060406962640085,0.6628204868835501,0.9994264970432628,0.0,2,False,False
ENSG00000156531,PHF6,-0.5504818825631803,-0.40128531373378673,0.5867161685228541,1.0,-0.20121067884256413,0.43035388302426203,0.9994264970432628,0.0,3,False,False
ENSG00000162980,ARL5A,-0.5504818825631803,-0.7336120062984676,0.5867161685228541,1.0,-0.24286866968580972,0.4134630402284438,0.9994264970432628,0.21768839093151368,2,False,False
ENSG00000163754,GYG1,-0.5504818825631803,-0.05663727876862578,0.5867161685228541,1.0,-0.042800251301538715,0.8656488982339222,0.9994264970432628,0.0,3,False,False
ENSG00000171603,CLSTN1,0.5504818825631803,0.10496751865215177,0.5867161685228541,1.0,0.14567948086409022,0.5658254381246002,0.9994264970432628,0.0,3,False,False
ENSG00000177000,MTHFR,0.5504818825631803,-0.1337780463498939,0.5867161685228541,1.0,0.09716165351641051,0.7038727077975623,0.9994264970432628,0.0,3,False,False
ENSG00000177410,ZFAS1,-0.5504818825631803,-0.13172402764012645,0.5867161685228541,1.0,-0.18572181930351553,0.46575889008325566,0.9994264970432628,0.0,3,False,False
ENSG00000178053,MLF1,-0.5504818825631803,0.3642626698567022,0.5867161685228541,1.0,0.0433218755450678,0.8651790394899967,0.9994264970432628,0.0,2,False,False
ENSG00000185608,MRPL40,0.5504818825631803,0.08689765376865162,0.5867161685228541,1.0,0.13652222301749145,0.591549034831692,0.9994264970432628,0.0,3,False,False
ENSG00000198948,MFAP3L,0.5504818825631803,-0.0679479226748824,0.5867161685228541,1.0,0.05736985226923031,0.8222059208812764,0.9994264970432628,0.0,2,False,False
ENSG00000205423,CNEP1R1,-0.5504818825631803,-0.27080764779194866,0.5867161685228541,1.0,-0.040125785604661485,0.8877422050690021,0.9994264970432628,0.16081481823823968,2,False,False
ENSG00000120709,FAM53C,-0.5436008590311405,-0.04984545412174139,0.5914567026179739,1.0,-0.1530928923237914,0.5484881043279461,0.9994264970432628,0.0,3,False,False
ENSG00000165487,MICU2,-0.5436008590311405,-0.05617656600145198,0.5914567026179739,1.0,-0.0318073727305119,0.9172145866079784,0.9994264970432628,0.2620220062696091,2,False,False
ENSG00000048740,CELF2,0.5367198354991009,0.24977190517570086,0.596223692939273,1.0,0.1866556118828938,0.46386229307308846,0.9994264970432628,0.0,3,False,False
ENSG00000067177,PHKA1,0.5367198354991009,0.024874399706120348,0.596223692939273,1.0,-0.006724668648668284,0.9788350353995953,0.9994264970432628,0.0,2,False,False
ENSG00000078699,CBFA2T2,0.5367198354991009,-0.06475689650741213,0.596223692939273,1.0,0.11505889088397889,0.6526670694333272,0.9994264970432628,0.0,3,False,False
ENSG00000079462,PAFAH1B3,-0.5367198354991009,-0.3919801785937923,0.596223692939273,1.0,-0.13904839430387758,0.6555430934525028,0.9994264970432628,0.28616351104714854,2,False,False
ENSG00000082497,SERTAD4,-0.5367198354991009,-0.025383088495708618,0.596223692939273,1.0,-0.12075380309287072,0.7000187878321387,0.9994264970432628,0.2912216485124667,2,False,False
ENSG00000094631,HDAC6,0.5367198354991009,0.13991387847659603,0.596223692939273,1.0,0.20525656470159598,0.42297415411495065,0.9994264970432628,0.0,3,False,False
ENSG00000100796,PPP4R3A,0.5367198354991009,-0.11524886155408334,0.596223692939273,1.0,0.20103443437965007,0.6431956099427394,0.9994264970432628,0.5863399548120514,3,False,False
ENSG00000100823,APEX1,0.5367198354991009,0.19607570549944478,0.596223692939273,1.0,0.1574057638102768,0.5348739491282861,0.9994264970432628,0.0,3,False,False
ENSG00000100908,EMC9,-0.5367198354991009,-0.3849650761774414,0.596223692939273,1.0,-0.2045950865672682,0.42303591205491387,0.9994264970432628,0.0,3,False,False
ENSG00000102103,PQBP1,0.5367198354991009,0.26979302473542843,0.596223692939273,1.0,0.16832095124717406,0.592010448503298,0.9994264970432628,0.29297488641276137,3,False,False
ENSG00000103005,USB1,-0.5367198354991009,-0.16141954925078714,0.596223692939273,1.0,-0.21096302103082396,0.4062354493378556,0.9994264970432628,0.0,4,False,False
ENSG00000108528,SLC25A11,-0.5367198354991009,-0.0739166913643557,0.596223692939273,1.0,-0.0630563860459419,0.8049978738353177,0.9994264970432628,0.0,3,False,False
ENSG00000108599,AKAP10,0.5367198354991009,0.15523590732151932,0.596223692939273,1.0,0.11563185170460728,0.6508391244674467,0.9994264970432628,0.0,2,False,False
ENSG00000109189,USP46,0.5367198354991009,0.049515918495056134,0.596223692939273,1.0,0.11486565024881618,0.7234301271626686,0.9994264970432628,0.33028385599390664,3,False,False
ENSG00000111802,TDP2,-0.5367198354991009,-0.4717602389089804,0.596223692939273,1.0,-0.11493533500097824,0.7934421211512566,0.9994264970432628,0.6194822829058337,2,False,False
ENSG00000117859,OSBPL9,-0.5367198354991009,-0.010478514454914762,0.596223692939273,1.0,0.09837918918759256,0.6984899978941271,0.9994264970432628,0.0,3,False,False
ENSG00000124126,PREX1,0.5367198354991009,-0.020659672010376596,0.596223692939273,1.0,0.08159769577654143,0.7790630718737972,0.9994264970432628,0.18530269413598766,3,False,False
ENSG00000126067,PSMB2,0.5367198354991009,0.3856857724537966,0.596223692939273,1.0,0.10867735543086952,0.7793814242146331,0.9994264970432628,0.5114966568318441,2,False,False
ENSG00000131100,ATP6V1E1,0.5367198354991009,0.2966834973898946,0.596223692939273,1.0,0.2362305367534885,0.35346989115902494,0.9994264970432628,0.0,3,False,False
ENSG00000135299,ANKRD6,0.5367198354991009,0.1449355126803487,0.596223692939273,1.0,0.20309052946232042,0.4434184240783918,0.9994264970432628,0.051751692550601795,3,False,False
ENSG00000140612,SEC11A,0.5367198354991009,-0.2023454795135037,0.596223692939273,1.0,0.027337357518209846,0.922457397908366,0.9994264970432628,0.14245116387779153,3,False,False
ENSG00000144744,UBA3,0.5367198354991009,-0.20564496640185845,0.596223692939273,1.0,0.14378894150756322,0.7054403047905773,0.9994264970432628,0.49620057527345385,3,False,False
ENSG00000145734,BDP1,0.5367198354991009,0.17392438194629806,0.596223692939273,1.0,0.13625800930540152,0.5931755390342006,0.9994264970432628,0.0,3,False,False
ENSG00000158882,TOMM40L,-0.5367198354991009,-0.0009390224062673021,0.596223692939273,1.0,-0.043213173630109535,0.8645205671877614,0.9994264970432628,0.0,1,False,False
ENSG00000160014,CALM3,0.5367198354991009,0.1937941166828275,0.596223692939273,1.0,0.14452167116317158,0.5686554290980537,0.9994264970432628,0.0,4,False,False
ENSG00000163683,SMIM14,-0.5367198354991009,0.15057682573308528,0.596223692939273,1.0,0.040715858726522405,0.8725708565923638,0.9994264970432628,0.0,3,False,False
ENSG00000164164,OTUD4,0.5367198354991009,0.08500694226692813,0.596223692939273,1.0,0.03808294627141353,0.8805049717727745,0.9994264970432628,0.0,2,False,False
ENSG00000167112,TRUB2,0.5367198354991009,-0.05737012430467668,0.596223692939273,1.0,0.03130223381695717,0.9019578073936475,0.9994264970432628,0.0,2,False,False
ENSG00000168434,COG7,0.5367198354991009,0.08143181185187987,0.596223692939273,1.0,0.08517085156389462,0.7365343448296628,0.9994264970432628,0.0,3,False,False
ENSG00000171202,TMEM126A,0.5367198354991009,0.423642150993838,0.596223692939273,1.0,0.28211772931742013,0.26776250671905244,0.9994264970432628,0.0,4,False,False
ENSG00000172889,EGFL7,0.5367198354991009,0.2118356217504134,0.596223692939273,1.0,0.12878138329550293,0.6135044405171715,0.9994264970432628,0.0,2,False,False
ENSG00000173402,DAG1,0.5367198354991009,0.22269456645514532,0.596223692939273,1.0,0.0718304490202102,0.8783100963534642,0.9994264970432628,0.6624665227244494,1,False,False
ENSG00000182134,TDRKH,-0.5367198354991009,-0.06489655368463833,0.596223692939273,1.0,-0.07488810498103332,0.768068955326851,0.9994264970432628,0.0,2,False,False
ENSG00000182923,CEP63,0.5367198354991009,0.09086717132410468,0.596223692939273,1.0,0.0767751220795498,0.7617074161024112,0.9994264970432628,0.0,3,False,False
ENSG00000185477,GPRIN3,-0.5367198354991009,-0.21461720742328935,0.596223692939273,1.0,-0.045024712176488964,0.8652586828757824,0.9994264970432628,0.05751162799415449,1,False,False
ENSG00000188243,COMMD6,-0.5367198354991009,-0.2068931591747446,0.596223692939273,1.0,-0.1896050331606986,0.4596411298158358,0.9994264970432628,0.0,2,False,False
ENSG00000243156,MICAL3,0.5367198354991009,-0.1142820604025515,0.596223692939273,1.0,0.032068297186561706,0.9266346991109264,0.9994264970432628,0.41745116580431296,2,False,False
ENSG00000185896,LAMP1,0.5298388119670611,0.027697172815083246,0.6009948931950758,1.0,0.0988622156948183,0.6992877657701063,0.9994264970432628,0.0,1,False,False
ENSG00000152661,GJA1,0.5229577884350213,0.17928755729807738,0.6057964698152309,1.0,0.13331372012402512,0.6019876831995683,0.9994264970432628,0.0,3,False,False
ENSG00000050393,MCUR1,0.5229577884350213,0.013571385086125855,0.6058007953177947,1.0,0.12440054377767082,0.6346081518320097,0.9994264970432628,0.03403924198755691,3,False,False
ENSG00000064787,BCAS1,0.5229577884350213,0.08327304779395925,0.6058007953177947,1.0,0.1375160514553969,0.6392445545520417,0.9994264970432628,0.19885614279399952,3,False,False
ENSG00000071051,NCK2,-0.5229577884350213,-0.10146006613952259,0.6058007953177947,1.0,-0.12854559478242678,0.6152074984467332,0.9994264970432628,0.0,3,False,False
ENSG00000082397,EPB41L3,0.5229577884350213,-0.005097035357960682,0.6058007953177947,1.0,-0.003063626121070805,0.9928423857636578,0.9994264970432628,0.3943684429508617,1,False,False
ENSG00000082641,NFE2L1,-0.5229577884350213,-0.06959055798301272,0.6058007953177947,1.0,-0.07240746583013719,0.7764437917802752,0.9994264970432628,0.0,2,False,False
ENSG00000085872,CHERP,-0.5229577884350213,-0.15562531292485612,0.6058007953177947,1.0,-0.04782552793157282,0.8508293838628559,0.9994264970432628,0.0,2,False,False
ENSG00000086015,MAST2,-0.5229577884350213,-0.08012573214323811,0.6058007953177947,1.0,-0.08565123860415998,0.7368155214981522,0.9994264970432628,0.0,3,False,False
ENSG00000091009,RBM27,-0.5229577884350213,-0.2264911905285526,0.6058007953177947,1.0,-0.17999835998294328,0.702907933954314,0.9994264970432628,0.6658276360109929,2,False,False
ENSG00000099814,CEP170B,-0.5229577884350213,-0.046134939103325084,0.6058007953177947,1.0,-0.08715298974714483,0.7310608570151499,0.9994264970432628,0.0,3,False,False
ENSG00000105278,ZFR2,0.5229577884350213,0.022149579970793077,0.6058007953177947,1.0,0.0670063404799013,0.7915861704136514,0.9994264970432628,0.0,3,False,False
ENSG00000106524,ANKMY2,0.5229577884350213,0.13123131736867083,0.6058007953177947,1.0,0.22553784706589255,0.37690403443495335,0.9994264970432628,0.0,3,False,False
ENSG00000106682,EIF4H,-0.5229577884350213,-0.16166804942273447,0.6058007953177947,1.0,-0.05041100465045125,0.8426111917217823,0.9994264970432628,0.0,2,False,False
ENSG00000108309,RUNDC3A,0.5229577884350213,0.2416873916265314,0.6058007953177947,1.0,0.1531817632750471,0.613150084068782,0.9994264970432628,0.2386426177064556,3,False,False
ENSG00000108352,RAPGEFL1,0.5229577884350213,-0.05553012634423774,0.6058007953177947,1.0,0.08763315813108283,0.7307335276698295,0.9994264970432628,0.0,3,False,False
ENSG00000109738,GLRB,-0.5229577884350213,-0.04246158882435357,0.6058007953177947,1.0,-0.12127337297283376,0.6950673909723204,0.9994264970432628,0.2751285530133269,1,False,False
ENSG00000110851,PRDM4,-0.5229577884350213,-0.09867739819192807,0.6058007953177947,1.0,-0.09512831522818917,0.7094352878214374,0.9994264970432628,0.0,3,False,False
ENSG00000112697,TMEM30A,-0.5229577884350213,-0.01048050817001891,0.6058007953177947,1.0,-0.09745337741525792,0.7026360109053802,0.9994264970432628,0.0,2,False,False
ENSG00000114999,TTL,-0.5229577884350213,-0.4357187218307343,0.6058007953177947,1.0,-0.17990872436985308,0.5261896886737927,0.9994264970432628,0.1565487773503228,3,False,False
ENSG00000115827,DCAF17,-0.5229577884350213,-0.01032661627366991,0.6058007953177947,1.0,-0.016810134742138945,0.9473808042439713,0.9994264970432628,0.0,2,False,False
ENSG00000116455,WDR77,0.5229577884350213,0.11530458520021515,0.6058007953177947,1.0,0.18243705652155726,0.4756092748026566,0.9994264970432628,0.0,3,False,False
ENSG00000122692,SMU1,0.5229577884350213,0.24674499139713363,0.6058007953177947,1.0,0.21173170217865975,0.40870250894245874,0.9994264970432628,0.0,2,False,False
ENSG00000122965,RBM19,0.5229577884350213,0.053079994455198086,0.6058007953177947,1.0,0.08855317121765578,0.7292700210452496,0.9994264970432628,0.0,2,False,False
ENSG00000123595,RAB9A,-0.5229577884350213,-0.055746320501626666,0.6058007953177947,1.0,0.017862470034282745,0.9441061515563459,0.9994264970432628,0.0,3,False,False
ENSG00000124207,CSE1L,-0.5229577884350213,0.01113913934444056,0.6058007953177947,1.0,-0.030423624791917722,0.9052401705743678,0.9994264970432628,0.0,2,False,False
ENSG00000124795,DEK,0.5229577884350213,0.108121846101913,0.6058007953177947,1.0,0.22228528791666308,0.3833576936223707,0.9994264970432628,0.0,3,False,False
ENSG00000127947,PTPN12,-0.5229577884350213,-0.3361647174413868,0.6058007953177947,1.0,-0.10435683866501415,0.6859005194757869,0.9994264970432628,0.011925902520944867,2,False,False
ENSG00000129158,SERGEF,0.5229577884350213,0.3242851522354096,0.6058007953177947,1.0,0.20497379183860495,0.419550510773919,0.9994264970432628,0.0,4,False,False
ENSG00000130340,SNX9,-0.5229577884350213,-0.22131378942957167,0.6058007953177947,1.0,-0.08637002188751183,0.8241950679268594,0.9994264970432628,0.5086062821845551,2,False,False
ENSG00000132321,IQCA1,-0.5229577884350213,-0.40092737828412894,0.6058007953177947,1.0,-0.2548885831713223,0.3172687831452359,0.9994264970432628,0.0,3,False,False
ENSG00000133142,TCEAL4,-0.5229577884350213,-0.3659765321707188,0.6058007953177947,1.0,-0.059598188757298304,0.8146379024426519,0.9994264970432628,0.0,2,False,False
ENSG00000138029,HADHB,-0.5229577884350213,-0.17470473926825308,0.6058007953177947,1.0,-0.15038364356342648,0.5569348065794306,0.9994264970432628,0.0,2,False,False
ENSG00000144406,UNC80,-0.5229577884350213,-0.4091246355860333,0.6058007953177947,1.0,-0.19026320476884112,0.456357576380093,0.9994264970432628,0.0,3,False,False
ENSG00000145191,EIF2B5,0.5229577884350213,0.34249725597919733,0.6058007953177947,1.0,0.21066992667968767,0.54475093438701,0.9994264970432628,0.40967290151629066,2,False,False
ENSG00000147274,RBMX,-0.5229577884350213,-0.3175547955173378,0.6058007953177947,1.0,-0.19209604333184002,0.450979012068806,0.9994264970432628,0.0,3,False,False
ENSG00000149084,HSD17B12,-0.5229577884350213,-0.20739904921418037,0.6058007953177947,1.0,-0.29587743616074996,0.24598487654598622,0.9994264970432628,0.0,4,False,False
ENSG00000153933,DGKE,0.5229577884350213,0.10087849658168956,0.6058007953177947,1.0,0.15178503934229665,0.5501008106596977,0.9994264970432628,0.0,3,False,False
ENSG00000154429,CCSAP,0.5229577884350213,0.17960829201836245,0.6058007953177947,1.0,0.22906966150123093,0.37097491591689913,0.9994264970432628,0.0,2,False,False
ENSG00000156011,PSD3,-0.5229577884350213,-0.0005823452588991473,0.6058007953177947,1.0,-0.2240971365341463,0.5191208802659758,0.9994264970432628,0.39304957442080435,3,False,False
ENSG00000159842,ABR,0.5229577884350213,0.19672961318417645,0.6058007953177947,1.0,0.09466205575541319,0.7649009513214962,0.9994264970432628,0.30441235079590423,2,False,False
ENSG00000160113,NR2F6,0.5229577884350213,0.14549402665833686,0.6058007953177947,1.0,0.11608810657253783,0.6478113378312313,0.9994264970432628,0.0,2,False,False
ENSG00000162613,FUBP1,0.5229577884350213,0.3515366636198118,0.6058007953177947,1.0,0.1761208146339921,0.4911157561474512,0.9994264970432628,0.0,2,False,False
ENSG00000164066,INTU,-0.5229577884350213,-0.2795358436921007,0.6058007953177947,1.0,-0.15046485859470712,0.5547828981462551,0.9994264970432628,0.0,3,False,False
ENSG00000166226,CCT2,0.5229577884350213,-0.09433333813890481,0.6058007953177947,1.0,0.13481511562262924,0.5968012066259345,0.9994264970432628,0.0,3,False,False
ENSG00000167004,PDIA3,-0.5229577884350213,-0.2201652395065903,0.6058007953177947,1.0,-0.11651086930841494,0.6481711895205846,0.9994264970432628,0.0,3,False,False
ENSG00000168002,POLR2G,-0.5229577884350213,-0.2571995910527617,0.6058007953177947,1.0,-0.1798159691919432,0.48096481664152324,0.9994264970432628,0.0,3,False,False
ENSG00000168734,PKIG,0.5229577884350213,-0.030897111715538564,0.6058007953177947,1.0,0.03769037631452754,0.8821794786013066,0.9994264970432628,0.0,3,False,False
ENSG00000170873,MTSS1,0.5229577884350213,-0.1369670295048307,0.6058007953177947,1.0,-0.013784115538865303,0.9612190488062787,0.9994264970432628,0.1567790945738566,1,False,False
ENSG00000173320,STOX2,0.5229577884350213,0.055608901735912465,0.6058007953177947,1.0,0.20108672853816073,0.5499139325687479,0.9994264970432628,0.37485242197555374,3,False,False
ENSG00000174106,LEMD3,-0.5229577884350213,-0.21375302901963097,0.6058007953177947,1.0,-0.11397955508239903,0.6560420938362415,0.9994264970432628,0.0,3,False,False
ENSG00000179796,LRRC3B,-0.5229577884350213,0.16076022972309817,0.6058007953177947,1.0,0.0842401739201653,0.7396964210116794,0.9994264970432628,0.0,3,False,False
ENSG00000185627,PSMD13,-0.5229577884350213,-0.32743709145976774,0.6058007953177947,1.0,-0.1796254600376792,0.4822890374477554,0.9994264970432628,0.0,2,False,False
ENSG00000188846,RPL14,0.5229577884350213,0.23033407988174237,0.6058007953177947,1.0,0.22092911469594692,0.3842391759639865,0.9994264970432628,0.0,4,False,False
ENSG00000198932,GPRASP1,0.5229577884350213,-0.2428650313094295,0.6058007953177947,1.0,0.22106167925072417,0.5913443932805358,0.9994264970432628,0.5533204706579093,3,False,False
ENSG00000125676,THOC2,0.5160767649029816,-0.05798610511607783,0.6106107449273884,1.0,0.035011135000412745,0.9070592520558134,0.9994264970432628,0.23675720536800823,2,False,False
ENSG00000133961,NUMB,0.5160767649029816,0.11205730228587697,0.6106107449273884,1.0,0.14756370213743514,0.5639112596635879,0.9994264970432628,0.0,3,False,False
ENSG00000173812,EIF1,0.5160767649029816,-0.008043046482771675,0.6106107449273884,1.0,0.024847019255349826,0.9287815869926616,0.9994264970432628,0.128822343234302,2,False,False
ENSG00000179981,TSHZ1,0.5160767649029816,0.03268710690034244,0.6106107449273884,1.0,0.10166932108934582,0.6914219952280461,0.9994264970432628,1.519136302353317e-05,3,False,False
ENSG00000106723,SPIN1,0.5091957413709418,0.02582659133061186,0.6154419181636682,1.0,0.1358395575301441,0.5941610040144937,0.9994264970432628,0.0,2,False,False
ENSG00000004961,HCCS,-0.5091957413709418,-0.0249572358160137,0.6154461579264537,1.0,-0.030538393227895054,0.9040945094239821,0.9994264970432628,0.0,2,False,False
ENSG00000005100,DHX33,0.5091957413709418,-0.03666146291043606,0.6154461579264537,1.0,0.04116675701041763,0.8714830236809845,0.9994264970432628,0.0,2,False,False
ENSG00000006210,CX3CL1,0.5091957413709418,0.05382492256215989,0.6154461579264537,1.0,0.07401872171368094,0.7698847904259019,0.9994264970432628,0.0,4,False,False
ENSG00000035681,NSMAF,0.5091957413709418,0.11031919391664838,0.6154461579264537,1.0,0.18833490243850207,0.46069639702291487,0.9994264970432628,0.0,3,False,False
ENSG00000040933,INPP4A,-0.5091957413709418,-0.07433037380370892,0.6154461579264537,1.0,-0.15519477715507266,0.5447847836735293,0.9994264970432628,0.0,3,False,False
ENSG00000059804,SLC2A3,0.5091957413709418,0.07568595808629125,0.6154461579264537,1.0,0.11596617840477458,0.7004446648882776,0.9994264970432628,0.23586124954207555,2,False,False
ENSG00000068078,FGFR3,-0.5091957413709418,-0.0719022507260296,0.6154461579264537,1.0,-0.04931107372745786,0.8911042059755917,0.9994264970432628,0.4488217222397659,2,False,False
ENSG00000070413,DGCR2,-0.5091957413709418,-0.1556228772969783,0.6154461579264537,1.0,-0.14705681808726423,0.5617583062908595,0.9994264970432628,0.0,4,False,False
ENSG00000082701,GSK3B,-0.5091957413709418,-0.11667863617106512,0.6154461579264537,1.0,-0.1862972685855494,0.5179502478076572,0.9994264970432628,0.17444665959065603,2,False,False
ENSG00000099910,KLHL22,0.5091957413709418,-0.08450104242731522,0.6154461579264537,1.0,0.05459154463351092,0.8784850722195255,0.9994264970432628,0.4361711937297809,2,False,False
ENSG00000101290,CDS2,-0.5091957413709418,-0.0482208838828358,0.6154461579264537,1.0,-0.10319419210980892,0.6852400211510888,0.9994264970432628,0.0,3,False,False
ENSG00000104177,MYEF2,0.5091957413709418,0.1885224513814756,0.6154461579264537,1.0,0.2016764449151282,0.4283152406268551,0.9994264970432628,0.0,3,False,False
ENSG00000105254,TBCB,-0.5091957413709418,-0.10640074729595045,0.6154461579264537,1.0,0.009087595218145783,0.9714528432574479,0.9994264970432628,0.0,3,False,False
ENSG00000106070,GRB10,-0.5091957413709418,-0.1756155187822728,0.6154461579264537,1.0,-0.030187881505200465,0.9057283823682265,0.9994264970432628,0.0,3,False,False
ENSG00000106086,PLEKHA8,0.5091957413709418,0.08142939934440471,0.6154461579264537,1.0,0.061559362680489414,0.8078882272090672,0.9994264970432628,0.0,3,False,False
ENSG00000110717,NDUFS8,0.5091957413709418,0.2051172164255293,0.6154461579264537,1.0,0.19762362464589595,0.4364473381886306,0.9994264970432628,0.0,3,False,False
ENSG00000113504,SLC12A7,-0.5091957413709418,-0.3668306259473696,0.6154461579264537,1.0,-0.11835498439759963,0.831159993831408,0.9994264970432628,0.7527049033908616,3,False,False
ENSG00000113580,NR3C1,0.5091957413709418,0.21262561588578818,0.6154461579264537,1.0,0.13381767593081362,0.6740454763809487,0.9994264970432628,0.3101614017979137,3,False,False
ENSG00000115364,MRPL19,-0.5091957413709418,-0.15643239009322327,0.6154461579264537,1.0,-0.0957604970670398,0.7069826027390749,0.9994264970432628,0.0,2,False,False
ENSG00000116731,PRDM2,0.5091957413709418,0.24735262446353906,0.6154461579264537,1.0,0.17943422786466953,0.48262441625340224,0.9994264970432628,0.0,3,False,False
ENSG00000119185,ITGB1BP1,-0.5091957413709418,-0.17963430995655322,0.6154461579264537,1.0,-0.11129405889381917,0.7216637334180834,0.9994264970432628,0.28719038777158784,2,False,False
ENSG00000119906,SLF2,0.5091957413709418,0.18742787604125705,0.6154461579264537,1.0,0.21929185441570323,0.38808209126869686,0.9994264970432628,0.0,4,False,False
ENSG00000120697,ALG5,-0.5091957413709418,-0.37658931645611293,0.6154461579264537,1.0,-0.16285791521259732,0.5250013572309233,0.9994264970432628,0.0,1,False,False
ENSG00000122574,WIPF3,-0.5091957413709418,-0.24606689409775614,0.6154461579264537,1.0,-0.07736719751838057,0.7612448250624453,0.9994264970432628,0.0,2,False,False
ENSG00000122958,VPS26A,-0.5091957413709418,-0.4106732047944156,0.6154461579264537,1.0,-0.23327968464699894,0.3601156688527851,0.9994264970432628,0.0,3,False,False
ENSG00000124535,WRNIP1,0.5091957413709418,-0.12301370309955091,0.6154461579264537,1.0,0.09273812096525368,0.7160744576882796,0.9994264970432628,0.0,3,False,False
ENSG00000133460,SLC2A11,0.5091957413709418,-0.1604154424104572,0.6154461579264537,1.0,0.037576746599819674,0.8995351345340018,0.9994264970432628,0.2235256217389313,2,False,False
ENSG00000136631,VPS45,0.5091957413709418,0.050563615570267284,0.6154461579264537,1.0,0.13843131276224419,0.5852481258281319,0.9994264970432628,0.0,3,False,False
ENSG00000138386,NAB1,0.5091957413709418,-0.1545917391706042,0.6154461579264537,1.0,-0.01032183175057782,0.9676287213104947,0.9994264970432628,0.0,2,False,False
ENSG00000142546,NOSIP,0.5091957413709418,0.024123247602086065,0.6154461579264537,1.0,0.06628495044701044,0.7939881994138616,0.9994264970432628,0.0,2,False,False
ENSG00000143502,SUSD4,-0.5091957413709418,-0.17200991658858053,0.6154461579264537,1.0,-0.024385671978326546,0.923585401822897,0.9994264970432628,0.0,3,False,False
ENSG00000144580,CNOT9,-0.5091957413709418,-0.23949613120589394,0.6154461579264537,1.0,-0.08259748654934103,0.7700725673643541,0.9994264970432628,0.1529130334386158,2,False,False
ENSG00000146535,GNA12,0.5091957413709418,0.0636555718132452,0.6154461579264537,1.0,0.05583992792119798,0.8605881930598128,0.9994264970432628,0.31078789924461936,3,False,False
ENSG00000147588,PMP2,0.5091957413709418,0.07082687237918901,0.6154461579264537,1.0,0.04470405017683789,0.8605901937873579,0.9994264970432628,0.0,2,False,False
ENSG00000148335,NTMT1,0.5091957413709418,0.03764656202259304,0.6154461579264537,1.0,0.10389583849881377,0.6834144532451922,0.9994264970432628,0.0,2,False,False
ENSG00000151729,SLC25A4,-0.5091957413709418,-0.530226241522525,0.6154461579264537,1.0,-0.12950056600270732,0.6252551942087798,0.9994264970432628,0.055078588165904524,2,False,False
ENSG00000153317,ASAP1,0.5091957413709418,0.3599138312884557,0.6154461579264537,1.0,0.18197744041892078,0.476108641242713,0.9994264970432628,0.0,2,False,False
ENSG00000153786,ZDHHC7,0.5091957413709418,0.2800349309819271,0.6154461579264537,1.0,0.18937199176368102,0.49910896782349146,0.9994264970432628,0.1331207933494393,3,False,False
ENSG00000161217,PCYT1A,-0.5091957413709418,-0.22415006601518314,0.6154461579264537,1.0,-0.12097676659257083,0.6336445037658697,0.9994264970432628,0.0,2,False,False
ENSG00000162695,SLC30A7,0.5091957413709418,0.12705835227860388,0.6154461579264537,1.0,0.08883916179960247,0.7267236088446563,0.9994264970432628,0.0,2,False,False
ENSG00000164951,PDP1,0.5091957413709418,-0.09193357250580184,0.6154461579264537,1.0,0.06150574526431855,0.8097849201189702,0.9994264970432628,0.0,2,False,False
ENSG00000167325,RRM1,-0.5091957413709418,-0.22769411786538293,0.6154461579264537,1.0,-0.07736432820142021,0.762289641972829,0.9994264970432628,0.0,3,False,False
ENSG00000168297,PXK,-0.5091957413709418,0.05305007580066818,0.6154461579264537,1.0,-0.016346703846098508,0.9487077546865935,0.9994264970432628,0.0,3,False,False
ENSG00000169169,CPT1C,0.5091957413709418,0.048642430444716445,0.6154461579264537,1.0,0.09213084414412515,0.7159853463532704,0.9994264970432628,0.0,4,False,False
ENSG00000170340,B3GNT2,-0.5091957413709418,-0.41038886236683736,0.6154461579264537,1.0,-0.1109767319811127,0.6640961237243017,0.9994264970432628,0.0,2,False,False
ENSG00000174886,NDUFA11,-0.5091957413709418,-0.2733408929462576,0.6154461579264537,1.0,-0.137940815953104,0.5903316683493227,0.9994264970432628,0.0,2,False,False
ENSG00000175283,DOLK,-0.5091957413709418,-0.417485749491029,0.6154461579264537,1.0,-0.06491695404819849,0.8408183813477458,0.9994264970432628,0.33218946651603326,2,False,False
ENSG00000176783,RUFY1,0.5091957413709418,0.030368690557565237,0.6154461579264537,1.0,0.03481376931129207,0.8910534834903163,0.9994264970432628,0.0,3,False,False
ENSG00000178761,FAM219B,-0.5091957413709418,-0.0226631552398685,0.6154461579264537,1.0,-0.17776692222794926,0.6340370465802967,0.9994264970432628,0.4702890763634267,2,False,False
ENSG00000178982,EIF3K,-0.5091957413709418,-0.2939947500620972,0.6154461579264537,1.0,-0.09079313492692172,0.765875868596551,0.9994264970432628,0.2569088500494798,1,False,False
ENSG00000182628,SKA2,0.5091957413709418,0.0035972340601369743,0.6154461579264537,1.0,0.11255439297561343,0.6598864244773593,0.9994264970432628,0.0,3,False,False
ENSG00000183255,PTTG1IP,-0.5091957413709418,-0.022314935883219675,0.6154461579264537,1.0,-0.1419995800674884,0.5769481332811445,0.9994264970432628,0.0,2,False,False
ENSG00000184277,TM2D3,-0.5091957413709418,-0.1827218050574271,0.6154461579264537,1.0,-0.14825103392650457,0.5622392902588903,0.9994264970432628,0.0,2,False,False
ENSG00000185904,LINC00839,0.5091957413709418,0.0936827530733303,0.6154461579264537,1.0,0.10284498227901782,0.8054456835011797,0.9994264970432628,0.5820506472816133,2,False,False
ENSG00000186020,ZNF529,-0.5091957413709418,0.0630635449653552,0.6154461579264537,1.0,-0.06530414310856439,0.7973584029709339,0.9994264970432628,0.0,3,False,False
ENSG00000186462,NAP1L2,0.5091957413709418,0.20423516919398807,0.6154461579264537,1.0,0.12588928024987853,0.621332792922346,0.9994264970432628,0.0,3,False,False
ENSG00000186591,UBE2H,0.5091957413709418,0.03631257158658231,0.6154461579264537,1.0,0.07896467021048229,0.7562632114153156,0.9994264970432628,0.0,2,False,False
ENSG00000197006,METTL9,0.5091957413709418,0.04173787614194221,0.6154461579264537,1.0,0.10037798714660515,0.6919091520427941,0.9994264970432628,0.0,3,False,False
ENSG00000197959,DNM3,0.5091957413709418,0.24365914533240113,0.6154461579264537,1.0,0.10996138281793542,0.7698463936167016,0.9994264970432628,0.4907552296144227,2,False,False
ENSG00000143878,RHOB,0.502314717838902,0.12196798240400891,0.6202898192857398,1.0,0.0822823027093173,0.7454390124116914,0.9994264970432628,0.0,3,False,False
ENSG00000168397,ATG4B,0.502314717838902,0.20585311416718702,0.6202898192857398,1.0,0.14148140189062405,0.5787049386226017,0.9994264970432628,0.0,2,False,False
ENSG00000133703,KRAS,-0.4954336943068623,-0.0622093659746742,0.6251542758790073,1.0,-0.06759778044101222,0.8638557358635477,0.9994264970432628,0.5335381577346484,1,False,False
ENSG00000167074,TEF,-0.4954336943068623,-0.14897651853942098,0.6251542758790073,1.0,-0.12336580432220089,0.6268913804707075,0.9994264970432628,0.0,3,False,False
ENSG00000004897,CDC27,-0.4954336943068623,-0.17060003563424206,0.6251584276958024,1.0,-0.10653197309222748,0.6758479897633249,0.9994264970432628,0.0,2,False,False
ENSG00000008300,CELSR3,-0.4954336943068623,-0.14470042892648355,0.6251584276958024,1.0,-0.1529742056608833,0.5469242346654231,0.9994264970432628,0.0,3,False,False
ENSG00000035687,ADSS2,0.4954336943068623,-0.11095028757948625,0.6251584276958024,1.0,0.07129782654883624,0.8027338395823177,0.9994264970432628,0.16649402473984368,3,False,False
ENSG00000049618,ARID1B,0.4954336943068623,-0.026016539562586323,0.6251584276958024,1.0,0.03898359419532969,0.8777888964878514,0.9994264970432628,0.0,3,False,False
ENSG00000059691,GATB,0.4954336943068623,-0.13428404477229594,0.6251584276958024,1.0,0.14161887049234595,0.6750157326649472,0.9994264970432628,0.3799708133633704,3,False,False
ENSG00000067842,ATP2B3,-0.4954336943068623,-0.134025327552122,0.6251584276958024,1.0,-0.013653842252819383,0.9644472507450366,0.9994264970432628,0.2634523894845926,3,False,False
ENSG00000081087,OSTM1,-0.4954336943068623,-0.05631630043282315,0.6251584276958024,1.0,-0.029101219522676903,0.9086471534761956,0.9994264970432628,0.0,2,False,False
ENSG00000101150,TPD52L2,-0.4954336943068623,-0.18467987974598804,0.6251584276958024,1.0,-0.1097504974106928,0.6649615958216843,0.9994264970432628,0.0,3,False,False
ENSG00000102678,FGF9,0.4954336943068623,0.5655560284416907,0.6251584276958024,1.0,0.18609292299930502,0.46632858327547744,0.9994264970432628,0.0,3,False,False
ENSG00000103035,PSMD7,-0.4954336943068623,-0.3928455274526455,0.6251584276958024,1.0,-0.18407878560908117,0.47114665678982237,0.9994264970432628,0.0,3,False,False
ENSG00000103264,FBXO31,-0.4954336943068623,-0.26140270059767656,0.6251584276958024,1.0,-0.09425646368472373,0.7126084350854851,0.9994264970432628,0.0,2,False,False
ENSG00000104979,C19orf53,-0.4954336943068623,-0.04755116053154882,0.6251584276958024,1.0,0.022142583934841045,0.9304282527164651,0.9994264970432628,0.0,2,False,False
ENSG00000105372,RPS19,0.4954336943068623,-0.20265303387487366,0.6251584276958024,1.0,0.08366504078672933,0.8184676809968342,0.9994264970432628,0.445067471588752,2,False,False
ENSG00000106399,RPA3,0.4954336943068623,0.11419446912872962,0.6251584276958024,1.0,0.20613569535115545,0.421381091687118,0.9994264970432628,0.0,3,False,False
ENSG00000107021,TBC1D13,-0.4954336943068623,-0.24146146477832445,0.6251584276958024,1.0,-0.1185624907784231,0.6406796505174888,0.9994264970432628,0.0,3,False,False
ENSG00000109572,CLCN3,-0.4954336943068623,-0.1491296417885658,0.6251584276958024,1.0,-0.1176464467436053,0.6454152007048637,0.9994264970432628,0.0,3,False,False
ENSG00000113328,CCNG1,-0.4954336943068623,-0.3698604352513986,0.6251584276958024,1.0,-0.13009996998822576,0.659128165853389,0.9994264970432628,0.2098347620026902,2,False,False
ENSG00000114127,XRN1,-0.4954336943068623,0.06899712396147605,0.6251584276958024,1.0,-0.05365920711594551,0.8325001261946261,0.9994264970432628,0.0,2,False,False
ENSG00000115295,CLIP4,-0.4954336943068623,-0.0912852066015489,0.6251584276958024,1.0,-0.13215427379999134,0.6059134547650991,0.9994264970432628,0.0,3,False,False
ENSG00000119421,NDUFA8,-0.4954336943068623,-0.33337291949453435,0.6251584276958024,1.0,-0.024904959553979013,0.9223491642265776,0.9994264970432628,0.0,2,False,False
ENSG00000119801,YPEL5,0.4954336943068623,0.07457406586877834,0.6251584276958024,1.0,0.09886293282468815,0.6992754848401127,0.9994264970432628,0.0,3,False,False
ENSG00000120925,RNF170,0.4954336943068623,-0.2386756330455145,0.6251584276958024,1.0,0.14559038417884007,0.778903119770163,0.9994264970432628,0.7088186955057866,2,False,False
ENSG00000123739,PLA2G12A,-0.4954336943068623,-0.11604028242144179,0.6251584276958024,1.0,-0.0666278462952626,0.792461988101262,0.9994264970432628,0.0,3,False,False
ENSG00000129460,NGDN,0.4954336943068623,0.17425087508163473,0.6251584276958024,1.0,0.17920065065987514,0.5779191159773709,0.9994264970432628,0.3132083888800089,2,False,False
ENSG00000130830,MPP1,-0.4954336943068623,-0.09004647573684578,0.6251584276958024,1.0,-0.03093782517285008,0.9162620720471586,0.9994264970432628,0.20884354070284947,3,False,False
ENSG00000132932,ATP8A2,0.4954336943068623,-0.018027152509102393,0.6251584276958024,1.0,0.09822492381814316,0.6990832494657006,0.9994264970432628,0.0,3,False,False
ENSG00000133424,LARGE1,0.4954336943068623,-0.1725111507510554,0.6251584276958024,1.0,0.021361663207851912,0.933447686666816,0.9994264970432628,0.0,2,False,False
ENSG00000133812,SBF2,0.4954336943068623,-0.07013342267428911,0.6251584276958024,1.0,-0.02751468374632964,0.9135930982040757,0.9994264970432628,0.0,2,False,False
ENSG00000134153,EMC7,-0.4954336943068623,-0.15457450004586584,0.6251584276958024,1.0,-0.058844197176288277,0.8164701704161065,0.9994264970432628,0.0,2,False,False
ENSG00000135744,AGT,-0.4954336943068623,-0.2278525318976448,0.6251584276958024,1.0,-0.042339389191190714,0.9217585584178001,0.9994264970432628,0.5873669160991081,2,False,False
ENSG00000135845,PIGC,-0.4954336943068623,0.04234402244486835,0.6251584276958024,1.0,0.07899533261444427,0.7571251145145621,0.9994264970432628,0.0,3,False,False
ENSG00000136448,NMT1,0.4954336943068623,0.15577129398356485,0.6251584276958024,1.0,0.1351028448019344,0.684831516196515,0.9994264970432628,0.3643771245880717,3,False,False
ENSG00000136718,IMP4,0.4954336943068623,-0.2175788125286407,0.6251584276958024,1.0,-0.011851749804346572,0.9630685204375825,0.9994264970432628,0.0,2,False,False
ENSG00000137055,PLAA,0.4954336943068623,0.2388303303816334,0.6251584276958024,1.0,0.1644287362923609,0.5173343692060834,0.9994264970432628,0.0,3,False,False
ENSG00000137100,DCTN3,-0.4954336943068623,-0.17143527388358465,0.6251584276958024,1.0,-0.012547621626398183,0.9605800439946209,0.9994264970432628,0.0,2,False,False
ENSG00000142634,EFHD2,-0.4954336943068623,-0.03192387092260232,0.6251584276958024,1.0,-0.2255062816295858,0.50404957604709,0.9994264970432628,0.36934680423703564,3,False,False
ENSG00000148943,LIN7C,-0.4954336943068623,-0.3183654069093766,0.6251584276958024,1.0,-0.2931506377266088,0.2513648304861227,0.9994264970432628,0.0,3,False,False
ENSG00000152377,SPOCK1,0.4954336943068623,0.20323825951373714,0.6251584276958024,1.0,0.2176722393735197,0.5932959870235459,0.9994264970432628,0.5550530725704955,3,False,False
ENSG00000157764,BRAF,-0.4954336943068623,-0.08263375895616211,0.6251584276958024,1.0,-0.19044550886767736,0.5016255108395626,0.9994264970432628,0.14648558210645363,3,False,False
ENSG00000161021,MAML1,-0.4954336943068623,-0.025638608382469494,0.6251584276958024,1.0,-0.1439115549733628,0.5719446535729558,0.9994264970432628,0.0,3,False,False
ENSG00000164604,GPR85,-0.4954336943068623,-0.3247179558794019,0.6251584276958024,1.0,-0.1199876705400569,0.6884617048913326,0.9994264970432628,0.23316785741397406,3,False,False
ENSG00000166557,TMED3,-0.4954336943068623,-0.2605277266196903,0.6251584276958024,1.0,-0.10019654095562755,0.6929554784272249,0.9994264970432628,0.0,2,False,False
ENSG00000168036,CTNNB1,-0.4954336943068623,-0.11579213288109776,0.6251584276958024,1.0,-0.15510038315690702,0.6433985193374716,0.9994264970432628,0.3699903132987663,1,False,False
ENSG00000168495,POLR3D,-0.4954336943068623,-0.12426829619064027,0.6251584276958024,1.0,-0.1192951877791242,0.732771063305172,0.9994264970432628,0.4053664256096902,2,False,False
ENSG00000169019,COMMD8,-0.4954336943068623,-0.32186772435290795,0.6251584276958024,1.0,0.01887306751023957,0.9640246684785021,0.9994264970432628,0.5702579960483558,2,False,False
ENSG00000171298,GAA,-0.4954336943068623,-0.1242010525111076,0.6251584276958024,1.0,-0.0817726080312421,0.7476385696684837,0.9994264970432628,0.0,2,False,False
ENSG00000174953,DHX36,-0.4954336943068623,-0.04080319967861309,0.6251584276958024,1.0,-0.08504289562203075,0.7371318198381758,0.9994264970432628,0.0,3,False,False
ENSG00000175352,NRIP3,0.4954336943068623,0.1791658181149438,0.6251584276958024,1.0,0.015616256151888287,0.951081788040287,0.9994264970432628,0.0,1,False,False
ENSG00000178741,COX5A,0.4954336943068623,-0.12234190364321956,0.6251584276958024,1.0,0.05986979461007766,0.8148426971738074,0.9994264970432628,0.0,3,False,False
ENSG00000179091,CYC1,-0.4954336943068623,-0.3152342256307392,0.6251584276958024,1.0,-0.17958324620090674,0.481234459109836,0.9994264970432628,0.0,3,False,False
ENSG00000180155,LYNX1,0.4954336943068623,0.09956145630500839,0.6251584276958024,1.0,0.0739654285562894,0.7703089711760377,0.9994264970432628,0.0,3,False,False
ENSG00000183431,SF3A3,0.4954336943068623,0.15828911906333062,0.6251584276958024,1.0,0.06725402355723281,0.8266737622052088,0.9994264970432628,0.2637788081469146,2,False,False
ENSG00000185246,PRPF39,-0.4954336943068623,-0.4906795681886644,0.6251584276958024,1.0,-0.14897014045318385,0.5602041406119347,0.9994264970432628,0.0,3,False,False
ENSG00000185880,TRIM69,0.4954336943068623,0.02548188517341003,0.6251584276958024,1.0,0.17048446236873233,0.5031031483270119,0.9994264970432628,0.0,2,False,False
ENSG00000188191,PRKAR1B,0.4954336943068623,0.1483276276062878,0.6251584276958024,1.0,0.12179945827099607,0.6310117529303939,0.9994264970432628,0.0,3,False,False
ENSG00000198380,GFPT1,0.4954336943068623,0.08793395714179213,0.6251584276958024,1.0,0.18525690102709003,0.46679908826694394,0.9994264970432628,0.0,2,False,False
ENSG00000198860,TSEN15,0.4954336943068623,-0.08441079052580032,0.6251584276958024,1.0,-0.026638021364270254,0.9164874089899371,0.9994264970432628,0.0,2,False,False
ENSG00000205937,RNPS1,0.4954336943068623,0.11595126858507995,0.6251584276958024,1.0,0.0948296586157853,0.7089657137486252,0.9994264970432628,0.0,2,False,False
ENSG00000237190,CDKN2AIPNL,0.4954336943068623,0.0356519489119951,0.6251584276958024,1.0,0.08494580897909104,0.8007348205375578,0.9994264970432628,0.3771662720704302,2,False,False
ENSG00000099942,CRKL,-0.4885526707748225,-0.03945628878259448,0.630035113369659,1.0,0.01626529519093508,0.9489672356790189,0.9994264970432628,0.0,1,False,False
ENSG00000164062,APEH,0.4885526707748225,0.1314909405700377,0.630035113369659,1.0,0.20561503336056555,0.41922616407695135,0.9994264970432628,0.0,3,False,False
ENSG00000165219,GAPVD1,-0.4816716472427828,-0.04850810485400628,0.634932155042184,1.0,-0.061009922596229234,0.8114957967443239,0.9994264970432628,0.0,3,False,False
ENSG00000169976,SF3B5,0.4816716472427828,0.11311731661338277,0.634932155042184,1.0,0.16652274185704521,0.5118217127654041,0.9994264970432628,0.0,3,False,False
ENSG00000034677,RNF19A,-0.4816716472427828,-0.5537058157859486,0.6349362167418193,1.0,-0.14772109944194187,0.5631933550380408,0.9994264970432628,0.0,2,False,False
ENSG00000072195,SPEG,0.4816716472427828,0.23534031851806242,0.6349362167418193,1.0,0.13232805278193127,0.604336342899587,0.9994264970432628,0.0,3,False,False
ENSG00000078053,AMPH,-0.4816716472427828,-0.2954637727986937,0.6349362167418193,1.0,-0.15798242883219346,0.5344213341463797,0.9994264970432628,0.0,3,False,False
ENSG00000080815,PSEN1,0.4816716472427828,-0.29581505828678034,0.6349362167418193,1.0,0.047051276072794954,0.8807043926802598,0.9994264970432628,0.28984540009874515,3,False,False
ENSG00000083750,RRAGB,-0.4816716472427828,-0.16658053970431405,0.6349362167418193,1.0,-0.057274060409178575,0.8222743373455934,0.9994264970432628,0.0,3,False,False
ENSG00000100029,PES1,-0.4816716472427828,-0.13645985042960196,0.6349362167418193,1.0,-0.13987428329381396,0.5808161909935012,0.9994264970432628,0.0,3,False,False
ENSG00000102572,STK24,0.4816716472427828,0.04487709602389806,0.6349362167418193,1.0,0.06622435087122265,0.8088729099159989,0.9994264970432628,0.10534745655253404,2,False,False
ENSG00000106028,SSBP1,0.4816716472427828,0.0020125027781755845,0.6349362167418193,1.0,0.12059725270203886,0.636027564707712,0.9994264970432628,0.0,3,False,False
ENSG00000108799,EZH1,-0.4816716472427828,-0.05396980715661167,0.6349362167418193,1.0,-0.11257336690226437,0.6572740568577973,0.9994264970432628,0.0,3,False,False
ENSG00000111269,CREBL2,0.4816716472427828,0.024671485579770964,0.6349362167418193,1.0,0.24605920180014867,0.4518083928357949,0.9994264970432628,0.3404180262145855,3,False,False
ENSG00000112715,VEGFA,-0.4816716472427828,-0.029372535244656446,0.6349362167418193,1.0,-0.16526286506310908,0.5167875546673499,0.9994264970432628,0.0,3,False,False
ENSG00000117479,SLC19A2,-0.4816716472427828,-0.20932498894777646,0.6349362167418193,1.0,-0.13112112317830205,0.6053144269287863,0.9994264970432628,0.0,3,False,False
ENSG00000119638,NEK9,0.4816716472427828,0.04052588578323179,0.6349362167418193,1.0,0.09870823436568792,0.6971458477235908,0.9994264970432628,0.0,2,False,False
ENSG00000120509,PDZD11,-0.4816716472427828,-0.11149144133996436,0.6349362167418193,1.0,0.006929924334464197,0.9783624246712214,0.9994264970432628,0.0,3,False,False
ENSG00000126768,TIMM17B,-0.4816716472427828,-0.3195204476479098,0.6349362167418193,1.0,-0.21171718699551378,0.40923358127344933,0.9994264970432628,0.0,2,False,False
ENSG00000130254,SAFB2,-0.4816716472427828,-0.11401420315154874,0.6349362167418193,1.0,-0.06674981197583063,0.7927725286823417,0.9994264970432628,0.0,2,False,False
ENSG00000130985,UBA1,-0.4816716472427828,-0.137344908577889,0.6349362167418193,1.0,-0.0845665667781351,0.738659457585551,0.9994264970432628,0.0,3,False,False
ENSG00000132153,DHX30,-0.4816716472427828,0.07547233546605338,0.6349362167418193,1.0,0.026939303198871563,0.9154387847536138,0.9994264970432628,0.0,2,False,False
ENSG00000134287,ARF3,0.4816716472427828,0.005400419646244685,0.6349362167418193,1.0,0.09929743252131507,0.6959054737594257,0.9994264970432628,0.0,3,False,False
ENSG00000135956,TMEM127,-0.4816716472427828,-0.13020911702716817,0.6349362167418193,1.0,-0.05185691218794829,0.8385656011200902,0.9994264970432628,0.0,2,False,False
ENSG00000138757,G3BP2,-0.4816716472427828,-0.29878435238168355,0.6349362167418193,1.0,-0.08597857068623548,0.7348575482268282,0.9994264970432628,0.0,2,False,False
ENSG00000139697,SBNO1,0.4816716472427828,-0.06002554226529967,0.6349362167418193,1.0,0.10221478740081187,0.6957866834090551,0.9994264970432628,0.033228526636860184,1,False,False
ENSG00000139746,RBM26,0.4816716472427828,0.03809945554014792,0.6349362167418193,1.0,0.19530347204378457,0.5395507619958507,0.9994264970432628,0.2990617363391249,2,False,False
ENSG00000143093,STRIP1,0.4816716472427828,-0.17793673183133404,0.6349362167418193,1.0,0.06167168328472526,0.8621146368125384,0.9994264970432628,0.43057166400595337,2,False,False
ENSG00000143799,PARP1,-0.4816716472427828,-0.12571510674318476,0.6349362167418193,1.0,-0.1298974673375774,0.6083610652913758,0.9994264970432628,0.0,3,False,False
ENSG00000145246,ATP10D,0.4816716472427828,-0.012750261198139523,0.6349362167418193,1.0,0.08659118918098499,0.7801386110265653,0.9994264970432628,0.278022135347676,3,False,False
ENSG00000145362,ANK2,0.4816716472427828,-0.020465462159321116,0.6349362167418193,1.0,0.0314786689228925,0.9370776044289805,0.9994264970432628,0.5359048384792594,2,False,False
ENSG00000148358,GPR107,-0.4816716472427828,-0.11282634431581955,0.6349362167418193,1.0,-0.10053515079362588,0.6936810483491904,0.9994264970432628,0.0,3,False,False
ENSG00000162065,TBC1D24,0.4816716472427828,0.17320213368024864,0.6349362167418193,1.0,0.12631873859794118,0.6200536687721252,0.9994264970432628,0.0,2,False,False
ENSG00000163069,SGCB,0.4816716472427828,-0.005842398843638322,0.6349362167418193,1.0,0.06400059197894793,0.8430632442597286,0.9994264970432628,0.3204433739579667,3,False,False
ENSG00000163349,HIPK1,-0.4816716472427828,-0.2543461930530641,0.6349362167418193,1.0,-0.10760941796842632,0.7570853076974419,0.9994264970432628,0.40714845440639785,2,False,False
ENSG00000164038,SLC9B2,0.4816716472427828,0.05542783400184057,0.6349362167418193,1.0,0.1502255222762338,0.5566189008375194,0.9994264970432628,0.0,2,False,False
ENSG00000167280,ENGASE,0.4816716472427828,0.025954547279319597,0.6349362167418193,1.0,0.03384606217347868,0.8937234485437268,0.9994264970432628,0.0,3,False,False
ENSG00000173852,DPY19L1,0.4816716472427828,0.014090790969548172,0.6349362167418193,1.0,0.10920176992192825,0.6984728398939696,0.9994264970432628,0.14713737432518695,2,False,False
ENSG00000177613,CSTF2T,0.4816716472427828,-0.0732299484350586,0.6349362167418193,1.0,0.042866787727714975,0.865962716609902,0.9994264970432628,0.0,3,False,False
ENSG00000177889,UBE2N,0.4816716472427828,0.20496807415868998,0.6349362167418193,1.0,0.18603563846499493,0.4659569332145783,0.9994264970432628,0.0,2,False,False
ENSG00000178568,ERBB4,0.4816716472427828,-0.08896609248835227,0.6349362167418193,1.0,0.060176870878144786,0.8135358891291306,0.9994264970432628,0.0,2,False,False
ENSG00000181991,MRPS11,-0.4816716472427828,-0.24079955952803012,0.6349362167418193,1.0,-0.0662993978319649,0.836714411868711,0.9994264970432628,0.32515820870325374,2,False,False
ENSG00000182568,SATB1,0.4816716472427828,0.24393678785896586,0.6349362167418193,1.0,0.08258769082021246,0.7788124693068369,0.9994264970432628,0.20259184022422327,2,False,False
ENSG00000182903,ZNF721,0.4816716472427828,0.21577407131289347,0.6349362167418193,1.0,0.17267816109399578,0.49702186399077875,0.9994264970432628,0.0,3,False,False
ENSG00000184983,NDUFA6,0.4816716472427828,-0.0016795166604268894,0.6349362167418193,1.0,0.12499766784744346,0.6232678636546813,0.9994264970432628,0.0,3,False,False
ENSG00000196405,EVL,-0.4816716472427828,0.03000598022873181,0.6349362167418193,1.0,-0.0492304838988899,0.8465223140026066,0.9994264970432628,0.0,3,False,False
ENSG00000198478,SH3BGRL2,-0.4816716472427828,-0.09258599915625197,0.6349362167418193,1.0,-0.09956522683969633,0.7150183784455567,0.9994264970432628,0.09661296260681543,3,False,False
ENSG00000205250,E2F4,0.4816716472427828,0.09473149013436293,0.6349362167418193,1.0,0.08762522849771247,0.7508507419471456,0.9994264970432628,0.11607876132848494,3,False,False
ENSG00000213047,DENND1B,0.4816716472427828,0.20116125873459756,0.6349362167418193,1.0,0.12809111829008377,0.7588133404535388,0.9994264970432628,0.5729984887595884,2,False,False
ENSG00000214548,MEG3,0.4816716472427828,0.49462651657645423,0.6349362167418193,1.0,0.12115261573498731,0.7624371093012133,0.9994264970432628,0.5406955751272232,2,False,False
ENSG00000109472,CPE,-0.46790960017870326,-0.13083412811582035,0.6447701638896464,1.0,-0.0687456081525656,0.7861510379488865,0.9994264970432628,0.0,2,False,False
ENSG00000005483,KMT2E,0.46790960017870326,0.010843779099301926,0.6447781029189057,1.0,0.11710679064497612,0.6456055990797621,0.9994264970432628,0.0,2,False,False
ENSG00000006744,ELAC2,-0.46790960017870326,-0.04925344193326542,0.6447781029189057,1.0,-0.007870198992974607,0.975186799067451,0.9994264970432628,0.0,2,False,False
ENSG00000015592,STMN4,0.46790960017870326,-0.020099072624342525,0.6447781029189057,1.0,0.2367185424565807,0.39438310436531665,0.9994264970432628,0.12377002068698961,3,False,False
ENSG00000052723,SIKE1,0.46790960017870326,0.2628127961941672,0.6447781029189057,1.0,0.12927654277917702,0.6369288973702483,0.9994264970432628,0.10319213185236902,2,False,False
ENSG00000060237,WNK1,-0.46790960017870326,0.05194438215082133,0.6447781029189057,1.0,-0.16701057132586727,0.5143223446032472,0.9994264970432628,0.0,3,False,False
ENSG00000060656,PTPRU,-0.46790960017870326,-0.2237624692509885,0.6447781029189057,1.0,-0.19767916725741108,0.4370661171090656,0.9994264970432628,0.0,3,False,False
ENSG00000072041,SLC6A15,-0.46790960017870326,-0.011284869008039839,0.6447781029189057,1.0,-0.1686377488163337,0.5104855465992397,0.9994264970432628,0.0,3,False,False
ENSG00000075568,TMEM131,0.46790960017870326,-0.09391757000064024,0.6447781029189057,1.0,0.04700172273226997,0.8672538333353148,0.9994264970432628,0.14021732950235544,2,False,False
ENSG00000080493,SLC4A4,-0.46790960017870326,-0.07411298040657996,0.6447781029189057,1.0,-0.035811472123092526,0.9246418792924237,0.9994264970432628,0.49795820417184583,2,False,False
ENSG00000085377,PREP,-0.46790960017870326,-0.016712081747748526,0.6447781029189057,1.0,-0.05055573846712528,0.8416830204891761,0.9994264970432628,0.0,2,False,False
ENSG00000085511,MAP3K4,0.46790960017870326,0.10006006096097586,0.6447781029189057,1.0,0.13663750838173122,0.6128005737875307,0.9994264970432628,0.08307385840882417,2,False,False
ENSG00000091513,TF,0.46790960017870326,0.22674112702268495,0.6447781029189057,1.0,0.18145532766193007,0.5026285736898477,0.9994264970432628,0.08474996054072464,2,False,False
ENSG00000097021,ACOT7,0.46790960017870326,0.04894195236851883,0.6447781029189057,1.0,0.16439326826494896,0.5190847362879236,0.9994264970432628,0.0,3,False,False
ENSG00000102119,EMD,-0.46790960017870326,0.01865845665845325,0.6447781029189057,1.0,-0.12560242977273334,0.6218648865652536,0.9994264970432628,0.0,3,False,False
ENSG00000102471,NDFIP2,-0.46790960017870326,-0.13450602493595307,0.6447781029189057,1.0,-0.12413870928649119,0.705952063500815,0.9994264970432628,0.34932922604761124,3,False,False
ENSG00000104267,CA2,0.46790960017870326,0.08452261477020198,0.6447781029189057,1.0,0.22152973421561425,0.5254803128529096,0.9994264970432628,0.39596728860410624,2,False,False
ENSG00000104442,ARMC1,0.46790960017870326,-0.025352613113138096,0.6447781029189057,1.0,0.07798657919004404,0.7599450434852963,0.9994264970432628,0.0,3,False,False
ENSG00000105438,KDELR1,-0.46790960017870326,0.022918751408436945,0.6447781029189057,1.0,-0.07082668640915375,0.7972589384539375,0.9994264970432628,0.11516254345442058,2,False,False
ENSG00000112658,SRF,-0.46790960017870326,-0.3254783460995381,0.6447781029189057,1.0,-0.20394899967484012,0.5714211793302518,0.9994264970432628,0.45004651656347955,3,False,False
ENSG00000114098,ARMC8,0.46790960017870326,0.3019608561859806,0.6447781029189057,1.0,0.18815231525930873,0.4622659003724271,0.9994264970432628,0.0,2,False,False
ENSG00000116489,CAPZA1,0.46790960017870326,-0.11351015339669027,0.6447781029189057,1.0,-0.1386478324993769,0.662349140470553,0.9994264970432628,0.3035788945955878,3,False,False
ENSG00000116497,S100PBP,0.46790960017870326,-0.17600785416307885,0.6447781029189057,1.0,0.20857931577124353,0.64886681285627,0.9994264970432628,0.6249228945037295,2,False,False
ENSG00000117152,RGS4,-0.46790960017870326,-0.29545811560751256,0.6447781029189057,1.0,-0.06071623063676079,0.8119410594834772,0.9994264970432628,0.0,3,False,False
ENSG00000117450,PRDX1,0.46790960017870326,-0.06571787198546335,0.6447781029189057,1.0,0.17829677915807818,0.6541270794324857,0.9994264970432628,0.5191862360709646,2,False,False
ENSG00000118260,CREB1,-0.46790960017870326,-0.24111757590532562,0.6447781029189057,1.0,-0.18260418203819365,0.4751437126020197,0.9994264970432628,0.0,3,False,False
ENSG00000130826,DKC1,0.46790960017870326,0.004080505924704147,0.6447781029189057,1.0,0.13614912777711854,0.6024853728794453,0.9994264970432628,0.030653488804058094,3,False,False
ENSG00000131779,PEX11B,0.46790960017870326,0.2244281921289608,0.6447781029189057,1.0,0.2070323641967377,0.41518834552274564,0.9994264970432628,0.0,3,False,False
ENSG00000132821,VSTM2L,-0.46790960017870326,-0.2541345236115367,0.6447781029189057,1.0,-0.17960027405942686,0.47867019170557257,0.9994264970432628,0.0,4,False,False
ENSG00000133606,MKRN1,0.46790960017870326,0.07020189856869966,0.6447781029189057,1.0,0.15318227535840814,0.5816015016252774,0.9994264970432628,0.12637530565356847,2,False,False
ENSG00000133872,SARAF,0.46790960017870326,0.009627117946079396,0.6447781029189057,1.0,0.12540549209336538,0.6220350367439655,0.9994264970432628,0.0,2,False,False
ENSG00000134265,NAPG,-0.46790960017870326,-0.380403721609413,0.6447781029189057,1.0,-0.1308354008250263,0.6877598591677418,0.9994264970432628,0.33824919535422,2,False,False
ENSG00000134748,PRPF38A,-0.46790960017870326,-0.31449463258980875,0.6447781029189057,1.0,-0.211029097962864,0.4058636876894851,0.9994264970432628,0.0,3,False,False
ENSG00000135837,CEP350,0.46790960017870326,-0.02558641878185078,0.6447781029189057,1.0,0.12765991678072855,0.6166998869910116,0.9994264970432628,0.0,3,False,False
ENSG00000136709,WDR33,0.46790960017870326,-0.028307756042103352,0.6447781029189057,1.0,0.06240087914574283,0.8055865236783211,0.9994264970432628,0.0,3,False,False
ENSG00000138764,CCNG2,0.46790960017870326,0.16227609111623176,0.6447781029189057,1.0,0.10533662923503882,0.6778364359586939,0.9994264970432628,0.0,3,False,False
ENSG00000144746,ARL6IP5,0.46790960017870326,-0.08568237857753913,0.6447781029189057,1.0,0.13216257947776308,0.790266387135507,0.9994264970432628,0.6968904351904669,3,False,False
ENSG00000145087,STXBP5L,-0.46790960017870326,-0.04130764627315626,0.6447781029189057,1.0,-0.15746183366426073,0.7044247665843373,0.9994264970432628,0.5751873328201345,1,False,False
ENSG00000145675,PIK3R1,0.46790960017870326,-0.09581560124645902,0.6447781029189057,1.0,0.0736427787017598,0.7723801201176979,0.9994264970432628,0.0,2,False,False
ENSG00000146067,FAM193B,0.46790960017870326,0.22870090416340277,0.6447781029189057,1.0,0.15197367917023666,0.5492961804925867,0.9994264970432628,0.0,3,False,False
ENSG00000151490,PTPRO,0.46790960017870326,-0.03315976964941426,0.6447781029189057,1.0,0.09830643268657574,0.730146556941671,0.9994264970432628,0.1645297333435368,3,False,False
ENSG00000151491,EPS8,-0.46790960017870326,-0.11526883809182598,0.6447781029189057,1.0,-0.08542947586555877,0.7956905977119599,0.9994264970432628,0.35548815010930856,3,False,False
ENSG00000153815,CMIP,0.46790960017870326,0.3665978128532243,0.6447781029189057,1.0,0.13957614960246068,0.5823951656864266,0.9994264970432628,0.0,2,False,False
ENSG00000157020,SEC13,-0.46790960017870326,-0.024999748749456062,0.6447781029189057,1.0,-0.02124701327086931,0.9381971107852878,0.9994264970432628,0.10594563433324442,1,False,False
ENSG00000157895,C12orf43,-0.46790960017870326,-0.3777062672713685,0.6447781029189057,1.0,-0.12394624242674755,0.6973061687231836,0.9994264970432628,0.3129362462478692,3,False,False
ENSG00000158796,DEDD,-0.46790960017870326,-0.12111311029007742,0.6447781029189057,1.0,-0.1830797739565634,0.5082925264690572,0.9994264970432628,0.11854866131983341,3,False,False
ENSG00000160321,ZNF208,-0.46790960017870326,-0.2522092227696191,0.6447781029189057,1.0,-0.1541333385160353,0.54442181361501,0.9994264970432628,0.0,3,False,False
ENSG00000161526,SAP30BP,-0.46790960017870326,-0.24567591649813145,0.6447781029189057,1.0,-0.19349756435823318,0.5358625065618438,0.9994264970432628,0.282867264111156,2,False,False
ENSG00000162433,AK4,-0.46790960017870326,-0.040529898068834926,0.6447781029189057,1.0,-0.034471438711778914,0.8917041195382351,0.9994264970432628,0.0,3,False,False
ENSG00000162889,MAPKAPK2,-0.46790960017870326,-0.08060734301184201,0.6447781029189057,1.0,-0.09165101101557394,0.7185118680882803,0.9994264970432628,0.0,2,False,False
ENSG00000163939,PBRM1,0.46790960017870326,0.14250619164348607,0.6447781029189057,1.0,0.07408668129495087,0.7714094476048929,0.9994264970432628,0.0,2,False,False
ENSG00000165609,NUDT5,0.46790960017870326,-0.25377284599243194,0.6447781029189057,1.0,0.13658532703352408,0.7742169635751902,0.9994264970432628,0.669601893034394,3,False,False
ENSG00000167778,SPRYD3,-0.46790960017870326,-0.059223941319285524,0.6447781029189057,1.0,-0.097565201173931,0.7014115333290012,0.9994264970432628,0.0,3,False,False
ENSG00000168216,LMBRD1,-0.46790960017870326,-0.35866292766344376,0.6447781029189057,1.0,-0.11656211561409886,0.6473327493477647,0.9994264970432628,0.0,2,False,False
ENSG00000168883,USP39,-0.46790960017870326,-0.09233431306555921,0.6447781029189057,1.0,-0.21985565598698492,0.5906551558712698,0.9994264970432628,0.5536314294071059,3,False,False
ENSG00000169714,CNBP,0.46790960017870326,-0.13578924968718578,0.6447781029189057,1.0,0.07275054719304473,0.7749002714289344,0.9994264970432628,0.0,3,False,False
ENSG00000171988,JMJD1C,-0.46790960017870326,-0.0011769036080200373,0.6447781029189057,1.0,0.01583969075756823,0.9501247859635014,0.9994264970432628,0.0,1,False,False
ENSG00000184203,PPP1R2,-0.46790960017870326,-0.15438181002969964,0.6447781029189057,1.0,-0.11162472974939022,0.7389138891328633,0.9994264970432628,0.36727433936254983,3,False,False
ENSG00000196730,DAPK1,0.46790960017870326,0.12524920433067974,0.6447781029189057,1.0,0.17199747384685224,0.4986206229573481,0.9994264970432628,0.0,3,False,False
ENSG00000196914,ARHGEF12,0.46790960017870326,-0.01893012928625077,0.6447781029189057,1.0,0.052268099875455755,0.8372450211046439,0.9994264970432628,0.0,1,False,False
ENSG00000198168,SVIP,0.46790960017870326,-0.3759423007381137,0.6447781029189057,1.0,0.10587115695273541,0.820445174189403,0.9994264970432628,0.6591217775264949,3,False,False
ENSG00000203778,FAM229B,0.46790960017870326,0.09276414952019757,0.6447781029189057,1.0,0.19539929390789437,0.5969486464501248,0.9994264970432628,0.47576908383883654,3,False,False
ENSG00000203877,RIPPLY2,0.46790960017870326,-0.08729929805161106,0.6447781029189057,1.0,0.061451809260943964,0.8093585508415843,0.9994264970432628,0.0,1,False,False
ENSG00000227345,PARG,-0.46790960017870326,-0.15524489817148088,0.6447781029189057,1.0,-0.034709505771002576,0.8950656630030158,0.9994264970432628,0.04358721579046227,2,False,False
ENSG00000257923,CUX1,-0.46790960017870326,-0.1810446220184073,0.6447781029189057,1.0,-0.11032076171835044,0.6636464698265427,0.9994264970432628,0.0,3,False,False
ENSG00000102401,ARMCX3,-0.4610285766466635,-0.1136757063914062,0.6497187062512652,1.0,-0.1772024036575846,0.7340661307368457,0.9994264970432628,0.7219949248816353,2,False,False
ENSG00000104722,NEFM,0.4610285766466635,0.14361522650989492,0.6497187062512652,1.0,0.12648807795503064,0.6538477457550095,0.9994264970432628,0.14664103386633257,2,False,False
ENSG00000176410,DNAJC30,0.4610285766466635,-0.10114510500454657,0.6497187062512652,1.0,0.10583022932374221,0.6789603339577267,0.9994264970432628,0.0,3,False,False
ENSG00000182220,ATP6AP2,-0.4610285766466635,-0.023023378317481902,0.6497187062512652,1.0,0.03235075758191289,0.8991921374464288,0.9994264970432628,0.0,2,False,False
ENSG00000186310,NAP1L3,0.4610285766466635,0.17228268990721318,0.6497187062512652,1.0,0.15498312218538862,0.5434655981731168,0.9994264970432628,0.0,3,False,False
ENSG00000115310,RTN4,-0.45414755311462374,-0.06009924438939769,0.6546787553012643,1.0,-0.14531232896376625,0.7349989857675544,0.9994264970432628,0.600674627857995,2,False,False
ENSG00000129250,KIF1C,0.45414755311462374,-0.15318878144158832,0.6546787553012643,1.0,-0.05823693532315789,0.8187972428157972,0.9994264970432628,0.0,1,False,False
ENSG00000011566,MAP4K3,-0.45414755311462374,-0.22707919976702404,0.6546826304026515,1.0,-0.08041835387111967,0.7518618901573287,0.9994264970432628,0.0,1,False,False
ENSG00000050438,SLC4A8,0.45414755311462374,0.1956375433193455,0.6546826304026515,1.0,0.17145520637724357,0.6511139931839671,0.9994264970432628,0.4975102708519316,1,False,False
ENSG00000072501,SMC1A,-0.45414755311462374,-0.26388203218996364,0.6546826304026515,1.0,-0.19435125227537345,0.5802885685556054,0.9994264970432628,0.4172145775642038,2,False,False
ENSG00000075391,RASAL2,0.45414755311462374,0.24533293564714478,0.6546826304026515,1.0,0.12743395676599376,0.6181394457599292,0.9994264970432628,0.0,2,False,False
ENSG00000077235,GTF3C1,-0.45414755311462374,-0.11152921743777265,0.6546826304026515,1.0,-0.07853782707323011,0.7565935077087762,0.9994264970432628,0.0,3,False,False
ENSG00000100678,SLC8A3,0.45414755311462374,0.07008788049768988,0.6546826304026515,1.0,0.1450542999631986,0.567959780820514,0.9994264970432628,0.0,3,False,False
ENSG00000104765,BNIP3L,-0.45414755311462374,-0.29520601752788483,0.6546826304026515,1.0,-0.12736680295872393,0.6181463788762482,0.9994264970432628,0.0,3,False,False
ENSG00000105854,PON2,0.45414755311462374,-0.04998081114207065,0.6546826304026515,1.0,0.07626519621827829,0.8452548480720421,0.9994264970432628,0.5098126190348136,2,False,False
ENSG00000107745,MICU1,0.45414755311462374,-0.04785536494302377,0.6546826304026515,1.0,0.09346428171513227,0.7132612589992874,0.9994264970432628,0.0,2,False,False
ENSG00000108819,PPP1R9B,-0.45414755311462374,-0.12101421471435538,0.6546826304026515,1.0,-0.2100674790704398,0.4093589026157657,0.9994264970432628,0.0,3,False,False
ENSG00000109756,RAPGEF2,0.45414755311462374,0.14794480255504389,0.6546826304026515,1.0,0.1488977817349192,0.5588910806076894,0.9994264970432628,0.0,2,False,False
ENSG00000114019,AMOTL2,0.45414755311462374,0.02681973248204381,0.6546826304026515,1.0,0.1666513006336063,0.513859606439643,0.9994264970432628,0.0,3,False,False
ENSG00000114686,MRPL3,-0.45414755311462374,-0.45154841224708353,0.6546826304026515,1.0,-0.14800578728948593,0.5769834602275331,0.9994264970432628,0.05426343801728524,2,False,False
ENSG00000116649,SRM,-0.45414755311462374,-0.05234084336743709,0.6546826304026515,1.0,-0.06863683287026125,0.7869846120211046,0.9994264970432628,0.0,2,False,False
ENSG00000117691,NENF,0.45414755311462374,0.10030328993371865,0.6546826304026515,1.0,0.13989603983513135,0.5812918965598696,0.9994264970432628,0.0,4,False,False
ENSG00000119541,VPS4B,-0.45414755311462374,-0.12741492053548648,0.6546826304026515,1.0,-0.08041188195000558,0.7607135757272392,0.9994264970432628,0.04863353379030404,2,False,False
ENSG00000120594,PLXDC2,0.45414755311462374,-0.0784572693631461,0.6546826304026515,1.0,0.06562860492712778,0.7976996809618642,0.9994264970432628,0.0,2,False,False
ENSG00000122882,ECD,0.45414755311462374,0.24109599295706316,0.6546826304026515,1.0,0.10120738638357157,0.7763158501730916,0.9994264970432628,0.43700009640135606,1,False,False
ENSG00000123983,ACSL3,0.45414755311462374,-0.01697703780944594,0.6546826304026515,1.0,0.04332050653680648,0.8648132899274413,0.9994264970432628,0.0,2,False,False
ENSG00000125354,SEPTIN6,0.45414755311462374,-0.1160548237262206,0.6546826304026515,1.0,0.2478602217552476,0.6281239541945192,0.9994264970432628,0.6991253471726809,3,False,False
ENSG00000131165,CHMP1A,-0.45414755311462374,-0.18918884447182754,0.6546826304026515,1.0,-0.1986711537352762,0.43735881026936074,0.9994264970432628,0.0,2,False,False
ENSG00000134982,APC,-0.45414755311462374,-0.27900992909401634,0.6546826304026515,1.0,-0.08101850938620488,0.7507604832142103,0.9994264970432628,0.0,3,False,False
ENSG00000136940,PDCL,0.45414755311462374,0.04688381686929718,0.6546826304026515,1.0,0.045850739377050184,0.8566285267009544,0.9994264970432628,0.0,2,False,False
ENSG00000137210,TMEM14B,0.45414755311462374,-0.0935535810573148,0.6546826304026515,1.0,0.14222080169976428,0.6667590348512202,0.9994264970432628,0.3489438851855022,3,False,False
ENSG00000137845,ADAM10,0.45414755311462374,0.029050644726731484,0.6546826304026515,1.0,0.08806757178391147,0.7293548986008677,0.9994264970432628,0.0,3,False,False
ENSG00000138326,RPS24,-0.45414755311462374,-0.18606925002637556,0.6546826304026515,1.0,-0.10365225909230961,0.7058542624493525,0.9994264970432628,0.10936872009182072,1,False,False
ENSG00000138413,IDH1,-0.45414755311462374,-0.14192349577819435,0.6546826304026515,1.0,-0.08530887530695354,0.7380383889204902,0.9994264970432628,0.0,2,False,False
ENSG00000140259,MFAP1,-0.45414755311462374,-0.0864193182918718,0.6546826304026515,1.0,-0.06837775293494476,0.7874959724698716,0.9994264970432628,0.0,2,False,False
ENSG00000142507,PSMB6,0.45414755311462374,0.05206445464069817,0.6546826304026515,1.0,0.15212801814365393,0.5520192594473412,0.9994264970432628,0.0,3,False,False
ENSG00000142875,PRKACB,-0.45414755311462374,-0.16861940098157419,0.6546826304026515,1.0,-0.04008571981325155,0.9141640644931665,0.9994264970432628,0.48149045478844255,1,False,False
ENSG00000148337,CIZ1,0.45414755311462374,0.28538541803358636,0.6546826304026515,1.0,0.17245471163034765,0.639190394187581,0.9994264970432628,0.4657264377592655,2,False,False
ENSG00000150938,CRIM1,-0.45414755311462374,-0.3132161560146052,0.6546826304026515,1.0,-0.20897387682312615,0.4153616651387213,0.9994264970432628,0.0,2,False,False
ENSG00000158470,B4GALT5,-0.45414755311462374,0.0559032553043159,0.6546826304026515,1.0,-0.11180086148050387,0.6615951911789331,0.9994264970432628,0.0,3,False,False
ENSG00000162188,GNG3,0.45414755311462374,-0.0079069164271943,0.6546826304026515,1.0,0.07368231763382573,0.771984619956164,0.9994264970432628,0.0,3,False,False
ENSG00000162545,CAMK2N1,0.45414755311462374,-0.08621283308965451,0.6546826304026515,1.0,-0.024794961770856844,0.9249193924484214,0.9994264970432628,0.04442551524713099,2,False,False
ENSG00000164916,FOXK1,0.45414755311462374,0.1983655582053587,0.6546826304026515,1.0,0.1760822299558283,0.4878062172759282,0.9994264970432628,0.0,3,False,False
ENSG00000164934,DCAF13,-0.45414755311462374,-0.23271689825109904,0.6546826304026515,1.0,-0.17814408947443208,0.4865453830316834,0.9994264970432628,0.0,2,False,False
ENSG00000165338,HECTD2,-0.45414755311462374,-0.14725577380477967,0.6546826304026515,1.0,-0.14046031892553948,0.6294187003015259,0.9994264970432628,0.1888515053149202,2,False,False
ENSG00000165566,AMER2,0.45414755311462374,-0.05069585142382465,0.6546826304026515,1.0,0.04908299778397696,0.8467799716358664,0.9994264970432628,0.0,3,False,False
ENSG00000167323,STIM1,0.45414755311462374,0.03261295541975513,0.6546826304026515,1.0,0.10180191417276628,0.7418544017973124,0.9994264970432628,0.2736136634119395,2,False,False
ENSG00000167657,DAPK3,-0.45414755311462374,-0.012294535518254322,0.6546826304026515,1.0,-0.12434718164755,0.6272050230244164,0.9994264970432628,0.0,2,False,False
ENSG00000171163,ZNF692,0.45414755311462374,-0.04461488204452459,0.6546826304026515,1.0,0.10456121543126166,0.7934613032024851,0.9994264970432628,0.5441537962682783,2,False,False
ENSG00000181789,COPG1,-0.45414755311462374,-0.16266266686435116,0.6546826304026515,1.0,-0.11428001550973442,0.6548990302211628,0.9994264970432628,0.0,2,False,False
ENSG00000182446,NPLOC4,-0.45414755311462374,-0.08527242289629981,0.6546826304026515,1.0,-0.0953943385534605,0.7077178479931757,0.9994264970432628,0.0,2,False,False
ENSG00000182870,GALNT9,0.45414755311462374,0.13774503631932705,0.6546826304026515,1.0,0.08753714246750076,0.7303823096877273,0.9994264970432628,0.0,3,False,False
ENSG00000183111,ARHGEF37,0.45414755311462374,-0.00875833532776152,0.6546826304026515,1.0,0.0785012369553489,0.757229528872396,0.9994264970432628,0.0,2,False,False
ENSG00000184752,NDUFA12,0.45414755311462374,0.19456678328722268,0.6546826304026515,1.0,0.1466500583485316,0.5642176875003418,0.9994264970432628,0.0,2,False,False
ENSG00000185559,DLK1,0.45414755311462374,-0.3366873460821863,0.6546826304026515,1.0,-0.012963725143725896,0.9594205740205836,0.9994264970432628,0.0,3,False,False
ENSG00000185742,C11orf87,0.45414755311462374,-0.10071597450622703,0.6546826304026515,1.0,0.011228838157738378,0.9647629881243647,0.9994264970432628,0.0,3,False,False
ENSG00000186184,POLR1D,0.45414755311462374,-0.04805249031809733,0.6546826304026515,1.0,0.0710072003496809,0.779481644314751,0.9994264970432628,0.0,2,False,False
ENSG00000196510,ANAPC7,0.45414755311462374,0.21566878319126487,0.6546826304026515,1.0,0.19434294635724106,0.44425299410162256,0.9994264970432628,0.0,4,False,False
ENSG00000196642,RABL6,-0.45414755311462374,-0.10977966697190382,0.6546826304026515,1.0,-0.16444789074889188,0.6211214735461512,0.9994264970432628,0.3623019642730392,3,False,False
ENSG00000196876,SCN8A,0.45414755311462374,0.2438572142422087,0.6546826304026515,1.0,0.14571602323436142,0.5653488843004094,0.9994264970432628,0.0,3,False,False
ENSG00000198663,C6orf89,0.45414755311462374,0.07632674425133815,0.6546826304026515,1.0,0.07369707931768904,0.771669668323683,0.9994264970432628,0.0,3,False,False
ENSG00000237765,FAM200B,-0.45414755311462374,-0.6309042005376013,0.6546826304026515,1.0,-0.1479635629867239,0.6229195667699317,0.9994264970432628,0.23895153574501457,2,False,False
ENSG00000180354,MTURN,0.447266529582584,0.2174373367490595,0.6596502661919222,1.0,0.19623212914366495,0.4389938616630136,0.9994264970432628,0.0,4,False,False
ENSG00000109180,OCIAD1,0.447266529582584,0.3720644444774811,0.6596540934756033,1.0,0.12149258837099014,0.7217729526532011,0.9994264970432628,0.3817558251701346,3,False,False
ENSG00000125779,PANK2,0.447266529582584,0.07012680868288705,0.6596540934756033,1.0,0.2035222565373663,0.4272101329766185,0.9994264970432628,0.0,3,False,False
ENSG00000163625,WDFY3,-0.447266529582584,-0.2519993994476128,0.6596540934756033,1.0,-0.07278949262417897,0.7761078998344108,0.9994264970432628,0.0,3,False,False
ENSG00000179222,MAGED1,-0.447266529582584,-0.3861510260030686,0.6596540934756033,1.0,-0.07050046780212058,0.8306711638910759,0.9994264970432628,0.35005514671921256,1,False,False
ENSG00000186468,RPS23,0.447266529582584,-0.08232804455008333,0.6596540934756033,1.0,0.008048580501804927,0.9748046876208317,0.9994264970432628,0.0,2,False,False
ENSG00000022840,RNF10,0.4403855060505443,-0.1115972000512395,0.6646483103020157,1.0,-0.044368343361797645,0.8632514763668473,0.9994264970432628,0.01025469909112794,2,False,False
ENSG00000025156,HSF2,-0.4403855060505443,-0.22626356720840834,0.6646483103020157,1.0,-0.09861639449475082,0.7493938463685981,0.9994264970432628,0.2730537501228503,2,False,False
ENSG00000028528,SNX1,0.4403855060505443,-0.020608717647722298,0.6646483103020157,1.0,0.015802075106856682,0.9502140976752268,0.9994264970432628,0.0,2,False,False
ENSG00000073910,FRY,0.4403855060505443,0.026007168397886766,0.6646483103020157,1.0,0.05658465155424508,0.8232582692922106,0.9994264970432628,0.0,3,False,False
ENSG00000080503,SMARCA2,0.4403855060505443,-0.2642554550089917,0.6646483103020157,1.0,-0.016533663028602905,0.9511456303980802,0.9994264970432628,0.08382445893449508,2,False,False
ENSG00000082458,DLG3,-0.4403855060505443,0.14692006821405984,0.6646483103020157,1.0,0.2032024304801865,0.4243585268304527,0.9994264970432628,0.0,2,False,False
ENSG00000092199,HNRNPC,-0.4403855060505443,-0.5745193011069332,0.6646483103020157,1.0,-0.16612640165147252,0.6623013345059117,0.9994264970432628,0.4995807635443946,2,False,False
ENSG00000099864,PALM,0.4403855060505443,0.15965424471455397,0.6646483103020157,1.0,0.10453452334572941,0.6803376015203415,0.9994264970432628,0.0,3,False,False
ENSG00000100099,HPS4,0.4403855060505443,0.11685904779211607,0.6646483103020157,1.0,0.13384414627042557,0.5975592276029489,0.9994264970432628,0.0,3,False,False
ENSG00000106701,FSD1L,-0.4403855060505443,-0.16134566297504396,0.6646483103020157,1.0,-0.05938268767913058,0.8524517582308823,0.9994264970432628,0.3058586075170638,2,False,False
ENSG00000111962,UST,0.4403855060505443,0.0031030807701999713,0.6646483103020157,1.0,0.0879166602265172,0.7302760231968008,0.9994264970432628,0.0,2,False,False
ENSG00000113441,LNPEP,-0.4403855060505443,-0.042291750034988626,0.6646483103020157,1.0,-0.08793601986397102,0.7310030114004162,0.9994264970432628,0.0,2,False,False
ENSG00000114923,SLC4A3,-0.4403855060505443,-0.24899206447500177,0.6646483103020157,1.0,-0.13086113465754876,0.6076377843742979,0.9994264970432628,0.0,2,False,False
ENSG00000115239,ASB3,-0.4403855060505443,-0.05160679526183719,0.6646483103020157,1.0,-0.17723295871798042,0.4860388341887869,0.9994264970432628,0.0,3,False,False
ENSG00000115806,GORASP2,0.4403855060505443,0.060284700793677745,0.6646483103020157,1.0,0.08009774982637956,0.7520955653758459,0.9994264970432628,0.0,2,False,False
ENSG00000125746,EML2,-0.4403855060505443,0.011767496409308638,0.6646483103020157,1.0,-0.06346891035753348,0.8023402134165063,0.9994264970432628,0.0,2,False,False
ENSG00000125818,PSMF1,-0.4403855060505443,-0.2632161049116895,0.6646483103020157,1.0,-0.06898680612425119,0.836836350358066,0.9994264970432628,0.37294471810299534,2,False,False
ENSG00000126653,NSRP1,0.4403855060505443,0.1005839476871874,0.6646483103020157,1.0,0.14847356183109728,0.5579182294519671,0.9994264970432628,0.0,4,False,False
ENSG00000135069,PSAT1,0.4403855060505443,0.07125613124698031,0.6646483103020157,1.0,0.12229671905202846,0.630380391918155,0.9994264970432628,0.0,3,False,False
ENSG00000135932,CAB39,-0.4403855060505443,-0.08088560624034755,0.6646483103020157,1.0,-0.10408148811551897,0.683498992546872,0.9994264970432628,0.0,2,False,False
ENSG00000136159,NUDT15,-0.4403855060505443,-0.41829032342030975,0.6646483103020157,1.0,-0.21409122715922824,0.4016325796859669,0.9994264970432628,0.0,3,False,False
ENSG00000136942,RPL35,-0.4403855060505443,-0.1509176874379167,0.6646483103020157,1.0,-0.06101912805082809,0.8106337774385356,0.9994264970432628,0.0,2,False,False
ENSG00000137996,RTCA,0.4403855060505443,0.19326471559381908,0.6646483103020157,1.0,0.10334834516618512,0.6848804112277969,0.9994264970432628,0.0,3,False,False
ENSG00000138459,SLC35A5,0.4403855060505443,-0.18120153930403426,0.6646483103020157,1.0,2.076374090646605e-06,0.9999945291615643,0.9999945291615643,0.24785201341516175,3,False,False
ENSG00000138760,SCARB2,-0.4403855060505443,-0.26172278156183904,0.6646483103020157,1.0,-0.114311112673979,0.6549589330396727,0.9994264970432628,0.0,3,False,False
ENSG00000141456,PELP1,0.4403855060505443,0.017790373713034872,0.6646483103020157,1.0,0.052985901056205584,0.8342408710079969,0.9994264970432628,0.0,2,False,False
ENSG00000144357,UBR3,-0.4403855060505443,0.030316259280876327,0.6646483103020157,1.0,-0.03506324080397489,0.890089698583859,0.9994264970432628,0.0,3,False,False
ENSG00000149547,EI24,0.4403855060505443,-0.040078817024319785,0.6646483103020157,1.0,0.15951809108119377,0.6761683494132282,0.9994264970432628,0.5072805894001792,2,False,False
ENSG00000151612,ZNF827,0.4403855060505443,-0.13952164281080937,0.6646483103020157,1.0,-0.006839862892541542,0.9785989639262798,0.9994264970432628,0.0,2,False,False
ENSG00000156931,VPS8,-0.4403855060505443,-0.14387877121757447,0.6646483103020157,1.0,-0.36386089708137886,0.5386674729563272,0.9994264970432628,0.745159674967443,2,False,False
ENSG00000158195,WASF2,0.4403855060505443,-0.08066563582883537,0.6646483103020157,1.0,0.037914324984905004,0.8818902684895032,0.9994264970432628,0.0,2,False,False
ENSG00000160551,TAOK1,-0.4403855060505443,-0.18026513725321885,0.6646483103020157,1.0,-0.05699124431238781,0.8235862004495569,0.9994264970432628,0.0,2,False,False
ENSG00000161057,PSMC2,-0.4403855060505443,-0.1376775550678804,0.6646483103020157,1.0,-0.07459453865971055,0.7688777007234272,0.9994264970432628,0.0,2,False,False
ENSG00000161082,CELF5,0.4403855060505443,0.07427184838967466,0.6646483103020157,1.0,0.08616464603049351,0.7355235204994885,0.9994264970432628,0.0,3,False,False
ENSG00000162512,SDC3,0.4403855060505443,0.12090274454076946,0.6646483103020157,1.0,0.07940055672311529,0.7544638234226977,0.9994264970432628,0.0,3,False,False
ENSG00000163214,DHX57,-0.4403855060505443,0.39557444470075404,0.6646483103020157,1.0,-0.18246663872685523,0.670075483772465,0.9994264970432628,0.5964257420137072,3,False,False
ENSG00000163596,ICA1L,-0.4403855060505443,-0.026540265778559495,0.6646483103020157,1.0,-0.04874931732714359,0.8472961088575298,0.9994264970432628,0.0,3,False,False
ENSG00000163697,APBB2,0.4403855060505443,0.17426690036159617,0.6646483103020157,1.0,0.00162906881199503,0.996824069790953,0.9994264970432628,0.557345722441224,2,False,False
ENSG00000164106,SCRG1,0.4403855060505443,0.1364542203073561,0.6646483103020157,1.0,0.06290123528972318,0.8052420986761406,0.9994264970432628,0.0,2,False,False
ENSG00000166747,AP1G1,-0.4403855060505443,-0.08037909629915416,0.6646483103020157,1.0,-0.05802297890096372,0.8206825127311599,0.9994264970432628,0.0,2,False,False
ENSG00000168461,RAB31,0.4403855060505443,0.0732221676822153,0.6646483103020157,1.0,0.045435544330901134,0.8578200058511524,0.9994264970432628,0.0,3,False,False
ENSG00000168993,CPLX1,0.4403855060505443,0.03361215398545644,0.6646483103020157,1.0,0.05954868156615867,0.870526617392579,0.9994264970432628,0.46160426297153484,1,False,False
ENSG00000174165,ZDHHC24,-0.4403855060505443,0.17749835229892158,0.6646483103020157,1.0,-0.08124063146459494,0.7990835871549149,0.9994264970432628,0.31594832245861165,3,False,False
ENSG00000174775,HRAS,-0.4403855060505443,-0.2642253124832691,0.6646483103020157,1.0,-0.22693742982567164,0.3717582770692045,0.9994264970432628,0.0,4,False,False
ENSG00000176340,COX8A,0.4403855060505443,-0.10458416933919536,0.6646483103020157,1.0,0.1107091503977814,0.6868842442080146,0.9994264970432628,0.10996766374489328,3,False,False
ENSG00000176946,THAP4,0.4403855060505443,0.19005830771796653,0.6646483103020157,1.0,-0.048066905600542865,0.9183481759823232,0.9994264970432628,0.6451799433516345,2,False,False
ENSG00000185008,ROBO2,-0.4403855060505443,-0.04135107597620011,0.6646483103020157,1.0,-0.37128799156306863,0.44285060259551257,0.9994264970432628,0.6562798445308261,2,False,False
ENSG00000186298,PPP1CC,0.4403855060505443,0.0828876331003635,0.6646483103020157,1.0,0.11016474530875268,0.7305229096295347,0.9994264970432628,0.3180625898467122,3,False,False
ENSG00000188229,TUBB4B,0.4403855060505443,0.06250895270563396,0.6646483103020157,1.0,0.1275064562415107,0.6148632427519581,0.9994264970432628,0.0,3,False,False
ENSG00000188895,MSL1,0.4403855060505443,-0.003303834119312713,0.6646483103020157,1.0,0.11490677007559948,0.6520474694673961,0.9994264970432628,0.0,3,False,False
ENSG00000196781,TLE1,0.4403855060505443,-0.09079828894996994,0.6646483103020157,1.0,0.2219861762292867,0.625558451447673,0.9994264970432628,0.6165961724570826,2,False,False
ENSG00000197111,PCBP2,-0.4403855060505443,-0.095989430767294,0.6646483103020157,1.0,-0.07187534296590695,0.7765989667213872,0.9994264970432628,0.0,3,False,False
ENSG00000211460,TSN,-0.4403855060505443,-0.11102612257526115,0.6646483103020157,1.0,0.03404381119536664,0.8934902803420101,0.9994264970432628,0.0,2,False,False
ENSG00000092841,MYL6,0.4335044825185045,0.12503379620945637,0.6696498785031235,1.0,0.18200691555797857,0.47376222223291764,0.9994264970432628,0.0,3,False,False
ENSG00000175203,DCTN2,-0.4335044825185045,-0.1732099043732134,0.6696498785031235,1.0,-0.11718492061796512,0.6461977782043979,0.9994264970432628,0.0,3,False,False
ENSG00000170027,YWHAG,0.42662345898646475,0.05227840933289562,0.6746368128302711,1.0,0.09988253086212664,0.7366523165925442,0.9994264970432628,0.2169859861413819,2,False,False
ENSG00000145494,NDUFS6,0.42662345898646475,0.04984935857601959,0.6746699410148368,1.0,0.20814718674062688,0.41489105435902385,0.9994264970432628,0.0,3,False,False
ENSG00000008513,ST3GAL1,-0.42662345898646475,-0.127216297366419,0.6746736213005277,1.0,-0.29888126779854657,0.4559765723065835,0.9994264970432628,0.5274912019273484,2,False,False
ENSG00000025039,RRAGD,-0.42662345898646475,-0.28531054716048027,0.6746736213005277,1.0,-0.04285070270461997,0.9091979312065297,0.9994264970432628,0.4804897847851697,1,False,False
ENSG00000084112,SSH1,0.42662345898646475,-0.06763822161809649,0.6746736213005277,1.0,0.09926662507072691,0.6971765797518211,0.9994264970432628,0.0,2,False,False
ENSG00000095380,NANS,0.42662345898646475,0.15449090436755392,0.6746736213005277,1.0,0.1918648593207754,0.45176753472341913,0.9994264970432628,0.0,3,False,False
ENSG00000100528,CNIH1,0.42662345898646475,-0.16513254197089294,0.6746736213005277,1.0,0.07400976934776769,0.8339917995036756,0.9994264970432628,0.4310397462685682,2,False,False
ENSG00000100997,ABHD12,-0.42662345898646475,-0.24070551152830347,0.6746736213005277,1.0,-0.2543319372881673,0.5953814833345954,0.9994264970432628,0.6586170565659718,3,False,False
ENSG00000101190,TCFL5,0.42662345898646475,-0.1002618298098438,0.6746736213005277,1.0,0.10584644235707137,0.7371789536063555,0.9994264970432628,0.30100143597971796,3,False,False
ENSG00000101974,ATP11C,-0.42662345898646475,-0.22386641839420923,0.6746736213005277,1.0,-0.12840766175370547,0.7414406813518322,0.9994264970432628,0.5191219034573886,2,False,False
ENSG00000102900,NUP93,-0.42662345898646475,-0.15899096821113817,0.6746736213005277,1.0,-0.050480794421047845,0.8427478777301233,0.9994264970432628,0.0,3,False,False
ENSG00000103460,TOX3,0.42662345898646475,-0.12424039237321136,0.6746736213005277,1.0,0.14950326284733745,0.5571126829686346,0.9994264970432628,0.0,3,False,False
ENSG00000104388,RAB2A,0.42662345898646475,-0.14856928645901016,0.6746736213005277,1.0,0.08313274916883294,0.7715909939127399,0.9994264970432628,0.168746466108469,3,False,False
ENSG00000104447,TRPS1,0.42662345898646475,0.014043626485235949,0.6746736213005277,1.0,0.034254905694033166,0.8933324967343208,0.9994264970432628,0.0,2,False,False
ENSG00000108406,DHX40,0.42662345898646475,-0.1844408206959611,0.6746736213005277,1.0,0.03459948129842405,0.8921453060169204,0.9994264970432628,0.0,3,False,False
ENSG00000108551,RASD1,0.42662345898646475,0.20275599609827727,0.6746736213005277,1.0,0.11056055522826962,0.6626762967566754,0.9994264970432628,0.0,3,False,False
ENSG00000108588,CCDC47,0.42662345898646475,-0.2112815552662397,0.6746736213005277,1.0,0.033043689533031294,0.9265387768784867,0.9994264970432628,0.43045436384752095,2,False,False
ENSG00000110888,CAPRIN2,-0.42662345898646475,-0.32536452303980234,0.6746736213005277,1.0,-0.1070976732937976,0.8271199189551723,0.9994264970432628,0.6874001465143184,2,False,False
ENSG00000111249,CUX2,0.42662345898646475,-0.21104444088919874,0.6746736213005277,1.0,-0.04341603210494378,0.8904147460578105,0.9994264970432628,0.29707564100608314,2,False,False
ENSG00000112308,C6orf62,-0.42662345898646475,-0.06392085068780629,0.6746736213005277,1.0,-0.11486091381712202,0.6535862342798711,0.9994264970432628,0.0,2,False,False
ENSG00000112874,NUDT12,-0.42662345898646475,-0.21097973625864527,0.6746736213005277,1.0,-0.06192983505982351,0.9154486797281642,0.9994264970432628,0.7692742247973823,2,False,False
ENSG00000118965,WDR35,-0.42662345898646475,-0.09859030636328656,0.6746736213005277,1.0,-0.09142878158806773,0.7186686047174785,0.9994264970432628,0.0,2,False,False
ENSG00000128482,RNF112,-0.42662345898646475,-0.41923043250689457,0.6746736213005277,1.0,0.07885701796531887,0.8650985036254192,0.9994264970432628,0.6375101861830949,2,False,False
ENSG00000131495,NDUFA2,-0.42662345898646475,-0.3328265854691802,0.6746736213005277,1.0,-0.09125646433800015,0.7205197693654029,0.9994264970432628,0.0,2,False,False
ENSG00000132563,REEP2,-0.42662345898646475,-0.07547934504977928,0.6746736213005277,1.0,-0.11950707899692681,0.6389397281558553,0.9994264970432628,0.0,3,False,False
ENSG00000134186,PRPF38B,0.42662345898646475,0.009044046235122925,0.6746736213005277,1.0,0.10255022886238814,0.6864050084641959,0.9994264970432628,0.0,2,False,False
ENSG00000135472,FAIM2,0.42662345898646475,0.1106233331874329,0.6746736213005277,1.0,0.10223030648257393,0.6892766660224134,0.9994264970432628,0.0,2,False,False
ENSG00000136280,CCM2,0.42662345898646475,0.32637294719249144,0.6746736213005277,1.0,0.06617673061960401,0.8301367818739066,0.9994264970432628,0.26580404185746825,2,False,False
ENSG00000136383,ALPK3,0.42662345898646475,0.1519907702272781,0.6746736213005277,1.0,0.0946442312706558,0.7613537652496136,0.9994264970432628,0.2848759109080198,2,False,False
ENSG00000143612,C1orf43,0.42662345898646475,-0.20412940160922477,0.6746736213005277,1.0,0.020919470451100434,0.937695271437145,0.9994264970432628,0.07015107313663187,2,False,False
ENSG00000144815,NXPE3,0.42662345898646475,-0.08644002645951297,0.6746736213005277,1.0,-0.0007832805413656564,0.9975329061735868,0.9994264970432628,0.0,3,False,False
ENSG00000144827,ABHD10,-0.42662345898646475,-0.14535407382479731,0.6746736213005277,1.0,-0.1017691356732443,0.6904936799936,0.9994264970432628,0.0,3,False,False
ENSG00000147419,CCDC25,0.42662345898646475,-0.07497959439358759,0.6746736213005277,1.0,0.10171964671159384,0.7992119341429524,0.9994264970432628,0.5481097523186517,2,False,False
ENSG00000147475,ERLIN2,0.42662345898646475,-0.00023461953856261807,0.6746736213005277,1.0,0.09162243995012197,0.7863102617469397,0.9994264970432628,0.38000306818120333,3,False,False
ENSG00000148634,HERC4,0.42662345898646475,-0.08537337005950953,0.6746736213005277,1.0,0.09472515850840985,0.7113895266435002,0.9994264970432628,0.0,3,False,False
ENSG00000159363,ATP13A2,0.42662345898646475,0.14155668254257522,0.6746736213005277,1.0,0.10321080176219849,0.6842907753069416,0.9994264970432628,0.0,2,False,False
ENSG00000162105,SHANK2,0.42662345898646475,0.223618522996516,0.6746736213005277,1.0,0.04972759451013275,0.879181566529529,0.9994264970432628,0.344394936667463,2,False,False
ENSG00000165732,DDX21,-0.42662345898646475,-0.1516408108421711,0.6746736213005277,1.0,-0.14144021081438998,0.5808341761464333,0.9994264970432628,0.0,3,False,False
ENSG00000165868,HSPA12A,-0.42662345898646475,-0.13559233912948443,0.6746736213005277,1.0,-0.1679641500654696,0.6264816666661941,0.9994264970432628,0.3939426359557597,3,False,False
ENSG00000166562,SEC11C,0.42662345898646475,-0.08786864712712886,0.6746736213005277,1.0,0.04066015186408803,0.9008521207819524,0.9994264970432628,0.33833742086968743,2,False,False
ENSG00000167685,ZNF444,-0.42662345898646475,-0.13190362017343227,0.6746736213005277,1.0,-0.025496991314257762,0.9278855827492745,0.9994264970432628,0.14825685830252458,2,False,False
ENSG00000171766,GATM,0.42662345898646475,0.12006310820451055,0.6746736213005277,1.0,0.10170465332318425,0.6913230173500363,0.9994264970432628,0.0,2,False,False
ENSG00000177189,RPS6KA3,-0.42662345898646475,0.014161071522820272,0.6746736213005277,1.0,-0.03929387423256034,0.8769989675199903,0.9994264970432628,0.0,3,False,False
ENSG00000184117,NIPSNAP1,-0.42662345898646475,-0.024199896940985042,0.6746736213005277,1.0,-0.16114925938683916,0.6509908640891983,0.9994264970432628,0.421095150782691,3,False,False
ENSG00000184432,COPB2,-0.42662345898646475,-0.06935414916443611,0.6746736213005277,1.0,-0.05229064664762664,0.8363569178648719,0.9994264970432628,0.0,2,False,False
ENSG00000185909,KLHDC8B,-0.42662345898646475,-0.18237041770548226,0.6746736213005277,1.0,-0.07301486624173142,0.77540396591704,0.9994264970432628,0.0,2,False,False
ENSG00000196361,ELAVL3,0.42662345898646475,0.0428724067019347,0.6746736213005277,1.0,0.09634287801873834,0.7038936114266896,0.9994264970432628,0.0,2,False,False
ENSG00000247556,OIP5-AS1,-0.42662345898646475,0.023406332161561398,0.6746736213005277,1.0,-0.011517749243007143,0.9639949987923184,0.9994264970432628,0.0,3,False,False
ENSG00000255248,MIR100HG,0.42662345898646475,-0.2802197465650389,0.6746736213005277,1.0,0.12230290983171398,0.7715240601411412,0.9994264970432628,0.584500030448264,3,False,False
ENSG00000142168,SOD1,0.41286141192238524,0.12381086292955251,0.6847534304225715,1.0,0.1593528762230623,0.5304167356464774,0.9994264970432628,0.0,3,False,False
ENSG00000006740,ARHGAP44,0.41286141192238524,0.1997428769916162,0.6847570103260855,1.0,0.11996358345828982,0.6370865574179052,0.9994264970432628,0.0,3,False,False
ENSG00000091428,RAPGEF4,0.41286141192238524,-0.18392547942842621,0.6847570103260855,1.0,0.04102550917259995,0.8724558473558506,0.9994264970432628,0.0,3,False,False
ENSG00000100221,JOSD1,0.41286141192238524,0.15888816223743196,0.6847570103260855,1.0,0.14127699380236972,0.7649453337232703,0.9994264970432628,0.6682100262792193,3,False,False
ENSG00000101460,MAP1LC3A,0.41286141192238524,0.12403306847449212,0.6847570103260855,1.0,0.08927787556180752,0.725000817350673,0.9994264970432628,0.0,3,False,False
ENSG00000104884,ERCC2,0.41286141192238524,0.15299276570743503,0.6847570103260855,1.0,0.10737013268518919,0.7787933058572376,0.9994264970432628,0.4954798991555769,2,False,False
ENSG00000106123,EPHB6,-0.41286141192238524,-0.370007099911697,0.6847570103260855,1.0,-0.12336806383543397,0.7458164866916379,0.9994264970432628,0.4972895380914331,2,False,False
ENSG00000106443,PHF14,-0.41286141192238524,-0.22318905773733147,0.6847570103260855,1.0,-0.1799430433500687,0.613927395135771,0.9994264970432628,0.4363509932804248,2,False,False
ENSG00000116918,TSNAX,-0.41286141192238524,-0.3100299851664926,0.6847570103260855,1.0,-0.12351551088132458,0.6712022229561112,0.9994264970432628,0.19153334872829766,2,False,False
ENSG00000118680,MYL12B,-0.41286141192238524,-0.20284473669641995,0.6847570103260855,1.0,-0.12368052599883327,0.6277354418357495,0.9994264970432628,0.0,2,False,False
ENSG00000128524,ATP6V1F,-0.41286141192238524,-0.13934147669208266,0.6847570103260855,1.0,-0.13374481336877367,0.5990655244348471,0.9994264970432628,0.0,3,False,False
ENSG00000130714,POMT1,0.41286141192238524,-0.045370028052781425,0.6847570103260855,1.0,0.1253620340570583,0.7370396554800493,0.9994264970432628,0.4698618916643908,2,False,False
ENSG00000131236,CAP1,0.41286141192238524,-0.1884568565041203,0.6847570103260855,1.0,-0.08602885082757299,0.81722309461172,0.9994264970432628,0.47886315685623076,3,False,False
ENSG00000133935,ERG28,0.41286141192238524,0.008322453242727724,0.6847570103260855,1.0,0.04845766568853547,0.8487646986308993,0.9994264970432628,0.0,2,False,False
ENSG00000134001,EIF2S1,0.41286141192238524,-0.32487185340661545,0.6847570103260855,1.0,0.10664889958608557,0.7606306606256263,0.9994264970432628,0.420380363894093,3,False,False
ENSG00000134533,RERG,-0.41286141192238524,-0.09224777526453333,0.6847570103260855,1.0,-0.033481138093857554,0.8993853110311288,0.9994264970432628,0.05442016036761613,2,False,False
ENSG00000134759,ELP2,0.41286141192238524,-0.05462780024673667,0.6847570103260855,1.0,-0.0047589420948555014,0.9850930175563846,0.9994264970432628,0.0,2,False,False
ENSG00000135655,USP15,0.41286141192238524,0.04625233428577908,0.6847570103260855,1.0,0.15748428447831042,0.537558847975572,0.9994264970432628,0.0,2,False,False
ENSG00000135778,NTPCR,0.41286141192238524,-0.11811367088911784,0.6847570103260855,1.0,0.015699158751143152,0.9506771845072677,0.9994264970432628,0.0,3,False,False
ENSG00000136717,BIN1,-0.41286141192238524,-0.29125809496008953,0.6847570103260855,1.0,-0.13142918255589842,0.6066910789659961,0.9994264970432628,0.0,2,False,False
ENSG00000136828,RALGPS1,-0.41286141192238524,-0.27529010959761135,0.6847570103260855,1.0,-0.08437135781530009,0.8491994742956499,0.9994264970432628,0.6253931998035294,3,False,False
ENSG00000137171,KLC4,-0.41286141192238524,-0.20632640584963544,0.6847570103260855,1.0,-0.2427645682742778,0.34160284026621945,0.9994264970432628,0.0,3,False,False
ENSG00000137776,SLTM,0.41286141192238524,-0.24118626770700202,0.6847570103260855,1.0,0.09526518254531956,0.7689279774762219,0.9994264970432628,0.3250762648116474,2,False,False
ENSG00000141002,TCF25,0.41286141192238524,0.16269611022544941,0.6847570103260855,1.0,0.12856668941433522,0.6118266091295184,0.9994264970432628,0.0,3,False,False
ENSG00000141562,NARF,-0.41286141192238524,-0.09825305268923348,0.6847570103260855,1.0,-0.029385892230154104,0.9082221610773265,0.9994264970432628,0.0,1,False,False
ENSG00000142192,APP,0.41286141192238524,0.07713335485273387,0.6847570103260855,1.0,0.1847771733467537,0.4689065492812612,0.9994264970432628,0.0,2,False,False
ENSG00000145919,BOD1,-0.41286141192238524,-0.12574248874560434,0.6847570103260855,1.0,-0.12408013170066193,0.6267863589934741,0.9994264970432628,0.0,2,False,False
ENSG00000157637,SLC38A10,-0.41286141192238524,0.08039461906982433,0.6847570103260855,1.0,-0.07246341448273208,0.7754514692782682,0.9994264970432628,0.0,3,False,False
ENSG00000157837,SPPL3,-0.41286141192238524,-0.024118065347373176,0.6847570103260855,1.0,-0.10106649255854563,0.7125427689522195,0.9994264970432628,0.10767108226011453,3,False,False
ENSG00000160191,PDE9A,-0.41286141192238524,-0.14617054559690987,0.6847570103260855,1.0,-0.0862668703068692,0.7343186554637104,0.9994264970432628,0.0,3,False,False
ENSG00000163125,RPRD2,-0.41286141192238524,0.16735520589917788,0.6847570103260855,1.0,-0.0572166289934087,0.8228656663959721,0.9994264970432628,0.0,2,False,False
ENSG00000163931,TKT,0.41286141192238524,0.19765751208612556,0.6847570103260855,1.0,0.2029940376757088,0.42470692575031543,0.9994264970432628,0.0,3,False,False
ENSG00000164022,AIMP1,-0.41286141192238524,-0.13459947629812916,0.6847570103260855,1.0,-0.11373788827573486,0.6565745411054529,0.9994264970432628,0.0,3,False,False
ENSG00000164070,HSPA4L,0.41286141192238524,0.10222666487617266,0.6847570103260855,1.0,0.16744427950901966,0.5099250206419157,0.9994264970432628,0.0,3,False,False
ENSG00000167380,ZNF226,0.41286141192238524,0.24739797154597862,0.6847570103260855,1.0,0.17332873984495442,0.4951018696158668,0.9994264970432628,0.0,3,False,False
ENSG00000167770,OTUB1,-0.41286141192238524,-0.22120424245797898,0.6847570103260855,1.0,-0.09208876741100562,0.71824287210077,0.9994264970432628,0.0,2,False,False
ENSG00000173068,BNC2,-0.41286141192238524,0.05868597395702436,0.6847570103260855,1.0,-0.0633046015210328,0.8310844777163947,0.9994264970432628,0.2213601173237521,2,False,False
ENSG00000185420,SMYD3,0.41286141192238524,0.0632318510665297,0.6847570103260855,1.0,0.07398840632035295,0.7704748695643315,0.9994264970432628,0.0,3,False,False
ENSG00000187147,RNF220,-0.41286141192238524,0.06510847177459046,0.6847570103260855,1.0,-0.0633268912504403,0.8036101182288464,0.9994264970432628,0.0,2,False,False
ENSG00000187601,MAGEH1,0.41286141192238524,0.11812707551138739,0.6847570103260855,1.0,0.15109026436795847,0.6470647784800836,0.9994264970432628,0.3529478715486159,3,False,False
ENSG00000205629,LCMT1,0.41286141192238524,0.1999960055991872,0.6847570103260855,1.0,0.16178511597144793,0.5269603280354838,0.9994264970432628,0.0,3,False,False
ENSG00000002746,HECW1,-0.3990993648583057,-0.09877311035317814,0.6948968932488857,1.0,-0.08804585002591712,0.7653898898615439,0.9994264970432628,0.21199016139904373,2,False,False
ENSG00000010810,FYN,0.3990993648583057,0.19708145414778475,0.6948968932488857,1.0,0.09403021066895118,0.7118700351137753,0.9994264970432628,0.0,2,False,False
ENSG00000025772,TOMM34,0.3990993648583057,0.27136769156561974,0.6948968932488857,1.0,0.1967933156189551,0.4387933232004122,0.9994264970432628,0.0,3,False,False
ENSG00000040341,STAU2,-0.3990993648583057,0.15972184805758105,0.6948968932488857,1.0,-0.006285204425095647,0.9847545403715452,0.9994264970432628,0.34696210733634425,2,False,False
ENSG00000055483,USP36,0.3990993648583057,0.003021103664503525,0.6948968932488857,1.0,0.0754413404951096,0.8370397203002213,0.9994264970432628,0.46699233851014615,2,False,False
ENSG00000065491,TBC1D22B,-0.3990993648583057,0.010580840420516071,0.6948968932488857,1.0,-0.06144929638565942,0.8084108277967692,0.9994264970432628,0.0,2,False,False
ENSG00000065609,SNAP91,-0.3990993648583057,0.2722311065668086,0.6948968932488857,1.0,-0.12214985191038821,0.7481583772241669,0.9994264970432628,0.49662634307410997,2,False,False
ENSG00000070087,PFN2,0.3990993648583057,-0.06647592778873422,0.6948968932488857,1.0,0.1156420525889522,0.7161705432794894,0.9994264970432628,0.3040343321051685,3,False,False
ENSG00000072134,EPN2,0.3990993648583057,-0.005061338684440426,0.6948968932488857,1.0,0.04299329522749187,0.8659049083262953,0.9994264970432628,0.0,3,False,False
ENSG00000074416,MGLL,-0.3990993648583057,-0.044265587103639786,0.6948968932488857,1.0,-0.05725978657219685,0.8512576014181261,0.9994264970432628,0.25843535046566485,2,False,False
ENSG00000083799,CYLD,-0.3990993648583057,-0.384853173511365,0.6948968932488857,1.0,-0.21330602192634338,0.5347236288321324,0.9994264970432628,0.39636522609154073,2,False,False
ENSG00000084207,GSTP1,0.3990993648583057,-0.2072943704937102,0.6948968932488857,1.0,0.05539108863833163,0.8641268152191186,0.9994264970432628,0.33087484075877227,2,False,False
ENSG00000099326,MZF1,0.3990993648583057,-0.044175868521721735,0.6948968932488857,1.0,0.06891911627593415,0.7876974627516486,0.9994264970432628,0.0,3,False,False
ENSG00000099341,PSMD8,-0.3990993648583057,-0.3064600787596644,0.6948968932488857,1.0,-0.11536609411634045,0.7165991400504959,0.9994264970432628,0.309808978632117,2,False,False
ENSG00000100227,POLDIP3,-0.3990993648583057,-0.14446475509298737,0.6948968932488857,1.0,-0.20996436615633546,0.41130049103702426,0.9994264970432628,0.0,2,False,False
ENSG00000100804,PSMB5,0.3990993648583057,-0.00725204242099857,0.6948968932488857,1.0,0.09480913457430519,0.7103269254376621,0.9994264970432628,0.0,3,False,False
ENSG00000101152,DNAJC5,-0.3990993648583057,-0.020782367557680335,0.6948968932488857,1.0,-0.050384514602567945,0.8428673386434324,0.9994264970432628,0.0,2,False,False
ENSG00000101347,SAMHD1,0.3990993648583057,-0.05514659632887719,0.6948968932488857,1.0,0.11963648057303572,0.7484468922606384,0.9994264970432628,0.4867737510242201,1,False,False
ENSG00000103485,QPRT,0.3990993648583057,0.041444824383935173,0.6948968932488857,1.0,0.05760683388205079,0.821521925341174,0.9994264970432628,0.0,3,False,False
ENSG00000104671,DCTN6,-0.3990993648583057,-0.08621680903817336,0.6948968932488857,1.0,-0.013394213739918805,0.9578551514881823,0.9994264970432628,0.0,2,False,False
ENSG00000104833,TUBB4A,0.3990993648583057,0.21755679052967905,0.6948968932488857,1.0,0.1084246464968127,0.668909014494587,0.9994264970432628,0.0,3,False,False
ENSG00000111642,CHD4,-0.3990993648583057,-0.20164447814265438,0.6948968932488857,1.0,-0.11142755217440478,0.7615574443097644,0.9994264970432628,0.47058567204849505,2,False,False
ENSG00000112339,HBS1L,-0.3990993648583057,0.0014021051940040598,0.6948968932488857,1.0,-0.13230912065776054,0.6259379273813791,0.9994264970432628,0.08781190913615687,2,False,False
ENSG00000112378,PERP,0.3990993648583057,0.03729854121162664,0.6948968932488857,1.0,0.03260247950942427,0.89789281152094,0.9994264970432628,0.0,2,False,False
ENSG00000113048,MRPS27,-0.3990993648583057,-0.25927510452176367,0.6948968932488857,1.0,-0.25975226241338567,0.3112377644703801,0.9994264970432628,0.0,3,False,False
ENSG00000113621,TXNDC15,-0.3990993648583057,-0.17269622074325577,0.6948968932488857,1.0,-0.08377002502871259,0.7430038539369024,0.9994264970432628,0.0,3,False,False
ENSG00000114416,FXR1,0.3990993648583057,-0.03581763096897934,0.6948968932488857,1.0,0.0987626280926277,0.6983288281911095,0.9994264970432628,0.0,3,False,False
ENSG00000114978,MOB1A,-0.3990993648583057,-0.3687098280253494,0.6948968932488857,1.0,-0.2240422620358853,0.5229087940200963,0.9994264970432628,0.4162987397216118,2,False,False
ENSG00000115828,QPCT,0.3990993648583057,0.0012764322733203365,0.6948968932488857,1.0,0.11412940024428113,0.7664707858382395,0.9994264970432628,0.5023770967018556,3,False,False
ENSG00000116396,KCNC4,0.3990993648583057,-0.025673243096224502,0.6948968932488857,1.0,0.007645103628871084,0.9800230970413446,0.9994264970432628,0.25747633491591065,3,False,False
ENSG00000120696,KBTBD7,0.3990993648583057,0.2120346394388821,0.6948968932488857,1.0,0.152643253183532,0.546894126076525,0.9994264970432628,0.0,4,False,False
ENSG00000126749,EMG1,0.3990993648583057,-0.026315934196953644,0.6948968932488857,1.0,0.010904665568299287,0.9681024558652781,0.9994264970432628,0.09821239068226045,2,False,False
ENSG00000126858,RHOT1,0.3990993648583057,0.016569949022262307,0.6948968932488857,1.0,0.037622611023187494,0.8828342711114171,0.9994264970432628,0.0,2,False,False
ENSG00000127124,HIVEP3,0.3990993648583057,0.48144979851314035,0.6948968932488857,1.0,0.1694471557432315,0.5080862667824204,0.9994264970432628,0.0,2,False,False
ENSG00000130204,TOMM40,0.3990993648583057,0.5165847732086744,0.6948968932488857,1.0,0.10303807146444548,0.8113381141262966,0.9994264970432628,0.589768301367245,2,False,False
ENSG00000130313,PGLS,0.3990993648583057,0.04224554630240581,0.6948968932488857,1.0,0.0035161055685550683,0.9889378264922087,0.9994264970432628,0.0,2,False,False
ENSG00000131626,PPFIA1,0.3990993648583057,0.1538719097558108,0.6948968932488857,1.0,0.14656753948553164,0.5673758087580862,0.9994264970432628,0.0,3,False,False
ENSG00000133101,CCNA1,-0.3990993648583057,-0.23271257080208582,0.6948968932488857,1.0,-0.05729103430891225,0.8470569696791451,0.9994264970432628,0.2219743979755785,2,False,False
ENSG00000134248,LAMTOR5,-0.3990993648583057,-0.23697492547619015,0.6948968932488857,1.0,-0.14915416586124064,0.5605649602856102,0.9994264970432628,0.0,2,False,False
ENSG00000138668,HNRNPD,-0.3990993648583057,-0.016505671387314406,0.6948968932488857,1.0,-0.008337808681303252,0.9737308147614193,0.9994264970432628,0.0,2,False,False
ENSG00000138674,SEC31A,-0.3990993648583057,-0.43336517761341703,0.6948968932488857,1.0,-0.2409977775833257,0.3472987443851795,0.9994264970432628,0.0,3,False,False
ENSG00000139116,KIF21A,-0.3990993648583057,0.03704916181079853,0.6948968932488857,1.0,-0.055215427760476714,0.8543290503692551,0.9994264970432628,0.23382735397573104,2,False,False
ENSG00000141668,CBLN2,-0.3990993648583057,-0.33787586684801624,0.6948968932488857,1.0,-0.10340910123019063,0.6844696704853725,0.9994264970432628,0.0,3,False,False
ENSG00000143793,C1orf35,0.3990993648583057,0.14194540007392825,0.6948968932488857,1.0,0.0915758826902258,0.7195755212407189,0.9994264970432628,0.0,3,False,False
ENSG00000144645,OSBPL10,-0.3990993648583057,-0.28795762217479887,0.6948968932488857,1.0,-0.07936079650035162,0.755579614467448,0.9994264970432628,0.0,2,False,False
ENSG00000145545,SRD5A1,-0.3990993648583057,-0.038192670113911587,0.6948968932488857,1.0,-0.08389210111920929,0.7786524948916792,0.9994264970432628,0.2277892447298889,2,False,False
ENSG00000146006,LRRTM2,0.3990993648583057,0.10827815516721276,0.6948968932488857,1.0,0.07352454105861916,0.8527255390189139,0.9994264970432628,0.5371070405998037,2,False,False
ENSG00000146842,TMEM209,0.3990993648583057,0.16873415379225415,0.6948968932488857,1.0,0.22795986337993085,0.3718308519214645,0.9994264970432628,0.0,3,False,False
ENSG00000148730,EIF4EBP2,-0.3990993648583057,-0.1675990965482992,0.6948968932488857,1.0,-0.2501650811073217,0.3247313904980136,0.9994264970432628,0.0,4,False,False
ENSG00000149575,SCN2B,-0.3990993648583057,-0.19062804466422542,0.6948968932488857,1.0,-0.11000178613957189,0.7106697447753574,0.9994264970432628,0.21831756464629967,2,False,False
ENSG00000150316,CWC15,-0.3990993648583057,0.10025365204207931,0.6948968932488857,1.0,0.045985902454631335,0.8561230406525991,0.9994264970432628,0.0,3,False,False
ENSG00000159164,SV2A,0.3990993648583057,0.41809908316059297,0.6948968932488857,1.0,0.1665775776833365,0.5127947852518668,0.9994264970432628,0.0,3,False,False
ENSG00000163412,EIF4E3,0.3990993648583057,-0.045811998016405064,0.6948968932488857,1.0,0.0005559608561960295,0.9988931851451608,0.9994264970432628,0.5488225415608902,1,False,False
ENSG00000168066,SF1,-0.3990993648583057,-0.14403718127895324,0.6948968932488857,1.0,-0.044919088042277774,0.859731679712644,0.9994264970432628,0.0,2,False,False
ENSG00000171435,KSR2,0.3990993648583057,0.07890445398997854,0.6948968932488857,1.0,0.1437625135713682,0.6004300292512572,0.9994264970432628,0.10422207978317156,2,False,False
ENSG00000171914,TLN2,0.3990993648583057,0.12851614770267092,0.6948968932488857,1.0,0.062177981544801565,0.8070175254161946,0.9994264970432628,0.0,3,False,False
ENSG00000173272,MZT2A,-0.3990993648583057,-0.34507215806923586,0.6948968932488857,1.0,-0.050913255584124587,0.8733917969106519,0.9994264970432628,0.31346410918744333,2,False,False
ENSG00000175606,TMEM70,0.3990993648583057,0.10265428006391775,0.6948968932488857,1.0,0.18662974326378656,0.4631320922137204,0.9994264970432628,0.0,3,False,False
ENSG00000175727,MLXIP,0.3990993648583057,0.29415471972683616,0.6948968932488857,1.0,0.08117609032335137,0.7592794740703106,0.9994264970432628,0.05463633656831922,3,False,False
ENSG00000182621,PLCB1,-0.3990993648583057,0.15580353095868835,0.6948968932488857,1.0,0.048471847559503185,0.848440636694103,0.9994264970432628,0.0,2,False,False
ENSG00000184486,POU3F2,-0.3990993648583057,-0.17739968289387742,0.6948968932488857,1.0,-0.27757626438990435,0.39199845246742726,0.9994264970432628,0.31736876977468553,3,False,False
ENSG00000187446,CHP1,0.3990993648583057,0.015288272756326502,0.6948968932488857,1.0,0.12236211267195904,0.6308579172353139,0.9994264970432628,0.0,3,False,False
ENSG00000189067,LITAF,0.3990993648583057,0.0736782057853876,0.6948968932488857,1.0,0.10368712173145853,0.7566779565763151,0.9994264970432628,0.3658807329610731,2,False,False
ENSG00000189091,SF3B3,0.3990993648583057,0.07899226408356223,0.6948968932488857,1.0,0.19133448644846454,0.4546757875160842,0.9994264970432628,0.0,2,False,False
ENSG00000189227,C15orf61,0.3990993648583057,0.0028370722896757196,0.6948968932488857,1.0,0.16266764141985784,0.5234918400996149,0.9994264970432628,0.0,2,False,False
ENSG00000205339,IPO7,-0.3990993648583057,-0.1767671459153346,0.6948968932488857,1.0,-0.15074167647600273,0.5526030190656158,0.9994264970432628,0.0,3,False,False
ENSG00000213585,VDAC1,0.3990993648583057,0.12753705475277402,0.6948968932488857,1.0,0.14931465801222882,0.5557514990843164,0.9994264970432628,0.0,4,False,False
ENSG00000224032,EPB41L4A-AS1,-0.3990993648583057,-0.16376613245997368,0.6948968932488857,1.0,-0.031233178507570267,0.9023773566177423,0.9994264970432628,0.0,2,False,False
ENSG00000240344,PPIL3,-0.3990993648583057,-0.063940631942189,0.6948968932488857,1.0,0.00820727061687832,0.9743626619562868,0.9994264970432628,0.0,2,False,False
ENSG00000240694,PNMA2,-0.3990993648583057,-0.11817802808474706,0.6948968932488857,1.0,-0.08505024526939765,0.7977180842259346,0.9994264970432628,0.360890153070226,2,False,False
ENSG00000144834,TAGLN3,-0.392218341326266,-0.3068444981709334,0.699984090825818,1.0,-0.09603347146553173,0.7892031025666724,0.9994264970432628,0.44553298050815293,2,False,False
ENSG00000008283,CYB561,-0.3853373177942262,-0.14765622040863247,0.7050916556069899,1.0,-0.10242203760908428,0.6879977931358725,0.9994264970432628,0.0,3,False,False
ENSG00000010295,IFFO1,-0.3853373177942262,-0.17429228450919565,0.7050916556069899,1.0,-0.10836795085265827,0.6854929257904077,0.9994264970432628,0.06799057167756956,3,False,False
ENSG00000043143,JADE2,0.3853373177942262,-0.17961526772637953,0.7050916556069899,1.0,0.06609145103206548,0.8297072313209661,0.9994264970432628,0.26835338116302837,2,False,False
ENSG00000069275,NUCKS1,0.3853373177942262,0.12527506873819325,0.7050916556069899,1.0,0.0753431545974164,0.7682006253110241,0.9994264970432628,0.0,2,False,False
ENSG00000070423,RNF126,0.3853373177942262,0.07526637829076217,0.7050916556069899,1.0,0.0885257130288837,0.7265194233499375,0.9994264970432628,0.0,3,False,False
ENSG00000073803,MAP3K13,-0.3853373177942262,-0.09328483284165218,0.7050916556069899,1.0,-0.07610705136076511,0.7644427121730666,0.9994264970432628,0.0,3,False,False
ENSG00000079308,TNS1,-0.3853373177942262,0.05634860351465631,0.7050916556069899,1.0,-0.02796306097684876,0.9122876464458852,0.9994264970432628,0.0,3,False,False
ENSG00000082515,MRPL22,-0.3853373177942262,-0.16326554128579304,0.7050916556069899,1.0,-0.02152309295621169,0.9323384029380053,0.9994264970432628,0.0,1,False,False
ENSG00000100280,AP1B1,-0.3853373177942262,0.00935772102944918,0.7050916556069899,1.0,-0.04921571105200652,0.8461028684611009,0.9994264970432628,0.0,2,False,False
ENSG00000100379,KCTD17,0.3853373177942262,0.07903204094259991,0.7050916556069899,1.0,0.12348921581130974,0.6283056216413976,0.9994264970432628,0.0,3,False,False
ENSG00000102038,SMARCA1,-0.3853373177942262,-0.2703842451363755,0.7050916556069899,1.0,-0.11812579339365614,0.6438222555345372,0.9994264970432628,0.0,2,False,False
ENSG00000102606,ARHGEF7,0.3853373177942262,-0.07948415586898534,0.7050916556069899,1.0,0.043719584974114246,0.8641551822483656,0.9994264970432628,0.0,2,False,False
ENSG00000104341,LAPTM4B,0.3853373177942262,-0.31847478842078364,0.7050916556069899,1.0,-0.008172590131583743,0.9819355371650623,0.9994264970432628,0.45100417283945715,2,False,False
ENSG00000104412,EMC2,-0.3853373177942262,-0.18418302771894066,0.7050916556069899,1.0,-0.12996124549141547,0.610201380933148,0.9994264970432628,0.0,3,False,False
ENSG00000105793,GTPBP10,0.3853373177942262,-0.023845771330197395,0.7050916556069899,1.0,0.16623387126988123,0.6427192993185823,0.9994264970432628,0.4322469052541864,3,False,False
ENSG00000110274,CEP164,-0.3853373177942262,-0.16991208581490938,0.7050916556069899,1.0,-0.08797852519049125,0.730245136521491,0.9994264970432628,0.0,2,False,False
ENSG00000115084,SLC35F5,-0.3853373177942262,-0.20295483894729213,0.7050916556069899,1.0,-0.19165441862899227,0.4524999316854491,0.9994264970432628,0.0,2,False,False
ENSG00000115109,EPB41L5,0.3853373177942262,0.1217193323666226,0.7050916556069899,1.0,0.09738961088603354,0.7011958258816426,0.9994264970432628,0.0,3,False,False
ENSG00000116254,CHD5,-0.3853373177942262,0.03397672614958786,0.7050916556069899,1.0,-0.07002376619431055,0.8169489527666515,0.9994264970432628,0.24688616738636454,3,False,False
ENSG00000119414,PPP6C,-0.3853373177942262,-0.2165725212360127,0.7050916556069899,1.0,-0.13406689204068145,0.5988371460100694,0.9994264970432628,0.0,2,False,False
ENSG00000120053,GOT1,0.3853373177942262,0.1571246105876174,0.7050916556069899,1.0,0.15780719661327477,0.5349014785022191,0.9994264970432628,0.0,2,False,False
ENSG00000120438,TCP1,0.3853373177942262,-0.0821998043093211,0.7050916556069899,1.0,0.08428544275116964,0.7553852565306383,0.9994264970432628,0.08700444742750157,3,False,False
ENSG00000121073,SLC35B1,0.3853373177942262,0.028507965400114067,0.7050916556069899,1.0,0.17983139549995555,0.598623146392834,0.9994264970432628,0.38681893692413716,3,False,False
ENSG00000121749,TBC1D15,-0.3853373177942262,-0.24348507328842495,0.7050916556069899,1.0,-0.15848535140209052,0.5358801991616144,0.9994264970432628,0.0,2,False,False
ENSG00000124767,GLO1,0.3853373177942262,-0.31162210448143124,0.7050916556069899,1.0,0.20019710563873874,0.6949852655251629,0.9994264970432628,0.6956633368862966,3,False,False
ENSG00000132300,PTCD3,-0.3853373177942262,0.025934168980194232,0.7050916556069899,1.0,-0.02751889272987338,0.9137642859246284,0.9994264970432628,0.0,1,False,False
ENSG00000135018,UBQLN1,0.3853373177942262,0.2126062631069286,0.7050916556069899,1.0,0.18508557326303532,0.46531407958667825,0.9994264970432628,0.0,4,False,False
ENSG00000136928,GABBR2,0.3853373177942262,0.14173126094752325,0.7050916556069899,1.0,0.08008448159431382,0.7524696602005694,0.9994264970432628,0.0,3,False,False
ENSG00000137968,SLC44A5,-0.3853373177942262,-0.06852091018219697,0.7050916556069899,1.0,-0.07040174193846592,0.7820407810887642,0.9994264970432628,0.0,2,False,False
ENSG00000141030,COPS3,-0.3853373177942262,0.14801828971420197,0.7050916556069899,1.0,0.09208856456914093,0.7161120659622593,0.9994264970432628,0.0,3,False,False
ENSG00000141425,RPRD1A,-0.3853373177942262,-0.02474805443273803,0.7050916556069899,1.0,-0.07639958441418324,0.764793880906903,0.9994264970432628,0.0,3,False,False
ENSG00000142453,CARM1,-0.3853373177942262,-0.01286112906881991,0.7050916556069899,1.0,-0.09038903668170631,0.7216664901255017,0.9994264970432628,0.0,3,False,False
ENSG00000145022,TCTA,-0.3853373177942262,0.022299397471248754,0.7050916556069899,1.0,0.060547760317275656,0.8116790206997679,0.9994264970432628,0.0,2,False,False
ENSG00000148408,CACNA1B,-0.3853373177942262,-0.19090224134658812,0.7050916556069899,1.0,-0.09777868838477034,0.6994030454125246,0.9994264970432628,0.0,3,False,False
ENSG00000148498,PARD3,0.3853373177942262,-0.0181568913961798,0.7050916556069899,1.0,0.055872899390090124,0.8257597503861736,0.9994264970432628,0.0,3,False,False
ENSG00000153291,SLC25A27,0.3853373177942262,-0.02305750271290153,0.7050916556069899,1.0,0.2811942630522577,0.5492309609864497,0.9994264970432628,0.631838509345282,2,False,False
ENSG00000153560,UBP1,-0.3853373177942262,-0.029058735308543436,0.7050916556069899,1.0,0.10005074928163367,0.695340558761129,0.9994264970432628,0.0,3,False,False
ENSG00000153814,JAZF1,0.3853373177942262,-0.10224961315472834,0.7050916556069899,1.0,0.057553263354447964,0.8216484359773366,0.9994264970432628,0.0,3,False,False
ENSG00000160075,SSU72,0.3853373177942262,0.052366961189899065,0.7050916556069899,1.0,0.1286669252756488,0.6132039298794845,0.9994264970432628,0.0,2,False,False
ENSG00000161642,ZNF385A,-0.3853373177942262,0.06001799774850709,0.7050916556069899,1.0,-0.053722908360629686,0.8328280853182731,0.9994264970432628,0.0,2,False,False
ENSG00000165572,KBTBD6,-0.3853373177942262,-0.3930657475274075,0.7050916556069899,1.0,-0.07833466703878199,0.7589042508790194,0.9994264970432628,0.0,2,False,False
ENSG00000171566,PLRG1,-0.3853373177942262,0.06500474825113067,0.7050916556069899,1.0,0.0017130181194324407,0.994619702429494,0.9994264970432628,0.0,2,False,False
ENSG00000174238,PITPNA,-0.3853373177942262,-0.04276451183523609,0.7050916556069899,1.0,-0.18055333559766215,0.644881729491318,0.9994264970432628,0.5069692269191212,2,False,False
ENSG00000177556,ATOX1,0.3853373177942262,0.10117986890096714,0.7050916556069899,1.0,0.1720442517098527,0.539570308229772,0.9994264970432628,0.1395311958439779,2,False,False
ENSG00000183530,PRR14L,-0.3853373177942262,-0.17219499672068378,0.7050916556069899,1.0,-0.09824658400126228,0.701069424888503,0.9994264970432628,0.0,2,False,False
ENSG00000186480,INSIG1,0.3853373177942262,0.18703270350756834,0.7050916556069899,1.0,0.23829022915483933,0.3962976830354811,0.9994264970432628,0.13954798323986772,2,False,False
ENSG00000186908,ZDHHC17,-0.3853373177942262,-0.4376205524817749,0.7050916556069899,1.0,-0.10624088282081325,0.7472425911687501,0.9994264970432628,0.3522127725563805,2,False,False
ENSG00000198142,SOWAHC,-0.3853373177942262,-0.30571146321018644,0.7050916556069899,1.0,-0.23944929784803914,0.3473973201781101,0.9994264970432628,0.0,3,False,False
ENSG00000198876,DCAF12,-0.3853373177942262,0.012120572416221696,0.7050916556069899,1.0,-0.025749154093624563,0.9339475769905139,0.9994264970432628,0.2807381106303973,2,False,False
ENSG00000198898,CAPZA2,-0.3853373177942262,-0.3029435172403841,0.7050916556069899,1.0,-0.09429766751839604,0.7839440670595506,0.9994264970432628,0.3939901134196756,2,False,False
ENSG00000205726,ITSN1,-0.3853373177942262,-0.16019337946171086,0.7050916556069899,1.0,-0.1471022279020877,0.565092836405926,0.9994264970432628,0.0,2,False,False
ENSG00000225465,RFPL1S,0.3853373177942262,0.15690384020969111,0.7050916556069899,1.0,0.05022056056820972,0.8820533282390668,0.9994264970432628,0.3789520120900573,2,False,False
ENSG00000010322,NISCH,-0.37157527073014673,-0.05858543915387721,0.7153396533589949,1.0,-0.05468999899806336,0.8308450900210514,0.9994264970432628,0.0,2,False,False
ENSG00000032444,PNPLA6,-0.37157527073014673,-0.022678464724704143,0.7153396533589949,1.0,0.003267225333274484,0.9897836265399427,0.9994264970432628,0.0,2,False,False
ENSG00000067704,IARS2,-0.37157527073014673,-0.32410862482436,0.7153396533589949,1.0,-0.08352605300854427,0.7436134791209719,0.9994264970432628,0.0,3,False,False
ENSG00000084764,MAPRE3,-0.37157527073014673,0.02898745471578091,0.7153396533589949,1.0,-0.08179349902965763,0.7475739628891055,0.9994264970432628,0.0,2,False,False
ENSG00000093183,SEC22C,-0.37157527073014673,-0.15734189182937794,0.7153396533589949,1.0,-0.05549361448606457,0.8569073271708105,0.9994264970432628,0.2678808215394082,1,False,False
ENSG00000099194,SCD,-0.37157527073014673,-0.1473866376509788,0.7153396533589949,1.0,-0.126858336271402,0.6165113816825118,0.9994264970432628,0.0,4,False,False
ENSG00000100554,ATP6V1D,0.37157527073014673,0.08466774961820632,0.7153396533589949,1.0,0.22184371417405968,0.3866766698355085,0.9994264970432628,0.0,3,False,False
ENSG00000101189,MRGBP,-0.37157527073014673,-0.280459758069072,0.7153396533589949,1.0,-0.12655104446552695,0.6178718203134603,0.9994264970432628,0.0,3,False,False
ENSG00000101363,MANBAL,-0.37157527073014673,-0.11435925635598769,0.7153396533589949,1.0,-0.0607543311588511,0.8110480442501419,0.9994264970432628,0.0,3,False,False
ENSG00000106829,TLE4,-0.37157527073014673,-0.10131465484583556,0.7153396533589949,1.0,-0.04891727462931143,0.8472312380366694,0.9994264970432628,0.0,2,False,False
ENSG00000108094,CUL2,-0.37157527073014673,-0.15148340767703056,0.7153396533589949,1.0,-0.06646088351400727,0.7932302304830869,0.9994264970432628,0.0,3,False,False
ENSG00000110076,NRXN2,-0.37157527073014673,-0.1550191196582709,0.7153396533589949,1.0,-0.13542939811862217,0.5939512212651039,0.9994264970432628,0.0,2,False,False
ENSG00000112855,HARS2,0.37157527073014673,-0.007237937161412637,0.7153396533589949,1.0,0.08167951803910352,0.7484840558204469,0.9994264970432628,0.0,2,False,False
ENSG00000114982,KANSL3,0.37157527073014673,0.17596302476655032,0.7153396533589949,1.0,0.17315788844613153,0.496958383173119,0.9994264970432628,0.0,3,False,False
ENSG00000115947,ORC4,0.37157527073014673,0.15323713319981658,0.7153396533589949,1.0,0.18591905534005304,0.46666753577253606,0.9994264970432628,0.0,3,False,False
ENSG00000116752,BCAS2,-0.37157527073014673,0.09176165612855583,0.7153396533589949,1.0,-0.016566064393273853,0.9480645114058813,0.9994264970432628,0.0,2,False,False
ENSG00000119640,ACYP1,0.37157527073014673,0.3464898311951047,0.7153396533589949,1.0,0.2316835875777541,0.3622458139460213,0.9994264970432628,0.0,3,False,False
ENSG00000120063,GNA13,-0.37157527073014673,-0.16021359275539873,0.7153396533589949,1.0,-0.059945072510724784,0.8184085193155601,0.9994264970432628,0.031791171297123756,1,False,False
ENSG00000129351,ILF3,-0.37157527073014673,-0.08034060322787497,0.7153396533589949,1.0,-0.10494331896220407,0.6793810754324717,0.9994264970432628,0.0,2,False,False
ENSG00000129559,NEDD8,-0.37157527073014673,-0.11857911052332716,0.7153396533589949,1.0,-0.06701944687842272,0.8282627196344476,0.9994264970432628,0.27410045168126607,2,False,False
ENSG00000129636,ITFG1,0.37157527073014673,0.025544896573669217,0.7153396533589949,1.0,0.08954639452536445,0.7261237655080621,0.9994264970432628,0.0,3,False,False
ENSG00000131469,RPL27,0.37157527073014673,-0.03981238889859716,0.7153396533589949,1.0,0.058160473972346645,0.8192366880364073,0.9994264970432628,0.0,2,False,False
ENSG00000135070,ISCA1,-0.37157527073014673,-0.2767431886495727,0.7153396533589949,1.0,-0.1409442815127653,0.6162943898571243,0.9994264970432628,0.14226006717450188,2,False,False
ENSG00000136870,ZNF189,-0.37157527073014673,-0.09507448487513677,0.7153396533589949,1.0,-0.11586046983574268,0.6505163774772131,0.9994264970432628,0.0,2,False,False
ENSG00000138071,ACTR2,-0.37157527073014673,-0.09924217673817713,0.7153396533589949,1.0,-0.032985010668832714,0.896912068448847,0.9994264970432628,0.0,3,False,False
ENSG00000140575,IQGAP1,-0.37157527073014673,-0.2486949555731757,0.7153396533589949,1.0,-0.2138059654967924,0.4016682544847814,0.9994264970432628,0.0,2,False,False
ENSG00000142082,SIRT3,-0.37157527073014673,-0.12356121257492131,0.7153396533589949,1.0,-0.10480377878333355,0.6795603346061958,0.9994264970432628,0.0,3,False,False
ENSG00000144635,DYNC1LI1,-0.37157527073014673,0.08086020724212345,0.7153396533589949,1.0,-0.06762108837433327,0.7910880056370455,0.9994264970432628,0.0,3,False,False
ENSG00000144935,TRPC1,0.37157527073014673,-0.09812842299110718,0.7153396533589949,1.0,0.09060436898898971,0.7448206635926481,0.9994264970432628,0.1288095229672584,2,False,False
ENSG00000148296,SURF6,0.37157527073014673,0.31870811045590514,0.7153396533589949,1.0,0.18254584810027155,0.4761659826223441,0.9994264970432628,0.0,2,False,False
ENSG00000152944,MED21,0.37157527073014673,-0.06066380307515225,0.7153396533589949,1.0,0.15794699303010776,0.6195011972399452,0.9994264970432628,0.31042810768063195,2,False,False
ENSG00000153827,TRIP12,-0.37157527073014673,-0.3684561521756043,0.7153396533589949,1.0,-0.05145747468450549,0.9072557778348249,0.9994264970432628,0.6226421157901892,1,False,False
ENSG00000157500,APPL1,-0.37157527073014673,-0.31549883539090473,0.7153396533589949,1.0,-0.08696971465100024,0.7324582188930395,0.9994264970432628,0.0,2,False,False
ENSG00000159322,ADPGK,0.37157527073014673,-0.22843574567738642,0.7153396533589949,1.0,-0.09123494770131094,0.7196513433653808,0.9994264970432628,0.0,3,False,False
ENSG00000159592,GPBP1L1,0.37157527073014673,-0.09300640346351337,0.7153396533589949,1.0,-0.0014075373472195087,0.99561059680502,0.9994264970432628,0.0,2,False,False
ENSG00000160469,BRSK1,-0.37157527073014673,-0.08497496687506251,0.7153396533589949,1.0,-0.08051380333186643,0.750696402007351,0.9994264970432628,0.0,3,False,False
ENSG00000160710,ADAR,0.37157527073014673,-0.0056708855948338155,0.7153396533589949,1.0,0.08423825509401725,0.7420402056552273,0.9994264970432628,0.0,2,False,False
ENSG00000163818,LZTFL1,-0.37157527073014673,-0.2491688863809482,0.7153396533589949,1.0,-0.2300881394198975,0.3668938429631352,0.9994264970432628,0.0,2,False,False
ENSG00000164346,NSA2,0.37157527073014673,0.07735694909312303,0.7153396533589949,1.0,0.10903258832129074,0.6669179888890275,0.9994264970432628,0.0,3,False,False
ENSG00000164778,EN2,0.37157527073014673,-0.17706670090196366,0.7153396533589949,1.0,-0.001283338948079516,0.9959850120620454,0.9994264970432628,0.0,1,False,False
ENSG00000166347,CYB5A,0.37157527073014673,-0.25689344447414925,0.7153396533589949,1.0,0.005911820481230349,0.9888190883466369,0.9994264970432628,0.5894188265902184,2,False,False
ENSG00000168924,LETM1,-0.37157527073014673,-0.08762625236957777,0.7153396533589949,1.0,-0.17500092968716824,0.4916484687145867,0.9994264970432628,0.0,3,False,False
ENSG00000173120,KDM2A,0.37157527073014673,0.14169365447305055,0.7153396533589949,1.0,0.12954501117532502,0.6089900292468737,0.9994264970432628,0.0,3,False,False
ENSG00000176407,KCMF1,0.37157527073014673,-0.34367894747617606,0.7153396533589949,1.0,-0.1292490162596444,0.7077903351078508,0.9994264970432628,0.4039179274709461,3,False,False
ENSG00000179364,PACS2,0.37157527073014673,0.08019367866555226,0.7153396533589949,1.0,0.11426550155224649,0.6525818080035958,0.9994264970432628,0.0,2,False,False
ENSG00000183044,ABAT,-0.37157527073014673,-0.15454796688691463,0.7153396533589949,1.0,-0.1921790088022919,0.4505860418585327,0.9994264970432628,0.0,2,False,False
ENSG00000183049,CAMK1D,-0.37157527073014673,-0.2946523825583662,0.7153396533589949,1.0,-0.5319228578444436,0.4607411918050216,0.9994264970432628,0.8255476956698458,2,False,False
ENSG00000183317,EPHA10,0.37157527073014673,0.21605877805908635,0.7153396533589949,1.0,0.15768933593624251,0.5337319122334738,0.9994264970432628,0.0,4,False,False
ENSG00000184524,CEND1,0.37157527073014673,0.0715262595299124,0.7153396533589949,1.0,0.05916379387898225,0.8156606444020624,0.9994264970432628,0.0,3,False,False
ENSG00000185745,IFIT1,0.37157527073014673,-0.31349112957481445,0.7153396533589949,1.0,0.23541381709498538,0.6662519275782814,0.9994264970432628,0.7402646245664797,2,False,False
ENSG00000185825,BCAP31,0.37157527073014673,0.03800851346671089,0.7153396533589949,1.0,0.04747036441644432,0.8524607331573848,0.9994264970432628,0.0,2,False,False
ENSG00000213625,LEPROT,-0.37157527073014673,-0.29501995008257403,0.7153396533589949,1.0,-0.10170080718066138,0.7942672180866894,0.9994264970432628,0.5192748123392212,2,False,False
ENSG00000240682,ISY1,-0.37157527073014673,-0.18611698376485986,0.7153396533589949,1.0,-0.22692387631018535,0.5013524382630641,0.9994264970432628,0.37529822112239736,2,False,False
ENSG00000104695,PPP2CB,-0.36469424719810695,-0.15278717307368625,0.7204798801018752,1.0,-0.1283162284409553,0.6133548256917177,0.9994264970432628,0.0,2,False,False
ENSG00000075624,ACTB,0.3578132236660672,-0.027652317165938817,0.7256360540247476,1.0,0.07975519206018537,0.7550971971284878,0.9994264970432628,0.0,3,False,False
ENSG00000035115,SH3YL1,0.3578132236660672,0.1277827508327219,0.725639213663243,1.0,0.06623404926352844,0.7941862357316857,0.9994264970432628,0.0,2,False,False
ENSG00000048707,VPS13D,-0.3578132236660672,0.043378462792703985,0.725639213663243,1.0,-0.08092999924622593,0.7511382878398316,0.9994264970432628,0.0,2,False,False
ENSG00000065802,ASB1,0.3578132236660672,-0.051622335000980325,0.725639213663243,1.0,0.054699514423502765,0.8737748272859517,0.9994264970432628,0.4007579365741481,3,False,False
ENSG00000068650,ATP11A,-0.3578132236660672,-0.29176953854602733,0.725639213663243,1.0,-0.11718172044401876,0.7423281284434239,0.9994264970432628,0.4215390927087658,3,False,False
ENSG00000071553,ATP6AP1,0.3578132236660672,0.09977742318694362,0.725639213663243,1.0,0.16701423155156433,0.5121693146914507,0.9994264970432628,0.0,2,False,False
ENSG00000074319,TSG101,0.3578132236660672,0.024039143425628736,0.725639213663243,1.0,0.09603186068645163,0.7183523809285197,0.9994264970432628,0.060007013597830894,3,False,False
ENSG00000082014,SMARCD3,-0.3578132236660672,-0.08093742875767632,0.725639213663243,1.0,-0.09349228205506765,0.7120751452093903,0.9994264970432628,0.0,3,False,False
ENSG00000099956,SMARCB1,-0.3578132236660672,0.0035873349678079603,0.725639213663243,1.0,-0.03006006006606422,0.9057158551942021,0.9994264970432628,0.0,3,False,False
ENSG00000100348,TXN2,0.3578132236660672,0.1425313911877181,0.725639213663243,1.0,0.129466961688627,0.6098208846203805,0.9994264970432628,0.0,3,False,False
ENSG00000100418,DESI1,-0.3578132236660672,0.05076435822694689,0.725639213663243,1.0,-0.007086440854700637,0.9777016787405906,0.9994264970432628,0.0,2,False,False
ENSG00000104320,NBN,-0.3578132236660672,-0.4413680504937752,0.725639213663243,1.0,-0.11880991042304674,0.6949217918795626,0.9994264970432628,0.2479429848944273,1,False,False
ENSG00000104643,MTMR9,0.3578132236660672,0.20099774854998617,0.725639213663243,1.0,0.18173393962071413,0.5518263971031161,0.9994264970432628,0.24968866154233482,3,False,False
ENSG00000108312,UBTF,-0.3578132236660672,-0.09514930460722544,0.725639213663243,1.0,-0.09041318706874359,0.7208767592505831,0.9994264970432628,0.0,3,False,False
ENSG00000111832,RWDD1,-0.3578132236660672,-0.015598132443350668,0.725639213663243,1.0,-0.12470093939071873,0.7651428985524422,0.9994264970432628,0.5809570704769326,1,False,False
ENSG00000113615,SEC24A,-0.3578132236660672,-0.21647819777955404,0.725639213663243,1.0,-0.15432342996938214,0.5803600683110194,0.9994264970432628,0.1292929154181691,2,False,False
ENSG00000114805,PLCH1,-0.3578132236660672,-0.07426845592538711,0.725639213663243,1.0,-0.15181290715721948,0.551859181159041,0.9994264970432628,0.0,3,False,False
ENSG00000116120,FARSB,-0.3578132236660672,-0.16112889818730128,0.725639213663243,1.0,-0.12839915898987955,0.6675123442649562,0.9994264970432628,0.22743410213899462,2,False,False
ENSG00000118496,FBXO30,-0.3578132236660672,-0.2979247766872018,0.725639213663243,1.0,-0.11535057915239326,0.650462670587738,0.9994264970432628,0.0,2,False,False
ENSG00000121871,SLITRK3,-0.3578132236660672,-0.08553089899599241,0.725639213663243,1.0,-0.0712191279653477,0.7789805902773981,0.9994264970432628,0.0,3,False,False
ENSG00000128487,SPECC1,-0.3578132236660672,-0.09383778626835863,0.725639213663243,1.0,-0.16502883904489743,0.5462979007794311,0.9994264970432628,0.10170562711800984,2,False,False
ENSG00000129315,CCNT1,0.3578132236660672,-0.07846231708683636,0.725639213663243,1.0,0.19351039171744544,0.6584906839186118,0.9994264970432628,0.5969002627887103,3,False,False
ENSG00000129484,PARP2,-0.3578132236660672,-0.29776859329653366,0.725639213663243,1.0,-0.1907285322850594,0.4547342231271445,0.9994264970432628,0.0,2,False,False
ENSG00000130816,DNMT1,0.3578132236660672,-0.059094780342478,0.725639213663243,1.0,0.08695232826344361,0.7784286170931751,0.9994264970432628,0.27430355106364646,3,False,False
ENSG00000135617,PRADC1,0.3578132236660672,-0.029659309453264393,0.725639213663243,1.0,0.053069361572710146,0.8346550648487546,0.9994264970432628,0.0,2,False,False
ENSG00000136856,SLC2A8,-0.3578132236660672,0.003283102437140547,0.725639213663243,1.0,-0.10208861412698164,0.7456504800046131,0.9994264970432628,0.2903334547650986,2,False,False
ENSG00000137942,FNBP1L,0.3578132236660672,-0.03486701467574679,0.725639213663243,1.0,0.05006929520634743,0.849534396073557,0.9994264970432628,0.046820134009748826,3,False,False
ENSG00000138663,COPS4,0.3578132236660672,0.04195746146340959,0.725639213663243,1.0,0.14090485551285,0.5789055199207749,0.9994264970432628,0.0,3,False,False
ENSG00000139112,GABARAPL1,-0.3578132236660672,-0.10623596095686315,0.725639213663243,1.0,-0.09984867922535114,0.6954005136797416,0.9994264970432628,0.0,2,False,False
ENSG00000139163,ETNK1,-0.3578132236660672,-0.09844534891641915,0.725639213663243,1.0,-0.04231079829254669,0.8685173557304298,0.9994264970432628,0.0,2,False,False
ENSG00000140995,DEF8,0.3578132236660672,0.014684436177017965,0.725639213663243,1.0,0.10238159321369607,0.6886289968203343,0.9994264970432628,0.0,2,False,False
ENSG00000142687,KIAA0319L,0.3578132236660672,0.20892708394458512,0.725639213663243,1.0,0.054682978154176505,0.8444864002017114,0.9994264970432628,0.13227945857503537,2,False,False
ENSG00000144647,POMGNT2,0.3578132236660672,0.3325120115779845,0.725639213663243,1.0,0.12622814341733957,0.6213733485645234,0.9994264970432628,0.0,3,False,False
ENSG00000148690,FRA10AC1,0.3578132236660672,-0.0627654701788869,0.725639213663243,1.0,0.0373873795604029,0.8833004615069364,0.9994264970432628,0.0,2,False,False
ENSG00000151474,FRMD4A,0.3578132236660672,0.23572046204906075,0.725639213663243,1.0,0.14063616387423045,0.5800281331927789,0.9994264970432628,0.0,3,False,False
ENSG00000151748,SAV1,0.3578132236660672,-0.060663305428565316,0.725639213663243,1.0,0.08232107319187004,0.8185089962329287,0.9994264970432628,0.4459973829089934,2,False,False
ENSG00000154059,IMPACT,0.3578132236660672,-0.16486621886249822,0.725639213663243,1.0,0.11835170096575394,0.7639879119847053,0.9994264970432628,0.5172556153916728,2,False,False
ENSG00000156515,HK1,0.3578132236660672,0.10455829140976204,0.725639213663243,1.0,0.13800167588303994,0.5876587996110949,0.9994264970432628,0.0,2,False,False
ENSG00000158321,AUTS2,0.3578132236660672,-0.23112365973852464,0.725639213663243,1.0,-0.04959681668255593,0.8462951195439016,0.9994264970432628,0.0,2,False,False
ENSG00000159256,MORC3,0.3578132236660672,0.21221364748076135,0.725639213663243,1.0,0.11518955825873563,0.6505779093173037,0.9994264970432628,0.0,2,False,False
ENSG00000160294,MCM3AP,-0.3578132236660672,-0.06843982738669817,0.725639213663243,1.0,-0.144813930482392,0.5709300824873735,0.9994264970432628,0.0,2,False,False
ENSG00000160326,SLC2A6,0.3578132236660672,0.21012811363659473,0.725639213663243,1.0,0.023247284430170493,0.9273269296108801,0.9994264970432628,0.0,2,False,False
ENSG00000163636,PSMD6,-0.3578132236660672,0.03611847194907883,0.725639213663243,1.0,0.01455159226994525,0.9541668393088032,0.9994264970432628,0.0,1,False,False
ENSG00000164631,ZNF12,0.3578132236660672,-0.0029442100475569823,0.725639213663243,1.0,0.11362700749733512,0.6550543816147422,0.9994264970432628,0.0,3,False,False
ENSG00000165678,GHITM,-0.3578132236660672,-0.06377903992462437,0.725639213663243,1.0,-0.06776841252909552,0.7910263574119099,0.9994264970432628,0.0,2,False,False
ENSG00000168288,MMADHC,0.3578132236660672,0.024315370702564076,0.725639213663243,1.0,0.06582503182470395,0.7959787350065533,0.9994264970432628,0.0,2,False,False
ENSG00000168502,MTCL1,-0.3578132236660672,-0.09975488368097755,0.725639213663243,1.0,-0.12544429351877948,0.623373760783807,0.9994264970432628,0.0,3,False,False
ENSG00000168958,MFF,0.3578132236660672,-0.11754169191082935,0.725639213663243,1.0,0.056796748354884956,0.8242529927165032,0.9994264970432628,0.0,3,False,False
ENSG00000169902,TPST1,-0.3578132236660672,0.020374325918615214,0.725639213663243,1.0,-0.01015691692310575,0.9682139722560531,0.9994264970432628,0.0,1,False,False
ENSG00000171552,BCL2L1,0.3578132236660672,0.21997552664072992,0.725639213663243,1.0,0.11999650751643363,0.6379186694975015,0.9994264970432628,0.0,3,False,False
ENSG00000172795,DCP2,0.3578132236660672,-0.0511516755267669,0.725639213663243,1.0,0.045546014952077066,0.8649673378255223,0.9994264970432628,0.0716927711303791,3,False,False
ENSG00000173011,TADA2B,-0.3578132236660672,-0.3132570066973094,0.725639213663243,1.0,-0.002326653013962298,0.9943263503950079,0.9994264970432628,0.34438388659456187,2,False,False
ENSG00000174132,FAM174A,-0.3578132236660672,-0.157578193700987,0.725639213663243,1.0,-0.14136047819149702,0.5767491944162609,0.9994264970432628,0.0,4,False,False
ENSG00000175866,BAIAP2,0.3578132236660672,0.04624689416709321,0.725639213663243,1.0,0.08765372324954261,0.7296337442340131,0.9994264970432628,0.0,2,False,False
ENSG00000176533,GNG7,0.3578132236660672,0.04508041775766682,0.725639213663243,1.0,0.08328303013889815,0.7445444411429001,0.9994264970432628,0.0,2,False,False
ENSG00000181555,SETD2,0.3578132236660672,-0.14003544655493222,0.725639213663243,1.0,-0.001712294424615554,0.9946182699271863,0.9994264970432628,0.0,1,False,False
ENSG00000188938,FAM120AOS,0.3578132236660672,0.13028727457915565,0.725639213663243,1.0,0.13632582905835264,0.5904217566930252,0.9994264970432628,0.0,4,False,False
ENSG00000196498,NCOR2,0.3578132236660672,-0.02958514865368747,0.725639213663243,1.0,0.09697201400997132,0.7036097305621531,0.9994264970432628,0.0,2,False,False
ENSG00000213190,MLLT11,0.3578132236660672,0.04313337408889798,0.725639213663243,1.0,0.11040638971276603,0.6932432370895358,0.9994264970432628,0.13730713583522985,3,False,False
ENSG00000242808,SOX2-OT,0.3578132236660672,-0.06191869518579788,0.725639213663243,1.0,-0.004598769831480404,0.9855867111350924,0.9994264970432628,0.0,2,False,False
ENSG00000185787,MORF4L1,0.3509322001340274,0.1123789432801047,0.7308046942313707,1.0,0.20025198016285545,0.4309820010101164,0.9994264970432628,0.0,3,False,False
ENSG00000196950,SLC39A10,-0.3509322001340274,-0.2468115012996148,0.7308046942313707,1.0,-0.08612848913983212,0.7536059163005515,0.9994264970432628,0.10733360878420714,2,False,False
ENSG00000001629,ANKIB1,0.3440511766019877,-0.007497591810444592,0.7359855855438857,1.0,0.03419758128951725,0.8926936937672563,0.9994264970432628,0.0,2,False,False
ENSG00000022355,GABRA1,-0.3440511766019877,0.00475020206624427,0.7359886356829717,1.0,-0.06822177585125395,0.7880830776042796,0.9994264970432628,0.0,2,False,False
ENSG00000057935,MTA3,-0.3440511766019877,-0.13752364196779904,0.7359886356829717,1.0,-0.0663300109624628,0.7942226847953381,0.9994264970432628,0.0,2,False,False
ENSG00000058404,CAMK2B,-0.3440511766019877,-0.03332656437501353,0.7359886356829717,1.0,-0.03677076053435473,0.8846670802004684,0.9994264970432628,0.0,2,False,False
ENSG00000060709,RIMBP2,-0.3440511766019877,-0.32495394823010054,0.7359886356829717,1.0,-0.03206586053907512,0.9171415452739439,0.9994264970432628,0.2708961530260204,1,False,False
ENSG00000067533,RRP15,-0.3440511766019877,-0.18383582955768688,0.7359886356829717,1.0,-0.0706832994330372,0.7975173913859662,0.9994264970432628,0.11279458197505925,3,False,False
ENSG00000086189,DIMT1,0.3440511766019877,-0.06182655788298591,0.7359886356829717,1.0,0.001546387522459822,0.9951730379229989,0.9994264970432628,0.0,1,False,False
ENSG00000086232,EIF2AK1,0.3440511766019877,0.04092904200896417,0.7359886356829717,1.0,-0.04594542076668317,0.8974003321265358,0.9994264970432628,0.4259927115584547,2,False,False
ENSG00000087495,PHACTR3,0.3440511766019877,-0.15736779325139888,0.7359886356829717,1.0,-0.0023899184425649313,0.9940241339465423,0.9994264970432628,0.315144392941192,2,False,False
ENSG00000100216,TOMM22,-0.3440511766019877,-0.05792146993856343,0.7359886356829717,1.0,-0.1078057581549586,0.6721007611704247,0.9994264970432628,0.0,1,False,False
ENSG00000102178,UBL4A,0.3440511766019877,0.16291030543434482,0.7359886356829717,1.0,0.20880161151312546,0.411546812452238,0.9994264970432628,0.0,3,False,False
ENSG00000102882,MAPK3,-0.3440511766019877,0.0949039925317317,0.7359886356829717,1.0,-0.02248060914486165,0.9318663744632405,0.9994264970432628,0.043101291429278446,1,False,False
ENSG00000103042,SLC38A7,0.3440511766019877,0.28757607405110447,0.7359886356829717,1.0,0.10939456457165163,0.7193499106515819,0.9994264970432628,0.2518071582144545,2,False,False
ENSG00000104219,ZDHHC2,0.3440511766019877,0.018333160481976012,0.7359886356829717,1.0,0.012309043750332536,0.9613578371777995,0.9994264970432628,0.0,2,False,False
ENSG00000104381,GDAP1,-0.3440511766019877,0.16548061354466204,0.7359886356829717,1.0,-0.10553375944064933,0.7723871858995532,0.9994264970432628,0.4619499828979127,2,False,False
ENSG00000105220,GPI,-0.3440511766019877,-0.03667292300527346,0.7359886356829717,1.0,-0.05593344414274197,0.8263146641329225,0.9994264970432628,0.0,2,False,False
ENSG00000105255,FSD1,-0.3440511766019877,0.03191278735411608,0.7359886356829717,1.0,-0.05610341806613783,0.8249409565326995,0.9994264970432628,0.0,3,False,False
ENSG00000105447,GRWD1,0.3440511766019877,-0.030936823790746654,0.7359886356829717,1.0,0.053109704013712615,0.835656642001705,0.9994264970432628,0.0,2,False,False
ENSG00000105701,FKBP8,0.3440511766019877,0.06408229151385915,0.7359886356829717,1.0,0.02207079706359459,0.9311658087319536,0.9994264970432628,0.0,2,False,False
ENSG00000105983,LMBR1,0.3440511766019877,-0.015910942210604996,0.7359886356829717,1.0,0.0733187311721469,0.81233817070819,0.9994264970432628,0.2732491725508655,2,False,False
ENSG00000107077,KDM4C,0.3440511766019877,0.2534726713213451,0.7359886356829717,1.0,0.03621192666241822,0.9244081279812245,0.9994264970432628,0.5049621537518244,1,False,False
ENSG00000107581,EIF3A,0.3440511766019877,-0.014992806234925184,0.7359886356829717,1.0,0.09249906201893507,0.7157366886943153,0.9994264970432628,0.0,2,False,False
ENSG00000114209,PDCD10,0.3440511766019877,0.07878603683034148,0.7359886356829717,1.0,0.2399860156673253,0.5262549989190661,0.9994264970432628,0.4783236589461441,3,False,False
ENSG00000117475,BLZF1,0.3440511766019877,-0.1014780778765125,0.7359886356829717,1.0,0.12102688547664774,0.7573764431897176,0.9994264970432628,0.5227903517682158,3,False,False
ENSG00000117643,MAN1C1,-0.3440511766019877,-0.05144334951662638,0.7359886356829717,1.0,-0.024439557098707453,0.9236324694977072,0.9994264970432628,0.0,2,False,False
ENSG00000119396,RAB14,0.3440511766019877,0.033192646420996764,0.7359886356829717,1.0,0.046998683180988744,0.8723584666019792,0.9994264970432628,0.20208636053194584,2,False,False
ENSG00000121390,PSPC1,-0.3440511766019877,-0.28886057289974987,0.7359886356829717,1.0,-0.12363939058773837,0.6282513223569846,0.9994264970432628,0.0,3,False,False
ENSG00000122042,UBL3,-0.3440511766019877,-0.167150565986207,0.7359886356829717,1.0,0.0005704586634810276,0.9982163739628338,0.9994264970432628,0.0,2,False,False
ENSG00000124383,MPHOSPH10,-0.3440511766019877,-0.19915592382506328,0.7359886356829717,1.0,-0.010813604303749079,0.9662680829828832,0.9994264970432628,0.0,1,False,False
ENSG00000131174,COX7B,0.3440511766019877,-0.3634909250652959,0.7359886356829717,1.0,0.0442281368787797,0.8860003820062886,0.9994264970432628,0.27278634143493347,3,False,False
ENSG00000132471,WBP2,0.3440511766019877,0.21729729537823617,0.7359886356829717,1.0,0.16626219416830718,0.5137760907332171,0.9994264970432628,0.0,3,False,False
ENSG00000133275,CSNK1G2,0.3440511766019877,-0.0015334550417816126,0.7359886356829717,1.0,-0.006833658694268442,0.9785084915577267,0.9994264970432628,0.0,3,False,False
ENSG00000136273,HUS1,-0.3440511766019877,-0.30335213235288605,0.7359886356829717,1.0,-0.15143175468454179,0.6878752739347382,0.9994264970432628,0.4897552858892368,2,False,False
ENSG00000143569,UBAP2L,0.3440511766019877,0.21964744688308618,0.7359886356829717,1.0,0.13609976788554692,0.6345134502798204,0.9994264970432628,0.16750678688365658,2,False,False
ENSG00000148926,ADM,0.3440511766019877,-0.08819177506883744,0.7359886356829717,1.0,-0.0511665350390148,0.8584344999115098,0.9994264970432628,0.17372378896778787,2,False,False
ENSG00000152154,TMEM178A,-0.3440511766019877,-0.09125503072335772,0.7359886356829717,1.0,0.023196599910363932,0.927294748248048,0.9994264970432628,0.0,2,False,False
ENSG00000155868,MED7,-0.3440511766019877,0.07336602736092487,0.7359886356829717,1.0,0.061973353524141565,0.8068502166359482,0.9994264970432628,0.0,2,False,False
ENSG00000158092,NCK1,0.3440511766019877,-0.28847694359819753,0.7359886356829717,1.0,-0.025628721655882373,0.9365735497287673,0.9994264970432628,0.3263667549865513,2,False,False
ENSG00000162736,NCSTN,-0.3440511766019877,0.09662300435467815,0.7359886356829717,1.0,-0.07736909464603993,0.7818020718811216,0.9994264970432628,0.13428883478515288,2,False,False
ENSG00000163704,PRRT3,0.3440511766019877,0.1165320523669742,0.7359886356829717,1.0,0.08941764639600211,0.7505700665082006,0.9994264970432628,0.14100729008110505,3,False,False
ENSG00000163960,UBXN7,0.3440511766019877,-0.07333423894234704,0.7359886356829717,1.0,0.04694887720030192,0.8535123674369669,0.9994264970432628,0.0,2,False,False
ENSG00000164975,SNAPC3,-0.3440511766019877,-0.3360045325305171,0.7359886356829717,1.0,-0.2312839865364471,0.3654497607045074,0.9994264970432628,0.0,3,False,False
ENSG00000166902,MRPL16,-0.3440511766019877,-0.23461477630284647,0.7359886356829717,1.0,-0.10367857155516222,0.6829270130167542,0.9994264970432628,0.0,3,False,False
ENSG00000168743,NPNT,-0.3440511766019877,-0.20534551799869993,0.7359886356829717,1.0,-0.08764457973007288,0.7305035286702526,0.9994264970432628,0.0,2,False,False
ENSG00000174516,PELI3,-0.3440511766019877,-0.25662783862746164,0.7359886356829717,1.0,0.0178003782848198,0.9444953287692478,0.9994264970432628,0.0,2,False,False
ENSG00000178965,ERICH3,0.3440511766019877,0.1729862697290198,0.7359886356829717,1.0,0.1395224446174518,0.583497554444605,0.9994264970432628,0.0,3,False,False
ENSG00000179820,MYADM,0.3440511766019877,-0.02412847389757554,0.7359886356829717,1.0,0.03019743985616875,0.9055515260566189,0.9994264970432628,0.0,3,False,False
ENSG00000184388,PABPC1L2B,0.3440511766019877,0.18091928989197695,0.7359886356829717,1.0,0.14766029901303035,0.5968111613198079,0.9994264970432628,0.13100947846699795,2,False,False
ENSG00000204899,MZT1,0.3440511766019877,0.012998670612814945,0.7359886356829717,1.0,0.014916965388987423,0.9535045307415967,0.9994264970432628,0.0,2,False,False
ENSG00000102393,GLA,0.33717015306994796,0.06767764552554971,0.7411785111128897,1.0,0.07707610219308804,0.7614118485035567,0.9994264970432628,0.0,1,False,False
ENSG00000126733,DACH2,-0.33717015306994796,-0.09753196742478562,0.7411785111128897,1.0,-0.039290502068343544,0.8778670982284325,0.9994264970432628,0.0,2,False,False
ENSG00000070882,OSBPL3,0.3302891295379082,-0.096569126689104,0.7463861914167738,1.0,0.028371656371549002,0.910917249320088,0.9994264970432628,0.0,2,False,False
ENSG00000081026,MAGI3,-0.3302891295379082,-0.10227353499520928,0.7463861914167738,1.0,-0.013938119906397052,0.9563126725852341,0.9994264970432628,0.0,3,False,False
ENSG00000082258,CCNT2,0.3302891295379082,0.11584004148222345,0.7463861914167738,1.0,0.12231960624982458,0.629939543647059,0.9994264970432628,0.0,3,False,False
ENSG00000090020,SLC9A1,-0.3302891295379082,0.02370658486632998,0.7463861914167738,1.0,-0.02937991770548937,0.9076370178408173,0.9994264970432628,0.0,2,False,False
ENSG00000092978,GPATCH2,-0.3302891295379082,-0.2567701832240329,0.7463861914167738,1.0,-0.18474631274537667,0.6229271206827629,0.9994264970432628,0.47892412069482,3,False,False
ENSG00000099817,POLR2E,-0.3302891295379082,-0.2933828689476181,0.7463861914167738,1.0,-0.11724566667891964,0.6442397284355311,0.9994264970432628,0.0,2,False,False
ENSG00000100014,SPECC1L,0.3302891295379082,0.2706004876793247,0.7463861914167738,1.0,0.1402306412065725,0.6312879207940869,0.9994264970432628,0.19893170667328688,2,False,False
ENSG00000100605,ITPK1,-0.3302891295379082,-0.12092990969664998,0.7463861914167738,1.0,-0.1415318544885727,0.580336772150079,0.9994264970432628,0.0,3,False,False
ENSG00000102189,EEA1,-0.3302891295379082,-0.06137783850224582,0.7463861914167738,1.0,-0.13812715689628813,0.5861445926994443,0.9994264970432628,0.0,3,False,False
ENSG00000104067,TJP1,-0.3302891295379082,-0.15762754791473507,0.7463861914167738,1.0,-0.14546782733992245,0.5690424794537948,0.9994264970432628,0.0,2,False,False
ENSG00000106263,EIF3B,-0.3302891295379082,-0.07921769188054537,0.7463861914167738,1.0,-0.08051367886978501,0.7508196152588245,0.9994264970432628,0.0,3,False,False
ENSG00000107949,BCCIP,-0.3302891295379082,-0.11242175010458219,0.7463861914167738,1.0,-0.029348559743086373,0.9079578827290851,0.9994264970432628,0.0,2,False,False
ENSG00000109929,SC5D,-0.3302891295379082,-0.15600997862277732,0.7463861914167738,1.0,-0.1449154750993584,0.7115951897219618,0.9994264970432628,0.5276754645531853,2,False,False
ENSG00000111276,CDKN1B,-0.3302891295379082,-0.14580990227930762,0.7463861914167738,1.0,-0.0557975416249915,0.8258925372316316,0.9994264970432628,0.0,2,False,False
ENSG00000111731,C2CD5,0.3302891295379082,0.05245908178527058,0.7463861914167738,1.0,0.09577025731374952,0.7070436015254007,0.9994264970432628,0.0,3,False,False
ENSG00000116171,SCP2,-0.3302891295379082,-0.05250741073302811,0.7463861914167738,1.0,-0.03851355344961773,0.8791719743254247,0.9994264970432628,0.0,2,False,False
ENSG00000116857,TMEM9,-0.3302891295379082,-0.05682370646546508,0.7463861914167738,1.0,-0.04678577761138567,0.8535020442496228,0.9994264970432628,0.0,3,False,False
ENSG00000119865,CNRIP1,-0.3302891295379082,-0.21040787283772994,0.7463861914167738,1.0,-0.12095655371885741,0.6367295400036133,0.9994264970432628,0.0,2,False,False
ENSG00000123384,LRP1,-0.3302891295379082,-0.07340665744537811,0.7463861914167738,1.0,-0.09792804980456227,0.7016438220136141,0.9994264970432628,0.0,2,False,False
ENSG00000125863,MKKS,0.3302891295379082,-0.06708139983383422,0.7463861914167738,1.0,0.10972453564292677,0.6662801459646739,0.9994264970432628,0.0,3,False,False
ENSG00000131016,AKAP12,-0.3302891295379082,-0.24454154993661534,0.7463861914167738,1.0,-0.2216448271291848,0.5720057063047708,0.9994264970432628,0.5211337947487334,2,False,False
ENSG00000131148,EMC8,-0.3302891295379082,-0.19271622924809795,0.7463861914167738,1.0,-0.17387636281758076,0.49329915381633005,0.9994264970432628,0.0,3,False,False
ENSG00000138363,ATIC,0.3302891295379082,0.1807808434873126,0.7463861914167738,1.0,0.20149891102984624,0.4268775958673853,0.9994264970432628,0.0,4,False,False
ENSG00000139531,SUOX,0.3302891295379082,-0.13986951013770932,0.7463861914167738,1.0,-0.0560916094113998,0.8249987280747464,0.9994264970432628,0.0,2,False,False
ENSG00000141741,MIEN1,0.3302891295379082,-0.14202027342296497,0.7463861914167738,1.0,-0.051515154074016876,0.8391509024220625,0.9994264970432628,0.0,2,False,False
ENSG00000143106,PSMA5,-0.3302891295379082,-0.09115792358557886,0.7463861914167738,1.0,-0.0414760742288352,0.870165519720205,0.9994264970432628,0.0,3,False,False
ENSG00000143147,GPR161,-0.3302891295379082,-0.13774601155003904,0.7463861914167738,1.0,-0.08948437634418745,0.7239872903705076,0.9994264970432628,0.0,3,False,False
ENSG00000144524,COPS7B,-0.3302891295379082,-0.07152940578367717,0.7463861914167738,1.0,-0.02091754008757148,0.9343033747572332,0.9994264970432628,0.0,3,False,False
ENSG00000145242,EPHA5,0.3302891295379082,0.11086256544021204,0.7463861914167738,1.0,0.1455641770568071,0.5814271461440921,0.9994264970432628,0.047811567943026614,2,False,False
ENSG00000153904,DDAH1,-0.3302891295379082,-0.1592772734000546,0.7463861914167738,1.0,-0.09484122483316747,0.7390896016366408,0.9994264970432628,0.16281248696123746,2,False,False
ENSG00000154359,LONRF1,-0.3302891295379082,-0.05861215350910223,0.7463861914167738,1.0,-0.08088853355036099,0.7512021332903488,0.9994264970432628,0.0,2,False,False
ENSG00000155252,PI4K2A,-0.3302891295379082,-0.1074451371380498,0.7463861914167738,1.0,-0.12557252152664744,0.6216021316749285,0.9994264970432628,0.0,3,False,False
ENSG00000160087,UBE2J2,-0.3302891295379082,0.01680415067543675,0.7463861914167738,1.0,-0.08199972123396328,0.7480066009827656,0.9994264970432628,0.0,2,False,False
ENSG00000162517,PEF1,0.3302891295379082,0.0045326390951032774,0.7463861914167738,1.0,0.03943282193800254,0.8769008566827003,0.9994264970432628,0.0,2,False,False
ENSG00000162989,KCNJ3,0.3302891295379082,-0.06818535731469047,0.7463861914167738,1.0,0.01888042659460703,0.9465797019162091,0.9994264970432628,0.14848321250743637,2,False,False
ENSG00000163344,PMVK,0.3302891295379082,0.022642283880543852,0.7463861914167738,1.0,0.19396388600361186,0.6648944325954327,0.9994264970432628,0.6204850486856923,3,False,False
ENSG00000163634,THOC7,-0.3302891295379082,-0.1136043457740698,0.7463861914167738,1.0,-0.10548678816141535,0.6787926382810755,0.9994264970432628,0.0,2,False,False
ENSG00000166348,USP54,0.3302891295379082,0.028003901533036613,0.7463861914167738,1.0,0.0680390941275628,0.7882682852336134,0.9994264970432628,0.0,2,False,False
ENSG00000167549,CORO6,0.3302891295379082,0.18692578808356763,0.7463861914167738,1.0,0.10844532255633205,0.7434930839817955,0.9994264970432628,0.358829330864548,2,False,False
ENSG00000167601,AXL,0.3302891295379082,0.1090543334765408,0.7463861914167738,1.0,0.08465002188539246,0.7395497801820095,0.9994264970432628,0.0,3,False,False
ENSG00000168309,FAM107A,0.3302891295379082,0.03997635467824311,0.7463861914167738,1.0,0.0326667967604829,0.8973607823368793,0.9994264970432628,0.0,3,False,False
ENSG00000170348,TMED10,-0.3302891295379082,-0.3183917486064357,0.7463861914167738,1.0,-0.18166699672751993,0.47738226670539585,0.9994264970432628,0.0,2,False,False
ENSG00000186806,VSIG10L,0.3302891295379082,-0.1276795017659017,0.7463861914167738,1.0,0.08253526825125108,0.7888398148920893,0.9994264970432628,0.26360672245061045,3,False,False
ENSG00000196220,SRGAP3,-0.3302891295379082,-0.10349471880725855,0.7463861914167738,1.0,-0.10432478677552003,0.68149217961893,0.9994264970432628,0.0,3,False,False
ENSG00000196482,ESRRG,0.3302891295379082,0.21383993331434084,0.7463861914167738,1.0,-0.0021267867241860253,0.9944363127247036,0.9994264970432628,0.25767081127522723,3,False,False
ENSG00000197170,PSMD12,-0.3302891295379082,-0.09490839278259416,0.7463861914167738,1.0,-0.10006101958164616,0.6959864173321588,0.9994264970432628,0.0,3,False,False
ENSG00000198373,WWP2,-0.3302891295379082,-0.14531003120597838,0.7463861914167738,1.0,-0.03399733382808143,0.8934404316061048,0.9994264970432628,0.0,3,False,False
ENSG00000214113,LYRM4,-0.3302891295379082,-0.01558351641385023,0.7463861914167738,1.0,0.0038312644141878316,0.9879170149055192,0.9994264970432628,0.0,1,False,False
ENSG00000224470,ATXN1L,-0.3302891295379082,-0.3441372972340696,0.7463861914167738,1.0,-0.19351414775429168,0.4477002662675704,0.9994264970432628,0.0,3,False,False
ENSG00000167552,TUBA1A,-0.32340810600586845,-0.1727251124411452,0.7515967065453545,1.0,-0.10475928940022523,0.6810766214076318,0.9994264970432628,0.0,3,False,False
ENSG00000183978,COA3,-0.32340810600586845,-0.08436849696096074,0.7515995894269004,1.0,-0.036155833965533346,0.8873327186069273,0.9994264970432628,0.0,3,False,False
ENSG00000000419,DPM1,-0.31652708247382866,-0.019739891194154733,0.756830126553702,1.0,0.054339853052303974,0.8304918603497325,0.9994264970432628,0.0,2,False,False
ENSG00000001561,ENPP4,0.31652708247382866,0.2578123370770293,0.756830126553702,1.0,0.1605073822989795,0.5289359881943474,0.9994264970432628,0.0,3,False,False
ENSG00000005893,LAMP2,-0.31652708247382866,-0.08288532379784418,0.756830126553702,1.0,0.029530234068389546,0.9075741962208658,0.9994264970432628,0.0,3,False,False
ENSG00000008282,SYPL1,-0.31652708247382866,-0.06428775625114426,0.756830126553702,1.0,-0.02623355498980554,0.9268027542413966,0.9994264970432628,0.16724945031610644,2,False,False
ENSG00000012963,UBR7,0.31652708247382866,-0.038205696279645714,0.756830126553702,1.0,0.030116811489845886,0.9140473673414377,0.9994264970432628,0.13192632195830073,3,False,False
ENSG00000018236,CNTN1,-0.31652708247382866,-0.3084203767832753,0.756830126553702,1.0,-0.16618107939417254,0.5134511371394663,0.9994264970432628,0.0,3,False,False
ENSG00000023318,ERP44,0.31652708247382866,0.09168814487726949,0.756830126553702,1.0,0.04283386877568969,0.866907662492678,0.9994264970432628,0.0,3,False,False
ENSG00000063245,EPN1,-0.31652708247382866,0.07786577324459876,0.756830126553702,1.0,-0.06968807753370541,0.7850612200068837,0.9994264970432628,0.0,2,False,False
ENSG00000063660,GPC1,0.31652708247382866,0.3873851104732037,0.756830126553702,1.0,0.14992654853846324,0.6858494152776432,0.9994264970432628,0.476457591224138,1,False,False
ENSG00000068697,LAPTM4A,0.31652708247382866,-0.045421706367721734,0.756830126553702,1.0,0.10699878343288674,0.8313031183682682,0.9994264970432628,0.6976177806228209,2,False,False
ENSG00000071575,TRIB2,-0.31652708247382866,-0.00860310065652942,0.756830126553702,1.0,-0.08801463853518478,0.7660103212791344,0.9994264970432628,0.21086050180718252,3,False,False
ENSG00000083720,OXCT1,-0.31652708247382866,-0.15121595308616198,0.756830126553702,1.0,-0.08666771080788696,0.7328871884478327,0.9994264970432628,0.0,3,False,False
ENSG00000085449,WDFY1,0.31652708247382866,0.0004097867544394185,0.756830126553702,1.0,0.10268901706429359,0.6856813631506297,0.9994264970432628,0.0,3,False,False
ENSG00000100138,SNU13,0.31652708247382866,-0.08403173563570183,0.756830126553702,1.0,0.04865992308064253,0.848728205468118,0.9994264970432628,0.0,2,False,False
ENSG00000102144,PGK1,0.31652708247382866,0.06306529741246882,0.756830126553702,1.0,0.1553518003220464,0.540886599354095,0.9994264970432628,0.0,3,False,False
ENSG00000105819,PMPCB,-0.31652708247382866,-0.4191653786915704,0.756830126553702,1.0,-0.10255198808320305,0.7327217610761549,0.9994264970432628,0.23655519881650958,1,False,False
ENSG00000108509,CAMTA2,0.31652708247382866,0.013849269437102971,0.756830126553702,1.0,0.07654195914906385,0.7643316115552719,0.9994264970432628,0.0,2,False,False
ENSG00000110321,EIF4G2,-0.31652708247382866,-0.14606979608223983,0.756830126553702,1.0,-0.011869502739930964,0.969689545293099,0.9994264970432628,0.28927652794862657,1,False,False
ENSG00000110436,SLC1A2,0.31652708247382866,-0.026830358127463504,0.756830126553702,1.0,0.0578932264553559,0.8745354900906518,0.9994264970432628,0.44945778493001953,1,False,False
ENSG00000115762,PLEKHB2,-0.31652708247382866,0.0418100429309609,0.756830126553702,1.0,0.010578940370222854,0.9669046591583293,0.9994264970432628,0.0,3,False,False
ENSG00000119986,AVPI1,0.31652708247382866,-0.14552852487711115,0.756830126553702,1.0,0.09894626800777996,0.6975402935322944,0.9994264970432628,0.0,2,False,False
ENSG00000126088,UROD,-0.31652708247382866,-0.05969683835350425,0.756830126553702,1.0,-0.04130440502477679,0.8703747156258055,0.9994264970432628,0.0,2,False,False
ENSG00000128829,EIF2AK4,0.31652708247382866,0.03363620791390262,0.756830126553702,1.0,0.07634941537113324,0.7629274985710516,0.9994264970432628,0.0,3,False,False
ENSG00000129244,ATP1B2,-0.31652708247382866,0.038488923526324596,0.756830126553702,1.0,-0.1349587350918007,0.7371078897050537,0.9994264970432628,0.5524135266830744,1,False,False
ENSG00000137266,SLC22A23,0.31652708247382866,0.175099156809521,0.756830126553702,1.0,0.12519810279189206,0.624444035756278,0.9994264970432628,0.0,1,False,False
ENSG00000138162,TACC2,0.31652708247382866,0.04184586104197643,0.756830126553702,1.0,0.0540524129246298,0.8311272352911809,0.9994264970432628,0.0,2,False,False
ENSG00000138835,RGS3,0.31652708247382866,0.19194553899834096,0.756830126553702,1.0,0.20587323107579159,0.45042579252930015,0.9994264970432628,0.09722436111270094,2,False,False
ENSG00000144224,UBXN4,-0.31652708247382866,-0.3043148157381493,0.756830126553702,1.0,-0.05859969339942274,0.8174820493854751,0.9994264970432628,0.0,2,False,False
ENSG00000146731,CCT6A,0.31652708247382866,0.19492264018745642,0.756830126553702,1.0,0.2183304731769058,0.39100396718461694,0.9994264970432628,0.0,3,False,False
ENSG00000147642,SYBU,0.31652708247382866,-0.15787707515687263,0.756830126553702,1.0,0.06288887745940218,0.819336033472186,0.9994264970432628,0.11336422875008231,2,False,False
ENSG00000156050,FAM161B,0.31652708247382866,-0.015921241018656176,0.756830126553702,1.0,-0.0356790184671982,0.887911337435903,0.9994264970432628,0.0,3,False,False
ENSG00000159459,UBR1,-0.31652708247382866,-0.07706475321476824,0.756830126553702,1.0,-0.08438239972625655,0.7395536982991595,0.9994264970432628,0.0,2,False,False
ENSG00000163655,GMPS,0.31652708247382866,0.08698915469555785,0.756830126553702,1.0,0.11472775512686427,0.6506789265516244,0.9994264970432628,0.0,2,False,False
ENSG00000165861,ZFYVE1,-0.31652708247382866,-0.32347212129323094,0.756830126553702,1.0,-0.11254412264884944,0.6602231145841894,0.9994264970432628,0.0,2,False,False
ENSG00000166340,TPP1,0.31652708247382866,-0.11050178647161749,0.756830126553702,1.0,-0.030912760864878517,0.9245249745645227,0.9994264970432628,0.3368148062730463,2,False,False
ENSG00000167515,TRAPPC2L,-0.31652708247382866,-0.4854091821280737,0.756830126553702,1.0,-0.1275979211041532,0.6319598495188687,0.9994264970432628,0.06240303793282924,2,False,False
ENSG00000169490,TM2D2,-0.31652708247382866,-0.34542920682545697,0.756830126553702,1.0,-0.09893188053045295,0.6986097460451529,0.9994264970432628,0.0,2,False,False
ENSG00000172939,OXSR1,0.31652708247382866,0.08620626875665048,0.756830126553702,1.0,0.06021632568502869,0.813544151468001,0.9994264970432628,0.0,2,False,False
ENSG00000173786,CNP,-0.31652708247382866,-0.29363833760615354,0.756830126553702,1.0,-0.06598710780076825,0.7955165358706321,0.9994264970432628,0.0,1,False,False
ENSG00000175334,BANF1,0.31652708247382866,-0.12097745443295947,0.756830126553702,1.0,0.07777102154334764,0.7609442629863129,0.9994264970432628,0.0,3,False,False
ENSG00000177098,SCN4B,0.31652708247382866,0.16839256926495952,0.756830126553702,1.0,0.1202500151237704,0.71482490729935,0.9994264970432628,0.34783708831904947,2,False,False
ENSG00000198258,UBL5,-0.31652708247382866,-0.3141092694642136,0.756830126553702,1.0,-0.11044892163876087,0.664343733583193,0.9994264970432628,0.0,2,False,False
ENSG00000205981,DNAJC19,0.31652708247382866,-0.1715548563688264,0.756830126553702,1.0,0.04587212502259597,0.8842563192857793,0.9994264970432628,0.28710073833990757,1,False,False
ENSG00000172201,ID4,-0.3096460589417889,-0.20658472675789233,0.7620661619794155,1.0,-0.08899919343779406,0.7267629017071213,0.9994264970432628,0.0,2,False,False
ENSG00000017797,RALBP1,-0.3027650354097492,-0.1342737711455214,0.7673186613523262,1.0,-0.0345404909255663,0.9067705435977361,0.9994264970432628,0.21304342395104392,2,False,False
ENSG00000021355,SERPINB1,-0.3027650354097492,-0.44657491240191294,0.7673186613523262,1.0,-0.10453410858843093,0.6940962193004239,0.9994264970432628,0.059392427978770104,2,False,False
ENSG00000069248,NUP133,0.3027650354097492,0.14097180919003738,0.7673186613523262,1.0,0.12952662841391518,0.6101483812842314,0.9994264970432628,0.0,3,False,False
ENSG00000069345,DNAJA2,-0.3027650354097492,-0.3347106147291481,0.7673186613523262,1.0,-0.050004314108100675,0.9043059820028104,0.9994264970432628,0.5748810197616463,1,False,False
ENSG00000071054,MAP4K4,-0.3027650354097492,-0.17422413965539402,0.7673186613523262,1.0,-0.2069153270134987,0.41767063047545605,0.9994264970432628,0.0,3,False,False
ENSG00000077616,NAALAD2,0.3027650354097492,0.03765956121114465,0.7673186613523262,1.0,0.008134449019343785,0.9743706532500557,0.9994264970432628,0.0,2,False,False
ENSG00000084676,NCOA1,0.3027650354097492,-0.12107204501544978,0.7673186613523262,1.0,0.0328604731506214,0.8977993940525999,0.9994264970432628,0.0,1,False,False
ENSG00000086289,EPDR1,0.3027650354097492,-0.048700646471844064,0.7673186613523262,1.0,0.07480243135937849,0.7698596497272332,0.9994264970432628,0.0,2,False,False
ENSG00000091656,ZFHX4,0.3027650354097492,0.3510118490986644,0.7673186613523262,1.0,0.06987674264806307,0.8318594570499547,0.9994264970432628,0.34362301901866515,2,False,False
ENSG00000092140,G2E3,0.3027650354097492,0.07679370050388483,0.7673186613523262,1.0,0.08655567017381653,0.7327352026001158,0.9994264970432628,0.0,2,False,False
ENSG00000102054,RBBP7,-0.3027650354097492,-0.20920718196806587,0.7673186613523262,1.0,-0.1625080820341528,0.5244838724172316,0.9994264970432628,0.0,2,False,False
ENSG00000103160,HSDL1,0.3027650354097492,-0.07961232741556734,0.7673186613523262,1.0,0.26323303568256556,0.4576775520723938,0.9994264970432628,0.41800690010284397,3,False,False
ENSG00000103257,SLC7A5,0.3027650354097492,0.0915231093485827,0.7673186613523262,1.0,0.0752327131431292,0.7678590337415028,0.9994264970432628,0.0,2,False,False
ENSG00000103876,FAH,0.3027650354097492,-0.04201541158227312,0.7673186613523262,1.0,0.20082352763116904,0.6429058504486183,0.9994264970432628,0.5980655303631359,3,False,False
ENSG00000105737,GRIK5,0.3027650354097492,0.15280300312472828,0.7673186613523262,1.0,0.059793918664443196,0.8150644058742957,0.9994264970432628,0.0,2,False,False
ENSG00000107902,LHPP,0.3027650354097492,0.04173292698280588,0.7673186613523262,1.0,0.008222837796980607,0.97414031768328,0.9994264970432628,0.0,2,False,False
ENSG00000109133,TMEM33,0.3027650354097492,0.35968591318750226,0.7673186613523262,1.0,0.24012534047664344,0.34482197429646344,0.9994264970432628,0.0,3,False,False
ENSG00000111860,CEP85L,-0.3027650354097492,-0.12668734884581986,0.7673186613523262,1.0,-0.15458572385354322,0.5433244312610714,0.9994264970432628,0.0,3,False,False
ENSG00000112290,WASF1,0.3027650354097492,0.1079552093907908,0.7673186613523262,1.0,0.09996742739372946,0.6949028640661632,0.9994264970432628,0.0,2,False,False
ENSG00000113742,CPEB4,-0.3027650354097492,-0.13639029958705187,0.7673186613523262,1.0,-0.08897139713846475,0.7269441718170531,0.9994264970432628,0.0,3,False,False
ENSG00000115993,TRAK2,-0.3027650354097492,-0.018482762102071344,0.7673186613523262,1.0,-0.057451020710113675,0.8212636910921599,0.9994264970432628,0.0,2,False,False
ENSG00000117602,RCAN3,-0.3027650354097492,-0.20791442087950052,0.7673186613523262,1.0,-0.07910721800493797,0.7564900310411281,0.9994264970432628,0.0,1,False,False
ENSG00000119523,ALG2,0.3027650354097492,0.20344913194653985,0.7673186613523262,1.0,0.18285058951674177,0.47320954071272303,0.9994264970432628,0.0,3,False,False
ENSG00000129116,PALLD,-0.3027650354097492,-0.14673528855094906,0.7673186613523262,1.0,-0.08366663608211651,0.7418878763498814,0.9994264970432628,0.0,2,False,False
ENSG00000134121,CHL1,-0.3027650354097492,-0.11218194158207832,0.7673186613523262,1.0,-0.07636647842369833,0.7633259066013756,0.9994264970432628,0.0,2,False,False
ENSG00000134717,BTF3L4,0.3027650354097492,0.08369079638560559,0.7673186613523262,1.0,0.10864392915437243,0.6698764833730873,0.9994264970432628,0.0,3,False,False
ENSG00000137513,NARS2,0.3027650354097492,0.13677411674839088,0.7673186613523262,1.0,0.15007391221247973,0.5535380914372154,0.9994264970432628,0.0,4,False,False
ENSG00000137575,SDCBP,0.3027650354097492,0.10324622808011008,0.7673186613523262,1.0,0.16311385881075413,0.520593114557655,0.9994264970432628,0.0,3,False,False
ENSG00000141338,ABCA8,0.3027650354097492,0.08408245955403766,0.7673186613523262,1.0,0.14453361607537657,0.7218088612736722,0.9994264970432628,0.5566493896648516,2,False,False
ENSG00000142235,LMTK3,-0.3027650354097492,0.01687053526887065,0.7673186613523262,1.0,-0.07644227527404832,0.8060576449113316,0.9994264970432628,0.28356731965635557,3,False,False
ENSG00000143797,MBOAT2,0.3027650354097492,-0.11559720465416472,0.7673186613523262,1.0,-0.009436290538403636,0.9704026949851517,0.9994264970432628,0.0,3,False,False
ENSG00000145335,SNCA,-0.3027650354097492,-0.11089099762060327,0.7673186613523262,1.0,-0.037670404468198755,0.8818431440242934,0.9994264970432628,0.0,3,False,False
ENSG00000147010,SH3KBP1,0.3027650354097492,-0.14061341478306721,0.7673186613523262,1.0,0.08140508567592884,0.7565901451371739,0.9994264970432628,0.04084956421148378,3,False,False
ENSG00000148180,GSN,-0.3027650354097492,-0.3231641469475045,0.7673186613523262,1.0,-0.13779447838958883,0.5905801170975047,0.9994264970432628,0.0,2,False,False
ENSG00000148229,POLE3,-0.3027650354097492,-0.3373079441174664,0.7673186613523262,1.0,-0.15098293912556748,0.5541092884717111,0.9994264970432628,0.0,3,False,False
ENSG00000151240,DIP2C,0.3027650354097492,-0.19488409999672832,0.7673186613523262,1.0,-0.03232377004553446,0.8987996386816963,0.9994264970432628,0.0,3,False,False
ENSG00000152684,PELO,-0.3027650354097492,-0.5044606442590615,0.7673186613523262,1.0,-0.17764921548074433,0.572530845230886,0.9994264970432628,0.286545315940942,3,False,False
ENSG00000155903,RASA2,0.3027650354097492,0.018375418304782,0.7673186613523262,1.0,0.07442177548922575,0.7709575476606065,0.9994264970432628,0.0,3,False,False
ENSG00000155966,AFF2,-0.3027650354097492,0.13711214843196007,0.7673186613523262,1.0,-0.07543108783441167,0.8231449843642471,0.9994264970432628,0.3673894327926106,2,False,False
ENSG00000158615,PPP1R15B,-0.3027650354097492,-0.46455799578706325,0.7673186613523262,1.0,-0.12434115379402563,0.7804181564303333,0.9994264970432628,0.6315247139536444,3,False,False
ENSG00000158864,NDUFS2,0.3027650354097492,0.008677156308000712,0.7673186613523262,1.0,0.09465237978537636,0.7097925113538048,0.9994264970432628,0.0,2,False,False
ENSG00000160285,LSS,-0.3027650354097492,-0.013485638894661233,0.7673186613523262,1.0,-0.028816508762548917,0.9099974955506184,0.9994264970432628,0.0,3,False,False
ENSG00000160695,VPS11,-0.3027650354097492,0.03833757096764227,0.7673186613523262,1.0,-0.022857479162169552,0.9364300560936019,0.9994264970432628,0.16574145329521758,1,False,False
ENSG00000162852,CNST,0.3027650354097492,0.11314119016805599,0.7673186613523262,1.0,0.0462582862500337,0.8608869852876888,0.9994264970432628,0.04926969624674673,2,False,False
ENSG00000163013,FBXO41,0.3027650354097492,0.0004839761354826495,0.7673186613523262,1.0,0.08799519856424204,0.7285684337245187,0.9994264970432628,0.0,3,False,False
ENSG00000163393,SLC22A15,-0.3027650354097492,-0.1012221353898167,0.7673186613523262,1.0,-0.14222377799933164,0.6861121262351865,0.9994264970432628,0.414520031594239,2,False,False
ENSG00000165023,DIRAS2,-0.3027650354097492,-0.161694172404133,0.7673186613523262,1.0,-0.15962026403980983,0.543855560803364,0.9994264970432628,0.03944512882663395,3,False,False
ENSG00000165672,PRDX3,-0.3027650354097492,0.06836037346900156,0.7673186613523262,1.0,0.08017702537478534,0.7517410781354799,0.9994264970432628,0.0,2,False,False
ENSG00000166128,RAB8B,-0.3027650354097492,0.018836236491241602,0.7673186613523262,1.0,-0.030169849722489817,0.9051680005325597,0.9994264970432628,0.0,3,False,False
ENSG00000166272,WBP1L,0.3027650354097492,0.030974673370502265,0.7673186613523262,1.0,0.08237086744500192,0.7473649102294839,0.9994264970432628,0.0,2,False,False
ENSG00000166710,B2M,0.3027650354097492,-0.040858059929588464,0.7673186613523262,1.0,0.031026780738802395,0.9197340315163034,0.9994264970432628,0.2601434411003133,2,False,False
ENSG00000171604,CXXC5,0.3027650354097492,0.027139988453628982,0.7673186613523262,1.0,0.09187966262574866,0.7169017218177061,0.9994264970432628,0.0,3,False,False
ENSG00000172794,RAB37,-0.3027650354097492,-0.0547641705148257,0.7673186613523262,1.0,-0.001849468362817104,0.9951839703437928,0.9994264970432628,0.26321106994088206,3,False,False
ENSG00000173545,ZNF622,0.3027650354097492,0.07484702585125068,0.7673186613523262,1.0,0.10397778226751107,0.6825424823597888,0.9994264970432628,0.0,2,False,False
ENSG00000173692,PSMD1,0.3027650354097492,0.06466962312772434,0.7673186613523262,1.0,0.11460471406660894,0.6544004796602256,0.9994264970432628,0.0,2,False,False
ENSG00000173898,SPTBN2,0.3027650354097492,0.02448521549127074,0.7673186613523262,1.0,-0.00315381260289344,0.9932196041247191,0.9994264970432628,0.4750419195471771,2,False,False
ENSG00000174306,ZHX3,0.3027650354097492,0.054981468808013564,0.7673186613523262,1.0,-0.00862822172291704,0.9768268681660304,0.9994264970432628,0.22251061882523146,1,False,False
ENSG00000175110,MRPS22,-0.3027650354097492,-0.10928927661880522,0.7673186613523262,1.0,-0.04692248984886186,0.8530149160964519,0.9994264970432628,0.0,2,False,False
ENSG00000175216,CKAP5,0.3027650354097492,0.11006788792227411,0.7673186613523262,1.0,0.10235533673448094,0.6868334771269655,0.9994264970432628,0.0,3,False,False
ENSG00000179262,RAD23A,-0.3027650354097492,-0.044675467360071205,0.7673186613523262,1.0,-0.07388168688545171,0.7715332377183945,0.9994264970432628,0.0,3,False,False
ENSG00000179950,PUF60,-0.3027650354097492,-0.07639012940236634,0.7673186613523262,1.0,-0.08642921311891784,0.733804444664216,0.9994264970432628,0.0,1,False,False
ENSG00000185651,UBE2L3,0.3027650354097492,-0.0741215044791555,0.7673186613523262,1.0,0.08493568376537976,0.7391141561573662,0.9994264970432628,0.0,3,False,False
ENSG00000188677,PARVB,0.3027650354097492,0.15039513240856625,0.7673186613523262,1.0,0.1084747951474368,0.7692303282137566,0.9994264970432628,0.47449681000786487,3,False,False
ENSG00000242247,ARFGAP3,-0.3027650354097492,-0.13677796872711237,0.7673186613523262,1.0,-0.01072690816673984,0.9681625645415025,0.9994264970432628,0.074243611833127,3,False,False
ENSG00000242265,PEG10,0.3027650354097492,-0.059736833067924155,0.7673186613523262,1.0,0.056018837420953795,0.8262227813294847,0.9994264970432628,0.0,3,False,False
ENSG00000264364,DYNLL2,-0.3027650354097492,-0.14093404984536362,0.7673186613523262,1.0,-0.06561922836882175,0.7963071828709642,0.9994264970432628,0.0,3,False,False
ENSG00000008952,SEC62,0.2958840118777094,0.0236900167282506,0.7725764365928008,1.0,0.034282163084119154,0.892975500203364,0.9994264970432628,0.0,2,False,False
ENSG00000128590,DNAJB9,-0.2958840118777094,-0.42617646202373993,0.7725764365928008,1.0,-0.07005681936132978,0.837554965778994,0.9994264970432628,0.3911149128737944,1,False,False
ENSG00000214517,PPME1,0.2890029883456697,0.14038423184041682,0.7778473955097338,1.0,0.07986732818898232,0.7533520541596419,0.9994264970432628,0.0,2,False,False
ENSG00000005175,RPAP3,0.2890029883456697,0.182098273730696,0.7778499915430158,1.0,0.14210957516598507,0.575582369180651,0.9994264970432628,0.0,2,False,False
ENSG00000013016,EHD3,0.2890029883456697,-0.08791256077056867,0.7778499915430158,1.0,0.04285027292469126,0.8670447901585907,0.9994264970432628,0.0,1,False,False
ENSG00000021776,AQR,-0.2890029883456697,0.050697394036496625,0.7778499915430158,1.0,-0.010366867158689654,0.9724352385098954,0.9994264970432628,0.23630778745899306,2,False,False
ENSG00000052126,PLEKHA5,-0.2890029883456697,0.023741926933060164,0.7778499915430158,1.0,-0.021404437068958317,0.9436513048255379,0.9994264970432628,0.24081854582355577,2,False,False
ENSG00000067221,STOML1,-0.2890029883456697,-0.057084468503570754,0.7778499915430158,1.0,-0.14695917019209112,0.5644132468762676,0.9994264970432628,0.0,3,False,False
ENSG00000070010,UFD1,0.2890029883456697,-0.029152054665544543,0.7778499915430158,1.0,0.03449061393318321,0.9008206521320322,0.9994264970432628,0.12226267382253729,3,False,False
ENSG00000075142,SRI,-0.2890029883456697,-0.04921095577106669,0.7778499915430158,1.0,-0.0978499323349463,0.721861369474708,0.9994264970432628,0.10911714897562622,2,False,False
ENSG00000078295,ADCY2,0.2890029883456697,-0.17451689179097005,0.7778499915430158,1.0,-0.11162564982708259,0.6624907539137963,0.9994264970432628,0.0,2,False,False
ENSG00000084623,EIF3I,-0.2890029883456697,-0.38338435791936515,0.7778499915430158,1.0,-0.12973260274881218,0.7011651958167953,0.9994264970432628,0.3806705751627767,2,False,False
ENSG00000096384,HSP90AB1,0.2890029883456697,0.10747305391583296,0.7778499915430158,1.0,0.11711482250681554,0.6460187009968654,0.9994264970432628,0.0,2,False,False
ENSG00000104691,UBXN8,0.2890029883456697,0.00040526824195910626,0.7778499915430158,1.0,0.15664467720984582,0.7172668140607139,0.9994264970432628,0.609680369601085,2,False,False
ENSG00000104915,STX10,0.2890029883456697,0.040395727246532113,0.7778499915430158,1.0,0.1048203701942987,0.6811480961426175,0.9994264970432628,0.0,3,False,False
ENSG00000105618,PRPF31,0.2890029883456697,0.026908370358980218,0.7778499915430158,1.0,0.05295328413229609,0.8358579484109886,0.9994264970432628,0.0,1,False,False
ENSG00000106617,PRKAG2,-0.2890029883456697,-0.30549981096513873,0.7778499915430158,1.0,-0.1866757820323764,0.4657121505137357,0.9994264970432628,0.0,2,False,False
ENSG00000109046,WSB1,0.2890029883456697,0.10350542388400825,0.7778499915430158,1.0,0.047873668689471134,0.8507453206765956,0.9994264970432628,0.0,2,False,False
ENSG00000110395,CBL,0.2890029883456697,-0.04102560034721824,0.7778499915430158,1.0,0.03669968480534106,0.8851681178037567,0.9994264970432628,0.0,3,False,False
ENSG00000113312,TTC1,-0.2890029883456697,-0.11747788309351426,0.7778499915430158,1.0,-0.044886965601704076,0.8737673239305083,0.9994264970432628,0.15229754642682275,2,False,False
ENSG00000115484,CCT4,0.2890029883456697,-0.20649554721375232,0.7778499915430158,1.0,0.061179061808511084,0.8162770763620858,0.9994264970432628,0.044947450442234305,3,False,False
ENSG00000116977,LGALS8,0.2890029883456697,-0.04289788210655321,0.7778499915430158,1.0,-0.013084843251072321,0.9591454152334448,0.9994264970432628,0.0,2,False,False
ENSG00000124380,SNRNP27,-0.2890029883456697,-0.184794385755173,0.7778499915430158,1.0,-0.035494338484834444,0.8887836537145485,0.9994264970432628,0.0,2,False,False
ENSG00000125304,TM9SF2,-0.2890029883456697,-0.21725571959801987,0.7778499915430158,1.0,-0.07454633167897821,0.7690959254184377,0.9994264970432628,0.0,2,False,False
ENSG00000125484,GTF3C4,-0.2890029883456697,-0.060181644749929326,0.7778499915430158,1.0,-0.01212404073868018,0.9618366649680782,0.9994264970432628,0.0,2,False,False
ENSG00000125977,EIF2S2,-0.2890029883456697,-0.3858909184841914,0.7778499915430158,1.0,-0.14784919359325857,0.6220547774515264,0.9994264970432628,0.23495584958310822,2,False,False
ENSG00000128654,MTX2,-0.2890029883456697,0.18176767174656988,0.7778499915430158,1.0,0.0657647867530252,0.7971543651033467,0.9994264970432628,0.0,3,False,False
ENSG00000129562,DAD1,-0.2890029883456697,-0.2300987860371668,0.7778499915430158,1.0,-0.03251356477283677,0.935481688653577,0.9994264970432628,0.5431815684478002,2,False,False
ENSG00000135535,CD164,-0.2890029883456697,-0.2788415374582864,0.7778499915430158,1.0,-0.0351054640566833,0.9419882175735305,0.9994264970432628,0.6661517100678206,2,False,False
ENSG00000136160,EDNRB,0.2890029883456697,-0.12815615210535594,0.7778499915430158,1.0,0.01501684478144474,0.9685951163662201,0.9994264970432628,0.5022964823334709,2,False,False
ENSG00000137218,FRS3,-0.2890029883456697,0.10563936392863521,0.7778499915430158,1.0,0.05048996397258055,0.8420424684427524,0.9994264970432628,0.0,2,False,False
ENSG00000137364,TPMT,-0.2890029883456697,0.035315355730466784,0.7778499915430158,1.0,-0.03831160723859764,0.880863703419366,0.9994264970432628,0.0,2,False,False
ENSG00000138439,FAM117B,0.2890029883456697,-0.050093750854760935,0.7778499915430158,1.0,0.13477818712921633,0.7261257259760648,0.9994264970432628,0.5065746465209721,3,False,False
ENSG00000138785,INTS12,-0.2890029883456697,-0.17742226492164448,0.7778499915430158,1.0,-0.05892187869276399,0.8553039799276252,0.9994264970432628,0.32291977306801456,2,False,False
ENSG00000139211,AMIGO2,-0.2890029883456697,-0.26240434560961096,0.7778499915430158,1.0,-0.05042060814523694,0.8707749760192987,0.9994264970432628,0.28031974107564506,2,False,False
ENSG00000140319,SRP14,-0.2890029883456697,-0.04333476528261382,0.7778499915430158,1.0,0.004907800027056879,0.9845740953312829,0.9994264970432628,0.0,2,False,False
ENSG00000143158,MPC2,-0.2890029883456697,-0.2405610763048578,0.7778499915430158,1.0,-0.16494209834849693,0.5171603838899546,0.9994264970432628,0.0,3,False,False
ENSG00000148308,GTF3C5,0.2890029883456697,0.09587244194428712,0.7778499915430158,1.0,0.09714563830506136,0.7039087419402144,0.9994264970432628,0.0,2,False,False
ENSG00000149218,ENDOD1,-0.2890029883456697,-0.030099142306618906,0.7778499915430158,1.0,-0.008311434358547434,0.9738997151801843,0.9994264970432628,0.0,2,False,False
ENSG00000154229,PRKCA,0.2890029883456697,-0.05221526478118705,0.7778499915430158,1.0,-0.012531060715445002,0.9605817091441837,0.9994264970432628,0.0,1,False,False
ENSG00000154639,CXADR,0.2890029883456697,0.11266948641514783,0.7778499915430158,1.0,0.0968732652101256,0.7025063049232705,0.9994264970432628,0.0,3,False,False
ENSG00000154917,RAB6B,-0.2890029883456697,0.10192770307720528,0.7778499915430158,1.0,-0.03337862609896446,0.8962256461429544,0.9994264970432628,0.0,2,False,False
ENSG00000160716,CHRNB2,-0.2890029883456697,-0.011622357554538491,0.7778499915430158,1.0,-0.0377876095201567,0.8817617491254156,0.9994264970432628,0.0,2,False,False
ENSG00000163170,BOLA3,0.2890029883456697,0.30137481672332406,0.7778499915430158,1.0,0.19259319497026342,0.4494835955378662,0.9994264970432628,0.0,3,False,False
ENSG00000163866,SMIM12,0.2890029883456697,-0.34368807163145715,0.7778499915430158,1.0,0.07215428349731641,0.8514151140160441,0.9994264970432628,0.500411876908578,2,False,False
ENSG00000167861,HID1,-0.2890029883456697,-0.008858641026795473,0.7778499915430158,1.0,-0.1009379072018411,0.6915996698713646,0.9994264970432628,0.0,2,False,False
ENSG00000168615,ADAM9,0.2890029883456697,0.2880208492688568,0.7778499915430158,1.0,0.10437952742565353,0.6814187135003474,0.9994264970432628,0.0,2,False,False
ENSG00000168827,GFM1,-0.2890029883456697,-0.19385376364506832,0.7778499915430158,1.0,0.06094724885716091,0.8812398099027496,0.9994264970432628,0.5628931138042461,3,False,False
ENSG00000169057,MECP2,0.2890029883456697,0.043777382668377496,0.7778499915430158,1.0,0.05525483028221359,0.8275700400257727,0.9994264970432628,0.0,2,False,False
ENSG00000170624,SGCD,-0.2890029883456697,-0.20529076472074728,0.7778499915430158,1.0,-0.1641003877681285,0.5195690894752272,0.9994264970432628,0.0,3,False,False
ENSG00000171953,ATPAF2,-0.2890029883456697,-0.14155381456059168,0.7778499915430158,1.0,-0.10934434913440937,0.6657407846083574,0.9994264970432628,0.0,4,False,False
ENSG00000175264,CHST1,-0.2890029883456697,-0.09492320440944453,0.7778499915430158,1.0,-0.05307605416713839,0.8363356780757183,0.9994264970432628,0.0057499318095733595,3,False,False
ENSG00000178951,ZBTB7A,-0.2890029883456697,-0.23445456729464853,0.7778499915430158,1.0,-0.1386684376710858,0.5845816078275403,0.9994264970432628,0.0,3,False,False
ENSG00000183172,SMDT1,0.2890029883456697,-0.03995385913409106,0.7778499915430158,1.0,0.0070038717582364554,0.977944183581589,0.9994264970432628,0.0,2,False,False
ENSG00000184867,ARMCX2,-0.2890029883456697,-0.1990147921230413,0.7778499915430158,1.0,-0.03743711224533249,0.8910952556546602,0.9994264970432628,0.10409637755390753,1,False,False
ENSG00000197858,GPAA1,0.2890029883456697,0.04298176142627684,0.7778499915430158,1.0,0.012286256378318974,0.9682950454530848,0.9994264970432628,0.2757796936924176,2,False,False
ENSG00000198162,MAN1A2,-0.2890029883456697,-0.015330970067112749,0.7778499915430158,1.0,-0.07974219697394097,0.7530181292103783,0.9994264970432628,0.0,3,False,False
ENSG00000084073,ZMPSTE24,0.2821219648136299,0.13047146984276578,0.7831285970194393,1.0,-0.030515939411618443,0.9252472658953229,0.9994264970432628,0.332830272903872,2,False,False
ENSG00000164418,GRIK2,-0.2821219648136299,0.06864151693298093,0.7831285970194393,1.0,-0.07672467755477397,0.7637181757510199,0.9994264970432628,0.0,3,False,False
ENSG00000169439,SDC2,-0.2821219648136299,-0.06322973894707201,0.7831285970194393,1.0,-0.04538876533305407,0.9011824645182833,0.9994264970432628,0.46396081210659096,1,False,False
ENSG00000184905,TCEAL2,-0.2821219648136299,-0.1558064047006743,0.7831285970194393,1.0,-0.07445391492193038,0.7691789065889754,0.9994264970432628,0.0,2,False,False
ENSG00000065154,OAT,-0.27524094128159016,0.052225860332272805,0.7884198104835539,1.0,0.03066281726981031,0.9040902792833676,0.9994264970432628,0.0,1,False,False
ENSG00000133134,BEX2,-0.27524094128159016,-0.07806018598123875,0.7884198104835539,1.0,-0.04376022217611187,0.8635635561908394,0.9994264970432628,0.0,2,False,False
ENSG00000197956,S100A6,0.27524094128159016,-0.42732668201550633,0.7884198104835539,1.0,0.033866409232829395,0.9566128431929579,0.9994264970432628,0.7943281515278728,2,False,False
ENSG00000014216,CAPN1,-0.27524094128159016,0.09234082206058136,0.7884222892526951,1.0,0.0446553790156804,0.8605897368064984,0.9994264970432628,0.0,2,False,False
ENSG00000049759,NEDD4L,0.27524094128159016,0.04730799883020871,0.7884222892526951,1.0,0.04555684555827651,0.858337753505729,0.9994264970432628,0.0,2,False,False
ENSG00000067248,DHX29,-0.27524094128159016,0.11195635926027556,0.7884222892526951,1.0,0.013117640420713172,0.9589606202908709,0.9994264970432628,0.0,2,False,False
ENSG00000067840,PDZD4,-0.27524094128159016,-0.1795273809007944,0.7884222892526951,1.0,-0.016785726691729598,0.9668249131113757,0.9994264970432628,0.5531835988986443,3,False,False
ENSG00000072858,SIDT1,0.27524094128159016,-0.2559691270735288,0.7884222892526951,1.0,-0.09843820998366166,0.7060594556585469,0.9994264970432628,0.030474376611042093,2,False,False
ENSG00000075240,GRAMD4,-0.27524094128159016,-0.2071238462657671,0.7884222892526951,1.0,-0.14685441230237006,0.6163089780188917,0.9994264970432628,0.19871519664135903,2,False,False
ENSG00000076984,MAP2K7,0.27524094128159016,0.16477467488146855,0.7884222892526951,1.0,0.00914371020294062,0.9813546273294897,0.9994264970432628,0.5268854528702053,1,False,False
ENSG00000080371,RAB21,0.27524094128159016,0.15794586206768224,0.7884222892526951,1.0,0.11123368786646672,0.6614026212235393,0.9994264970432628,0.0,3,False,False
ENSG00000081154,PCNP,0.27524094128159016,0.12515745227295064,0.7884222892526951,1.0,0.17952917932918286,0.4807122078220524,0.9994264970432628,0.0,3,False,False
ENSG00000084070,SMAP2,-0.27524094128159016,0.12615087807994965,0.7884222892526951,1.0,0.02217355541425677,0.9304324729837082,0.9994264970432628,0.0,2,False,False
ENSG00000084754,HADHA,-0.27524094128159016,-0.028019156603746855,0.7884222892526951,1.0,-0.04537179888697423,0.8580193481142718,0.9994264970432628,0.0,2,False,False
ENSG00000085433,WDR47,0.27524094128159016,-0.012589286172112054,0.7884222892526951,1.0,0.1267516692833863,0.6585439029525506,0.9994264970432628,0.17140220165351006,3,False,False
ENSG00000088247,KHSRP,-0.27524094128159016,-0.05805271757211468,0.7884222892526951,1.0,-0.08682581965598014,0.7340345279572387,0.9994264970432628,0.0,2,False,False
ENSG00000092020,PPP2R3C,0.27524094128159016,0.01942368410819322,0.7884222892526951,1.0,0.030999613341694397,0.902525939473028,0.9994264970432628,0.0,2,False,False
ENSG00000092330,TINF2,0.27524094128159016,0.009035590673133673,0.7884222892526951,1.0,0.01662996968327342,0.9478773003789278,0.9994264970432628,0.0,3,False,False
ENSG00000100485,SOS2,0.27524094128159016,-0.20395189439674266,0.7884222892526951,1.0,-0.01730482088640785,0.9647782537669953,0.9994264970432628,0.5305537421210215,2,False,False
ENSG00000102974,CTCF,-0.27524094128159016,-0.4778747542513656,0.7884222892526951,1.0,-0.1616693936664537,0.6052234976945257,0.9994264970432628,0.2857569497584124,2,False,False
ENSG00000104435,STMN2,0.27524094128159016,0.2712657587767376,0.7884222892526951,1.0,0.20596261771319158,0.4197137979344622,0.9994264970432628,0.0,2,False,False
ENSG00000108176,DNAJC12,-0.27524094128159016,-0.1203130628450261,0.7884222892526951,1.0,-0.015498909602725867,0.9512916364006363,0.9994264970432628,0.0,1,False,False
ENSG00000109065,NAT9,-0.27524094128159016,0.3334368664491724,0.7884222892526951,1.0,0.16065692481453064,0.5603571851652015,0.9994264970432628,0.11394795362122108,2,False,False
ENSG00000113594,LIFR,0.27524094128159016,0.025128987853280774,0.7884222892526951,1.0,0.014487582305129124,0.9545940131554994,0.9994264970432628,0.0,2,False,False
ENSG00000115368,WDR75,-0.27524094128159016,-0.1966252290254714,0.7884222892526951,1.0,0.1636496315827235,0.772579504690992,0.9994264970432628,0.7434578955820671,2,False,False
ENSG00000116001,TIA1,-0.27524094128159016,-0.24827265742322757,0.7884222892526951,1.0,-0.12935850528851459,0.6129529155115738,0.9994264970432628,0.0,3,False,False
ENSG00000117481,NSUN4,-0.27524094128159016,-0.07141984691090422,0.7884222892526951,1.0,-0.057727759080288404,0.8208611886394245,0.9994264970432628,0.0,2,False,False
ENSG00000117632,STMN1,-0.27524094128159016,-0.24490483112653927,0.7884222892526951,1.0,-0.04894397621775951,0.8927735459068367,0.9994264970432628,0.45760365802899566,1,False,False
ENSG00000117713,ARID1A,-0.27524094128159016,-0.2051465239204724,0.7884222892526951,1.0,-0.08711255031910944,0.7316000066961991,0.9994264970432628,0.0,2,False,False
ENSG00000120805,ARL1,-0.27524094128159016,0.027531115294160764,0.7884222892526951,1.0,0.03308275119741806,0.8965115035736084,0.9994264970432628,0.0,2,False,False
ENSG00000126216,TUBGCP3,-0.27524094128159016,-0.3873415792953349,0.7884222892526951,1.0,-0.1029672606129172,0.6867383829989818,0.9994264970432628,0.0,2,False,False
ENSG00000133884,DPF2,-0.27524094128159016,-0.24983650591195314,0.7884222892526951,1.0,-0.09880994736126303,0.7628388092935137,0.9994264970432628,0.34677685944062914,2,False,False
ENSG00000136810,TXN,-0.27524094128159016,0.07420021210399318,0.7884222892526951,1.0,0.06845845427583735,0.7867832829673304,0.9994264970432628,0.0,2,False,False
ENSG00000137216,TMEM63B,0.27524094128159016,0.2596666712819896,0.7884222892526951,1.0,0.08289232888654725,0.7786849013446582,0.9994264970432628,0.21243213758421106,1,False,False
ENSG00000138448,ITGAV,0.27524094128159016,0.031281065811515,0.7884222892526951,1.0,0.04211714568480044,0.8684313484365749,0.9994264970432628,0.0,3,False,False
ENSG00000140262,TCF12,0.27524094128159016,0.12652692752283684,0.7884222892526951,1.0,0.07730701467500509,0.7625459743137406,0.9994264970432628,0.0,2,False,False
ENSG00000141385,AFG3L2,-0.27524094128159016,-0.4096107607216735,0.7884222892526951,1.0,-0.11973301377935192,0.6389338973843819,0.9994264970432628,0.0,2,False,False
ENSG00000148660,CAMK2G,-0.27524094128159016,-0.013874901981428375,0.7884222892526951,1.0,-0.013350116921983313,0.9582366051239771,0.9994264970432628,0.0,2,False,False
ENSG00000150347,ARID5B,-0.27524094128159016,-0.19017005231175155,0.7884222892526951,1.0,-0.1096702462467868,0.666927436593225,0.9994264970432628,0.0,2,False,False
ENSG00000151893,CACUL1,-0.27524094128159016,0.03590607593037145,0.7884222892526951,1.0,0.0030524555390466866,0.9903932320522328,0.9994264970432628,0.0,2,False,False
ENSG00000152465,NMT2,-0.27524094128159016,-0.04052188704109477,0.7884222892526951,1.0,-0.11196247294799629,0.6893687615867681,0.9994264970432628,0.1382472760209283,2,False,False
ENSG00000153914,SREK1,0.27524094128159016,-0.25389523871561687,0.7884222892526951,1.0,0.012232976669918438,0.9626407427474316,0.9994264970432628,0.032819503515458696,2,False,False
ENSG00000159111,MRPL10,0.27524094128159016,0.12974569381510123,0.7884222892526951,1.0,0.10792939709630364,0.6710430403828749,0.9994264970432628,0.0,2,False,False
ENSG00000163053,SLC16A14,-0.27524094128159016,-0.18451556140950437,0.7884222892526951,1.0,0.00969241075984975,0.9701105150157556,0.9994264970432628,0.01683845973993912,3,False,False
ENSG00000164463,CREBRF,0.27524094128159016,0.11530307736989555,0.7884222892526951,1.0,0.16630021883889137,0.512187614583016,0.9994264970432628,0.0,3,False,False
ENSG00000164588,HCN1,-0.27524094128159016,-0.14135818686466445,0.7884222892526951,1.0,-0.0731178751481695,0.8696508725327846,0.9994264970432628,0.6280961895437891,3,False,False
ENSG00000164828,SUN1,-0.27524094128159016,0.0029045479621264145,0.7884222892526951,1.0,0.008324259034919844,0.9739879319412654,0.9994264970432628,0.0,2,False,False
ENSG00000165832,TRUB1,-0.27524094128159016,-0.2923848886313341,0.7884222892526951,1.0,-0.11031525482675628,0.6806288654344815,0.9994264970432628,0.07196167430177135,2,False,False
ENSG00000166337,TAF10,-0.27524094128159016,0.04397808530641866,0.7884222892526951,1.0,-0.08206108362819936,0.7471493705869134,0.9994264970432628,0.0,2,False,False
ENSG00000167196,FBXO22,0.27524094128159016,-0.025105989226761855,0.7884222892526951,1.0,0.03549704909833029,0.8887697844112358,0.9994264970432628,0.0,2,False,False
ENSG00000168481,LGI3,0.27524094128159016,0.03208876975077586,0.7884222892526951,1.0,0.157793730049518,0.54525546298774,0.9994264970432628,0.028075451887670057,3,False,False
ENSG00000168917,SLC35G2,-0.27524094128159016,-0.2491908411570844,0.7884222892526951,1.0,0.03400436963983213,0.9219427203417978,0.9994264970432628,0.4101979435267243,3,False,False
ENSG00000172301,COPRS,0.27524094128159016,-0.35659568182188495,0.7884222892526951,1.0,0.05626263150454203,0.8519549871902365,0.9994264970432628,0.24199809692086338,3,False,False
ENSG00000176390,CRLF3,0.27524094128159016,-0.01796627246729501,0.7884222892526951,1.0,-0.005642800128754042,0.9823621705003853,0.9994264970432628,0.0,2,False,False
ENSG00000180398,MCFD2,-0.27524094128159016,-0.2857003022849162,0.7884222892526951,1.0,-0.10914749966255916,0.6679324002015936,0.9994264970432628,0.0,2,False,False
ENSG00000184182,UBE2F,-0.27524094128159016,-0.40172249641042596,0.7884222892526951,1.0,-0.09563855312369195,0.7086622357538552,0.9994264970432628,0.0,2,False,False
ENSG00000185800,DMWD,-0.27524094128159016,-0.06797207005684554,0.7884222892526951,1.0,-0.0920881074657554,0.7167763189851898,0.9994264970432628,0.0,2,False,False
ENSG00000196998,WDR45,-0.27524094128159016,-0.11933045907903952,0.7884222892526951,1.0,0.001085374382888959,0.9971804505675862,0.9994264970432628,0.2655585786015729,3,False,False
ENSG00000197702,PARVA,-0.27524094128159016,-0.17276117678876873,0.7884222892526951,1.0,-0.009177483439788425,0.9780668035509053,0.9994264970432628,0.3598130876742598,2,False,False
ENSG00000213672,NCKIPSD,0.27524094128159016,-0.23244451779572403,0.7884222892526951,1.0,0.1031140058145242,0.7944570935920271,0.9994264970432628,0.5357716529913753,3,False,False
ENSG00000167378,IRGQ,-0.2683599177495504,-0.11569828718149829,0.7937208038774796,1.0,-0.051780026715922495,0.8387582389916735,0.9994264970432628,0.0,3,False,False
ENSG00000198689,SLC9A6,-0.2683599177495504,-0.29245147400604954,0.7937208038774796,1.0,-0.050135819621311646,0.8442285151918303,0.9994264970432628,0.0,2,False,False
ENSG00000005022,SLC25A5,0.26147889421751064,0.06638573521944269,0.7990337039512848,1.0,0.10968752749165087,0.6653584948839736,0.9994264970432628,0.0,3,False,False
ENSG00000007047,MARK4,-0.26147889421751064,-0.005043035252363692,0.7990337039512848,1.0,-0.050927872420842984,0.8409910999619563,0.9994264970432628,0.0,2,False,False
ENSG00000023041,ZDHHC6,-0.26147889421751064,-0.21963692049622224,0.7990337039512848,1.0,-0.1550424914336207,0.542529318937446,0.9994264970432628,0.0,2,False,False
ENSG00000039319,ZFYVE16,-0.26147889421751064,-0.09304725694910904,0.7990337039512848,1.0,-0.059109850825488815,0.815402860654659,0.9994264970432628,0.0,2,False,False
ENSG00000067208,EVI5,-0.26147889421751064,-0.1641146066059796,0.7990337039512848,1.0,-0.04125895035924368,0.8711786769668592,0.9994264970432628,0.0,3,False,False
ENSG00000071082,RPL31,0.26147889421751064,0.14271893974813935,0.7990337039512848,1.0,0.07603647708460448,0.7651389996140432,0.9994264970432628,0.0,3,False,False
ENSG00000071994,PDCD2,0.26147889421751064,0.16412938665386312,0.7990337039512848,1.0,0.1528711276079249,0.5489288894367912,0.9994264970432628,0.0,3,False,False
ENSG00000072110,ACTN1,0.26147889421751064,0.08757621932347723,0.7990337039512848,1.0,0.1416422874833261,0.5783560035398148,0.9994264970432628,0.0,2,False,False
ENSG00000072756,TRNT1,0.26147889421751064,-0.023731034103651717,0.7990337039512848,1.0,0.00904908416826649,0.9808247243352323,0.9994264970432628,0.4908869354799048,3,False,False
ENSG00000090266,NDUFB2,0.26147889421751064,-0.03423594547354163,0.7990337039512848,1.0,0.045923111972265895,0.8569081825202731,0.9994264970432628,0.0,3,False,False
ENSG00000090615,GOLGA3,0.26147889421751064,0.08839674108459807,0.7990337039512848,1.0,0.08970537593671742,0.7243588745491852,0.9994264970432628,0.0,2,False,False
ENSG00000103415,HMOX2,0.26147889421751064,-0.026163348906223714,0.7990337039512848,1.0,0.02644000233170151,0.9172672090962579,0.9994264970432628,0.0,2,False,False
ENSG00000104290,FZD3,0.26147889421751064,0.24247464254251708,0.7990337039512848,1.0,0.08453940059977233,0.7525543597503099,0.9994264970432628,0.07273075362851407,2,False,False
ENSG00000104660,LEPROTL1,0.26147889421751064,0.08459165139860318,0.7990337039512848,1.0,0.05152520875655507,0.8400615898736448,0.9994264970432628,0.0,2,False,False
ENSG00000106351,AGFG2,0.26147889421751064,0.1903165010165452,0.7990337039512848,1.0,0.08211714753646052,0.7474401399530244,0.9994264970432628,0.0,2,False,False
ENSG00000106665,CLIP2,-0.26147889421751064,-0.04741611375209302,0.7990337039512848,1.0,-0.09202182970639276,0.7468415081772124,0.9994264970432628,0.16442596853232858,2,False,False
ENSG00000106993,CDC37L1,-0.26147889421751064,-0.11913016189898112,0.7990337039512848,1.0,-0.08401765809028512,0.7403263712626666,0.9994264970432628,0.0,3,False,False
ENSG00000109475,RPL34,0.26147889421751064,-0.023764985503326924,0.7990337039512848,1.0,0.031145762879741388,0.902453857127968,0.9994264970432628,0.0,3,False,False
ENSG00000110075,PPP6R3,-0.26147889421751064,-0.22013794897128583,0.7990337039512848,1.0,-0.07144721390042516,0.7790132391883737,0.9994264970432628,0.0,2,False,False
ENSG00000111144,LTA4H,-0.26147889421751064,-0.021472436480303825,0.7990337039512848,1.0,0.0067058284969374335,0.9788830674983585,0.9994264970432628,0.0,1,False,False
ENSG00000114023,FAM162A,-0.26147889421751064,-0.030266772895984787,0.7990337039512848,1.0,0.05327218937044683,0.8339842911897392,0.9994264970432628,0.0,3,False,False
ENSG00000117133,RPF1,0.26147889421751064,-0.08359814153292103,0.7990337039512848,1.0,0.1590511232747315,0.539766546906273,0.9994264970432628,0.019193028464688133,3,False,False
ENSG00000118816,CCNI,0.26147889421751064,-0.03927664680201765,0.7990337039512848,1.0,0.05466716749331345,0.8860181240738311,0.9994264970432628,0.5065268763768099,3,False,False
ENSG00000119402,FBXW2,-0.26147889421751064,-0.07904773542048285,0.7990337039512848,1.0,0.11467326527235938,0.6542418533944135,0.9994264970432628,0.0,3,False,False
ENSG00000119471,HSDL2,-0.26147889421751064,-0.04696503854530046,0.7990337039512848,1.0,-0.031357749651173585,0.9286329628341284,0.9994264970432628,0.4213048473199913,1,False,False
ENSG00000120658,ENOX1,-0.26147889421751064,0.1053515238214235,0.7990337039512848,1.0,0.006021684446751209,0.9845133727089997,0.9994264970432628,0.27744187640050616,2,False,False
ENSG00000120800,UTP20,-0.26147889421751064,0.06059990450272151,0.7990337039512848,1.0,0.02368094304935264,0.9261712736449349,0.9994264970432628,0.0,1,False,False
ENSG00000124145,SDC4,0.26147889421751064,0.09557033459149346,0.7990337039512848,1.0,0.15223781819921856,0.7271320267545447,0.9994264970432628,0.6063353358935779,2,False,False
ENSG00000126947,ARMCX1,-0.26147889421751064,-0.11902116157612548,0.7990337039512848,1.0,-0.1161827852752217,0.709266628476886,0.9994264970432628,0.2827743619545627,2,False,False
ENSG00000128268,MGAT3,-0.26147889421751064,0.15944841963819684,0.7990337039512848,1.0,-0.01427716861651615,0.9552712774724361,0.9994264970432628,0.0,3,False,False
ENSG00000129083,COPB1,0.26147889421751064,-0.10127058898149006,0.7990337039512848,1.0,-0.03091453272142069,0.9036041776352405,0.9994264970432628,0.0,3,False,False
ENSG00000129933,MAU2,0.26147889421751064,0.08025490488490014,0.7990337039512848,1.0,0.0370477980001184,0.8848187803931281,0.9994264970432628,0.0,2,False,False
ENSG00000131143,COX4I1,0.26147889421751064,-0.019452727798956376,0.7990337039512848,1.0,0.043779101458360885,0.8630826674329104,0.9994264970432628,0.0,3,False,False
ENSG00000132824,SERINC3,0.26147889421751064,0.2352046504079261,0.7990337039512848,1.0,0.12032358249601334,0.6364156714526097,0.9994264970432628,0.0,2,False,False
ENSG00000135047,CTSL,-0.26147889421751064,-0.17814715964770847,0.7990337039512848,1.0,-0.05931133495790047,0.8611499536692719,0.9994264970432628,0.373474256875182,2,False,False
ENSG00000135250,SRPK2,-0.26147889421751064,-0.07248017810049118,0.7990337039512848,1.0,-0.061380463260120637,0.8091740841400307,0.9994264970432628,0.0,3,False,False
ENSG00000135469,COQ10A,0.26147889421751064,-0.17550996666661553,0.7990337039512848,1.0,0.03141252021240799,0.9280927676923192,0.9994264970432628,0.41644132432084074,2,False,False
ENSG00000137941,TTLL7,-0.26147889421751064,-0.10189822623156812,0.7990337039512848,1.0,-0.0030570627295664374,0.9904622002935038,0.9994264970432628,0.0,2,False,False
ENSG00000141404,GNAL,0.26147889421751064,-0.16825858958058157,0.7990337039512848,1.0,0.06189962970609212,0.8088839382848765,0.9994264970432628,0.0,1,False,False
ENSG00000143314,MRPL24,-0.26147889421751064,-0.06421201904632072,0.7990337039512848,1.0,-0.07308407791811052,0.8074686135664001,0.9994264970432628,0.23526457640711587,2,False,False
ENSG00000144369,FAM171B,0.26147889421751064,0.021246995833301852,0.7990337039512848,1.0,0.04713765824214105,0.8523309490501711,0.9994264970432628,0.0,3,False,False
ENSG00000144401,METTL21A,-0.26147889421751064,-0.14360208006247357,0.7990337039512848,1.0,-0.13626495439399933,0.5924894699782807,0.9994264970432628,0.0,2,False,False
ENSG00000144848,ATG3,0.26147889421751064,0.057063396135976094,0.7990337039512848,1.0,0.11948927240677525,0.6385920575435031,0.9994264970432628,0.0,3,False,False
ENSG00000144867,SRPRB,-0.26147889421751064,-0.09039298346911988,0.7990337039512848,1.0,-0.042665329260197435,0.8675185964794072,0.9994264970432628,0.0,3,False,False
ENSG00000149231,CCDC82,-0.26147889421751064,-0.25450149389271454,0.7990337039512848,1.0,-0.06639137925279257,0.7980286032829196,0.9994264970432628,0.02138053450116852,2,False,False
ENSG00000151090,THRB,0.26147889421751064,-0.026700973415968995,0.7990337039512848,1.0,0.06406914257457058,0.8544584435004943,0.9994264970432628,0.4181953978545055,3,False,False
ENSG00000157778,PSMG3,-0.26147889421751064,-0.08561466545136828,0.7990337039512848,1.0,-0.04985894299548878,0.8452280429846705,0.9994264970432628,0.0,3,False,False
ENSG00000157827,FMNL2,0.26147889421751064,-0.14010098423412257,0.7990337039512848,1.0,0.060327877897813256,0.8259078901735721,0.9994264970432628,0.1058056121167618,2,False,False
ENSG00000160688,FLAD1,-0.26147889421751064,-0.21028572976966983,0.7990337039512848,1.0,-0.09187541493817661,0.718770954115145,0.9994264970432628,0.0,2,False,False
ENSG00000165475,CRYL1,0.26147889421751064,-0.06404585351904038,0.7990337039512848,1.0,0.2391689080314205,0.6439403511470811,0.9994264970432628,0.6824568103405019,1,False,False
ENSG00000167645,YIF1B,0.26147889421751064,0.21899683787699203,0.7990337039512848,1.0,0.13552960773379663,0.6007958590005529,0.9994264970432628,0.017337246041009835,3,False,False
ENSG00000168003,SLC3A2,0.26147889421751064,-0.1172736269037585,0.7990337039512848,1.0,-0.010840962211796226,0.9718562351356469,0.9994264970432628,0.26517630721516733,1,False,False
ENSG00000168610,STAT3,0.26147889421751064,0.028682997626810664,0.7990337039512848,1.0,0.0837051708891615,0.7926171611619593,0.9994264970432628,0.31309204457326434,2,False,False
ENSG00000170921,TANC2,0.26147889421751064,-0.2691331880449961,0.7990337039512848,1.0,-0.02490175479405009,0.9222170527774866,0.9994264970432628,0.0,2,False,False
ENSG00000170989,S1PR1,-0.26147889421751064,0.07648976473455882,0.7990337039512848,1.0,-0.019647306377900083,0.9388009089878832,0.9994264970432628,0.0,1,False,False
ENSG00000173230,GOLGB1,-0.26147889421751064,-0.2034550548307823,0.7990337039512848,1.0,-0.07773852172828098,0.7611770477207176,0.9994264970432628,0.0,2,False,False
ENSG00000173404,INSM1,0.26147889421751064,-0.15094821370999403,0.7990337039512848,1.0,0.02222215843846357,0.9301660166339837,0.9994264970432628,0.0,2,False,False
ENSG00000174579,MSL2,0.26147889421751064,-0.032167640682439894,0.7990337039512848,1.0,0.08978810407566333,0.7248695821926363,0.9994264970432628,0.0,3,False,False
ENSG00000183020,AP2A2,0.26147889421751064,0.13087180965001063,0.7990337039512848,1.0,0.08822551222061406,0.7295682838497128,0.9994264970432628,0.0,3,False,False
ENSG00000184271,POU6F1,-0.26147889421751064,-0.08619735168765805,0.7990337039512848,1.0,-0.03391135043632536,0.8944242427181432,0.9994264970432628,0.0,2,False,False
ENSG00000185630,PBX1,0.26147889421751064,-0.057948771628371,0.7990337039512848,1.0,-0.04323089852820554,0.8643638742499102,0.9994264970432628,0.0,3,False,False
ENSG00000197217,ENTPD4,-0.26147889421751064,-0.23105352121968098,0.7990337039512848,1.0,-0.1641447310973603,0.6937134374403751,0.9994264970432628,0.5674586167491288,2,False,False
ENSG00000164466,SFXN1,-0.2545978706854709,-0.16481777882788468,0.8043511956078724,1.0,-0.12434285796074511,0.623912587902238,0.9994264970432628,0.0,3,False,False
ENSG00000131473,ACLY,0.24771684715343115,-0.06570515186596206,0.8096801232390707,1.0,0.01920144468668836,0.9401921595306721,0.9994264970432628,0.0,2,False,False
ENSG00000035928,RFC1,-0.24771684715343115,-0.2196552634538788,0.809682363419022,1.0,-0.07738997947589746,0.7621921228672328,0.9994264970432628,0.0,2,False,False
ENSG00000089248,ERP29,0.24771684715343115,-0.20128162888784434,0.809682363419022,1.0,0.03346616411999956,0.9063441067625455,0.9994264970432628,0.16299982932926851,2,False,False
ENSG00000089486,CDIP1,0.24771684715343115,-0.12810054110442198,0.809682363419022,1.0,-0.008637679563576217,0.9729526481833529,0.9994264970432628,0.0,2,False,False
ENSG00000099246,RAB18,-0.24771684715343115,-0.1055012678620206,0.809682363419022,1.0,-0.017552073473330602,0.9451256140346413,0.9994264970432628,0.0,2,False,False
ENSG00000099904,ZDHHC8,-0.24771684715343115,-0.06223157491710082,0.809682363419022,1.0,-0.07668955220013618,0.7624206223565883,0.9994264970432628,0.0,2,False,False
ENSG00000100425,BRD1,0.24771684715343115,0.07752928899675438,0.809682363419022,1.0,0.1358402872977812,0.5927620878909297,0.9994264970432628,0.0,3,False,False
ENSG00000100612,DHRS7,-0.24771684715343115,-0.21828227011348358,0.809682363419022,1.0,-0.08916681310596948,0.7271285066946985,0.9994264970432628,0.0,2,False,False
ENSG00000101298,SNPH,0.24771684715343115,0.07169585729546848,0.809682363419022,1.0,0.05189681406247624,0.8375970742968923,0.9994264970432628,0.0,2,False,False
ENSG00000101745,ANKRD12,0.24771684715343115,0.10057450355358165,0.809682363419022,1.0,0.07854526602425162,0.8501269284483879,0.9994264970432628,0.5763835710107209,2,False,False
ENSG00000105058,FAM32A,0.24771684715343115,0.2470794122619661,0.809682363419022,1.0,0.04163487646082089,0.8800335263468421,0.9994264970432628,0.1144054715741838,2,False,False
ENSG00000108671,PSMD11,0.24771684715343115,-0.1591793767009797,0.809682363419022,1.0,0.14121587236614627,0.6687615506314892,0.9994264970432628,0.3563392865779097,3,False,False
ENSG00000113658,SMAD5,-0.24771684715343115,-0.2986427859208497,0.809682363419022,1.0,-0.2446240461478436,0.33705303968687816,0.9994264970432628,0.0,3,False,False
ENSG00000114316,USP4,0.24771684715343115,-0.3530572922955347,0.809682363419022,1.0,0.08350457552842444,0.866747841755737,0.9994264970432628,0.6703617803651488,1,False,False
ENSG00000114354,TFG,0.24771684715343115,-0.0693069039932902,0.809682363419022,1.0,0.03705536925106962,0.8846819801908032,0.9994264970432628,0.0,3,False,False
ENSG00000120733,KDM3B,-0.24771684715343115,-0.2208418502340152,0.809682363419022,1.0,-0.07254194098478163,0.7768211198805783,0.9994264970432628,0.0,3,False,False
ENSG00000124104,SNX21,-0.24771684715343115,-0.2807424056612784,0.809682363419022,1.0,-0.11936676488797572,0.6383025380843431,0.9994264970432628,0.0,2,False,False
ENSG00000131374,TBC1D5,0.24771684715343115,-0.055493337325049005,0.809682363419022,1.0,0.07474747117598352,0.7686408304056036,0.9994264970432628,0.0,2,False,False
ENSG00000135709,KIAA0513,-0.24771684715343115,-0.062079402123779284,0.809682363419022,1.0,0.00872345592828764,0.9727077648316332,0.9994264970432628,0.0,2,False,False
ENSG00000138777,PPA2,-0.24771684715343115,-0.21814582852022016,0.809682363419022,1.0,-0.08268146021489643,0.7557896572774148,0.9994264970432628,0.06033234727695844,2,False,False
ENSG00000140367,UBE2Q2,-0.24771684715343115,-0.2512106372727431,0.809682363419022,1.0,-0.11719091308384899,0.7495888497210551,0.9994264970432628,0.46866706828290267,3,False,False
ENSG00000140854,KATNB1,0.24771684715343115,0.4110161936948721,0.809682363419022,1.0,0.25902786850254444,0.30857633635237336,0.9994264970432628,0.0,4,False,False
ENSG00000141522,ARHGDIA,0.24771684715343115,0.1384173138664182,0.809682363419022,1.0,0.11642282093054687,0.6479848345576639,0.9994264970432628,0.0,2,False,False
ENSG00000143315,PIGM,0.24771684715343115,-0.15678482193252782,0.809682363419022,1.0,0.06128623491119881,0.8266835217719795,0.9994264970432628,0.13749981167679967,2,False,False
ENSG00000143653,SCCPDH,0.24771684715343115,0.25789476006600187,0.809682363419022,1.0,0.2507773778160038,0.32410702598836505,0.9994264970432628,0.0,4,False,False
ENSG00000147162,OGT,0.24771684715343115,-0.1864369016688596,0.809682363419022,1.0,-0.015937002204788324,0.9534573434949951,0.9994264970432628,0.10118336764530937,1,False,False
ENSG00000147416,ATP6V1B2,0.24771684715343115,0.12716622568667288,0.809682363419022,1.0,0.11644571327898053,0.6464097070876629,0.9994264970432628,0.0,3,False,False
ENSG00000148450,MSRB2,0.24771684715343115,-0.06141387732146226,0.809682363419022,1.0,-0.021382143552859226,0.9331720661671902,0.9994264970432628,0.0,2,False,False
ENSG00000153774,CFDP1,-0.24771684715343115,-0.24378102051693762,0.809682363419022,1.0,-0.09506755748799099,0.7693948821767658,0.9994264970432628,0.33426958570052534,1,False,False
ENSG00000157540,DYRK1A,-0.24771684715343115,0.11799199914209688,0.809682363419022,1.0,-0.02600568974302347,0.919058433258616,0.9994264970432628,0.0,2,False,False
ENSG00000157542,KCNJ6,0.24771684715343115,-0.29511811148756906,0.809682363419022,1.0,0.002902238660364542,0.9909434885795408,0.9994264970432628,0.0,2,False,False
ENSG00000157657,ZNF618,0.24771684715343115,-0.1753603545586288,0.809682363419022,1.0,-0.06936535025196658,0.8483996104520173,0.9994264970432628,0.4564044565203264,2,False,False
ENSG00000160194,NDUFV3,0.24771684715343115,0.09650777910249596,0.809682363419022,1.0,0.11019439687810584,0.6635310361358628,0.9994264970432628,0.0,2,False,False
ENSG00000164292,RHOBTB3,0.24771684715343115,-0.0225288771886318,0.809682363419022,1.0,0.07264287280430995,0.77460650258328,0.9994264970432628,0.0,2,False,False
ENSG00000165995,CACNB2,0.24771684715343115,0.050564663577748956,0.809682363419022,1.0,-0.003730335191081379,0.9882638315316941,0.9994264970432628,0.0,2,False,False
ENSG00000166170,BAG5,0.24771684715343115,-0.12929882840262213,0.809682363419022,1.0,0.07032531157881713,0.7832283146876757,0.9994264970432628,0.0,1,False,False
ENSG00000167792,NDUFV1,0.24771684715343115,0.0867786492006785,0.809682363419022,1.0,0.1113459799924934,0.6603915487092553,0.9994264970432628,0.0,3,False,False
ENSG00000171150,SOCS5,-0.24771684715343115,-0.047045433946899966,0.809682363419022,1.0,-0.0017885118729889858,0.9946545038970562,0.9994264970432628,0.06737029594847944,2,False,False
ENSG00000173020,GRK2,0.24771684715343115,0.109346548946121,0.809682363419022,1.0,0.06492556710056951,0.7980864736515982,0.9994264970432628,0.0,3,False,False
ENSG00000175893,ZDHHC21,0.24771684715343115,0.03672043237448248,0.809682363419022,1.0,0.06589174718096985,0.8422410983657449,0.9994264970432628,0.35831019204290054,2,False,False
ENSG00000182551,ADI1,0.24771684715343115,-0.02410634327726722,0.809682363419022,1.0,0.051837109629359494,0.8514852533278554,0.9994264970432628,0.11902303244814746,3,False,False
ENSG00000187164,SHTN1,0.24771684715343115,0.02821190415063373,0.809682363419022,1.0,0.06515890024392626,0.7978813829133967,0.9994264970432628,0.0,2,False,False
ENSG00000189171,S100A13,0.24771684715343115,-0.2540818780456207,0.809682363419022,1.0,-0.07639450025603911,0.7644902045761526,0.9994264970432628,0.0,2,False,False
ENSG00000196562,SULF2,0.24771684715343115,-0.1522681347575429,0.809682363419022,1.0,-0.03686754064351422,0.9204045432790773,0.9994264970432628,0.4753903936948143,1,False,False
ENSG00000198363,ASPH,-0.24771684715343115,-0.14922413860750858,0.809682363419022,1.0,-0.21542979587436237,0.39791878359985344,0.9994264970432628,0.0,3,False,False
ENSG00000198780,FAM169A,0.24771684715343115,-0.04370305433117556,0.809682363419022,1.0,0.03499824837539296,0.8911981913451014,0.9994264970432628,0.0,2,False,False
ENSG00000204370,SDHD,-0.24771684715343115,-0.21536349856332565,0.809682363419022,1.0,0.01289809228104831,0.9739636378004085,0.9994264970432628,0.5293223542009187,3,False,False
ENSG00000104763,ASAH1,-0.2408358236213914,-0.005303320476362719,0.8150178894518685,1.0,0.049762666021831096,0.8827042295219901,0.9994264970432628,0.3806103017295712,3,False,False
ENSG00000115306,SPTBN1,-0.2408358236213914,-0.027152493064861203,0.8150178894518685,1.0,-0.14354484203176962,0.6947562423975298,0.9994264970432628,0.4639879054027083,2,False,False
ENSG00000116288,PARK7,-0.2408358236213914,-0.03904559057419929,0.8150178894518685,1.0,-0.05228457227808333,0.8373654933922852,0.9994264970432628,0.0,2,False,False
ENSG00000177971,IMP3,0.2408358236213914,0.015038311807571692,0.8150178894518685,1.0,0.10949696967899394,0.6670328851581477,0.9994264970432628,0.0,3,False,False
ENSG00000077549,CAPZB,0.23395480008935163,-0.0723943821007288,0.8203642557525602,1.0,-0.08150749189140373,0.7479142417817288,0.9994264970432628,0.0,2,False,False
ENSG00000149256,TENM4,-0.23395480008935163,-0.011899857376601092,0.8203642557525602,1.0,-0.0042582080211587105,0.9866491839230772,0.9994264970432628,0.0,3,False,False
ENSG00000177885,GRB2,0.23395480008935163,0.12834214551518527,0.8203642557525602,1.0,0.14524398113649567,0.5867052941910713,0.9994264970432628,0.06605893417522125,2,False,False
ENSG00000005448,WDR54,0.23395480008935163,0.14561581599855883,0.8203663747338166,1.0,0.1818014696482112,0.5548271647281107,0.9994264970432628,0.26701501173886566,3,False,False
ENSG00000006831,ADIPOR2,-0.23395480008935163,-0.33053944213686276,0.8203663747338166,1.0,-0.11783233049030462,0.6436784415989185,0.9994264970432628,0.0,2,False,False
ENSG00000037474,NSUN2,-0.23395480008935163,0.007759156759678424,0.8203663747338166,1.0,-0.037534780615693035,0.8821407640499486,0.9994264970432628,0.0,2,False,False
ENSG00000053501,USE1,0.23395480008935163,0.047738377622177246,0.8203663747338166,1.0,0.026393116707114365,0.9174093171930627,0.9994264970432628,0.0,2,False,False
ENSG00000063046,EIF4B,0.23395480008935163,-0.035112682226439214,0.8203663747338166,1.0,-0.038359497579847475,0.880229517167647,0.9994264970432628,0.0,3,False,False
ENSG00000066651,TRMT11,-0.23395480008935163,0.013929197593988306,0.8203663747338166,1.0,-0.040593778667016654,0.8728687325202513,0.9994264970432628,0.0,3,False,False
ENSG00000086200,IPO11,0.23395480008935163,-0.012689720540001751,0.8203663747338166,1.0,-0.02407941531929668,0.9712226159860363,0.9994264970432628,0.8232761874341085,2,False,False
ENSG00000095637,SORBS1,0.23395480008935163,0.17570638456882742,0.8203663747338166,1.0,0.06997025068970503,0.7839672725789137,0.9994264970432628,0.0,2,False,False
ENSG00000097033,SH3GLB1,0.23395480008935163,-0.16014820439542232,0.8203663747338166,1.0,-0.05171122383873647,0.8387873440927253,0.9994264970432628,0.0,2,False,False
ENSG00000103111,MON1B,0.23395480008935163,-0.0345389039835546,0.8203663747338166,1.0,0.13998434405781923,0.5848182673632911,0.9994264970432628,0.0,2,False,False
ENSG00000106344,RBM28,0.23395480008935163,-0.004691620987815199,0.8203663747338166,1.0,0.08766400255046586,0.7603110208909367,0.9994264970432628,0.17660972948703657,2,False,False
ENSG00000106683,LIMK1,0.23395480008935163,0.25502600064557757,0.8203663747338166,1.0,0.037425390844757905,0.88357781388763,0.9994264970432628,0.0,2,False,False
ENSG00000108175,ZMIZ1,0.23395480008935163,-0.08424033103975768,0.8203663747338166,1.0,-0.009527076870517147,0.9699775324301756,0.9994264970432628,0.0,1,False,False
ENSG00000111110,PPM1H,-0.23395480008935163,-0.12061594133229792,0.8203663747338166,1.0,-0.0758402050443669,0.7668563268809276,0.9994264970432628,0.0,2,False,False
ENSG00000111880,RNGTT,0.23395480008935163,-0.0009540770818845312,0.8203663747338166,1.0,0.05463494691172028,0.8514837584561419,0.9994264970432628,0.19792254002351822,2,False,False
ENSG00000113327,GABRG2,0.23395480008935163,-0.07207415423651144,0.8203663747338166,1.0,0.0619787818042237,0.8084561099523013,0.9994264970432628,0.0,3,False,False
ENSG00000114054,PCCB,-0.23395480008935163,-0.1453511969827104,0.8203663747338166,1.0,-0.05512481023814683,0.8286364665111087,0.9994264970432628,0.0,2,False,False
ENSG00000115266,APC2,0.23395480008935163,0.20498410656093036,0.8203663747338166,1.0,0.08399799102394813,0.7409957491244394,0.9994264970432628,0.0,2,False,False
ENSG00000116147,TNR,-0.23395480008935163,-0.1125658988150308,0.8203663747338166,1.0,-0.04457201737920288,0.8745943291127372,0.9994264970432628,0.15064750942402197,2,False,False
ENSG00000116260,QSOX1,-0.23395480008935163,0.0626897796806993,0.8203663747338166,1.0,0.03701223641446477,0.8950546413822489,0.9994264970432628,0.14223907014447074,3,False,False
ENSG00000117114,ADGRL2,-0.23395480008935163,-0.251451689733273,0.8203663747338166,1.0,-0.11865001633613037,0.6870500663146798,0.9994264970432628,0.20266422258174335,3,False,False
ENSG00000120688,WBP4,-0.23395480008935163,-0.17299954459537845,0.8203663747338166,1.0,-0.023701430187067916,0.9260032326673044,0.9994264970432628,0.0,3,False,False
ENSG00000121064,SCPEP1,0.23395480008935163,-0.1615308595535986,0.8203663747338166,1.0,0.0029686465882321654,0.9907303591750339,0.9994264970432628,0.0,2,False,False
ENSG00000124177,CHD6,0.23395480008935163,-0.005356164875804961,0.8203663747338166,1.0,0.03495217877070556,0.8911785405795906,0.9994264970432628,0.0,3,False,False
ENSG00000124702,KLHDC3,-0.23395480008935163,0.11559185053169553,0.8203663747338166,1.0,-0.008105385233907445,0.9746274518167398,0.9994264970432628,0.0,2,False,False
ENSG00000128581,IFT22,-0.23395480008935163,-0.23343485407427042,0.8203663747338166,1.0,-0.01863636734922711,0.941645851849172,0.9994264970432628,0.0,1,False,False
ENSG00000128928,IVD,-0.23395480008935163,-0.17647954137335675,0.8203663747338166,1.0,0.08182477466817274,0.8622907356671787,0.9994264970432628,0.6399042854770044,1,False,False
ENSG00000132670,PTPRA,-0.23395480008935163,-0.11842447730074546,0.8203663747338166,1.0,-0.0725534117060724,0.7759354010287456,0.9994264970432628,0.0,3,False,False
ENSG00000133398,MED10,-0.23395480008935163,-0.23327720130978205,0.8203663747338166,1.0,-0.18517677774408212,0.46802428815631747,0.9994264970432628,0.0,3,False,False
ENSG00000134874,DZIP1,0.23395480008935163,-0.002655165967338673,0.8203663747338166,1.0,0.052109708186057126,0.8813136387049887,0.9994264970432628,0.416640299175193,2,False,False
ENSG00000136451,VEZF1,0.23395480008935163,-0.15929467487630294,0.8203663747338166,1.0,-0.03632945809260719,0.8863268318663992,0.9994264970432628,0.0,2,False,False
ENSG00000143376,SNX27,-0.23395480008935163,-0.09304107077274545,0.8203663747338166,1.0,-0.05014172762627184,0.8436055780642435,0.9994264970432628,0.0,3,False,False
ENSG00000148484,RSU1,0.23395480008935163,-0.08093104392217633,0.8203663747338166,1.0,0.07537521983703549,0.7682610466719818,0.9994264970432628,0.0,3,False,False
ENSG00000149212,SESN3,-0.23395480008935163,-0.21660849072637064,0.8203663747338166,1.0,-0.18012474049562194,0.4799432925588166,0.9994264970432628,0.0,3,False,False
ENSG00000152556,PFKM,-0.23395480008935163,0.005190824113904304,0.8203663747338166,1.0,0.009871921180684215,0.9689769052617877,0.9994264970432628,0.0,2,False,False
ENSG00000153944,MSI2,-0.23395480008935163,-0.07088611589753414,0.8203663747338166,1.0,0.05752154670498179,0.8697182126582721,0.9994264970432628,0.42026794623753044,2,False,False
ENSG00000154723,ATP5PF,-0.23395480008935163,-0.19230161450321648,0.8203663747338166,1.0,0.026718808017421204,0.9165925380098341,0.9994264970432628,0.0,3,False,False
ENSG00000156261,CCT8,-0.23395480008935163,0.25589345531484303,0.8203663747338166,1.0,0.10919205186568272,0.6668521714216997,0.9994264970432628,0.0,2,False,False
ENSG00000165795,NDRG2,0.23395480008935163,0.14786866402501642,0.8203663747338166,1.0,0.04195086524474633,0.9015648519912852,0.9994264970432628,0.38012029020292276,2,False,False
ENSG00000167978,SRRM2,0.23395480008935163,-0.008236275228770813,0.8203663747338166,1.0,0.08609410954980597,0.7355145646994448,0.9994264970432628,0.0,2,False,False
ENSG00000168159,RNF187,-0.23395480008935163,-0.006603871998206787,0.8203663747338166,1.0,-0.021937376569228163,0.9314112243106308,0.9994264970432628,0.0,3,False,False
ENSG00000172765,TMCC1,-0.23395480008935163,-0.2936715532878168,0.8203663747338166,1.0,-0.07056611208432668,0.836103183418667,0.9994264970432628,0.3918248680476723,3,False,False
ENSG00000173210,ABLIM3,-0.23395480008935163,-0.11507723099518559,0.8203663747338166,1.0,-0.0679933517340644,0.7883560826532225,0.9994264970432628,0.0,2,False,False
ENSG00000178301,AQP11,-0.23395480008935163,-0.19131429894958044,0.8203663747338166,1.0,0.006753877809669981,0.9879120270687158,0.9994264970432628,0.6128167650363898,2,False,False
ENSG00000179115,FARSA,0.23395480008935163,-0.11733127119379884,0.8203663747338166,1.0,0.02659315197821417,0.9166380012603168,0.9994264970432628,0.0,2,False,False
ENSG00000181924,COA4,0.23395480008935163,-0.12556798012675868,0.8203663747338166,1.0,0.0546178179691893,0.8448360282668497,0.9994264970432628,0.13420811002533756,2,False,False
ENSG00000183283,DAZAP2,0.23395480008935163,0.07548019839679873,0.8203663747338166,1.0,0.1117229389959787,0.6591848330405721,0.9994264970432628,0.0,3,False,False
ENSG00000184939,ZFP90,0.23395480008935163,-0.010983357609715525,0.8203663747338166,1.0,0.1345544908917667,0.7089074859872355,0.9994264970432628,0.44665319446370705,2,False,False
ENSG00000186472,PCLO,0.23395480008935163,0.3704470722637064,0.8203663747338166,1.0,0.022672955194073786,0.9385999111684039,0.9994264970432628,0.2054175961525372,2,False,False
ENSG00000186566,GPATCH8,-0.23395480008935163,-0.05406864614352575,0.8203663747338166,1.0,-0.13302765571034517,0.6342816222560392,0.9994264970432628,0.1348337333748586,3,False,False
ENSG00000197380,DACT3,-0.23395480008935163,-0.19477739819763004,0.8203663747338166,1.0,-0.009776526069910836,0.9694369537209766,0.9994264970432628,0.0,3,False,False
ENSG00000248092,NNT-AS1,0.23395480008935163,-0.12311291412423461,0.8203663747338166,1.0,0.0575604463188343,0.899919645888923,0.9994264970432628,0.6462692413137593,2,False,False
ENSG00000188021,UBQLN2,0.22019275302527214,-0.279326363412498,0.8310818286784168,1.0,0.056038427907783905,0.8416470057664092,0.9994264970432628,0.1414144756237683,3,False,False
ENSG00000013523,ANGEL1,0.22019275302527214,-0.09856523270447871,0.8310838252777822,1.0,0.08002630197724604,0.754366944843789,0.9994264970432628,0.0,2,False,False
ENSG00000025796,SEC63,-0.22019275302527214,-0.19391360000915067,0.8310838252777822,1.0,-0.044338200241023744,0.8617369235972383,0.9994264970432628,0.0,1,False,False
ENSG00000070501,POLB,-0.22019275302527214,-0.2069014791210533,0.8310838252777822,1.0,-0.04839711925319447,0.8496662576369339,0.9994264970432628,0.0,2,False,False
ENSG00000076864,RAP1GAP,0.22019275302527214,0.30034097155726497,0.8310838252777822,1.0,0.19817191494956463,0.4377316096457561,0.9994264970432628,0.0,3,False,False
ENSG00000086475,SEPHS1,0.22019275302527214,-0.07537488110180035,0.8310838252777822,1.0,0.10208181277661152,0.6901356721524721,0.9994264970432628,0.0,2,False,False
ENSG00000090565,RAB11FIP3,0.22019275302527214,0.3230674489830793,0.8310838252777822,1.0,0.12229196337886102,0.7525563177692048,0.9994264970432628,0.5180886690564468,3,False,False
ENSG00000100815,TRIP11,0.22019275302527214,0.00017378429047117404,0.8310838252777822,1.0,0.11120267296581958,0.6634966447358187,0.9994264970432628,0.0,3,False,False
ENSG00000102753,KPNA3,0.22019275302527214,0.08723242260361007,0.8310838252777822,1.0,0.04944869559102748,0.8831761477115774,0.9994264970432628,0.37753583417337594,2,False,False
ENSG00000103528,SYT17,0.22019275302527214,-0.3534299998101579,0.8310838252777822,1.0,0.020266728578251222,0.9368753573822141,0.9994264970432628,0.0,2,False,False
ENSG00000103540,CCP110,-0.22019275302527214,-0.15984505347528916,0.8310838252777822,1.0,-0.10074408556566589,0.8006991191986592,0.9994264970432628,0.5458111453268409,2,False,False
ENSG00000105516,DBP,0.22019275302527214,0.2250416353309687,0.8310838252777822,1.0,0.04031613912679858,0.8876594203449277,0.9994264970432628,0.16433444380479093,2,False,False
ENSG00000108091,CCDC6,-0.22019275302527214,-0.050361739429797596,0.8310838252777822,1.0,0.0015964430650120352,0.9949957434515644,0.9994264970432628,0.0,1,False,False
ENSG00000112200,ZNF451,-0.22019275302527214,-0.2624947241214715,0.8310838252777822,1.0,-0.10015123430486511,0.6944445440014897,0.9994264970432628,0.0,2,False,False
ENSG00000112685,EXOC2,0.22019275302527214,0.13609505018176385,0.8310838252777822,1.0,0.16400261228691967,0.5181583656521247,0.9994264970432628,0.0,3,False,False
ENSG00000114554,PLXNA1,0.22019275302527214,0.19057485969755153,0.8310838252777822,1.0,0.1408837152004932,0.5814737526112927,0.9994264970432628,0.0,2,False,False
ENSG00000119537,KDSR,-0.22019275302527214,-0.18357525438542233,0.8310838252777822,1.0,-0.08186577800158439,0.7479123563531189,0.9994264970432628,0.0,2,False,False
ENSG00000120265,PCMT1,0.22019275302527214,0.02887702451176638,0.8310838252777822,1.0,0.09546708151557749,0.7407735192801973,0.9994264970432628,0.18208202038630875,3,False,False
ENSG00000121310,ECHDC2,0.22019275302527214,0.26765068888608906,0.8310838252777822,1.0,-0.10480466492424367,0.8161870647830024,0.9994264970432628,0.6354269087217678,3,False,False
ENSG00000122565,CBX3,0.22019275302527214,0.10189262210293827,0.8310838252777822,1.0,0.09812990743281308,0.6985946474830391,0.9994264970432628,0.0,3,False,False
ENSG00000127870,RNF6,0.22019275302527214,0.21271137881876517,0.8310838252777822,1.0,-0.011019556759935935,0.9758648061529507,0.9994264970432628,0.4460048989032726,2,False,False
ENSG00000128567,PODXL,0.22019275302527214,0.007827878039918702,0.8310838252777822,1.0,0.008717264204758482,0.9776891733436879,0.9994264970432628,0.2855027931641333,3,False,False
ENSG00000129422,MTUS1,0.22019275302527214,-0.10304393072421324,0.8310838252777822,1.0,-0.029544552950889938,0.907399611300828,0.9994264970432628,0.0,2,False,False
ENSG00000130477,UNC13A,0.22019275302527214,0.16798766058337725,0.8310838252777822,1.0,0.06033698206025355,0.8123875740102862,0.9994264970432628,0.0,3,False,False
ENSG00000133997,MED6,0.22019275302527214,-0.06977676031594279,0.8310838252777822,1.0,0.06706285744687197,0.876792909535473,0.9994264970432628,0.6080491582976869,3,False,False
ENSG00000135144,DTX1,-0.22019275302527214,-0.19064618036642778,0.8310838252777822,1.0,-0.07024391712528788,0.7826182406649204,0.9994264970432628,0.0,3,False,False
ENSG00000138032,PPM1B,0.22019275302527214,-0.06797496739555418,0.8310838252777822,1.0,-0.015846917680119674,0.9505629406033388,0.9994264970432628,0.0,2,False,False
ENSG00000138074,SLC5A6,-0.22019275302527214,-0.09795018973853965,0.8310838252777822,1.0,-0.1318870899375678,0.603777381097832,0.9994264970432628,0.0,2,False,False
ENSG00000138698,RAP1GDS1,-0.22019275302527214,-0.11150427654510804,0.8310838252777822,1.0,0.018358741360936747,0.9427780362730296,0.9994264970432628,0.0,2,False,False
ENSG00000142252,GEMIN7,0.22019275302527214,-0.1450823836082365,0.8310838252777822,1.0,0.01414028387813055,0.9596494814075777,0.9994264970432628,0.13769271826165083,2,False,False
ENSG00000143294,PRCC,0.22019275302527214,0.07079461282667303,0.8310838252777822,1.0,0.067854181132229,0.7891604757681278,0.9994264970432628,0.0,2,False,False
ENSG00000158941,CCAR2,-0.22019275302527214,-0.0800170076364916,0.8310838252777822,1.0,-0.055974198433722075,0.8254830515368163,0.9994264970432628,0.0,2,False,False
ENSG00000160214,RRP1,0.22019275302527214,0.2577431189951589,0.8310838252777822,1.0,0.10979002777904447,0.7611577145081301,0.9994264970432628,0.45038979167556775,2,False,False
ENSG00000160714,UBE2Q1,-0.22019275302527214,-0.007711887630471293,0.8310838252777822,1.0,0.05539798004222946,0.8276409777728605,0.9994264970432628,0.0,2,False,False
ENSG00000161267,BDH1,0.22019275302527214,0.01922263680504572,0.8310838252777822,1.0,0.023871701701375623,0.9299029722782033,0.9994264970432628,0.09077266649646311,2,False,False
ENSG00000162910,MRPL55,0.22019275302527214,0.11174246035876474,0.8310838252777822,1.0,0.18099346196154478,0.4755048350074781,0.9994264970432628,0.0,4,False,False
ENSG00000163444,TMEM183A,-0.22019275302527214,-0.1066696088943887,0.8310838252777822,1.0,-0.05475699555786085,0.8548132900070958,0.9994264970432628,0.2339345891528418,2,False,False
ENSG00000164284,GRPEL2,0.22019275302527214,-0.02358816841797594,0.8310838252777822,1.0,0.03479844964363757,0.8907679422428506,0.9994264970432628,0.0,2,False,False
ENSG00000166925,TSC22D4,0.22019275302527214,0.04532272774289217,0.8310838252777822,1.0,0.03818851640152989,0.9148712490664808,0.9994264970432628,0.43565692545880275,2,False,False
ENSG00000168264,IRF2BP2,0.22019275302527214,0.060798890175543845,0.8310838252777822,1.0,0.0741213288936468,0.7713270661867653,0.9994264970432628,0.0,2,False,False
ENSG00000169047,IRS1,0.22019275302527214,-0.06000819540194003,0.8310838252777822,1.0,0.12049541950955989,0.6365979622086795,0.9994264970432628,0.0,3,False,False
ENSG00000169826,CSGALNACT2,-0.22019275302527214,-0.13431125142037517,0.8310838252777822,1.0,-0.11275883037467543,0.656287642795993,0.9994264970432628,0.0,3,False,False
ENSG00000170266,GLB1,0.22019275302527214,-0.10296762870697809,0.8310838252777822,1.0,0.10780600367124332,0.6729660440031201,0.9994264970432628,0.0,2,False,False
ENSG00000170275,CRTAP,0.22019275302527214,0.023826749075302914,0.8310838252777822,1.0,0.05355803726347128,0.8539787205980084,0.9994264970432628,0.193748925715301,3,False,False
ENSG00000171135,JAGN1,-0.22019275302527214,-0.005492148785724784,0.8310838252777822,1.0,0.002210510765826891,0.9942401052557985,0.9994264970432628,0.25926242027190766,1,False,False
ENSG00000172586,CHCHD1,-0.22019275302527214,-0.31341768763895206,0.8310838252777822,1.0,-0.060580152187541765,0.8667687045752014,0.9994264970432628,0.4543535381464399,3,False,False
ENSG00000174013,FBXO45,0.22019275302527214,0.06498703384238308,0.8310838252777822,1.0,0.024496694076121338,0.9420166903712297,0.9994264970432628,0.37662412280707863,2,False,False
ENSG00000180881,CAPS2,0.22019275302527214,-0.007167248318185592,0.8310838252777822,1.0,0.223252860353313,0.6584943177057547,0.9994264970432628,0.6985636738490189,3,False,False
ENSG00000183513,COA5,0.22019275302527214,-0.056712769448254964,0.8310838252777822,1.0,0.014804846201342849,0.9537139924447491,0.9994264970432628,0.0,2,False,False
ENSG00000183726,TMEM50A,-0.22019275302527214,-0.2712421100327994,0.8310838252777822,1.0,-0.19121963182915075,0.4542584320313292,0.9994264970432628,0.0,3,False,False
ENSG00000185963,BICD2,-0.22019275302527214,-0.10469137301412236,0.8310838252777822,1.0,-0.026056317237063056,0.9183124575417266,0.9994264970432628,0.0,2,False,False
ENSG00000198799,LRIG2,-0.22019275302527214,0.16695717703875526,0.8310838252777822,1.0,0.058150480986681664,0.8397378396342318,0.9994264970432628,0.17696852705789815,3,False,False
ENSG00000198931,APRT,-0.22019275302527214,0.10186491416781773,0.8310838252777822,1.0,0.05345773187252844,0.8922019654020188,0.9994264970432628,0.5296854609865455,3,False,False
ENSG00000240583,AQP1,0.22019275302527214,-0.020624715932681666,0.8310838252777822,1.0,-0.024806823598369245,0.9429031452989648,0.9994264970432628,0.4097345329224202,2,False,False
ENSG00000004779,NDUFAB1,0.21331172949323238,0.021761254764378884,0.8364525524485672,1.0,0.05660863428928907,0.8234611144750044,0.9994264970432628,0.0,2,False,False
ENSG00000116688,MFN2,-0.21331172949323238,-0.06483315023168187,0.8364525524485672,1.0,-0.02642352432862591,0.9171273852248395,0.9994264970432628,0.0,3,False,False
ENSG00000130821,SLC6A8,0.21331172949323238,-0.008779552074456444,0.8364525524485672,1.0,0.05177981346148323,0.8388077816435144,0.9994264970432628,0.0,2,False,False
ENSG00000131507,NDFIP1,-0.21331172949323238,-0.15191786771630042,0.8364525524485672,1.0,-0.06638032866568176,0.7935694183915293,0.9994264970432628,0.0,3,False,False
ENSG00000136802,LRRC8A,-0.21331172949323238,-0.22047586951882817,0.8364525524485672,1.0,-0.13508343948652066,0.5962573382559262,0.9994264970432628,0.0,3,False,False
ENSG00000203879,GDI1,0.21331172949323238,-0.00021740356485051078,0.8364525524485672,1.0,0.05472767605923607,0.8398024407638274,0.9994264970432628,0.08783596507065398,1,False,False
ENSG00000184792,OSBP2,0.20643070596119262,0.21967925531727112,0.8418309106617303,1.0,0.018610248931586023,0.9596793526348064,0.9994264970432628,0.4711169563223846,2,False,False
ENSG00000005020,SKAP2,0.20643070596119262,-0.13358238142778078,0.8418327837620534,1.0,0.0627944047791002,0.8056717509358035,0.9994264970432628,0.0,3,False,False
ENSG00000013275,PSMC4,0.20643070596119262,0.1506020559446737,0.8418327837620534,1.0,0.1339419828181826,0.5969267262432831,0.9994264970432628,0.0,4,False,False
ENSG00000023287,RB1CC1,-0.20643070596119262,0.33461440504239515,0.8418327837620534,1.0,0.05921784091048442,0.8510584057445207,0.9994264970432628,0.29314347664510343,2,False,False
ENSG00000047410,TPR,-0.20643070596119262,-0.08810622761468906,0.8418327837620534,1.0,-0.01768067495061985,0.9443614455327457,0.9994264970432628,0.0,2,False,False
ENSG00000064999,ANKS1A,0.20643070596119262,-0.12931477505298414,0.8418327837620534,1.0,-0.010780350126960199,0.9663218061156308,0.9994264970432628,0.0,3,False,False
ENSG00000068885,IFT80,0.20643070596119262,-0.08126476109301099,0.8418327837620534,1.0,0.031222539632953645,0.9112724774922601,0.9994264970432628,0.13818210504936698,2,False,False
ENSG00000072042,RDH11,-0.20643070596119262,0.0019688828257933945,0.8418327837620534,1.0,0.025851709491105532,0.9188278804539943,0.9994264970432628,0.0,3,False,False
ENSG00000072135,PTPN18,0.20643070596119262,0.13867955975473675,0.8418327837620534,1.0,0.0790392590375902,0.7565331267609323,0.9994264970432628,0.0,3,False,False
ENSG00000084693,AGBL5,-0.20643070596119262,-0.20194672863929605,0.8418327837620534,1.0,-0.14963372378046458,0.5565789286292868,0.9994264970432628,0.0,3,False,False
ENSG00000088205,DDX18,-0.20643070596119262,0.0035552296428225812,0.8418327837620534,1.0,-0.01573480035053118,0.950883509516207,0.9994264970432628,0.0,2,False,False
ENSG00000088808,PPP1R13B,-0.20643070596119262,0.008790242827946845,0.8418327837620534,1.0,-0.04968371356041584,0.8446213607915157,0.9994264970432628,0.0,3,False,False
ENSG00000089693,MLF2,0.20643070596119262,-0.2673059168735295,0.8418327837620534,1.0,-0.021117015526744266,0.9340831971462757,0.9994264970432628,0.0,2,False,False
ENSG00000099917,MED15,-0.20643070596119262,0.27231689923811664,0.8418327837620534,1.0,-0.029118618020328398,0.946270796240957,0.9994264970432628,0.6037418371454204,3,False,False
ENSG00000102003,SYP,0.20643070596119262,-0.04819602366815347,0.8418327837620534,1.0,0.08616190517049574,0.7344232513074155,0.9994264970432628,0.0,3,False,False
ENSG00000103502,CDIPT,-0.20643070596119262,-0.028158271412936003,0.8418327837620534,1.0,-0.07346689060273955,0.7721855122762845,0.9994264970432628,0.0,3,False,False
ENSG00000103978,TMEM87A,0.20643070596119262,-0.03486527362774137,0.8418327837620534,1.0,0.030974298786488764,0.9032643112084529,0.9994264970432628,0.0,2,False,False
ENSG00000105171,POP4,-0.20643070596119262,-0.1116663708780066,0.8418327837620534,1.0,-0.08700115390138773,0.740606261588928,0.9994264970432628,0.04173987182114877,2,False,False
ENSG00000110435,PDHX,0.20643070596119262,-0.14908736361486588,0.8418327837620534,1.0,0.0021585477966704764,0.9934599427642364,0.9994264970432628,0.04560788816667382,3,False,False
ENSG00000126698,DNAJC8,0.20643070596119262,0.17153212837897824,0.8418327837620534,1.0,0.11120892278647508,0.6613660052453874,0.9994264970432628,0.0,3,False,False
ENSG00000130520,LSM4,0.20643070596119262,0.08886212136758853,0.8418327837620534,1.0,0.08895136342029972,0.7257998278039923,0.9994264970432628,0.0,2,False,False
ENSG00000132792,CTNNBL1,0.20643070596119262,0.10498114912396123,0.8418327837620534,1.0,0.11414946783345292,0.6667283651784163,0.9994264970432628,0.0549806522285471,3,False,False
ENSG00000135211,TMEM60,-0.20643070596119262,0.16431994068367675,0.8418327837620534,1.0,0.07489027421163767,0.8368512333663619,0.9994264970432628,0.46104175222386923,2,False,False
ENSG00000135870,RC3H1,0.20643070596119262,-0.031613460669137165,0.8418327837620534,1.0,0.05147695097489104,0.8399815000755485,0.9994264970432628,0.0,2,False,False
ENSG00000135905,DOCK10,0.20643070596119262,0.007890843843589613,0.8418327837620534,1.0,-0.00894802421401301,0.9745552954012308,0.9994264970432628,0.14218319338782992,2,False,False
ENSG00000135940,COX5B,-0.20643070596119262,-0.05467443141141819,0.8418327837620534,1.0,0.07238979205086402,0.7759193385807072,0.9994264970432628,0.0,3,False,False
ENSG00000136783,NIPSNAP3A,0.20643070596119262,-0.2029999719137969,0.8418327837620534,1.0,0.34864537648497246,0.551062996781327,0.9994264970432628,0.7524789532442807,3,False,False
ENSG00000145920,CPLX2,-0.20643070596119262,-0.15915292345833768,0.8418327837620534,1.0,-0.09691816814382877,0.7039373367525814,0.9994264970432628,0.0,2,False,False
ENSG00000146085,MMUT,-0.20643070596119262,-0.1672663567448346,0.8418327837620534,1.0,-0.07150060835244548,0.7799414522342898,0.9994264970432628,0.0,2,False,False
ENSG00000147130,ZMYM3,0.20643070596119262,-0.24218853048685657,0.8418327837620534,1.0,0.023749959815405175,0.938489549557697,0.9994264970432628,0.2676500502347263,2,False,False
ENSG00000149294,NCAM1,0.20643070596119262,-0.13214437366950807,0.8418327837620534,1.0,0.045065410590163446,0.85985490857665,0.9994264970432628,0.0,1,False,False
ENSG00000155287,SLC25A28,0.20643070596119262,-0.150364800970116,0.8418327837620534,1.0,-0.03103008714770117,0.9026104502936078,0.9994264970432628,0.0,3,False,False
ENSG00000156170,NDUFAF6,-0.20643070596119262,-0.5131568446368769,0.8418327837620534,1.0,-0.14950795882810033,0.5656634709758819,0.9994264970432628,0.024247562227561578,2,False,False
ENSG00000159685,CHCHD6,0.20643070596119262,-0.03212519426072474,0.8418327837620534,1.0,0.056461456129792,0.8245008327904514,0.9994264970432628,0.0,2,False,False
ENSG00000162585,FAAP20,0.20643070596119262,0.045377886329312826,0.8418327837620534,1.0,0.08411507824669215,0.740885861916141,0.9994264970432628,0.0,2,False,False
ENSG00000163528,CHCHD4,-0.20643070596119262,0.02945193001655798,0.8418327837620534,1.0,0.06627081086711256,0.7941135418127007,0.9994264970432628,0.0,1,False,False
ENSG00000163618,CADPS,0.20643070596119262,0.19333556752180753,0.8418327837620534,1.0,-0.0076426606687801674,0.9808811733647651,0.9994264970432628,0.3040267648728353,2,False,False
ENSG00000169018,FEM1B,0.20643070596119262,0.09834473005173006,0.8418327837620534,1.0,0.1144699606781081,0.653013326500518,0.9994264970432628,0.0,2,False,False
ENSG00000169432,SCN9A,0.20643070596119262,-0.06444632970307188,0.8418327837620534,1.0,0.01605169498230454,0.9495440467002492,0.9994264970432628,0.0,2,False,False
ENSG00000169933,FRMPD4,0.20643070596119262,0.317418556041328,0.8418327837620534,1.0,0.11742161715409702,0.678323950314718,0.9994264970432628,0.14850050634002243,3,False,False
ENSG00000171302,CANT1,0.20643070596119262,-0.07388516171269574,0.8418327837620534,1.0,-0.0038041837062309245,0.9880180279686994,0.9994264970432628,0.0,1,False,False
ENSG00000177156,TALDO1,0.20643070596119262,-0.24578110828941832,0.8418327837620534,1.0,0.07771813809939314,0.7611809285154694,0.9994264970432628,0.0,2,False,False
ENSG00000177565,TBL1XR1,-0.20643070596119262,-0.08177315153560659,0.8418327837620534,1.0,-0.02814789685447032,0.9116341213113,0.9994264970432628,0.0,2,False,False
ENSG00000178234,GALNT11,0.20643070596119262,-0.049476667755543914,0.8418327837620534,1.0,0.07693463327867074,0.7625509147897601,0.9994264970432628,0.0,2,False,False
ENSG00000178307,TMEM11,-0.20643070596119262,0.06368904266329166,0.8418327837620534,1.0,0.07785257136918274,0.7585058415960296,0.9994264970432628,0.0,3,False,False
ENSG00000182154,MRPL41,-0.20643070596119262,-0.007092884349179043,0.8418327837620534,1.0,-0.12340489784182491,0.6291435728203076,0.9994264970432628,0.0,2,False,False
ENSG00000184144,CNTN2,-0.20643070596119262,-0.008637140676899831,0.8418327837620534,1.0,-0.007362655933326638,0.9851939703029716,0.9994264970432628,0.5329887532424195,3,False,False
ENSG00000184226,PCDH9,0.20643070596119262,-0.22058153409187786,0.8418327837620534,1.0,-0.01516756005032229,0.9716163515553243,0.9994264970432628,0.596724238648887,2,False,False
ENSG00000187231,SESTD1,0.20643070596119262,0.11578513354705773,0.8418327837620534,1.0,0.17637798852739808,0.48776215794498023,0.9994264970432628,0.0,3,False,False
ENSG00000197965,MPZL1,0.20643070596119262,0.020468913511726396,0.8418327837620534,1.0,0.09397545676033578,0.7123286817722956,0.9994264970432628,0.0,2,False,False
ENSG00000198015,MRPL42,0.20643070596119262,0.1616994066554632,0.8418327837620534,1.0,0.08824689499159026,0.7277307555503293,0.9994264970432628,0.0,3,False,False
ENSG00000198646,NCOA6,0.20643070596119262,0.006496778557975222,0.8418327837620534,1.0,0.01451942916493714,0.9543370132075656,0.9994264970432628,0.0,3,False,False
ENSG00000204217,BMPR2,0.20643070596119262,-0.208948686819016,0.8418327837620534,1.0,-0.05566164755572759,0.8275948040923815,0.9994264970432628,0.0,2,False,False
ENSG00000204843,DCTN1,-0.20643070596119262,-0.020018456417818027,0.8418327837620534,1.0,-0.03892317894131715,0.8782575427884017,0.9994264970432628,0.0,2,False,False
ENSG00000077721,UBE2A,-0.19954968242915286,-0.280387483819647,0.847216659152026,1.0,-0.13493924271799768,0.5971034417492631,0.9994264970432628,0.0,2,False,False
ENSG00000127184,COX7C,-0.19954968242915286,-0.1413483774490011,0.847216659152026,1.0,-0.09045313955861123,0.7228828117707191,0.9994264970432628,0.0,1,False,False
ENSG00000151552,QDPR,0.19954968242915286,-0.10471936724057022,0.847216659152026,1.0,0.054482494396400745,0.8309510563882424,0.9994264970432628,0.0,3,False,False
ENSG00000119242,CCDC92,-0.1926686588971131,-0.022802035922240543,0.8526095527177566,1.0,-0.04732907974480681,0.8518527729583454,0.9994264970432628,0.0,3,False,False
ENSG00000169223,LMAN2,0.1926686588971131,-0.1957607725226063,0.8526095527177566,1.0,0.05404096745378693,0.8610302086232104,0.9994264970432628,0.2681872902444797,3,False,False
ENSG00000006451,RALA,-0.1926686588971131,0.01907396287935094,0.8526113012689713,1.0,-0.0725466438782446,0.8678967990655497,0.9994264970432628,0.612700488962501,2,False,False
ENSG00000047849,MAP4,-0.1926686588971131,0.17219944790593578,0.8526113012689713,1.0,-0.004971400784217707,0.9859918494108026,0.9994264970432628,0.15427246325146401,2,False,False
ENSG00000050130,JKAMP,-0.1926686588971131,-0.24496921230846128,0.8526113012689713,1.0,0.020831940989068036,0.9347563055987566,0.9994264970432628,0.0,3,False,False
ENSG00000053372,MRTO4,-0.1926686588971131,0.022676159298164324,0.8526113012689713,1.0,0.05769037944428191,0.8206758414682552,0.9994264970432628,0.0,2,False,False
ENSG00000054983,GALC,0.1926686588971131,-0.31652171656724315,0.8526113012689713,1.0,-0.0868167758138471,0.7338861944155841,0.9994264970432628,0.0,2,False,False
ENSG00000058600,POLR3E,0.1926686588971131,-0.007674013028988559,0.8526113012689713,1.0,0.05617011195265248,0.8260319694366474,0.9994264970432628,0.0,2,False,False
ENSG00000062716,VMP1,-0.1926686588971131,-0.1934626385543094,0.8526113012689713,1.0,0.09954012278839808,0.7767385121042933,0.9994264970432628,0.4154911793274955,3,False,False
ENSG00000100614,PPM1A,0.1926686588971131,0.04570603468683528,0.8526113012689713,1.0,0.015519179809411785,0.9512855995810627,0.9994264970432628,0.0,2,False,False
ENSG00000100934,SEC23A,-0.1926686588971131,-0.17244594770816546,0.8526113012689713,1.0,-0.03422603882113621,0.8935826476347599,0.9994264970432628,0.0,3,False,False
ENSG00000104635,SLC39A14,0.1926686588971131,0.024284146755675976,0.8526113012689713,1.0,-0.030202339147850785,0.9052398384552982,0.9994264970432628,0.0,3,False,False
ENSG00000106392,C1GALT1,0.1926686588971131,-0.19957547953078936,0.8526113012689713,1.0,-0.019191127897062347,0.9401883472027981,0.9994264970432628,0.0,1,False,False
ENSG00000108344,PSMD3,-0.1926686588971131,0.12070459550127707,0.8526113012689713,1.0,0.022889994148185065,0.928266549364146,0.9994264970432628,0.0,3,False,False
ENSG00000111875,ASF1A,0.1926686588971131,-0.0014484568123079731,0.8526113012689713,1.0,0.06434931712656136,0.8377424925706168,0.9994264970432628,0.2957498758893363,3,False,False
ENSG00000112130,RNF8,0.1926686588971131,-0.16391144451977818,0.8526113012689713,1.0,-0.011845764344862217,0.9645696630311641,0.9994264970432628,0.06499006527891346,2,False,False
ENSG00000112367,FIG4,0.1926686588971131,-0.15381401444165735,0.8526113012689713,1.0,0.023465158843474308,0.9267142891283289,0.9994264970432628,0.0,2,False,False
ENSG00000116095,PLEKHA3,0.1926686588971131,0.4331601453211106,0.8526113012689713,1.0,0.19873672413694127,0.436523318761353,0.9994264970432628,0.0,3,False,False
ENSG00000116750,UCHL5,0.1926686588971131,-0.23610822356234779,0.8526113012689713,1.0,-0.010651532646295182,0.9716536336401495,0.9994264970432628,0.23056733086343537,1,False,False
ENSG00000116793,PHTF1,0.1926686588971131,-0.10988657403028204,0.8526113012689713,1.0,0.06671418553561685,0.8757406387629315,0.9994264970432628,0.5967451060640893,3,False,False
ENSG00000119013,NDUFB3,-0.1926686588971131,-0.11607752327859709,0.8526113012689713,1.0,-0.0667005374935524,0.8245074456813171,0.9994264970432628,0.2388819432656999,2,False,False
ENSG00000119705,SLIRP,0.1926686588971131,0.06685025797969903,0.8526113012689713,1.0,0.0716786316021926,0.7773433256581191,0.9994264970432628,0.0,2,False,False
ENSG00000122417,ODF2L,-0.1926686588971131,-0.30430845091681663,0.8526113012689713,1.0,-0.07659701780699466,0.7644482685228005,0.9994264970432628,0.0,3,False,False
ENSG00000125170,DOK4,0.1926686588971131,-0.18095794921401465,0.8526113012689713,1.0,-0.04893789346451939,0.8479188436186387,0.9994264970432628,0.0,3,False,False
ENSG00000125247,TMTC4,-0.1926686588971131,-0.1874011459096689,0.8526113012689713,1.0,-0.12093254252907411,0.6351652652686246,0.9994264970432628,0.0,1,False,False
ENSG00000127445,PIN1,-0.1926686588971131,-0.21029933793422642,0.8526113012689713,1.0,-0.09076260775403937,0.7211368173170103,0.9994264970432628,0.0,2,False,False
ENSG00000127603,MACF1,-0.1926686588971131,-0.11746271651110238,0.8526113012689713,1.0,-0.06822815134940892,0.7888755097010263,0.9994264970432628,0.0,3,False,False
ENSG00000130827,PLXNA3,-0.1926686588971131,-0.23011414825576415,0.8526113012689713,1.0,-0.0374612894695968,0.8830166698036561,0.9994264970432628,0.0,2,False,False
ENSG00000131791,PRKAB2,-0.1926686588971131,-0.09673342730324325,0.8526113012689713,1.0,-0.11781509138378127,0.6419970827457124,0.9994264970432628,0.0,2,False,False
ENSG00000132953,XPO4,0.1926686588971131,0.018697105483909987,0.8526113012689713,1.0,0.033968036096237324,0.8931807601927652,0.9994264970432628,0.0,3,False,False
ENSG00000134313,KIDINS220,-0.1926686588971131,-0.09201601635421705,0.8526113012689713,1.0,-0.011580834354928233,0.9637981060155553,0.9994264970432628,0.0,2,False,False
ENSG00000135916,ITM2C,0.1926686588971131,-0.304148177089774,0.8526113012689713,1.0,0.09399517774210342,0.8675548148441655,0.9994264970432628,0.7434978195009844,3,False,False
ENSG00000137414,FAM8A1,-0.1926686588971131,-0.08504753582098991,0.8526113012689713,1.0,-0.046186095854376726,0.8562968006716415,0.9994264970432628,0.0,3,False,False
ENSG00000139793,MBNL2,-0.1926686588971131,0.0710189688801165,0.8526113012689713,1.0,-0.036221566419605535,0.904171324426158,0.9994264970432628,0.23920782121873302,2,False,False
ENSG00000141542,RAB40B,0.1926686588971131,-0.1401316866557637,0.8526113012689713,1.0,0.019481376267931307,0.9517842960465519,0.9994264970432628,0.3260020100322076,2,False,False
ENSG00000144659,SLC25A38,-0.1926686588971131,-0.2274478097137341,0.8526113012689713,1.0,-0.0510523313114288,0.8411606283472153,0.9994264970432628,0.0,1,False,False
ENSG00000145248,SLC10A4,0.1926686588971131,-0.05494057361310482,0.8526113012689713,1.0,0.05459599230616009,0.8297423388153082,0.9994264970432628,0.0,3,False,False
ENSG00000146540,C7orf50,0.1926686588971131,0.01535344410628132,0.8526113012689713,1.0,0.04521053493969879,0.858636073145294,0.9994264970432628,0.0,1,False,False
ENSG00000147669,POLR2K,-0.1926686588971131,0.1863124383989985,0.8526113012689713,1.0,0.06273711224497792,0.805162688116474,0.9994264970432628,0.0,1,False,False
ENSG00000151376,ME3,0.1926686588971131,-0.17088047022897196,0.8526113012689713,1.0,0.023762654805902644,0.9341733511018009,0.9994264970432628,0.1780338181366697,3,False,False
ENSG00000157954,WIPI2,-0.1926686588971131,-0.05503983126064327,0.8526113012689713,1.0,0.05172538858742554,0.8397549120879708,0.9994264970432628,0.0,1,False,False
ENSG00000159335,PTMS,0.1926686588971131,0.07848060333320232,0.8526113012689713,1.0,0.04211150740922812,0.8682624341583282,0.9994264970432628,0.0,3,False,False
ENSG00000160445,ZER1,-0.1926686588971131,-0.06721080231092805,0.8526113012689713,1.0,0.011349596061693204,0.9642726713170032,0.9994264970432628,0.0,2,False,False
ENSG00000162734,PEA15,-0.1926686588971131,-0.1254546402264274,0.8526113012689713,1.0,-0.09873258192880496,0.787111155950665,0.9994264970432628,0.4655735855672487,3,False,False
ENSG00000163104,SMARCAD1,0.1926686588971131,-0.2730524584785531,0.8526113012689713,1.0,-0.22537236126939694,0.3769671323755823,0.9994264970432628,0.0,3,False,False
ENSG00000164031,DNAJB14,-0.1926686588971131,-0.312507181584818,0.8526113012689713,1.0,-0.10447481924850383,0.6826770221590533,0.9994264970432628,0.0,3,False,False
ENSG00000164587,RPS14,0.1926686588971131,-0.12174241333707572,0.8526113012689713,1.0,0.1294867942242018,0.7315146806148074,0.9994264970432628,0.48429153073937176,2,False,False
ENSG00000164754,RAD21,-0.1926686588971131,0.014347362137666691,0.8526113012689713,1.0,-0.0003920928330372442,0.9987651157487624,0.9994264970432628,0.0,3,False,False
ENSG00000165175,MID1IP1,-0.1926686588971131,0.0691664445796775,0.8526113012689713,1.0,-0.07427516888840528,0.7716790341854948,0.9994264970432628,0.0,3,False,False
ENSG00000165915,SLC39A13,0.1926686588971131,0.009451681357294291,0.8526113012689713,1.0,0.08361523668166512,0.7416261900992904,0.9994264970432628,0.0,3,False,False
ENSG00000167291,TBC1D16,-0.1926686588971131,-0.22026928688676306,0.8526113012689713,1.0,-0.10803558538598886,0.6727320318277368,0.9994264970432628,0.0,3,False,False
ENSG00000167779,IGFBP6,-0.1926686588971131,0.09785645945643325,0.8526113012689713,1.0,0.027994393302271173,0.9120030142747423,0.9994264970432628,0.0,2,False,False
ENSG00000168724,DNAJC21,0.1926686588971131,0.11024150984252383,0.8526113012689713,1.0,0.1926377569357564,0.4481377542451107,0.9994264970432628,0.0,3,False,False
ENSG00000169213,RAB3B,0.1926686588971131,-0.001637873471748734,0.8526113012689713,1.0,0.02075024044427308,0.9639889405308883,0.9994264970432628,0.646556734859955,2,False,False
ENSG00000169446,MMGT1,-0.1926686588971131,-0.5246421261097343,0.8526113012689713,1.0,-0.158139824273798,0.6442911078135662,0.9994264970432628,0.3923839386867456,2,False,False
ENSG00000170759,KIF5B,-0.1926686588971131,-0.28141803533877385,0.8526113012689713,1.0,-0.05891301189736852,0.8978436331242414,0.9994264970432628,0.6492629777413095,2,False,False
ENSG00000171130,ATP6V0E2,0.1926686588971131,0.20906694821946997,0.8526113012689713,1.0,0.09201881426548845,0.7175479976687993,0.9994264970432628,0.0,3,False,False
ENSG00000171208,NETO2,0.1926686588971131,-0.2077949980949472,0.8526113012689713,1.0,0.09874030343525908,0.8069413702493405,0.9994264970432628,0.5469156106623011,3,False,False
ENSG00000171533,MAP6,-0.1926686588971131,-0.013597211558237045,0.8526113012689713,1.0,-0.03377489758537283,0.899855847304676,0.9994264970432628,0.07478227524374767,2,False,False
ENSG00000171858,RPS21,-0.1926686588971131,-0.16845777474142073,0.8526113012689713,1.0,-0.07807053764812877,0.7598371814216986,0.9994264970432628,0.0,2,False,False
ENSG00000171885,AQP4,-0.1926686588971131,0.05836839635882621,0.8526113012689713,1.0,-0.009193554299904254,0.9760206216577133,0.9994264970432628,0.2572927329201784,2,False,False
ENSG00000176171,BNIP3,0.1926686588971131,-0.14071152828487452,0.8526113012689713,1.0,0.03235424199162391,0.9246228016389145,0.9994264970432628,0.3946481473782399,3,False,False
ENSG00000177150,FAM210A,0.1926686588971131,0.05729620845471649,0.8526113012689713,1.0,0.05301953519150632,0.8348964728181127,0.9994264970432628,0.0,2,False,False
ENSG00000179387,ELMOD2,0.1926686588971131,0.1514743788935994,0.8526113012689713,1.0,0.05452588464156031,0.9206477963186432,0.9994264970432628,0.7419758427660215,3,False,False
ENSG00000180190,TDRP,0.1926686588971131,-0.015255070008763085,0.8526113012689713,1.0,0.002507345754001472,0.992172502216419,0.9994264970432628,0.0,2,False,False
ENSG00000180964,TCEAL8,-0.1926686588971131,-0.3579011020889734,0.8526113012689713,1.0,-0.06552467693812161,0.8315656467244862,0.9994264970432628,0.26876469552916504,2,False,False
ENSG00000181019,NQO1,0.1926686588971131,-0.15916047629564747,0.8526113012689713,1.0,0.0869583766549671,0.8253268491707295,0.9994264970432628,0.5125993044761575,1,False,False
ENSG00000182253,SYNM,0.1926686588971131,0.03570160949801023,0.8526113012689713,1.0,-0.022238838090147303,0.9301358180349082,0.9994264970432628,0.0,3,False,False
ENSG00000182541,LIMK2,-0.1926686588971131,0.008674952864688317,0.8526113012689713,1.0,-0.05375048913338074,0.8334620644471272,0.9994264970432628,0.0,2,False,False
ENSG00000184831,APOO,-0.1926686588971131,-0.2688341327519328,0.8526113012689713,1.0,-0.08581418399247687,0.7361110968074747,0.9994264970432628,0.0,2,False,False
ENSG00000185052,SLC24A3,0.1926686588971131,0.0211244446143011,0.8526113012689713,1.0,0.08755680799978748,0.7302552048970347,0.9994264970432628,0.0,3,False,False
ENSG00000198815,FOXJ3,0.1926686588971131,0.3278490693537294,0.8526113012689713,1.0,0.12787271778217638,0.614480036384729,0.9994264970432628,0.0,3,False,False
ENSG00000198929,NOS1AP,0.1926686588971131,-0.02347477336991685,0.8526113012689713,1.0,-0.00904637044346154,0.9715182078712593,0.9994264970432628,0.0,2,False,False
ENSG00000215475,SIAH3,-0.1926686588971131,0.1622333050464724,0.8526113012689713,1.0,-0.13125296261704067,0.6902931614912575,0.9994264970432628,0.3427069861081404,3,False,False
ENSG00000100100,PIK3IP1,0.18578763536507337,-0.16159439432552447,0.8580093451548607,1.0,0.06656981460075956,0.8463457605454835,0.9994264970432628,0.39133566487186333,2,False,False
ENSG00000140990,NDUFB10,-0.18578763536507337,-0.09582273469313649,0.8580093451548607,1.0,-0.03161554697666962,0.9011381921401181,0.9994264970432628,0.0,2,False,False
ENSG00000219626,FAM228B,0.18578763536507337,0.19621689454213684,0.8580093451548607,1.0,0.2147907531908204,0.6929825593991994,0.9994264970432628,0.7341229143366013,2,False,False
ENSG00000100883,SRP54,-0.1789066118330336,0.14219374873032015,0.8634157892906025,1.0,0.0739875441273575,0.7716753830544851,0.9994264970432628,0.0,2,False,False
ENSG00000000003,TSPAN6,0.1789066118330336,-0.1705533219384125,0.8634174123107097,1.0,-0.02933142215764631,0.9350295934475986,0.9994264970432628,0.4499978613034072,2,False,False
ENSG00000003393,ALS2,-0.1789066118330336,-0.056062341094379485,0.8634174123107097,1.0,-0.04385111500291965,0.90471585469109,0.9994264970432628,0.45912330290113246,2,False,False
ENSG00000010270,STARD3NL,0.1789066118330336,-0.4188316991569033,0.8634174123107097,1.0,-0.019185861404386852,0.9585669413779105,0.9994264970432628,0.47243103731214237,1,False,False
ENSG00000012983,MAP4K5,-0.1789066118330336,-0.2920561560744694,0.8634174123107097,1.0,-0.09073631006189807,0.7225885794697129,0.9994264970432628,0.0,1,False,False
ENSG00000028839,TBPL1,0.1789066118330336,0.2733934373166671,0.8634174123107097,1.0,0.15381494924726719,0.5441319245290603,0.9994264970432628,0.0,3,False,False
ENSG00000068323,TFE3,0.1789066118330336,-0.04803128228626339,0.8634174123107097,1.0,0.0010951525183099137,0.9965745356727465,0.9994264970432628,0.0,2,False,False
ENSG00000075151,EIF4G3,-0.1789066118330336,0.05062893622820408,0.8634174123107097,1.0,-0.09638354219331663,0.761541117564517,0.9994264970432628,0.29536915774332534,2,False,False
ENSG00000078140,UBE2K,-0.1789066118330336,0.14616675199792692,0.8634174123107097,1.0,-0.055407568762946904,0.8876338655420783,0.9994264970432628,0.5095651386844763,1,False,False
ENSG00000079459,FDFT1,0.1789066118330336,-0.11231497432034586,0.8634174123107097,1.0,-0.014974991933900653,0.9594610839471587,0.9994264970432628,0.21157834367145306,1,False,False
ENSG00000085644,ZNF213,-0.1789066118330336,0.026028617290097054,0.8634174123107097,1.0,-0.03720539625529315,0.9031679478751964,0.9994264970432628,0.2612694344519888,2,False,False
ENSG00000086102,NFX1,-0.1789066118330336,-0.08043513972679601,0.8634174123107097,1.0,-0.06656815518879876,0.7928733224867208,0.9994264970432628,0.0,2,False,False
ENSG00000087302,RTRAF,-0.1789066118330336,-0.13735146175074633,0.8634174123107097,1.0,-0.04251496754965799,0.8689683722512148,0.9994264970432628,0.010883463042850653,2,False,False
ENSG00000095321,CRAT,-0.1789066118330336,-0.05236997582431999,0.8634174123107097,1.0,-0.027393960673553423,0.9138952828615745,0.9994264970432628,0.0,3,False,False
ENSG00000100220,RTCB,0.1789066118330336,0.0466460365219597,0.8634174123107097,1.0,0.057840843211455766,0.8193770276108943,0.9994264970432628,0.0,3,False,False
ENSG00000100372,SLC25A17,0.1789066118330336,-0.1924401796982202,0.8634174123107097,1.0,-0.060135490272430724,0.8136959443011275,0.9994264970432628,0.0,3,False,False
ENSG00000101474,APMAP,0.1789066118330336,-0.0007008500277345252,0.8634174123107097,1.0,0.0550019799593121,0.8291066639231717,0.9994264970432628,0.0,2,False,False
ENSG00000105204,DYRK1B,-0.1789066118330336,0.1187454857635065,0.8634174123107097,1.0,-0.010525807975182738,0.967190528636857,0.9994264970432628,0.0,2,False,False
ENSG00000106400,ZNHIT1,0.1789066118330336,0.08484296619198844,0.8634174123107097,1.0,0.07159701754424083,0.7783371983016981,0.9994264970432628,0.0,3,False,False
ENSG00000106615,RHEB,-0.1789066118330336,-0.017448722357244022,0.8634174123107097,1.0,-0.06913515417185903,0.7849472982546641,0.9994264970432628,0.0,3,False,False
ENSG00000107331,ABCA2,0.1789066118330336,0.06594892397861013,0.8634174123107097,1.0,0.002458073372835181,0.9923027508666078,0.9994264970432628,0.0,3,False,False
ENSG00000107362,ABHD17B,0.1789066118330336,0.03794263408820604,0.8634174123107097,1.0,-0.015649530612051543,0.9507450873392049,0.9994264970432628,0.0,3,False,False
ENSG00000107954,NEURL1,-0.1789066118330336,-0.1095673025720113,0.8634174123107097,1.0,-0.056767219205128075,0.8229348866144136,0.9994264970432628,0.0,3,False,False
ENSG00000108179,PPIF,0.1789066118330336,-0.003464665091902039,0.8634174123107097,1.0,0.038882876326622066,0.8928769079859086,0.9994264970432628,0.18242029208105223,3,False,False
ENSG00000111843,TMEM14C,0.1789066118330336,-0.4260592570886025,0.8634174123107097,1.0,0.03781123746541353,0.9274918049946431,0.9994264970432628,0.5693730285706385,3,False,False
ENSG00000112576,CCND3,0.1789066118330336,-0.11850116454966049,0.8634174123107097,1.0,0.010300437477484593,0.9678264109557972,0.9994264970432628,0.0,2,False,False
ENSG00000113734,BNIP1,0.1789066118330336,0.16196794234284279,0.8634174123107097,1.0,0.11727912720459528,0.6453711925835424,0.9994264970432628,0.0,3,False,False
ENSG00000114850,SSR3,0.1789066118330336,-0.10450785991111868,0.8634174123107097,1.0,0.012546241964532447,0.9713784032709224,0.9994264970432628,0.4131230861741886,3,False,False
ENSG00000115468,EFHD1,-0.1789066118330336,0.02119384630455872,0.8634174123107097,1.0,-0.02277920518579063,0.9284866494402548,0.9994264970432628,0.0,1,False,False
ENSG00000119227,PIGZ,-0.1789066118330336,-0.0817905262583645,0.8634174123107097,1.0,0.00662418385401641,0.9792218378154399,0.9994264970432628,0.0,2,False,False
ENSG00000124507,PACSIN1,0.1789066118330336,-0.04157635608720297,0.8634174123107097,1.0,0.10878224275911784,0.6684267886482835,0.9994264970432628,0.0,3,False,False
ENSG00000127540,UQCR11,-0.1789066118330336,-0.08230234515249298,0.8634174123107097,1.0,-0.0371876863855834,0.8843030515033847,0.9994264970432628,0.0,2,False,False
ENSG00000130177,CDC16,0.1789066118330336,0.01678721557579164,0.8634174123107097,1.0,0.10908008411698993,0.6677689565932761,0.9994264970432628,0.0,3,False,False
ENSG00000130559,CAMSAP1,-0.1789066118330336,-0.235735453559734,0.8634174123107097,1.0,-0.11814486912609252,0.686540574755621,0.9994264970432628,0.20172430302851094,2,False,False
ENSG00000131467,PSME3,-0.1789066118330336,-0.08418160076092354,0.8634174123107097,1.0,0.05587873351225023,0.825770097488441,0.9994264970432628,0.0,3,False,False
ENSG00000132432,SEC61G,-0.1789066118330336,0.05899014063583027,0.8634174123107097,1.0,0.12944289837954903,0.6113393570880588,0.9994264970432628,0.0,3,False,False
ENSG00000133104,SPART,0.1789066118330336,-0.13385001801234986,0.8634174123107097,1.0,0.019469832014303596,0.9393868851526924,0.9994264970432628,0.00032785351901556004,2,False,False
ENSG00000133627,ACTR3B,0.1789066118330336,-0.20862197094484386,0.8634174123107097,1.0,0.09493223065426414,0.8102838196968245,0.9994264970432628,0.5320585381760756,3,False,False
ENSG00000137074,APTX,0.1789066118330336,0.10118393878271462,0.8634174123107097,1.0,0.08265418043175828,0.7464341649111471,0.9994264970432628,0.0,2,False,False
ENSG00000137824,RMDN3,-0.1789066118330336,-0.21287319780634703,0.8634174123107097,1.0,-0.009507518021502005,0.9796589485540705,0.9994264970432628,0.47285401614219436,2,False,False
ENSG00000138604,GLCE,-0.1789066118330336,-0.15896324385889457,0.8634174123107097,1.0,-0.0008487393407188442,0.9977425291043163,0.9994264970432628,0.23050245378907464,2,False,False
ENSG00000139180,NDUFA9,-0.1789066118330336,-0.1979416184959654,0.8634174123107097,1.0,-0.04416748632437532,0.8696306297697227,0.9994264970432628,0.07993800888938224,2,False,False
ENSG00000148053,NTRK2,0.1789066118330336,-0.2147820036256743,0.8634174123107097,1.0,-0.06764735280177814,0.7908041489102265,0.9994264970432628,0.0,1,False,False
ENSG00000150768,DLAT,0.1789066118330336,-0.00715897817784414,0.8634174123107097,1.0,-0.03660759420575755,0.8853933687309701,0.9994264970432628,0.0,3,False,False
ENSG00000151835,SACS,-0.1789066118330336,-0.16960810524092157,0.8634174123107097,1.0,0.041367630122261134,0.8976150342476797,0.9994264970432628,0.3247808304585865,3,False,False
ENSG00000151923,TIAL1,0.1789066118330336,-0.21237216199646058,0.8634174123107097,1.0,0.03647315764317185,0.9106800583615293,0.9994264970432628,0.33286289772194183,3,False,False
ENSG00000153395,LPCAT1,0.1789066118330336,0.037029646515997876,0.8634174123107097,1.0,0.1436541142717564,0.6555586744538773,0.9994264970432628,0.321275308267026,3,False,False
ENSG00000155097,ATP6V1C1,-0.1789066118330336,0.10346785599507512,0.8634174123107097,1.0,0.0445161359868406,0.8952923731473688,0.9994264970432628,0.3769001418009818,2,False,False
ENSG00000155304,HSPA13,0.1789066118330336,0.17073965410107544,0.8634174123107097,1.0,0.1920158447344304,0.4497219271267837,0.9994264970432628,0.0,3,False,False
ENSG00000159720,ATP6V0D1,-0.1789066118330336,-0.3146772957656033,0.8634174123107097,1.0,-0.022654412917360124,0.9394899213039971,0.9994264970432628,0.2308773951535899,3,False,False
ENSG00000160818,GPATCH4,-0.1789066118330336,-0.170100403373317,0.8634174123107097,1.0,-0.04170827141424129,0.8703333477102302,0.9994264970432628,0.0,2,False,False
ENSG00000163995,ABLIM2,-0.1789066118330336,-0.09889217239634786,0.8634174123107097,1.0,-0.10877098097109415,0.8376939603024576,0.9994264970432628,0.7324178767409197,2,False,False
ENSG00000167526,RPL13,0.1789066118330336,-0.054447791090396574,0.8634174123107097,1.0,0.032721101864041834,0.8978458492970958,0.9994264970432628,0.0,3,False,False
ENSG00000171467,ZNF318,0.1789066118330336,-0.09426496029418147,0.8634174123107097,1.0,0.031147866869892182,0.9026774089972321,0.9994264970432628,0.0,2,False,False
ENSG00000173992,CCS,0.1789066118330336,0.10440536525120903,0.8634174123107097,1.0,0.041138093090045985,0.8723165036370426,0.9994264970432628,0.0,3,False,False
ENSG00000174738,NR1D2,0.1789066118330336,-0.11837065413935696,0.8634174123107097,1.0,0.03331116305819306,0.8964422373136849,0.9994264970432628,0.0,2,False,False
ENSG00000178952,TUFM,-0.1789066118330336,-0.2912718923297606,0.8634174123107097,1.0,-0.08259311607636109,0.7942697708632076,0.9994264970432628,0.3047221722115301,2,False,False
ENSG00000182195,LDOC1,0.1789066118330336,-0.08131542754175426,0.8634174123107097,1.0,-0.007103269631863335,0.9799855388139124,0.9994264970432628,0.15280590384703427,2,False,False
ENSG00000182902,SLC25A18,-0.1789066118330336,-0.05149252856698708,0.8634174123107097,1.0,0.006760383566043073,0.9857521979215546,0.9994264970432628,0.4825923274493298,2,False,False
ENSG00000184156,KCNQ3,-0.1789066118330336,0.001507566938571157,0.8634174123107097,1.0,-0.041201893970485355,0.871555120444639,0.9994264970432628,0.0,2,False,False
ENSG00000184368,MAP7D2,-0.1789066118330336,0.11352499044412796,0.8634174123107097,1.0,0.03948092151677228,0.8979731560029842,0.9994264970432628,0.2680945995868388,2,False,False
ENSG00000185049,NELFA,-0.1789066118330336,-0.1361897191232283,0.8634174123107097,1.0,-0.059991382047378486,0.814314260017967,0.9994264970432628,0.0,3,False,False
ENSG00000185340,GAS2L1,-0.1789066118330336,-0.1408369771165661,0.8634174123107097,1.0,-0.13975367196789323,0.5812746072256119,0.9994264970432628,0.0,3,False,False
ENSG00000186687,LYRM7,-0.1789066118330336,0.2256296370130391,0.8634174123107097,1.0,0.05102208251883979,0.8417610158927614,0.9994264970432628,0.0,2,False,False
ENSG00000197147,LRRC8B,-0.1789066118330336,-0.4555844088329465,0.8634174123107097,1.0,-0.036189273994347675,0.9175251847179777,0.9994264970432628,0.41936099105880004,2,False,False
ENSG00000198198,SZT2,-0.1789066118330336,0.003468056793308231,0.8634174123107097,1.0,-0.021346357356576848,0.9331642010100794,0.9994264970432628,0.0,2,False,False
ENSG00000198382,UVRAG,-0.1789066118330336,-0.05941417651490314,0.8634174123107097,1.0,-0.0782054566504173,0.7599435909711237,0.9994264970432628,0.0,3,False,False
ENSG00000198785,GRIN3A,0.1789066118330336,-0.06276890386314883,0.8634174123107097,1.0,0.018831871679438388,0.940859177947953,0.9994264970432628,0.0,3,False,False
ENSG00000213465,ARL2,0.1789066118330336,-0.056059831460948915,0.8634174123107097,1.0,0.032333273172178,0.8986519087183,0.9994264970432628,0.0,3,False,False
ENSG00000254858,MPV17L2,-0.1789066118330336,0.1317058199669543,0.8634174123107097,1.0,-0.10680202274070273,0.7586234944668642,0.9994264970432628,0.4076008787205494,2,False,False
ENSG00000068796,KIF2A,0.17202558830099385,0.03170496592965591,0.868828637017486,1.0,0.10966051652154081,0.6657998435565585,0.9994264970432628,0.0,3,False,False
ENSG00000070610,GBA2,-0.17202558830099385,0.023164865477818906,0.868828637017486,1.0,-0.022747523215628864,0.9486730769352231,0.9994264970432628,0.41611681534426426,2,False,False
ENSG00000122778,KIAA1549,-0.17202558830099385,-0.1256741689071864,0.868828637017486,1.0,-0.07863355055912574,0.7581069796466946,0.9994264970432628,0.0,2,False,False
ENSG00000139998,RAB15,0.17202558830099385,0.015088258694742254,0.868828637017486,1.0,-0.05960578129085757,0.9017350992439414,0.9994264970432628,0.6667927840096207,3,False,False
ENSG00000105723,GSK3A,-0.1651445647689541,0.034211557517883066,0.8742476393273907,1.0,-0.014676223459950451,0.9539152226068661,0.9994264970432628,0.0,2,False,False
ENSG00000141503,MINK1,-0.1651445647689541,-0.0947801983349708,0.8742476393273907,1.0,-0.08286125040460302,0.743850230364113,0.9994264970432628,0.0,2,False,False
ENSG00000005007,UPF1,-0.1651445647689541,-0.060242592084506635,0.874249135903377,1.0,-0.018607299415214554,0.9416015819198069,0.9994264970432628,0.0,2,False,False
ENSG00000006625,GGCT,0.1651445647689541,-0.02682659128757053,0.874249135903377,1.0,0.03722118452940416,0.8834134184236294,0.9994264970432628,0.0,2,False,False
ENSG00000033867,SLC4A7,0.1651445647689541,0.05722097602383769,0.874249135903377,1.0,0.10854964830815154,0.6688005465936342,0.9994264970432628,0.0,2,False,False
ENSG00000036257,CUL3,0.1651445647689541,-0.17187745907542468,0.874249135903377,1.0,0.0005748654136351494,0.9981923845781677,0.9994264970432628,0.0,2,False,False
ENSG00000055917,PUM2,0.1651445647689541,-0.09880539697398431,0.874249135903377,1.0,-0.04248602755650077,0.8678650524688433,0.9994264970432628,0.0,2,False,False
ENSG00000057757,PITHD1,0.1651445647689541,-0.05651880672125657,0.874249135903377,1.0,0.04298883784354747,0.8664809406371369,0.9994264970432628,0.0,2,False,False
ENSG00000064687,ABCA7,0.1651445647689541,0.35542399657012486,0.874249135903377,1.0,0.08620429370127025,0.7586356145839517,0.9994264970432628,0.14186685229668936,1,False,False
ENSG00000065989,PDE4A,-0.1651445647689541,-0.012275984221362665,0.874249135903377,1.0,-0.01368800122881034,0.9572320525675089,0.9994264970432628,0.0,3,False,False
ENSG00000070018,LRP6,-0.1651445647689541,-0.059827060683141774,0.874249135903377,1.0,-0.06017496555171824,0.8128303752536794,0.9994264970432628,0.0,2,False,False
ENSG00000073969,NSF,-0.1651445647689541,-0.02595323131822785,0.874249135903377,1.0,-0.011776727161265314,0.9716090892183877,0.9994264970432628,0.3532410372809574,2,False,False
ENSG00000078549,ADCYAP1R1,-0.1651445647689541,-0.025139547556511797,0.874249135903377,1.0,-0.08364237346485826,0.7414418844107625,0.9994264970432628,0.0,2,False,False
ENSG00000082213,C5orf22,0.1651445647689541,0.0806050964703467,0.874249135903377,1.0,0.031516028087233944,0.9009809789471372,0.9994264970432628,0.0,2,False,False
ENSG00000089289,IGBP1,-0.1651445647689541,0.2728233301669834,0.874249135903377,1.0,0.02372162184007669,0.9442235577744758,0.9994264970432628,0.3798374111917728,2,False,False
ENSG00000092964,DPYSL2,0.1651445647689541,-0.0008380149875701621,0.874249135903377,1.0,0.0689840346720816,0.7861637466647361,0.9994264970432628,0.0,3,False,False
ENSG00000105258,POLR2I,-0.1651445647689541,-0.3683195695164409,0.874249135903377,1.0,-0.07756433382371379,0.8071345663916872,0.9994264970432628,0.30671306444807744,2,False,False
ENSG00000107130,NCS1,0.1651445647689541,0.10580100722625184,0.874249135903377,1.0,0.1277563351520379,0.6157655834390103,0.9994264970432628,0.0,1,False,False
ENSG00000107537,PHYH,0.1651445647689541,0.17039881694848846,0.874249135903377,1.0,0.0860179250403005,0.7803241050426405,0.9994264970432628,0.26820474061776456,3,False,False
ENSG00000107874,CUEDC2,0.1651445647689541,-0.03871563765069312,0.874249135903377,1.0,0.06525894534595013,0.797365747225541,0.9994264970432628,0.0,2,False,False
ENSG00000110046,ATG2A,-0.1651445647689541,-0.03238629740769353,0.874249135903377,1.0,-0.09583688028048072,0.7054132576762916,0.9994264970432628,0.0,3,False,False
ENSG00000111728,ST8SIA1,-0.1651445647689541,-0.14321849757624552,0.874249135903377,1.0,0.0303233725667482,0.909097638017186,0.9994264970432628,0.059129223711296905,3,False,False
ENSG00000112304,ACOT13,-0.1651445647689541,-0.10962783584205282,0.874249135903377,1.0,-0.0018219266660164325,0.9943122291114884,0.9994264970432628,0.0,2,False,False
ENSG00000113758,DBN1,0.1651445647689541,-0.07569805788894418,0.874249135903377,1.0,0.05258803228490624,0.890168868997893,0.9994264970432628,0.5008959546903134,2,False,False
ENSG00000114503,NCBP2,0.1651445647689541,-0.06579887773770478,0.874249135903377,1.0,0.08561591434115629,0.8015144017750575,0.9994264970432628,0.3915756976368604,2,False,False
ENSG00000117139,KDM5B,0.1651445647689541,-0.11781837383739668,0.874249135903377,1.0,-0.1201347028163532,0.6511585741769108,0.9994264970432628,0.05733332366171163,2,False,False
ENSG00000117410,ATP6V0B,0.1651445647689541,-0.11066010348215893,0.874249135903377,1.0,0.09627792658049077,0.7507232249230473,0.9994264970432628,0.2501307524479109,2,False,False
ENSG00000119878,CRIPT,0.1651445647689541,-0.156976149778551,0.874249135903377,1.0,0.22517874826753878,0.6462736902231629,0.9994264970432628,0.6735042216816831,3,False,False
ENSG00000122085,MTERF4,-0.1651445647689541,-0.09226392797656695,0.874249135903377,1.0,-0.07349018647195733,0.7731431115787791,0.9994264970432628,0.0,3,False,False
ENSG00000123472,ATPAF1,-0.1651445647689541,0.00689458801817451,0.874249135903377,1.0,-0.0039880574365284815,0.9874252062356401,0.9994264970432628,0.0,2,False,False
ENSG00000125991,ERGIC3,0.1651445647689541,-0.18240300271234358,0.874249135903377,1.0,0.1611117769741279,0.6715646859264345,0.9994264970432628,0.49578253465055017,3,False,False
ENSG00000131013,PPIL4,-0.1651445647689541,-0.024706661715381866,0.874249135903377,1.0,0.027789025030431028,0.9126526397797851,0.9994264970432628,0.0,2,False,False
ENSG00000132429,POPDC3,0.1651445647689541,-0.11487789153742298,0.874249135903377,1.0,-0.032645083058973096,0.8977128057508473,0.9994264970432628,0.0,2,False,False
ENSG00000132467,UTP3,-0.1651445647689541,-0.13965165961136428,0.874249135903377,1.0,-0.045085811333424784,0.8589236633100341,0.9994264970432628,0.0,3,False,False
ENSG00000133083,DCLK1,0.1651445647689541,0.09363853677078418,0.874249135903377,1.0,0.07059349690716644,0.8407674296642202,0.9994264970432628,0.42310444530471103,3,False,False
ENSG00000135404,CD63,-0.1651445647689541,-0.08688213891589674,0.874249135903377,1.0,-0.07113263094216624,0.8421466279567951,0.9994264970432628,0.44091734984101194,2,False,False
ENSG00000135525,MAP7,-0.1651445647689541,-0.15898756950247164,0.874249135903377,1.0,-0.06290062809872253,0.8046643210185457,0.9994264970432628,0.0,2,False,False
ENSG00000135966,TGFBRAP1,0.1651445647689541,-0.05117452246718001,0.874249135903377,1.0,0.051194557976290925,0.8406465311880846,0.9994264970432628,0.0,2,False,False
ENSG00000136478,TEX2,-0.1651445647689541,-0.15277744564975448,0.874249135903377,1.0,-0.16608963195629672,0.5127594212131199,0.9994264970432628,0.0,4,False,False
ENSG00000136546,SCN7A,0.1651445647689541,0.03247625079047824,0.874249135903377,1.0,0.09057911073300826,0.7227229596151797,0.9994264970432628,0.0,2,False,False
ENSG00000139719,VPS33A,0.1651445647689541,-0.04760604483703185,0.874249135903377,1.0,-0.04750479515500215,0.8975916917080612,0.9994264970432628,0.47329859011141434,3,False,False
ENSG00000140694,PARN,0.1651445647689541,-0.03379494942782608,0.874249135903377,1.0,-0.021979108127166476,0.9312982070232974,0.9994264970432628,0.0,2,False,False
ENSG00000141378,PTRH2,0.1651445647689541,-0.12791978155594363,0.874249135903377,1.0,0.027014714839023988,0.9155354676023632,0.9994264970432628,0.0,3,False,False
ENSG00000142784,WDTC1,0.1651445647689541,-0.05824028673463775,0.874249135903377,1.0,0.008241375404996367,0.9741377064335731,0.9994264970432628,0.0,3,False,False
ENSG00000143179,UCK2,0.1651445647689541,-0.23948230998801107,0.874249135903377,1.0,-0.06358670214850601,0.8245644006083707,0.9994264970432628,0.1751233991364364,3,False,False
ENSG00000143183,TMCO1,0.1651445647689541,0.10456365859295637,0.874249135903377,1.0,0.11844463220965509,0.6411376020222144,0.9994264970432628,0.0,2,False,False
ENSG00000147155,EBP,0.1651445647689541,0.16119245145115582,0.874249135903377,1.0,0.08283654559401478,0.7449366935167157,0.9994264970432628,0.0,3,False,False
ENSG00000148175,STOM,-0.1651445647689541,-0.0070299054030711385,0.874249135903377,1.0,-0.054258891878958306,0.8318910960097428,0.9994264970432628,0.0,2,False,False
ENSG00000164114,MAP9,-0.1651445647689541,-0.2815026365176663,0.874249135903377,1.0,-0.14552557506284763,0.6997661305035604,0.9994264970432628,0.4926023620805765,2,False,False
ENSG00000164576,SAP30L,0.1651445647689541,0.03884407896980044,0.874249135903377,1.0,0.046513091107221766,0.8920895532560007,0.9994264970432628,0.3970690344328062,2,False,False
ENSG00000170502,NUDT9,0.1651445647689541,-0.05847363514536319,0.874249135903377,1.0,0.0831784742001014,0.7984619590576594,0.9994264970432628,0.33874165454457494,3,False,False
ENSG00000171862,PTEN,-0.1651445647689541,-0.12195950062486499,0.874249135903377,1.0,-0.11159784347334582,0.661306780020534,0.9994264970432628,0.0,3,False,False
ENSG00000172508,CARNS1,-0.1651445647689541,-0.09625484708270199,0.874249135903377,1.0,-0.02685376738987884,0.9314634002174448,0.9994264970432628,0.287944816961567,3,False,False
ENSG00000177054,ZDHHC13,0.1651445647689541,-0.1480187380958806,0.874249135903377,1.0,-0.017471584168163797,0.9452663757539955,0.9994264970432628,0.0,2,False,False
ENSG00000177432,NAP1L5,0.1651445647689541,0.16131581908636794,0.874249135903377,1.0,0.07199917630814277,0.776414681659952,0.9994264970432628,0.0,2,False,False
ENSG00000178104,PDE4DIP,-0.1651445647689541,0.04996339951869895,0.874249135903377,1.0,-0.003502844554292949,0.9890665654749002,0.9994264970432628,0.0,2,False,False
ENSG00000179134,SAMD4B,0.1651445647689541,0.12387278512797384,0.874249135903377,1.0,0.09337034059561398,0.726253709340104,0.9994264970432628,0.06465223827716736,2,False,False
ENSG00000180008,SOCS4,-0.1651445647689541,-0.22068257785310658,0.874249135903377,1.0,-0.06578245273326987,0.8639794858922859,0.9994264970432628,0.5102757238329901,2,False,False
ENSG00000185442,FAM174B,-0.1651445647689541,0.14896268250288516,0.874249135903377,1.0,0.011859753160495506,0.9627215256369029,0.9994264970432628,0.0,1,False,False
ENSG00000197457,STMN3,-0.1651445647689541,-0.05817664111909481,0.874249135903377,1.0,0.036915907249261005,0.8843281038082618,0.9994264970432628,0.0,2,False,False
ENSG00000198265,HELZ,0.1651445647689541,-0.17136720427185032,0.874249135903377,1.0,0.025211385388126947,0.92645009437516,0.9994264970432628,0.1022321785403962,2,False,False
ENSG00000198910,L1CAM,-0.1651445647689541,0.10597853816098561,0.874249135903377,1.0,0.05177453662158502,0.8387181335004025,0.9994264970432628,0.0,2,False,False
ENSG00000234741,GAS5,-0.1651445647689541,-0.1044632230670176,0.874249135903377,1.0,-0.009648511149848537,0.9699260436262999,0.9994264970432628,0.0,3,False,False
ENSG00000113140,SPARC,-0.15826354123691433,0.13624253671655245,0.8796725463459156,1.0,0.047898729236437614,0.8512729057086894,0.9994264970432628,0.0,2,False,False
ENSG00000149571,KIRREL3,-0.1513825177048746,-0.2592347664636003,0.885103107366929,1.0,0.07173681981623713,0.8544950804251656,0.9994264970432628,0.5250183180411827,3,False,False
ENSG00000015676,NUDCD3,0.1513825177048746,-0.01104241614686427,0.8851044766556225,1.0,0.07280290173178414,0.7745787741934864,0.9994264970432628,0.0,2,False,False
ENSG00000044115,CTNNA1,-0.1513825177048746,-0.05531786766363792,0.8851044766556225,1.0,-0.0780406195605095,0.7591077419680246,0.9994264970432628,0.0,2,False,False
ENSG00000051620,HEBP2,0.1513825177048746,0.02790780667757291,0.8851044766556225,1.0,0.032069422102612086,0.8994087264486669,0.9994264970432628,0.0,2,False,False
ENSG00000075292,ZNF638,-0.1513825177048746,0.012833105299855244,0.8851044766556225,1.0,0.02885022674705844,0.9095244750670685,0.9994264970432628,0.0,2,False,False
ENSG00000078114,NEBL,-0.1513825177048746,-0.2945895128334092,0.8851044766556225,1.0,0.00802297551659478,0.9748897972121443,0.9994264970432628,0.0,2,False,False
ENSG00000079332,SAR1A,-0.1513825177048746,0.00983978420248236,0.8851044766556225,1.0,-0.09442160244038744,0.7854315655760717,0.9994264970432628,0.4014608931454166,2,False,False
ENSG00000082805,ERC1,-0.1513825177048746,-0.383945152780067,0.8851044766556225,1.0,-0.20717024027225317,0.5515799968150994,0.9994264970432628,0.4124998176971655,3,False,False
ENSG00000088367,EPB41L1,-0.1513825177048746,0.02777988090360509,0.8851044766556225,1.0,0.013836351975636433,0.9564211047774849,0.9994264970432628,0.0,2,False,False
ENSG00000089006,SNX5,-0.1513825177048746,0.045265858741130684,0.8851044766556225,1.0,-0.045081439296920996,0.9028704530881738,0.9994264970432628,0.46437851587810713,2,False,False
ENSG00000100422,CERK,0.1513825177048746,-0.004163369739639425,0.8851044766556225,1.0,0.08277623793915864,0.7442503165705502,0.9994264970432628,0.0,2,False,False
ENSG00000100505,TRIM9,-0.1513825177048746,0.026868556760930154,0.8851044766556225,1.0,-0.12081810396915636,0.6357781644735725,0.9994264970432628,0.0,2,False,False
ENSG00000102241,HTATSF1,-0.1513825177048746,-0.3076884555293017,0.8851044766556225,1.0,-0.10041848657267417,0.7072349399271259,0.9994264970432628,0.06737980678493165,2,False,False
ENSG00000104427,ZC2HC1A,0.1513825177048746,-0.32214660612521107,0.8851044766556225,1.0,-0.04707244530261577,0.8806327546217905,0.9994264970432628,0.2868234698643945,2,False,False
ENSG00000105325,FZR1,-0.1513825177048746,-0.008468075126607348,0.8851044766556225,1.0,-0.09344798837261242,0.7136005050631498,0.9994264970432628,0.0,2,False,False
ENSG00000105339,DENND3,0.1513825177048746,-0.02659063424903149,0.8851044766556225,1.0,-0.04454728987171313,0.8610530206888908,0.9994264970432628,0.0,2,False,False
ENSG00000107295,SH3GL2,-0.1513825177048746,-0.10125509923933969,0.8851044766556225,1.0,-0.07290882154386233,0.8187452794591417,0.9994264970432628,0.3048318447008837,2,False,False
ENSG00000110074,FOXRED1,-0.1513825177048746,-0.24456795607220796,0.8851044766556225,1.0,-0.11870079537296979,0.6404818619260095,0.9994264970432628,0.0,2,False,False
ENSG00000111011,RSRC2,-0.1513825177048746,0.09505059495916969,0.8851044766556225,1.0,-0.036478359603806104,0.9207952374382213,0.9994264970432628,0.44884851835601547,1,False,False
ENSG00000111142,METAP2,0.1513825177048746,-0.12780005088155166,0.8851044766556225,1.0,0.1299109945292892,0.7061362584363944,0.9994264970432628,0.4042331093430425,2,False,False
ENSG00000114650,SCAP,0.1513825177048746,0.05451780895077085,0.8851044766556225,1.0,0.10962345114157501,0.6860818144303952,0.9994264970432628,0.09106026922346717,1,False,False
ENSG00000115514,TXNDC9,-0.1513825177048746,-0.1592722047656515,0.8851044766556225,1.0,-0.09047496341186861,0.7221826221452271,0.9994264970432628,0.0,1,False,False
ENSG00000118200,CAMSAP2,-0.1513825177048746,0.17527559517414282,0.8851044766556225,1.0,0.05362946366693054,0.8617340880686888,0.9994264970432628,0.2645982351355254,2,False,False
ENSG00000120162,MOB3B,-0.1513825177048746,-0.05617411364586371,0.8851044766556225,1.0,0.0674654785392448,0.862877875451872,0.9994264970432628,0.5248309342436628,3,False,False
ENSG00000123989,CHPF,-0.1513825177048746,0.08622687438145542,0.8851044766556225,1.0,0.03636017209704107,0.8865548814141799,0.9994264970432628,0.0,2,False,False
ENSG00000124209,RAB22A,0.1513825177048746,-0.11266855452077622,0.8851044766556225,1.0,-0.02913965860302587,0.9085069436863367,0.9994264970432628,0.0,2,False,False
ENSG00000124486,USP9X,0.1513825177048746,-0.3321612971901748,0.8851044766556225,1.0,-0.15819005184097318,0.6049508864192868,0.9994264970432628,0.25856767417783477,2,False,False
ENSG00000126432,PRDX5,-0.1513825177048746,-0.09933117600979684,0.8851044766556225,1.0,0.026525851394757057,0.9217465687473878,0.9994264970432628,0.08515662679954054,2,False,False
ENSG00000131446,MGAT1,0.1513825177048746,-0.12782714366634856,0.8851044766556225,1.0,0.02762250899091461,0.945258270541356,0.9994264970432628,0.5534056061667564,2,False,False
ENSG00000132275,RRP8,-0.1513825177048746,-0.2555861706029936,0.8851044766556225,1.0,-0.06979109155656991,0.7962977933180855,0.9994264970432628,0.08326528018541077,2,False,False
ENSG00000132313,MRPL35,0.1513825177048746,0.12101043937719151,0.8851044766556225,1.0,0.09929998091223534,0.6952803645745581,0.9994264970432628,0.0,2,False,False
ENSG00000135679,MDM2,0.1513825177048746,-0.12943238517342365,0.8851044766556225,1.0,0.020355738636014482,0.9364693102687445,0.9994264970432628,0.0,2,False,False
ENSG00000135823,STX6,-0.1513825177048746,-0.13830770609571721,0.8851044766556225,1.0,-0.04349526034021638,0.8638674900909548,0.9994264970432628,0.0,2,False,False
ENSG00000138468,SENP7,-0.1513825177048746,0.00473782308113703,0.8851044766556225,1.0,-0.027575545661172395,0.9137887126518309,0.9994264970432628,0.0,2,False,False
ENSG00000139687,RB1,-0.1513825177048746,-0.4187523835967507,0.8851044766556225,1.0,-0.05299639159097899,0.8718830748353731,0.9994264970432628,0.34052222821985545,2,False,False
ENSG00000142188,TMEM50B,0.1513825177048746,-0.26519261972245695,0.8851044766556225,1.0,-0.027703874019459677,0.9255469764711972,0.9994264970432628,0.21680370968647686,2,False,False
ENSG00000142892,PIGK,0.1513825177048746,-0.010820161240325317,0.8851044766556225,1.0,0.07369951820063532,0.7731132512429203,0.9994264970432628,0.0,3,False,False
ENSG00000143322,ABL2,-0.1513825177048746,0.004731714911870168,0.8851044766556225,1.0,0.06572316851289273,0.7971382187673437,0.9994264970432628,0.0,2,False,False
ENSG00000152926,ZNF117,0.1513825177048746,-0.09874853145439408,0.8851044766556225,1.0,-0.06157323220413513,0.8082486154306258,0.9994264970432628,0.0,3,False,False
ENSG00000158435,CNOT11,0.1513825177048746,-0.22301301528118034,0.8851044766556225,1.0,-0.25437914166061615,0.5455140845183444,0.9994264970432628,0.5765769104564181,3,False,False
ENSG00000164615,CAMLG,0.1513825177048746,-0.17625750135876653,0.8851044766556225,1.0,-0.11490435088231356,0.65167617840757,0.9994264970432628,0.0,3,False,False
ENSG00000166012,TAF1D,0.1513825177048746,-0.03448430279725653,0.8851044766556225,1.0,-0.016672767288580134,0.9686732783259352,0.9994264970432628,0.5941788547501181,1,False,False
ENSG00000170234,PWWP2A,-0.1513825177048746,-0.040614229385826726,0.8851044766556225,1.0,0.026246725840327383,0.9179403353933826,0.9994264970432628,0.0,3,False,False
ENSG00000170832,USP32,-0.1513825177048746,0.3861444173454982,0.8851044766556225,1.0,0.11995281736277837,0.6388770271550568,0.9994264970432628,0.0,3,False,False
ENSG00000170860,LSM3,-0.1513825177048746,-0.06329555715474108,0.8851044766556225,1.0,0.006194216473461575,0.9806217884510987,0.9994264970432628,0.0,2,False,False
ENSG00000175581,MRPL48,0.1513825177048746,-0.12290417448213209,0.8851044766556225,1.0,0.07493662420820471,0.8702149315734771,0.9994264970432628,0.6485860854028332,3,False,False
ENSG00000177697,CD151,-0.1513825177048746,-0.1483661229445641,0.8851044766556225,1.0,-0.03486597774295225,0.891451008657136,0.9994264970432628,0.0,1,False,False
ENSG00000180817,PPA1,-0.1513825177048746,-0.0865028381191283,0.8851044766556225,1.0,-0.008557547389619639,0.973036242692975,0.9994264970432628,0.0,2,False,False
ENSG00000184220,CMSS1,-0.1513825177048746,-0.17177479943315233,0.8851044766556225,1.0,0.01875612767550182,0.9414140999825188,0.9994264970432628,0.0,2,False,False
ENSG00000184408,KCND2,-0.1513825177048746,0.19739592453727667,0.8851044766556225,1.0,0.03340713171809607,0.8961663830456541,0.9994264970432628,0.0,2,False,False
ENSG00000196923,PDLIM7,-0.1513825177048746,-0.10841229236586347,0.8851044766556225,1.0,-0.053738146716665984,0.831916522818331,0.9994264970432628,0.0,3,False,False
ENSG00000197580,BCO2,-0.1513825177048746,0.06733089095258242,0.8851044766556225,1.0,-0.0311968293313953,0.9035817908146402,0.9994264970432628,0.00978876126739307,2,False,False
ENSG00000215301,DDX3X,-0.1513825177048746,-0.000887115115431703,0.8851044766556225,1.0,0.007965541485437284,0.9749331316623896,0.9994264970432628,0.0,2,False,False
ENSG00000220205,VAMP2,-0.1513825177048746,0.11140326128148019,0.8851044766556225,1.0,-0.08645799985888955,0.8223578932050615,0.9994264970432628,0.4933060139658921,2,False,False
ENSG00000243943,ZNF512,-0.1513825177048746,-0.19699023028588236,0.8851044766556225,1.0,-0.03298157938617897,0.8970496903256977,0.9994264970432628,0.0,2,False,False
ENSG00000149100,EIF3M,0.14450149417283484,0.09705560259981584,0.8905390708873111,1.0,0.1745904689085825,0.4929564894839641,0.9994264970432628,0.0,3,False,False
ENSG00000137267,TUBB2A,0.13762047064079508,0.14861666548189395,0.8959777020508561,1.0,0.01894895573221094,0.9503040799532044,0.9994264970432628,0.24405073461306762,3,False,False
ENSG00000067141,NEO1,0.13762047064079508,-0.08610401545216434,0.895980184641886,1.0,-0.054729274003660414,0.8294497319880495,0.9994264970432628,0.0,2,False,False
ENSG00000125952,MAX,0.13762047064079508,0.013315193764847879,0.895980184641886,1.0,0.02570612091494802,0.919220796139947,0.9994264970432628,0.0,1,False,False
ENSG00000152620,NADK2,0.13762047064079508,0.003096425925897978,0.895980184641886,1.0,-0.0037730634959160817,0.9901404621403723,0.9994264970432628,0.259414898347101,2,False,False
ENSG00000004799,PDK4,0.13762047064079508,-0.04085614267061212,0.8959814258707481,1.0,-0.037610265721540775,0.8827122774381512,0.9994264970432628,0.0,2,False,False
ENSG00000023171,GRAMD1B,-0.13762047064079508,-0.02367560702044696,0.8959814258707481,1.0,-0.023656071291080268,0.9256662196086797,0.9994264970432628,0.0,3,False,False
ENSG00000055147,FAM114A2,0.13762047064079508,0.07580888965834147,0.8959814258707481,1.0,-0.04262683526593328,0.8951566799309085,0.9994264970432628,0.3309359279959342,1,False,False
ENSG00000057608,GDI2,-0.13762047064079508,0.028413873997461453,0.8959814258707481,1.0,0.10265700216469222,0.6858717344211421,0.9994264970432628,0.0,2,False,False
ENSG00000059915,PSD,-0.13762047064079508,-0.0732178364850244,0.8959814258707481,1.0,-0.014170653847698852,0.955655891032637,0.9994264970432628,0.0,1,False,False
ENSG00000067225,PKM,0.13762047064079508,0.4379885828157523,0.8959814258707481,1.0,0.002036385375200205,0.9955041219547648,0.9994264970432628,0.4498962221543122,2,False,False
ENSG00000067798,NAV3,-0.13762047064079508,-0.04899194913016255,0.8959814258707481,1.0,-0.03730031617059671,0.8829261680650841,0.9994264970432628,0.0,2,False,False
ENSG00000072071,ADGRL1,-0.13762047064079508,0.09917634556623836,0.8959814258707481,1.0,0.028314804261903,0.9113655089825475,0.9994264970432628,0.0,2,False,False
ENSG00000072364,AFF4,0.13762047064079508,0.036619055510354014,0.8959814258707481,1.0,0.11726728896105876,0.6438361334676584,0.9994264970432628,0.0,1,False,False
ENSG00000075336,TIMM21,0.13762047064079508,0.11937444568918412,0.8959814258707481,1.0,0.0563708984876038,0.8250339813229478,0.9994264970432628,0.0,2,False,False
ENSG00000075914,EXOSC7,0.13762047064079508,0.08555776241291653,0.8959814258707481,1.0,0.12173091528273082,0.6322523144591472,0.9994264970432628,0.0,1,False,False
ENSG00000077147,TM9SF3,0.13762047064079508,0.044594432025924446,0.8959814258707481,1.0,0.038458035582313,0.8800264474164005,0.9994264970432628,0.0,2,False,False
ENSG00000077380,DYNC1I2,-0.13762047064079508,-0.15931071648747008,0.8959814258707481,1.0,-0.06849252964825624,0.8600377612987138,0.9994264970432628,0.5205618850226151,2,False,False
ENSG00000078967,UBE2D4,-0.13762047064079508,-0.020370228252175965,0.8959814258707481,1.0,-0.04238422258236816,0.8676378214727862,0.9994264970432628,0.0,2,False,False
ENSG00000079215,SLC1A3,0.13762047064079508,0.0637938636510001,0.8959814258707481,1.0,0.048719505640906165,0.8660500443101776,0.9994264970432628,0.18252416023194123,2,False,False
ENSG00000086300,SNX10,0.13762047064079508,0.19308206418815846,0.8959814258707481,1.0,0.11849380998922963,0.6419349261141292,0.9994264970432628,0.0,2,False,False
ENSG00000090013,BLVRB,0.13762047064079508,-0.2420377024341966,0.8959814258707481,1.0,-0.025609640274634145,0.9199594262715343,0.9994264970432628,0.0,2,False,False
ENSG00000100347,SAMM50,-0.13762047064079508,-0.17423890629866115,0.8959814258707481,1.0,0.029216334312066588,0.9086706616910661,0.9994264970432628,0.0,3,False,False
ENSG00000100442,FKBP3,0.13762047064079508,-0.007713242875150214,0.8959814258707481,1.0,0.04561926749412907,0.8574953273153205,0.9994264970432628,0.0,3,False,False
ENSG00000100592,DAAM1,-0.13762047064079508,-0.02478658905012589,0.8959814258707481,1.0,0.040133155568796056,0.8742011513123673,0.9994264970432628,0.0,2,False,False
ENSG00000101350,KIF3B,-0.13762047064079508,-0.24819455684552846,0.8959814258707481,1.0,-0.1216653233447305,0.698396313447925,0.9994264970432628,0.29282085739828273,2,False,False
ENSG00000101746,NOL4,-0.13762047064079508,0.17340044111210196,0.8959814258707481,1.0,0.023168729958992065,0.9293173388147057,0.9994264970432628,0.03139612885226915,2,False,False
ENSG00000104112,SCG3,-0.13762047064079508,-0.09741939675756567,0.8959814258707481,1.0,0.03932688401676796,0.8771662800991165,0.9994264970432628,0.0,2,False,False
ENSG00000106628,POLD2,0.13762047064079508,0.12266650151439348,0.8959814258707481,1.0,0.1042277239287601,0.6807707653622028,0.9994264970432628,0.0,3,False,False
ENSG00000107104,KANK1,0.13762047064079508,-0.0733364401931084,0.8959814258707481,1.0,-0.05345415128835275,0.8336012913411679,0.9994264970432628,0.0,3,False,False
ENSG00000115419,GLS,-0.13762047064079508,0.1608726438350277,0.8959814258707481,1.0,-0.07114457597038447,0.8567916773427576,0.9994264970432628,0.519258329060227,2,False,False
ENSG00000116199,FAM20B,-0.13762047064079508,-0.18637171786302908,0.8959814258707481,1.0,-0.1625797174961564,0.7032450673071993,0.9994264970432628,0.5918176007476801,2,False,False
ENSG00000116521,SCAMP3,0.13762047064079508,-0.17100424270808662,0.8959814258707481,1.0,0.014862353941747324,0.9565513058990022,0.9994264970432628,0.10068699893861133,2,False,False
ENSG00000117118,SDHB,-0.13762047064079508,-0.2782968831164173,0.8959814258707481,1.0,-0.0874171566760163,0.7999666675297077,0.9994264970432628,0.40564185869852176,2,False,False
ENSG00000117153,KLHL12,0.13762047064079508,-0.13188959126726296,0.8959814258707481,1.0,-0.0473904051955873,0.8523369090341293,0.9994264970432628,0.0,2,False,False
ENSG00000117174,ZNHIT6,-0.13762047064079508,0.09430989925733377,0.8959814258707481,1.0,0.002281165517629356,0.9928245275135255,0.9994264970432628,0.0,3,False,False
ENSG00000120837,NFYB,-0.13762047064079508,0.027600398741515368,0.8959814258707481,1.0,-0.06649768624453152,0.8372933110979621,0.9994264970432628,0.3323776270071867,2,False,False
ENSG00000121774,KHDRBS1,0.13762047064079508,-0.3264711845977975,0.8959814258707481,1.0,0.06877373599543292,0.844115739926738,0.9994264970432628,0.41572827120389627,3,False,False
ENSG00000122203,KIAA1191,-0.13762047064079508,0.1610499382660362,0.8959814258707481,1.0,0.027907300761081028,0.9125712007907242,0.9994264970432628,0.0,1,False,False
ENSG00000124155,PIGT,-0.13762047064079508,0.09365073730240989,0.8959814258707481,1.0,-0.04209608953683712,0.8689502690976452,0.9994264970432628,0.0,3,False,False
ENSG00000127511,SIN3B,0.13762047064079508,0.1909671066709894,0.8959814258707481,1.0,0.07004553997145041,0.7825580222350352,0.9994264970432628,0.0,2,False,False
ENSG00000128573,FOXP2,0.13762047064079508,-0.195578604095162,0.8959814258707481,1.0,0.08748076298216394,0.8576083874786662,0.9994264970432628,0.680741010845525,3,False,False
ENSG00000128881,TTBK2,-0.13762047064079508,-0.09107880033912932,0.8959814258707481,1.0,0.026804239826938005,0.9338815872621762,0.9994264970432628,0.32735864028771877,2,False,False
ENSG00000131238,PPT1,0.13762047064079508,-0.19697909451278664,0.8959814258707481,1.0,-0.027111521968863326,0.9299244944378221,0.9994264970432628,0.2726564365293229,2,False,False
ENSG00000134897,BIVM,0.13762047064079508,-0.10663202353744358,0.8959814258707481,1.0,-0.02387668051872223,0.9250926507222793,0.9994264970432628,0.0,2,False,False
ENSG00000136643,RPS6KC1,-0.13762047064079508,-0.1447366955606885,0.8959814258707481,1.0,-0.009277683553593727,0.9709697207603345,0.9994264970432628,0.0,3,False,False
ENSG00000136938,ANP32B,-0.13762047064079508,-0.19576243457586923,0.8959814258707481,1.0,-0.07112505385241687,0.8638178074049878,0.9994264970432628,0.5774019443313557,2,False,False
ENSG00000138078,PREPL,0.13762047064079508,0.05349722259477099,0.8959814258707481,1.0,0.020332316494116476,0.9364291498923123,0.9994264970432628,0.0,1,False,False
ENSG00000140396,NCOA2,-0.13762047064079508,0.08354479271692208,0.8959814258707481,1.0,-0.0011494767818314836,0.996392209453599,0.9994264970432628,0.0,3,False,False
ENSG00000143771,CNIH4,0.13762047064079508,0.046968499561976816,0.8959814258707481,1.0,0.06478592414399173,0.7999894979080493,0.9994264970432628,0.0,2,False,False
ENSG00000144161,ZC3H8,0.13762047064079508,-0.2560721857199461,0.8959814258707481,1.0,-0.04405122493676359,0.862747718478323,0.9994264970432628,0.0,1,False,False
ENSG00000145864,GABRB2,-0.13762047064079508,0.44403279935117046,0.8959814258707481,1.0,-0.012254374044644033,0.9763025237847205,0.9994264970432628,0.5739419512135187,2,False,False
ENSG00000148834,GSTO1,0.13762047064079508,-0.11726336532598189,0.8959814258707481,1.0,0.05607876485154949,0.8566578232032264,0.9994264970432628,0.2788570575394534,2,False,False
ENSG00000153234,NR4A2,-0.13762047064079508,-0.0075403686081508,0.8959814258707481,1.0,-0.0540149468395983,0.8318733435814321,0.9994264970432628,0.0,3,False,False
ENSG00000153406,NMRAL1,0.13762047064079508,0.01996979087770417,0.8959814258707481,1.0,0.12623401111628652,0.620222785032328,0.9994264970432628,0.0,2,False,False
ENSG00000158526,TSR2,0.13762047064079508,-0.04234903585124512,0.8959814258707481,1.0,0.006429713153904476,0.979767450348775,0.9994264970432628,0.0,2,False,False
ENSG00000161202,DVL3,0.13762047064079508,0.12740342574672023,0.8959814258707481,1.0,0.10576397435251214,0.6765509487008521,0.9994264970432628,0.0,3,False,False
ENSG00000163541,SUCLG1,0.13762047064079508,-0.19142731399512145,0.8959814258707481,1.0,-0.050108262311629424,0.8443004891386137,0.9994264970432628,0.0,2,False,False
ENSG00000163719,MTMR14,0.13762047064079508,-0.10522738823355487,0.8959814258707481,1.0,-0.051700188308161386,0.8384128463199643,0.9994264970432628,0.0,2,False,False
ENSG00000164323,CFAP97,0.13762047064079508,0.040949466069684734,0.8959814258707481,1.0,0.05196469406511746,0.8375332336272194,0.9994264970432628,0.0,3,False,False
ENSG00000164683,HEY1,-0.13762047064079508,-0.059347459539625655,0.8959814258707481,1.0,-0.015721861208145133,0.9504862085669867,0.9994264970432628,0.0,2,False,False
ENSG00000165525,NEMF,0.13762047064079508,0.167368944798016,0.8959814258707481,1.0,0.13014254297523073,0.6157652521233477,0.9994264970432628,0.019513082202381443,2,False,False
ENSG00000169189,NSMCE1,-0.13762047064079508,-0.20993119515410016,0.8959814258707481,1.0,-0.0974048306824282,0.7118271085084619,0.9994264970432628,0.046401942933086145,2,False,False
ENSG00000171824,EXOSC10,-0.13762047064079508,0.05891564365918866,0.8959814258707481,1.0,-0.010833962962991344,0.9673596106250233,0.9994264970432628,0.05428630535337144,2,False,False
ENSG00000173409,ARV1,0.13762047064079508,-0.02184465405708617,0.8959814258707481,1.0,0.17016066659047957,0.5061702370836509,0.9994264970432628,0.0,2,False,False
ENSG00000175573,C11orf68,0.13762047064079508,-0.21962498261689023,0.8959814258707481,1.0,0.07242321345115459,0.8555860620905659,0.9994264970432628,0.5446180440465628,3,False,False
ENSG00000175874,CREG2,0.13762047064079508,0.15567736819981584,0.8959814258707481,1.0,0.08723132965439608,0.7326942986979545,0.9994264970432628,0.0,2,False,False
ENSG00000176978,DPP7,0.13762047064079508,0.07938499387420761,0.8959814258707481,1.0,-0.04329102662868179,0.8647647564558145,0.9994264970432628,0.0,2,False,False
ENSG00000177311,ZBTB38,0.13762047064079508,-0.23694032595085268,0.8959814258707481,1.0,-0.0496368845827195,0.9048537305166536,0.9994264970432628,0.5781623883974546,2,False,False
ENSG00000180902,D2HGDH,-0.13762047064079508,-0.17771452895663553,0.8959814258707481,1.0,-0.016263532295809874,0.9490472985435765,0.9994264970432628,0.0,2,False,False
ENSG00000196591,HDAC2,0.13762047064079508,-0.1907813563594922,0.8959814258707481,1.0,-0.027787150298612676,0.9131907394042609,0.9994264970432628,0.0,2,False,False
ENSG00000205138,SDHAF1,-0.13762047064079508,-0.39081184240357825,0.8959814258707481,1.0,0.029110070962480843,0.9506511931739349,0.9994264970432628,0.6606518025467724,3,False,False
ENSG00000211456,SACM1L,-0.13762047064079508,-0.02086820769522773,0.8959814258707481,1.0,-0.03636294858623751,0.8865480763481297,0.9994264970432628,0.0,2,False,False
ENSG00000214944,ARHGEF28,-0.13762047064079508,-0.2246926180601157,0.8959814258707481,1.0,-0.10976990034946338,0.6659881685181002,0.9994264970432628,0.0,2,False,False
ENSG00000235194,PPP1R3E,0.13762047064079508,-0.025116978417943425,0.8959814258707481,1.0,-0.007635330166783876,0.9760870645394663,0.9994264970432628,0.0,2,False,False
ENSG00000102181,CD99L2,0.13073944710875532,-0.11694789017183883,0.9014238416490212,1.0,0.06494551239605603,0.7991863410387056,0.9994264970432628,0.0,2,False,False
ENSG00000143933,CALM2,0.13073944710875532,-0.03347178353761568,0.9014238416490212,1.0,0.08280927681432769,0.7454194792978539,0.9994264970432628,0.0,3,False,False
ENSG00000187555,USP7,-0.13073944710875532,-0.006463883099562769,0.9014250186648562,1.0,-0.013458090403395972,0.9578807890615013,0.9994264970432628,0.0,2,False,False
ENSG00000054118,THRAP3,0.13073944710875532,0.11640570207838384,0.9014261956385314,1.0,-0.08313571044332935,0.8485524140347247,0.9994264970432628,0.6079031548986024,2,False,False
ENSG00000120306,CYSTM1,-0.12385842357671557,-0.098807204241548,0.9068768501934601,1.0,-0.07154466979183682,0.7793060284060881,0.9994264970432628,0.0,3,False,False
ENSG00000133313,CNDP2,0.12385842357671557,-0.07360023672039193,0.9068768501934601,1.0,-0.07537723741639242,0.7667455485417515,0.9994264970432628,0.0,2,False,False
ENSG00000146457,WTAP,0.12385842357671557,0.10187111100244069,0.9068768501934601,1.0,0.11582454924732367,0.6473017622013242,0.9994264970432628,0.0,4,False,False
ENSG00000189241,TSPYL1,0.12385842357671557,-0.020412558764114436,0.9068768501934601,1.0,0.04553400974889775,0.8582396667958956,0.9994264970432628,0.0,3,False,False
ENSG00000004660,CAMKK1,0.12385842357671557,0.09831650242846346,0.906877962661312,1.0,0.045938239029901046,0.8563435915738911,0.9994264970432628,0.0,2,False,False
ENSG00000018625,ATP1A2,-0.12385842357671557,-0.1840861103252003,0.906877962661312,1.0,-0.19775863492308232,0.47497595270321713,0.9994264970432628,0.11621219187316838,2,False,False
ENSG00000066697,MSANTD3,0.12385842357671557,0.04159179752450128,0.906877962661312,1.0,-0.01553240153672407,0.9513270311812451,0.9994264970432628,0.0,2,False,False
ENSG00000070718,AP3M2,0.12385842357671557,0.11163859152706883,0.906877962661312,1.0,0.11431170866750924,0.6534921555385893,0.9994264970432628,0.0,2,False,False
ENSG00000071127,WDR1,0.12385842357671557,-0.17948027376048908,0.906877962661312,1.0,0.15180646560759356,0.7853937781289099,0.9994264970432628,0.7327084051852076,2,False,False
ENSG00000086598,TMED2,-0.12385842357671557,-0.05123884662682168,0.906877962661312,1.0,0.03643828991797333,0.8860560213487936,0.9994264970432628,0.0,2,False,False
ENSG00000087191,PSMC5,-0.12385842357671557,-0.19574933314027199,0.906877962661312,1.0,-0.03900053018443802,0.8786317033148621,0.9994264970432628,0.0,2,False,False
ENSG00000099783,HNRNPM,0.12385842357671557,0.017899645920657375,0.906877962661312,1.0,0.022411163295567135,0.9300282570358226,0.9994264970432628,0.0,3,False,False
ENSG00000099940,SNAP29,0.12385842357671557,0.0854563930927964,0.906877962661312,1.0,0.10858304106377518,0.668442151538043,0.9994264970432628,0.0,2,False,False
ENSG00000103994,ZNF106,-0.12385842357671557,-0.013469055828396212,0.906877962661312,1.0,-0.05266069360526355,0.8356800328276763,0.9994264970432628,0.0,2,False,False
ENSG00000104679,R3HCC1,-0.12385842357671557,0.08972745043116327,0.906877962661312,1.0,0.06543718790369994,0.7975611570100701,0.9994264970432628,0.0,3,False,False
ENSG00000104805,NUCB1,-0.12385842357671557,0.09673076832216601,0.906877962661312,1.0,0.12090911893060485,0.6341044747550288,0.9994264970432628,0.0,3,False,False
ENSG00000105429,MEGF8,-0.12385842357671557,0.12000720934013114,0.906877962661312,1.0,0.02045216427281947,0.9357589684029226,0.9994264970432628,0.0,3,False,False
ENSG00000106603,COA1,0.12385842357671557,-0.19471487576258964,0.906877962661312,1.0,0.08566004188247124,0.7719896245312603,0.9994264970432628,0.2161634738227399,3,False,False
ENSG00000108306,FBXL20,-0.12385842357671557,-0.07192217498474195,0.906877962661312,1.0,-0.006745928906196962,0.9789272174482413,0.9994264970432628,0.0,2,False,False
ENSG00000108468,CBX1,-0.12385842357671557,-0.03856167451373707,0.906877962661312,1.0,0.021309368215965362,0.932923451463103,0.9994264970432628,0.0,2,False,False
ENSG00000108826,MRPL27,-0.12385842357671557,-0.12200164629412985,0.906877962661312,1.0,-0.0016937539037588378,0.9946910412800544,0.9994264970432628,0.0,2,False,False
ENSG00000111358,GTF2H3,0.12385842357671557,0.10080473594319425,0.906877962661312,1.0,-0.002320061536410939,0.9927255055784577,0.9994264970432628,0.0,1,False,False
ENSG00000112282,MED23,-0.12385842357671557,-0.08042871875359782,0.906877962661312,1.0,-0.1182788302671406,0.6414761325504116,0.9994264970432628,0.0,3,False,False
ENSG00000112996,MRPS30,-0.12385842357671557,-0.32422675494722936,0.906877962661312,1.0,-0.15205090702229607,0.5509766799402009,0.9994264970432628,0.0,2,False,False
ENSG00000114573,ATP6V1A,0.12385842357671557,-0.053074779155870715,0.906877962661312,1.0,-0.030495311712127618,0.9141645330219651,0.9994264970432628,0.1540940467234642,2,False,False
ENSG00000115649,CNPPD1,-0.12385842357671557,0.0602761761938846,0.906877962661312,1.0,-0.038638245295104554,0.8903723381225228,0.9994264970432628,0.14032014319362132,2,False,False
ENSG00000116991,SIPA1L2,-0.12385842357671557,-0.253471709245446,0.906877962661312,1.0,-0.3322124084297227,0.5091836855747183,0.9994264970432628,0.6827840202919067,2,False,False
ENSG00000118058,KMT2A,-0.12385842357671557,-0.13292392040878467,0.906877962661312,1.0,-0.04340891862150528,0.8641077207922959,0.9994264970432628,0.0,3,False,False
ENSG00000119820,YIPF4,0.12385842357671557,-0.2857141651981011,0.906877962661312,1.0,0.3522517787809207,0.5717096978048135,0.9994264970432628,0.7814603229510843,2,False,False
ENSG00000128699,ORMDL1,-0.12385842357671557,-0.22682525932653486,0.906877962661312,1.0,0.04304628761118113,0.8965001167506765,0.9994264970432628,0.3491250705479296,3,False,False
ENSG00000129657,SEC14L1,0.12385842357671557,-0.02100743250990532,0.906877962661312,1.0,-0.0837499105009506,0.7420264983554787,0.9994264970432628,0.0,2,False,False
ENSG00000130733,YIPF2,0.12385842357671557,0.1898692913591536,0.906877962661312,1.0,-0.024772995947984374,0.9260180570133056,0.9994264970432628,0.06608026394258747,3,False,False
ENSG00000131242,RAB11FIP4,0.12385842357671557,0.08415242249899953,0.906877962661312,1.0,0.07780618715500884,0.8286000300516474,0.9994264970432628,0.4466317163062974,1,False,False
ENSG00000132842,AP3B1,0.12385842357671557,0.027365973770935723,0.906877962661312,1.0,-0.04168533404324698,0.86926560182689,0.9994264970432628,0.0,2,False,False
ENSG00000138442,WDR12,0.12385842357671557,0.06222618313051238,0.906877962661312,1.0,0.02082638366194922,0.9347123082646803,0.9994264970432628,0.0,2,False,False
ENSG00000138802,SEC24B,-0.12385842357671557,-0.00023810658102432636,0.906877962661312,1.0,-0.041232645026849285,0.8714158019775279,0.9994264970432628,0.0,3,False,False
ENSG00000139364,TMEM132B,0.12385842357671557,-0.10759348135991156,0.906877962661312,1.0,0.03385052661837615,0.8941078511817376,0.9994264970432628,0.0,2,False,False
ENSG00000140474,ULK3,-0.12385842357671557,0.06139751564117123,0.906877962661312,1.0,0.043654747529165025,0.863548464888271,0.9994264970432628,0.0,2,False,False
ENSG00000141560,FN3KRP,-0.12385842357671557,-0.11555929064676912,0.906877962661312,1.0,-0.006183404736676325,0.9806737026568106,0.9994264970432628,0.0,2,False,False
ENSG00000143702,CEP170,-0.12385842357671557,-0.08279764293568513,0.906877962661312,1.0,-0.04538174040276691,0.8592122771618359,0.9994264970432628,0.0,2,False,False
ENSG00000144597,EAF1,0.12385842357671557,-0.07432362252438843,0.906877962661312,1.0,-0.03414978106652764,0.8928482005379978,0.9994264970432628,0.0,2,False,False
ENSG00000148516,ZEB1,0.12385842357671557,-0.1557700160325396,0.906877962661312,1.0,0.030135403292415444,0.9060744422864807,0.9994264970432628,0.0,2,False,False
ENSG00000149313,AASDHPPT,-0.12385842357671557,0.08585431049683241,0.906877962661312,1.0,0.11874616143708186,0.6422945671544722,0.9994264970432628,0.0,2,False,False
ENSG00000155189,AGPAT5,-0.12385842357671557,-0.18273275581767326,0.906877962661312,1.0,-0.05120270612851877,0.8402072367214447,0.9994264970432628,0.0,2,False,False
ENSG00000156482,RPL30,0.12385842357671557,0.08572829165108647,0.906877962661312,1.0,0.058013505752175176,0.8198780765783431,0.9994264970432628,0.0,3,False,False
ENSG00000157259,GATAD1,-0.12385842357671557,0.1005014525165953,0.906877962661312,1.0,0.05288946452367205,0.8500840162678702,0.9994264970432628,0.13628413892923325,2,False,False
ENSG00000160145,KALRN,-0.12385842357671557,0.09085584366042623,0.906877962661312,1.0,-0.06301706348689047,0.8051683178703543,0.9994264970432628,0.0,2,False,False
ENSG00000164258,NDUFS4,-0.12385842357671557,-0.055971427857545455,0.906877962661312,1.0,-0.05961922720099753,0.872214077031138,0.9994264970432628,0.47502745777406596,1,False,False
ENSG00000164327,RICTOR,0.12385842357671557,0.08804069033571447,0.906877962661312,1.0,0.08877036244059316,0.7293249790418728,0.9994264970432628,0.002699528798895989,2,False,False
ENSG00000164919,COX6C,-0.12385842357671557,-0.1698904408446144,0.906877962661312,1.0,0.0046552055395036466,0.9854834215000865,0.9994264970432628,0.0,3,False,False
ENSG00000166446,CDYL2,-0.12385842357671557,-0.1284654032913777,0.906877962661312,1.0,0.021952478917182734,0.9526698363040748,0.9994264970432628,0.4759323060497006,3,False,False
ENSG00000166548,TK2,-0.12385842357671557,-0.15593817125916215,0.906877962661312,1.0,-0.08518856435866096,0.7877097080916096,0.9994264970432628,0.30564746640302876,2,False,False
ENSG00000167371,PRRT2,-0.12385842357671557,-0.20087917542993605,0.906877962661312,1.0,-0.23530277738164856,0.35457670282313547,0.9994264970432628,0.0,4,False,False
ENSG00000168374,ARF4,0.12385842357671557,-0.010246370361264336,0.906877962661312,1.0,0.06074420434805363,0.8122981904140709,0.9994264970432628,0.0,2,False,False
ENSG00000170448,NFXL1,-0.12385842357671557,-0.1871352931342234,0.906877962661312,1.0,-0.09768462147967891,0.7008438066141602,0.9994264970432628,0.0,3,False,False
ENSG00000174405,LIG4,-0.12385842357671557,0.15678384762690323,0.906877962661312,1.0,0.11149712782979833,0.6607437054958268,0.9994264970432628,0.0,2,False,False
ENSG00000174695,TMEM167A,-0.12385842357671557,0.06192878840005036,0.906877962661312,1.0,0.04370429159816053,0.8643982461386157,0.9994264970432628,0.0,2,False,False
ENSG00000175115,PACS1,0.12385842357671557,0.07498433573811715,0.906877962661312,1.0,0.028197309029564962,0.9119897110569526,0.9994264970432628,0.0,2,False,False
ENSG00000178695,KCTD12,0.12385842357671557,-0.06220129228553856,0.906877962661312,1.0,0.0827300643746754,0.8052720536714841,0.9994264970432628,0.360080910680547,2,False,False
ENSG00000179912,R3HDM2,-0.12385842357671557,-0.030799198184309987,0.906877962661312,1.0,-0.06973437470377804,0.7829411538421112,0.9994264970432628,0.0,3,False,False
ENSG00000185009,AP3M1,-0.12385842357671557,-0.1492763814528614,0.906877962661312,1.0,-0.0792653174528285,0.7553331456699941,0.9994264970432628,0.0,3,False,False
ENSG00000198642,KLHL9,-0.12385842357671557,-0.19056976798406525,0.906877962661312,1.0,0.022176447721317744,0.9309184734857929,0.9994264970432628,0.0,3,False,False
ENSG00000204186,ZDBF2,0.12385842357671557,-0.04634182604237994,0.906877962661312,1.0,-0.018469491393583403,0.9423150956917872,0.9994264970432628,0.0,2,False,False
ENSG00000253352,TUG1,-0.12385842357671557,-0.24236761182354877,0.906877962661312,1.0,-0.13385929087535361,0.60029529182778,0.9994264970432628,0.0,2,False,False
ENSG00000174282,ZBTB4,0.11697740004467581,0.06241106034544925,0.9123308460822024,1.0,0.056014806220481675,0.8252431449254785,0.9994264970432628,0.0,2,False,False
ENSG00000164332,UBLCP1,0.11697740004467581,0.14090465600672936,0.9123318939666635,1.0,0.03868696628569718,0.8801190212617296,0.9994264970432628,0.003157899667543214,2,False,False
ENSG00000108395,TRIM37,0.11009637651263607,0.17326178771736034,0.9177910719975109,1.0,0.15832787593924544,0.5360279473816368,0.9994264970432628,0.0,2,False,False
ENSG00000008294,SPAG9,-0.11009637651263607,-0.0198145425609347,0.9177920550751937,1.0,-0.030920194448200197,0.9034647809162645,0.9994264970432628,0.0,2,False,False
ENSG00000034713,GABARAPL2,0.11009637651263607,0.007962865687247724,0.9177920550751937,1.0,0.03537835897651545,0.9013884107407916,0.9994264970432628,0.16679811177453263,2,False,False
ENSG00000048828,FAM120A,0.11009637651263607,-0.029633890570030855,0.9177920550751937,1.0,0.03202588404525742,0.8994213297057734,0.9994264970432628,0.0,2,False,False
ENSG00000067057,PFKP,0.11009637651263607,-0.027947571507208356,0.9177920550751937,1.0,0.06675005275474352,0.7930728151928501,0.9994264970432628,0.0,1,False,False
ENSG00000067064,IDI1,-0.11009637651263607,-0.11432693803291175,0.9177920550751937,1.0,-0.14018794455395087,0.5842532933736446,0.9994264970432628,0.0,3,False,False
ENSG00000076043,REXO2,-0.11009637651263607,-0.13623667914188153,0.9177920550751937,1.0,-0.06916179506013329,0.7859745442574715,0.9994264970432628,0.0,2,False,False
ENSG00000080345,RIF1,0.11009637651263607,-0.17650493244195092,0.9177920550751937,1.0,-0.01633737311316409,0.9556378479817991,0.9994264970432628,0.20445059728951714,1,False,False
ENSG00000093000,NUP50,-0.11009637651263607,-0.08765587489819009,0.9177920550751937,1.0,-0.08022411182298245,0.752991488729851,0.9994264970432628,0.0,2,False,False
ENSG00000100241,SBF1,-0.11009637651263607,0.024685303913826142,0.9177920550751937,1.0,-0.006772221237253206,0.9786708273239766,0.9994264970432628,0.0,3,False,False
ENSG00000100852,ARHGAP5,-0.11009637651263607,0.15694480566835284,0.9177920550751937,1.0,0.08089782890306021,0.7992295348301037,0.9994264970432628,0.30046942401746596,3,False,False
ENSG00000101558,VAPA,0.11009637651263607,0.010218967250142926,0.9177920550751937,1.0,0.07918381423658277,0.7679626421919161,0.9994264970432628,0.07476328769130007,3,False,False
ENSG00000102078,SLC25A14,0.11009637651263607,0.10110113004808263,0.9177920550751937,1.0,0.1355013596504585,0.5931470151345681,0.9994264970432628,0.0,3,False,False
ENSG00000104133,SPG11,0.11009637651263607,-0.1970695256365619,0.9177920550751937,1.0,0.03965543633363918,0.9029277380773245,0.9994264970432628,0.33591333571581006,3,False,False
ENSG00000110881,ASIC1,-0.11009637651263607,-0.11800425341496877,0.9177920550751937,1.0,-0.015750882229708673,0.9508087095654326,0.9994264970432628,0.0,1,False,False
ENSG00000111961,SASH1,0.11009637651263607,0.17154761871737628,0.9177920550751937,1.0,0.08533986292087652,0.7363419740794139,0.9994264970432628,0.0,3,False,False
ENSG00000113360,DROSHA,0.11009637651263607,-0.05010623773212012,0.9177920550751937,1.0,-0.0013450785280386328,0.9957912378065156,0.9994264970432628,0.0,2,False,False
ENSG00000115525,ST3GAL5,0.11009637651263607,0.1289851754188848,0.9177920550751937,1.0,0.24490972963194235,0.33940942191364676,0.9994264970432628,0.0,3,False,False
ENSG00000116406,EDEM3,-0.11009637651263607,-0.0751488394780483,0.9177920550751937,1.0,-0.009116542749987737,0.9713260148821103,0.9994264970432628,0.0,2,False,False
ENSG00000127990,SGCE,-0.11009637651263607,0.10469080868181661,0.9177920550751937,1.0,0.08474459007603402,0.7386375705198704,0.9994264970432628,0.0,2,False,False
ENSG00000128463,EMC4,-0.11009637651263607,-0.09090964386828561,0.9177920550751937,1.0,-0.03024967957939986,0.9048738156486466,0.9994264970432628,0.0,2,False,False
ENSG00000131828,PDHA1,-0.11009637651263607,0.17492857374659637,0.9177920550751937,1.0,-0.026669560771586685,0.940011588210498,0.9994264970432628,0.4327943521097534,1,False,False
ENSG00000133169,BEX1,0.11009637651263607,0.1408836213265252,0.9177920550751937,1.0,0.1484607493697,0.5580763435413496,0.9994264970432628,0.0,3,False,False
ENSG00000133226,SRRM1,0.11009637651263607,0.011690757775199326,0.9177920550751937,1.0,0.0735109563847683,0.8303794764941848,0.9994264970432628,0.3986799819306943,3,False,False
ENSG00000141349,G6PC3,-0.11009637651263607,0.022946825841677843,0.9177920550751937,1.0,0.12100797773194415,0.6352596436931297,0.9994264970432628,0.0,2,False,False
ENSG00000143126,CELSR2,-0.11009637651263607,-0.03101729389171184,0.9177920550751937,1.0,-0.04643879006372454,0.8547245940653885,0.9994264970432628,0.0,2,False,False
ENSG00000143198,MGST3,0.11009637651263607,0.04844852709547534,0.9177920550751937,1.0,0.1774804216872798,0.4865558799284535,0.9994264970432628,0.0,3,False,False
ENSG00000145592,RPL37,0.11009637651263607,-0.09739514528154544,0.9177920550751937,1.0,-0.015687123263934868,0.9570435239088098,0.9994264970432628,0.1969116183080005,3,False,False
ENSG00000151348,EXT2,-0.11009637651263607,-0.19346039595980818,0.9177920550751937,1.0,-0.06608338595944195,0.8492302404895552,0.9994264970432628,0.4115989736568636,2,False,False
ENSG00000152583,SPARCL1,0.11009637651263607,0.12222273081331106,0.9177920550751937,1.0,0.046450485255548526,0.8588931322854877,0.9994264970432628,0.032163859123771274,3,False,False
ENSG00000155970,MICU3,-0.11009637651263607,-0.2548446559351318,0.9177920550751937,1.0,-0.03990295479213363,0.8842968645968744,0.9994264970432628,0.10772903736152302,2,False,False
ENSG00000157985,AGAP1,-0.11009637651263607,0.08496733214853022,0.9177920550751937,1.0,0.01558746227088533,0.9512009285777889,0.9994264970432628,0.0,1,False,False
ENSG00000162851,TFB2M,-0.11009637651263607,-0.2836827081558319,0.9177920550751937,1.0,-0.006591274642216229,0.9851939984107494,0.9994264970432628,0.4239239367264063,2,False,False
ENSG00000163156,SCNM1,0.11009637651263607,-0.15663412755560602,0.9177920550751937,1.0,-0.01917049266960674,0.9399314347285754,0.9994264970432628,0.0,2,False,False
ENSG00000164211,STARD4,-0.11009637651263607,-0.020969085595152835,0.9177920550751937,1.0,-0.029262018381831182,0.912852019640539,0.9994264970432628,0.06938804234242514,2,False,False
ENSG00000164405,UQCRQ,-0.11009637651263607,-0.15725307871084693,0.9177920550751937,1.0,-0.08647903956105521,0.8036612309206153,0.9994264970432628,0.41255952146319574,1,False,False
ENSG00000164896,FASTK,-0.11009637651263607,0.13734846251395513,0.9177920550751937,1.0,0.028500427372703745,0.9108096753086716,0.9994264970432628,0.0,2,False,False
ENSG00000165416,SUGT1,-0.11009637651263607,0.04068065930702948,0.9177920550751937,1.0,0.04223828908711606,0.8674084506262285,0.9994264970432628,0.0,3,False,False
ENSG00000170525,PFKFB3,0.11009637651263607,0.16989255300513528,0.9177920550751937,1.0,0.052117972892985566,0.852965730236096,0.9994264970432628,0.1459141262300365,3,False,False
ENSG00000171368,TPPP,-0.11009637651263607,0.011167652098153047,0.9177920550751937,1.0,0.0018858974510067162,0.9940626128941862,0.9994264970432628,0.0,2,False,False
ENSG00000174136,RGMB,-0.11009637651263607,0.013976514786235815,0.9177920550751937,1.0,-0.0019454468402285757,0.9938784104837426,0.9994264970432628,0.0,2,False,False
ENSG00000176884,GRIN1,0.11009637651263607,0.14589139065844717,0.9177920550751937,1.0,0.0014705992320255728,0.9966442972994313,0.9994264970432628,0.4184073070047046,1,False,False
ENSG00000176887,SOX11,-0.11009637651263607,-0.1812224792057578,0.9177920550751937,1.0,-0.07460848265038018,0.8167207047970597,0.9994264970432628,0.3253345228040038,2,False,False
ENSG00000177479,ARIH2,-0.11009637651263607,-0.010516453427841318,0.9177920550751937,1.0,0.044158797825497295,0.8627993486672578,0.9994264970432628,0.0,1,False,False
ENSG00000185658,BRWD1,0.11009637651263607,0.1722756931177086,0.9177920550751937,1.0,0.10249441683249605,0.6878507035874082,0.9994264970432628,0.0,2,False,False
ENSG00000188612,SUMO2,0.11009637651263607,-0.07636117337574332,0.9177920550751937,1.0,0.03473029208042081,0.8925022429821509,0.9994264970432628,0.006091809033662436,2,False,False
ENSG00000198315,ZKSCAN8,0.11009637651263607,-0.0427525455197652,0.9177920550751937,1.0,-0.08868143166564643,0.7273536748889216,0.9994264970432628,0.0,2,False,False
ENSG00000198730,CTR9,-0.11009637651263607,-0.25351597268886683,0.9177920550751937,1.0,0.046524222159874576,0.8921566988740388,0.9994264970432628,0.39411027131070486,3,False,False
ENSG00000235711,ANKRD34C,-0.11009637651263607,0.13241957148442016,0.9177920550751937,1.0,-0.060806924972529985,0.8756675440757461,0.9994264970432628,0.5039397995515756,2,False,False
ENSG00000257218,GATC,0.11009637651263607,-0.08834233375253203,0.9177920550751937,1.0,0.008045105907420096,0.9767139447747932,0.9994264970432628,0.11494362284363359,1,False,False
ENSG00000117523,PRRC2C,0.10321535298059631,0.06220505849599002,0.9232541287404937,1.0,0.08932188816155143,0.7251847281973954,0.9994264970432628,0.0,3,False,False
ENSG00000164040,PGRMC2,0.09633432944855655,-0.16052269932792176,0.9287208081011086,1.0,0.061323452120807205,0.8097779900964412,0.9994264970432628,0.0,3,False,False
ENSG00000013293,SLC7A14,0.09633432944855655,-0.15367726194474282,0.928721661232076,1.0,0.10779657427946776,0.7819489006619669,0.9994264970432628,0.5233515996646075,3,False,False
ENSG00000054523,KIF1B,-0.09633432944855655,-0.1650197124338572,0.928721661232076,1.0,-0.04339154365951148,0.865081648618731,0.9994264970432628,0.0,3,False,False
ENSG00000060718,COL11A1,-0.09633432944855655,-0.10842391712288826,0.928721661232076,1.0,-0.13571681900472332,0.5923629661477479,0.9994264970432628,0.0,4,False,False
ENSG00000074800,ENO1,0.09633432944855655,0.15084037530541783,0.928721661232076,1.0,0.07972640475130356,0.7539990257889451,0.9994264970432628,0.0,2,False,False
ENSG00000086065,CHMP5,-0.09633432944855655,0.11896534090814206,0.928721661232076,1.0,0.15916480001176134,0.5310018213504509,0.9994264970432628,0.0,3,False,False
ENSG00000087448,KLHL42,-0.09633432944855655,-0.3323193525956449,0.928721661232076,1.0,0.08015870621223324,0.8327959776811805,0.9994264970432628,0.49981570688724763,3,False,False
ENSG00000090905,TNRC6A,0.09633432944855655,-0.10851735447570728,0.928721661232076,1.0,-0.036048666104309686,0.8875967201380903,0.9994264970432628,0.0,1,False,False
ENSG00000100307,CBX7,0.09633432944855655,-0.0988954605027533,0.928721661232076,1.0,0.07795867834081259,0.7589998773911685,0.9994264970432628,0.0,2,False,False
ENSG00000101247,NDUFAF5,0.09633432944855655,0.052458574038061034,0.928721661232076,1.0,0.07567271664328747,0.8573999735341695,0.9994264970432628,0.5887039471663081,3,False,False
ENSG00000105576,TNPO2,0.09633432944855655,0.029674759675734613,0.928721661232076,1.0,-0.008155190583194414,0.9743601052054359,0.9994264970432628,0.0,2,False,False
ENSG00000106608,URGCP,0.09633432944855655,0.010816189796316473,0.928721661232076,1.0,0.08254405953596312,0.744756193761815,0.9994264970432628,0.0,2,False,False
ENSG00000107404,DVL1,-0.09633432944855655,0.20091980554501412,0.928721661232076,1.0,0.04348905273032518,0.8797955549711453,0.9994264970432628,0.1762543793105422,2,False,False
ENSG00000107551,RASSF4,0.09633432944855655,0.27527833702089066,0.928721661232076,1.0,0.06118649544520181,0.8106652434636138,0.9994264970432628,0.0,2,False,False
ENSG00000107951,MTPAP,-0.09633432944855655,0.26621812164137576,0.928721661232076,1.0,0.08216599007827904,0.746754536305851,0.9994264970432628,0.0,3,False,False
ENSG00000109606,DHX15,-0.09633432944855655,-0.2254424495508861,0.928721661232076,1.0,0.0722017260301422,0.8750794794606451,0.9994264970432628,0.6464606379821565,3,False,False
ENSG00000110925,CSRNP2,0.09633432944855655,0.1338972841653391,0.928721661232076,1.0,0.12765095818756836,0.6177315971795612,0.9994264970432628,0.0,3,False,False
ENSG00000111530,CAND1,0.09633432944855655,0.03613303471880776,0.928721661232076,1.0,0.09409155365631514,0.7687253476153703,0.9994264970432628,0.31724551364072473,3,False,False
ENSG00000111670,GNPTAB,-0.09633432944855655,-0.02763721322795786,0.928721661232076,1.0,-0.027860628375008745,0.9127116601642415,0.9994264970432628,0.0,3,False,False
ENSG00000111790,FGFR1OP2,-0.09633432944855655,-0.32681776382522926,0.928721661232076,1.0,-0.15390414603073338,0.6343542527611652,0.9994264970432628,0.33005150308989223,2,False,False
ENSG00000113916,BCL6,0.09633432944855655,-0.08985786354733899,0.928721661232076,1.0,0.003984419751563265,0.9874418069234777,0.9994264970432628,0.0,2,False,False
ENSG00000115073,ACTR1B,-0.09633432944855655,-0.26157504211747795,0.928721661232076,1.0,-0.07893251979696715,0.7574587189550287,0.9994264970432628,0.0,3,False,False
ENSG00000115421,PAPOLG,0.09633432944855655,0.1389898578448023,0.928721661232076,1.0,0.10553795713836485,0.7693748069521994,0.9994264970432628,0.44636799871900834,2,False,False
ENSG00000116906,GNPAT,0.09633432944855655,-0.18880954050283252,0.928721661232076,1.0,0.033503599166965534,0.8952495868600882,0.9994264970432628,0.0,2,False,False
ENSG00000117592,PRDX6,-0.09633432944855655,0.03168273988936867,0.928721661232076,1.0,-0.056099904235880495,0.8818442760110592,0.9994264970432628,0.49048331259289935,1,False,False
ENSG00000120705,ETF1,-0.09633432944855655,0.1309796520935712,0.928721661232076,1.0,0.07717131521115324,0.761166597670176,0.9994264970432628,0.0,2,False,False
ENSG00000120727,PAIP2,-0.09633432944855655,-0.13310720423634023,0.928721661232076,1.0,-0.052598062464979056,0.8736363761609469,0.9994264970432628,0.3572011181756122,1,False,False
ENSG00000121879,PIK3CA,0.09633432944855655,0.004794412090566101,0.928721661232076,1.0,0.0360750810539979,0.8875663850449833,0.9994264970432628,0.0,3,False,False
ENSG00000121892,PDS5A,0.09633432944855655,0.13902048393094993,0.928721661232076,1.0,0.06646893407195438,0.7946670579029387,0.9994264970432628,0.0,2,False,False
ENSG00000127125,PPCS,-0.09633432944855655,-0.48488876017325516,0.928721661232076,1.0,0.054856380896404204,0.9246180470259062,0.9994264970432628,0.7607508151762028,2,False,False
ENSG00000131116,ZNF428,-0.09633432944855655,0.03934663424278858,0.928721661232076,1.0,0.020270078304331907,0.9362778881768571,0.9994264970432628,0.0,3,False,False
ENSG00000131725,WDR44,0.09633432944855655,-0.05546134398978655,0.928721661232076,1.0,-0.003753576784402492,0.9882136658000746,0.9994264970432628,0.0,2,False,False
ENSG00000137075,RNF38,-0.09633432944855655,-0.28959555085047733,0.928721661232076,1.0,-0.13175525814471348,0.6058740737140689,0.9994264970432628,0.0,3,False,False
ENSG00000140374,ETFA,-0.09633432944855655,-0.23816818192861097,0.928721661232076,1.0,-0.14053015517427964,0.5846165869517534,0.9994264970432628,0.004738762249133069,3,False,False
ENSG00000140391,TSPAN3,0.09633432944855655,-0.030398804443374793,0.928721661232076,1.0,0.043932111849241576,0.8625834507589227,0.9994264970432628,0.0,2,False,False
ENSG00000141279,NPEPPS,0.09633432944855655,-0.17253312846975086,0.928721661232076,1.0,-0.04420564105711212,0.8622219557480627,0.9994264970432628,0.0,1,False,False
ENSG00000143774,GUK1,-0.09633432944855655,-0.17466897592132338,0.928721661232076,1.0,-0.07189941437091717,0.7820487011198551,0.9994264970432628,0.023309753432424994,2,False,False
ENSG00000145555,MYO10,-0.09633432944855655,-0.15993349255730077,0.928721661232076,1.0,-0.04231589836826544,0.8940968007519915,0.9994264970432628,0.3026577029897545,2,False,False
ENSG00000148334,PTGES2,-0.09633432944855655,-0.13062177137238318,0.928721661232076,1.0,0.010128660580165285,0.9682761225839921,0.9994264970432628,0.0,2,False,False
ENSG00000149658,YTHDF1,0.09633432944855655,-0.0797593276938218,0.928721661232076,1.0,-0.0675869985359139,0.7912010113445287,0.9994264970432628,0.0,2,False,False
ENSG00000155957,TMBIM4,0.09633432944855655,-0.2091548648871094,0.928721661232076,1.0,-0.10464697105510175,0.6827357408040493,0.9994264970432628,0.0,3,False,False
ENSG00000160570,DEDD2,0.09633432944855655,-0.18735282546798032,0.928721661232076,1.0,-0.03000316706093364,0.9211076982406201,0.9994264970432628,0.24986426203431217,2,False,False
ENSG00000163468,CCT3,0.09633432944855655,-0.00234163686215465,0.928721661232076,1.0,0.00759162995689643,0.9760943108708565,0.9994264970432628,0.0,2,False,False
ENSG00000169992,NLGN2,0.09633432944855655,-0.11862690784592378,0.928721661232076,1.0,-0.02534400290786543,0.9206670288663434,0.9994264970432628,0.0,3,False,False
ENSG00000170385,SLC30A1,0.09633432944855655,0.11578322496472312,0.928721661232076,1.0,0.02495689745113179,0.9221142813806171,0.9994264970432628,0.0,2,False,False
ENSG00000170743,SYT9,-0.09633432944855655,-0.0448782820560207,0.928721661232076,1.0,0.05894737243936371,0.8163115727703238,0.9994264970432628,0.0,2,False,False
ENSG00000171451,DSEL,0.09633432944855655,0.03168608512837885,0.928721661232076,1.0,0.11216395861687008,0.6606422875745863,0.9994264970432628,0.0,2,False,False
ENSG00000172992,DCAKD,-0.09633432944855655,0.1653480353483942,0.928721661232076,1.0,-0.004661086622358526,0.9854186210389211,0.9994264970432628,0.0,2,False,False
ENSG00000173406,DAB1,-0.09633432944855655,-0.12611010115273033,0.928721661232076,1.0,-0.10945499512419338,0.6672497463502194,0.9994264970432628,0.0,3,False,False
ENSG00000174684,B4GAT1,0.09633432944855655,0.16345459037451618,0.928721661232076,1.0,0.23466298826700924,0.355835123170695,0.9994264970432628,0.0,4,False,False
ENSG00000175054,ATR,-0.09633432944855655,-0.15047668377603524,0.928721661232076,1.0,0.058762369088997304,0.8180152300746566,0.9994264970432628,0.0,3,False,False
ENSG00000176956,LY6H,-0.09633432944855655,-0.06786889411195778,0.928721661232076,1.0,-0.03224348115861353,0.8996497978460937,0.9994264970432628,0.0,2,False,False
ENSG00000180304,OAZ2,-0.09633432944855655,-0.17642821757650756,0.928721661232076,1.0,0.08964857507311863,0.7286425760069073,0.9994264970432628,0.014446960337388336,3,False,False
ENSG00000180543,TSPYL5,0.09633432944855655,-0.18858543574636177,0.928721661232076,1.0,-0.012721017648115236,0.9601095337625338,0.9994264970432628,0.0,2,False,False
ENSG00000181222,POLR2A,0.09633432944855655,0.2146707538149111,0.928721661232076,1.0,0.05884355177289195,0.8181857706754834,0.9994264970432628,0.0,1,False,False
ENSG00000181790,ADGRB1,0.09633432944855655,0.2900283348181961,0.928721661232076,1.0,0.0016791673476958021,0.9947488343492309,0.9994264970432628,0.0,2,False,False
ENSG00000181827,RFX7,-0.09633432944855655,-0.0057588788781981655,0.928721661232076,1.0,0.004915738756451221,0.9845324039288418,0.9994264970432628,0.0,2,False,False
ENSG00000182827,ACBD3,-0.09633432944855655,0.05160242527486534,0.928721661232076,1.0,0.00999088156843809,0.9685776331134346,0.9994264970432628,0.0,2,False,False
ENSG00000185813,PCYT2,0.09633432944855655,0.0679911123083163,0.928721661232076,1.0,0.02379254908386849,0.9254529156376302,0.9994264970432628,0.0,2,False,False
ENSG00000186866,POFUT2,0.09633432944855655,-0.046959102395146,0.928721661232076,1.0,-0.018475333847139612,0.9420033097870767,0.9994264970432628,0.0,2,False,False
ENSG00000197265,GTF2E2,0.09633432944855655,-0.08920085929625086,0.928721661232076,1.0,0.03432709419234713,0.8979288017359338,0.9994264970432628,0.07105849634101263,2,False,False
ENSG00000197323,TRIM33,-0.09633432944855655,-0.04033800716450003,0.928721661232076,1.0,-0.055085360567320586,0.8280708660688854,0.9994264970432628,0.0,3,False,False
ENSG00000197622,CDC42SE1,-0.09633432944855655,-0.407474301059283,0.928721661232076,1.0,-0.05672774103896067,0.8417946260104913,0.9994264970432628,0.16163124149689467,2,False,False
ENSG00000198792,TMEM184B,0.09633432944855655,0.05318092739514454,0.928721661232076,1.0,0.032312911694044585,0.8988316021500626,0.9994264970432628,0.0,2,False,False
ENSG00000198862,LTN1,0.09633432944855655,0.13811830422848867,0.928721661232076,1.0,0.11220159851603748,0.6604230268092701,0.9994264970432628,0.0,2,False,False
ENSG00000106052,TAX1BP1,0.0894533059165168,-0.17066890214782657,0.9341908534718693,1.0,0.0016422110223218865,0.9948615335345462,0.9994264970432628,0.0,2,False,False
ENSG00000130703,OSBPL2,0.0894533059165168,-0.1337072083286633,0.9341908534718693,1.0,-0.05632143625614321,0.8242175127611557,0.9994264970432628,0.0,2,False,False
ENSG00000130540,SULT4A1,-0.08257228238447704,-0.06860718142385967,0.9396632850416262,1.0,0.02015599787122177,0.9367049057603416,0.9994264970432628,0.0,1,False,False
ENSG00000011275,RNF216,-0.08257228238447704,-0.08268122066389945,0.939664730469284,1.0,-0.04776270412901662,0.8994884739877441,0.9994264970432628,0.4969533989601517,1,False,False
ENSG00000029534,ANK1,-0.08257228238447704,0.10710579670151779,0.939664730469284,1.0,-0.014637303268385688,0.9542788665063477,0.9994264970432628,0.0,2,False,False
ENSG00000029725,RABEP1,-0.08257228238447704,-0.20652227197054435,0.939664730469284,1.0,0.0034378202908446087,0.9892415184514047,0.9994264970432628,0.0,1,False,False
ENSG00000046653,GPM6B,0.08257228238447704,0.026376971497209842,0.939664730469284,1.0,0.01913905344770301,0.9399768940815386,0.9994264970432628,0.0,2,False,False
ENSG00000070081,NUCB2,0.08257228238447704,-0.17863799463213603,0.939664730469284,1.0,-0.002182825805623206,0.9960251630921292,0.9994264970432628,0.6136519110428044,1,False,False
ENSG00000074071,MRPS34,0.08257228238447704,0.18138015813097388,0.939664730469284,1.0,0.06897662471199352,0.8477022631452329,0.9994264970432628,0.4459664706966783,3,False,False
ENSG00000085871,MGST2,-0.08257228238447704,-0.0739314636670261,0.939664730469284,1.0,-0.06780277769199541,0.7897647769159988,0.9994264970432628,0.0,2,False,False
ENSG00000088833,NSFL1C,-0.08257228238447704,-0.27631391634142877,0.939664730469284,1.0,-0.028909021065945527,0.9300118620272229,0.9994264970432628,0.3489785425992687,2,False,False
ENSG00000099991,CABIN1,0.08257228238447704,-0.07170885816466778,0.939664730469284,1.0,0.01845099784636023,0.9424990353642816,0.9994264970432628,0.0,3,False,False
ENSG00000100266,PACSIN2,-0.08257228238447704,-0.018688329037576074,0.939664730469284,1.0,0.03596549497461303,0.8871487987236761,0.9994264970432628,0.0,2,False,False
ENSG00000100647,SUSD6,0.08257228238447704,0.03430064253244605,0.939664730469284,1.0,0.08990903584903952,0.7284655342824311,0.9994264970432628,0.01774517182495003,2,False,False
ENSG00000101577,LPIN2,0.08257228238447704,-0.2012667962355527,0.939664730469284,1.0,-0.0038840436187511937,0.9885297901992948,0.9994264970432628,0.08617512570629021,3,False,False
ENSG00000102898,NUTF2,0.08257228238447704,0.016626942989386634,0.939664730469284,1.0,0.028849531339749303,0.918181343610347,0.9994264970432628,0.14375901020338275,3,False,False
ENSG00000106635,BCL7B,0.08257228238447704,0.0793684082078726,0.939664730469284,1.0,0.12362373994193096,0.6272122963795888,0.9994264970432628,0.0,2,False,False
ENSG00000108001,EBF3,-0.08257228238447704,0.18319652269505943,0.939664730469284,1.0,-0.019438833378129,0.939165478746621,0.9994264970432628,0.0,2,False,False
ENSG00000108384,RAD51C,0.08257228238447704,-0.1665878717677294,0.939664730469284,1.0,-0.044348454995675045,0.8618821140697877,0.9994264970432628,0.0,2,False,False
ENSG00000109103,UNC119,-0.08257228238447704,-0.12151738459514064,0.939664730469284,1.0,-0.1237430536194693,0.6283630655367995,0.9994264970432628,0.0,2,False,False
ENSG00000110921,MVK,0.08257228238447704,0.06957285908617017,0.939664730469284,1.0,0.030237827709000395,0.9055905769726004,0.9994264970432628,0.0,2,False,False
ENSG00000111605,CPSF6,-0.08257228238447704,-0.11066971765686381,0.939664730469284,1.0,0.00022587981827898503,0.9994308620252162,0.9996086650606237,0.3055636986173499,2,False,False
ENSG00000113013,HSPA9,-0.08257228238447704,0.2048077544972316,0.939664730469284,1.0,-0.10109183587191341,0.8121321722661478,0.9994264970432628,0.5754908945836005,2,False,False
ENSG00000116138,DNAJC16,-0.08257228238447704,-0.15429050179846862,0.939664730469284,1.0,0.044842313810472635,0.8607614744258087,0.9994264970432628,0.0,3,False,False
ENSG00000117222,RBBP5,-0.08257228238447704,-0.09980782282462956,0.939664730469284,1.0,-0.08945121777878672,0.7252968171133473,0.9994264970432628,0.0,2,False,False
ENSG00000117335,CD46,-0.08257228238447704,0.05940605149384701,0.939664730469284,1.0,0.0161312082429009,0.9492564669137143,0.9994264970432628,0.0,2,False,False
ENSG00000119787,ATL2,-0.08257228238447704,0.008769460229390272,0.939664730469284,1.0,0.020074731815964666,0.9367940885867432,0.9994264970432628,0.0,2,False,False
ENSG00000120251,GRIA2,0.08257228238447704,0.047875076841044466,0.939664730469284,1.0,0.015428766932676426,0.951570642450813,0.9994264970432628,0.0,2,False,False
ENSG00000120832,MTERF2,0.08257228238447704,-0.12387065980636032,0.939664730469284,1.0,0.026947257207737423,0.915967568552435,0.9994264970432628,0.0,3,False,False
ENSG00000125356,NDUFA1,-0.08257228238447704,-0.3204590216294417,0.939664730469284,1.0,-0.0200513716157985,0.9373562666088768,0.9994264970432628,0.0,1,False,False
ENSG00000125814,NAPB,0.08257228238447704,-0.02828131600229233,0.939664730469284,1.0,0.026828113264748873,0.9165127816424374,0.9994264970432628,0.0,2,False,False
ENSG00000129472,RAB2B,-0.08257228238447704,-0.14061812728945985,0.939664730469284,1.0,-0.09628190592166494,0.7053465226820542,0.9994264970432628,0.0,2,False,False
ENSG00000130294,KIF1A,-0.08257228238447704,-0.20744803812567775,0.939664730469284,1.0,-0.08179811428031802,0.7491357285379822,0.9994264970432628,0.0,3,False,False
ENSG00000130449,ZSWIM6,0.08257228238447704,-0.16391458792341354,0.939664730469284,1.0,-0.13758402557253352,0.587399286583109,0.9994264970432628,0.0,3,False,False
ENSG00000131732,ZCCHC9,-0.08257228238447704,0.07864585204945547,0.939664730469284,1.0,0.047284176286516766,0.8694681949395681,0.9994264970432628,0.1730500683187253,2,False,False
ENSG00000135636,DYSF,0.08257228238447704,0.1424765169551653,0.939664730469284,1.0,0.07494811869201039,0.8188202429649596,0.9994264970432628,0.3403871635932045,2,False,False
ENSG00000136143,SUCLA2,-0.08257228238447704,0.07264798715134033,0.939664730469284,1.0,0.03186651278223729,0.9014403594919347,0.9994264970432628,0.008421085366104916,3,False,False
ENSG00000137177,KIF13A,0.08257228238447704,-0.11703264574455578,0.939664730469284,1.0,0.039084163571369665,0.9130789710853104,0.9994264970432628,0.42737549304689815,2,False,False
ENSG00000139977,NAA30,0.08257228238447704,-0.3784208494448174,0.939664730469284,1.0,0.227051098458011,0.7079986388668467,0.9994264970432628,0.7780063141162733,2,False,False
ENSG00000140320,BAHD1,0.08257228238447704,0.1284155690827012,0.939664730469284,1.0,0.1287940313776469,0.6149878798904135,0.9994264970432628,0.0,2,False,False
ENSG00000142408,CACNG8,-0.08257228238447704,-0.07239374159197877,0.939664730469284,1.0,0.03590121758429446,0.8874095225475068,0.9994264970432628,0.0,3,False,False
ENSG00000142676,RPL11,0.08257228238447704,-0.08456230748962348,0.939664730469284,1.0,0.05348786966137756,0.8337764649347913,0.9994264970432628,0.0,3,False,False
ENSG00000143190,POU2F1,0.08257228238447704,-0.25026094389795617,0.939664730469284,1.0,-0.01804496544387933,0.9516929003248539,0.9994264970432628,0.22602515157114733,2,False,False
ENSG00000146938,NLGN4X,0.08257228238447704,-0.12988333275028485,0.939664730469284,1.0,-0.062055062234110225,0.8211358213590351,0.9994264970432628,0.10891371155819629,1,False,False
ENSG00000147164,SNX12,0.08257228238447704,0.05575412576274424,0.939664730469284,1.0,0.00974519489453208,0.971790167991166,0.9994264970432628,0.11517353072336736,2,False,False
ENSG00000147649,MTDH,-0.08257228238447704,-0.21434945420604368,0.939664730469284,1.0,-0.004393269527185508,0.9862758860989349,0.9994264970432628,0.0,3,False,False
ENSG00000147955,SIGMAR1,-0.08257228238447704,-0.1553558867498726,0.939664730469284,1.0,-0.08280557411769507,0.7438300380096233,0.9994264970432628,0.0,2,False,False
ENSG00000154065,ANKRD29,-0.08257228238447704,-0.3412396994543042,0.939664730469284,1.0,-0.08912904214853067,0.8070249965783096,0.9994264970432628,0.46359809479030667,1,False,False
ENSG00000154127,UBASH3B,-0.08257228238447704,-0.20645980618057602,0.939664730469284,1.0,-0.059412284924878295,0.8149847342233751,0.9994264970432628,0.0,3,False,False
ENSG00000157450,RNF111,0.08257228238447704,-0.042596557776856635,0.939664730469284,1.0,0.03231131415409278,0.8990078858607446,0.9994264970432628,0.0,3,False,False
ENSG00000158856,DMTN,-0.08257228238447704,0.0027208402611056323,0.939664730469284,1.0,-0.05964043436591247,0.815133396658521,0.9994264970432628,0.0,2,False,False
ENSG00000160209,PDXK,-0.08257228238447704,0.10619792784895364,0.939664730469284,1.0,-0.015547086887185025,0.95145849521381,0.9994264970432628,0.0,2,False,False
ENSG00000160799,CCDC12,0.08257228238447704,-0.2519017906337432,0.939664730469284,1.0,-0.022963161313351937,0.9419798166057376,0.9994264970432628,0.30170938848834283,1,False,False
ENSG00000163380,LMOD3,0.08257228238447704,0.029735276886839246,0.939664730469284,1.0,0.13822125997296464,0.5894209011233666,0.9994264970432628,0.0,2,False,False
ENSG00000163453,IGFBP7,-0.08257228238447704,-0.10331500932268466,0.939664730469284,1.0,-0.08346693037740403,0.7431841759731135,0.9994264970432628,0.0,2,False,False
ENSG00000163660,CCNL1,0.08257228238447704,-0.04171001746570546,0.939664730469284,1.0,-0.061447637573274504,0.8094930295459168,0.9994264970432628,0.0,2,False,False
ENSG00000164742,ADCY1,-0.08257228238447704,-0.3528937631184183,0.939664730469284,1.0,-0.1450388371138395,0.5688616767629138,0.9994264970432628,0.0,2,False,False
ENSG00000166946,CCNDBP1,0.08257228238447704,-0.24944550611169655,0.939664730469284,1.0,0.09307437660681944,0.8199987182181159,0.9994264970432628,0.562968767391882,3,False,False
ENSG00000172007,RAB33B,0.08257228238447704,-0.2868315873909187,0.939664730469284,1.0,-0.058995939301820975,0.8731344721913323,0.9994264970432628,0.47424029347859836,2,False,False
ENSG00000172893,DHCR7,-0.08257228238447704,-0.15571027686530894,0.939664730469284,1.0,-0.04924379496905434,0.8469237343971587,0.9994264970432628,0.0,2,False,False
ENSG00000196072,BLOC1S2,0.08257228238447704,-0.35367790218754946,0.939664730469284,1.0,-0.058640842634585494,0.8185745855586397,0.9994264970432628,0.0,2,False,False
ENSG00000196323,ZBTB44,0.08257228238447704,0.08047171951439851,0.939664730469284,1.0,0.06862442456016135,0.7874088647958843,0.9994264970432628,0.0,2,False,False
ENSG00000156642,NPTN,0.06881023532039754,0.007013121654405557,0.950618612635003,1.0,0.02116634232609874,0.9337857369821893,0.9994264970432628,0.0,2,False,False
ENSG00000052749,RRP12,-0.06881023532039754,-0.0018116198958536256,0.9506192044959091,1.0,-0.16286772388139878,0.5231278148464702,0.9994264970432628,0.0,3,False,False
ENSG00000063244,U2AF2,-0.06881023532039754,-0.09978903477143493,0.9506192044959091,1.0,-0.06011349014205389,0.8124444911719678,0.9994264970432628,0.0,2,False,False
ENSG00000063854,HAGH,-0.06881023532039754,-0.051047050621186536,0.9506192044959091,1.0,0.015688294068065243,0.9505869069482724,0.9994264970432628,0.0,2,False,False
ENSG00000066382,MPPED2,0.06881023532039754,0.09685714052212603,0.9506192044959091,1.0,0.06831944601241488,0.7893428365183197,0.9994264970432628,0.0,2,False,False
ENSG00000068383,INPP5A,0.06881023532039754,0.07079538842912485,0.9506192044959091,1.0,0.12385771296730996,0.6267964304230809,0.9994264970432628,0.0,3,False,False
ENSG00000070761,CFAP20,0.06881023532039754,0.029465771379093668,0.9506192044959091,1.0,0.11654523857770821,0.6461811664677626,0.9994264970432628,0.0,3,False,False
ENSG00000072954,TMEM38A,-0.06881023532039754,-0.04990181291777615,0.9506192044959091,1.0,-0.0631312556720169,0.8218643028514576,0.9994264970432628,0.141113612076258,3,False,False
ENSG00000075975,MKRN2,-0.06881023532039754,-0.2809866587030653,0.9506192044959091,1.0,-0.1829765372821012,0.472339820622958,0.9994264970432628,0.0,3,False,False
ENSG00000078018,MAP2,0.06881023532039754,-0.02665730638042284,0.9506192044959091,1.0,0.04306770732848594,0.893379676544078,0.9994264970432628,0.323843296969239,2,False,False
ENSG00000080845,DLGAP4,0.06881023532039754,0.08777178781085612,0.9506192044959091,1.0,0.050338913305790094,0.8640997228422199,0.9994264970432628,0.20910769178437452,2,False,False
ENSG00000082269,FAM135A,-0.06881023532039754,-0.10445750377099994,0.9506192044959091,1.0,-0.09326534821499127,0.7126206247023008,0.9994264970432628,0.0,3,False,False
ENSG00000082996,RNF13,0.06881023532039754,6.47693603007097e-05,0.9506192044959091,1.0,-0.0465215413133269,0.8555141324825983,0.9994264970432628,0.0,2,False,False
ENSG00000083312,TNPO1,0.06881023532039754,0.20299306625534153,0.9506192044959091,1.0,0.059787762296835134,0.8142868231761413,0.9994264970432628,0.0,2,False,False
ENSG00000090263,MRPS33,0.06881023532039754,-0.09809550536499287,0.9506192044959091,1.0,0.09849584484847398,0.7546707096484835,0.9994264970432628,0.3014451488213854,2,False,False
ENSG00000100225,FBXO7,-0.06881023532039754,-0.06260375091493535,0.9506192044959091,1.0,-0.08205315085955903,0.8158396008448863,0.9994264970432628,0.42545979532639155,3,False,False
ENSG00000100580,TMED8,0.06881023532039754,-0.12364581674780943,0.9506192044959091,1.0,0.008377964360654617,0.9737886342185708,0.9994264970432628,0.0,3,False,False
ENSG00000102452,NALCN,0.06881023532039754,0.014015412804408862,0.9506192044959091,1.0,0.04649633491759675,0.8556610841500585,0.9994264970432628,0.0,2,False,False
ENSG00000102760,RGCC,0.06881023532039754,0.10280983624699151,0.9506192044959091,1.0,0.09245419220546341,0.7533783147245477,0.9994264970432628,0.20124707576562775,3,False,False
ENSG00000102931,ARL2BP,-0.06881023532039754,-0.11115668910562049,0.9506192044959091,1.0,0.03975059634369319,0.8760938672629246,0.9994264970432628,0.0,2,False,False
ENSG00000105700,KXD1,0.06881023532039754,0.07304830363443712,0.9506192044959091,1.0,-0.014177633870168032,0.955796151209862,0.9994264970432628,0.0,1,False,False
ENSG00000106772,PRUNE2,-0.06881023532039754,-0.1856593655131174,0.9506192044959091,1.0,0.01969016505014018,0.9500360821944757,0.9994264970432628,0.29597867956921015,2,False,False
ENSG00000107864,CPEB3,-0.06881023532039754,0.11123138216414571,0.9506192044959091,1.0,0.055897321016823806,0.8256279522958936,0.9994264970432628,0.0,2,False,False
ENSG00000109680,TBC1D19,0.06881023532039754,-0.00227099000397197,0.9506192044959091,1.0,-0.01697524536678692,0.9469445775381171,0.9994264970432628,0.0,1,False,False
ENSG00000112078,KCTD20,-0.06881023532039754,0.2637018329412404,0.9506192044959091,1.0,0.03865322154433303,0.8921442622310266,0.9994264970432628,0.16273752978646705,2,False,False
ENSG00000112079,STK38,0.06881023532039754,0.0714106504191707,0.9506192044959091,1.0,0.018960998491193013,0.940348095315778,0.9994264970432628,0.0,3,False,False
ENSG00000117408,IPO13,0.06881023532039754,0.006692114725402809,0.9506192044959091,1.0,0.021827341422323142,0.9535103222264506,0.9994264970432628,0.4870790533401635,1,False,False
ENSG00000117984,CTSD,-0.06881023532039754,0.06887643127903476,0.9506192044959091,1.0,-0.030351045177990112,0.9052726718758242,0.9994264970432628,0.0,2,False,False
ENSG00000119559,C19orf25,0.06881023532039754,-0.08012527310941461,0.9506192044959091,1.0,-0.03952811802323784,0.8772618447153995,0.9994264970432628,0.0,3,False,False
ENSG00000125510,OPRL1,-0.06881023532039754,-0.014725517059415202,0.9506192044959091,1.0,-0.07134784282143171,0.7786453329877033,0.9994264970432628,0.0,2,False,False
ENSG00000129071,MBD4,0.06881023532039754,0.0014146805340577396,0.9506192044959091,1.0,-0.1903584386135911,0.6584107668597917,0.9994264970432628,0.5960110814880338,3,False,False
ENSG00000129353,SLC44A2,0.06881023532039754,-0.01435370145512657,0.9506192044959091,1.0,-0.06833275866428878,0.7891405379769115,0.9994264970432628,0.0,2,False,False
ENSG00000129691,ASH2L,-0.06881023532039754,-0.16779427571540223,0.9506192044959091,1.0,-0.02428698506310329,0.9417585790189619,0.9994264970432628,0.36513911544356803,3,False,False
ENSG00000130363,RSPH3,0.06881023532039754,-0.09814485889998181,0.9506192044959091,1.0,0.02349400336317299,0.9267355231622548,0.9994264970432628,0.0,2,False,False
ENSG00000131051,RBM39,-0.06881023532039754,-0.1652143827153232,0.9506192044959091,1.0,-0.02506127697985951,0.9215898342143879,0.9994264970432628,0.0,2,False,False
ENSG00000132718,SYT11,0.06881023532039754,-0.10365398854284234,0.9506192044959091,1.0,-0.09317045513562693,0.7798009909326492,0.9994264970432628,0.3653022783102911,2,False,False
ENSG00000133401,PDZD2,-0.06881023532039754,0.10748313209193479,0.9506192044959091,1.0,0.09761239689005681,0.7008490862504737,0.9994264970432628,0.0,3,False,False
ENSG00000135631,RAB11FIP5,-0.06881023532039754,0.035351210757051894,0.9506192044959091,1.0,-0.006239770079977218,0.9805340427271722,0.9994264970432628,0.0,1,False,False
ENSG00000136950,ARPC5L,0.06881023532039754,-0.053259724518898904,0.9506192044959091,1.0,0.056613774641195665,0.8244432349068896,0.9994264970432628,0.0,1,False,False
ENSG00000138085,ATRAID,-0.06881023532039754,-0.24643354228465814,0.9506192044959091,1.0,0.11055004994379915,0.7805254262875421,0.9994264970432628,0.5331905232844392,2,False,False
ENSG00000142669,SH3BGRL3,0.06881023532039754,0.0549250812939316,0.9506192044959091,1.0,0.07031865427579366,0.7811535634259852,0.9994264970432628,0.0,3,False,False
ENSG00000143630,HCN3,-0.06881023532039754,0.013934592612922533,0.9506192044959091,1.0,0.010199195713873857,0.967928078021382,0.9994264970432628,0.0,2,False,False
ENSG00000143761,ARF1,0.06881023532039754,-0.24940631122360093,0.9506192044959091,1.0,-0.23175914498073324,0.3632772534570069,0.9994264970432628,0.0,3,False,False
ENSG00000144021,CIAO1,0.06881023532039754,0.03136786687450571,0.9506192044959091,1.0,0.004507060738747608,0.9858636799749283,0.9994264970432628,0.0,2,False,False
ENSG00000145332,KLHL8,0.06881023532039754,-0.09591904599623916,0.9506192044959091,1.0,0.0039044274971445697,0.9877229370427173,0.9994264970432628,0.0,2,False,False
ENSG00000151332,MBIP,-0.06881023532039754,-0.25486366028858654,0.9506192044959091,1.0,-0.1969169158450011,0.44015503950147306,0.9994264970432628,0.0,3,False,False
ENSG00000151353,TMEM18,0.06881023532039754,-0.10093919223143502,0.9506192044959091,1.0,0.041356480321477436,0.8712368909475297,0.9994264970432628,0.0,2,False,False
ENSG00000156110,ADK,0.06881023532039754,0.002904140486126665,0.9506192044959091,1.0,0.08345124972489987,0.7419991774318095,0.9994264970432628,0.0,2,False,False
ENSG00000156256,USP16,-0.06881023532039754,-0.03591509942200148,0.9506192044959091,1.0,-0.034681782396007485,0.8916038429177658,0.9994264970432628,0.0,2,False,False
ENSG00000158109,TPRG1L,0.06881023532039754,-0.165121632954722,0.9506192044959091,1.0,0.034725272925664546,0.9077498856205788,0.9994264970432628,0.23230165165490024,2,False,False
ENSG00000160679,CHTOP,0.06881023532039754,-0.09134639577138505,0.9506192044959091,1.0,-0.07117729603959687,0.7787502822210718,0.9994264970432628,0.0,3,False,False
ENSG00000160785,SLC25A44,-0.06881023532039754,-0.05420460257546722,0.9506192044959091,1.0,-0.011844416717173753,0.9626937702097061,0.9994264970432628,0.0,3,False,False
ENSG00000162378,ZYG11B,0.06881023532039754,-0.3441631533156602,0.9506192044959091,1.0,-0.06995192554985444,0.8380954344042963,0.9994264970432628,0.396176504907919,2,False,False
ENSG00000163873,GRIK3,-0.06881023532039754,0.08208830410583698,0.9506192044959091,1.0,0.04207007159051552,0.8679446385821863,0.9994264970432628,0.0,2,False,False
ENSG00000163902,RPN1,-0.06881023532039754,-0.07600109319068783,0.9506192044959091,1.0,-0.05389491949166039,0.8326182685483432,0.9994264970432628,0.0,1,False,False
ENSG00000164187,LMBRD2,-0.06881023532039754,-0.5774046003619661,0.9506192044959091,1.0,-0.0019209486233504706,0.9960801999835314,0.9994264970432628,0.5245407938690747,2,False,False
ENSG00000165238,WNK2,0.06881023532039754,0.21167427871427485,0.9506192044959091,1.0,0.0675835797067178,0.7905859448266797,0.9994264970432628,0.0,2,False,False
ENSG00000172331,BPGM,0.06881023532039754,0.05977907759697153,0.9506192044959091,1.0,0.12386574530154283,0.6582377938232142,0.9994264970432628,0.13331091152180383,3,False,False
ENSG00000172667,ZMAT3,0.06881023532039754,-0.09679017252340834,0.9506192044959091,1.0,-0.021807924655049302,0.9456742406366464,0.9994264970432628,0.31722300619532334,1,False,False
ENSG00000173875,ZNF791,0.06881023532039754,-0.016405811206545867,0.9506192044959091,1.0,0.0024123539482534036,0.9924305390583295,0.9994264970432628,0.0,2,False,False
ENSG00000175221,MED16,0.06881023532039754,-0.08882971130179033,0.9506192044959091,1.0,0.024748751540381742,0.9291976736402989,0.9994264970432628,0.1300103541452036,2,False,False
ENSG00000178057,NDUFAF3,0.06881023532039754,0.001789105806143196,0.9506192044959091,1.0,-0.006166771569478366,0.9806336321081562,0.9994264970432628,0.0,1,False,False
ENSG00000182054,IDH2,-0.06881023532039754,-0.037685801870154516,0.9506192044959091,1.0,-0.03719390062443649,0.9146705636922599,0.9994264970432628,0.40832364463145254,2,False,False
ENSG00000182534,MXRA7,-0.06881023532039754,-0.0498273625014614,0.9506192044959091,1.0,0.02652003816559821,0.9167954727850427,0.9994264970432628,0.0,2,False,False
ENSG00000183570,PCBP3,-0.06881023532039754,-0.0142186559813501,0.9506192044959091,1.0,-0.0027636840443857912,0.9912898040485697,0.9994264970432628,0.0,2,False,False
ENSG00000188647,PTAR1,-0.06881023532039754,-0.10938283672529336,0.9506192044959091,1.0,-0.036744658770591514,0.8852841822277947,0.9994264970432628,0.0,2,False,False
ENSG00000196968,FUT11,0.06881023532039754,0.09286363276684453,0.9506192044959091,1.0,0.0675755312253617,0.7894985157529618,0.9994264970432628,0.0,3,False,False
ENSG00000198612,COPS8,0.06881023532039754,-0.05610129422648539,0.9506192044959091,1.0,0.09657292259181359,0.7039444057134235,0.9994264970432628,0.0,3,False,False
ENSG00000198700,IPO9,-0.06881023532039754,-0.2147275956624276,0.9506192044959091,1.0,-0.07129331643628695,0.827063182544215,0.9994264970432628,0.3408670126704366,3,False,False
ENSG00000213593,TMX2,0.06881023532039754,-0.2509850599773455,0.9506192044959091,1.0,0.02055468748070545,0.9608132882208981,0.9994264970432628,0.5786716559674849,3,False,False
ENSG00000214413,BBIP1,-0.06881023532039754,0.2233732937486294,0.9506192044959091,1.0,0.029633261358309123,0.9141880532481949,0.9994264970432628,0.11158092516653807,2,False,False
ENSG00000237515,SHISA9,0.06881023532039754,-0.05693490731765828,0.9506192044959091,1.0,-0.08948616716044416,0.7246884400502327,0.9994264970432628,0.0,2,False,False
ENSG00000242485,MRPL20,0.06881023532039754,-0.12307912602127027,0.9506192044959091,1.0,0.013775211534575635,0.9567160810706581,0.9994264970432628,0.0,3,False,False
ENSG00000156471,PTDSS1,-0.06192921178835779,-0.13229470921759695,0.9560995469788013,1.0,-0.07018572224327006,0.7823014816535809,0.9994264970432628,0.0,2,False,False
ENSG00000172809,RPL38,-0.055048188256318034,-0.03882518439214801,0.9615811757141467,1.0,-0.10455980153820843,0.6817907911627688,0.9994264970432628,0.0,2,False,False
ENSG00000135241,PNPLA8,0.055048188256318034,-0.20690135976510893,0.9615825578690008,1.0,0.00926191897964485,0.9757042028320855,0.9994264970432628,0.2550919235290323,3,False,False
ENSG00000206418,RAB12,-0.055048188256318034,-0.07881747351221698,0.9615825578690008,1.0,-0.10267579760207766,0.6856312115716291,0.9994264970432628,0.0,3,False,False
ENSG00000001460,STPG1,0.055048188256318034,-0.18334408447025474,0.961583018554137,1.0,-0.06947620181996414,0.7844309910262807,0.9994264970432628,0.0,3,False,False
ENSG00000005339,CREBBP,0.055048188256318034,0.0034385745139078926,0.961583018554137,1.0,0.03925876224776659,0.8770485648003513,0.9994264970432628,0.0,2,False,False
ENSG00000005486,RHBDD2,0.055048188256318034,0.15368995529000878,0.961583018554137,1.0,0.07468116861978674,0.769833161155259,0.9994264970432628,0.0,2,False,False
ENSG00000009844,VTA1,-0.055048188256318034,-0.44485915992961395,0.961583018554137,1.0,-0.11511876422317152,0.6530460915838628,0.9994264970432628,0.0,2,False,False
ENSG00000014641,MDH1,0.055048188256318034,-0.0031428968781210325,0.961583018554137,1.0,0.06774802162076841,0.7898682342267536,0.9994264970432628,0.0,2,False,False
ENSG00000047315,POLR2B,-0.055048188256318034,-0.1258750605343823,0.961583018554137,1.0,-0.07690099965254474,0.7625224743576213,0.9994264970432628,0.0,3,False,False
ENSG00000048544,MRPS10,0.055048188256318034,0.29351254508237534,0.961583018554137,1.0,0.14157976077837942,0.5775418708976564,0.9994264970432628,0.0,3,False,False
ENSG00000054282,SDCCAG8,-0.055048188256318034,-0.34580119547444355,0.961583018554137,1.0,-0.1116742422158024,0.6619847081908354,0.9994264970432628,0.0,2,False,False
ENSG00000055211,GINM1,-0.055048188256318034,-0.1381466902262925,0.961583018554137,1.0,-0.0017295078084666395,0.9945627271115214,0.9994264970432628,0.0,2,False,False
ENSG00000064607,SUGP2,-0.055048188256318034,-0.18403777224160892,0.961583018554137,1.0,-0.02264019713347615,0.9561598714952803,0.9994264970432628,0.5725777773760088,3,False,False
ENSG00000066455,GOLGA5,0.055048188256318034,-0.3881507131506074,0.961583018554137,1.0,-0.2282927381567836,0.37068879606810656,0.9994264970432628,0.0,2,False,False
ENSG00000074935,TUBE1,0.055048188256318034,0.07642167285586693,0.961583018554137,1.0,-0.02710260778747221,0.9149411316687399,0.9994264970432628,0.0,2,False,False
ENSG00000080802,CNOT4,-0.055048188256318034,0.12518268087130668,0.961583018554137,1.0,0.08552898907947258,0.7363837673327851,0.9994264970432628,0.0,2,False,False
ENSG00000081760,AACS,0.055048188256318034,-0.147403125485213,0.961583018554137,1.0,-0.040732318868571496,0.8725283707512019,0.9994264970432628,0.0,3,False,False
ENSG00000087365,SF3B2,-0.055048188256318034,-0.12543016146247848,0.961583018554137,1.0,-0.026877196782031158,0.9156966255371026,0.9994264970432628,0.0,2,False,False
ENSG00000095574,IKZF5,0.055048188256318034,-0.11602741527843359,0.961583018554137,1.0,0.0606807603397743,0.8118190182546678,0.9994264970432628,0.0,3,False,False
ENSG00000100239,PPP6R2,-0.055048188256318034,-0.013189288581301667,0.961583018554137,1.0,-0.10202604737885727,0.68783502462694,0.9994264970432628,0.0,2,False,False
ENSG00000100523,DDHD1,0.055048188256318034,0.04065972308274969,0.961583018554137,1.0,0.14996267655757545,0.6283487203142565,0.9994264970432628,0.272574176142289,3,False,False
ENSG00000103064,SLC7A6,0.055048188256318034,0.0178523522758059,0.961583018554137,1.0,-0.08934547976266972,0.7250618721384958,0.9994264970432628,0.0,2,False,False
ENSG00000103145,HCFC1R1,-0.055048188256318034,-0.04868121126110382,0.961583018554137,1.0,0.03436368982805484,0.8926253577871825,0.9994264970432628,0.0,2,False,False
ENSG00000108256,NUFIP2,-0.055048188256318034,-0.0033517056348792208,0.961583018554137,1.0,-0.06660275126291233,0.7943369334853484,0.9994264970432628,0.0,2,False,False
ENSG00000112294,ALDH5A1,0.055048188256318034,-0.279284756534387,0.961583018554137,1.0,0.12360909584590207,0.7746876216650659,0.9994264970432628,0.5889504633505382,3,False,False
ENSG00000114544,SLC41A3,-0.055048188256318034,-0.08304265718827825,0.961583018554137,1.0,0.01060782279772555,0.9727148822848439,0.9994264970432628,0.2769591029671381,2,False,False
ENSG00000115128,SF3B6,-0.055048188256318034,-0.1036300855067019,0.961583018554137,1.0,0.08064675153854024,0.7754028051389976,0.9994264970432628,0.1504000595766396,2,False,False
ENSG00000115365,LANCL1,0.055048188256318034,-0.0686928004282008,0.961583018554137,1.0,0.04248513151248122,0.9002520299761284,0.9994264970432628,0.3855863332859522,2,False,False
ENSG00000115526,CHST10,-0.055048188256318034,0.09557120135201767,0.961583018554137,1.0,0.06716707843005391,0.7918947692080839,0.9994264970432628,0.0,2,False,False
ENSG00000115884,SDC1,0.055048188256318034,0.15583667585568295,0.961583018554137,1.0,-0.13483377080680886,0.8231282180855158,0.9994264970432628,0.7847429490204438,2,False,False
ENSG00000119138,KLF9,0.055048188256318034,0.10591778174728911,0.961583018554137,1.0,-0.18580466823718525,0.6704837763045037,0.9994264970432628,0.6027047750294612,3,False,False
ENSG00000120802,TMPO,0.055048188256318034,-0.03786017061569554,0.961583018554137,1.0,-0.002260590458686254,0.9950525215334918,0.9994264970432628,0.4613996895886239,2,False,False
ENSG00000122484,RPAP2,-0.055048188256318034,-0.16225189744159926,0.961583018554137,1.0,-0.05695832789567896,0.8509550183401106,0.9994264970432628,0.24969340353336575,3,False,False
ENSG00000124422,USP22,0.055048188256318034,-0.02998612167937633,0.961583018554137,1.0,-0.00612078472561233,0.9807462769819272,0.9994264970432628,0.0,2,False,False
ENSG00000124571,XPO5,0.055048188256318034,-0.2078623051567471,0.961583018554137,1.0,0.01910484416376022,0.9666351253402865,0.9994264970432628,0.6427022567044968,2,False,False
ENSG00000132591,ERAL1,-0.055048188256318034,-0.24464723786470188,0.961583018554137,1.0,-0.04496829682839462,0.8853428847386492,0.9994264970432628,0.2871953478824827,2,False,False
ENSG00000132975,GPR12,0.055048188256318034,0.014023688808327633,0.961583018554137,1.0,-0.22807141436855205,0.7161516961338177,0.9994264970432628,0.7614122096790568,2,False,False
ENSG00000137822,TUBGCP4,-0.055048188256318034,0.19669475700120573,0.961583018554137,1.0,0.06637591640909711,0.7952656262907947,0.9994264970432628,0.0,3,False,False
ENSG00000139132,FGD4,-0.055048188256318034,-0.019599468860126933,0.961583018554137,1.0,-0.10361118493901053,0.6851128008786407,0.9994264970432628,0.0,2,False,False
ENSG00000140983,RHOT2,0.055048188256318034,0.07209627341340569,0.961583018554137,1.0,0.0906328857745383,0.7213909708821965,0.9994264970432628,0.0,1,False,False
ENSG00000144747,TMF1,-0.055048188256318034,-0.22790974443134024,0.961583018554137,1.0,-0.25897520633006976,0.311392130045274,0.9994264970432628,0.0,2,False,False
ENSG00000145741,BTF3,-0.055048188256318034,0.0009713579433305405,0.961583018554137,1.0,0.0695420581790864,0.7848557199758505,0.9994264970432628,0.0,2,False,False
ENSG00000145781,COMMD10,0.055048188256318034,0.04667979407669665,0.961583018554137,1.0,0.04219456337963508,0.8679624324560568,0.9994264970432628,0.0,1,False,False
ENSG00000147251,DOCK11,-0.055048188256318034,0.0117450489487145,0.961583018554137,1.0,0.06237589423671073,0.8071705089257257,0.9994264970432628,0.0,1,False,False
ENSG00000148541,FAM13C,0.055048188256318034,-0.0251224968843544,0.961583018554137,1.0,0.06441399844245635,0.8001689746596352,0.9994264970432628,0.0,2,False,False
ENSG00000148948,LRRC4C,-0.055048188256318034,0.0213255842149935,0.961583018554137,1.0,-0.0459674388098734,0.8808579569057986,0.9994264970432628,0.25728460546272486,2,False,False
ENSG00000151292,CSNK1G3,-0.055048188256318034,-0.07019295997169092,0.961583018554137,1.0,-0.04987084859125499,0.843889030249516,0.9994264970432628,0.0,1,False,False
ENSG00000152822,GRM1,-0.055048188256318034,-0.061510764586327406,0.961583018554137,1.0,0.02958843384727055,0.9072488081670853,0.9994264970432628,0.0,3,False,False
ENSG00000154144,TBRG1,0.055048188256318034,0.1668675824885244,0.961583018554137,1.0,0.12769601743580755,0.6152912088703497,0.9994264970432628,0.0,3,False,False
ENSG00000155229,MMS19,-0.055048188256318034,0.003954319070755942,0.961583018554137,1.0,-0.07894121402653094,0.7576234376667508,0.9994264970432628,0.0,2,False,False
ENSG00000155846,PPARGC1B,0.055048188256318034,0.2535030836510124,0.961583018554137,1.0,0.07521600674926866,0.8128446026555295,0.9994264970432628,0.30682486344562737,2,False,False
ENSG00000156304,SCAF4,-0.055048188256318034,0.02173550384173819,0.961583018554137,1.0,-0.07283962830290648,0.8165051370288385,0.9994264970432628,0.29408473480805186,2,False,False
ENSG00000156603,MED19,0.055048188256318034,0.05206786954182672,0.961583018554137,1.0,0.07838316312428398,0.7588726120499809,0.9994264970432628,0.0,2,False,False
ENSG00000161533,ACOX1,-0.055048188256318034,-0.2068175228323498,0.961583018554137,1.0,-0.00464620122615783,0.985484168963169,0.9994264970432628,0.0,2,False,False
ENSG00000163399,ATP1A1,-0.055048188256318034,-0.1360177357649237,0.961583018554137,1.0,-0.005670152751685418,0.9822131936375632,0.9994264970432628,0.0,2,False,False
ENSG00000165997,ARL5B,-0.055048188256318034,0.10029340724381679,0.961583018554137,1.0,0.045750729648716924,0.8571300172923237,0.9994264970432628,0.0,2,False,False
ENSG00000168118,RAB4A,-0.055048188256318034,-0.09914641666107493,0.961583018554137,1.0,-0.042811969834812086,0.866076132115511,0.9994264970432628,0.0,2,False,False
ENSG00000172500,FIBP,0.055048188256318034,-0.17960193387822893,0.961583018554137,1.0,0.13741342155240452,0.6663595140172622,0.9994264970432628,0.3086063135120287,3,False,False
ENSG00000178988,MRFAP1L1,-0.055048188256318034,0.052927931114553524,0.961583018554137,1.0,0.09760270052102045,0.6999382276177697,0.9994264970432628,0.0,3,False,False
ENSG00000180694,TMEM64,0.055048188256318034,-0.205062979830219,0.961583018554137,1.0,-0.15307138347229998,0.54632641288485,0.9994264970432628,0.0,3,False,False
ENSG00000182149,IST1,0.055048188256318034,0.03813474427949908,0.961583018554137,1.0,0.058426403059501975,0.8175833632728519,0.9994264970432628,0.0,2,False,False
ENSG00000184545,DUSP8,0.055048188256318034,0.05306262404249111,0.961583018554137,1.0,0.005697161232781778,0.9821458104717904,0.9994264970432628,0.0,2,False,False
ENSG00000189221,MAOA,-0.055048188256318034,-0.04655391304779798,0.961583018554137,1.0,0.02936314429456228,0.934494914378513,0.9994264970432628,0.42534235576846113,2,False,False
ENSG00000198171,DDRGK1,-0.055048188256318034,-0.20586681202283763,0.961583018554137,1.0,-0.008737933675160754,0.9768414304034032,0.9994264970432628,0.2406635103894758,2,False,False
ENSG00000116679,IVNS1ABP,-0.048167164724278275,-0.18497803904986626,0.96706738638266,1.0,-0.049151152864949206,0.8613714623781823,0.9994264970432628,0.14230490989554218,2,False,False
ENSG00000151150,ANK3,0.048167164724278275,-0.21828315291845088,0.96706738638266,1.0,-0.01122973510912861,0.9647753651833179,0.9994264970432628,0.0,2,False,False
ENSG00000106261,ZKSCAN1,0.04128614119223852,-0.06688998886190028,0.9725537733388528,1.0,0.03128993670249271,0.9018256964770721,0.9994264970432628,0.0,2,False,False
ENSG00000126821,SGPP1,-0.04128614119223852,-0.21712060560238733,0.9725537733388528,1.0,-0.06939390153922133,0.784716272671415,0.9994264970432628,0.0,3,False,False
ENSG00000141367,CLTC,0.04128614119223852,-0.013888720088389555,0.9725537733388528,1.0,0.08465232439614925,0.7391782491807062,0.9994264970432628,0.0,3,False,False
ENSG00000163539,CLASP2,-0.04128614119223852,-0.18338930773261647,0.9725537733388528,1.0,-0.06200659787979428,0.8796781638266946,0.9994264970432628,0.5647333525329109,2,False,False
ENSG00000002549,LAP3,-0.04128614119223852,-0.011806598862451789,0.9725541025866862,1.0,0.01520014752376311,0.9525750460995536,0.9994264970432628,0.0,2,False,False
ENSG00000005194,CIAPIN1,-0.04128614119223852,-0.1340088494677362,0.9725541025866862,1.0,-0.040570588292501195,0.8728485418766727,0.9994264970432628,0.0,1,False,False
ENSG00000036530,CYP46A1,-0.04128614119223852,0.12695286819090504,0.9725541025866862,1.0,0.02237078144489093,0.9300458569803596,0.9994264970432628,0.0,2,False,False
ENSG00000050820,BCAR1,-0.04128614119223852,-0.1695546668310087,0.9725541025866862,1.0,-0.022034764343882986,0.9311990880276864,0.9994264970432628,0.0,2,False,False
ENSG00000066044,ELAVL1,-0.04128614119223852,-0.02160922929193423,0.9725541025866862,1.0,-0.013662232390305222,0.9693886430106537,0.9994264970432628,0.4296286210439151,2,False,False
ENSG00000066468,FGFR2,0.04128614119223852,-0.13165552743877598,0.9725541025866862,1.0,-0.018137392949750992,0.94941809112058,0.9994264970432628,0.16416926131163143,2,False,False
ENSG00000068438,FTSJ1,0.04128614119223852,-0.09289832483322592,0.9725541025866862,1.0,0.09354595825433631,0.7142777794236812,0.9994264970432628,0.0,3,False,False
ENSG00000068615,REEP1,-0.04128614119223852,-0.26661664872115215,0.9725541025866862,1.0,0.014624152847015029,0.9587689161140577,0.9994264970432628,0.15346517643950336,2,False,False
ENSG00000068903,SIRT2,-0.04128614119223852,0.053662831971414596,0.9725541025866862,1.0,-0.036946810497772174,0.9180954926629211,0.9994264970432628,0.44706407584704344,2,False,False
ENSG00000072778,ACADVL,-0.04128614119223852,-0.1510309637764612,0.9725541025866862,1.0,-0.1023937978216217,0.6879250580553595,0.9994264970432628,0.0,2,False,False
ENSG00000096092,TMEM14A,-0.04128614119223852,0.17724216531045983,0.9725541025866862,1.0,0.13999470207703835,0.5842410893165173,0.9994264970432628,0.0,3,False,False
ENSG00000100320,RBFOX2,0.04128614119223852,0.07097172514696028,0.9725541025866862,1.0,-0.0007879065281103532,0.9979257187390922,0.9994264970432628,0.2414435258976907,2,False,False
ENSG00000101751,POLI,-0.04128614119223852,-0.14915813987595797,0.9725541025866862,1.0,0.0558293987472805,0.8451505772251325,0.9994264970432628,0.16992354462582962,3,False,False
ENSG00000102309,PIN4,0.04128614119223852,-0.02509121852750588,0.9725541025866862,1.0,0.004488647008940724,0.9858637267325568,0.9994264970432628,0.0,2,False,False
ENSG00000102409,BEX4,-0.04128614119223852,-0.0464943054016809,0.9725541025866862,1.0,-0.04695862726512846,0.8534795942877615,0.9994264970432628,0.0,1,False,False
ENSG00000103034,NDRG4,0.04128614119223852,-0.021413980408571318,0.9725541025866862,1.0,-0.07559996155905416,0.7669636060117508,0.9994264970432628,0.0,2,False,False
ENSG00000103051,COG4,0.04128614119223852,-0.19151524152350896,0.9725541025866862,1.0,-0.08507141598424996,0.7919959921964662,0.9994264970432628,0.32755998985283685,3,False,False
ENSG00000103647,CORO2B,-0.04128614119223852,0.13687662988241958,0.9725541025866862,1.0,-0.03803979878733335,0.881853739625022,0.9994264970432628,0.0,2,False,False
ENSG00000107262,BAG1,-0.04128614119223852,-0.1464359290870433,0.9725541025866862,1.0,-0.0344075352894184,0.8926188860530977,0.9994264970432628,0.0,2,False,False
ENSG00000108788,MLX,0.04128614119223852,0.12459765753145598,0.9725541025866862,1.0,0.08329408151993348,0.7441058274147369,0.9994264970432628,0.0,3,False,False
ENSG00000109689,STIM2,0.04128614119223852,-0.048077011620235886,0.9725541025866862,1.0,0.12584931101615715,0.7759514470655735,0.9994264970432628,0.610491938637376,2,False,False
ENSG00000112695,COX7A2,0.04128614119223852,-0.08900308129190457,0.9725541025866862,1.0,0.09818786228918329,0.6995653508892143,0.9994264970432628,0.0,3,False,False
ENSG00000116251,RPL22,-0.04128614119223852,0.06964513207770825,0.9725541025866862,1.0,0.09699654804752779,0.8205440678933944,0.9994264970432628,0.5920159782588985,2,False,False
ENSG00000116898,MRPS15,-0.04128614119223852,-0.08633604623435907,0.9725541025866862,1.0,0.056460010813953104,0.825083757333155,0.9994264970432628,0.0,2,False,False
ENSG00000119669,IRF2BPL,-0.04128614119223852,-0.011297697772662919,0.9725541025866862,1.0,0.0240495505040795,0.941255321777698,0.9994264970432628,0.34282405565254104,2,False,False
ENSG00000123124,WWP1,-0.04128614119223852,0.14735894812307554,0.9725541025866862,1.0,0.04250855233242201,0.8887556834789454,0.9994264970432628,0.2512957976153906,2,False,False
ENSG00000130165,ELOF1,-0.04128614119223852,-0.281817864838904,0.9725541025866862,1.0,-0.006028591047720655,0.9811605875250242,0.9994264970432628,0.0,2,False,False
ENSG00000131171,SH3BGRL,0.04128614119223852,-0.32242148060146575,0.9725541025866862,1.0,-0.13482837871719575,0.5967156178854388,0.9994264970432628,0.0,2,False,False
ENSG00000133059,DSTYK,-0.04128614119223852,-0.08219638334868472,0.9725541025866862,1.0,0.08987333569173739,0.7753409354243184,0.9994264970432628,0.2995053156113519,2,False,False
ENSG00000133135,RNF128,-0.04128614119223852,-0.0310784735220152,0.9725541025866862,1.0,0.0412304546886153,0.8991111984809779,0.9994264970432628,0.32822840651168794,2,False,False
ENSG00000134900,TPP2,0.04128614119223852,-0.2178651552893666,0.9725541025866862,1.0,-0.13873225662039249,0.5848295465424265,0.9994264970432628,0.0,3,False,False
ENSG00000135002,RFK,-0.04128614119223852,0.11682074657360714,0.9725541025866862,1.0,0.02602310902638652,0.9185180020875684,0.9994264970432628,0.0,3,False,False
ENSG00000135624,CCT7,-0.04128614119223852,-0.09123495089707089,0.9725541025866862,1.0,-0.013787836856097736,0.9566689013298166,0.9994264970432628,0.0,2,False,False
ENSG00000136237,RAPGEF5,0.04128614119223852,-0.2938988620927359,0.9725541025866862,1.0,0.0035134586034579578,0.9930401383756704,0.9994264970432628,0.5519881352875211,2,False,False
ENSG00000136897,MRPL50,-0.04128614119223852,-0.1981254758231168,0.9725541025866862,1.0,-0.05426706715699046,0.831307339939424,0.9994264970432628,0.0,2,False,False
ENSG00000136930,PSMB7,-0.04128614119223852,-0.10115039182897365,0.9725541025866862,1.0,0.014726351543029231,0.953717120782116,0.9994264970432628,0.0,3,False,False
ENSG00000139291,TMEM19,0.04128614119223852,0.07008109068821715,0.9725541025866862,1.0,0.13405235548522654,0.5984861385878628,0.9994264970432628,0.0,3,False,False
ENSG00000143344,RGL1,-0.04128614119223852,0.023044272330164147,0.9725541025866862,1.0,0.04629270238734958,0.8553446679955984,0.9994264970432628,0.0,2,False,False
ENSG00000143756,FBXO28,0.04128614119223852,0.17023685992473778,0.9725541025866862,1.0,0.06566398454783741,0.8905052028149931,0.9994264970432628,0.6733878754006017,2,False,False
ENSG00000147684,NDUFB9,-0.04128614119223852,-0.12303076748937314,0.9725541025866862,1.0,0.026043942880699066,0.927243456462776,0.9994264970432628,0.16587822910285963,2,False,False
ENSG00000154222,CC2D1B,0.04128614119223852,0.10163467533655555,0.9725541025866862,1.0,0.11359066238168017,0.6544430397948293,0.9994264970432628,0.0,2,False,False
ENSG00000160961,ZNF333,-0.04128614119223852,-0.09713764054442062,0.9725541025866862,1.0,-0.0004615191807538657,0.9985548708115846,0.9994264970432628,0.0,2,False,False
ENSG00000162601,MYSM1,0.04128614119223852,-0.18522688227680797,0.9725541025866862,1.0,-0.062233113878827004,0.8074709500324836,0.9994264970432628,0.0,2,False,False
ENSG00000163811,WDR43,-0.04128614119223852,-0.10223532101312975,0.9725541025866862,1.0,-0.049724845182850835,0.8455263129005016,0.9994264970432628,0.0,2,False,False
ENSG00000164091,WDR82,0.04128614119223852,-0.3086816377687146,0.9725541025866862,1.0,0.04931824251378758,0.856754799384186,0.9994264970432628,0.10251517645995159,2,False,False
ENSG00000164176,EDIL3,0.04128614119223852,-0.4052794556203513,0.9725541025866862,1.0,-0.08927033620692144,0.7764166125709673,0.9994264970432628,0.2944781343920911,1,False,False
ENSG00000164197,RNF180,0.04128614119223852,0.21175719964497422,0.9725541025866862,1.0,0.19847377315878792,0.43499384659946083,0.9994264970432628,0.0,4,False,False
ENSG00000164904,ALDH7A1,-0.04128614119223852,0.0985854240834848,0.9725541025866862,1.0,0.04871914870508518,0.8476041802314412,0.9994264970432628,0.0,2,False,False
ENSG00000165476,REEP3,0.04128614119223852,-0.06469655155739631,0.9725541025866862,1.0,-0.0033606554463428144,0.9894258092298696,0.9994264970432628,0.0,2,False,False
ENSG00000166257,SCN3B,0.04128614119223852,-0.40768774259206225,0.9725541025866862,1.0,-0.09765303460521814,0.7576573107605495,0.9994264970432628,0.29452489084779165,2,False,False
ENSG00000166963,MAP1A,0.04128614119223852,-0.1316044329111069,0.9725541025866862,1.0,0.017108511499507734,0.9521237534542972,0.9994264970432628,0.16277270883920994,2,False,False
ENSG00000167468,GPX4,0.04128614119223852,-0.025962245206501724,0.9725541025866862,1.0,-0.008112599325092762,0.9746166736886123,0.9994264970432628,0.0,2,False,False
ENSG00000168710,AHCYL1,0.04128614119223852,0.027497157031778498,0.9725541025866862,1.0,-0.03337157712347285,0.8957146514072125,0.9994264970432628,0.0,2,False,False
ENSG00000172057,ORMDL3,0.04128614119223852,0.10265590998838334,0.9725541025866862,1.0,-0.04972793800897292,0.8734953317358662,0.9994264970432628,0.2872954271508097,2,False,False
ENSG00000176222,ZNF404,0.04128614119223852,0.041427459214486116,0.9725541025866862,1.0,0.12011228642089916,0.812662510166498,0.9994264970432628,0.7019144396533601,2,False,False
ENSG00000177301,KCNA2,-0.04128614119223852,0.028337318735103208,0.9725541025866862,1.0,0.030368577514267615,0.9076930186624482,0.9994264970432628,0.03647403927408717,1,False,False
ENSG00000178171,AMER3,-0.04128614119223852,0.04362887220059525,0.9725541025866862,1.0,0.001406917405286002,0.9955848106354184,0.9994264970432628,0.0,2,False,False
ENSG00000183011,NAA38,-0.04128614119223852,-0.17251567375359153,0.9725541025866862,1.0,0.04166800189442098,0.8700566933221839,0.9994264970432628,0.0,3,False,False
ENSG00000186432,KPNA4,0.04128614119223852,-0.1615042541076854,0.9725541025866862,1.0,-0.12968699376091333,0.6109652169791613,0.9994264970432628,0.0,3,False,False
ENSG00000196581,AJAP1,-0.04128614119223852,-0.35400188045352954,0.9725541025866862,1.0,0.08177229440663815,0.8326115704194192,0.9994264970432628,0.4978357014006464,2,False,False
ENSG00000196704,AMZ2,-0.04128614119223852,-0.17497943811128755,0.9725541025866862,1.0,0.014526958329552885,0.9545458745277348,0.9994264970432628,0.0,2,False,False
ENSG00000197226,TBC1D9B,0.04128614119223852,-0.07151516215091876,0.9725541025866862,1.0,-0.06019053482119083,0.8135670652225162,0.9994264970432628,0.0,1,False,False
ENSG00000213015,ZNF580,0.04128614119223852,0.06316589489949405,0.9725541025866862,1.0,0.05280386962010943,0.8363494176669198,0.9994264970432628,0.0,2,False,False
ENSG00000215114,UBXN2B,0.04128614119223852,0.030947657400468367,0.9725541025866862,1.0,0.04532141336643291,0.8581794448374825,0.9994264970432628,0.0,2,False,False
ENSG00000118564,FBXL5,0.03440511766019877,-0.23566099141013225,0.9780414593354103,1.0,0.016703079698676928,0.947802841648037,0.9994264970432628,0.0,2,False,False
ENSG00000134644,PUM1,0.03440511766019877,-0.10827406291027034,0.9780414593354103,1.0,-0.06352520927423083,0.8028856611972403,0.9994264970432628,0.0,2,False,False
ENSG00000140564,FURIN,-0.03440511766019877,0.005893029203799566,0.9780414593354103,1.0,0.02763877125304952,0.9252130208226296,0.9994264970432628,0.2106467450931763,3,False,False
ENSG00000166619,BLCAP,0.03440511766019877,-0.13889294038518157,0.9780414593354103,1.0,0.040186875428553384,0.8749361507312954,0.9994264970432628,0.0,2,False,False
ENSG00000065534,MYLK,0.027524094128159017,-0.15547112302032048,0.9835301847857139,1.0,-0.059630003921757165,0.8148851042324279,0.9994264970432628,0.0,2,False,False
ENSG00000021762,OSBPL5,-0.027524094128159017,-0.002920107725073685,0.983530382409258,1.0,-0.039944381153492046,0.875128520367544,0.9994264970432628,0.0,2,False,False
ENSG00000047648,ARHGAP6,0.027524094128159017,-0.06721890620620462,0.983530382409258,1.0,-0.01128829391828891,0.9646123953164752,0.9994264970432628,0.0,2,False,False
ENSG00000067829,IDH3G,-0.027524094128159017,-0.10585693992433899,0.983530382409258,1.0,0.07718756901546742,0.7827418811287734,0.9994264970432628,0.138468631159579,3,False,False
ENSG00000067955,CBFB,0.027524094128159017,-0.35062934975044585,0.983530382409258,1.0,-0.06050296401160611,0.8124555662341665,0.9994264970432628,0.0,2,False,False
ENSG00000068400,GRIPAP1,0.027524094128159017,-0.04734597496826981,0.983530382409258,1.0,0.0822764927951037,0.7465902306988497,0.9994264970432628,0.0,2,False,False
ENSG00000078369,GNB1,0.027524094128159017,-0.00409805681323893,0.983530382409258,1.0,0.04771432607577879,0.8511960872609299,0.9994264970432628,0.0,2,False,False
ENSG00000094916,CBX5,0.027524094128159017,0.09482935744011818,0.983530382409258,1.0,0.0500493048480505,0.8433571981330477,0.9994264970432628,0.0,3,False,False
ENSG00000100095,SEZ6L,0.027524094128159017,-0.2518021435748685,0.983530382409258,1.0,-0.049702478732099695,0.8469641465155322,0.9994264970432628,0.009674784601241177,3,False,False
ENSG00000101856,PGRMC1,0.027524094128159017,0.05578196645699993,0.983530382409258,1.0,0.08926149756098398,0.7259997259084574,0.9994264970432628,0.0,3,False,False
ENSG00000103723,AP3B2,-0.027524094128159017,0.4709160386649828,0.983530382409258,1.0,0.10340632263749236,0.7645744683030214,0.9994264970432628,0.39466817910711166,2,False,False
ENSG00000106799,TGFBR1,-0.027524094128159017,0.027096691087838194,0.983530382409258,1.0,-0.05871271750489044,0.8413458794084736,0.9994264970432628,0.20518700717002644,2,False,False
ENSG00000107560,RAB11FIP2,0.027524094128159017,0.087158374315743,0.983530382409258,1.0,0.02097588624189467,0.9340281221945382,0.9994264970432628,0.0,3,False,False
ENSG00000111275,ALDH2,0.027524094128159017,-0.05037541748495989,0.983530382409258,1.0,-0.12090964350234805,0.6955801210907457,0.9994264970432628,0.27436076968955275,3,False,False
ENSG00000111300,NAA25,0.027524094128159017,-0.46539670700435876,0.983530382409258,1.0,-0.2342427153922397,0.43831524114434883,0.9994264970432628,0.24247800427881297,3,False,False
ENSG00000111897,SERINC1,-0.027524094128159017,0.04108718536874147,0.983530382409258,1.0,0.09317776938133673,0.7133056979537986,0.9994264970432628,0.0,3,False,False
ENSG00000112701,SENP6,0.027524094128159017,0.02386537529781897,0.983530382409258,1.0,0.02004215249591563,0.9372469907695463,0.9994264970432628,0.0,3,False,False
ENSG00000116005,PCYOX1,0.027524094128159017,-0.33943887220432445,0.983530382409258,1.0,0.20465240879196694,0.7173286804704715,0.9994264970432628,0.7369276525257006,2,False,False
ENSG00000117115,PADI2,0.027524094128159017,-0.07784732959452914,0.983530382409258,1.0,-0.03440085618390556,0.8919866535291127,0.9994264970432628,0.0,2,False,False
ENSG00000117640,MTFR1L,0.027524094128159017,0.059291711986710335,0.983530382409258,1.0,0.05485404382304627,0.830357938649969,0.9994264970432628,0.0,3,False,False
ENSG00000121067,SPOP,0.027524094128159017,-0.29304797270825833,0.983530382409258,1.0,0.0031039822678532595,0.9920086652881782,0.9994264970432628,0.27713998383721533,2,False,False
ENSG00000121486,TRMT1L,0.027524094128159017,0.24500854794937557,0.983530382409258,1.0,0.032881603440605624,0.8971757918857779,0.9994264970432628,0.0,2,False,False
ENSG00000121766,ZCCHC17,0.027524094128159017,-0.10476939868440008,0.983530382409258,1.0,-0.021513664790867873,0.9327008238045987,0.9994264970432628,0.0,3,False,False
ENSG00000124120,TTPAL,-0.027524094128159017,0.048019008630899404,0.983530382409258,1.0,-0.0056442346829185105,0.9823869530142753,0.9994264970432628,0.0,2,False,False
ENSG00000125505,MBOAT7,0.027524094128159017,-0.17143408442321245,0.983530382409258,1.0,0.04375061364627154,0.863840283952578,0.9994264970432628,0.0,2,False,False
ENSG00000127837,AAMP,0.027524094128159017,-0.04970846657008849,0.983530382409258,1.0,-0.015824459413225564,0.9506011692576083,0.9994264970432628,0.0,2,False,False
ENSG00000128595,CALU,0.027524094128159017,-0.10265004133345604,0.983530382409258,1.0,0.02501552777067642,0.9216013003262665,0.9994264970432628,0.0,2,False,False
ENSG00000129518,EAPP,0.027524094128159017,0.06774012640566324,0.983530382409258,1.0,0.1339364340255347,0.597619596393776,0.9994264970432628,0.0,3,False,False
ENSG00000136003,ISCU,0.027524094128159017,-0.06911964113451113,0.983530382409258,1.0,0.004128498087671755,0.9906378178655284,0.9994264970432628,0.42383194332506774,3,False,False
ENSG00000137509,PRCP,-0.027524094128159017,0.07855606880775134,0.983530382409258,1.0,0.006316817023533483,0.9858224677682145,0.9994264970432628,0.43348705229294004,3,False,False
ENSG00000138430,OLA1,0.027524094128159017,-0.08791088873191301,0.983530382409258,1.0,-0.06768403416365286,0.7908641369412415,0.9994264970432628,0.0,2,False,False
ENSG00000145476,CYP4V2,-0.027524094128159017,-0.06815194951404122,0.983530382409258,1.0,-0.04850835075979797,0.8495947998274891,0.9994264970432628,0.0,2,False,False
ENSG00000149311,ATM,0.027524094128159017,0.2918946293214239,0.983530382409258,1.0,0.044870852405868994,0.8941010716073059,0.9994264970432628,0.38099123060256407,2,False,False
ENSG00000151789,ZNF385D,0.027524094128159017,0.12577787226586162,0.983530382409258,1.0,-0.0008477664543532576,0.9982888976453003,0.9994264970432628,0.5202629253732033,1,False,False
ENSG00000154813,DPH3,0.027524094128159017,-0.1940861917414417,0.983530382409258,1.0,-0.07476218454858648,0.7679152546431438,0.9994264970432628,0.0,3,False,False
ENSG00000156735,BAG4,0.027524094128159017,-0.032841166107712094,0.983530382409258,1.0,0.010835351932696205,0.9659744699177425,0.9994264970432628,0.0,2,False,False
ENSG00000158850,B4GALT3,0.027524094128159017,-0.0796954466653177,0.983530382409258,1.0,-0.04808553964838433,0.8501739393795125,0.9994264970432628,0.0,2,False,False
ENSG00000162174,ASRGL1,0.027524094128159017,-0.2189399206349627,0.983530382409258,1.0,-0.08495088835143648,0.7396986696958889,0.9994264970432628,0.0,2,False,False
ENSG00000163961,RNF168,0.027524094128159017,-0.2711265933234511,0.983530382409258,1.0,-0.016266034906663257,0.9609958543063981,0.9994264970432628,0.36467193996566327,2,False,False
ENSG00000165821,SALL2,0.027524094128159017,0.06264602729058663,0.983530382409258,1.0,0.05251710640994788,0.8361964450179263,0.9994264970432628,0.0,3,False,False
ENSG00000166033,HTRA1,0.027524094128159017,0.0033966336107490286,0.983530382409258,1.0,-0.0651444191154601,0.799138508379083,0.9994264970432628,0.0,1,False,False
ENSG00000167110,GOLGA2,-0.027524094128159017,0.19852982003211087,0.983530382409258,1.0,0.03708434971533749,0.8911854246633566,0.9994264970432628,0.09068528224994056,2,False,False
ENSG00000170954,ZNF415,-0.027524094128159017,0.1555319149845085,0.983530382409258,1.0,0.14492454639906652,0.5698786998848886,0.9994264970432628,0.0,3,False,False
ENSG00000175387,SMAD2,0.027524094128159017,-0.1998967616733869,0.983530382409258,1.0,-0.05576504982017946,0.8260811253697655,0.9994264970432628,0.0,3,False,False
ENSG00000181409,AATK,0.027524094128159017,-0.008984259301444027,0.983530382409258,1.0,0.015522981097017685,0.9511675681660323,0.9994264970432628,0.0,2,False,False
ENSG00000182836,PLCXD3,0.027524094128159017,0.05235343372903647,0.983530382409258,1.0,0.00219165292382104,0.9931074554053231,0.9994264970432628,0.0,1,False,False
ENSG00000183087,GAS6,0.027524094128159017,0.04215286513823142,0.983530382409258,1.0,0.023266945839442776,0.9268951853108379,0.9994264970432628,0.0,3,False,False
ENSG00000183114,FAM43B,-0.027524094128159017,-0.11706115232366744,0.983530382409258,1.0,0.042001116188017495,0.8693868506546052,0.9994264970432628,0.0,1,False,False
ENSG00000184178,SCFD2,-0.027524094128159017,0.06791088358202098,0.983530382409258,1.0,0.07749486372164988,0.761394547227717,0.9994264970432628,0.0,2,False,False
ENSG00000185187,SIGIRR,-0.027524094128159017,-0.17852872040037518,0.983530382409258,1.0,-0.026404796068455635,0.9177756689652453,0.9994264970432628,0.0,1,False,False
ENSG00000188130,MAPK12,-0.027524094128159017,0.06766150760071621,0.983530382409258,1.0,0.05443546585790511,0.8304844824609795,0.9994264970432628,0.0,2,False,False
ENSG00000188725,SMIM15,-0.027524094128159017,-0.2789690817760581,0.983530382409258,1.0,0.26735554208721296,0.6931256714382721,0.9994264970432628,0.8136440980257091,2,False,False
ENSG00000196290,NIF3L1,0.027524094128159017,-0.11343767345063256,0.983530382409258,1.0,0.002954091924773991,0.9907528964489652,0.9994264970432628,0.0,3,False,False
ENSG00000197498,RPF2,-0.027524094128159017,0.045464227098041585,0.983530382409258,1.0,0.021328504609055624,0.9335026967164464,0.9994264970432628,0.0,3,False,False
ENSG00000204128,C2orf72,-0.027524094128159017,-0.14307850599276392,0.983530382409258,1.0,-0.1364431845675263,0.5914404536194435,0.9994264970432628,0.0,2,False,False
ENSG00000205279,CTXN3,-0.027524094128159017,-0.008415568186624523,0.983530382409258,1.0,-0.050961698894568516,0.8407567679575544,0.9994264970432628,0.0,3,False,False
ENSG00000236287,ZBED5,-0.027524094128159017,0.1249468977007513,0.983530382409258,1.0,0.09849942383447376,0.6983420529033689,0.9994264970432628,0.0,2,False,False
ENSG00000124783,SSR1,-0.02064307059611926,-0.05196583422432278,0.9890196899555334,1.0,0.015502898305555759,0.9513614071849145,0.9994264970432628,0.0,2,False,False
ENSG00000127022,CANX,0.02064307059611926,-0.05283024413345412,0.9890196899555334,1.0,-0.02924504348280523,0.9082734402214635,0.9994264970432628,0.0,2,False,False
ENSG00000145439,CBR4,-0.02064307059611926,-0.1759688505149649,0.9890196899555334,1.0,-0.03499948399420051,0.8906881234379276,0.9994264970432628,0.0,2,False,False
ENSG00000136854,STXBP1,0.013762047064079509,0.05549258357399139,0.9945095173246887,1.0,0.06450425364781459,0.801068121678904,0.9994264970432628,0.0,2,False,False
ENSG00000116604,MEF2D,0.013762047064079509,-0.0096126804201774,0.9945097149998989,1.0,-0.007865647913503903,0.9754037629962922,0.9994264970432628,0.0,2,False,False
ENSG00000155506,LARP1,-0.013762047064079509,-0.0058415425974967915,0.9945097149998989,1.0,0.03314759412890601,0.8965649683223488,0.9994264970432628,0.0,2,False,False
ENSG00000004142,POLDIP2,0.013762047064079509,0.13445745789155825,0.9945097808868912,1.0,0.003420177000720244,0.98924468385879,0.9994264970432628,0.0,2,False,False
ENSG00000011114,BTBD7,-0.013762047064079509,0.021683261022410263,0.9945097808868912,1.0,-0.0030462090001087488,0.9904184190843821,0.9994264970432628,0.0,2,False,False
ENSG00000025800,KPNA6,-0.013762047064079509,-0.08997140737710854,0.9945097808868912,1.0,-0.022791117956176225,0.9333267309953878,0.9994264970432628,0.09793149713741038,2,False,False
ENSG00000031823,RANBP3,-0.013762047064079509,-0.08632195205475908,0.9945097808868912,1.0,-0.10692655723502985,0.6732881031191527,0.9994264970432628,0.0,3,False,False
ENSG00000041802,LSG1,0.013762047064079509,-0.11878428413657163,0.9945097808868912,1.0,-0.066312392278347,0.8653988432997692,0.9994264970432628,0.5292297273543929,3,False,False
ENSG00000042317,SPATA7,0.013762047064079509,-0.0726384440942742,0.9945097808868912,1.0,-0.1070440520881954,0.8062517230436586,0.9994264970432628,0.6075178735736243,2,False,False
ENSG00000079246,XRCC5,-0.013762047064079509,0.04227571916055548,0.9945097808868912,1.0,0.10374644881654417,0.7233248079977781,0.9994264970432628,0.1986170085344292,3,False,False
ENSG00000088986,DYNLL1,-0.013762047064079509,-0.19411498688109685,0.9945097808868912,1.0,0.013211344575930447,0.9585937624272125,0.9994264970432628,0.0,3,False,False
ENSG00000089818,NECAP1,-0.013762047064079509,-0.06885218979965854,0.9945097808868912,1.0,0.07234004017284623,0.7957442505264981,0.9994264970432628,0.13599600600880418,3,False,False
ENSG00000090238,YPEL3,0.013762047064079509,-0.102288522837578,0.9945097808868912,1.0,0.038281781203139506,0.8805109455410676,0.9994264970432628,0.0,3,False,False
ENSG00000091039,OSBPL8,0.013762047064079509,-0.19534596686900957,0.9945097808868912,1.0,-0.04018638951230958,0.9163382350633629,0.9994264970432628,0.5050065430068119,1,False,False
ENSG00000095787,WAC,-0.013762047064079509,-0.16179240395084757,0.9945097808868912,1.0,-0.06489119071895114,0.8014034191785255,0.9994264970432628,0.01229084120508188,3,False,False
ENSG00000101489,CELF4,0.013762047064079509,-0.17971464364292153,0.9945097808868912,1.0,0.009801607956706426,0.9729683008499799,0.9994264970432628,0.1876335947143023,1,False,False
ENSG00000104863,LIN7B,-0.013762047064079509,-0.08700970473110257,0.9945097808868912,1.0,-0.02380900809859108,0.9252901085029085,0.9994264970432628,0.0,1,False,False
ENSG00000107223,EDF1,0.013762047064079509,0.23342595309006292,0.9945097808868912,1.0,0.14357251853502684,0.5717375382040306,0.9994264970432628,0.0,3,False,False
ENSG00000111906,HDDC2,-0.013762047064079509,-0.11830093533010326,0.9945097808868912,1.0,0.03309356066242601,0.8969390292161731,0.9994264970432628,0.0,3,False,False
ENSG00000112972,HMGCS1,0.013762047064079509,0.0656943130992013,0.9945097808868912,1.0,0.06592294774142403,0.7951157720645661,0.9994264970432628,0.0,2,False,False
ENSG00000115840,SLC25A12,0.013762047064079509,-0.00019187812342769646,0.9945097808868912,1.0,0.02686235513406511,0.9159735526223147,0.9994264970432628,0.0,1,False,False
ENSG00000115875,SRSF7,-0.013762047064079509,-0.12339546813409524,0.9945097808868912,1.0,-0.11063267039017494,0.6645928510333534,0.9994264970432628,0.0,3,False,False
ENSG00000115904,SOS1,-0.013762047064079509,-0.3385207498283629,0.9945097808868912,1.0,-0.23164626727476015,0.5967632441080739,0.9994264970432628,0.6135321304159458,2,False,False
ENSG00000117280,RAB29,0.013762047064079509,-0.09227746254170188,0.9945097808868912,1.0,0.06696810772055123,0.7932415659093038,0.9994264970432628,0.0,2,False,False
ENSG00000117395,EBNA1BP2,-0.013762047064079509,0.08332626549226328,0.9945097808868912,1.0,0.1139123421761034,0.6550978451636164,0.9994264970432628,0.0,3,False,False
ENSG00000117448,AKR1A1,0.013762047064079509,-0.0171116528395984,0.9945097808868912,1.0,-0.0144129322326577,0.954668353168349,0.9994264970432628,0.0,3,False,False
ENSG00000118579,MED28,-0.013762047064079509,0.024271655522752022,0.9945097808868912,1.0,-0.27103818016851183,0.6186233712385609,0.9994264970432628,0.7190156069791903,2,False,False
ENSG00000119711,ALDH6A1,0.013762047064079509,-0.16091178021674774,0.9945097808868912,1.0,-0.05862327521621569,0.837588962638898,0.9994264970432628,0.1699898926590501,2,False,False
ENSG00000119844,AFTPH,0.013762047064079509,-0.008389750580588261,0.9945097808868912,1.0,-0.04262091048134976,0.9288622441124004,0.9994264970432628,0.6728783850178078,2,False,False
ENSG00000126861,OMG,0.013762047064079509,-0.3769085316631413,0.9945097808868912,1.0,0.00224536038626134,0.996468104489231,0.9994264970432628,0.7034053061823549,2,False,False
ENSG00000128731,HERC2,-0.013762047064079509,0.1780495785492489,0.9945097808868912,1.0,0.17784152848208978,0.48547047716034075,0.9994264970432628,0.0,2,False,False
ENSG00000134318,ROCK2,0.013762047064079509,-0.5107262169460509,0.9945097808868912,1.0,-0.0724521137718596,0.8467153040802686,0.9994264970432628,0.48923492135233115,2,False,False
ENSG00000134684,YARS1,0.013762047064079509,0.003604862170643613,0.9945097808868912,1.0,0.03870297666561447,0.8789537506300384,0.9994264970432628,0.0,1,False,False
ENSG00000135447,PPP1R1A,0.013762047064079509,-0.1117677804306652,0.9945097808868912,1.0,0.02734318734721187,0.9218671029916495,0.9994264970432628,0.1272011071617316,1,False,False
ENSG00000137710,RDX,0.013762047064079509,-0.04240484822355709,0.9945097808868912,1.0,0.026943741439151323,0.9283066440203264,0.9994264970432628,0.23027112720650686,1,False,False
ENSG00000140577,CRTC3,-0.013762047064079509,-0.14933406508939426,0.9945097808868912,1.0,-0.03205790459125627,0.8999820227633175,0.9994264970432628,0.0,2,False,False
ENSG00000141252,VPS53,0.013762047064079509,-0.08851952855424673,0.9945097808868912,1.0,-0.10321810056128806,0.683678167507572,0.9994264970432628,0.0,3,False,False
ENSG00000143772,ITPKB,-0.013762047064079509,0.017121338580830793,0.9945097808868912,1.0,0.0006076278481313307,0.9980988966745631,0.9994264970432628,0.0,2,False,False
ENSG00000147421,HMBOX1,0.013762047064079509,-0.030079719061063687,0.9945097808868912,1.0,-0.007884399695990743,0.9752290139133415,0.9994264970432628,0.0,2,False,False
ENSG00000151025,GPR158,0.013762047064079509,-0.08348956278958798,0.9945097808868912,1.0,0.02966832625461438,0.9283720511019741,0.9994264970432628,0.3531305557000416,3,False,False
ENSG00000152578,GRIA4,0.013762047064079509,0.17553188877491382,0.9945097808868912,1.0,0.0021633958825369067,0.9959458951092933,0.9994264970432628,0.5957580366814634,2,False,False
ENSG00000153140,CETN3,-0.013762047064079509,-0.077305330880558,0.9945097808868912,1.0,-0.057591943166953895,0.8203721380286071,0.9994264970432628,0.0,3,False,False
ENSG00000155100,OTUD6B,0.013762047064079509,-0.03844545470470146,0.9945097808868912,1.0,0.03757758454729174,0.8829527885593618,0.9994264970432628,0.0,3,False,False
ENSG00000156928,MALSU1,-0.013762047064079509,-0.11160261309502019,0.9945097808868912,1.0,0.08524319699177213,0.7382089814407573,0.9994264970432628,0.0,3,False,False
ENSG00000159063,ALG8,0.013762047064079509,-0.08233732700603383,0.9945097808868912,1.0,0.07419264630673256,0.8199642232804436,0.9994264970432628,0.33965585321590613,3,False,False
ENSG00000159082,SYNJ1,-0.013762047064079509,0.19063636837574888,0.9945097808868912,1.0,-0.03872417685668428,0.9251403218173162,0.9994264970432628,0.5484995351901923,1,False,False
ENSG00000161981,SNRNP25,-0.013762047064079509,-0.21683845755572112,0.9945097808868912,1.0,0.05600685627404086,0.83956557384721,0.9994264970432628,0.11946789954785786,3,False,False
ENSG00000163848,ZNF148,-0.013762047064079509,0.005721371416700132,0.9945097808868912,1.0,-0.03988688883100113,0.875733126281317,0.9994264970432628,0.0,2,False,False
ENSG00000164830,OXR1,0.013762047064079509,-0.01771959725894457,0.9945097808868912,1.0,-0.03461694069069467,0.9188826301723757,0.9994264970432628,0.38713515946388144,2,False,False
ENSG00000165264,NDUFB6,-0.013762047064079509,-0.19481165836571795,0.9945097808868912,1.0,-0.05404050785969169,0.8319729904256841,0.9994264970432628,0.0,2,False,False
ENSG00000166326,TRIM44,-0.013762047064079509,-0.05672022484838092,0.9945097808868912,1.0,-0.10958838690277632,0.81143619156945,0.9994264970432628,0.6384501124114199,2,False,False
ENSG00000166405,RIC3,0.013762047064079509,0.017061855279164748,0.9945097808868912,1.0,-0.034830846401237375,0.89068501145355,0.9994264970432628,0.0,3,False,False
ENSG00000166676,TVP23A,0.013762047064079509,-0.0828651501922253,0.9945097808868912,1.0,0.039979294245170764,0.8751600103407614,0.9994264970432628,0.0,2,False,False
ENSG00000166839,ANKDD1A,-0.013762047064079509,0.005403586793635411,0.9945097808868912,1.0,0.08524093513216557,0.738425320800477,0.9994264970432628,0.0,3,False,False
ENSG00000169122,FAM110B,0.013762047064079509,-0.07817197308507377,0.9945097808868912,1.0,-0.015472896393743676,0.9650397690285468,0.9994264970432628,0.42348699556313285,2,False,False
ENSG00000171262,FAM98B,0.013762047064079509,-0.0971588846264992,0.9945097808868912,1.0,0.10367050166339573,0.7538178855049015,0.9994264970432628,0.35300588496394686,3,False,False
ENSG00000172336,POP7,0.013762047064079509,-0.40089686898206434,0.9945097808868912,1.0,-0.0003319704337595987,0.9992141993760139,0.9995697916177847,0.37873736059619073,1,False,False
ENSG00000172915,NBEA,0.013762047064079509,-0.10793359490723146,0.9945097808868912,1.0,0.04502098410209665,0.9059420718531205,0.9994264970432628,0.5012967431182687,3,False,False
ENSG00000173267,SNCG,0.013762047064079509,-0.21433118572223178,0.9945097808868912,1.0,0.013935447682623461,0.9563295972632946,0.9994264970432628,0.0,3,False,False
ENSG00000175416,CLTB,0.013762047064079509,-0.005080845310933527,0.9945097808868912,1.0,0.009432162125370704,0.9703912214242187,0.9994264970432628,0.0,1,False,False
ENSG00000181163,NPM1,0.013762047064079509,-0.06493716397249606,0.9945097808868912,1.0,0.023260032461255093,0.9269096401244344,0.9994264970432628,0.0,2,False,False
ENSG00000183751,TBL3,-0.013762047064079509,0.043890062968720084,0.9945097808868912,1.0,0.044936176340798904,0.8594804963526438,0.9994264970432628,0.0,2,False,False
ENSG00000183864,TOB2,0.013762047064079509,-0.08865064183473242,0.9945097808868912,1.0,-0.035897532542474374,0.8877334297563181,0.9994264970432628,0.0,3,False,False
ENSG00000185803,SLC52A2,0.013762047064079509,-0.12503134509609196,0.9945097808868912,1.0,-0.08082404679239455,0.7518317641564283,0.9994264970432628,0.0,2,False,False
ENSG00000186732,MPPED1,-0.013762047064079509,-0.3362580672624804,0.9945097808868912,1.0,-0.1688444340070745,0.5128821148298985,0.9994264970432628,0.010248624089600969,2,False,False
ENSG00000247077,PGAM5,0.013762047064079509,0.019405517356230695,0.9945097808868912,1.0,0.01843575656713999,0.9459956047076089,0.9994264970432628,0.09674813471388109,2,False,False
ENSG00000273079,GRIN2B,0.013762047064079509,-0.1548818373203628,0.9945097808868912,1.0,-0.0723861797296855,0.7758726652957673,0.9994264970432628,0.0,3,False,False
ENSG00000004864,SLC25A13,0.0,-0.15402511511240913,1.0,1.0,-0.048225391583436826,0.849123852847622,0.9994264970432628,0.0,2,False,False
ENSG00000009307,CSDE1,0.0,0.09524152244859224,1.0,1.0,0.10654617168746375,0.6828457780727248,0.9994264970432628,0.02826299903846164,2,False,False
ENSG00000011009,LYPLA2,0.0,-0.06883970170040915,1.0,1.0,-0.05575804930817016,0.8261980628296998,0.9994264970432628,0.0,1,False,False
ENSG00000015153,YAF2,0.0,-0.14589648051279597,1.0,1.0,0.03493353819285675,0.9065111584773704,0.9994264970432628,0.22418872879156956,2,False,False
ENSG00000079739,PGM1,0.0,-0.13011044522131412,1.0,1.0,-0.067968892534202,0.8300433066996898,0.9994264970432628,0.2982335766017972,2,False,False
ENSG00000085365,SCAMP1,0.0,0.1772002364124632,1.0,1.0,0.11161407742694948,0.661109926183747,0.9994264970432628,0.0,2,False,False
ENSG00000089154,GCN1,0.0,-0.12597864748612878,1.0,1.0,-0.07179679124440529,0.777456840633981,0.9994264970432628,0.0,3,False,False
ENSG00000089220,PEBP1,0.0,-0.09580864253094207,1.0,1.0,-0.02070064581268984,0.9481168584345813,0.9994264970432628,0.3115371852872775,2,False,False
ENSG00000101210,EEF1A2,0.0,0.1937706348584723,1.0,1.0,0.08045910586344278,0.7519216209004776,0.9994264970432628,0.0,2,False,False
ENSG00000102109,PCSK1N,0.0,0.09473274043901511,1.0,1.0,0.03502370793773967,0.8899574340830605,0.9994264970432628,0.0,3,False,False
ENSG00000102910,LONP2,0.0,-0.06713969109908063,1.0,1.0,0.04897625598895336,0.8474185026633854,0.9994264970432628,0.0,1,False,False
ENSG00000106299,WASL,0.0,-0.08265260606652072,1.0,1.0,0.03578773760754127,0.9104280732556898,0.9994264970432628,0.311011378844213,2,False,False
ENSG00000117477,CCDC181,0.0,0.15505763654754767,1.0,1.0,0.10224314401434584,0.6873771900271938,0.9994264970432628,0.0,3,False,False
ENSG00000118518,RNF146,0.0,0.10181608391473909,1.0,1.0,0.08016128033310221,0.7528031397294227,0.9994264970432628,0.0,3,False,False
ENSG00000125868,DSTN,0.0,-0.038578079457617584,1.0,1.0,0.10099994016286866,0.707139881599538,0.9994264970432628,0.07743580500704782,3,False,False
ENSG00000130032,PRRG3,0.0,0.14411211511586516,1.0,1.0,0.04629639179031484,0.856318061178943,0.9994264970432628,0.0,1,False,False
ENSG00000132341,RAN,-0.006881023532039754,-0.17846844365184425,1.0,1.0,-0.051395204758250636,0.8484462892158707,0.9994264970432628,0.078379916191114,2,False,False
ENSG00000135541,AHI1,0.0,-0.040499987719770494,1.0,1.0,-0.02037465261939984,0.9363391906633914,0.9994264970432628,0.0,2,False,False
ENSG00000141424,SLC39A6,0.0,-0.10484761250903733,1.0,1.0,-0.009109104183966588,0.9715316949869913,0.9994264970432628,0.0,1,False,False
ENSG00000143164,DCAF6,0.0,-0.2183604138678128,1.0,1.0,-0.10261735331056333,0.7684349404068798,0.9994264970432628,0.4176748284706035,3,False,False
ENSG00000144283,PKP4,0.0,-0.26114151482470904,1.0,1.0,-0.045298937473526715,0.8594466287193345,0.9994264970432628,0.0,1,False,False
ENSG00000151778,SERP2,0.0,-0.025162717352834044,1.0,1.0,0.09608021445822437,0.7064776523703185,0.9994264970432628,0.0,3,False,False
ENSG00000158716,DUSP23,0.0,-0.06739717291881298,1.0,1.0,-0.04894636225138409,0.8481118222249723,0.9994264970432628,0.0,1,False,False
ENSG00000162729,IGSF8,0.0,-0.15592094663508063,1.0,1.0,-0.01426086495191944,0.9555440071745964,0.9994264970432628,0.0,1,False,False
ENSG00000162961,DPY30,0.0,-0.15420443286251412,1.0,1.0,0.07211173783176554,0.836395629120023,0.9994264970432628,0.4154947463091715,3,False,False
ENSG00000163288,GABRB1,0.0,-0.1412274629990583,1.0,1.0,-0.014475259372685133,0.9547431031650654,0.9994264970432628,0.0,3,False,False
ENSG00000163328,GPR155,0.0,0.030951804305538497,1.0,1.0,0.0033386472130667887,0.989521803854382,0.9994264970432628,0.0,2,False,False
ENSG00000164929,BAALC,0.0,-0.1537590671685391,1.0,1.0,0.009613076589322379,0.9787112551188437,0.9994264970432628,0.4333405032344624,2,False,False
ENSG00000166471,TMEM41B,0.0,-0.07086633444075226,1.0,1.0,0.004349189801539795,0.9864105855864523,0.9994264970432628,0.0,2,False,False
ENSG00000166770,ZNF667-AS1,0.0,-0.04457710281138294,1.0,1.0,0.044371952809899695,0.8713685287821835,0.9994264970432628,0.10517828921732128,2,False,False
ENSG00000167555,ZNF528,0.0,0.16263793782804944,1.0,1.0,-0.057541578991762994,0.8827540877168005,0.9994264970432628,0.5247132368338302,3,False,False
ENSG00000174456,C12orf76,0.0,-0.14632857572272148,1.0,1.0,0.003908374157389238,0.9877316918231316,0.9994264970432628,0.0,2,False,False
ENSG00000177600,RPLP2,0.0,0.06502586902511419,1.0,1.0,0.11052904608594025,0.735232168915541,0.9994264970432628,0.3403463509122056,3,False,False
ENSG00000182247,UBE2E2,0.0,0.10469332103031569,1.0,1.0,0.12412047237278284,0.6490921564568095,0.9994264970432628,0.09675982974621,2,False,False
ENSG00000184221,OLIG1,0.0,-0.0431719079327613,1.0,1.0,-0.022109105338348947,0.9311387627945257,0.9994264970432628,0.0,2,False,False
ENSG00000186001,LRCH3,0.0,-0.014074978519000124,1.0,1.0,-0.10546076025430025,0.6797311573773792,0.9994264970432628,0.0,3,False,False
ENSG00000188554,NBR1,0.0,-0.04760254206179226,1.0,1.0,0.0481183000631472,0.8494483980403159,0.9994264970432628,0.0,3,False,False
ENSG00000205364,MT1M,0.0,0.14764137164097152,1.0,1.0,0.00777468820252186,0.9756639278576519,0.9994264970432628,0.0,2,False,False
